ticker,pattern_type,entry_price,stop_price,last_close,pole_gain_pct,pole_len,flag_len,retracement_pct,volume_ratio,breakout,ribbon_width_pct,squeeze_days_ago,expanding,n_contractions,contraction_pcts,first_contraction_pct,final_contraction_pct,volume_dryup_ratio,base_len,extension_pct,risk_pct,is_lre,eps_min_yoy_pct,eps_full_history_available,days_to_earnings,eps_yoy_q1_pct,eps_yoy_q2_pct,eps_yoy_q3_pct,eps_yoy_q4_pct,eps_qoq_q1_pct,eps_qoq_q2_pct,eps_qoq_q3_pct,eps_qoq_q4_pct,revenue_yoy_q1_pct,revenue_yoy_q2_pct,revenue_yoy_q3_pct,revenue_yoy_q4_pct,revenue_qoq_q1_pct,revenue_qoq_q2_pct,revenue_qoq_q3_pct,revenue_qoq_q4_pct,revenue_min_yoy_pct,revenue_full_history_available,passes_growth
GTBP,bull_flag,10.479999542236328,6.329999923706055,6.875,4515.079336264447,5.0,11.0,46.58112268689564,0.1440095592943466,False,,,,,,,,,,-34.398852096390996,7.927273837002841,False,,False,,,,,,,-102.03703703703704,,,,,,,,,,,,False,False
OPTT,bull_flag,2.309999942779541,1.350000023841858,1.3600000143051147,1990.9090588900667,6.0,6.0,43.37899310048325,0.03923018012025291,False,,,,,,,,,,-41.12553904790686,0.7352934086817846,False,,False,74.80138312538195,,,,,-211.30434782608694,,,,-38.01652892561983,22.672064777327925,162.5,25.581395348837212,-0.990099009900991,-57.56302521008403,-5.555555555555558,56.19834710743801,-38.01652892561983,True,False
SWVL,bull_flag,5.989999771118164,3.700000047683716,4.269999980926514,277.39726609015094,15.0,11.0,44.691360393978144,0.041004592324579044,False,,,,,,,,,,-28.714521801568864,13.348944632058712,False,,False,,,,,,,,,,,,,,,,,,,False,False
RFAI,bull_flag,54.70000076293945,25.0,39.400001525878906,220.00000000000003,15.0,14.0,31.818181818181817,0.07185644755843183,False,,,,,,,,,,-27.970747758063396,36.5482258076072,False,,False,,,,,,,,,,,,,,,,,,,False,False
IGR,bull_flag,12.73169280374991,11.649999618530273,11.760000228881836,191.1669203969298,14.0,15.0,13.155791551928278,0.7503417897162006,False,,,,,,,,,,-7.632076816854064,0.9353793215191253,False,,False,,,,,,,,,,,,,,,,,,,False,False
TJGC,bull_flag,36.7599983215332,24.989999771118164,34.79499816894531,186.00407449144544,14.0,3.0,17.502730633561587,0.08415811570698879,False,,,,,,,,,,-5.345484881148203,28.179332989815048,False,,False,,,,,,,,,,,,,,,,,,,False,False
VNCE,bull_flag,12.989999771118164,9.90999984741211,10.140000343322754,121.47117054985577,10.0,3.0,20.130940573370527,0.4914818025736482,False,,,,,,,,,,-21.939949792239954,2.2682493897754266,False,-38.235294117647065,False,68.46766544863426,-13.978494623655912,,,-38.235294117647065,,,-233.33333333333334,-77.41935483870968,11.66969320462583,10.532856920925893,4.699186991869908,6.192460267957389,27.723900991645188,-23.501021419952927,-1.6669407701524808,16.22724976447618,4.699186991869908,True,False
SRZN,bull_flag,37.83000183105469,28.549999237060547,31.979999542236328,98.93679679898912,6.0,3.0,30.62687204844916,0.543413177665029,False,,,,,,,,,,-15.46392282755875,10.725454516175784,False,-116.07843137254903,False,,-116.07843137254903,,,,,,,-427.84313725490193,408.64699898270607,408.64699898270607,-19.389312977099237,-90.16999999999999,0.0,846.9696969696969,-46.28687690742625,0.0,-90.16999999999999,True,False
AOUT,bull_flag,17.68899917602539,16.839000701904297,16.899999618530273,71.15578907637456,15.0,3.0,2.6977395631606433,0.25185705258723584,False,,,,,,,,,,-4.460396824284326,0.360940343212158,False,-3300.0,False,70.80213612891204,,,-3300.0,-33.33333333333333,,,-300.0,,25.425897245976703,-24.027315876142197,-3.297154089394072,-5.035529286757868,-20.83554686669925,-16.821620475113118,-1.0891798807671438,92.57625749107805,-24.027315876142197,True,False
PURR,bull_flag,14.760000228881836,10.545000076293945,11.920000076293945,67.08333405079668,15.0,14.0,30.745334992423917,0.8012414803173089,False,,,,,,,,,,-19.24119314734617,11.535234825497604,False,,False,46.46790921899306,,,,,1306192.0792079207,,,,,,,,425.2,,,,,False,False
GRAL,bull_flag,140.8800048828125,118.44999694824219,136.57000732421875,66.70216757689171,6.0,3.0,13.493018646941305,0.4733002245937256,False,,,,,,,,,,-3.0593394443582773,13.2679280985608,False,,False,41.80172313280092,,,,,,,,,25.723047490434393,28.105663222037247,13.973125588204539,26.322769789194478,9.56724285889421,-6.449985090717247,20.45366635353927,1.8287193337834795,13.973125588204539,True,False
SDGR,bull_flag,31.139999389648438,27.690000534057617,30.329999923706055,63.29788302555015,8.0,5.0,25.29411632709454,0.6433846153846153,False,,,,,,,,,,-2.60115440532617,8.70425122416503,False,,False,34.80117177664352,,,,,,-280.0,,,7.542139191731034,-1.6187805410488476,-1.2251321942547855,53.935959195239434,0.5154727157901995,-32.84002980455093,60.5827994993005,-0.7943899632937068,-1.6187805410488476,True,False
VICR,bull_flag,297.0,266.0,290.67999267578125,60.89550248528634,15.0,4.0,16.01194733161975,0.7603626083378682,False,,,,,,,,,,-2.127948594013047,8.490433912769783,False,142.3076923076923,False,19.467675256122686,633.3333333333334,320.8333333333332,142.3076923076923,,-56.43564356435642,60.31746031746028,-30.76923076923077,1416.6666666666667,20.220713434360626,11.540461285693482,18.522851684090757,11.871316420900602,5.31865304295942,-2.860817039928276,14.968869083564119,2.2113911118678775,11.540461285693482,True,False
AMLX,bull_flag,34.349998474121094,28.709999084472656,29.280000686645508,58.096129657695464,15.0,15.0,41.52611780581078,0.35129605006623993,False,,,,,,,,,,-14.759819542045296,1.9467267377245214,False,,False,35.46880239188658,,,,,,,,,,-100.0,,-100.0,,,,,-100.0,False,False
MTC,bull_flag,6.0,5.010000228881836,5.03000020980835,55.006501789317475,15.0,3.0,44.91724846248199,0.30255642433316693,False,,,,,,,,,,-16.16666316986084,0.39761391833571513,False,,False,,,,,,,,,,,,,,,,,,,False,False
IRD,bull_flag,5.619999885559082,4.599999904632568,4.960000038146973,49.44751432158056,11.0,9.0,45.251394415730616,0.2892752698463338,False,,,,,,,,,,-11.743769766046038,7.258067152130472,False,,False,41.468304291956024,,,,,,,,,-73.8029146426093,-50.64073226544623,-10.1580660158066,-20.37755365916731,-64.99768196569309,-44.191461836998705,25.527768756089642,6.835530881332419,-73.8029146426093,True,False
ANF,bull_flag,150.0,130.80999755859375,133.58999633789062,47.10776346632819,15.0,14.0,43.67556934938817,0.46950490693048647,False,,,,,,,,,,-10.94000244140625,2.0809932296617437,False,-7.547169811320764,True,55.46880111663195,43.29896907216495,-7.547169811320764,1.4084507042253946,-5.600000000000005,183.6734693877551,-59.16666666666668,52.54237288135597,-18.900343642611695,4.809773614880508,1.5045871225204177,5.355800966233559,6.753953378341482,13.724646958532837,-33.29622314501959,29.37993319484682,6.789815979347313,1.5045871225204177,True,False
FEIM,bull_flag,89.58999633789062,81.58000183105469,84.1500015258789,46.69524095281044,10.0,6.0,26.191308469354503,0.8477865474704358,False,,,,,,,,,,-6.0721007192529175,3.05406969485777,False,-251.51515151515147,True,70.80178956760417,485.7142857142856,-251.51515151515147,-90.0,-35.71428571428572,,-412.5,-11.111111111111105,157.1428571428571,,,-100.0,-100.0,,,,,-100.0,False,False
COHU,bull_flag,68.2699966430664,61.7599983215332,65.97000122070312,46.15036489704507,14.0,5.0,13.640836350806133,0.6454895306202842,False,,,,,,,,,,-3.3689695846746055,6.381692922947396,False,,False,28.80194225954861,,,,,,,,,38.37481426448737,29.259171255307503,29.863368819192115,32.41698307146903,19.088228006937392,2.3635768632905174,-3.1833915516162548,17.244613670133724,29.259171255307503,True,False
ALAB,bull_flag,377.8699951171875,342.0,357.8399963378906,43.92175541213022,5.0,5.0,19.34726993268772,0.6734756180293614,False,,,,,,,,,,-5.30076455874329,4.426558378044946,False,-79.67479674796748,False,33.802189661064816,186.20689655172416,144.44444444444446,-79.67479674796748,,88.63636363636363,76.0,-50.0,72.41379310344828,104.45486518171161,93.40010787621831,91.77226852639338,103.8934969845958,27.253446447507955,13.961704911247196,17.351404098449528,20.13807476878988,91.77226852639338,True,False
FOSL,bull_flag,6.380000114440918,5.71999979019165,6.159999847412109,42.76169652934747,8.0,5.0,35.93750155220423,0.6297662110655241,False,,,,,,,,,,-3.448279985620146,7.142858248694736,False,,False,42.801787167175924,,,,,,,,,-4.85507377897163,-3.657203602336978,-18.0463692242971,-6.121208120381216,-6.70623462255463,-19.8781565926623,3.820489191379761,22.602410294571396,-18.0463692242971,True,False
AXTI,bull_flag,82.13999938964844,69.5999984741211,78.18000030517578,42.452324782954534,13.0,6.0,43.366926798488855,0.7798119036032415,False,,,,,,,,,,-4.821036174699204,10.974676128885436,False,,False,28.802063748460647,,,,,,,,,164.76577278290864,39.098987394089676,-8.221469826727745,18.227955170226263,76.75308275144852,16.852567162883545,-17.578250760150237,55.53021030377212,-8.221469826727745,True,False
BAND,bull_flag,65.12999725341797,59.15999984741211,62.279998779296875,41.74691275808129,12.0,3.0,14.662282034915473,0.7193580065058613,False,,,,,,,,,,-4.3758614990138485,5.009632294536775,False,-500.0,False,28.468728109687497,,-137.037037037037,-500.0,,,,,,19.824840307390335,-1.0958760578942628,-1.0253606556531514,3.6929298049561687,0.5373962285956324,8.21959926001199,6.60063439862677,3.3126531642954316,-1.0958760578942628,True,False
VRA,bull_flag,4.409999847412109,4.0,4.269999980926514,41.11842156859977,6.0,5.0,23.199996948242188,0.1200217400392993,False,,,,,,,,,,-3.1746002569081924,6.32318459326851,False,,False,70.46765186365741,,,,,,-269.99999999999983,,,1.1163171413248962,7.832584791698927,-39.162778697512415,-11.67657449314019,28.629133603820335,-34.381773631137506,36.359693508746574,-12.144006322504165,-39.162778697512415,True,False
SEI,bull_flag,72.16899871826172,64.2300033569336,68.33999633789062,40.60649366399034,12.0,7.0,26.99145207414106,0.6922156959489107,False,,,,,,,,,,-5.305605520895496,6.014037461512527,False,,False,32.80116712230324,,,,,,,,,46.068253070874235,26.08044174979536,-2.171723952738991,0.5939269527510893,25.097111416781303,3.9343512323440244,0.23960745649234116,12.075345633962066,-2.171723952738991,True,False
TTRX,bull_flag,13.890000343322754,12.0649995803833,13.40999984741211,39.71044593889581,14.0,4.0,37.63022372602528,0.6114292828685259,False,,,,,,,,,,-3.455727026971543,10.029830591596685,False,,False,42.80103982364583,,,,,,-399.9999999999997,,,,,,,,,,,,False,False
RXT,bull_flag,4.275000095367432,3.759999990463257,3.940000057220459,39.534877826319594,15.0,3.0,36.9747803192846,0.5650555237696865,False,,,,,,,,,,-7.836258027455781,4.56852954677839,False,,False,35.80116833017361,,,,,-1000.0000000000002,,,,0.5703136725198954,1.908626390141266,-0.40840140023337135,-0.6806747558449233,-1.1797669960182833,-0.6883421206795526,1.728247914183556,0.7354044724598552,-0.6806747558449233,True,False
DOCN,bull_flag,151.8300018310547,133.0,135.00999450683594,39.37255634035262,12.0,6.0,31.872132163505185,0.6316748465726627,False,,,,,,,,,,-11.07818423326822,1.4887746008568024,False,-61.53846153846154,True,34.46855296994213,-25.64102564102565,-61.53846153846154,9.523809523809534,357.5757575757575,93.33333333333333,-34.78260869565217,-84.76821192052981,287.1794871794872,28.57064471879287,22.40214899645472,18.282298401854334,15.693960218455905,9.026191814815544,6.400841618878661,5.554926535269167,4.999542752629171,15.693960218455905,True,False
OKTA,bull_flag,212.5,180.5500030517578,204.8800048828125,38.70703726234481,12.0,11.0,11.339600297726754,0.8430382234450231,False,,,,,,,,,,-3.585880055147059,11.875244655998026,False,19.999999999999996,False,61.80138432709491,75.67567567567568,19.999999999999996,133.3333333333334,,54.761904761904766,19.99999999999997,45.83333333333337,-35.13513513513513,10.576923076923084,11.191860465116289,11.58357771260996,11.578947368421044,5.228758169934644,0.5256241787122251,2.5606469002695365,1.9230769230769162,10.576923076923084,True,False
CNH,bull_flag,14.359999656677246,12.949999809265137,13.0600004196167,38.58424714446797,15.0,14.0,24.547799414931877,0.5854770077422015,False,,,,,,,,,,-9.05291969457716,0.8422711088610434,False,-90.0,True,39.46861034375,-35.29411764705883,-90.0,-42.8571428571429,-75.0,1000.0,-87.5,33.33333333333328,-64.70588235294117,3.0340711265854248,-0.06305170239596647,7.7984984257689405,-7.380535401551159,30.69400630914827,-28.780049427095033,20.232306861156136,-7.933349912956977,-7.380535401551159,True,False
DELL,bull_flag,595.510009765625,530.4500122070312,539.5900268554688,38.447064568014696,11.0,8.0,35.465118450768095,0.6267215546395053,False,,,,,,,,,,-9.390267500652875,1.6938813160988404,False,39.02439024390243,True,57.80189294259259,272.94117647058823,282.4817518248175,55.60747663551404,39.02439024390243,20.992366412213737,57.357357357357365,46.05263157894739,34.11764705882352,57.747850617947336,87.53528958850201,39.48017216163136,10.830665681687602,7.13699192555084,31.346055903412328,23.603036474726903,-9.306152606125739,10.830665681687602,True,False
AMD,bull_flag,639.0,596.0700073242188,607.5700073242188,37.94721253811102,14.0,3.0,19.173888660384147,0.7838690156784669,False,,,,,,,,,,-4.918621702000196,1.8927859936086726,False,59.5744680851064,True,33.80213599050926,155.55555555555554,90.90909090909089,206.6666666666666,59.5744680851064,64.28571428571428,-8.695652173913038,22.666666666666657,38.888888888888886,50.11060507482108,37.84619521376713,34.10812222512405,35.5917289925209,12.513410709060757,-0.16553067185978154,11.075059485182791,20.31229668184775,34.10812222512405,True,True
TITN,bull_flag,24.6299991607666,22.520000457763672,23.479999542236328,37.90959771325073,14.0,15.0,28.166909799168383,0.5311688078983676,False,,,,,,,,,,-4.669101330551893,4.0885822111954875,False,-28.57142857142857,False,54.46771935961805,,,,-28.57142857142857,,,-3279.9999999999995,,-9.158056168630335,-12.1067880794702,-15.539246842763921,-5.194579773588459,-4.976635827107034,-18.61132534062493,-0.41504398690478395,17.95009754294268,-15.539246842763921,True,False
FTK,bull_flag,31.889999389648438,28.010000228881836,28.5,37.779720742076584,12.0,7.0,39.372821141844064,0.7544652905747183,False,,,,,,,,,,-10.630289916997736,1.7192974425198742,False,-40.00000000000002,True,33.801723398599535,420.0,-29.41176470588236,-40.00000000000002,562.5,116.6666666666667,33.33333333333337,-83.01886792452831,960.0,70.29477292202229,26.532639716773243,33.02401639182773,12.643239113827342,41.849509642974404,3.7500555399220925,20.502935874783603,-3.974293059125966,12.643239113827342,True,False
FIRY,bull_flag,13.258999824523926,11.614999771118164,12.550000190734863,36.88611075457664,9.0,4.0,42.06799777602112,0.7628321182169594,False,,,,,,,,,,-5.347308569064859,7.450202433518452,False,,False,42.801787750578704,,,,,,,,,22.91584040612358,32.91775129013106,68.87625907377188,11.439504966617807,6.483422092423985,-3.018893072540063,9.633228611090816,8.566669310700403,11.439504966617807,True,False
NRXS,bull_flag,8.050000190734863,7.28000020980835,7.760000228881836,36.20386506262783,10.0,3.0,22.81552442945622,0.44680767724245984,False,,,,,,,,,,-3.6024839128178208,6.18556707365782,False,,False,,,,,,,,,,115.71694445500769,79.5203510280186,27.190162448352197,21.71970748171761,19.952446788727784,66.08182604141813,19.3135686591555,-9.246537805088106,21.71970748171761,True,False
ILMN,bull_flag,278.989990234375,262.8900146484375,272.0,36.0858489006159,10.0,3.0,15.158998789675115,0.6241548447441068,False,,,,,,,,,,-2.5054627330904675,3.34925932042739,False,-77.82805429864254,True,28.801661818599538,-9.395973154362414,6.0975609756097615,86.20689655172397,-77.82805429864254,55.17241379310347,-59.72222222222223,120.40816326530614,-34.228187919463096,9.442870632672328,4.8030739673391,4.98188405797102,0.37037037037037646,6.232813932172321,-5.867126833477132,6.918819188191883,2.3607176581680767,0.37037037037037646,True,False
MRNA,bull_flag,208.9029998779297,189.10000610351562,203.4600067138672,35.50810428788198,7.0,3.0,11.204702994638053,0.7955194509724935,False,,,,,,,,,,-2.6055122076959436,7.057898425485912,False,-1800.0,False,35.46815057255787,,,,-1800.0,,,,,2.1126760563380254,260.18518518518516,-29.81366459627329,-45.43501611170784,-62.724935732647815,-42.62536873156342,-33.26771653543307,615.4929577464789,-45.43501611170784,True,False
NRGV,bull_flag,4.494999885559082,3.940000057220459,3.9700000286102295,35.47400165682686,15.0,4.0,42.241365135635526,0.8265260953045906,False,,,,,,,,,,-11.67964116385186,0.7556667801907433,False,,False,39.80143842267361,,,,,,,,,-10.96504955659885,-72.16294214023736,-99.3114102593554,-86.85884455032758,-74.50330136536105,2691.576313594662,-78.26323422770123,-42.45174752217006,-99.3114102593554,True,False
BFLY,bull_flag,10.050000190734863,8.84000015258789,9.100000381469727,35.47067405909554,7.0,5.0,41.9230766409248,0.8079826425820819,False,,,,,,,,,,-9.452734241149024,2.857145252557052,False,,False,29.46869126384259,,,,,,,,,39.468844887311306,24.994110718492337,40.98514674302076,4.513399153737652,22.924990576705607,-15.812521816393232,46.647121783237935,-8.099901637942096,4.513399153737652,True,False
BALY,bull_flag,14.380000114440918,13.390000343322754,13.960000038146973,35.35645506581593,5.0,3.0,17.98364669459607,0.8417252517575526,False,,,,,,,,,,-2.920723734015593,4.0830923586435715,False,,False,39.802063038437495,,,,,,,,,36.506164224238205,19.960823780029013,6.765627990998246,6.3141692078346745,4.8314062578567185,13.862254337698655,0.9401795192339968,13.296632291747446,6.3141692078346745,True,False
PRE,bull_flag,25.010000228881836,21.549999237060547,22.84000015258789,35.058438425911916,13.0,14.0,43.17461470807732,0.5051448798156075,False,,,,,,,,,,-8.676529613894223,5.647989960197877,False,,False,40.46794420130787,,,,,,,,,,,,,,,,,,False,False
NUAI,bull_flag,7.329999923706055,6.619999885559082,6.760000228881836,35.019459873363544,15.0,3.0,17.77778543071901,0.8495762253827632,False,,,,,,,,,,-7.776257854802629,2.0710109257779004,False,,False,42.80143055679398,,,,,,,,,,,,,-0.8371530720419407,,,,,False,False
SVCO,bull_flag,8.814000129699707,7.909999847412109,8.449999809265137,33.86075646138853,7.0,3.0,25.700945095762943,0.7847878881827107,False,,,,,,,,,,-4.129797085071881,6.390532237183436,False,-222.22222222222223,False,41.80108516304398,,,-222.22222222222223,,,,,,47.79216467463478,25.993471473176278,2.2005711406013706,70.17863652934744,0.28724303013236696,-2.7229892614508033,-2.249357326478152,54.980079681274894,2.2005711406013706,True,False
RBRK,bull_flag,115.30500030517578,105.9000015258789,114.7699966430664,33.37564646240434,8.0,4.0,33.43706355876982,0.6405084537781245,False,,,,,,,,,,-0.46398999236233457,7.728496450839064,False,-107.73286467486818,False,63.80122404401621,,,-107.73286467486818,,,,,,37.888078487058664,38.992606317845734,46.3324292909725,48.263597794883516,10.383705188752357,2.484616769574566,7.858558512248481,13.007809978700058,37.888078487058664,True,False
HUT,bull_flag,110.69000244140625,91.83000183105469,92.86000061035156,33.32473710947548,13.0,6.0,44.83557842176889,0.6204942136217036,False,,,,,,,,,,-16.108050806569455,1.109195318249929,False,-273.758865248227,False,34.468335812534725,-207.62711864406782,,-273.758865248227,4200.0,,,-669.7674418604652,-63.559322033898304,81.43780721082834,225.54205821682328,179.2137313056099,90.94546701726307,5.512764549333249,-19.74936153863539,5.96814752724224,102.2082859149132,81.43780721082834,True,False
INTC,bull_flag,126.93000030517578,113.97000122070312,115.93000030517578,32.974942934838445,13.0,3.0,42.481797165796735,0.8455380730001587,False,,,,,,,,,,-8.666193944341664,1.690674613398712,False,,False,21.801662005659722,,,,,,,-111.11111111111111,,25.421883505715837,7.184021473119118,-4.109396914446006,2.777777777777768,18.789128673491938,-0.7093754570718147,0.1538123489343013,6.174663659693591,-4.109396914446006,True,False
EPRX,bull_flag,8.770000457763672,7.840000152587891,8.305000305175781,32.807568984947586,7.0,12.0,27.884612739438747,0.6710430580441983,False,,,,,,,,,,-5.302167939754755,5.599038356423619,False,,False,33.80183621575231,,,,,,,,,,,,,,,,,,False,False
AEHR,bull_flag,108.4000015258789,92.37999725341797,100.77999877929688,31.899833357690976,12.0,5.0,33.78545253626392,0.7653157322612619,False,,,,,,,,,,-7.029522730000025,8.334988715642364,False,-650.0,False,32.80218790939815,,,-650.0,-450.0,,,,,33.68585421250621,-43.666357131152026,-26.5293986471419,-16.388444241176913,82.63356928148937,4.340348037231889,-9.89151244416082,-22.144935765490803,-43.666357131152026,True,False
P,bull_flag,132.43499755859375,122.30000305175781,130.0500030517578,31.861946176573895,15.0,3.0,0.0,0.6293297633355139,False,,,,,,,,,,-1.800879337639384,5.959246303835629,False,-15.789473684210531,False,61.801337986828706,49.99999999999998,,123.07692307692308,-15.789473684210531,199.99999999999994,-75.86206896551724,81.25000000000003,14.28571428571428,37.73463940850312,35.24936254391542,20.351494927498347,16.049271302606762,12.632016837370452,-0.5672851998719475,9.793115890561799,12.015186956592427,16.049271302606762,True,False
OBIO,bull_flag,6.480000019073486,5.75,6.079999923706055,31.856546451385736,11.0,6.0,33.11257776233935,0.5518034462616822,False,,,,,,,,,,-6.172840959723081,5.427630392220527,False,,False,35.80138715178241,,,,,,-217.8571428571429,,,-89.47368421052632,-87.32718894009217,12120.158102766798,-12.765957446808507,-19.999999999999996,-99.64420868777695,3490.8246225319394,2.9904306220095656,-89.47368421052632,True,False
SMTC,bull_flag,185.0,162.55999755859375,180.10000610351562,31.798590912536007,14.0,5.0,27.983844402425735,0.8492786993092429,False,,,,,,,,,,-2.6486453494510136,9.739038284563104,False,-141.97530864197532,False,53.801118834236114,22.72727272727273,-141.97530864197532,,,,,,-240.9090909090909,16.098779377080596,9.287853154462633,12.81177323131888,19.61647542958831,6.074734091842338,2.7741157226033764,3.7358882371628432,2.660393192511612,9.287853154462633,True,False
NET,bull_flag,364.0,338.6700134277344,352.260009765625,31.561201207007517,15.0,3.0,23.408445511172875,0.8321583993575369,False,,,,,,,,,,-3.2252720424107144,3.8579446889054148,False,,False,28.801439848321756,,,,,,,,,35.86555953747297,33.536288816018796,33.604162227739785,30.6790333006264,8.801181702370432,4.108659461975206,9.337629686829985,9.703190999305122,30.6790333006264,True,False
SILC,bull_flag,53.400001525878906,50.540000915527344,51.369998931884766,30.650471082788002,15.0,3.0,8.91823255098968,0.7436388010360131,False,,,,,,,,,,-3.801502876381667,1.6157251968371207,False,,False,28.4678317,,,,,,,,,,,,,,,,,,False,False
KEEL,bull_flag,4.065999984741211,3.549999952316284,3.5799999237060547,30.61890280388797,15.0,4.0,48.9361842437327,0.5984113078671529,False,,,,,,,,,,-11.952780690088682,0.8379880455057165,False,,False,39.46826601211806,,,,,,,,,,,,,-50.039403690812364,,,,,False,False
FSLY,bull_flag,28.280000686645508,24.139999389648438,25.479999542236328,30.59226581810972,15.0,3.0,40.6400146484375,0.7080850455876626,False,,,,,,,,,,-9.900993905319837,5.25902738093331,False,,False,34.80177546232639,,,,,,,,,23.27229690200323,19.75926464277309,22.78647593168255,15.317843243006868,5.950722744637926,0.2369476050332553,9.094126644040369,6.39772979443074,15.317843243006868,True,False
VGZ,bull_flag,2.799999952316284,2.5999999046325684,2.680000066757202,30.555547277132987,5.0,5.0,33.333345374678494,0.6217107644334728,False,,,,,,,,,,-4.285710271523855,2.985080601935728,False,,False,28.801029836921295,,,,,,,,,,,,,,,,,,False,False
ABSI,bull_flag,10.5,9.25,10.140000343322754,30.289674968217373,7.0,3.0,45.53015266123687,0.6220461722105896,False,,,,,,,,,,-3.428568158830915,8.777123404229705,False,,False,46.80218945396991,,,,,,,,,-46.37436762225969,-81.76420695504665,-2.2556390977443663,-77.77777777777779,47.906976744186046,-66.92307692307693,71.95767195767195,-36.25632377740303,-81.76420695504665,True,False
CRWD,bull_flag,267.69000244140625,230.85000610351562,262.739990234375,29.876311692920687,15.0,8.0,26.27386716593392,0.8256910925324499,False,,,,,,,,,,-1.8491584152884981,12.137468720468544,False,,False,61.80189468222222,,,,,-90.9090909090909,,,,25.83040193267132,25.574252741894842,23.318671601775275,22.180843376117878,6.153739565208283,6.147965144115686,5.763123012953675,5.585515915110295,22.180843376117878,True,False
MGRT,bull_flag,129.75,116.98999786376953,120.0,29.85476160419045,11.0,13.0,13.369366070171735,0.28482036897184165,False,,,,,,,,,,-7.514450867052023,2.5083351135253906,False,,False,,,,,,,,,,,,,,,,,,,False,False
UMC,bull_flag,25.3799991607666,23.420000076293945,24.719999313354492,29.758306474228704,12.0,5.0,39.763120848450654,0.6809065655871124,False,,,,,,,,,,-2.6004722980147417,5.25889673612672,False,,False,27.467693254907406,,,,,,,,,,,,,,,,,,False,False
MOVE,bull_flag,12.039999961853027,10.010000228881836,11.8100004196167,29.56926561971953,13.0,12.0,44.09448434566114,0.3236796107094993,False,,,,,,,,,,-1.9102952073508963,15.241321987974013,False,-195.37444933920702,False,,,,-195.37444933920702,,,,,,,,,,,,,,,False,False
GCTS,bull_flag,2.2699999809265137,2.0899999141693115,2.109999895095825,29.479767909851873,15.0,3.0,29.4117839553643,0.7960144297694174,False,,,,,,,,,,-7.048461990091449,0.9478664417471632,False,,False,41.801736514247686,,,,,,,,,-17.85109983079526,287.0967741935484,-57.535014005602235,-83.52490421455938,-49.427083333333336,153.2981530343008,76.27906976744185,-63.62098138747885,-83.52490421455938,True,False
JILL,bull_flag,25.0,22.860000610351562,24.479999542236328,28.064674234123533,13.0,5.0,29.849184863830843,0.7029216984807168,False,,,,,,,,,,-2.0800018310546875,6.617642819354291,False,-309.0909090909091,True,,60.86956521739133,-59.210526315789465,-309.0909090909091,-25.00000000000001,258.0645161290323,,-138.3333333333333,-13.043478260869556,0.9411917014596982,-5.998233903851647,-3.084981725860003,-0.4342554397248177,7.712020114108897,4.192185622062761,-8.038651179721368,-2.194387804641229,-5.998233903851647,True,False
BE,bull_flag,302.35400390625,251.3000030517578,291.25,27.739553625967606,13.0,6.0,36.432683156936335,0.8448299076558756,False,,,,,,,,,,-3.6725175664262033,13.716737149611053,False,65.44129822818347,False,26.802026160636576,,65.44129822818347,,,-99.76979281353218,,,,133.78948951018285,36.28098998656175,59.520627975487585,21.377789349547417,-3.411645196146307,50.539320633275594,29.545293951384966,24.116243085616198,21.377789349547417,True,False
CPIX,bull_flag,8.0600004196167,7.480000019073486,7.650000095367432,27.344996462004723,11.0,3.0,30.813960902685867,0.6288113930984116,False,,,,,,,,,,-5.086852393349696,2.222223191825727,False,-375.0,False,33.801931271597226,,-375.0,,,,,,,-18.787983755826943,-22.041542535230985,31.077193778317213,-8.732986962330113,-3.614768822503922,-33.24402384416416,64.95482228103404,-23.48358175323646,-22.041542535230985,True,False
MRVL,bull_flag,267.4800109863281,248.13999938964844,263.2699890136719,27.063149351165205,13.0,5.0,25.44736686171597,0.7701696066321343,False,,,,,,,,,,-1.5739576042082037,5.746948097163374,False,-80.0,False,61.80148219520833,50.0,-80.0,95.65217391304337,,725.0,-91.11111111111111,-79.54545454545456,900.0,36.54852699267235,27.568195008705754,22.080994827775946,36.83134357891959,13.297212341798325,8.973723351512142,6.951072547601833,3.409600717810668,22.080994827775946,True,False
DBI,bull_flag,6.586623836064718,5.800000190734863,6.300000190734863,26.79611003448541,6.0,11.0,49.49263359928661,0.7354882594688364,False,,,,,,,,,,-4.35160185952114,7.936507696227189,False,45.83333333333333,False,68.46856018657407,47.61904761904763,,,45.83333333333333,1450.0,,-202.85714285714283,66.66666666666666,-1.2292390232036432,1.3744178632104198,0.002382380474563739,-3.1887791207858007,4.957851655058509,-2.4158163873041816,-5.159680015310785,1.6812843763936325,-3.1887791207858007,True,False
MRVI,bull_flag,7.760000228881836,6.485000133514404,7.650000095367432,26.584511875302375,15.0,15.0,46.68872959232008,0.44460822393495064,False,,,,,,,,,,-1.417527451932235,15.228757481434673,False,,False,35.80148288622685,,,,,,,,,8.534295419541316,40.52721451440768,-11.832101559461083,-39.688518652662076,-21.864605009341254,32.02783459671921,19.783809752582272,-12.167436757600692,-39.688518652662076,True,False
CTKB,bull_flag,5.855000019073486,5.53000020980835,5.760000228881836,26.490060787787574,10.0,3.0,16.666653421187945,0.6534012270445578,False,,,,,,,,,,-1.6225412447852299,3.9930557280226924,False,,False,34.80189487481482,,,,,,,-100.0,,5.56554537081706,6.459705236751323,8.116431206068619,1.5398058252427127,9.074430723915249,-28.97603836436491,18.83234849788691,14.67260207885619,1.5398058252427127,True,False
GLSI,bull_flag,20.308000564575195,17.1200008392334,18.3799991607666,26.347306111123547,7.0,7.0,47.2221947947204,0.7418060629366148,False,,,,,,,,,,-9.493802197207708,6.855268656501128,False,,False,42.80172298241898,,,,,,,,,,,,,,,,,,False,False
ACMR,bull_flag,78.75,73.47000122070312,75.61000061035156,26.165154678698844,6.0,4.0,43.03644438282962,0.6492059222062809,False,,,,,,,,,,-3.987300812251984,2.830312620517895,False,-76.59574468085104,True,34.46885421553241,179.54545454545453,-19.999999999999996,-76.59574468085104,15.555555555555568,412.5,118.18181818181799,-78.84615384615384,18.181818181818187,36.006073212859604,34.18452308424285,9.378845577278483,31.956700788328043,26.660555298512946,-5.38681831199116,-9.187843661762518,24.974462789963404,9.378845577278483,True,False
RSKD,bull_flag,8.170000076293945,7.573999881744385,7.710000038146973,26.15629779066211,6.0,3.0,20.487804452554553,0.8468880182617362,False,,,,,,,,,,-5.630355371497582,1.7639449510985252,False,,False,41.4678394634375,,,,,,,,,,,,,,,,,,False,False
BRUN,bull_flag,17.200000762939453,15.800999641418457,16.649999618530273,25.939576543293864,5.0,5.0,36.61932794146174,0.44014874655382447,False,,,,,,,,,,-3.1976809303070364,5.099099078458473,False,,False,46.468686063877314,,,,,,,,,,,,,269.6782619019352,,,,,False,False
RVTY,bull_flag,153.05999755859375,147.02999877929688,152.77000427246094,24.590697564094732,10.0,3.0,12.273016459385133,0.6775274666197486,False,,,,,,,,,,-0.18946379900587584,3.7572856795414675,False,-48.051948051948045,True,25.467832355578704,2.1739130434782483,2.857142857142869,11.688311688311636,-48.051948051948045,30.555555555555557,-58.13953488372092,114.99999999999994,-13.043478260869568,1.3055961259725413,6.973322783191582,5.852157746664255,2.178206531988214,2.611380952247022,-7.892950770410434,10.459561427228593,-2.962026089709058,1.3055961259725413,True,False
OABI,bull_flag,4.994999885559082,4.550000190734863,4.739999771118164,24.556962453178667,8.0,5.0,38.144316973804685,0.7577777966952984,False,,,,,,,,,,-5.105107513178176,4.00843015944872,False,,False,34.80138724795139,,,,,,,,,244.23915832691816,247.30380356283098,-22.473158089596446,-46.332694151486095,-7.014625355236714,72.24212034383955,274.09557838320677,-42.54554785732615,-46.332694151486095,True,False
CMDB,bull_flag,24.760000228881836,21.59000015258789,22.3700008392334,24.423479381791125,13.0,15.0,46.13733238047759,0.7397748101597277,False,,,,,,,,,,-9.65266303536044,3.486815634255639,False,,False,43.46863630206018,,,,,,,,,,,,,,,,,,False,False
CRSR,bull_flag,13.960000038146973,12.670000076293945,13.460000038146973,24.10632585906738,15.0,12.0,33.07984211795464,0.8410973529416718,False,,,,,,,,,,-3.5816618813302608,5.869241899064556,False,2199.9999999999723,False,33.80190343052083,,,2199.9999999999723,,-45.45454545454546,-52.17391304347826,,,-1.8046808616984045,-4.121162947937796,5.616708935431536,13.663424271611667,-11.333043733357407,-18.849046022135497,26.3452133397732,8.013132903483777,-4.121162947937796,True,False
QRVO,bull_flag,119.63999938964844,114.44000244140625,116.75,24.056010835006347,15.0,4.0,22.207826859093704,0.7540988960742047,False,,,,,,,,,,-2.4155795757204657,1.9785846326284797,False,-3.0303030303029277,False,39.80121911409722,-3.0303030303029277,306.9767441860465,,,-81.7142857142857,36.71875,374.074074074074,-18.181818181818166,-7.038393327460046,8.364135992238486,1.1460962113082562,-7.657067841397769,-18.59915666205755,-6.1921411654005665,29.27838803680607,-5.8306516353565545,-7.657067841397769,True,False
S,bull_flag,24.398000717163086,21.790000915527344,23.309999465942383,24.034997441816543,11.0,4.0,49.46465585018941,0.8335510793050328,False,,,,,,,,,,-4.459386913843866,6.520800451479496,False,,False,63.801165683506945,,,,,,,,,20.5621368964791,20.79561976867559,20.234035854754097,22.912631498993584,5.538988711653792,2.029850305915848,4.727456713258893,6.9079993228261305,20.234035854754097,True,False
TSEM,bull_flag,237.5500030517578,217.19000244140625,234.42999267578125,23.801803398577583,6.0,5.0,42.69069207270951,0.565989927142927,False,,,,,,,,,,-1.3134120546808703,7.354003656954449,False,,False,39.467690625833335,,,,,,,,,,,,,,,,,,False,False
AMBQ,bull_flag,70.87999725341797,63.314998626708984,64.80999755859375,23.57883258940825,15.0,4.0,44.08642329146228,0.6170660279569676,False,,,,,,,,,,-8.563769652984167,2.306741225430782,False,,False,35.46885640931713,,,,,,-101.47058823529412,,,89.67716667599173,59.2931604373252,2.358630218099278,-10.305155046415171,35.27932960893854,20.80601619745468,14.197632810349582,1.633749230683157,-10.305155046415171,True,False
OSUR,bull_flag,4.119999885559082,3.7799999713897705,3.819999933242798,23.529411330507056,9.0,4.0,27.631584313437617,0.8486165377561598,False,,,,,,,,,,-7.281552442945623,1.0471194385354707,False,,False,34.80133683931713,,,,,,,,,-1.9300941040906516,-6.702081454010889,-28.527173187341436,-32.14330452210948,9.718889883616821,4.3418151926166715,-1.1888499169281919,-13.305806286409316,-32.14330452210948,True,False
ASTC,bull_flag,7.699999809265137,6.789999961853027,7.53000020980835,23.460895070122834,5.0,4.0,44.680864015496866,0.7482876712328768,False,,,,,,,,,,-2.2077870606208667,9.827360256795483,False,327.27272727272714,False,,327.27272727272714,,,,,,-316.6666666666667,-45.45454545454546,,,,,-2.985074626865669,13.559322033898313,-42.43902439024391,,,False,False
DSP,bull_flag,12.729999542236328,12.0,12.170000076293945,23.153688511327776,5.0,3.0,14.655180918618685,0.3472391407156881,False,,,,,,,,,,-4.399053307774162,1.3968781859343617,False,-250.0,False,39.80184250027778,-250.0,,218.18181818181813,-33.333333333333336,,-108.57142857142857,483.3333333333333,200.0,33.91134574133303,25.333371082358937,22.286628023186083,7.08190485723581,17.75057037656147,-19.601540082089286,28.67659087191232,9.927684225399158,7.08190485723581,True,False
QLYS,bull_flag,190.0,168.05999755859375,178.35000610351562,22.963797436222876,8.0,4.0,48.478697161847094,0.5748928924530374,False,,,,,,,,,,-6.131575734991776,5.769558840917269,False,10.077519379844958,True,33.80122224896991,16.279069767441868,10.077519379844958,23.529411764705888,12.096774193548377,5.633802816901423,-3.4013605442177353,5.7553956834532904,7.751937984496116,11.040338408650396,9.843088449583792,10.107983491529037,10.408339669974719,3.721859734226074,0.2031012882098615,3.1786769640103074,3.5474393826724127,9.843088449583792,True,False
HPE,bull_flag,65.6500015258789,60.68000030517578,61.4900016784668,22.864481435173722,15.0,3.0,24.025523906152884,0.4721894596652939,False,,,,,,,,,,-6.336633283659952,1.3172895611981585,False,-87.25490196078431,False,63.80166180930555,404.7619047619048,,-29.54545454545454,-87.25490196078431,140.9090909090909,41.93548387096775,138.46153846153854,-38.095238095238116,32.95819935691318,39.10428662827896,18.10945273631841,14.328703703703694,14.110937356268982,14.479780960404387,-3.867179591010328,5.873526259378359,14.328703703703694,True,False
PBR,bull_flag,21.43000030517578,20.200000762939453,20.649999618530273,22.57882982659345,13.0,10.0,39.15210985566461,0.7792301576902263,False,,,,,,,,,,-3.6397605018098007,2.179171253770939,False,,False,40.8013371440625,,,,,,,,,,,,,,,,,,False,False
ATRC,bull_flag,61.70000076293945,56.59000015258789,58.04999923706055,22.56745978894088,15.0,4.0,30.52535011247136,0.7421188785946337,False,,,,,,,,,,-5.915723631678309,2.5150716686668915,False,,False,26.802061797488427,,,,,,-100.0,,,12.82879997649462,14.260637437307878,13.053903779460407,15.839013027348802,8.746964580280213,0.533096085409257,4.640684000029793,-1.3735961039819555,12.82879997649462,True,False
HBIO,bull_flag,8.1899995803833,7.869999885559082,7.960000038146973,22.307689373309803,15.0,15.0,5.517236843403368,0.7877815960290186,False,,,,,,,,,,-2.8082973628866035,1.130655177846481,False,106799.99999999991,False,35.46833268476852,,,106799.99999999991,,,-107.20299345182414,,,11.134474327628352,-4.679893450904748,-3.3433784003909395,-6.276741010468823,9.501324981932058,-12.555298082999789,15.268806760235055,0.6894865525672422,-6.276741010468823,True,False
ADPT,bull_flag,29.959999084472656,28.06999969482422,28.770000457763672,22.190077531355,9.0,3.0,27.932966449837433,0.798147570497116,False,,,,,,,,,,-3.971958154450425,2.433092637475283,False,,False,34.80218817357639,,,,,,,-233.33333333333331,,21.525501452130634,35.14482390404821,51.03773783686971,102.37536341121998,0.9580382086519679,-1.1258213473584355,-23.721707298905002,59.60359381103619,21.525501452130634,True,False
FTRE,bull_flag,20.969999313354492,19.25,19.739999771118164,21.679566355962354,9.0,5.0,32.417596237282595,0.6443467678749049,False,,,,,,,,,,-5.865520183651212,2.482268372845114,False,,False,35.46839973616898,,,,,,,,,-4.519217232155426,-2.2723783202825087,-5.236728837876614,3.9116906208327196,6.551453260015716,-3.6336109008327067,-5.8177670041351774,-1.2670702520061972,-5.236728837876614,True,False
PDEX,bull_flag,74.19999694824219,68.58000183105469,70.0199966430664,21.239978052741115,6.0,7.0,31.235250315815442,0.8035494640660692,False,,,,,,,,,,-5.633423823577133,2.056547959224033,False,8.196721311475418,True,28.80133666037037,160.60606060606065,22.44897959183674,8.196721311475418,86.66666666666664,-28.3333333333333,81.81818181818181,-52.85714285714285,324.24242424242414,16.645707099577002,14.557252785115416,11.135592211040324,24.220687805859086,2.2908416461977943,6.89063923270643,0.7177549919050286,5.9220304104264265,11.135592211040324,True,False
TNK,bull_flag,103.16000366210938,92.54000091552734,96.80999755859375,21.189910492160145,11.0,12.0,47.022113553747616,0.7538533147150741,False,,,,,,,,,,-6.155492320758786,4.4106980175079675,False,,False,34.801030013159725,,,,,,,,,,,,,,,,,,False,False
TER,bull_flag,415.6099853515625,376.0199890136719,403.0199890136719,21.108744731963537,6.0,5.0,32.62342295814581,0.5880963910582061,False,,,,,,,,,,-3.029281485439,6.6994195662796425,False,-15.73033707865169,True,20.801083645057872,385.71428571428567,314.75409836065575,82.02247191011234,-15.73033707865169,-5.928853754940711,56.17283950617282,116.00000000000001,53.06122448979591,,,,,7.575783454696938,4.6785914362566405,-27.769080543721415,,,False,False
MPWR,bull_flag,1377.1400146484375,1302.0999755859375,1355.989990234375,20.846247774342473,5.0,5.0,32.96943578367479,0.5693895548224842,False,,,,,,,,,,-1.5357933245053352,3.9742192078514473,False,-88.11447811447812,True,28.801483773877315,85.76512455516013,39.5017793594306,-88.11447811447812,25.762711864406775,33.16326530612243,11.048158640226657,-4.85175202156336,32.02846975088966,47.55948923671405,26.135982206997376,20.829546459910087,18.876538212826887,21.942339138382327,7.059794583008827,1.8962907094099535,10.924592295214675,18.876538212826887,True,False
OMER,bull_flag,20.6200008392334,19.0,19.25,20.79207733815447,6.0,4.0,48.73949355348163,0.4385670012800647,False,,,,,,,,,,-6.644038717140671,1.2987012987012987,False,,False,42.80138380070602,,,,,-75.80645161290323,-56.64335664335665,,,-4.916011198506864,-65.6767165111196,-100.0,-100.0,188.37561912463357,,,-100.0,-100.0,True,False
A,bull_flag,177.0500030517578,169.42999267578125,175.02999877929688,20.76579250604935,10.0,3.0,11.47376689787599,0.8443527378247099,False,,,,,,,,,,-1.1409230373582206,3.19945503203535,False,-3.603603603603611,True,55.80218748237268,8.47457627118644,59.999999999999986,-3.603603603603611,24.39024390243909,6.666666666666665,12.149532710280365,-30.065359477124186,29.661016949152575,8.055235903337167,10.011990407673865,6.960142772159439,9.406231628453842,2.3433242506812,2.057842046718572,-3.3852767329392797,7.077100115074808,6.960142772159439,True,False
MRAM,bull_flag,19.299999237060547,17.559999465942383,18.6299991607666,20.729227914696825,5.0,3.0,10.42344710227338,0.8379975610518746,False,,,,,,,,,,-3.47150312320939,5.743423204642751,False,-100.0,False,41.80148314380787,,,-28.57142857142856,-100.0,,-120.0,,,41.9286417695629,13.19835591414218,11.779808200558794,16.265608203092707,25.98171059709522,0.4661217320813371,5.284495021337121,6.507082796757824,11.779808200558794,True,False
CBRL,bull_flag,55.619998931884766,50.189998626708984,52.47999954223633,19.94446711805191,6.0,3.0,19.14155139597138,0.6666256763403837,False,,,,,,,,,,-5.645450287573449,4.3635688557587216,False,-600.0,True,69.46863867435185,86.20689655172413,239.28571428571422,-93.93939393939394,-600.0,-71.57894736842105,3066.666666666667,,-479.3103448275862,-2.1505537384981066,-2.8959492027615052,-7.859588662357453,-5.668160394940647,6.51832844850615,-8.853280171738776,9.737853555246701,-8.159016784388184,-7.859588662357453,True,False
PANW,bull_flag,396.29998779296875,367.2699890136719,388.4100036621094,19.733309376118633,14.0,4.0,40.15737132542475,0.6857920283135028,False,,,,,,,,,,-1.9909120297478247,5.442706019185822,False,-227.77777777777771,True,49.80133712743056,-227.77777777777771,-159.45945945945948,60.52631578947367,-4.081632653061229,,-136.0655737704918,29.78723404255319,30.555555555555515,34.43721663709836,31.14897335080822,14.931324767390342,15.661524076671341,13.590939373750842,15.728604471858132,4.850444624090544,-2.464025231618372,14.931324767390342,True,False
STX,bull_flag,944.4299926757812,870.3800048828125,913.4500122070312,19.700437040722797,6.0,4.0,34.71376844926725,0.6401513515847655,False,,,,,,,,,,-3.28028342058227,4.715091876801797,False,67.74193548387098,True,26.80108490115741,150.00000000000006,108.28025477707004,67.74193548387098,72.3404255319149,71.25382262996939,25.769230769230766,6.995884773662553,8.482142857142904,48.48608837970541,44.07407407407406,21.505376344086024,21.26383763837638,16.613110539845756,10.159292035398227,7.455306200076084,7.569558101472995,21.26383763837638,True,True
AMKR,bull_flag,55.130001068115234,51.54999923706055,54.13999938964844,19.594269513384987,14.0,5.0,33.98927585583311,0.6656016176028766,False,,,,,,,,,,-1.7957584968003388,4.783893944932513,False,-18.518518518518523,True,25.802134988020832,266.6666666666667,58.13953488372094,4.081632653061229,-18.518518518518523,-51.470588235294116,33.33333333333333,131.81818181818184,144.44444444444446,27.476760683275646,15.893753552535795,6.735052688858811,3.415592750880281,-10.770129541335328,-4.978540167732948,31.46609218521734,14.362938160906502,3.415592750880281,True,False
GSIT,bull_flag,5.829999923706055,5.389999866485596,5.460000038146973,19.591837131892675,5.0,5.0,48.95835920340382,0.463198533903482,False,,,,,,,,,,-6.3464818250611215,1.2820544170753114,False,,False,28.801712097175926,,,,,,,,,0.46156294763648464,7.4111847696753275,12.22755818248984,41.62637362637363,-0.11077702168064141,3.999341672152723,-5.710738671632532,2.562470157568031,0.46156294763648464,True,False
MASS,bull_flag,11.859999656677246,10.779999732971191,11.850000381469727,19.57219089886708,8.0,5.0,21.85795567655118,0.7896181001283696,True,,,,,,,,,,-0.08431092324602121,9.029541046865566,True,-126.01626016260164,False,40.46819335157407,,-126.01626016260164,,,,-455.55555555555543,,,23.314154200230153,13.619767343126444,-33.734939759036145,-3.5401887182312852,20.125551154622222,-23.009205983889526,24.098536237058198,7.4415036440352855,-33.734939759036145,True,False
BBY,bull_flag,96.52999877929688,87.41999816894531,88.75,19.54452594005982,15.0,5.0,47.7349435064673,0.7976787337642122,False,,,,,,,,,,-8.059669406072217,1.498593612455986,False,-47.61904761904761,True,54.468708687847226,70.11494252873563,37.89473684210527,365.45454545454527,-47.61904761904761,12.977099236641209,-48.828125,287.8787878787879,-24.13793103448275,3.6130536130536184,1.9276833580472275,-0.9607112130771478,2.4033880359978887,9.433751119068944,-35.31200231649052,42.82464846980976,2.4793388429751984,-0.9607112130771478,True,False
ALNT,bull_flag,117.52999877929688,110.02999877929688,112.0999984741211,19.51581778919136,10.0,3.0,13.76495733059151,0.817839692806205,False,,,,,,,,,,-4.62009730415507,1.8465653193582243,False,52.380952380952394,True,34.80218889998843,79.41176470588233,52.380952380952394,123.52941176470584,200.0,90.625,-15.789473684210531,-2.564102564102566,14.705882352941169,10.167791485764234,4.60230567080564,17.493648061634293,10.805587279276118,10.69358960515423,-3.0965302677288364,3.3234109108207344,-0.5982318130364428,4.60230567080564,True,False
PSNL,bull_flag,16.825000762939453,15.914999961853027,16.350000381469727,19.510438957258437,15.0,15.0,25.27676789573349,0.5030181706498436,False,,,,,,,,,,-2.823181931236599,2.6605529631039455,False,,False,33.801269280844906,,,,,,,,,29.95989071673546,-24.91142926474157,3.2440476190476186,-43.61896612081372,44.49974146845914,-10.79850100893629,19.6619523973784,-15.741440446433764,-43.61896612081372,True,False
AMRX,bull_flag,20.780000686645508,18.735000610351562,20.200000762939453,19.502067839424097,7.0,6.0,43.31305977655607,0.8438580728066739,False,,,,,,,,,,-2.791144872669797,7.252475728989564,False,157.1428571428571,False,28.46880217443287,157.1428571428571,375.0,,,-5.263157894736848,90.00000000000001,899.9999999999998,-85.71428571428572,9.894852782854024,3.8967818009260524,11.471449026581148,11.679535580268418,10.197378892458197,-11.27322339279816,3.7992996929305134,8.282172177532887,3.8967818009260524,True,False
NEWP,bull_flag,6.769999980926514,6.150000095367432,6.389999866485596,19.459457416037562,6.0,3.0,44.444449350176875,0.6213929578637981,False,,,,,,,,,,-5.613000229121312,3.755865041201641,False,,False,43.80143177556713,,,,,,,,,,,,,,,,,,False,False
CVI,bull_flag,54.11000061035156,49.7599983215332,50.56999969482422,19.43820567613237,10.0,6.0,39.19078157620618,0.8492569443962716,False,,,,,,,,,,-6.542230411378188,1.6017428874414614,False,-489.2857142857145,False,27.801893880810187,,,-489.2857142857145,,,,-129.30107526881721,,,,,,,,,,,False,False
NBIS,bull_flag,246.97500610351562,228.3800048828125,237.35499572753906,19.300308734600847,15.0,3.0,38.33458004240231,0.7648164263218962,False,,,,,,,,,,-3.895135191106945,3.781252135526567,False,,False,40.46810070784722,,,,,,,,,,,,,,,,,,False,False
VBNK,bull_flag,24.040000915527344,21.90999984741211,22.170000076293945,19.272347256726817,7.0,12.0,19.42546808309672,0.8326567433468652,False,,,,,,,,,,-7.778705357808752,1.1727570049034433,False,,False,69.46769618587963,,,,,,,,,,,,,,,,,,False,False
MTSI,bull_flag,289.260009765625,274.4800109863281,284.2699890136719,18.913282800984433,8.0,3.0,23.08029515584029,0.6345608049997133,False,,,,,,,,,,-1.7250987289934496,3.4439013633876434,False,42.85714285714286,False,35.468106854270836,166.66666666666669,42.85714285714286,,67.49999999999999,113.33333333333333,-6.25,-4.477611940298498,39.58333333333333,35.7657718413672,22.49721264842912,24.522973381868862,30.123063125903048,18.43954941080792,6.385211257234591,3.9981621166290227,3.6064091019085254,22.49721264842912,True,False
JWEL,bull_flag,2.75,2.374000072479248,2.5399999618530273,18.90547842009378,11.0,3.0,4.2105335806193365,0.48334566987416727,False,,,,,,,,,,-7.636365023526278,6.5354288136554155,False,,False,,,,,,,,,,,,,,,,,,,False,False
RKLB,bull_flag,75.31999969482422,69.4000015258789,69.69999694824219,18.802455936120932,10.0,3.0,36.13732646404132,0.8395971865996223,False,,,,,,,,,,-7.46150128697919,0.43040952008369787,False,,False,39.80121859319444,,,,,,,,,61.98563301914213,63.45731791888652,35.70112094751789,47.965804137088774,16.829716293649042,11.520049874201232,15.844725303069374,7.323284751346049,35.70112094751789,True,False
AGCC,bull_flag,15.5,13.880000114440918,14.5,18.779908317979356,5.0,3.0,43.09979318837757,0.6988934187536401,False,,,,,,,,,,-6.451612903225806,4.275861279717807,False,,False,,,,,,,,,,,,,,,,,,,False,False
SENS,bull_flag,10.420000076293945,9.770000457763672,10.050000190734863,18.71412293113717,9.0,3.0,34.96930397576848,0.7083587305457353,False,,,,,,,,,,-3.5508625993281075,2.7860669418625914,False,-166.19718309859155,False,34.80116663972222,,,-166.19718309859155,,,,,,117.82222890660248,87.16637366149914,71.8211401711462,89.88974900304949,23.670053795576806,-17.852132435465773,76.10870907967882,21.74763122274026,71.8211401711462,True,False
UCTT,bull_flag,82.04000091552734,74.23999786376953,80.45999908447266,18.706804163720637,15.0,4.0,25.041075331186498,0.8279302490571674,False,,,,,,,,,,-1.9258920202616034,7.730550946406205,False,-119.4444444444444,False,33.801018194027776,,,-119.4444444444444,,,,,,-21.30135778522306,-31.32871536523929,-30.63403416557161,-23.098741357915266,2.31545162769371,3.2914989344068113,-2.65099124020286,-23.505554575912534,-31.32871536523929,True,False
MU,bull_flag,1108.719970703125,1032.0,1065.0799560546875,18.628183005458364,6.0,5.0,37.2741720558064,0.814849701281844,False,,,,,,,,,,-3.936071848761053,3.1058659837354954,False,175.44910179640718,True,,1368.452380952381,756.0283687943263,175.44910179640718,249.3827160493827,104.39105219552611,162.3913043478261,62.544169611307396,68.45238095238095,345.7155144608107,196.28709797590963,56.65403605465611,46.0,73.74685666387259,74.888221065748,20.574458683163943,21.65358563595312,46.0,True,True
AIP,bull_flag,24.979999542236328,22.540000915527344,23.260000228881836,18.520336672735425,7.0,3.0,43.6507756297403,0.7270367606502061,False,,,,,,,,,,-6.8855057841226435,3.0954398377884464,False,,False,33.80218920224537,,,,,,,,,46.248939522482125,38.736994918945065,30.008393053134476,18.317134506898668,5.223229856993372,13.89978646273029,15.676700367647056,5.490243606835543,18.317134506898668,True,False
NTRA,bull_flag,421.6400146484375,406.2950134277344,414.5199890136719,18.373201158243457,6.0,3.0,3.932221650401851,0.8324259979011576,False,,,,,,,,,,-1.6886503622532807,1.9842168783002212,False,,False,35.80143091359953,,,,,,-266.6666666666667,,,37.71496523966338,38.820716178785645,39.7930097193427,34.66110906453095,8.053754859009764,4.6797896318557575,12.38080120503291,8.33937065495791,34.66110906453095,True,False
HYLN,bull_flag,4.355000019073486,3.9200000762939453,4.010000228881836,17.97752462843871,15.0,3.0,43.74996740370309,0.8473132080180397,False,,,,,,,,,,-7.92192396511282,2.244392704510808,False,,False,40.801662117141205,,,,,,,,,226.3366336633663,479.14110429447857,-52.81643472498343,,74.57627118644068,297.75280898876406,-6.192358366271411,-49.9009900990099,-52.81643472498343,False,False
GNRC,bull_flag,212.41000366210938,193.9600067138672,212.22000122070312,17.791235563518605,5.0,5.0,39.209992596008114,0.39264684483678514,True,,,,,,,,,,-0.08945079710487452,8.604275940911918,True,-119.1588785046729,True,27.468388774641202,92.0,69.86301369863016,-119.1588785046729,-40.74074074074073,93.54838709677418,,-136.60714285714286,-10.399999999999988,10.586532399646043,12.444685979826374,-11.604865885272197,-5.0453192542709635,10.77485097204458,-2.9444692827511387,-2.0504274677772716,5.011831291716962,-11.604865885272197,True,False
BRKR,bull_flag,65.26000213623047,59.16999816894531,64.51000213623047,17.718442899485765,5.0,8.0,40.37695315642952,0.7981366001581102,False,,,,,,,,,,-1.1492491195975945,8.277792265466495,False,-919.9999999999999,True,33.46869162998842,-919.9999999999999,-81.81818181818181,11.111111111111116,-251.85185185185182,-2150.0,-80.0,,-919.9999999999999,5.1542513167795345,2.7451959071624676,-0.24499795835034588,-0.45118000925497004,1.8338596065095913,-15.738845681539093,13.561882626380006,7.913217958364682,-0.45118000925497004,True,False
ENTG,bull_flag,156.64999389648438,143.80999755859375,154.77000427246094,17.577027378555087,6.0,5.0,32.31520245761785,0.7417388142795465,False,,,,,,,,,,-1.2001210962483346,7.0814798806704955,False,-50.74626865671641,True,34.468497721550925,74.28571428571429,46.34146341463414,-50.74626865671641,-9.80392156862745,1.6666666666666607,81.81818181818177,-28.260869565217384,31.428571428571452,11.45885916203937,5.005173305742372,-3.0486886449645145,-0.07428500680946026,8.78186968838528,-1.4564874377958503,2.0815264527320076,1.8551236749116518,-3.0486886449645145,True,False
PRLB,bull_flag,98.5,92.38999938964844,95.45999908447266,17.549633993550763,7.0,3.0,4.178686073611539,0.8309497911882797,False,,,,,,,,,,-3.0862953457130393,3.2160064155328274,False,3.4482758620689724,False,29.467944017222223,105.55555555555559,120.00000000000001,,3.4482758620689724,12.12121212121211,32.00000000000001,-16.666666666666664,66.66666666666667,10.571362993565959,10.40450061408027,12.10924024640656,7.7591765576863425,7.180484584027091,2.082890697691453,0.8325576584962358,0.22433975255991,7.7591765576863425,True,False
BBCP,bull_flag,10.360713919298393,9.529999732971191,9.699999809265137,17.454957026338192,6.0,12.0,49.79887549860232,0.5321147008811254,False,,,,,,,,,,-6.377109870803172,1.7525781405847713,False,-43.750000000000014,False,104.80204879755789,28.57142857142856,,,-43.750000000000014,125.0,,-166.66666666666669,28.571428571428537,13.135228708886038,14.391858581590245,4.644486594555808,-3.152305944124445,9.30891180544866,19.354088081124775,-17.411445795318915,4.998991068299374,-3.152305944124445,True,False
OPTX,bull_flag,7.760000228881836,6.822000026702881,7.409999847412109,17.440002441406243,5.0,5.0,47.522940676216244,0.4778660612939841,False,,,,,,,,,,-4.510314061165424,7.9352204158895265,False,,False,,,,,,,,,,26.136363463123068,-7.860697390113113,2.507485305964008,-11.646245306752622,27.028912546907378,-13.216077027495887,7.98604936246623,5.9572784629210895,-11.646245306752622,True,False
CRDO,bull_flag,214.8699951171875,187.0,192.35000610351562,17.3405118537757,14.0,4.0,23.979045657076085,0.7789798479948072,False,,,,,,,,,,-10.480750930994224,2.7813911794920614,False,97.05882352941175,False,60.801928503460644,97.05882352941175,313.63636363636357,412.5,,-26.373626373626347,10.975609756097526,86.36363636363636,29.411764705882337,114.14189837008628,151.11506967389744,192.38947716268444,248.83905562641536,11.418685912911354,7.368578813401072,51.85485044417166,17.879352960320883,114.14189837008628,True,False
KOPN,bull_flag,5.099999904632568,4.710000038146973,4.75,17.339667754368836,14.0,5.0,31.50685110466183,0.7893441940112002,False,,,,,,,,,,-6.86274335641942,0.8421044600637336,False,99.99999999999983,False,40.80153790715278,,,99.99999999999983,,,-150.0,100.0,,45.01953893466541,-3.089757431538087,-43.15579459936415,-9.571949001541768,19.622335454911966,26.16128354069207,-31.082190649676377,39.43014524805024,-43.15579459936415,True,False
DE,bull_flag,721.219970703125,665.4500122070312,680.5,17.239890247514932,13.0,15.0,15.264707281172754,0.8192825402104524,False,,,,,,,,,,-5.645984908519195,2.2116073171151727,False,-24.13793103448276,True,55.46855975815973,7.36842105263158,-1.3554216867469826,-24.13793103448276,-14.22319474835887,-22.137404580152676,170.6611570247934,-38.26530612244898,-17.47368421052632,4.909302712597774,4.748099976494546,12.964268923366241,11.225771715721455,-5.6922731692722,39.1010300697118,-22.460669624848727,3.1369612248294265,4.748099976494546,True,False
RCEL,bull_flag,12.229999542236328,11.34000015258789,11.960000038146973,17.20647560297457,9.0,3.0,14.11763517914213,0.8477707746069955,False,,,,,,,,,,-2.207682045750792,5.183945514896018,False,,False,35.80122395387732,,,,,,,,,17.90299572039944,4.0327421555252485,-4.288381287063469,-12.875116015262456,12.72031053294167,9.368366703000408,3.1603243179262552,-7.2917809722374605,-12.875116015262456,True,False
SITM,bull_flag,672.8099975585938,634.8800048828125,651.4299926757812,17.187094484285748,6.0,3.0,8.861552237029215,0.6481329359025513,False,,,,,,,,,,-3.177718072025313,2.540562758707017,False,,False,34.80115795623843,,,,,,-145.45454545454544,,,126.5404207557487,88.29293364724609,66.32408862004668,44.835176262608755,38.624776563614425,0.24892969060335002,35.561884475929496,20.250669122514164,44.835176262608755,True,False
PDFS,bull_flag,50.75,46.540000915527344,49.77000045776367,16.94833599250838,5.0,5.0,27.06549269637674,0.6741175631670271,False,,,,,,,,,,-1.9310335807612378,6.48985234584718,False,-99.99999999999997,False,35.80133738827546,233.33333333333334,,-99.99999999999997,-50.0,-16.666666666666664,3.458764513820541e+18,-99.99999999999999,0.0,18.947185276832656,25.852903009753447,24.594189877208738,23.068801310090727,2.3266256444370637,-3.642453087191322,9.258513525343615,10.4140890813486,18.947185276832656,True,False
COCO,bull_flag,61.29999923706055,55.79499816894531,56.54999923706055,16.63405137732972,8.0,5.0,44.76470947265625,0.4261680052240014,False,,,,,,,,,,-7.748776605413497,1.33510358673964,False,25.0,True,27.468599465069445,115.78947368421053,61.290322580645174,66.6666666666666,25.0,63.99999999999999,400.0000000000007,-75.00000000000003,5.263157894736836,28.083835528771807,37.30799489768639,0.3880810413769753,37.17439393255384,20.24198258837928,40.67549907267563,-29.907905634814846,8.031571649512026,0.3880810413769753,True,False
KB,bull_flag,133.2899932861328,123.01000213623047,127.9000015258789,16.575412395933785,15.0,12.0,47.94882248383377,0.8170137118805799,False,,,,,,,,,,-4.043808261497353,3.8232989298745315,False,,False,28.468264269837963,,,,,,,,,,,,,,,,,,False,False
FFIV,bull_flag,462.0,428.92999267578125,438.07000732421875,16.351827999976187,10.0,5.0,38.29853581708419,0.8456093003944364,False,,,,,,,,,,-5.179652094324946,2.0864278529967724,False,4.0322580645161255,True,25.801787655092593,11.384615384615394,4.0322580645161255,9.929078014184412,16.487455197132572,40.31007751937985,-16.774193548387096,-4.61538461538461,0.0,10.854722759716552,11.020990996043079,7.302909761262066,8.493130871036092,6.575951706295435,-1.308870286273578,1.527608043550721,3.8084498378974097,7.302909761262066,True,False
PPIH,bull_flag,32.189998626708984,29.25,31.209999084472656,16.334212278644912,13.0,12.0,38.24884306564531,0.7935957057911663,False,,,,,,,,,,-3.044422441892227,6.280035699993913,False,-63.934426229508205,True,,209.99999999999997,-63.934426229508205,165.21739130434767,148.38709677419354,40.90909090909092,-63.93442622950819,-20.779220779220797,670.0,,,,,11.893800408459976,7.586027111574567,14.258967703501968,,,False,False
NXDR,bull_flag,2.5299999713897705,2.3299999237060547,2.450000047683716,16.2790646096578,9.0,5.0,48.57146360437219,0.8210554866999936,False,,,,,,,,,,-3.1620523561551437,4.89796414865836,False,,False,34.801386834803246,,,,,,,,,14.53458897270059,13.830847607796803,6.5171398785797585,5.011431184270698,20.893804018226337,-11.240806574648454,0.8432755667798775,5.845482617178499,5.011431184270698,True,False
ECO,bull_flag,80.69999694824219,75.61000061035156,80.25,16.182204671032373,15.0,5.0,17.870368146439123,0.8083372180302612,False,,,,,,,,,,-0.5576170573225646,5.78193070361176,False,,False,41.801842247835644,,,,,,,,,,,,,,,,,,False,False
SWBI,bull_flag,14.3100004196167,13.819999694824219,14.0600004196167,15.905146185507423,14.0,3.0,13.456624437127312,0.5519017294776768,False,,,,,,,,,,-1.747029997688123,1.7069752320748743,False,-60.00000000000001,False,63.80108326690972,,94.73684210526318,59.999999999999986,-60.00000000000001,-83.78378378378379,362.5,100.0,,32.335413801615,26.7300355917393,17.106614315916644,-3.862614609921422,-36.88680355851538,31.449645933578463,8.854576080853448,46.53784219001611,-3.862614609921422,True,False
KRT,bull_flag,54.279998779296875,52.0,52.689998626708984,15.800725502070678,10.0,3.0,29.228687764680135,0.7573163249290128,False,,,,,,,,,,-2.929256058116085,1.3095438312636785,False,-20.000000000000007,True,35.80153689100694,170.37037037037032,6.25,21.42857142857144,-20.000000000000007,329.4117647058823,-1.1102230246251565e-14,-5.555555555555525,-33.333333333333336,9.93337957511331,12.857060140507981,13.741404244016175,10.41491163508348,16.55023215644693,1.1503498620445196,-7.14687269105978,0.42746761731162763,9.93337957511331,True,False
FTNT,bull_flag,181.3699951171875,169.55999755859375,175.9600067138672,15.659384792533682,14.0,4.0,37.933897950279075,0.6507757924588509,False,,,,,,,,,,-2.982846418353151,3.6371953347789123,False,-11.428571428571422,True,34.80172330069445,43.85964912280702,28.57142857142856,-1.4705882352940902,-11.428571428571422,13.888888888888884,7.462686567164178,8.064516129032251,8.771929824561408,25.638036809815958,20.127297525491983,14.752123366062285,14.375704528877398,10.721237024221452,-2.9081364829396272,10.441184996231655,5.822085889570561,14.375704528877398,True,False
TWIN,bull_flag,26.959999084472656,25.350000381469727,26.450000762939453,15.655665552798892,14.0,5.0,16.524213273080683,0.7500561251216044,False,,,,,,,,,,-1.8916852331309297,4.158791492403272,False,20.000000000000128,False,34.46769994107639,20.000000000000128,,2114.285714285714,,-47.8260869565217,-85.16129032258064,,-140.0,18.33095430190943,19.01971886462668,0.2880306046418424,9.738398013635674,18.311374025275605,7.223331115546694,12.730636531826601,-17.255218353710255,0.2880306046418424,True,False
KLIC,bull_flag,95.0,88.01000213623047,93.72000122070312,15.604419181500017,6.0,4.0,23.158993642294945,0.7163589882810733,False,,,,,,,,,,-1.3473671361019737,6.092615247652488,False,-78.80794701986756,False,48.801598272129624,,,-78.80794701986756,-31.428571428571452,62.12121212121213,106.25,122.2222222222221,,122.6280716648811,49.778993246329925,20.166261346945657,-2.074244839206041,36.18318282424027,21.5383844708829,12.42805167888803,19.63776758100706,-2.074244839206041,True,False
SNDK,bull_flag,1815.0,1659.02001953125,1729.760009765625,15.372015823837494,6.0,3.0,40.48789458643168,0.6380258261482447,False,,,,,,,,,,-4.696418194731405,4.089584094614372,False,-48.630136986301366,False,28.801119485648147,,,615.2777777777778,-48.630136986301366,94.65914025184543,347.18446601941747,586.6666666666667,,371.59389794844816,251.03244837758112,61.24733475479744,22.570366436537448,50.67226890756302,96.69421487603307,31.065857885615245,21.409784324039972,22.570366436537448,True,False
DGII,bull_flag,78.63999938964844,75.29000091552734,76.5,15.153785810791698,8.0,3.0,14.455438663813322,0.8187343770556506,False,,,,,,,,,,-2.7212606895443727,1.5816981496374591,False,-18.74999999999999,True,41.80189419145833,48.14814814814814,3.5714285714285587,14.814814814814813,-18.74999999999999,37.93103448275863,-6.451612903225811,19.23076923076923,-3.703703703703709,28.978551630485327,25.109327004966374,17.90383763695531,8.839431900392182,6.063039703846473,6.762097630285302,7.105249348423093,6.347080380229553,8.839431900392182,True,False
LSCC,bull_flag,128.36000061035156,117.0999984741211,125.44999694824219,15.062448340028123,5.0,5.0,33.85286780077008,0.5257127374944965,False,,,,,,,,,,-2.2670642320600756,6.656037207849525,False,-150.0,True,32.80153573711805,600.0000000000001,300.0,-150.0,-60.00000000000001,-12.49999999999999,,-400.0,0.0,62.198417371804695,42.23637120266335,24.16389170406834,4.9240308125673815,17.66093026793918,17.219737708516234,9.331153589453244,7.564672383057336,4.9240308125673815,True,False
GTBP,high_tight_flag,7.820000171661377,6.329999923706055,6.875,2739.99991763722,19.0,9.0,19.641672614243884,0.13725284678045727,False,,,,,,,,,,-12.084400906868643,7.927273837002841,False,,False,,,,,,,-102.03703703703704,,,,,,,,,,,,False,False
RFAI,high_tight_flag,46.0,31.0,39.400001525878906,256.8353246716984,20.0,10.0,9.010902703042985,0.06897044804575786,False,,,,,,,,,,-14.347822769828463,21.31980000143293,False,,False,,,,,,,,,,,,,,,,,,,False,False
SWVL,high_tight_flag,5.0,3.700000047683716,4.269999980926514,228.14812963718606,31.0,8.0,23.701293084146165,0.056222333574759246,False,,,,,,,,,,-14.600000381469727,13.348944632058712,False,,False,,,,,,,,,,,,,,,,,,,False,False
IGR,high_tight_flag,12.73169280374991,11.649999618530273,11.760000228881836,203.9258720545333,40.0,15.0,12.873096885769758,0.7650219598498683,False,,,,,,,,,,-7.632076816854064,0.9353793215191253,False,,False,,,,,,,,,,,,,,,,,,,False,False
MRNA,high_tight_flag,208.9029998779297,150.25999450683594,203.4600067138672,193.48311461741545,29.0,8.0,7.494494112093303,0.6814330519935514,False,,,,,,,,,,-2.6055122076959436,26.14765086577838,False,-1800.0,False,35.46815057255787,,,,-1800.0,,,,,2.1126760563380254,260.18518518518516,-29.81366459627329,-45.43501611170784,-62.724935732647815,-42.62536873156342,-33.26771653543307,615.4929577464789,-45.43501611170784,True,False
RCEL,high_tight_flag,12.229999542236328,9.600000381469727,11.960000038146973,183.54429554584,39.0,16.0,22.068958350509064,0.5619058615248431,False,,,,,,,,,,-2.207682045750792,19.732438538042793,False,,False,35.80122395387732,,,,,,,,,17.90299572039944,4.0327421555252485,-4.288381287063469,-12.875116015262456,12.72031053294167,9.368366703000408,3.1603243179262552,-7.2917809722374605,-12.875116015262456,True,False
REPL,high_tight_flag,13.739999771118164,12.069999694824219,13.0,147.47663564729487,31.0,13.0,14.828898556307488,0.4034770262556893,False,,,,,,,,,,-5.385733503967466,7.153848501352164,False,,False,35.4678871293287,,,,,,,,,,,,,,,,,,False,False
ABCL,high_tight_flag,15.0,11.779999732971191,14.819999694824219,142.47618175688243,37.0,8.0,12.700532986678647,0.7139700255943429,False,,,,,,,,,,-1.2000020345052083,20.512820677821782,False,,False,35.80218745027778,,,,,,,,,-76.29360805431983,96.3400236127509,788.373935432759,37.6210235131397,-51.2928442573662,-81.46207696080617,400.88218872138464,-47.58253336455163,-76.29360805431983,True,False
OABI,high_tight_flag,4.994999885559082,4.239999771118164,4.739999771118164,129.74358510375427,32.0,11.0,9.48617591578415,0.5769302444039296,False,,,,,,,,,,-5.105107513178176,10.548523716110859,False,,False,34.80138724795139,,,,,,,,,244.23915832691816,247.30380356283098,-22.473158089596446,-46.332694151486095,-7.014625355236714,72.24212034383955,274.09557838320677,-42.54554785732615,-46.332694151486095,True,False
OMER,high_tight_flag,21.239999771118164,16.5,19.25,104.55531522917508,34.0,18.0,24.481333260389782,0.7306623392156826,False,,,,,,,,,,-9.36911390095275,14.285714285714285,False,,False,42.80138380070602,,,,,-75.80645161290323,-56.64335664335665,,,-4.916011198506864,-65.6767165111196,-100.0,-100.0,188.37561912463357,,,-100.0,-100.0,True,False
RNG,high_tight_flag,81.9000015258789,67.97000122070312,74.43000030517578,103.17463861885243,31.0,17.0,21.63677583325996,0.7280371214720422,False,,,,,,,,,,-9.120880441428003,8.679294717164519,False,221.4285714285714,False,35.80116901082176,221.4285714285714,,,,28.57142857142858,34.61538461538463,36.842105263157876,35.7142857142857,5.901534176448031,5.251643640451209,4.803974535891897,4.909940617479647,1.9888264340677253,0.025775076742950986,0.8420821883489582,2.9427883390984455,4.803974535891897,True,False
FGI,high_tight_flag,10.300000190734863,7.349999904632568,7.795000076293945,100.72465429016972,31.0,12.0,23.021592029845202,0.01786666470086667,False,,,,,,,,,,-24.320389010227743,5.708789830736574,False,-1241.6666666666672,False,42.80178782886574,,,-1241.6666666666672,,,,,,2.8623929214091293,-8.162842549749572,-14.399566381545249,-0.6934174320141762,4.537789338608711,0.10659036437152825,-15.007109988794342,15.647978305879096,-14.399566381545249,True,False
A,rainbow_convergence,175.02999877929688,154.18500602229636,175.02999877929688,,,,,,True,10.119619869920719,10.0,True,,,,,,,0.0,11.909382907146615,False,-3.603603603603611,True,55.80218748237268,8.47457627118644,59.999999999999986,-3.603603603603611,24.39024390243909,6.666666666666665,12.149532710280365,-30.065359477124186,29.661016949152575,8.055235903337167,10.011990407673865,6.960142772159439,9.406231628453842,2.3433242506812,2.057842046718572,-3.3852767329392797,7.077100115074808,6.960142772159439,True,False
ABSI,rainbow_convergence,10.140000343322754,9.096144479510084,10.140000343322754,,,,,,True,7.6682777980266055,14.0,True,,,,,,,0.0,10.294436178200476,False,,False,46.80218945396991,,,,,,,,,-46.37436762225969,-81.76420695504665,-2.2556390977443663,-77.77777777777779,47.906976744186046,-66.92307692307693,71.95767195767195,-36.25632377740303,-81.76420695504665,True,False
AEHR,rainbow_convergence,100.77999877929688,94.46714067559843,100.77999877929688,,,,,,True,4.9579461949244,6.0,True,,,,,,,0.0,6.263998988056437,True,-650.0,False,32.80218790939815,,,-650.0,-450.0,,,,,33.68585421250621,-43.666357131152026,-26.5293986471419,-16.388444241176913,82.63356928148937,4.340348037231889,-9.89151244416082,-22.144935765490803,-43.666357131152026,True,False
AME,rainbow_convergence,250.77999877929688,241.5235705022463,250.77999877929688,,,,,,True,2.971297149862821,5.0,True,,,,,,,0.0,3.6910552365050706,True,3.5928143712575134,True,28.46880067125,14.193548387096765,14.473684210526304,3.5928143712575134,8.843537414965997,1.724137931034475,0.5780346820809079,8.125000000000027,3.2258064516129004,14.979336983762037,11.343492471871652,13.444921156992319,10.773784300734413,6.013159880255348,-3.5032685363842297,5.59044213878912,6.444397701759685,10.773784300734413,True,False
AMG,rainbow_convergence,370.6099853515625,360.9335105397817,370.6099853515625,,,,,,True,2.0489146445756634,4.0,True,,,,,,,0.0,2.610959011965541,True,74.54545454545452,True,32.46880150969907,148.21428571428572,74.54545454545452,119.59595959595947,81.74603174603176,80.98958333333334,-64.67341306347745,58.22416302765643,145.35714285714286,29.90673154906731,9.72613773660893,6.160595079153164,2.2463206816421444,17.581207561020374,-2.1020481494789744,5.41666666666667,7.055961070559613,2.2463206816421444,True,False
AMGN,rainbow_convergence,423.6400146484375,402.9909749274951,423.6400146484375,,,,,,True,2.673316301056105,3.0,True,,,,,,,0.0,4.874194836877783,True,4.374999999999996,True,33.80213403015046,64.9056603773585,4.374999999999996,109.4017094017095,13.601532567049812,30.83832335329342,36.326530612244824,-58.68465430016862,123.7735849056604,9.532628826669566,5.755307399680953,8.584635703279764,12.395625073503469,16.662798793223477,-12.649503344820602,3.23323218583238,4.118095653121245,5.755307399680953,True,False
AMN,rainbow_convergence,34.95000076293945,33.94635828685639,34.95000076293945,,,,,,True,1.7438629947826987,10.0,True,,,,,,,0.0,2.87165222939656,True,322.22222222222223,False,35.80213584552084,,,,322.22222222222223,-66.66666666666667,,-125.0,,2.288449120674585,99.89775688763265,1.83963991185625,-7.710880875741266,-51.15669987760826,84.21744796017241,17.92430527536817,-3.597675390283739,-7.710880875741266,True,False
AMRX,rainbow_convergence,20.200000762939453,18.253820412609024,20.200000762939453,,,,,,True,8.381463615185782,8.0,True,,,,,,,0.0,9.634555825864366,True,157.1428571428571,False,28.46880217443287,157.1428571428571,375.0,,,-5.263157894736848,90.00000000000001,899.9999999999998,-85.71428571428572,9.894852782854024,3.8967818009260524,11.471449026581148,11.679535580268418,10.197378892458197,-11.27322339279816,3.7992996929305134,8.282172177532887,3.8967818009260524,True,False
ANGO,rainbow_convergence,15.600000381469727,15.237060469455189,15.600000381469727,,,,,,True,1.8217407963698629,1.0,True,,,,,,,0.0,2.3265378406378208,True,,False,7.468801412314814,,,,,,,,,8.045360413183955,8.914782512082663,9.04386025121835,12.179401698004177,10.435714012470832,-1.2715118401671832,4.9160623951605364,-5.547793108610499,8.045360413183955,True,False
APH,rainbow_convergence,84.33999633789062,80.7522686712296,84.33999633789062,,,,,,True,3.336496917812143,5.0,True,,,,,,,0.0,4.25388643875148,True,24.13793103448276,True,27.468800688796296,59.302325581395365,24.13793103448276,57.62711864406778,102.08333333333334,90.27777777777779,-22.580645161290303,-4.123711340206215,12.790697674418606,55.002389253667936,58.38910829349408,49.123416475601566,53.37228879865306,14.934187215390882,18.342910389812083,3.948727883249381,9.629577190591654,49.123416475601566,True,False
APPS,rainbow_convergence,11.649999618530273,11.032249466675585,11.649999618530273,,,,,,True,3.054692920525636,7.0,True,,,,,,,0.0,5.302576584398389,True,,False,33.80213479358796,,,,,,-199.99999999999991,,,26.776194186028746,19.636262924667648,12.44977235083966,18.234114951822654,16.439259482704195,-5.84548114584641,7.8517135998062315,7.218581488779918,12.44977235083966,True,False
ARW,rainbow_convergence,230.22999572753906,216.58927985623743,230.22999572753906,,,,,,True,5.22984732194633,9.0,True,,,,,,,0.0,5.924821319739962,True,11.170212765957444,True,28.46876104564815,46.518105849582184,201.3245033112583,100.0,11.170212765957444,15.604395604395593,21.657754010695186,78.94736842105266,-41.78272980501393,31.824628852945814,39.03029593263416,20.095808291146476,13.032103584780375,5.475129275747581,8.313311831227143,13.405296646072928,1.7492734447879466,13.032103584780375,True,False
AVT,rainbow_convergence,102.5,93.93708933329943,102.5,,,,,,True,7.110067881753778,14.0,True,,,,,,,0.0,8.354059187024951,True,-24.242424242424242,True,27.468729696817128,1577.7777777777803,12.871287128712861,-24.242424242424242,-7.57575757575758,32.456140350877185,51.99999999999998,22.95081967213115,577.7777777777789,47.66250815488995,33.94567092778882,11.575605680278777,5.253604827278058,16.51172037783757,12.673361339018863,7.12686053505831,4.997992984792066,5.253604827278058,True,False
AXTI,rainbow_convergence,78.18000030517578,69.36222816104083,78.18000030517578,,,,,,True,8.540357534163235,7.0,True,,,,,,,0.0,11.2788080195891,False,,False,28.802063748460647,,,,,,,,,164.76577278290864,39.098987394089676,-8.221469826727745,18.227955170226263,76.75308275144852,16.852567162883545,-17.578250760150237,55.53021030377212,-8.221469826727745,True,False
BAND,rainbow_convergence,62.279998779296875,53.620336470734145,62.279998779296875,,,,,,True,11.145356703292274,6.0,True,,,,,,,0.0,13.904403465469201,False,-500.0,False,28.468728109687497,,-137.037037037037,-500.0,,,,,,19.824840307390335,-1.0958760578942628,-1.0253606556531514,3.6929298049561687,0.5373962285956324,8.21959926001199,6.60063439862677,3.3126531642954316,-1.0958760578942628,True,False
BATRA,rainbow_convergence,59.40999984741211,56.51094004578799,59.40999984741211,,,,,,True,4.031214263794525,8.0,True,,,,,,,0.0,4.879750562312789,True,-141.30434782608697,False,34.46873064196759,-141.30434782608697,,,193.74999999999994,,,-236.17021276595747,2.1739130434782483,-2.3431698886186125,52.52165808815743,17.623469818488815,7.1778005600776185,323.73519241184886,17.460809422051128,-80.32246467525631,-0.2886954295224675,-2.3431698886186125,True,False
BATRK,rainbow_convergence,53.97999954223633,51.65807826390903,53.97999954223633,,,,,,True,3.8679174647288264,6.0,True,,,,,,,0.0,4.301447384249275,True,-141.30434782608697,False,34.46872970135417,-141.30434782608697,,,193.74999999999994,,,-236.17021276595747,2.1739130434782483,-2.3431698886186125,52.52165808815743,17.623469818488815,7.1778005600776185,323.73519241184886,17.460809422051128,-80.32246467525631,-0.2886954295224675,-2.3431698886186125,True,False
BIIB,rainbow_convergence,227.07000732421875,217.02763584898958,227.07000732421875,,,,,,True,4.193007428107753,7.0,True,,,,,,,0.0,4.422588255299748,True,-119.2307692307693,True,27.46869208162037,31.09756097560976,-119.2307692307693,19.172932330827063,8.250000000000002,,-111.04100946372245,-26.78983833718245,164.02439024390247,1.9251336898395754,-7.141402208009129,2.794224997972261,7.326869244188394,8.704044924102838,-10.072197893241807,-4.188244188244184,8.823529411764696,-7.141402208009129,True,False
BRKR,rainbow_convergence,64.51000213623047,59.05300977158304,64.51000213623047,,,,,,True,6.5883061629232404,9.0,True,,,,,,,0.0,8.459141503550875,True,-919.9999999999999,True,33.46869162998842,-919.9999999999999,-81.81818181818181,11.111111111111116,-251.85185185185182,-2150.0,-80.0,,-919.9999999999999,5.1542513167795345,2.7451959071624676,-0.24499795835034588,-0.45118000925497004,1.8338596065095913,-15.738845681539093,13.561882626380006,7.913217958364682,-0.45118000925497004,True,False
BST,rainbow_convergence,49.970001220703125,47.595528935974976,49.970001220703125,,,,,,True,3.5406521578628105,10.0,True,,,,,,,0.0,4.751795530764124,True,,False,,,,,,,,,,,,,,,,,,,False,False
BTX,rainbow_convergence,8.949999809265137,8.762826832743391,8.949999809265137,,,,,,True,1.9700282409772705,7.0,True,,,,,,,0.0,2.0913182179957377,True,,False,,,,,,,,,,,,,,,,,,,False,False
BVS,rainbow_convergence,14.0,13.353571186195733,14.0,,,,,,True,3.2457776167860866,3.0,True,,,,,,,0.0,4.617348670030478,True,327.27272727272725,False,33.46864330625,327.27272727272725,,424.99999999999955,,1074.9999999999998,-80.95238095238095,320.0,-54.54545454545454,3.7572802383854853,6.630017113888087,2.7713776180992244,-0.22523819118620558,15.988462324644747,-16.346421785940468,13.883058903289559,-6.1011783827712325,-0.22523819118620558,True,False
BZH,rainbow_convergence,33.36000061035156,32.846587291239345,33.36000061035156,,,,,,False,1.5333392288211563,0.0,False,,,,,,,0.0,1.5390087221788178,False,-1230.0,False,42.46864109923611,,-107.14285714285714,-1230.0,-40.23668639053256,,,-211.8811881188119,,-5.328705257193778,-27.504382326356403,-22.48882084132099,-1.7690102548262976,25.97561035120508,12.752722900979663,-54.098644266418816,45.204238613630835,-27.504382326356403,True,False
CAAP,rainbow_convergence,26.0,24.139320533900527,26.0,,,,,,True,3.4658828486308093,5.0,True,,,,,,,0.0,7.156459484997973,True,,False,53.468639859444444,,,,,,,,,,,,,,,,,,False,False
CHEF,rainbow_convergence,111.5,108.64652140465955,111.5,,,,,,True,1.9793840373605813,2.0,True,,,,,,,0.0,2.559173628108025,True,-10.71428571428572,True,27.46863980773148,60.00000000000001,-10.71428571428572,29.411764705882337,32.432432432432435,-19.999999999999996,13.636363636363647,-10.204081632653061,96.0,11.387034208854496,10.545605127093726,9.648054864877631,8.400718966297415,-7.312850746216403,11.871413339025327,-1.3128728599505646,8.851767240109897,8.400718966297415,True,False
CLDT,rainbow_convergence,13.479999542236328,13.083607810628152,13.479999542236328,,,,,,True,1.902333395145016,6.0,True,,,,,,,0.0,2.9405915806315743,True,-40.0,False,34.46863980429398,85.7142857142857,,,-40.0,,-360.0,66.66666666666667,-57.14285714285715,3.91820470959352,0.5026458076342166,2.37108764619538,1.2260774395835172,-13.841953726326894,0.8071323673955577,26.351854828105136,-5.305902210907886,0.5026458076342166,True,False
CLS,rainbow_convergence,366.4700012207031,334.99656412690155,366.4700012207031,,,,,,True,7.131776281034524,9.0,True,,,,,,,0.0,8.588271069654892,True,74.17582417582416,True,25.801971210046297,74.17582417582416,147.29729729729732,77.51937984496129,208.0,73.22404371584699,-20.087336244541486,-0.8658008658008698,26.923076923076916,62.39026750535701,52.79770444763272,43.57151274698512,27.78555711142228,16.100815418828752,10.72806369531314,14.43018159048215,10.38916154005669,27.78555711142228,True,False
CNK,rainbow_convergence,38.2400016784668,35.653207739871334,38.2400016784668,,,,,,True,4.946506387876296,6.0,True,,,,,,,0.0,6.764628203591591,True,-66.38655462184873,False,34.468611752106476,,-8.333333333333337,-66.38655462184873,96.875,-118.18181818181816,-17.499999999999982,-36.5079365079365,,18.938413168115396,-4.666584796757956,-6.975482751139072,28.098610732770357,-17.1583150843746,-9.469387755102044,-8.825093035619346,73.94118734973183,-6.975482751139072,True,False
CODA,rainbow_convergence,10.899999618530273,10.485384124071103,10.899999618530273,,,,,,True,3.5061814969107994,11.0,True,,,,,,,0.0,3.8038120088950578,True,0.0,True,119.46858566422453,9.090909090909083,87.5,0.0,399.9999999999995,-19.999999999999996,87.5,-19.999999999999986,-9.090909090909117,9.975263125869361,32.521874997000786,32.73556509987245,29.000972145937286,11.782381027147704,2.889668607617879,-5.020428759787087,0.674546156949396,9.975263125869361,True,False
COHU,rainbow_convergence,65.97000122070312,56.202129498819275,65.97000122070312,,,,,,True,13.225334447721574,10.0,True,,,,,,,0.0,14.806535608822202,False,,False,28.80194225954861,,,,,,,,,38.37481426448737,29.259171255307503,29.863368819192115,32.41698307146903,19.088228006937392,2.3635768632905174,-3.1833915516162548,17.244613670133724,29.259171255307503,True,False
CON,rainbow_convergence,35.34000015258789,34.13027720805165,35.34000015258789,,,,,,True,2.919044074797752,2.0,True,,,,,,,0.0,3.423098300263173,True,2.7027027027026973,True,35.80193446078704,45.71428571428573,30.000000000000004,124.99999999999983,2.7027027027026973,30.76923076923077,44.44444444444444,-28.947368421052634,8.571428571428585,10.030229581415618,13.739935137553116,15.920961807668576,16.98438438193115,6.404122516701638,5.653149810788749,-5.886871508379887,3.997022431620323,10.030229581415618,True,False
CRON,rainbow_convergence,3.380000114440918,3.2233171392637177,3.380000114440918,,,,,,True,4.406010603878744,9.0,True,,,,,,,0.0,4.635590824620936,True,-108.33333333333333,False,35.46859722763889,,100.0,-108.33333333333333,250.00000000000006,125.0,,-114.28571428571428,,58.4426842026603,40.133903663753024,46.96214646381307,6.055918748540745,17.246184472461845,1.5247804899957362,22.543273067503232,8.62053504707816,6.055918748540745,True,False
CTKB,rainbow_convergence,5.760000228881836,4.9665603227584425,5.760000228881836,,,,,,True,12.283867811972387,12.0,True,,,,,,,0.0,13.774997822828569,False,,False,34.80189487481482,,,,,,,-100.0,,5.56554537081706,6.459705236751323,8.116431206068619,1.5398058252427127,9.074430723915249,-28.97603836436491,18.83234849788691,14.67260207885619,1.5398058252427127,True,False
DDD,rainbow_convergence,3.5199999809265137,3.3433026819658607,3.5199999809265137,,,,,,True,4.850567648630808,10.0,True,,,,,,,0.0,5.019809656764367,True,-115.78947368421053,False,33.80189459728009,-115.78947368421053,,,,,-174.99999999999983,,-124.56140350877195,-0.27309728168033454,1.055637825259148,-4.277453523562469,-19.20577297680184,-1.003789068224159,-10.103034580098802,16.467029775668784,-3.784348046141839,-19.20577297680184,True,False
DDI,rainbow_convergence,13.0600004196167,12.615214184524003,13.0600004196167,,,,,,True,3.191335423251454,7.0,True,,,,,,,0.0,3.405713788681105,True,,False,39.80189334388889,,,,,,,,,,,,,,,,,,False,False
DDOG,rainbow_convergence,268.55999755859375,241.23780854558126,268.55999755859375,,,,,,True,7.877497583864455,6.0,True,,,,,,,0.0,10.173588494709234,False,-28.57142857142857,True,35.468559643576384,1100.0,114.28571428571428,-7.1428571428571725,-28.57142857142857,-19.999999999999996,15.384615384615397,29.99999999999996,900.0,35.64444336929702,32.154426546806334,29.20687462977498,28.35224110745258,11.429354964994953,5.584592433439584,7.626367496903397,7.123107068556767,28.35224110745258,True,False
EBF,rainbow_convergence,22.459999084472656,21.664880424328807,22.459999084472656,,,,,,True,2.6084261857220308,6.0,True,,,,,,,0.0,3.5401544637352247,True,2.6315789473684292,True,81.46849945883102,2.6315789473684292,2.9411764705881804,7.692307692307687,27.499999999999993,11.428571428571477,-16.666666666666696,-17.647058823529417,34.210526315789465,1.4588927641799643,3.9503349478430705,0.3969089214300725,-0.3655162664835676,2.3369965650716473,-3.7976579112881437,1.5110057156755508,1.5216519028365072,-0.3655162664835676,True,False
EMBJ,rainbow_convergence,76.87000274658203,73.59224717888549,76.87000274658203,,,,,,True,4.131698323591401,8.0,True,,,,,,,0.0,4.26402426249723,True,,False,40.46850775482639,,,,,,,,,,,,,,,,,,False,False
EMR,rainbow_convergence,157.24000549316406,152.40722823171146,157.24000549316406,,,,,,True,2.777195776142572,5.0,True,,,,,,,0.0,3.073503620338342,True,-35.63218390804598,True,34.80183113130787,48.837209302325576,4.90196078431373,-35.63218390804598,82.4561403508772,19.626168224299057,-4.464285714285721,7.692307692307709,20.93023255813955,7.02833296727432,2.933212996389889,4.095808383233535,5.130980731760126,6.817185444980267,4.970087436723425,-10.502471169686988,6.654952778387879,2.933212996389889,True,False
ENTG,rainbow_convergence,154.77000427246094,142.57658063354293,154.77000427246094,,,,,,True,5.427820447627057,6.0,True,,,,,,,0.0,7.8784152628518385,True,-50.74626865671641,True,34.468497721550925,74.28571428571429,46.34146341463414,-50.74626865671641,-9.80392156862745,1.6666666666666607,81.81818181818177,-28.260869565217384,31.428571428571452,11.45885916203937,5.005173305742372,-3.0486886449645145,-0.07428500680946026,8.78186968838528,-1.4564874377958503,2.0815264527320076,1.8551236749116518,-3.0486886449645145,True,False
ERO,rainbow_convergence,37.13999938964844,34.626560011328195,37.13999938964844,,,,,,True,6.385729950742314,6.0,True,,,,,,,0.0,6.767472858442701,True,,False,33.80183960072917,,,,,,,,,,,,,,,,,,False,False
ESP,rainbow_convergence,64.63999938964844,62.51231279289958,64.63999938964844,,,,,,True,3.2591036938477624,14.0,True,,,,,,,0.0,3.291594394862557,True,7.47663551401867,True,46.46849690092593,7.47663551401867,57.14285714285714,39.43661971830987,24.590163934426236,16.161616161616156,0.0,30.263157894736835,-28.971962616822434,,,,,,,,,,False,False
EXEL,rainbow_convergence,58.650001525878906,56.382415884304585,58.650001525878906,,,,,,True,3.1017250236065426,9.0,True,,,,,,,0.0,3.866301078566494,True,26.15384615384615,True,26.80182947871528,26.15384615384615,43.636363636363626,89.36170212765953,72.49999999999999,3.797468354430378,-11.235955056179737,28.985507246376784,6.153846153846132,10.63402204268813,9.96764767835636,5.62994592019479,10.789336140652628,2.926923505104684,2.0293554136467495,0.15190169885654914,5.190220690844516,5.62994592019479,True,False
FBLA,rainbow_convergence,16.709999084472656,15.906539045940555,16.709999084472656,,,,,,True,3.3456761796562406,14.0,True,,,,,,,0.0,4.808259021861326,True,-100.0,False,28.801828120740744,-100.0,-75.0,,,-100.0,,-233.33333333333331,19.999999999999996,,,,,11.523502276359032,-1.5932826964158542,9.293728516765022,,,False,False
FIRY,rainbow_convergence,12.550000190734863,10.52591299609144,12.550000190734863,,,,,,True,14.856108915465354,12.0,True,,,,,,,0.0,16.12818457275978,False,,False,42.801787750578704,,,,,,,,,22.91584040612358,32.91775129013106,68.87625907377188,11.439504966617807,6.483422092423985,-3.018893072540063,9.633228611090816,8.566669310700403,11.439504966617807,True,False
FORM,rainbow_convergence,136.25,116.82717667943183,136.25,,,,,,True,10.147135946459445,7.0,True,,,,,,,0.0,14.255283171059208,False,-16.666666666666664,True,27.80178679390046,491.6666666666667,225.0,141.6666666666666,-16.666666666666664,173.07692307692304,-10.344827586206872,44.99999999999995,66.66666666666667,31.892052012788685,31.97320198884195,13.552666993872808,-2.52071740165547,14.19361115041744,5.103572640277365,6.161064950956208,3.5128040122983872,-2.52071740165547,True,False
FOSL,rainbow_convergence,6.159999847412109,5.3788851582328725,6.159999847412109,,,,,,True,11.023974707421726,9.0,True,,,,,,,0.0,12.680433580000697,False,,False,42.801787167175924,,,,,,,,,-4.85507377897163,-3.657203602336978,-18.0463692242971,-6.121208120381216,-6.70623462255463,-19.8781565926623,3.820489191379761,22.602410294571396,-18.0463692242971,True,False
FTNT,rainbow_convergence,175.9600067138672,164.79217703452517,175.9600067138672,,,,,,True,6.165635199688328,12.0,True,,,,,,,0.0,6.346799984784211,True,-11.428571428571422,True,34.80172330069445,43.85964912280702,28.57142857142856,-1.4705882352940902,-11.428571428571422,13.888888888888884,7.462686567164178,8.064516129032251,8.771929824561408,25.638036809815958,20.127297525491983,14.752123366062285,14.375704528877398,10.721237024221452,-2.9081364829396272,10.441184996231655,5.822085889570561,14.375704528877398,True,False
GH,rainbow_convergence,177.72999572753906,166.5737936590296,177.72999572753906,,,,,,True,5.923574874078958,12.0,True,,,,,,,0.0,6.277050771785292,True,,False,27.801721556319443,,,,,,,,,44.332322222605214,48.259457121653696,39.3689238605845,38.500908730075835,11.043044436709604,7.252565187402671,6.059669074948348,14.265278687394446,38.500908730075835,True,False
GSAT,rainbow_convergence,82.58999633789062,82.08146782339671,82.58999633789062,,,,,,True,0.5749870051342247,9.0,True,,,,,,,0.0,0.6157265250544819,True,-276.9230769230769,False,35.468388155543984,-276.9230769230769,,,-116.66666666666667,,,,-107.6923076923077,-3.538452373860723,16.711087420042638,17.62753976167515,2.127041641888061,-7.55309431377027,-2.6361501368797002,-2.551289863904127,9.973491392148691,-3.538452373860723,True,False
IBRX,rainbow_convergence,8.829999923706055,8.157731801026957,8.829999923706055,,,,,,True,5.556432432060829,12.0,True,,,,,,,0.0,7.613455588762213,True,,False,33.46832839880787,,,,,,,,,93.90728476821192,167.6394018284192,406.9518008474576,425.0736980019653,15.911867167352845,15.465587044534423,19.412993980225203,21.328287606433307,93.90728476821192,True,False
IDT,rainbow_convergence,75.55999755859375,67.83108646154405,75.55999755859375,,,,,,True,4.087774123356274,1.0,True,,,,,,,0.0,10.228839791923289,False,1.1627906976744207,True,63.80167290473379,28.358208955223873,1.1627906976744207,4.999999999999982,30.88235294117647,-1.1494252873563315,3.571428571428581,-5.61797752808989,32.835820895522396,,,,,4.545921155024257,,,,,False,False
JAKK,rainbow_convergence,25.329999923706055,24.591377252531696,25.329999923706055,,,,,,True,1.7934458263067732,3.0,True,,,,,,,0.0,2.915999500193799,True,-62.5,False,28.801601775532408,,,,-62.5,,,-126.4367816091954,,16.91437016138513,-5.807351681633155,-2.774187133339967,-34.3264740085695,30.524204132138433,-16.07848073382948,-39.81629657686663,77.34730548978118,-34.3264740085695,True,False
JCI,rainbow_convergence,149.4199981689453,144.4584949573596,149.4199981689453,,,,,,True,2.405601477406251,12.0,True,,,,,,,0.0,3.320508146423532,True,-26.206896551724135,True,34.468266067523146,38.888888888888886,34.92063492063491,180.64516129032265,-26.206896551724135,17.647058823529417,-67.43295019157088,143.92523364485982,48.611111111111114,8.21000704721635,6.837449318098043,3.1049935979513554,2.611054594777884,5.951354148697607,-10.01241850357032,6.444150693985451,6.624383368569409,2.611054594777884,True,False
JWEL,rainbow_convergence,2.5399999618530273,2.349747252225474,2.5399999618530273,,,,,,True,5.589440672773023,4.0,True,,,,,,,0.0,7.490264271057572,True,,False,,,,,,,,,,,,,,,,,,,False,False
KEYS,rainbow_convergence,360.6499938964844,335.81174176190177,360.6499938964844,,,,,,True,5.836410717440872,14.0,True,,,,,,,0.0,6.887079593771409,True,35.570469798657726,False,54.80159847822917,109.09090909090904,35.570469798657726,68.04123711340206,,13.861386138613852,23.926380368098176,20.740740740740726,22.72727272727273,41.34762633996938,32.28043143297381,31.470829909613805,,7.513104251601632,7.312500000000011,18.343195266272193,3.522205206738138,31.470829909613805,False,False
KODK,rainbow_convergence,9.59000015258789,9.38214786967752,9.59000015258789,,,,,,True,2.0177986016837797,9.0,True,,,,,,,0.0,2.1673856058728207,True,-654.5454545454544,False,35.801601467905094,,,-654.5454545454544,-153.33333333333331,,,,,18.250950570342205,7.287449392712553,9.022556390977442,3.065134099616862,17.35849056603773,-8.62068965517241,7.806691449814118,2.281368821292773,3.065134099616862,True,False
LGND,rainbow_convergence,310.3599853515625,290.7439032606029,310.3599853515625,,,,,,True,4.661302110250564,13.0,True,,,,,,,0.0,6.320428862225695,True,825.0000000000002,False,35.46820213155093,825.0000000000002,,,,,-127.68595041322315,-57.3943661971831,2266.666666666667,33.7329665945787,14.093485981514565,39.36746706530878,122.84605882807074,23.14488998878621,-13.314115241511082,-48.32367639289457,142.42761458836375,14.093485981514565,True,False
LITE,rainbow_convergence,973.489990234375,894.8837743774515,973.489990234375,,,,,,True,5.112109720293648,8.0,True,,,,,,,0.0,8.07468147032498,True,-3177.4193548387093,False,35.80153755670139,-3177.4193548387093,,,,-6459.999999999999,68.53932584269661,1680.0,-98.38709677419355,55.91955887122933,16.016371077762614,9.651035986913858,6.0768261964735615,13.052681091251173,5.718547986076583,19.382606114574052,9.27667855984431,6.0768261964735615,True,False
LQDT,rainbow_convergence,43.310001373291016,41.88735159408973,43.310001373291016,,,,,,True,3.2019923336329303,13.0,True,,,,,,,0.0,3.2848065899130288,True,4.545454545454541,True,49.46820081755787,39.13043478260869,4.545454545454541,27.77777777777779,19.999999999999996,39.13043478260869,0.0,-4.1666666666666625,4.347826086956519,8.094264859228373,3.7439312567132177,-0.9090091636625219,10.437962348144069,7.326972136633203,-0.40175220056262173,2.651412505927775,-1.490719499478621,-0.9090091636625219,True,False
LTRX,rainbow_convergence,7.21999979019165,5.940040813926762,7.21999979019165,,,,,,True,13.387605546506517,7.0,True,,,,,,,0.0,17.727964175341235,False,,False,34.80153702931713,,,,,,,,,8.027324109712541,5.884210526315781,-4.451076666345754,-13.447404351741564,3.237565032972123,1.3535299254383126,-0.06712760958582642,3.311487915669753,-13.447404351741564,True,False
LXFR,rainbow_convergence,17.270000457763672,17.176175383957226,17.270000457763672,,,,,,True,0.5120826069499061,7.0,True,,,,,,,0.0,0.5432835629385717,True,-192.30769230769224,True,26.801533507083334,79.99999999999999,-35.0,-192.30769230769224,-78.72340425531914,38.46153846153846,,-220.00000000000003,0.0,-10.22514071294559,-13.505154639175254,-14.79690522243714,-6.539235412474853,14.06436233611441,-4.76730987514189,-5.166846071044128,-12.851782363977481,-14.79690522243714,True,False
MCS,rainbow_convergence,28.700000762939453,27.66963798042607,28.700000762939453,,,,,,True,2.4694122036873067,3.0,True,,,,,,,0.0,3.5901141293483803,True,,False,29.468150204502315,,,,,,,,,95.9845169976439,301.03047161461626,310.4228413357044,,-8.209978718373135,52.69720530534627,-11.596844897785473,58.17121059127117,95.9845169976439,False,False
MFG,rainbow_convergence,11.0,10.763458062196804,11.0,,,,,,True,1.7909532613343968,2.0,True,,,,,,,0.0,2.150381252756326,True,,False,43.801483455,,,,,,,,,,,,,,,,,,False,False
MRVI,rainbow_convergence,7.650000095367432,7.093808513477387,7.650000095367432,,,,,,True,6.068496477146439,6.0,True,,,,,,,0.0,7.270478104004921,True,,False,35.80148288622685,,,,,,,,,8.534295419541316,40.52721451440768,-11.832101559461083,-39.688518652662076,-21.864605009341254,32.02783459671921,19.783809752582272,-12.167436757600692,-39.688518652662076,True,False
MRVL,rainbow_convergence,263.2699890136719,234.92585347259705,263.2699890136719,,,,,,True,8.810400714970509,10.0,True,,,,,,,0.0,10.766185560027079,False,-80.0,False,61.80148219520833,50.0,-80.0,95.65217391304337,,725.0,-91.11111111111111,-79.54545454545456,900.0,36.54852699267235,27.568195008705754,22.080994827775946,36.83134357891959,13.297212341798325,8.973723351512142,6.951072547601833,3.409600717810668,22.080994827775946,True,False
MSGE,rainbow_convergence,81.6500015258789,78.85235461162634,81.6500015258789,,,,,,True,2.1402662820373126,8.0,True,,,,,,,0.0,3.4263892981874045,True,-35.29411764705883,False,35.46815005103009,,-35.29411764705883,24.35897435897436,,-290.9090909090909,-94.3298969072165,,,86.79827734711456,2.3041228606653696,12.494802659978754,14.987020349704604,28.61995834302009,-50.3812588723024,175.56618033435618,6.216709732988801,2.3041228606653696,True,False
MSGM,rainbow_convergence,4.539999961853027,4.32135267061493,4.539999961853027,,,,,,True,1.6478157964714821,1.0,True,,,,,,,0.0,4.816019671261303,True,-90.2439024390244,False,35.8014816411574,-90.2439024390244,-81.81818181818183,,,33.33333333333335,-57.14285714285712,-7.771561172376096e-14,-82.92682926829268,36.58103895302178,129.25201867778097,94.93030544216894,71.94181079189283,-12.187838678894025,4.774472935894636,24.11498900974123,19.60684301500093,36.58103895302178,True,False
MSGS,rainbow_convergence,413.8399963378906,396.6157263291868,413.8399963378906,,,,,,True,2.7895641366712876,8.0,True,,,,,,,0.0,4.162060255442441,True,580.0,False,29.468147367858798,,,580.0,,,-344.1176470588235,,,36.668513461170726,1.8863876925107936,12.764179237978635,-25.98720618305288,-35.50540376076761,7.132694138177209,922.5173619911797,-80.65572645214432,-25.98720618305288,True,False
MSM,rainbow_convergence,124.55000305175781,120.90379481246131,124.55000305175781,,,,,,True,1.4331547512998795,8.0,True,,,,,,,0.0,2.9275055399085663,True,3.0303030303030054,True,21.468103620266202,41.17647058823528,8.571428571428585,12.048192771084354,3.0303030303030054,89.4736842105263,-18.279569892473123,-8.823529411764708,0.0,7.819429642329423,2.9221154245124836,4.006531076464426,2.7188317770749038,14.089416348687145,-4.961250264061534,-1.2769698673550267,0.7238877819481182,2.7188317770749038,True,False
MTRN,rainbow_convergence,268.55999755859375,250.98797902226596,268.55999755859375,,,,,,True,4.17625097250494,8.0,True,,,,,,,0.0,6.543051346466433,True,8.235294117647074,False,27.4681064397338,52.066115702479344,8.235294117647074,,14.018691588785037,100.0,206.66666666666643,-75.40983606557374,0.8264462809917328,42.22046156911259,30.807698712916043,12.104946311382548,1.8531536585645103,11.655002328017684,12.265341375466043,10.104584449919972,3.046393209438958,1.8531536585645103,True,False
MU,rainbow_convergence,1065.0799560546875,982.6507140055845,1065.0799560546875,,,,,,True,7.508940669643933,9.0,True,,,,,,,0.0,7.739253901128769,True,175.44910179640718,True,,1368.452380952381,756.0283687943263,175.44910179640718,249.3827160493827,104.39105219552611,162.3913043478261,62.544169611307396,68.45238095238095,345.7155144608107,196.28709797590963,56.65403605465611,46.0,73.74685666387259,74.888221065748,20.574458683163943,21.65358563595312,46.0,True,True
NBIS,rainbow_convergence,237.35499572753906,222.9337320682274,237.35499572753906,,,,,,True,4.971863778696186,7.0,True,,,,,,,0.0,6.075820572096104,True,,False,40.46810070784722,,,,,,,,,,,,,,,,,,False,False
NDSN,rainbow_convergence,329.5299987792969,314.47400284172284,329.5299987792969,,,,,,True,3.576217934542246,6.0,True,,,,,,,0.0,4.568930292643193,True,6.091370558375631,True,69.80143991561343,22.97297297297296,6.091370558375631,44.242424242424235,25.94339622641513,30.622009569377994,-12.184873949579833,-10.861423220973787,20.270270270270263,10.270677766554414,8.47939344420723,8.781157583438958,0.9856517686122723,10.369212536461635,10.663205175506874,-10.954616796573646,1.3905427985364982,0.9856517686122723,True,False
NNBR,rainbow_convergence,3.880000114440918,3.5313494637185134,3.880000114440918,,,,,,True,4.762464697903134,4.0,True,,,,,,,0.0,8.98584124842591,True,,False,27.801435923611113,,,,,,,,,19.291889437644194,12.077056997956248,-1.6871180043750544,-8.544111562062561,8.686218890352215,13.117384162878643,0.8028339847134358,-3.7425524226054274,-8.544111562062561,True,False
NTAP,rainbow_convergence,209.17999267578125,190.00986098943184,209.17999267578125,,,,,,True,6.2062994062128425,13.0,True,,,,,,,0.0,9.164419331471233,True,6.338028169014098,True,61.80143090491898,63.478260869565226,23.170731707317003,15.972222222222232,6.338028169014098,-6.930693069306915,20.958083832335305,10.596026490066212,31.304347826086975,29.890955740859514,12.471131639722866,4.387568555758681,2.834740651387224,3.952772073921973,13.718622300058382,0.46920821114369016,9.364977549711352,2.834740651387224,True,False
NVDA,rainbow_convergence,227.2100067138672,219.2681925876709,227.2100067138672,,,,,,True,3.1632201920161562,8.0,True,,,,,,,0.0,3.4953628324115393,True,66.66666666666667,True,47.80138486445602,127.77777777777777,214.47368421052633,97.75280898876404,66.66666666666667,2.9288702928870203,35.79545454545454,35.384615384615394,20.370370370370374,105.85114348672526,85.22763378875223,73.21451272533118,62.49358645459211,17.896220057587463,19.79831784754944,19.50847279233765,21.95622874013221,62.49358645459211,True,True
NVT,rainbow_convergence,161.67999267578125,157.63969082277458,161.67999267578125,,,,,,True,2.3839174982081746,6.0,True,,,,,,,0.0,2.4989497996259384,True,-59.72222222222223,True,29.468051541134262,97.01492537313432,-59.72222222222223,957.1428571428552,19.354838709677423,51.7241379310345,17.56756756756768,-8.881784197001252e-14,10.447761194029837,52.76710621949954,53.46595823551217,41.81068864663653,34.78260869565217,18.462157809983903,16.433861441829944,1.204933586337753,9.438272245872703,34.78260869565217,True,False
OGN,rainbow_convergence,13.739999771118164,13.648644320110646,13.739999771118164,,,,,,True,0.5662070302494827,5.0,True,,,,,,,0.0,0.6648868451915783,True,-285.7142857142858,True,39.46805142934028,-28.57142857142857,66.66666666666667,-285.7142857142858,-55.79710144927537,-27.27272727272727,,-227.8688524590164,8.92857142857142,-2.258469259723961,-3.502974223397226,-5.339195979899502,1.2642225031605614,6.712328767123288,-3.1187790311877905,-5.9300873907615514,0.5018820577164407,-5.339195979899502,True,False
OPY,rainbow_convergence,118.69999694824219,116.6726364037913,118.69999694824219,,,,,,True,1.537504056517221,3.0,True,,,,,,,0.0,1.707970174030328,True,-170.95588235294116,True,29.468005807256947,24.607329842931946,-170.95588235294116,607.6086956521739,-12.037037037037045,,-129.64669738863287,242.6315789473684,-0.5235602094240788,21.975573526984647,21.187568997941852,26.045400899394423,15.338028724969966,-1.8892065286802762,-4.194451692977008,11.47885223700358,16.40534741706552,15.338028724969966,True,False
PACB,rainbow_convergence,1.8300000429153442,1.4162636544531757,1.8300000429153442,,,,,,True,13.455051950118719,8.0,True,,,,,,,0.0,22.608545287411665,False,,False,35.80133853458333,,,,,,,,,4.99017575969638,-6.97825706207621,6.7420098297836795,2.4632826591084678,4.919576093388556,-3.2855544860955765,-3.331992154101493,7.033079428309952,-6.97825706207621,True,False
PANW,rainbow_convergence,388.4100036621094,360.1751506234852,388.4100036621094,,,,,,True,6.461797868336356,11.0,True,,,,,,,0.0,7.2693423888192665,True,-227.77777777777771,True,49.80133712743056,-227.77777777777771,-159.45945945945948,60.52631578947367,-4.081632653061229,,-136.0655737704918,29.78723404255319,30.555555555555515,34.43721663709836,31.14897335080822,14.931324767390342,15.661524076671341,13.590939373750842,15.728604471858132,4.850444624090544,-2.464025231618372,14.931324767390342,True,False
PEB,rainbow_convergence,18.709999084472656,18.232824943776674,18.709999084472656,,,,,,True,1.7083367871782564,4.0,True,,,,,,,0.0,2.5503696635238606,True,-254.16666666666669,False,28.801337999224536,183.33333333333334,,,-254.16666666666669,,,,-716.6666666666667,-0.09692371490196416,7.927785028694889,3.382109004739342,-1.435493041307201,17.78820561483092,-0.9632741004761969,-12.466047857785977,-2.1627484130275265,-1.435493041307201,True,False
PK,rainbow_convergence,15.569999694824219,15.151965255203079,15.569999694824219,,,,,,True,1.952805262143801,3.0,True,,,,,,,0.0,2.6848712126828302,True,-425.0,False,34.80133158015046,,,-425.0,-130.76923076923077,380.0,,,,1.1904761904761862,-1.2698412698412653,0.6399999999999961,-6.009244992295837,9.324758842443725,-1.112877583465821,3.1147540983606614,-9.226190476190476,-6.009244992295837,True,False
PM,rainbow_convergence,193.89999389648438,189.4159661871916,193.89999389648438,,,,,,True,1.5237986463338862,12.0,True,,,,,,,0.0,2.3125465964102205,True,-9.302325581395344,False,20.467944060428238,-7.692307692307687,-9.302325581395344,,13.197969543147202,15.384615384615374,14.705882352941234,-39.01345291479823,14.358974358974352,10.374753451676533,9.085044618858195,6.758705955079325,9.423872464937944,10.309481569091261,-2.084539664157503,-4.453665283540797,6.952662721893499,6.758705955079325,True,False
PNTG,rainbow_convergence,40.5,39.280617637254416,40.5,,,,,,True,2.6953633205746854,14.0,True,,,,,,,0.0,3.0108206487545286,True,-15.000000000000002,True,34.80127691215278,25.0,9.090909090909083,56.25,-15.000000000000002,4.166666666666674,-3.999999999999959,47.05882352941168,-15.000000000000002,35.755190181365926,35.98993528464274,53.168477225081,26.759386345523772,4.4224218892362055,-1.3683668425946038,26.32040831474116,4.345310499724375,26.759386345523772,True,False
POWW,rainbow_convergence,2.2899999618530273,2.2165937591390246,2.2899999618530273,,,,,,True,2.93303659692324,6.0,True,,,,,,,0.0,3.2055110889435903,True,,False,46.46794460768519,,,,,,-200.00000000000009,0.0,,22.123596316756753,10.10391236614392,6.968593421412317,0.010790267329086056,4.258050636740962,3.6938989351198437,11.76663929199453,1.0705403961213777,0.010790267329086056,True,False
PRLB,rainbow_convergence,95.45999908447266,84.69733022629389,95.45999908447266,,,,,,True,9.8451673184364,9.0,True,,,,,,,0.0,11.274532748166981,False,3.4482758620689724,False,29.467944017222223,105.55555555555559,120.00000000000001,,3.4482758620689724,12.12121212121211,32.00000000000001,-16.666666666666664,66.66666666666667,10.571362993565959,10.40450061408027,12.10924024640656,7.7591765576863425,7.180484584027091,2.082890697691453,0.8325576584962358,0.22433975255991,7.7591765576863425,True,False
QQQX,rainbow_convergence,30.43000030517578,29.95694668757551,30.43000030517578,,,,,,True,1.4109769289329923,10.0,True,,,,,,,0.0,1.5545633021890266,True,,False,,,,,,,,,,,,,,,,,,,False,False
RAL,rainbow_convergence,69.9800033569336,66.95719727577003,69.9800033569336,,,,,,True,3.969352545451551,10.0,True,,,,,,,0.0,4.319528345469945,True,-1603.703703703704,True,25.801225558807868,21.42857142857144,-31.57894736842104,-1603.703703703704,-38.59649122807017,30.76923076923077,,-3580.0000000000005,-16.666666666666675,12.815418239618515,10.95890410958904,4.306940003761528,-0.8619074386359338,6.210250654695093,-3.606202668589975,4.819504819504816,5.126167295847406,-0.8619074386359338,True,False
RGA,rainbow_convergence,252.94000244140625,244.45735253318463,252.94000244140625,,,,,,True,2.2959396345616483,2.0,True,,,,,,,0.0,3.3536213435384266,True,16.627634660421563,True,28.801217102870368,159.62962962962962,16.627634660421563,212.6696832579185,63.519313304721024,40.76305220883532,-27.930535455861083,81.3648293963255,41.1111111111111,18.53902482586176,23.46007604562739,26.597977485212752,9.78587860555653,2.2020326455189476,-2.125094197437827,6.9471308833011,10.805500982318271,9.78587860555653,True,False
RLYB,rainbow_convergence,17.219999313354492,16.696574911130906,17.219999313354492,,,,,,True,1.643139255427673,2.0,True,,,,,,,0.0,3.0396307961386446,True,,False,,,,,,,,-111.11111111111111,,-100.0,0.0,11000.0,-29.096989966555185,-100.0,-4.504504504504503,4.716981132075482,0.0,-100.0,True,False
S,rainbow_convergence,23.309999465942383,21.51441541603509,23.309999465942383,,,,,,True,7.036136219896882,11.0,True,,,,,,,0.0,7.703063453651185,True,,False,63.801165683506945,,,,,,,,,20.5621368964791,20.79561976867559,20.234035854754097,22.912631498993584,5.538988711653792,2.029850305915848,4.727456713258893,6.9079993228261305,20.234035854754097,True,False
SANM,rainbow_convergence,222.72999572753906,206.8563637757492,222.72999572753906,,,,,,True,5.975313937051244,6.0,True,,,,,,,0.0,7.126849663844892,True,-23.275862068965512,True,32.801165739398144,68.25396825396825,46.551724137931046,-23.275862068965512,-19.266055045871553,24.705882352941178,91.01123595505618,1.1363636363636465,-30.15873015873016,69.67478822587803,102.27364823999032,58.98004732977529,3.91012661678658,-13.685968378412516,25.81997703227239,52.15155371705291,2.6856887030616727,3.91012661678658,True,False
SCCO,rainbow_convergence,202.5500030517578,197.11740462736157,202.5500030517578,,,,,,True,2.4980926261502683,6.0,True,,,,,,,0.0,2.6821023661046546,True,20.535714285714278,True,21.80116584142361,71.79487179487178,66.95652173913045,48.1132075471699,20.535714285714278,4.6875,22.29299363057322,16.29629629629632,15.384615384615397,40.57686004588659,36.17989045132772,38.98146817985921,15.230816472755816,0.8844145457966857,9.860974727376082,14.582654783406856,10.694854146181587,15.230816472755816,True,True
SIBN,rainbow_convergence,19.149999618530273,18.462213841636842,19.149999618530273,,,,,,True,1.7415630041121073,2.0,True,,,,,,,0.0,3.5915707080636357,True,,False,39.80116564773148,,,,,,,,,15.175817396668734,11.203214210192435,14.993265580996695,20.614774417451653,6.5071879516239495,-6.674475145965319,15.810999671160797,0.05346493933786611,11.203214210192435,True,False
SILC,rainbow_convergence,51.369998931884766,45.14163699692934,51.369998931884766,,,,,,True,10.975707190796582,9.0,True,,,,,,,0.0,12.124512486780588,False,,False,28.4678317,,,,,,,,,,,,,,,,,,False,False
SITM,rainbow_convergence,651.4299926757812,614.4091084816739,651.4299926757812,,,,,,True,4.825950751435479,12.0,True,,,,,,,0.0,5.6830180695307275,True,,False,34.80115795623843,,,,,,-145.45454545454544,,,126.5404207557487,88.29293364724609,66.32408862004668,44.835176262608755,38.624776563614425,0.24892969060335002,35.561884475929496,20.250669122514164,44.835176262608755,True,False
SLAB,rainbow_convergence,221.1699981689453,219.67978425028252,221.1699981689453,,,,,,True,0.6569609186538298,8.0,True,,,,,,,0.0,0.6737866487318313,True,,False,33.801146887962965,,,,,,,,,18.327672483082267,20.136849094612685,25.237445037263374,23.801195949397513,6.880093676814991,2.5426740823991656,1.0713644240991416,6.8210220643522,18.327672483082267,True,False
SN,rainbow_convergence,182.44000244140625,171.5596561287335,182.44000244140625,,,,,,True,3.6726744541836713,3.0,True,,,,,,,0.0,5.963794215672165,True,,False,35.4677890934838,,,,,8.235294117647074,-13.265306122448983,18.07228915662651,,,,,,24.96237983134273,-2.219567630717101,18.17692563129889,,,False,False
STK,rainbow_convergence,53.77000045776367,52.13386315784676,53.77000045776367,,,,,,True,1.9491031121783051,10.0,True,,,,,,,0.0,3.042844124954204,True,,False,,,,,,,,,,,,,,,,,,,False,False
STX,rainbow_convergence,913.4500122070312,861.3258302192341,913.4500122070312,,,,,,True,5.266040613369409,12.0,True,,,,,,,0.0,5.706298241964803,True,67.74193548387098,True,26.80108490115741,150.00000000000006,108.28025477707004,67.74193548387098,72.3404255319149,71.25382262996939,25.769230769230766,6.995884773662553,8.482142857142904,48.48608837970541,44.07407407407406,21.505376344086024,21.26383763837638,16.613110539845756,10.159292035398227,7.455306200076084,7.569558101472995,21.26383763837638,True,True
TER,rainbow_convergence,403.0199890136719,374.19542247544524,403.0199890136719,,,,,,True,5.402864115862961,12.0,True,,,,,,,0.0,7.152143150212035,True,-15.73033707865169,True,20.801083645057872,385.71428571428567,314.75409836065575,82.02247191011234,-15.73033707865169,-5.928853754940711,56.17283950617282,116.00000000000001,53.06122448979591,,,,,7.575783454696938,4.6785914362566405,-27.769080543721415,,,False,False
TEVA,rainbow_convergence,39.810001373291016,37.37990928057867,39.810001373291016,,,,,,True,5.143857127631268,12.0,True,,,,,,,0.0,6.104225091393037,True,-304.16666666666663,False,33.80108410640046,-304.16666666666663,72.22222222222223,,,-258.06451612903226,-26.190476190476176,13.513513513513487,54.16666666666667,-0.8141762452107293,2.338730403495237,11.397493497280674,3.416435826408115,4.018081366147674,-15.474421566546381,5.156249999999996,7.279693486590033,-0.8141762452107293,True,False
TGB,rainbow_convergence,8.880000114440918,8.447081081249632,8.880000114440918,,,,,,True,4.263174333329497,7.0,True,,,,,,,0.0,4.87521427491043,True,,False,41.80108277902778,,,,,,,,,,,,,,,,,,False,False
TLYS,rainbow_convergence,4.789999961853027,4.2124401727946985,4.789999961853027,,,,,,True,5.44979299933137,2.0,True,,,,,,,0.0,12.057615733986308,False,-94.11764705882352,True,62.801029166851855,19.999999999999996,-37.5,-94.11764705882352,-33.333333333333336,259.99999999999994,150.0,-90.9090909090909,46.66666666666668,51.943574541636075,-13.053359546018594,-14.2938716867137,30.555171937577686,31.102166487596005,-10.652138093088903,-7.7147352832284355,40.55812138164314,-14.2938716867137,True,False
TSM,rainbow_convergence,456.94000244140625,429.560398963149,456.94000244140625,,,,,,True,4.809828756534442,9.0,True,,,,,,,0.0,5.991947155418541,True,,False,14.46769422607639,,,,,,,,,,,,,,,,,,False,False
UFPT,rainbow_convergence,296.9200134277344,286.3174658577374,296.9200134277344,,,,,,True,2.8105530896647046,4.0,True,,,,,,,0.0,3.570843018494438,True,0.0,True,32.801022584050926,21.26696832579187,1.3574660633484337,6.730769230769251,0.0,19.64285714285714,0.9009009009008917,5.2132701421801375,-4.52488687782806,15.0738212414669,4.086454086454094,2.5832673165019138,,12.815657384469725,3.550347513682306,-3.6510565612909107,2.2371275863893647,2.5832673165019138,False,False
VLGEA,rainbow_convergence,45.61000061035156,43.98420419485564,45.61000061035156,,,,,,True,3.327310886346096,12.0,True,,,,,,,0.0,3.5645612666949447,True,,False,5.467658399907408,,,,,,,,,1.5821341957780177,6.88867357846481,4.464072785042772,3.707130467265163,-10.667140955973785,10.018314672507223,-2.8482189459922314,6.387436598429219,1.5821341957780177,True,False
VTRS,rainbow_convergence,18.1200008392334,16.922185299367836,18.1200008392334,,,,,,True,5.025705121659621,12.0,True,,,,,,,0.0,6.610460730620132,True,-237.5,False,35.4676507546875,,,,-237.5,-166.66666666666669,,,,4.9565704679181755,8.217192895905278,4.986630255447455,0.2541466024612138,6.729919936176887,-4.904218711897467,-1.5156771180787176,5.001400952647805,0.2541466024612138,True,False
WAB,rainbow_convergence,291.2300109863281,285.82316847320357,291.2300109863281,,,,,,True,1.4260741246386588,4.0,True,,,,,,,0.0,1.8565540326056524,True,-4.838709677419395,True,20.467652685625,18.877551020408177,12.765957446808528,-4.838709677419395,11.042944785276077,9.905660377358494,79.6610169491526,-34.80662983425417,-7.653061224489788,17.479674796747968,13.026819923371647,14.789005032907475,8.374014269620723,7.762711864406779,-0.5059021922428353,2.7373527373527384,6.651884700665178,8.374014269620723,True,False
WAT,rainbow_convergence,443.260009765625,412.26163164225983,443.260009765625,,,,,,True,5.415166135275324,11.0,True,,,,,,,0.0,6.993271993960307,True,-156.27530364372467,True,29.467652210358796,-156.27530364372467,-142.85714285714286,-3.0927835051546615,-7.749077490774903,,-123.13829787234043,50.4,1.2145748987854255,113.35927367055771,91.38972809667673,6.839010259947709,8.04830441507216,29.834254143646397,35.88603162380053,16.56633999552437,3.7466926070038875,6.839010259947709,True,False
WBD,rainbow_convergence,30.850000381469727,28.680940146311418,30.850000381469727,,,,,,True,6.505679729209573,7.0,True,,,,,,,0.0,7.030989330104418,True,-220.00000000000003,False,35.46765085228009,-90.47619047619048,,,-220.00000000000003,,,,-109.52380952380953,-11.159804321239298,-0.9577903998218118,-5.654732222997905,-6.006442897225394,-1.9790846733385825,-5.993657505285411,4.588170259812041,-7.816958825927434,-11.159804321239298,True,False
WCC,rainbow_convergence,365.05999755859375,349.96279819779005,365.05999755859375,,,,,,True,3.6249402061264133,11.0,True,,,,,,,0.0,4.135539215956011,True,-0.5249343832021025,True,28.467649791631946,10.44386422976502,48.09523809523808,10.6312292358804,-0.5249343832021025,36.01286173633442,-6.606606606606613,-12.137203166226907,-1.0443864229765065,12.975455963116133,13.7807137376724,10.342382311762455,12.928553211644257,9.621552277100708,0.19115102578890486,-2.106757432530526,5.076615363753478,10.342382311762455,True,False
WEST,rainbow_convergence,8.119999885559082,7.964325713973138,8.119999885559082,,,,,,True,1.6465790648928689,3.0,True,,,,,,,0.0,1.9171696278321493,True,,False,35.800983242847224,,,,,,,,,8.82969746385196,44.44844618234205,48.25593836935587,60.6560717196414,-1.0254998785720115,-9.027843238912192,-4.326921721975618,26.335634606688775,8.82969746385196,True,False
WST,rainbow_convergence,376.6300048828125,355.33388119831443,376.6300048828125,,,,,,True,4.828629728958719,12.0,True,,,,,,,0.0,5.654388500226982,True,2.2471910112359605,True,21.467640117048614,18.13186813186811,56.09756097560976,2.2471910112359605,3.7837837837837673,11.979166666666675,5.494505494505475,-5.208333333333314,5.494505494505497,13.803000652315722,21.0458452722063,7.505341880341887,7.725264426295353,3.2429873357793904,4.956521739130437,0.0497141436738735,4.9706457925636105,7.505341880341887,True,False
XERS,rainbow_convergence,9.979999542236328,8.45075800900916,9.979999542236328,,,,,,True,9.719091167703613,6.0,True,,,,,,,0.0,15.323062158021845,False,,False,35.46760634148148,,,,,-1900.0,-85.71428571428571,,,28.740966465843808,38.270762986742966,42.77608612456114,37.06051448367362,10.79432675304053,-3.123288309811556,15.36300080666846,3.9712604313731026,28.740966465843808,True,False
XMTR,rainbow_convergence,104.2300033569336,93.58531256572194,104.2300033569336,,,,,,True,8.143914907796452,9.0,True,,,,,,,0.0,10.212693512787412,False,,False,33.467605551967594,,,,,,,,,41.054587288599606,35.87907611395566,29.52082183296756,27.535321599457994,11.768663046339544,6.621690454162721,6.464875632902634,11.177074938325537,27.535321599457994,True,False
XRPN,rainbow_convergence,12.899999618530273,10.641714195286765,12.899999618530273,,,,,,True,5.472077467360497,8.0,True,,,,,,,0.0,17.506089069953013,False,,False,,,,,,,,,,,,,,,,,,,False,False
ABSI,vcp,10.5,9.25,10.140000343322754,,,,,,False,,,,2.0,17%->12%,17.37005689762419,11.904761904761903,0.5884802536859178,5.0,-3.428568158830915,8.777123404229705,False,,False,46.80218945396991,,,,,,,,,-46.37436762225969,-81.76420695504665,-2.2556390977443663,-77.77777777777779,47.906976744186046,-66.92307692307693,71.95767195767195,-36.25632377740303,-81.76420695504665,True,False
ACHV,vcp,8.420000076293945,7.349999904632568,7.690000057220459,,,,,,False,,,,2.0,19%->13%,18.865741315631197,12.707840403397435,0.6724629167278602,17.0,-8.669833877184418,4.421328349258599,False,,False,35.46885651392361,,,,,,,,,,,,,,,,,,False,False
ACRS,vcp,5.538000106811523,5.019999980926514,5.28000020980835,,,,,,False,,,,2.0,13%->9%,12.662619878229103,9.353559333592102,0.8060798810458056,5.0,-4.658719610457284,4.9242465634537025,False,,False,35.468855935266205,,,,,,,,,-8.328643781654478,37.18213058419244,-85.93919652551574,-24.091118269673263,-18.386773547094194,54.13127413127412,-60.745680509245226,85.64997186268992,-85.93919652551574,True,False
AGCC,vcp,15.489999771118164,13.880000114440918,14.5,,,,,,False,,,,2.0,23%->10%,22.50692586179238,10.39380039036002,0.38492239467849226,11.0,-6.3912187588541185,4.275861279717807,False,,False,,,,,,,,,,,,,,,,,,,False,False
AGEN,vcp,8.819999694824219,8.199999809265137,9.890000343322754,,,,,,True,,,,2.0,21%->7%,20.525062572073253,7.029477403756741,0.6586068949288152,16.0,12.131527046723555,17.08797245086673,False,,False,35.46885600001157,,,,,-100.98039215686273,1033.3333333333294,-95.36082474226802,,34.358335603907975,40.18116845341977,27.45090732943325,20.400605288308384,2.3179985771875744,-1.3682610221026792,13.127170497767482,17.687127787941304,20.400605288308384,True,False
AGL,vcp,84.34500122070312,76.93000030517578,78.1500015258789,,,,,,False,,,,2.0,20%->9%,20.423463366496406,8.79127489265751,0.7757395092868609,5.0,-7.34483325053721,1.5611019793763266,False,,False,33.80218910672453,,,,,-64.62585034013605,,-964.3835616438356,,7.151418441241542,-7.3279827137844755,3.087384711583563,-1.0759291269335836,5.229503118708023,-9.49549885918428,9.347734757590809,2.8917219003542716,-7.3279827137844755,True,False
ALAB,vcp,377.8699951171875,342.0,357.8399963378906,,,,,,False,,,,2.0,22%->9%,21.770556575549104,9.492681499112747,0.8224076418460122,16.0,-5.30076455874329,4.426558378044946,False,-79.67479674796748,False,33.802189661064816,186.20689655172416,144.44444444444446,-79.67479674796748,,88.63636363636363,76.0,-50.0,72.41379310344828,104.45486518171161,93.40010787621831,91.77226852639338,103.8934969845958,27.253446447507955,13.961704911247196,17.351404098449528,20.13807476878988,91.77226852639338,True,False
ALGT,vcp,85.0,74.77999877929688,77.02999877929688,,,,,,False,,,,3.0,32%->16%->12%,31.87552025783012,12.023530847886029,0.8243635666799334,38.0,-9.376472024356618,2.9209399398364337,False,32.94797687861271,False,34.80218898028935,,32.94797687861271,,,-109.13043478260869,26.373626373626323,,,33.10897415149181,8.925658694770977,7.570150008579657,1.0542159435079412,22.431114068344836,12.80388080853536,20.52073889392565,-20.029518957514714,1.0542159435079412,True,False
AMAT,vcp,474.0400085449219,411.510009765625,512.010009765625,,,,,,True,,,,2.0,21%->13%,20.9748516895046,13.190869473493247,0.7910911492216578,30.0,8.009872697718707,19.62852250603545,False,12.918660287081352,True,42.802187468946755,42.79279279279278,33.460076045627375,75.17241379310346,12.918660287081352,-9.686609686609682,38.188976377952756,7.627118644067776,6.3063063063063085,24.82881402355519,11.40845070422536,-2.149037119732067,-3.477643718949608,15.233881163084707,12.806617227609806,3.117647058823536,-6.874828814023559,-3.477643718949608,True,False
ARCB,vcp,134.8699951171875,124.05999755859375,128.8699951171875,,,,,,False,,,,2.0,12%->8%,11.543070909897278,8.015124156563532,0.66387372418704,15.0,-4.448728566191944,3.732441794709308,False,-155.35714285714283,True,34.468801472847225,-155.35714285714283,-138.46153846153845,-128.92561983471077,-59.33806146572105,,,-120.34883720930235,53.571428571428555,15.874399367673075,3.2788495642022353,-2.8909443964678094,-1.409713260165324,18.597277094392584,2.683080288849049,-7.198391050024943,2.5317532985866587,-2.8909443964678094,True,False
ARMP,vcp,3.8499999046325684,3.5199999809265137,3.5899999141693115,,,,,,False,,,,3.0,40%->23%->9%,39.90963720231878,8.571426802088423,0.04673594410995453,11.0,-6.753246672822201,1.9498589113196427,False,-1805.0000000000011,False,41.80212586344908,,,-1805.0000000000011,,,,,,,,,,,,,,,False,False
AROW,vcp,39.970001220703125,36.86000061035156,37.310001373291016,,,,,,False,,,,3.0,12%->9%->8%,12.154575303603046,7.780836916113692,0.804731346979201,52.0,-6.654990658429899,1.2061129626802791,False,1.538461538461533,True,28.46879166761574,1.538461538461533,115.78947368421053,214.81481481481475,45.28301886792452,-19.512195121951216,-3.52941176470587,10.389610389610372,18.461538461538463,,,,,,,,,,False,False
ARWR,vcp,72.48999786376953,63.9900016784668,66.25,,,,,,False,,,,2.0,25%->12%,24.982557011265115,11.725750359762431,0.6081190107682681,12.0,-8.60808118038072,3.4113182211821935,False,-133.8181818181818,False,54.8020920863426,,-133.8181818181818,,,,-522.7272727272727,,,171.0159541902258,-86.41316064410209,10461.32,,2.0559556260764555,-72.0728090806831,2.9480801023113568,823.6575791407066,-86.41316064410209,False,False
ASA,vcp,59.77000045776367,53.349998474121094,55.75,,,,,,False,,,,2.0,18%->11%,18.21561338289963,10.741177738787632,0.6313699536730641,18.0,-6.7257828793299,4.304935472428531,False,,False,,,,,,,,,,,,,,,,,,,False,False
ASTH,vcp,35.52000045776367,32.220001220703125,35.45000076293945,,,,,,False,,,,2.0,19%->9%,19.349184967744083,9.290538272893688,0.6121130147279832,11.0,-0.19707121036626785,9.111423054221966,False,-96.96969696969697,False,35.802063881562496,110.52631578947367,107.14285714285711,,-96.96969696969697,37.93103448275863,141.66666666666666,1100.0,-94.73684210526316,48.519871473775524,55.56343590322217,42.89088091111215,99.7133964195442,0.7688322453631713,1.5335767782578724,-0.5778998544006209,46.00432493188844,42.89088091111215,True,False
ATEX,vcp,86.43000030517578,77.76000213623047,79.04000091552734,,,,,,False,,,,2.0,20%->10%,20.23021885293896,10.03123699911189,0.7581227436823105,18.0,-8.550271159961913,1.6194316352106979,False,-185.36585365853657,False,41.8020622027662,-99.25925925925925,90.19607843137263,-185.36585365853657,,-98.96907216494846,,-112.23776223776223,111.85185185185182,38.0818053596615,40.964722822174224,0.4469987228607808,0.06447453255964408,0.0,24.47552447552448,1.3530927835051498,9.44992947813823,0.06447453255964408,True,False
ATI,vcp,193.1699981689453,178.25999450683594,188.9499969482422,,,,,,False,,,,2.0,18%->8%,17.558759017178186,7.7185918121038535,0.6819494306713302,23.0,-2.184604887251869,5.657582754200568,False,-25.531914893617003,True,26.4687298293287,55.71428571428574,26.86567164179103,-25.531914893617003,36.84210526315792,28.23529411764707,21.428571428571395,-10.256410256410241,11.428571428571432,10.584005612065939,0.6204124432016789,0.3752025240897128,7.068112633181123,9.518019973947034,-2.1748364624925687,4.584629053753897,-1.306559102069449,0.3752025240897128,True,False
AVBH,vcp,34.04999923706055,30.829999923706055,30.985000610351562,,,,,,False,,,,2.0,12%->9%,11.702750041796492,9.456679546264997,0.4978719538620529,62.0,-9.001464597311921,0.5002442588099376,False,-995.6521739130435,True,21.80206742479167,-5.333333333333334,18.309859154929576,-46.753246753246735,-995.6521739130435,-15.476190476190476,104.87804878048772,,-649.3333333333334,,,,,13.213386942813333,,,,,False,False
AVIR,vcp,5.65500020980835,5.039999961853027,5.179999828338623,,,,,,False,,,,2.0,13%->11%,13.220342325431334,10.875335546206195,0.822269935706746,16.0,-8.39965276474896,2.7027002147700405,False,,False,41.80206190724537,,,,,,,,,,,,,485.71820426076624,-45.669056647513706,-8.477684322194435,,,False,False
BB,vcp,8.979999542236328,8.329999923706055,8.720000267028809,,,,,,False,,,,2.0,14%->7%,13.991327563224623,7.2383034706525295,0.7595650315271989,5.0,-2.8953150162719363,4.472480864448871,False,,False,77.8020563059838,,,,,149.99999999999994,0.0,,,26.003086419753085,25.636811832374697,10.091743119266061,-1.253481894150421,6.801831262262925,-1.9871794871794912,10.014104372355437,9.41358024691359,-1.253481894150421,True,False
BBY,vcp,96.52999877929688,87.41999816894531,88.75,,,,,,False,,,,2.0,15%->9%,15.023270865734997,9.437481327623736,0.7217745726151765,28.0,-8.059669406072217,1.498593612455986,False,-47.61904761904761,True,54.468708687847226,70.11494252873563,37.89473684210527,365.45454545454527,-47.61904761904761,12.977099236641209,-48.828125,287.8787878787879,-24.13793103448275,3.6130536130536184,1.9276833580472275,-0.9607112130771478,2.4033880359978887,9.433751119068944,-35.31200231649052,42.82464846980976,2.4793388429751984,-0.9607112130771478,True,False
BCX,vcp,13.27641773223877,11.859999656677246,11.869999885559082,,,,,,False,,,,3.0,18%->14%->11%,18.00866974811763,10.668676627446525,0.5335757304052295,147.0,-10.593353380743064,0.08424792736520673,False,,False,,,,,,,,,,,,,,,,,,,False,False
BELFA,vcp,209.25,194.39999389648438,198.33999633789062,,,,,,False,,,,3.0,23%->11%->7%,22.964141393069664,7.0967771104017325,0.8292692839144925,30.0,-5.21386077042264,1.9864891167458174,False,,False,27.80202456622685,,,,,,,,,25.18493871027161,17.244708942576747,17.402358216723712,44.76131933547938,18.03676375839678,1.4510793575009284,-1.6996312437143835,6.3464429378665255,17.244708942576747,True,False
BGC,vcp,12.510000228881836,11.260000228881836,11.449999809265137,,,,,,False,,,,3.0,20%->16%->10%,19.937939610047543,9.992006212071244,0.6623022207183682,67.0,-8.473224622086548,1.65938500915569,False,-25.000000000000032,True,35.46869016642361,36.36363636363635,54.54545454545456,-25.000000000000032,100.0,-11.764705882352954,466.66666666666725,-50.00000000000004,-45.45454545454546,7.332583378469515,49.22311681120597,34.39048104078892,38.305892837250745,-12.805235017957761,24.91583071560335,2.868621392879356,-4.205456770348704,7.332583378469515,True,False
BRUN,vcp,17.989999771118164,15.800999641418457,16.649999618530273,,,,,,False,,,,2.0,30%->12%,30.407852564812675,12.167871915229325,0.7499807841764098,15.0,-7.44858348880681,5.099099078458473,False,,False,46.468686063877314,,,,,,,,,,,,,269.6782619019352,,,,,False,False
BSRR,vcp,42.13999938964844,38.90999984741211,39.16999816894531,,,,,,False,,,,3.0,14%->11%->8%,14.459003802890416,7.664925460416043,0.7858048162230672,73.0,-7.047938452112784,0.663769041836041,False,-2.7027027027027084,True,25.468678257361113,-1.2820512820512886,47.69230769230768,31.506849315068486,-2.7027027027027084,-19.791666666666664,0.0,33.33333333333333,-7.692307692307699,,,,,-3.3887836613686884,,,,,False,False
BSTZ,vcp,30.195972882416992,27.700000762939453,29.420000076293945,,,,,,False,,,,2.0,11%->8%,10.912766821597518,8.26591058747087,0.8234379076126339,48.0,-2.5697890548010562,5.846360669252458,False,,False,,,,,,,,,,,,,,,,,,,False,False
BWEN,vcp,4.420000076293945,4.0,4.059999942779541,,,,,,False,,,,3.0,25%->21%->10%,24.9122745083014,9.502264005526996,0.3181923710909387,33.0,-8.144799260190398,1.477831123772482,False,-300.0,False,46.468638868715274,,,,-300.0,,-109.375,,,67.37603305785125,-7.549269775775014,81.856564656553,24.60637129256682,-28.640220806295325,-45.469538067408536,41.17633762065147,204.67630853994493,-7.549269775775014,True,False
BWMX,vcp,17.475358920304394,15.152000427246094,16.739999771118164,,,,,,False,,,,2.0,18%->13%,18.20349711504087,13.295054503051269,0.7540751471253961,55.0,-4.207977372824234,9.486256664183923,False,,False,21.801976885092593,,,,,,,,,,,,,,,,,,False,False
CADL,vcp,12.005999565124512,10.569999694824219,10.880000114440918,,,,,,False,,,,2.0,30%->12%,29.60714612688337,11.960685676448303,0.7696976919123836,22.0,-9.37863977568715,2.849268532683549,False,-207.6923076923077,False,42.468642711608794,,-207.6923076923077,,,,,,,0.0,0.0,0.0,0.0,3.2258064516129004,0.0,0.0,-3.125,0.0,True,False
CCSI,vcp,38.56999969482422,33.61000061035156,34.689998626708984,,,,,,False,,,,2.0,19%->13%,18.74085014876668,12.859733273833154,0.5805599456393107,22.0,-10.059634687100864,3.1132835373648455,False,5.504587155963292,True,34.80197335474537,33.644859813084096,21.495327102803728,15.217391304347782,5.504587155963292,9.999999999999986,22.641509433962305,-7.826086956521761,7.47663551401867,4.445326228671842,1.7570699517062582,0.6147400233532441,0.12894177261004724,3.3637016425814625,1.4074251060973264,-0.7173033910941373,0.36392494756534166,0.12894177261004724,True,False
CEVA,vcp,29.309999465942383,26.8799991607666,34.47999954223633,,,,,,True,,,,3.0,22%->12%->8%,21.936051532970822,8.290686965038644,0.4389853197761867,30.0,17.639031629125,22.041764740049068,False,-600.0,False,39.468638051875004,,-55.555555555555515,,-600.0,-362.4999999999998,,,,35.58585905758185,54.47582028123927,6.795874230577281,17.83718104495746,7.434132622853751,5.241841264896019,5.910497009692728,13.225610610376881,6.795874230577281,True,False
CLDT,vcp,13.890000343322754,12.529999732971191,13.479999542236328,,,,,,False,,,,2.0,12%->10%,12.17579625449225,9.791220854831343,0.6514018421736494,44.0,-2.951769553292507,7.047476569183414,False,-40.0,False,34.46863980429398,85.7142857142857,,,-40.0,,-360.0,66.66666666666667,-57.14285714285715,3.91820470959352,0.5026458076342166,2.37108764619538,1.2260774395835172,-13.841953726326894,0.8071323673955577,26.351854828105136,-5.305902210907886,0.5026458076342166,True,False
CLDX,vcp,33.59000015258789,30.3799991607666,31.639999389648438,,,,,,False,,,,2.0,25%->10%,25.258240276204347,9.556418509197236,0.6179460926710796,8.0,-5.805301441146966,3.9823016851702793,False,,False,39.80197618979167,,,,,,,,,-98.12765957446808,-99.52992792228142,-70.77662129703764,345.51282051282055,46.66666666666666,-97.94520547945206,5.035971223021574,-40.851063829787236,-99.52992792228142,True,False
CLMT,vcp,55.58000183105469,51.33000183105469,53.22999954223633,,,,,,False,,,,2.0,13%->8%,13.278772181012263,7.64663522847414,0.7109359161029913,6.0,-4.228143597334901,3.5694114738326315,False,,False,36.46864124298611,,,,,,,-111.91135734072022,,40.76563413208649,3.601972029379219,9.383886255924168,-2.035623409669207,40.34184713994367,-0.8569227806662805,-3.6549165120593696,5.006818624586007,-2.035623409669207,True,False
CLOV,vcp,4.690000057220459,4.264999866485596,4.324999809265137,,,,,,False,,,,3.0,22%->16%->9%,22.254339057308567,9.061837644981624,0.7455202348680364,37.0,-7.782521183414241,1.3872819751577201,False,,False,34.801972805104164,,,,,0.0,,,,55.597964909342146,62.04602330365041,44.73606894525513,50.051663816596474,-0.8038025117827363,53.61456776302165,-1.8006644518272386,3.9843390142791257,44.73606894525513,True,False
CNQ,vcp,51.84456626668263,46.58000183105469,47.16999816894531,,,,,,False,,,,2.0,19%->10%,18.696747057297653,10.154515342162592,0.7411103536718056,81.0,-9.016505362764269,1.2507872817325083,False,,False,35.46859644319444,,,,,,,,,,,,,,,,,,False,False
COCO,vcp,61.29999923706055,55.79499816894531,56.54999923706055,,,,,,False,,,,2.0,26%->9%,25.831503396505838,8.98042599776582,0.8120065799312098,28.0,-7.748776605413497,1.33510358673964,False,25.0,True,27.468599465069445,115.78947368421053,61.290322580645174,66.6666666666666,25.0,63.99999999999999,400.0000000000007,-75.00000000000003,5.263157894736836,28.083835528771807,37.30799489768639,0.3880810413769753,37.17439393255384,20.24198258837928,40.67549907267563,-29.907905634814846,8.031571649512026,0.3880810413769753,True,False
CON,vcp,35.83495432698202,33.31999969482422,35.34000015258789,,,,,,False,,,,2.0,8%->7%,8.323188023870019,7.018160562476735,0.7649576744928924,43.0,-1.3812049818114431,5.7159039305090396,False,2.7027027027026973,True,35.80193446078704,45.71428571428573,30.000000000000004,124.99999999999983,2.7027027027026973,30.76923076923077,44.44444444444444,-28.947368421052634,8.571428571428585,10.030229581415618,13.739935137553116,15.920961807668576,16.98438438193115,6.404122516701638,5.653149810788749,-5.886871508379887,3.997022431620323,10.030229581415618,True,False
CPAY,vcp,427.4599914550781,388.19000244140625,392.70001220703125,,,,,,False,,,,2.0,12%->9%,11.831234755976244,9.186822111701364,0.35848745326017256,71.0,-8.13175032585472,1.1484618348438769,False,-7.0351758793969825,True,34.80192193703704,-7.0351758793969825,49.117647058823536,9.037900874635518,0.2564102564102555,-27.02169625246549,35.56149732620322,-4.347826086956519,-1.7587939698492372,,,,,12.502473901539691,,,,,False,False
CRDO,vcp,214.8699951171875,189.00999450683594,192.35000610351562,,,,,,False,,,,3.0,34%->16%->12%,34.24282271735643,12.035184622333068,0.8432239048950682,22.0,-10.480750930994224,1.7364239618907096,False,97.05882352941175,False,60.801928503460644,97.05882352941175,313.63636363636357,412.5,,-26.373626373626347,10.975609756097526,86.36363636363636,29.411764705882337,114.14189837008628,151.11506967389744,192.38947716268444,248.83905562641536,11.418685912911354,7.368578813401072,51.85485044417166,17.879352960320883,114.14189837008628,True,False
CRSR,vcp,13.630000114440918,12.670000076293945,13.460000038146973,,,,,,False,,,,2.0,23%->7%,23.11111126303056,7.043287087942556,0.7349922836762416,32.0,-1.2472492653454277,5.869241899064556,False,2199.9999999999723,False,33.80190343052083,,,2199.9999999999723,,-45.45454545454546,-52.17391304347826,,,-1.8046808616984045,-4.121162947937796,5.616708935431536,13.663424271611667,-11.333043733357407,-18.849046022135497,26.3452133397732,8.013132903483777,-4.121162947937796,True,False
CURR,vcp,3.200000047683716,2.9010000228881836,3.109999895095825,,,,,,False,,,,4.0,42%->20%->13%->9%,41.73228183854894,9.343750635627647,0.042098009765446254,17.0,-2.812504726461996,6.7202533523301575,False,,False,35.468578512129625,,,,,,,,,,,,,-10.69429282230564,-14.075012879534176,2.885994139541892,,,False,False
CVU,vcp,5.349999904632568,4.940000057220459,5.179999828338623,,,,,,False,,,,2.0,17%->8%,16.55518804009483,7.663548686367083,0.5504088914148589,31.0,-3.177571576155396,4.633200368177213,False,-50.0,False,,,,-50.0,50.0,-44.44444444444444,124.99999999999996,-55.55555555555555,,15.827175088285816,12.722432776679993,-10.815211369165457,-0.776405455461382,1.2764560246175893,-10.577106238370737,0.7483690729334525,26.944890305807156,-10.815211369165457,True,False
DAVE,vcp,339.6300048828125,310.8800048828125,326.44000244140625,,,,,,False,,,,2.0,12%->8%,12.360577887100078,8.465094245698355,0.508792965627498,5.0,-3.8836387397389664,4.7665719403940585,False,-20.967741935483875,True,34.80189444377315,-20.967741935483875,104.06091370558373,322.01834862385306,21033.333333333336,-87.81094527363183,-12.608695652173918,-27.444794952681395,922.5806451612904,29.627268380427594,46.708156215560436,62.35719952399841,62.96532560628832,7.814334591639627,-3.2414900959559234,8.622325427102329,14.396199063427373,29.627268380427594,True,False
DFTX,vcp,40.38999938964844,35.5099983215332,38.209999084472656,,,,,,False,,,,2.0,16%->12%,16.15261508083942,12.082201391084773,0.5382788462231317,11.0,-5.397376425151653,7.066215199247802,False,-430.76923076923117,False,35.80189273597222,,,-430.76923076923117,,,,,,,,,,,,,,,False,False
DIBS,vcp,4.275000095367432,3.8299999237060547,4.03000020980835,,,,,,False,,,,2.0,16%->10%,16.07929570941081,10.409360508403209,0.5321737014961684,10.0,-5.7309913472183105,4.962785997269368,False,,False,36.46855559121528,,,,,,,,,5.339959340411116,-0.6963850077622569,0.8695652173912993,3.690420009438422,4.149544398785054,-2.5252525252525304,4.533042053522673,-0.736390332053305,-0.6963850077622569,True,False
DRH,vcp,12.970000267028809,11.850000381469727,12.470000267028809,,,,,,False,,,,2.0,13%->9%,13.052938330051953,8.635311198923002,0.767098774088747,40.0,-3.8550500362830054,4.971931614134661,False,-9.090909090909083,False,33.80187549060185,144.44444444444446,75.00000000000003,,-9.090909090909083,528.5714285714286,-41.666666666666664,19.999999999999996,-44.44444444444444,4.110297003794328,1.2983955456675078,-1.6187005242769281,0.08943320391823217,23.289252484873835,-5.9635600690624795,-3.801894990609145,-6.651838283396572,-1.6187005242769281,True,False
DSGN,vcp,13.295000076293945,11.831999778747559,12.619999885559082,,,,,,False,,,,2.0,23%->11%,22.888885982452877,11.004139068453515,0.6267217630853994,18.0,-5.077098058377923,6.244057955287485,False,,False,35.4685077516088,,,,,,,,,,,,,64.99999999999999,-35.483870967741936,-78.16901408450705,,,False,False
DUOT,vcp,9.710000038146973,8.760000228881836,8.970000267028809,,,,,,False,,,,3.0,22%->13%->10%,21.60377244755826,9.78372611259466,0.44122236091298145,22.0,-7.621006881678483,2.3411374793250963,False,,False,42.80183969109954,,,,,,,,,29.507153652910635,-45.03381840541094,613.7039387348979,112.33325408856683,126.86854318491329,-73.89138270709721,51.597367739556454,44.22612769935763,-45.03381840541094,True,False
DVA,vcp,195.75,174.0800018310547,175.19000244140625,,,,,,False,,,,2.0,31%->11%,30.744680555910925,11.07024172104486,0.719599774066005,40.0,-10.503191600814176,0.6335981476584609,False,-18.399999999999995,True,27.801842102581016,55.81395348837208,43.50000000000001,4.545454545454541,-18.399999999999995,40.06968641114981,-10.869565217391298,57.843137254901954,-20.93023255813954,1.4005406250927166,4.13629230677639,0.5761470981307859,1.7011478637815935,-0.47224746140921425,1.7228558940625138,3.7535975154374457,-3.467319802930835,0.5761470981307859,True,False
EGBN,vcp,29.1299991607666,26.520000457763672,27.959999084472656,,,,,,False,,,,2.0,14%->9%,14.387457392229871,8.959831027108905,0.5534274967375451,52.0,-4.01647823550145,5.150209849286709,False,-408.33333333333337,False,20.801840266805556,,700.0,-117.64705882352939,-408.33333333333337,-52.08333333333333,,,,,,,,,,,,,False,False
EOLS,vcp,8.510000228881836,7.711999893188477,7.989999771118164,,,,,,False,,,,2.0,18%->9%,18.474760359888602,9.377206982733677,0.4310463875462934,16.0,-6.1104634991531235,3.479347758363987,False,,False,34.8018330846412,,,,,,-1699.9999999999986,,,21.18120108954127,6.735063191383794,14.38053377582429,12.903331423426367,14.967800155871846,-19.00664451827242,30.932184958023413,-0.6053007047429615,6.735063191383794,True,False
ERAS,vcp,14.890000343322754,13.819999694824219,14.210000038146973,,,,,,False,,,,2.0,14%->7%,14.199681935249775,7.186035082788727,0.6482184796744285,5.0,-4.566825315626802,2.744548502996423,False,,False,41.80183185715278,,,,,,,,,,,,,,,,,,False,False
EXEL,vcp,59.720001220703125,54.54999923706055,58.650001525878906,,,,,,False,,,,2.0,12%->9%,12.256364264666706,8.657069454061388,0.6340373032972816,38.0,-1.7916940270478128,6.990626056521519,False,26.15384615384615,True,26.80182947871528,26.15384615384615,43.636363636363626,89.36170212765953,72.49999999999999,3.797468354430378,-11.235955056179737,28.985507246376784,6.153846153846132,10.63402204268813,9.96764767835636,5.62994592019479,10.789336140652628,2.926923505104684,2.0293554136467495,0.15190169885654914,5.190220690844516,5.62994592019479,True,False
FCEL,vcp,16.979999542236328,15.75,16.899999618530273,,,,,,False,,,,4.0,30%->20%->16%->7%,30.292339630339686,7.243813753803745,0.4717863447962107,22.0,-0.47114208399747937,6.804731624190914,False,,False,77.46845609319445,,,,,,,,,-29.399054403867964,-4.85750949045608,60.714849713112606,11.535498520050268,-7.271909859788139,16.566768202810266,-44.50523484077359,17.698906788182178,-29.399054403867964,True,False
FCX,vcp,74.9000015258789,69.45999908447266,70.79000091552734,,,,,,False,,,,2.0,15%->7%,14.788908117602112,7.263020468065891,0.6039792528899169,15.0,-5.487317124995658,1.8787990024774246,False,9.523809523809534,True,21.468454592407408,183.33333333333334,69.44444444444444,9.523809523809534,65.625,11.475409836065587,32.6086956521739,-13.207547169811317,120.83333333333334,-8.09194791389849,12.199497667743087,-10.425170068027212,2.0808383233532846,10.601215222257764,18.73932029618379,-22.759935474409744,-9.394100451767207,-10.425170068027212,True,False
FIX,vcp,1695.5699462890625,1545.2099609375,1665.050048828125,,,,,,False,,,,2.0,20%->9%,20.065295986655666,8.867813780295029,0.8340248504778089,30.0,-1.799978675473317,7.197386527508249,False,91.88361408882082,True,21.801787517245373,91.88361408882082,121.26315789473682,129.1666666666666,101.71149144254281,19.219790675547088,12.406417112299483,13.333333333333307,26.339969372128635,-4.337759647837336,-2.865961444390097,1.0158179590843641,14.326574422345306,-4.177629367017621,-2.1198741350989203,-3.9502708926275276,6.18984161535483,-4.337759647837336,True,False
FLNG,vcp,32.974998474121094,30.56999969482422,30.850000381469727,,,,,,False,,,,2.0,9%->7%,8.65905074493331,7.293400729599206,0.742583667096599,28.0,-6.444270480616016,0.90761971858416,False,,False,57.468453906319446,,,,,,,,,,,,,,,,,,False,False
FMAO,vcp,35.709999084472656,32.65999984741211,34.709999084472656,,,,,,False,,,,2.0,13%->9%,12.548688074188115,8.541023005477312,0.654179780455976,43.0,-2.8003361121194144,5.9060768975289415,False,18.032786885245965,True,25.80178475466435,53.571428571428555,37.254901960784295,18.032786885245965,33.33333333333335,22.857142857142865,-2.7777777777778123,12.500000000000021,14.28571428571428,,,,,,,,,,False,False
FMX,vcp,125.0,115.5,119.61000061035156,,,,,,False,,,,2.0,18%->8%,18.4703503621576,7.6,0.566756384384732,44.0,-4.311999511718749,3.4361680372701757,False,,False,27.468451547824074,,,,,,,,,,,,,,,,,,False,False
FNKO,vcp,5.679999828338623,5.28000020980835,5.329999923706055,,,,,,False,,,,2.0,29%->7%,29.047616050974735,7.042247017941754,0.6760249892505754,21.0,-6.161970338209357,0.9380809495948226,False,-75.0,False,35.801784795856484,,,,-75.0,,,-100.0,,7.365521091234251,5.337136086484673,-7.024502177176917,-14.298157225078134,3.384448459329392,-26.42916776518147,8.844383332336946,29.687443466395138,-14.298157225078134,True,False
FNRN,vcp,18.0,16.530000686645508,17.299999237060547,,,,,,False,,,,2.0,17%->8%,17.246751661424515,8.166662851969402,0.7842652302556711,43.0,-3.8888931274414062,4.450858869204609,False,-12.121212121212132,True,27.801789779178243,-12.121212121212132,63.636363636363626,-8.108108108108091,11.764705882352944,-19.444444444444443,5.882352941176472,-10.526315789473696,15.151515151515138,,,,,,,,,,False,False
FRST,vcp,16.8799991607666,15.300000190734863,15.369999885559082,,,,,,False,,,,2.0,18%->9%,17.650563466325877,9.360183937118057,0.58219627132597,65.0,-8.945493781286086,0.45543067889016137,False,-67.3913043478261,False,21.80178580158565,280.0,-67.3913043478261,,460.00000000000006,26.666666666666682,-74.78991596638656,325.0,180.00000000000003,,,,,,,,,,False,False
FSTR,vcp,39.13999938964844,36.290000915527344,37.36000061035156,,,,,,False,,,,2.0,15%->7%,15.450746711020201,7.281549613091838,0.41318219352901436,38.0,-4.547774162121323,2.8640248322901454,False,-87.76758409785933,False,32.46842493209491,7.407407407407396,,,-87.76758409785933,107.14285714285711,-36.36363636363633,-45.00000000000003,48.14814814814814,-3.488485490185156,23.87925392670156,25.11253442344148,0.5965111372994159,14.368024829954429,-24.461100060483997,15.971971132291053,-3.6723832875910745,-3.488485490185156,True,False
GAIN,vcp,16.851238686716762,15.510000228881836,15.829999923706055,,,,,,False,,,,2.0,14%->8%,13.755745879178743,7.95928704571835,0.675174863091688,94.0,-6.06031866260202,2.021476287848912,False,-89.28571428571429,False,33.80172211431713,26.66666666666666,-89.28571428571429,,36.00000000000001,533.3333333333333,-85.0,-41.17647058823529,126.66666666666674,,,,,,,,,,False,False
GEO,vcp,32.0,29.600000381469727,30.959999084472656,,,,,,False,,,,2.0,10%->7%,9.879589119762416,7.4999988079071045,0.7509358668824009,7.0,-3.250002861022949,4.392760798513747,False,64.28571428571428,True,35.46839898987268,71.42857142857142,107.14285714285711,64.28571428571428,552.6315789473684,24.13793103448276,26.086956521739136,-81.45161290322581,490.4761904761905,15.07508225015679,16.632183736957273,16.56552359639307,13.134259067357522,3.8086365395986643,-0.44876283187839094,3.8178857785183595,7.257819856044545,13.134259067357522,True,False
GEV,vcp,983.3400268554688,868.25,962.489990234375,,,,,,False,,,,2.0,21%->12%,20.52089074493127,11.703990858940665,0.8266431702338861,30.0,-2.1203282742153937,9.791269643378495,False,32.79569892473118,False,27.468399207233798,32.79569892473118,1816.4835164835165,658.8571428571431,,-85.83715596330275,31.32530120481927,709.7560975609758,-11.827956989247323,21.8746570080123,16.272410358565747,3.7696533434362633,11.847862672500842,18.89923974729628,-14.759036144578308,9.900692145651524,9.417188014487987,3.7696533434362633,True,False
GLW,vcp,160.7100067138672,149.25999450683594,158.7100067138672,,,,,,False,,,,2.0,17%->7%,16.90017304873896,7.1246417327436165,0.6929735454920666,14.0,-1.2444775785249382,5.954263630061053,False,18.518518518518512,False,26.468389343877316,18.518518518518512,138.88888888888889,69.44444444444449,,48.837209302325576,-29.508196721311485,22.00000000000002,-7.407407407407418,20.464557468962763,15.663157894736845,,,9.501274117218795,9.879999999999999,-4.104334484081318,4.405286343612325,15.663157894736845,False,False
GPRE,vcp,16.030000686645508,14.329999923706055,14.710000038146973,,,,,,False,,,,2.0,19%->11%,18.998791514024134,10.60511971378587,0.7141501224555705,26.0,-8.234563892428397,2.583277453810169,False,-75.36231884057972,False,34.46838778219907,,,,-75.36231884057972,97.61904761904762,61.53846153846152,52.941176470588225,,-30.69845442596202,19.115103498298282,2.3666917238536422,14.537027553006254,7.428919387324928,1.1441430771052863,-5.62051465492186,-32.422305821208965,-30.69845442596202,True,False
GPRK,vcp,11.510000228881836,10.449999809265137,10.510000228881836,,,,,,False,,,,2.0,20%->9%,19.801982930755184,9.209386607628897,0.7902231668437831,17.0,-8.688097133922883,0.5708888516654456,False,,False,34.80172162322916,,,,,,,,,,,,,,,,,,False,False
GSIT,vcp,5.869999885559082,5.389999866485596,5.460000038146973,,,,,,False,,,,2.0,19%->8%,18.664385686785927,8.177172545681731,0.5865440824786098,14.0,-6.984665339104336,1.2820544170753114,False,,False,28.801712097175926,,,,,,,,,0.46156294763648464,7.4111847696753275,12.22755818248984,41.62637362637363,-0.11077702168064141,3.999341672152723,-5.710738671632532,2.562470157568031,0.46156294763648464,True,False
GSL,vcp,46.56999969482422,43.25,44.029998779296875,,,,,,False,,,,2.0,10%->7%,10.22599781246303,7.129052429848315,0.7664940777709242,41.0,-5.45415703708849,1.771516695257403,False,,False,39.46836375814814,,,,,,,,,,,,,,,,,,False,False
GTBP,vcp,7.25,6.710000038146973,6.875,,,,,,False,,,,4.0,47%->19%->9%->7%,47.161935178802,7.448275335903825,0.12913444516910463,11.0,-5.172413793103448,2.399999445134943,False,,False,,,,,,,-102.03703703703704,,,,,,,,,,,,False,False
HLF,vcp,13.170000076293945,11.510000228881836,12.4399995803833,,,,,,False,,,,2.0,20%->13%,19.923078096829926,12.604402716748012,0.7472371267680437,23.0,-5.5429042648575875,7.475879283532979,False,-152.08333333333334,True,34.80166382236111,-152.08333333333334,16.326530612244895,-53.714285714285694,-8.695652173913048,-143.859649122807,-29.62962962962966,92.85714285714293,-12.5,5.376856484790715,7.816976344438076,6.261388106675492,2.6928968797871544,0.728818706346801,2.6656274356975818,0.7301562377325821,1.1595584147406912,2.6928968797871544,True,False
HLT,vcp,335.6471570705618,300.0,323.44000244140625,,,,,,False,,,,2.0,13%->11%,13.282120819718783,10.620425741627185,0.6804611043139083,71.0,-3.6369009455334855,7.247094442392788,False,-38.04878048780485,True,26.468330558981485,14.130434782608692,34.959349593495936,-38.04878048780485,28.98550724637683,26.50602409638556,30.70866141732278,-28.651685393258397,-3.2608695652173947,6.503028371055142,8.979591836734691,10.923463887890762,8.824555284269264,13.75553285665645,-4.85908649173955,-1.057692307692304,-0.5419190309212674,6.503028371055142,True,False
HPE,vcp,65.6500015258789,60.68000030517578,61.4900016784668,,,,,,False,,,,3.0,18%->11%->8%,18.078335798204662,7.570451036081051,0.4054215591332768,22.0,-6.336633283659952,1.3172895611981585,False,-87.25490196078431,False,63.80166180930555,404.7619047619048,,-29.54545454545454,-87.25490196078431,140.9090909090909,41.93548387096775,138.46153846153854,-38.095238095238116,32.95819935691318,39.10428662827896,18.10945273631841,14.328703703703694,14.110937356268982,14.479780960404387,-3.867179591010328,5.873526259378359,14.328703703703694,True,False
HSBC,vcp,107.43000030517578,99.33000183105469,100.72000122070312,,,,,,False,,,,2.0,10%->8%,9.925738792982814,7.539791912046426,0.6182050126617628,82.0,-6.2459267107992185,1.3800629197795535,False,,False,26.468345178472223,,,,,,,,,,,,,,,,,,False,False
HUM,vcp,419.9700012207031,369.1300048828125,386.8699951171875,,,,,,False,,,,2.0,18%->12%,17.531710871424565,12.105625685195816,0.5677045515238325,52.0,-7.881516776747316,4.5855172172247025,False,-59.29648241206029,False,36.46832982942129,-4.563106796116512,,-59.29648241206029,-19.75088967971531,,-506.7901234567901,-64.07982261640798,-56.21359223300971,25.712143928035978,28.55917667238421,45.058930190389844,27.27272727272727,11.874583055370236,-6.312499999999998,14.28571428571428,4.94752623688155,25.712143928035978,True,False
HYLN,vcp,4.355000019073486,3.9200000762939453,4.010000228881836,,,,,,False,,,,2.0,14%->10%,14.102561359417956,9.988517586093742,0.6031829414463072,5.0,-7.92192396511282,2.244392704510808,False,,False,40.801662117141205,,,,,,,,,226.3366336633663,479.14110429447857,-52.81643472498343,,74.57627118644068,297.75280898876406,-6.192358366271411,-49.9009900990099,-52.81643472498343,False,False
INCY,vcp,130.8000030517578,119.97000122070312,123.19999694824219,,,,,,False,,,,2.0,13%->8%,12.692314242663528,8.279817720469957,0.4910910729527779,44.0,-5.810402084247879,2.621749843789382,False,62.22222222222222,False,26.46833009708333,83.74999999999999,62.22222222222222,290.7407407407407,,0.6849315068493178,-30.805687203791464,3.4313725490195957,154.99999999999997,20.8736268850354,27.83893753955635,20.04700005536655,16.456864084525268,-15.539790355281102,10.311644387179907,12.377409341940826,15.44603560838751,16.456864084525268,True,False
INGM,vcp,28.0049991607666,25.989999771118164,26.950000762939453,,,,,,False,,,,2.0,13%->7%,13.228582865390035,7.195141760515873,0.4845666926377916,15.0,-3.767178823219323,3.5621557129654833,False,19.999999999999996,True,40.80166400991898,200.0,44.827586206896555,44.44444444444442,19.999999999999996,14.28571428571428,-19.23076923076922,23.809523809523792,162.5,13.57760648856381,13.697251890607177,11.488024806907937,7.150842481799136,4.068529492377015,-6.148312216618834,18.041877202468637,-1.4866472887666626,7.150842481799136,True,False
IPAR,vcp,118.20002381519946,108.19999694824219,115.08999633789062,,,,,,False,,,,2.0,15%->8%,14.873537791664331,8.460257912123497,0.6797629127857747,44.0,-2.6311563880657287,5.986618827773888,False,-4.040404040404044,True,34.801662664930554,-4.040404040404044,2.2727272727272707,12.820512820512885,6.217616580310881,-29.62962962962964,53.409090909090786,-57.07317073170728,107.07070707070704,2.126455368693403,1.790336433316897,6.824544126759324,1.165723490388082,-1.1157342302506645,-10.692043762542891,-10.10384585838693,28.64111686071582,1.165723490388082,True,False
IQV,vcp,271.79998779296875,252.52999877929688,268.989990234375,,,,,,False,,,,3.0,15%->10%->7%,14.925525775255025,7.0897681674474216,0.7302144848631205,77.0,-1.0338475661500535,6.119183632348657,False,-21.82741116751269,True,26.46831949940972,15.000000000000014,23.23651452282156,24.51612903225806,-21.82741116751269,-45.791245791245785,53.88601036269429,25.324675324675326,10.000000000000009,8.40950639853748,10.257705912076798,5.236139630390135,5.322496067121141,-4.880843263061408,6.439024390243908,2.066218571072942,4.909898145729952,5.236139630390135,True,False
IRDM,vcp,50.80444194362045,45.81071216488614,47.939998626708984,,,,,,False,,,,2.0,23%->10%,22.682756869318368,9.829317255912459,0.4380509307468205,61.0,-5.638174945588904,4.441565546137806,False,-55.00000000000001,True,21.468308828576387,-55.00000000000001,-25.92592592592593,-19.999999999999986,66.66666666666666,-55.00000000000001,-16.666666666666664,-31.428571428571427,74.99999999999997,3.840834278443195,1.944824505067988,-0.023944673718612197,6.656922230943119,2.821183527575011,2.8726401803324864,-6.166964108665473,4.62366186274239,-0.023944673718612197,True,False
ISTR,vcp,31.270000457763672,28.829999923706055,29.170000076293945,,,,,,False,,,,2.0,12%->8%,12.068402467801485,7.80300766977385,0.3192812955281325,112.0,-6.715703072362257,1.1655815964985343,False,-18.032786885245955,True,18.46830181488426,32.6086956521739,22.222222222222232,-18.032786885245955,0.0,-20.779220779220786,54.00000000000007,-7.407407407407451,17.391304347826097,,,,,,,,,,False,False
JHX,vcp,27.440000534057617,24.6200008392334,25.100000381469727,,,,,,False,,,,2.0,19%->10%,19.40820974304986,10.276966617854576,0.6269944023456837,15.0,-8.52769718310887,1.9123487447860423,False,,False,35.80160103380787,,,,,19.999999999999996,,,,,,,,63.862651405711745,,,,,False,False
JNJ,vcp,281.07000732421875,260.67999267578125,267.57000732421875,,,,,,False,,,,2.0,9%->7%,8.897774329519706,7.254425629596718,0.7366176935866429,44.0,-4.8030738421789465,2.575032499845456,False,-52.863436123348016,True,12.468266015208334,-0.8733624454148492,-52.863436123348016,47.51773049645389,90.990990990991,6.074766355140171,2.8846153846153966,-1.8867924528301883,-7.423580786026196,6.5998399528282015,9.907276298360213,9.07637655417406,6.7731743135597045,5.186601280026593,-2.0436411007979105,2.379860792731203,1.0529419197237155,6.5998399528282015,True,False
KB,vcp,133.2899932861328,123.01000213623047,127.9000015258789,,,,,,False,,,,2.0,10%->8%,10.313549527434127,7.712500313383878,0.6641262615812585,36.0,-4.043808261497353,3.8232989298745315,False,,False,28.468264269837963,,,,,,,,,,,,,,,,,,False,False
KDP,vcp,32.93121622142098,30.340004843003424,31.030000686645508,,,,,,False,,,,2.0,14%->8%,13.518407456227296,7.868556572569087,0.7534143170666927,37.0,-5.773292799124674,2.2236410840269167,False,-90.0,False,25.468264488969908,-90.0,-47.36842105263158,,8.888888888888879,-80.0,-23.076923076923073,-46.93877551020408,22.499999999999986,75.57050204179679,9.381017881705645,10.540540540540544,10.665638653302501,83.82796780684106,-11.624805512336078,4.482117974918709,3.435022820081679,9.381017881705645,True,False
KEX,vcp,143.57000732421875,127.62000274658203,131.94000244140625,,,,,,False,,,,3.0,18%->15%->11%,18.460270251545037,11.109565900917886,0.7340461051053947,104.0,-8.100581102952024,3.274215260639171,False,0.0,True,27.468264735104167,0.0,12.781954887218049,127.02702702702693,6.451612903225801,11.333333333333329,-10.714285714285698,1.8181818181818077,-1.19760479041916,7.825543132017465,7.43834157057961,6.164661012195949,4.81405861042965,9.276163104090873,-0.9011769540078096,-2.2253062292733494,1.835982021263538,4.81405861042965,True,False
KEYS,vcp,339.17999267578125,311.43499755859375,360.6499938964844,,,,,,True,,,,2.0,16%->8%,16.254472672896224,8.180021144026812,0.45685005797209854,30.0,6.32997278268889,13.646193586798331,False,35.570469798657726,False,54.80159847822917,109.09090909090904,35.570469798657726,68.04123711340206,,13.861386138613852,23.926380368098176,20.740740740740726,22.72727272727273,41.34762633996938,32.28043143297381,31.470829909613805,,7.513104251601632,7.312500000000011,18.343195266272193,3.522205206738138,31.470829909613805,False,False
KFRC,vcp,53.41999816894531,49.65999984741211,51.880001068115234,,,,,,False,,,,2.0,17%->7%,17.33555565998106,7.038559435441924,0.7350171020671195,28.0,-2.8828100966228143,4.279107893209949,False,-51.66666666666666,True,32.80159839059028,23.728813559322038,2.2222222222222143,-51.66666666666666,-16.000000000000004,58.69565217391304,58.6206896551724,-53.96825396825397,6.779661016949157,4.49125976620921,0.10180954343268489,-3.4219359943219785,-5.8513694423453,5.741242992577877,-0.49816576209723573,-0.18848923026049125,-0.4998265114442568,-5.8513694423453,True,False
KLIC,vcp,86.3169900030361,78.10819124465867,93.72000122070312,,,,,,True,,,,2.0,27%->10%,26.878808402826003,9.510061412114453,0.7954908220271348,30.0,8.576540050118334,16.657927627721524,False,-78.80794701986756,False,48.801598272129624,,,-78.80794701986756,-31.428571428571452,62.12121212121213,106.25,122.2222222222221,,122.6280716648811,49.778993246329925,20.166261346945657,-2.074244839206041,36.18318282424027,21.5383844708829,12.42805167888803,19.63776758100706,-2.074244839206041,True,False
KNSA,vcp,79.76000213623047,74.0199966430664,75.7300033569336,,,,,,False,,,,3.0,14%->9%->7%,13.89558860215956,7.196596463676248,0.5692478356283309,43.0,-5.052656308124989,2.2580306854173995,False,145.45454545454547,False,26.468263395219907,145.45454545454547,,,,50.000000000000064,-21.739130434782638,0.0,109.09090909090908,55.50749355880538,64.95315662335967,61.16972926729285,44.339092892452435,6.005630123635131,11.76190871139864,15.34340580495801,13.798308959610983,44.339092892452435,True,False
KOP,vcp,47.72708411901884,44.07419821889442,46.08000183105469,,,,,,False,,,,2.0,17%->8%,16.79245794743866,7.653695941313064,0.6567218627077782,37.0,-3.451043193539252,4.352872249255192,False,-1051.8518518518517,False,36.46825544180555,-1051.8518518518517,,,7.339449541284382,-2302.8571428571427,-75.69444444444446,23.07692307692313,44.44444444444442,3.030903328050716,-0.2628696604600189,-9.287211740041935,-12.448132780082988,14.232374258730518,5.223018257453194,-10.838656501133315,-3.8629160063391454,-12.448132780082988,True,False
KRYS,vcp,373.30999755859375,331.7799987792969,335.05999755859375,,,,,,False,,,,2.0,20%->11%,19.506778045075375,11.124802188770321,0.48967873968952347,43.0,-10.246176167300845,0.9789287898276439,False,10.457516339869244,True,32.46820443814815,38.759689922480625,52.500000000000014,10.457516339869244,192.30769230769232,-2.1857923497267784,8.284023668639096,-36.46616541353386,106.20155038759691,24.135274150892315,31.949468718460473,17.51700680272108,16.64937202561991,2.4622498001839244,8.638252182437789,9.51431492842536,1.8304491784844057,16.64937202561991,True,False
LAR,vcp,6.110000133514404,5.300000190734863,5.489999771118164,,,,,,False,,,,2.0,23%->13%,22.90185043334865,13.256954583954125,0.5292241074584659,17.0,-10.147305218463602,3.4608303880603444,False,,False,39.46820311878472,,,,,,,,,,,,,,,,,,False,False
LASR,vcp,41.650001525878906,38.47999954223633,39.0099983215332,,,,,,False,,,,3.0,29%->12%->8%,28.532108691854212,7.611048901577883,0.45488050641797634,29.0,-6.338542875455497,1.3586229225862847,False,,False,35.80153494329861,,,,,-300.0,,,,33.78310520774277,55.18502748316172,71.34505392456892,18.908229257603026,3.005699604644496,-1.236681653014715,21.640046747175703,8.110472179476801,18.908229257603026,True,False
LEA,vcp,134.92999267578125,117.66999816894531,119.31999969482422,,,,,,False,,,,2.0,21%->13%,20.806667262976354,12.791814602932202,0.5798730494578154,43.0,-11.56895710982936,1.3828373534185308,False,-16.182572614107894,True,21.46820293003472,23.8562091503268,124.16107382550337,-3.658536585365879,-16.182572614107894,13.473053892215582,111.39240506329111,-21.78217821782178,-33.98692810457516,2.968293977182279,4.72096829307771,4.794736289504087,1.7083303488288903,6.63941746238923,-2.7685936612897866,5.436811155322374,-5.813876359777126,1.7083303488288903,True,False
LOMA,vcp,10.5600004196167,9.020000457763672,9.140000343322754,,,,,,False,,,,2.0,27%->15%,26.758282106425273,14.583332392603499,0.796105813749781,48.0,-13.446969885115664,1.3129089830587173,False,,False,35.80153748274306,,,,,,,,,,,,,,,,,,False,False
LPTH,vcp,10.380000114440918,9.550000190734863,10.020000457763672,,,,,,False,,,,3.0,36%->21%->8%,36.22775860134466,7.99614561228509,0.45458180965950307,22.0,-3.468204746707136,4.690621213142203,False,,False,42.80153427383102,,,,,,,,,,,,,17.112411638897406,78.36297222825492,23.472567516369747,,,False,False
LVLU,vcp,12.055000305175781,10.970000267028809,11.329999923706055,,,,,,False,,,,3.0,31%->20%->9%,30.907028644830913,9.000414854250405,0.12960609911054638,15.0,-6.014105044513767,3.177402110339025,False,-102.30326295585412,False,41.80153765572917,,,-102.30326295585412,,,,,,-16.82163886162905,-10.324994154781386,-4.7303732595582515,-8.599639818667326,17.861674575446273,-8.70703608492811,-14.367245994754796,-9.72644749754662,-16.82163886162905,True,False
MATX,vcp,240.8699951171875,218.10000610351562,226.42999267578125,,,,,,False,,,,2.0,11%->9%,11.41075213947984,9.453227664406217,0.7085436364873138,39.0,-5.994936162298228,3.67883533176327,False,-28.01358234295416,True,34.80148363790509,46.23287671232876,-15.13761467889908,21.138211382113848,-28.01358234295416,130.81081081081075,-58.61297539149888,5.4245283018868,45.205479452054796,16.72486453943407,-3.0946291560102313,-4.3131528698191595,-8.513513513513516,27.922934811295864,-11.045897405798799,-3.2041813430292,5.972305839855507,-8.513513513513516,True,False
MFC,vcp,44.517941593801226,41.33454669996313,43.41999816894531,,,,,,False,,,,2.0,9%->7%,8.51273738851591,7.150813312269949,0.6905932922803283,95.0,-2.4662942300297033,4.802974566852318,False,,False,34.80148221315972,,,,,,,,,,,,,,,,,,False,False
MGA,vcp,69.2300033569336,61.720001220703125,64.55999755859375,,,,,,False,,,,2.0,14%->11%,14.01256755692245,10.847900869671587,0.7922113048756624,26.0,-6.745638555385291,4.399003168042384,False,,False,29.468148081099535,,,,,,,,,,,,,,,,,,False,False
MLI,vcp,64.48027897345447,57.81999969482422,60.790000915527344,,,,,,False,,,,3.0,23%->16%->10%,23.185332562774917,10.329172554250562,0.6570228924631354,72.0,-5.723111184811034,4.885673920008956,False,1.8018018018017834,True,19.468148168692128,1.8018018018017834,55.395683453237424,104.95867768595045,27.027027027027017,-47.6851851851852,-12.903225806451623,31.914893617021313,69.36936936936935,25.457465604965158,19.280818664920286,4.206549609327626,8.01668819669863,19.691283775005132,23.96338263792557,-10.710375719969123,-5.3022695143884135,4.206549609327626,True,False
MPTI,vcp,81.25,72.48999786376953,76.08999633789062,,,,,,False,,,,2.0,20%->11%,20.38576607503126,10.781541090745192,0.8279432155827006,31.0,-6.350773737980769,4.731237544203164,False,-22.222222222222232,True,41.801487353611115,-18.867924528301895,19.64285714285714,32.35294117647063,-22.222222222222232,-35.820895522388064,-25.555555555555543,42.85714285714284,18.867924528301884,13.755458515283836,15.34715677034244,11.15189379148771,7.234751021643704,2.880294157701213,3.1827443265650235,0.4446012702893354,6.685740099382631,7.234751021643704,True,False
MRVL,vcp,267.4800109863281,248.13999938964844,263.2699890136719,,,,,,False,,,,3.0,21%->12%->7%,21.201889117151417,7.230451174786376,0.43175732143697915,22.0,-1.5739576042082037,5.746948097163374,False,-80.0,False,61.80148219520833,50.0,-80.0,95.65217391304337,,725.0,-91.11111111111111,-79.54545454545456,900.0,36.54852699267235,27.568195008705754,22.080994827775946,36.83134357891959,13.297212341798325,8.973723351512142,6.951072547601833,3.409600717810668,22.080994827775946,True,False
NAUT,vcp,1.0199999809265137,0.9399999976158142,1.3650000095367432,,,,,,True,,,,3.0,23%->13%->8%,22.80701699349358,7.843135765358715,0.2847057494634587,14.0,33.823532849172196,31.135531791326976,False,,False,26.46810666587963,,,,,,,,,,,,,,,,,,False,False
NEWP,vcp,6.940000057220459,6.150000095367432,6.389999866485596,,,,,,False,,,,2.0,15%->11%,15.156253946479351,11.383284659070023,0.8200886034319321,14.0,-7.925074729108057,3.755865041201641,False,,False,43.80143177556713,,,,,,,,,,,,,,,,,,False,False
NEXA,vcp,13.354999542236328,11.800000190734863,12.380000114440918,,,,,,False,,,,2.0,19%->12%,19.194857540218376,11.643574727079896,0.6150912674607936,14.0,-7.300632431411855,4.6849751077910025,False,,False,28.801435313877317,,,,,,,,,,,,,,,,,,False,False
NUE,vcp,268.4700012207031,235.17999267578125,236.24000549316406,,,,,,False,,,,3.0,21%->15%->12%,20.58432061490983,12.39989883173387,0.5469544343372396,73.0,-12.005064096916925,0.4487016562541883,False,27.55905511811012,True,25.801384910729166,93.84615384615384,382.08955223880594,27.55905511811012,150.47619047619048,56.03715170278638,99.38271604938281,-38.40304182509509,1.1538461538461497,22.95411542100283,21.27713920817369,8.634821933295655,14.468027941966689,9.488205560235885,23.53323793417459,-9.787583616946371,0.7686849574266796,8.634821933295655,True,False
NUVB,vcp,6.260000228881836,5.480000019073486,5.619999885559082,,,,,,False,,,,2.0,21%->12%,21.037867825022033,12.4600667937623,0.8094170805121812,17.0,-10.22364728310994,2.4911008778724986,False,,False,32.46805368423611,,,,,-1900.0,,,,555.6383198841299,2598.702983138781,633.0590089301348,1704.6767537826686,-61.92747633008122,98.80090767944584,219.09298780487805,171.46699772398097,555.6383198841299,True,False
NXG,vcp,62.09023689079536,53.54999923706055,54.380001068115234,,,,,,False,,,,2.0,17%->14%,17.12185839061321,13.754558013291895,0.5040117143968962,63.0,-12.41779095840934,1.5262997696801162,False,,False,,,,,,,,,,,,,,,,,,,False,False
OABI,vcp,4.994999885559082,4.550000190734863,4.739999771118164,,,,,,False,,,,2.0,28%->9%,28.36095344602673,8.908903003396379,0.44494411768914843,18.0,-5.105107513178176,4.00843015944872,False,,False,34.80138724795139,,,,,,,,,244.23915832691816,247.30380356283098,-22.473158089596446,-46.332694151486095,-7.014625355236714,72.24212034383955,274.09557838320677,-42.54554785732615,-46.332694151486095,True,False
OCC,vcp,15.199999809265137,13.649999618530273,16.0,,,,,,True,,,,2.0,23%->10%,23.13527128960401,10.197369803847387,0.34425299581649293,13.0,5.263159215615413,14.687502384185791,False,,False,,,,,,-280.0,-44.44444444444444,800.0,,21.99187032893992,26.57529897295392,4.372449637820708,1.762145465117393,9.378811564747181,35.19388252234883,-17.136447460172967,-0.44178519780092573,1.762145465117393,True,False
ODC,vcp,95.06999969482422,84.33999633789062,90.76000213623047,,,,,,False,,,,2.0,17%->11%,16.95541288758438,11.286424099481462,0.6411250171423801,44.0,-4.533499076921101,7.073606927315224,False,-17.567567567567565,True,7.801385819340278,-17.567567567567565,110.00000000000001,283.33333333333337,37.83783783783781,-3.1746031746031744,36.95652173913042,-9.80392156862745,-31.081081081081074,9.374810607700358,0.7039362266281213,-5.829848763140411,10.122952982357392,7.2976209687693805,-2.281592882160588,-3.7743986199405777,8.407719413684722,-5.829848763140411,True,False
OOMA,vcp,23.809999465942383,20.950000762939453,21.290000915527344,,,,,,False,,,,2.0,18%->12%,17.831233222851797,12.011754586949266,0.6784449340965822,22.0,-10.58378247349238,1.5969945418833675,False,150.0,False,67.8013842525,150.0,,,,11.111111111111116,-40.000000000000014,200.00000000000006,25.0,25.4113676089446,24.78894031893464,14.573636265880152,3.8355827844058554,2.5619539365857813,8.802155958382496,10.290573012939008,1.9001265746489082,3.8355827844058554,True,False
OPRT,vcp,7.730000019073486,7.079999923706055,8.229999542236328,,,,,,True,,,,2.0,14%->8%,13.734943579824435,8.408798108196388,0.36575433319674383,37.0,6.468299119393424,13.973264671868806,False,-76.19047619047619,False,33.801385701238424,21.42857142857142,-76.19047619047619,-73.07692307692307,,240.0,-28.57142857142857,-36.36363636363635,-21.42857142857143,6.650144568360172,-9.754163362410784,6.504809894640395,-22.329026158209896,13.444639718804918,-2.107526881720434,-5.660377358490565,1.7967781908302394,-22.329026158209896,True,False
OSS,vcp,9.520000457763672,8.59000015258789,8.649999618530273,,,,,,False,,,,2.0,43%->10%,42.649095603270425,9.768910298920785,0.7075501062346906,30.0,-9.138663838234404,0.693635475010314,False,,False,34.46800560493055,,,,,,-105.12820512820514,3800.0,,62.281201053133884,54.981841088881666,-83.54190134902935,36.89560040338375,15.848857627568114,223.84921622294104,-86.71489889822558,225.5882650596428,-83.54190134902935,True,False
P,vcp,103.5,92.2699966430664,130.0500030517578,,,,,,True,,,,2.0,20%->11%,20.45696621958549,10.850244789307819,0.5512092357964917,22.0,25.65217686160175,29.050369490307176,False,-15.789473684210531,False,61.801337986828706,49.99999999999998,,123.07692307692308,-15.789473684210531,199.99999999999994,-75.86206896551724,81.25000000000003,14.28571428571428,37.73463940850312,35.24936254391542,20.351494927498347,16.049271302606762,12.632016837370452,-0.5672851998719475,9.793115890561799,12.015186956592427,16.049271302606762,True,False
PACS,vcp,45.849998474121094,40.61000061035156,42.25,,,,,,False,,,,3.0,18%->16%->11%,18.479164441426597,11.428567149739644,0.7010114014510938,45.0,-7.851687227760813,3.881655360114645,False,51.61290322580645,True,39.80133901195602,51.61290322580645,194.1176470588235,90.90909090909089,219.99999999999997,-6.000000000000005,19.04761904761907,31.24999999999998,3.2258064516129004,9.062397574722226,11.196216087111432,12.420872908954061,31.244117796375193,0.5308603980819226,4.5843132258047925,0.997915646930525,2.7062047657502752,9.062397574722226,True,False
PANL,vcp,8.65999984741211,7.889999866485596,8.029999732971191,,,,,,False,,,,3.0,19%->15%->9%,19.158297599384255,8.891454901775948,0.5627174282650205,73.0,-7.274828239508372,1.7434604127165287,False,-5.263157894736848,False,35.80133883350694,,,-5.263157894736848,72.72727272727273,-23.809523809523803,16.666666666666675,-5.263157894736848,,19.420635781707716,38.90653246689793,24.940001098150134,10.158875027476078,9.695743932465707,-7.233062784671807,9.017816535205903,7.646249577187936,10.158875027476078,True,False
PDEX,vcp,74.19999694824219,68.58000183105469,70.0199966430664,,,,,,False,,,,2.0,25%->8%,24.623375434380073,7.57411772012295,0.5686686266274674,16.0,-5.633423823577133,2.056547959224033,False,8.196721311475418,True,28.80133666037037,160.60606060606065,22.44897959183674,8.196721311475418,86.66666666666664,-28.3333333333333,81.81818181818181,-52.85714285714285,324.24242424242414,16.645707099577002,14.557252785115416,11.135592211040324,24.220687805859086,2.2908416461977943,6.89063923270643,0.7177549919050286,5.9220304104264265,11.135592211040324,True,False
PEB,vcp,18.790000915527344,17.40999984741211,18.709999084472656,,,,,,False,,,,2.0,11%->7%,11.15070618517054,7.344337418178909,0.8028305473816463,40.0,-0.4257681062089626,6.948152328555753,False,-254.16666666666669,False,28.801337999224536,183.33333333333334,,,-254.16666666666669,,,,-716.6666666666667,-0.09692371490196416,7.927785028694889,3.382109004739342,-1.435493041307201,17.78820561483092,-0.9632741004761969,-12.466047857785977,-2.1627484130275265,-1.435493041307201,True,False
PEO,vcp,29.75,27.260000228881836,27.530000686645508,,,,,,False,,,,2.0,13%->8%,12.673482833521286,8.369747129808955,0.7298095339433922,91.0,-7.462182565897453,0.9807499129291561,False,,False,,,,,,,,,,,,,,,,,,,False,False
PESI,vcp,16.31999969482422,15.010000228881836,15.40999984741211,,,,,,False,,,,2.0,21%->8%,20.563672295203418,8.026957662001921,0.7741236586612161,8.0,-5.575979561450053,2.5957146170734564,False,,False,40.80133843329861,,,,,,,,,-11.661867544220483,-20.066096702349313,6.890219017820698,3.818700927908636,15.809814848103532,-29.201399936366524,-9.963332187464191,19.66269025092555,-20.066096702349313,True,False
PFAI,vcp,3.0,2.7699999809265137,2.7699999809265137,,,,,,False,,,,4.0,22%->16%->13%->8%,21.824099428160405,7.666667302449544,0.375,22.0,-7.666667302449544,0.0,False,,False,,,,,,,,,,,,,,,,,,,False,False
PFIS,vcp,73.33999633789062,67.9800033569336,68.76000213623047,,,,,,False,,,,3.0,11%->10%->7%,11.442037041839754,7.308417301062539,0.7911401527891222,113.0,-6.2448792341893435,1.134378643199437,False,-11.904761904761907,False,28.8013384994213,-11.904761904761907,-1.342281879194629,155.31914893617028,,0.6802721088435382,22.499999999999986,-20.529801324503303,-10.119047619047617,,,,,,,,,,False,False
PGC,vcp,47.99804207260118,43.13999938964844,43.709999084472656,,,,,,False,,,,2.0,14%->10%,13.695561997560926,10.121335106970685,0.5729524936786327,61.0,-8.933787302495567,1.304048745740429,False,25.581395348837212,True,26.80133459072917,91.1111111111111,86.046511627907,30.769230769230795,25.581395348837212,7.499999999999996,17.64705882352939,25.925925925925952,19.999999999999996,16.85780967677173,17.80841915277631,16.339644058864078,16.74772210381772,4.911513895303643,3.1111885472021372,5.480308014628865,2.413546476611117,16.339644058864078,True,True
PKOH,vcp,47.34000015258789,44.0,47.15999984741211,,,,,,False,,,,3.0,13%->9%->7%,13.17435828492821,7.055344617284091,0.6475000000000001,32.0,-0.3802287803033337,6.700593421620872,False,-47.945205479452056,False,34.80127877609954,30.303030303030297,-5.000000000000004,,-47.945205479452056,50.877192982456144,850.0000000000026,-84.21052631578951,-42.42424242424243,9.997500624843791,3.848051307350775,1.6992790937178093,-4.549808429118773,4.536817102137758,6.582278481012649,-0.9031610637230347,-0.37490627343164107,-4.549808429118773,True,False
PLAB,vcp,29.979999542236328,26.93000030517578,31.06999969482422,,,,,,True,,,,2.0,29%->10%,28.62041789802432,10.17344657648729,0.2304300739800401,23.0,3.635757735927514,13.32474872968247,False,8.823529411764696,True,69.46794413633103,25.64102564102564,260.00000000000006,8.823529411764696,96.29629629629632,-9.259259259259267,-27.027027027027017,-30.188679245283012,171.79487179487177,2.686863693831576,-0.49859710320770967,6.094146263281441,-3.0804750525540325,2.908926359912356,-6.720695262722931,4.308291236038375,2.5552059469376553,-3.0804750525540325,True,False
PLGO,vcp,25.72595284569501,23.440000534057617,23.8700008392334,,,,,,False,,,,2.0,20%->9%,20.176110691110434,8.885782872061524,0.7560496959295602,37.0,-7.214317843127765,1.8014255972250357,False,,False,41.80127905439815,,,,,,,,,,,,,,,,,,False,False
PLPC,vcp,441.3900146484375,409.1199951171875,412.760009765625,,,,,,False,,,,4.0,17%->12%->9%->7%,16.538139336997478,7.310998994155482,0.815197931171673,30.0,-6.486328175234321,0.8818719261355739,False,-65.5844155844156,True,27.801278960532407,75.390625,-8.154506437768239,-19.248826291079823,-65.5844155844156,109.81308411214954,24.418604651162813,224.52830188679238,-79.296875,25.40079362739607,18.67295898102208,3.585511946719966,21.16987473889762,20.65090368622289,1.8306384994425384,-2.795262989437741,5.0035082340316395,3.585511946719966,True,False
PLRZ,vcp,11.989999771118164,10.359999656677246,10.489999771118164,,,,,,False,,,,3.0,33%->22%->14%,32.72490487502888,13.594663432499027,0.09565499351491569,19.0,-12.510425593278496,1.23927661846899,False,,False,,,,,,,,,,,,,,,,,,,False,False
PLXS,vcp,256.6700134277344,236.5800018310547,266.1300048828125,,,,,,True,,,,2.0,22%->8%,21.805367693805056,7.8271751843485395,0.8174525426680598,37.0,3.685662897953443,11.103596929917707,False,-3.658536585365846,True,27.80127861935185,-3.658536585365846,29.078014184397173,12.686567164179108,26.351351351351404,-13.186813186813184,20.529801324503303,-19.25133689839572,14.024390243902452,28.13196007494785,18.73011824479427,9.602283321142234,-1.1102991717681365,12.117735919096507,8.77738229213012,-99.97345274731852,395653.68159731635,-1.1102991717681365,True,False
PMTS,vcp,25.290000915527344,23.469999313354492,24.770000457763672,,,,,,False,,,,2.0,26%->7%,25.92592855426331,7.1965264384605945,0.4764465587672579,15.0,-2.0561504109887414,5.2482887379266066,False,-57.49999999999999,True,33.46794464256944,325.0,-57.49999999999999,10.714285714285744,72.72727272727273,0.0,-72.58064516129032,226.3157894736842,375.0,14.973064206607933,19.832845936413037,22.349235786915656,10.593101458104549,1.4091687739619774,-3.884903367438941,10.93602771697375,6.329718773361703,10.593101458104549,True,False
POWL,vcp,194.0399932861328,180.2899932861328,188.4600067138672,,,,,,False,,,,3.0,16%->10%->7%,15.695719721554847,7.086168045637967,0.7378318268655014,22.0,-2.8756889122529166,4.3351444002326955,False,-1.5748031496062964,True,47.801276867743056,7.575757575757569,-1.5748031496062964,18.881118881118873,149.60212201591517,13.59999999999999,-63.23529411764706,-63.8682252922423,612.8787878787879,8.896053766858913,6.4544146200530506,4.039663506343438,8.33263652326921,5.099202670127934,18.08674119370661,-15.705258353664476,4.09050102524513,4.039663506343438,True,False
POWW,vcp,2.3399999141693115,2.0999999046325684,2.2899999618530273,,,,,,False,,,,2.0,19%->10%,18.726591225196433,10.256411040166299,0.3693163739340715,35.0,-2.1367501773620328,8.296945868362124,False,,False,46.46794460768519,,,,,,-200.00000000000009,0.0,,22.123596316756753,10.10391236614392,6.968593421412317,0.010790267329086056,4.258050636740962,3.6938989351198437,11.76663929199453,1.0705403961213777,0.010790267329086056,True,False
PRM,vcp,29.920000076293945,26.915000915527344,26.920000076293945,,,,,,False,,,,2.0,17%->10%,16.508425865538996,10.043446367326405,0.6622411383559903,7.0,-10.026737942346946,0.01857043370146154,False,-189.0,False,28.467945069398148,,22.222222222222232,-189.0,,-352.2727272727273,,,,31.46293324479368,73.63459669582117,19.156683791211982,9.370460132377767,70.95363359425598,21.72165450121655,-67.42676172874337,93.95286493399493,9.370460132377767,True,False
PSMT,vcp,181.8300018310547,166.35000610351562,170.3800048828125,,,,,,False,,,,2.0,17%->9%,16.56009227232749,8.5134441905369,0.6948915215304983,40.0,-6.297088947334899,2.3653003074326184,False,6.6115702479338845,True,25.801276825752318,12.28070175438598,11.724137931034484,6.6115702479338845,8.510638297872353,-20.98765432098766,25.581395348837212,26.470588235294066,-10.526315789473639,12.488072093519342,9.651979710914249,9.919757954249153,8.558413435069667,-0.9184047373235416,8.157708415748854,3.8884276564172815,1.038951968778301,8.558413435069667,True,False
PWR,vcp,653.8699951171875,607.4500122070312,651.7899780273438,,,,,,False,,,,2.0,18%->7%,18.087745280617305,7.099267936562343,0.7014115386176936,30.0,-0.318108661565204,6.8027995696571395,False,2.4630541871920597,True,28.46788435497685,94.73684210526316,51.04166666666667,2.4630541871920597,14.871794871794886,104.13793103448276,-30.288461538461508,-7.142857142857184,47.36842105263159,41.10419493143886,26.33346777182164,19.661880464892988,17.52982789446198,21.36197461594833,0.41876074669202623,2.7588617985042863,12.673853725531359,17.52982789446198,True,False
RCMT,vcp,41.77000045776367,38.84000015258789,41.20000076293945,,,,,,False,,,,2.0,9%->7%,9.445346206571744,7.014604436354968,0.5991814461118691,20.0,-1.3646150073677448,5.728156715167949,False,-14.28571428571428,True,34.80121835719907,36.00000000000001,-3.703703703703709,110.52631578947363,-14.28571428571428,30.76923076923077,-35.0,166.66666666666669,-40.0,20.021492720620216,-1.698767653569777,12.434990638651966,16.439990060465504,12.979599701341549,-3.9756695499329253,23.0292079841796,-10.077271447944113,-1.698767653569777,True,False
RGLD,vcp,259.8800048828125,238.85000610351562,238.92999267578125,,,,,,False,,,,3.0,18%->11%->8%,18.005051278148347,8.0921957765777,0.8131181221975652,71.0,-8.061417505543847,0.03347699105074836,False,-36.19631901840484,True,34.801217747476855,38.3084577114428,91.86046511627906,-36.19631901840484,31.506849315068486,-15.75757575757576,217.30769230769204,-45.83333333333328,-4.477611940298498,114.90772408332259,142.52207448458404,85.29028436018957,30.041220200477724,-3.9618438582467386,24.992006906033183,48.89791643524764,20.236783484304265,30.041220200477724,True,False
RHLD,vcp,129.88999938964844,119.2300033569336,120.16999816894531,,,,,,False,,,,2.0,18%->8%,17.735877914118127,8.206941321738423,0.7184081675174497,15.0,-7.483256036936865,0.7822208757049269,False,,False,32.467892132870375,,,,,-121.27955493741307,,,,295.65217391304344,292.492781520693,16.68765306021278,12.815606477808373,16.03727317312409,246.5035262129323,-2.6268977785132153,1.057692307692304,12.815606477808373,True,False
RHP,vcp,133.27000427246094,118.62999725341797,122.08000183105469,,,,,,False,,,,2.0,17%->11%,16.877639636617495,10.985222893151956,0.8478365516060586,43.0,-8.396489894702109,2.82601943470737,False,-43.617021276595736,True,32.801218420590274,26.785714285714256,3.0000000000000027,-4.440892098500626e-14,-43.617021276595736,37.8640776699029,-8.035714285714256,111.32075471698104,-52.67857142857143,13.564968196326088,13.161013485901108,13.923780906778994,7.72786285498166,12.700805932239101,-9.926159651291389,24.53338464498749,-10.167623177638108,7.72786285498166,True,False
RIO,vcp,106.83999633789062,92.83999633789062,94.16000366210938,,,,,,False,,,,2.0,19%->13%,19.255126138315042,13.103706926125122,0.6319166862173117,73.0,-11.868207703489327,1.4018768828382384,False,,False,140.80121731847223,,,,,,,,,,,,,,,,,,False,False
RLJ,vcp,11.779999732971191,10.59000015258789,11.0600004196167,,,,,,False,,,,2.0,17%->10%,17.14507353982959,10.101864239033858,0.6311187708260448,37.0,-6.11204863901038,4.249550173571306,False,-177.7777777777778,False,34.801216678437505,6.666666666666665,,,-177.7777777777778,,,,-146.66666666666669,5.476407520731041,3.613932750008386,-0.4230444045104531,-4.540642787727334,12.651149930730599,3.464468202304971,-0.4399400081807059,-9.104303737506992,-4.540642787727334,True,False
RLYB,vcp,17.09000015258789,15.850000381469727,17.219999313354492,,,,,,True,,,,2.0,11%->7%,11.289400930361586,7.255703686640367,0.37120545534535854,83.0,0.7606738420474277,7.955859387417635,True,,False,,,,,,,,-111.11111111111111,,-100.0,0.0,11000.0,-29.096989966555185,-100.0,-4.504504504504503,4.716981132075482,0.0,-100.0,True,False
RMR,vcp,20.530000686645508,18.260000228881836,18.31999969482422,,,,,,False,,,,2.0,14%->11%,13.597197580708755,11.05699163098556,0.5038994326191558,52.0,-10.764739005872832,0.32750800732455204,False,-76.19047619047619,True,41.80120378366898,-28.000000000000004,-76.19047619047619,86.84210526315788,-44.117647058823486,259.99999999999994,-92.95774647887323,273.68421052631567,-23.99999999999998,3.308523191431423,-7.63212833754533,40.76426401080351,-5.675396989069914,8.312714122573283,-36.99389905712701,45.854650400104944,3.7895978941635544,-7.63212833754533,True,False
SCSC,vcp,59.310001373291016,55.0,57.849998474121094,,,,,,False,,,,2.0,20%->7%,20.020963127105855,7.266904861735397,0.41314508276533596,27.0,-2.4616470500157543,4.9265316323146084,False,5.405405405405417,True,35.46783215280092,40.22988505747127,5.405405405405417,7.14285714285714,28.98550724637683,56.41025641025643,4.0000000000000036,-15.73033707865169,2.298850574712641,17.25014331652901,8.788148349925585,2.543822918352845,-4.632662007787724,24.298699774384126,0.03626818627757711,3.6317177043196036,-9.009381389272297,-4.632662007787724,True,False
SEI,vcp,71.4000015258789,64.2300033569336,68.33999633789062,,,,,,False,,,,2.0,14%->10%,13.848995388971957,10.04201402761392,0.6627236600984207,12.0,-4.285721460214792,6.014037461512527,False,,False,32.80116712230324,,,,,,,,,46.068253070874235,26.08044174979536,-2.171723952738991,0.5939269527510893,25.097111416781303,3.9343512323440244,0.23960745649234116,12.075345633962066,-2.171723952738991,True,False
SGML,vcp,10.640000343322754,9.130000114440918,9.710000038146973,,,,,,False,,,,2.0,22%->14%,21.759999593098957,14.19173101652626,0.8118724634252723,14.0,-8.74060408991822,5.973222671755417,False,,False,43.46783286664352,,,,,,,,,,,,,,,,,,False,False
SGMT,vcp,9.949999809265137,9.25,9.329999923706055,,,,,,False,,,,2.0,24%->7%,23.815783243540153,7.035174097323281,0.6618389423076924,7.0,-6.231154748181573,0.8574482782447568,False,,False,42.46783171737268,,,,,,,,,,,,,,,,,,False,False
SILC,vcp,43.2400016784668,40.099998474121094,51.369998931884766,,,,,,True,,,,3.0,20%->13%->7%,19.63317686289884,7.261801763318158,0.5788967049241022,22.0,18.80202807084221,21.938876176944035,False,,False,28.4678317,,,,,,,,,,,,,,,,,,False,False
SLS,vcp,12.140000343322754,11.100000381469727,11.510000228881836,,,,,,False,,,,2.0,25%->9%,24.77320453339371,8.566721025053745,0.48023186515388333,14.0,-5.189457138585921,3.5621184992099666,False,,False,41.80111865844908,,,,,,,,,,,,-100.0,,,,,-100.0,False,False
SMTC,vcp,185.0,167.11000061035156,180.10000610351562,,,,,,False,,,,2.0,15%->10%,14.729333781449542,9.670269940350506,0.6819170808631255,6.0,-2.6486453494510136,7.212662439166065,False,-141.97530864197532,False,53.801118834236114,22.72727272727273,-141.97530864197532,,,,,,-240.9090909090909,16.098779377080596,9.287853154462633,12.81177323131888,19.61647542958831,6.074734091842338,2.7741157226033764,3.7358882371628432,2.660393192511612,9.287853154462633,True,False
SNDA,vcp,41.0099983215332,37.13999938964844,37.61000061035156,,,,,,False,,,,2.0,11%->9%,11.489559267486598,9.436720532253076,0.7111601085481682,23.0,-8.290655572634826,1.249670866992128,False,,False,39.467784491655095,,,,,,,,,-28.179041206907296,-39.6957929476435,-43.29552509435636,-41.9122011891189,-0.5524480353566785,0.6638629175211186,-6.660394497793931,-23.136961536063836,-43.29552509435636,True,False
SNOW,vcp,348.6099853515625,316.6300048828125,330.30999755859375,,,,,,False,,,,2.0,17%->9%,17.451109261913608,9.173569838081134,0.5363691521158561,17.0,-5.2494158406030085,4.141561798581211,False,,False,62.80111801978009,,,,,,,,,35.094749290155455,33.47910033260595,30.120899500390163,28.746069925081798,11.203989213135479,8.330023349018756,5.8607034822892645,5.933785106845679,28.746069925081798,True,False
SNX,vcp,280.6099853515625,254.24000549316406,258.19000244140625,,,,,,False,,,,2.0,19%->9%,18.6564890330482,9.397377582754505,0.3824964466789707,4.0,-7.989730971999215,1.5298798988696711,False,31.73076923076923,True,98.46778416906251,87.78280542986427,104.04040404040403,32.45614035087716,31.73076923076923,2.722772277227725,33.77483443708611,10.218978102189746,23.98190045248869,30.967485965604236,18.094852862089784,9.685196114275918,6.579713650495833,14.064373594430869,-1.2540436408245759,11.042261785949513,4.714265690238695,6.579713650495833,True,False
SOLV,vcp,94.16000366210938,86.52999877929688,89.31999969482422,,,,,,False,,,,2.0,10%->8%,9.75555419921875,8.103233417654236,0.5742780331280894,37.0,-5.140190929317908,3.1236015730629414,False,-91.02564102564102,True,35.80111879258102,3.9215686274509887,-91.02564102564102,105.55555555555642,931.4285714285714,657.1428571428571,-81.08108108108112,-94.8753462603878,1315.6862745098038,2.2211938917167995,-3.04347826086957,-3.710843373493977,0.672430355427478,10.06477329347284,0.45045045045044585,-4.67557251908397,-3.007866728366493,-3.710843373493977,True,False
SOPH,vcp,8.510000228881836,7.889999866485596,8.300000190734863,,,,,,False,,,,2.0,9%->7%,8.96551436863854,7.2855504785069165,0.7457222062900296,7.0,-2.4676854582713146,4.939762829245996,False,,False,33.46778458768519,,,,,,,,,,,,,,,,,,False,False
SPHR,vcp,151.36000061035156,133.2100067138672,134.3000030517578,,,,,,False,,,,2.0,27%->12%,26.884325562045632,11.991274988963688,0.8069687396859824,32.0,-11.271139990618506,0.8116130402994495,False,-131.56342182890856,False,35.467785239444446,-131.56342182890856,,,,,-101.65289256198346,,-182.59587020648965,10.971237041078808,37.81304673831543,73.38836426071451,-3.855367762243145,-18.85365038487148,-1.9982581891769047,50.280457278915726,-7.14503362410448,-3.855367762243145,True,False
STI,vcp,7.079999923706055,6.230000019073486,6.679999828338623,,,,,,False,,,,2.0,23%->12%,23.396677543688362,12.005648499889142,0.05979121275295077,6.0,-5.64971892200318,6.736524263909387,False,,False,,,,,,,,,,9399.16349809886,28375.333333333332,,,46.22480275326013,813.6470588235294,133.75,204.1825095057034,9399.16349809886,False,False
STLN,vcp,6.860000133514404,6.340000152587891,6.510000228881836,,,,,,False,,,,2.0,11%->8%,10.58906174365636,7.58017450154357,0.5626996462743257,7.0,-5.102039326831063,2.611368207634375,False,,False,39.80111877724537,,,,,,,,,34.623795929951086,41.21889546577784,41.578984112419846,36.69933233901563,9.387483807082164,3.8631416555717557,3.949064175038819,13.991419174972041,34.623795929951086,True,False
STM,vcp,52.777834790784475,47.447144300532784,53.2400016784668,,,,,,True,,,,3.0,28%->15%->10%,28.032467062946232,10.100244754986578,0.4801961417557141,48.0,0.8756836833386371,10.88064837585639,False,,False,28.467752052407405,,,,,,,,,,,,,,,,,,False,False
STRL,vcp,531.0,485.0,504.94000244140625,,,,,,False,,,,3.0,27%->11%->9%,26.661388405817533,8.662900188323917,0.7569993343872203,30.0,-4.907720820827448,3.9489845021181718,False,-22.314049586776854,True,32.80108466340278,116.45021645021644,141.40625,-22.314049586776854,50.76142131979697,61.81229773462784,9.574468085106357,-5.05050505050505,28.57142857142858,90.1122597108393,91.59459704048507,51.47614532318432,16.04706429234295,41.48169679353258,9.272206804276784,9.665045521241078,12.132609021136975,16.04706429234295,True,False
STRO,vcp,16.549999237060547,14.949999809265137,16.100000381469727,,,,,,False,,,,2.0,30%->10%,30.404135612124893,9.667670704253077,0.7005810200129116,18.0,-2.7190264431138718,7.14286052768161,False,,False,,,,,,,,,,-84.56506392658247,-16.529685614115753,-21.35188061314066,13.767605633802816,-32.252289471872196,24.69305400532327,20.158877540493148,-84.79410149815672,-84.56506392658247,True,False
SU,vcp,72.05999755859375,65.86000061035156,67.51000213623047,,,,,,False,,,,3.0,19%->11%->9%,19.15058657138912,8.603937216623992,0.7073859763325897,81.0,-6.3141764869802675,2.4440845410570695,False,,False,33.80108400873843,,,,,,,,,,,,,,,,,,False,False
SUNE,vcp,2.6500000953674316,2.299999952316284,2.309999942779541,,,,,,False,,,,3.0,40%->29%->13%,40.24640340424532,13.207552092658274,0.0022922877568084614,14.0,-12.830193975549593,0.43290003077767186,False,-99.79591122766577,False,40.46775174978009,,,-99.79591122766577,,,-101.13647125674781,,,-37.52427807971278,-43.06674765867313,76.9849851217093,29.047002843925963,13.4483961176179,-73.56051132117567,43.26377003328905,45.38630372618291,-43.06674765867313,True,False
SWVL,vcp,4.300000190734863,3.9200000762939453,4.269999980926514,,,,,,False,,,,2.0,26%->9%,25.999999046325684,8.83721157175057,0.568060379374833,6.0,-0.6976792669216747,8.196719114659683,False,,False,,,,,,,,,,,,,,,,,,,False,False
TCMD,vcp,24.899999618530273,21.288999557495117,22.530000686645508,,,,,,False,,,,2.0,24%->15%,24.379420326572692,14.502008499421398,0.7255413759444705,39.0,-9.518068145354675,5.508216117747324,False,12.5,False,32.801082398194445,142.85714285714283,,12.5,71.42857142857142,,-117.77777777777779,25.0,157.1428571428571,8.609086876623785,22.848795456029247,21.042238710054328,17.323136278439797,13.858663159153405,-27.34424773635539,20.80228558101569,8.681325644762694,8.609086876623785,True,False
THC,vcp,283.04998779296875,248.86000061035156,257.6000061035156,,,,,,False,,,,2.0,14%->12%,14.495508516305605,12.079133954114413,0.6718177640204918,59.0,-8.991338204214305,3.392859194906977,False,-21.06339468302658,True,26.801051144791664,213.37579617834393,87.58782201405153,11.345646437994649,-21.06339468302658,22.846441947565555,89.81042654028433,9.326424870466333,22.92993630573248,6.7729083665338585,2.7761822707256467,9.164526960300211,3.1798673429574764,4.843517138599096,-2.8767866835534672,4.499905464170917,0.34149117814457064,2.7761822707256467,True,False
TIGO,vcp,97.19999694824219,89.26000213623047,91.73999786376953,,,,,,False,,,,2.0,20%->8%,19.621018558735905,8.168719198869594,0.5349990041383584,37.0,-5.617283185080797,2.7032873177321886,False,,False,35.467731921006944,,,,,,,,,,,,,,,,,,False,False
TLYS,vcp,4.429999828338623,4.110000133514404,4.789999961853027,,,,,,True,,,,3.0,36%->21%->7%,35.68000030517578,7.223469689032195,0.10444746893796374,17.0,8.126414163980106,14.196238700502262,False,-94.11764705882352,True,62.801029166851855,19.999999999999996,-37.5,-94.11764705882352,-33.333333333333336,259.99999999999994,150.0,-90.9090909090909,46.66666666666668,51.943574541636075,-13.053359546018594,-14.2938716867137,30.555171937577686,31.102166487596005,-10.652138093088903,-7.7147352832284355,40.55812138164314,-14.2938716867137,True,False
TNK,vcp,103.16000366210938,92.54000091552734,96.80999755859375,,,,,,False,,,,2.0,12%->10%,12.272346111464772,10.29469016050719,0.8119171986844651,26.0,-6.155492320758786,4.4106980175079675,False,,False,34.801030013159725,,,,,,,,,,,,,,,,,,False,False
TRLV,vcp,12.930000305175781,11.880000114440918,12.40999984741211,,,,,,False,,,,2.0,11%->8%,11.194032624359009,8.120650935441635,0.4715545792674008,11.0,-4.021658511141099,4.270747296437023,False,,False,35.467696871886574,,,,,,,,,-10.306336606132028,-3.6962654486835,-2.6558634544820547,1.3729228517960879,-5.510646756453264,-2.1808171327013404,1.7211046993792278,-4.6010076600703105,-10.306336606132028,True,False
TTRX,vcp,13.680000305175781,12.28499984741211,13.40999984741211,,,,,,False,,,,2.0,23%->10%,22.90734904493019,10.197371539793593,0.4810966810966811,4.0,-1.9736875127226285,8.38926184042504,False,,False,42.80103982364583,,,,,,-399.9999999999997,,,,,,,,,,,,False,False
TWIN,vcp,24.209999084472656,22.15999984741211,26.450000762939453,,,,,,True,,,,2.0,11%->8%,11.309524980892455,8.467572550943778,0.5837473167739957,26.0,9.252382334468761,16.21928465702844,False,20.000000000000128,False,34.46769994107639,20.000000000000128,,2114.285714285714,,-47.8260869565217,-85.16129032258064,,-140.0,18.33095430190943,19.01971886462668,0.2880306046418424,9.738398013635674,18.311374025275605,7.223331115546694,12.730636531826601,-17.255218353710255,0.2880306046418424,True,False
VIR,vcp,11.720000267028809,10.329999923706055,10.649999618530273,,,,,,False,,,,2.0,14%->12%,14.32160886300532,11.860070918540512,0.796176101999673,18.0,-9.129698158017158,3.0046920778047834,False,,False,34.80102941575232,,,,,,,,,417.77921448197833,-89.91596638655463,-60.520325203252035,-94.62182489002412,26595.833333333332,-80.23064250411862,-59.96042216358839,-75.49700985938259,-94.62182489002412,True,False
VMD,vcp,9.390000343322754,8.595000267028809,9.229999542236328,,,,,,False,,,,2.0,31%->8%,31.093117684024772,8.466454177067963,0.5744544828507704,44.0,-1.7039488310583784,6.879732466960298,False,-12.49999999999999,True,34.80098754912037,-12.49999999999999,0.0,39.99999999999997,-10.000000000000009,16.666666666666675,-57.14285714285715,55.55555555555558,12.5,23.85340015224562,27.541477109371026,25.51445753356949,23.981104751396455,3.5576948577187295,-1.0068127223323398,5.933476096448542,14.047830499873125,23.85340015224562,True,False
VMI,vcp,511.0230166790752,458.3599853515625,467.2099914550781,,,,,,False,,,,2.0,22%->10%,22.196769707589922,10.30541279133526,0.7172236000339504,66.0,-8.57359136359838,1.8942244954893148,False,21.16788321167884,False,19.46765279542824,,27.54629629629628,134.28571428571422,21.16788321167884,11.433756805807626,-38.91352549889135,81.12449799196784,,6.486233851285239,6.1778742492113015,0.09312692447849269,2.529467983434208,8.6953226641741,-0.8729027411245704,-0.7380638253121519,-0.43482068406203167,0.09312692447849269,True,False
VPG,vcp,73.30000305175781,68.08999633789062,71.69999694824219,,,,,,False,,,,4.0,21%->14%->11%->7%,20.840953927344813,7.107785125449931,0.4589630234737272,30.0,-2.182818604230952,5.034868569042619,False,-750.0,False,33.46764969175926,-750.0,,-333.33333333333337,,,,-123.72881355932202,2849.9999999999995,11.674937800188934,17.57990549337198,10.8997563761992,5.28345240138921,-0.4943511196993544,4.692697214913366,1.0585992374071873,6.0762895650669835,5.28345240138921,True,False
VSH,vcp,33.54999923706055,31.100000381469727,32.459999084472656,,,,,,False,,,,3.0,20%->11%->7%,19.928928337592886,7.302530287048301,0.6700593291858034,30.0,-3.2488827939639324,4.189768149603829,False,1800.0,False,34.46765201789352,1800.0,,,,280.0,400.0000000000003,,-700.0,16.5726467694326,17.337773825702296,12.061574107757478,7.518429924131675,5.878280638957545,4.78448588002327,1.3004654457148712,3.7244998360117965,7.518429924131675,True,False
VSXY,vcp,78.48999786376953,71.72000122070312,89.2300033569336,,,,,,True,,,,2.0,22%->9%,22.3109708218574,8.625298544174623,0.8288882742634374,23.0,13.683279125328628,19.623446685514285,False,-8.298755186721984,False,63.4676529192824,990.0,,-8.298755186721984,,289.2857142857143,-74.6606334841629,,-330.0,10.418094585332426,15.299334811529942,7.68865685809208,9.279881217520414,3.26923076923078,-31.247245482591445,54.144021739130444,0.8910212474297463,7.68865685809208,True,False
WASH,vcp,40.540000915527344,37.540000915527344,37.939998626708984,,,,,,False,,,,2.0,18%->7%,18.23899478404295,7.400098500863529,0.34499551454568755,113.0,-6.413424346575495,1.0542902626782131,False,-12.49999999999999,False,18.800981869513887,22.058823529411754,4.761904761904767,,-12.49999999999999,25.757575757575736,-21.42857142857141,49.99999999999996,-17.647058823529406,-2.7379857186664913,-10.928033176553885,-2.311856490818387,-6.363445441180882,0.8482756271221081,-4.314803546592493,-1.706717932286661,2.543041135497437,-10.928033176553885,True,False
WAT,vcp,426.2200012207031,392.95001220703125,443.260009765625,,,,,,True,,,,2.0,10%->8%,9.989048460581818,7.805825376187396,0.780756697115878,59.0,3.99793733192223,11.3499969431475,False,-156.27530364372467,True,29.467652210358796,-156.27530364372467,-142.85714285714286,-3.0927835051546615,-7.749077490774903,,-123.13829787234043,50.4,1.2145748987854255,113.35927367055771,91.38972809667673,6.839010259947709,8.04830441507216,29.834254143646397,35.88603162380053,16.56633999552437,3.7466926070038875,6.839010259947709,True,False
WLY,vcp,50.0,45.9900016784668,47.7400016784668,,,,,,False,,,,2.0,15%->8%,15.143227228237974,8.019996643066406,0.4364748026207485,18.0,-4.519996643066406,3.6656890206799893,False,-204.54545454545453,False,63.46764153350694,-204.54545454545453,103.2,,13.513513513513509,-109.05511811023622,353.57142857142856,-33.33333333333333,281.8181818181818,-2.6307963709677473,1.2115351157646392,1.3370371651846291,-1.1355032290580103,-13.747346190681364,9.244310255684862,-2.7777053284995135,6.288054435483881,-2.6307963709677473,True,False
WST,vcp,360.2900085449219,331.989990234375,376.6300048828125,,,,,,True,,,,2.0,16%->8%,15.733165792242696,7.85478854238567,0.28477729826561354,47.0,4.535234380737292,11.85248495066853,False,2.2471910112359605,True,21.467640117048614,18.13186813186811,56.09756097560976,2.2471910112359605,3.7837837837837673,11.979166666666675,5.494505494505475,-5.208333333333314,5.494505494505497,13.803000652315722,21.0458452722063,7.505341880341887,7.725264426295353,3.2429873357793904,4.956521739130437,0.0497141436738735,4.9706457925636105,7.505341880341887,True,False
WTS,vcp,392.89207047582164,345.6000061035156,357.69000244140625,,,,,,False,,,,2.0,15%->12%,15.314034693028706,12.036909860520167,0.7137475416193457,63.0,-8.959729829055357,3.380020759699904,False,17.27574750830565,True,27.800939143506948,17.27574750830565,34.389140271493225,23.762376237623783,18.93203883495147,18.855218855218837,18.80000000000002,2.0408163265306145,-18.604651162790688,18.564548702811877,21.37992831541218,15.673575129533667,12.527593818984538,12.682710763324966,8.35066389377699,2.190616315187177,-4.971259903681835,12.527593818984538,True,False
