ticker,pattern_type,entry_price,stop_price,last_close,ribbon_width_pct,squeeze_days_ago,expanding,breakout,pole_gain_pct,pole_len,flag_len,retracement_pct,volume_ratio,n_contractions,contraction_pcts,first_contraction_pct,final_contraction_pct,volume_dryup_ratio,base_len,extension_pct,risk_pct,is_lre,eps_min_yoy_pct,eps_full_history_available,days_to_earnings,eps_yoy_q1_pct,eps_yoy_q2_pct,eps_yoy_q3_pct,eps_yoy_q4_pct,eps_qoq_q1_pct,eps_qoq_q2_pct,eps_qoq_q3_pct,eps_qoq_q4_pct,revenue_yoy_q1_pct,revenue_yoy_q2_pct,revenue_yoy_q3_pct,revenue_yoy_q4_pct,revenue_qoq_q1_pct,revenue_qoq_q2_pct,revenue_qoq_q3_pct,revenue_qoq_q4_pct,revenue_min_yoy_pct,revenue_full_history_available,passes_growth
GTBP,bull_flag,10.479999542236328,6.0,6.199999809265137,,,,False,4515.079336264447,5.0,13.0,49.48145596606984,0.13058279970819486,,,,,,,-40.83969389237093,3.225803474481751,False,,False,,,,,,,-102.03703703703704,,,,,,,,,,,,False,False
NFE,bull_flag,10.680000305175781,5.730000019073486,5.909999847412109,,,,False,4093.7985522308254,7.0,8.0,48.19162863350442,0.6881003724759851,,,,,,,-44.662924358270075,3.0456824532312297,False,-3666.666666666667,False,37.808358289803245,,,,-3666.666666666667,,,,,19.44337273333099,-51.87759333404352,-7.211284110884197,-46.12283879761819,47.092552398846735,-43.224378565451026,35.74555380787123,5.361965557153381,-51.87759333404352,True,False
OPTT,bull_flag,1.659999966621399,1.0199999809265137,1.0199999809265137,,,,False,1418.1817873942948,11.0,3.0,41.66666626866555,0.1184481245518915,,,,,,,-38.5542167809484,0.0,False,,False,72.8082552609375,,,,,-211.30434782608694,,,,-38.01652892561983,22.672064777327925,162.5,25.581395348837212,-0.990099009900991,-57.56302521008403,-5.555555555555558,56.19834710743801,-38.01652892561983,True,False
SWVL,bull_flag,5.989999771118164,3.700000047683716,3.880000114440918,,,,False,277.39726609015094,15.0,13.0,44.691360393978144,0.04101912723324077,,,,,,,-35.225371240429425,4.639176841445504,False,,False,,,,,,,,,,,,,,,,,,,False,False
TJGC,bull_flag,36.7599983215332,24.989999771118164,32.58000183105469,,,,False,186.00407449144544,14.0,5.0,17.502730633561587,0.07398032647740879,,,,,,,-11.371046467186494,23.296505934207364,False,,False,,,,,,,,,,,,,,,,,,,False,False
RFAI,bull_flag,54.70000076293945,25.0,37.95500183105469,,,,False,185.93121209581076,15.0,15.0,33.67763047814113,0.05678129979424824,,,,,,,-30.61242906458952,34.13252853660762,False,,False,,,,,,,,,,,,,,,,,,,False,False
IGR,bull_flag,12.495190975791527,11.5600004196167,11.640000343322754,,,,False,181.9196513919501,5.0,15.0,11.030941754036977,0.7053404794387059,,,,,,,-6.844158157531477,0.687284547649918,False,,False,,,,,,,,,,,,,,,,,,,False,False
KOD,bull_flag,104.0,83.63999938964844,98.45999908447266,,,,False,177.35966455136474,5.0,3.0,10.921737007472826,0.6577725882035729,,,,,,,-5.326923957237831,15.051797514348507,False,,False,40.80849902736111,,,,,,,,,,,,,,,,,,False,False
VNCE,bull_flag,11.640000343322754,9.609999656677246,10.149999618530273,,,,False,128.62822107989865,11.0,4.0,29.21175277606569,0.32404510245354295,,,,,,,-12.800693134405398,5.320196868452885,False,-38.235294117647065,False,66.47449060159722,-13.978494623655912,,,-38.235294117647065,,,-233.33333333333334,-77.41935483870968,11.66969320462583,10.532856920925893,4.699186991869908,6.192460267957389,27.723900991645188,-23.501021419952927,-1.6669407701524808,16.22724976447618,4.699186991869908,True,False
SRZN,bull_flag,37.83000183105469,28.549999237060547,30.0,,,,False,98.93679679898912,6.0,5.0,30.62687204844916,0.5618821713155419,,,,,,,-20.697862680585523,4.833335876464844,False,-116.07843137254903,False,,-116.07843137254903,,,,,,,-427.84313725490193,408.64699898270607,408.64699898270607,-19.389312977099237,-90.16999999999999,0.0,846.9696969696969,-46.28687690742625,0.0,-90.16999999999999,True,False
GRAL,bull_flag,151.45700073242188,131.1999969482422,132.55999755859375,,,,False,76.58101957801556,8.0,3.0,2.4861054039506785,0.6280560246772827,,,,,,,-12.476810634335314,1.0259509923047634,False,,False,39.808642009224535,,,,,,,,,25.723047490434393,28.105663222037247,13.973125588204539,26.322769789194478,9.56724285889421,-6.449985090717247,20.45366635353927,1.8287193337834795,13.973125588204539,True,False
AOUT,bull_flag,17.68000030517578,15.699999809265137,16.040000915527344,,,,False,75.32466369404833,15.0,4.0,24.535804657118625,0.28194538447725737,,,,,,,-9.276014487218823,2.1197075240380614,False,-3300.0,False,68.80911024927083,,,-3300.0,-33.33333333333333,,,-300.0,,25.425897245976703,-24.027315876142197,-3.297154089394072,-5.035529286757868,-20.83554686669925,-16.821620475113118,-1.0891798807671438,92.57625749107805,-24.027315876142197,True,False
SDGR,bull_flag,32.45000076293945,27.690000534057617,30.459999084472656,,,,False,61.409043239050945,7.0,7.0,25.77054923147569,0.7749619717049601,,,,,,,-6.132516584528223,9.09388914534498,False,,False,32.80803697585648,,,,,,-280.0,,,7.542139191731034,-1.6187805410488476,-1.2251321942547855,53.935959195239434,0.5154727157901995,-32.84002980455093,60.5827994993005,-0.7943899632937068,-1.6187805410488476,True,False
VICR,bull_flag,331.0,266.0,308.5899963378906,,,,False,59.03397855028223,9.0,6.0,16.325757361302312,0.7420181990713061,,,,,,,-6.770393855622167,13.801483146996349,False,142.3076923076923,False,17.474527625462965,633.3333333333334,320.8333333333332,142.3076923076923,,-56.43564356435642,60.31746031746028,-30.76923076923077,1416.6666666666667,20.220713434360626,11.540461285693482,18.522851684090757,11.871316420900602,5.31865304295942,-2.860817039928276,14.968869083564119,2.2113911118678775,11.540461285693482,True,False
CYPH,bull_flag,3.690000057220459,2.9149999618530273,2.9200000762939453,,,,False,50.45453959260118,12.0,3.0,35.58558723038561,0.7344812513562431,,,,,,,-20.86720783160438,0.1712367914477625,False,,False,39.47552888240741,,,,,,-150.0,,,0.0,0.0,0.0,0.0,0.0,0.0,0.0,0.0,0.0,True,False
FEIM,bull_flag,89.58999633789062,81.58000183105469,85.97000122070312,,,,False,48.60577877277959,11.0,8.0,25.48951567629562,0.8440578000589797,,,,,,,-4.040624249536309,5.106431693979372,False,-251.51515151515147,True,68.80876237836806,485.7142857142856,-251.51515151515147,-90.0,-35.71428571428572,,-412.5,-11.111111111111105,157.1428571428571,,,-100.0,-100.0,,,,,-100.0,False,False
COHU,bull_flag,70.69000244140625,61.7599983215332,70.33999633789062,,,,False,46.15036489704507,14.0,7.0,13.640836350806133,0.7657040695736493,,,,,,,-0.4951281531016202,12.197893749015684,False,,False,26.808863221805556,,,,,,,,,38.37481426448737,29.259171255307503,29.863368819192115,32.41698307146903,19.088228006937392,2.3635768632905174,-3.1833915516162548,17.244613670133724,29.259171255307503,True,False
IRD,bull_flag,5.550000190734863,4.510000228881836,4.510000228881836,,,,False,45.85636399800308,12.0,10.0,46.38553195914253,0.31798042713593166,,,,,,,-18.73873740741842,0.0,False,,False,39.47521746533565,,,,,,,,,-73.8029146426093,-50.64073226544623,-10.1580660158066,-20.37755365916731,-64.99768196569309,-44.191461836998705,25.527768756089642,6.835530881332419,-73.8029146426093,True,False
MXL,bull_flag,95.47000122070312,86.0199966430664,92.12000274658203,,,,False,44.83715853043191,9.0,4.0,26.91910818273046,0.7863294885977739,,,,,,,-3.508954049740423,6.621804083415483,False,,False,19.808372085162038,,,,,,,,,55.171716614742714,43.00397152179125,48.03129102607224,55.92587112524969,23.077091290783457,0.5511741769034462,7.889513597292397,16.21681232940917,43.00397152179125,True,False
ALAB,bull_flag,367.67999267578125,342.0,356.4200134277344,,,,False,44.38109004939499,8.0,4.0,20.182008161709398,0.8088579588010211,,,,,,,-3.0624400218523395,4.045792291250809,False,-79.67479674796748,False,31.809176238310187,186.20689655172416,144.44444444444446,-79.67479674796748,,88.63636363636363,76.0,-50.0,72.41379310344828,104.45486518171161,93.40010787621831,91.77226852639338,103.8934969845958,27.253446447507955,13.961704911247196,17.351404098449528,20.13807476878988,91.77226852639338,True,False
LTRX,bull_flag,7.460000038146973,7.0,7.059999942779541,,,,False,42.97028747519738,10.0,3.0,10.138241050676813,0.7027514064697609,,,,,,,-5.361931545871543,0.8498575533404166,False,,False,32.80843912774306,,,,,,,,,8.027324109712541,5.884210526315781,-4.451076666345754,-13.447404351741564,3.237565032972123,1.3535299254383126,-0.06712760958582642,3.311487915669753,-13.447404351741564,True,False
OKTA,bull_flag,213.86000061035156,180.5500030517578,212.6300048828125,,,,False,42.75323181758335,13.0,13.0,10.565892341366242,0.8404356117273747,,,,,,,-0.5751406172396347,15.087241261521415,False,19.999999999999996,False,59.808253182615736,75.67567567567568,19.999999999999996,133.3333333333334,,54.761904761904766,19.99999999999997,45.83333333333337,-35.13513513513513,10.576923076923084,11.191860465116289,11.58357771260996,11.578947368421044,5.228758169934644,0.5256241787122251,2.5606469002695365,1.9230769230769162,10.576923076923084,True,False
AXTI,bull_flag,83.9800033569336,69.5999984741211,81.80999755859375,,,,False,42.452324782954534,13.0,8.0,43.366926798488855,0.8007466199775723,,,,,,,-2.5839553603217174,14.924825142217662,False,,False,26.809034420092594,,,,,,,,,164.76577278290864,39.098987394089676,-8.221469826727745,18.227955170226263,76.75308275144852,16.852567162883545,-17.578250760150237,55.53021030377212,-8.221469826727745,True,False
BAND,bull_flag,65.12999725341797,59.0,62.439998626708984,,,,False,41.74691275808129,12.0,5.0,15.540919168023247,0.7682563063892469,,,,,,,-4.130199201824495,5.509286839153629,False,-500.0,False,26.475693392870372,,-137.037037037037,-500.0,,,,,,19.824840307390335,-1.0958760578942628,-1.0253606556531514,3.6929298049561687,0.5373962285956324,8.21959926001199,6.60063439862677,3.3126531642954316,-1.0958760578942628,True,False
SEI,bull_flag,72.5,64.2300033569336,71.37999725341797,,,,False,40.60649366399034,12.0,9.0,26.99145207414106,0.6795451565869599,,,,,,,-1.5448313745959052,10.016803266466928,False,,False,30.80803788511574,,,,,,,,,46.068253070874235,26.08044174979536,-2.171723952738991,0.5939269527510893,25.097111416781303,3.9343512323440244,0.23960745649234116,12.075345633962066,-2.171723952738991,True,False
CRDO,bull_flag,211.04800415039062,186.80999755859375,210.1699981689453,,,,False,40.56233351205911,9.0,4.0,39.68462832520267,0.8498592695763483,,,,,,,-0.41602193064079135,11.114812206247253,False,97.05882352941175,False,58.80886695387731,97.05882352941175,313.63636363636357,412.5,,-26.373626373626347,10.975609756097526,86.36363636363636,29.411764705882337,114.14189837008628,151.11506967389744,192.38947716268444,248.83905562641536,11.418685912911354,7.368578813401072,51.85485044417166,17.879352960320883,114.14189837008628,True,False
CAPR,bull_flag,10.720000267028809,8.149999618530273,8.9399995803833,,,,False,40.06360052538509,15.0,13.0,26.19050322205621,0.5892439418090921,,,,,,,-16.604483603607772,8.836689026098995,False,,False,38.80893909961806,,,,,,,,,-7.921690517003965,-63.4382475774409,1.3777014586210834,64.29114312270147,392.14278829275366,-43.0523150556549,-19.06383632603793,-59.40733891022807,-63.4382475774409,True,False
TTRX,bull_flag,14.630000114440918,12.0649995803833,13.3100004196167,,,,False,39.71044593889581,14.0,6.0,37.63022372602528,0.5825033200531209,,,,,,,-9.022554234441046,9.353875281615144,False,,False,40.80790050710648,,,,,,-399.9999999999997,,,,,,,,,,,,False,False
RXT,bull_flag,4.275000095367432,3.700000047683716,3.859999895095825,,,,False,39.534877826319594,15.0,5.0,42.01679308529917,0.542441507323304,,,,,,,-9.707606807338273,4.145073879804791,False,,False,33.808039097743055,,,,,-1000.0000000000002,,,,0.5703136725198954,1.908626390141266,-0.40840140023337135,-0.6806747558449233,-1.1797669960182833,-0.6883421206795526,1.728247914183556,0.7354044724598552,-0.6806747558449233,True,False
DOCN,bull_flag,151.8300018310547,132.0,139.8000030517578,,,,False,39.37255634035262,12.0,8.0,34.294026030850546,0.5858645204544864,,,,,,,-7.923334409679436,5.579401202781116,False,-61.53846153846154,True,32.475477795138886,-25.64102564102565,-61.53846153846154,9.523809523809534,357.5757575757575,93.33333333333333,-34.78260869565217,-84.76821192052981,287.1794871794872,28.57064471879287,22.40214899645472,18.282298401854334,15.693960218455905,9.026191814815544,6.400841618878661,5.554926535269167,4.999542752629171,15.693960218455905,True,False
QMCO,bull_flag,34.68000030517578,31.06999969482422,31.889999389648438,,,,False,38.764784980485814,9.0,4.0,6.892661966758687,0.7992898756694181,,,,,,,-8.044985268096877,2.5713380699856407,False,,False,37.80810962883102,,,,,,,,,25.692996920013698,27.310121933303954,8.59297653019626,-12.709127856804836,3.601559094289297,4.569222106025261,18.92848600813202,-2.4437669165914833,-12.709127856804836,True,False
DELL,bull_flag,595.510009765625,520.1799926757812,541.739990234375,,,,False,38.447064568014696,11.0,10.0,41.75031918318986,0.5882186380645549,,,,,,,-9.029238576932112,3.9797685139075973,False,39.02439024390243,True,55.808810658287044,272.94117647058823,282.4817518248175,55.60747663551404,39.02439024390243,20.992366412213737,57.357357357357365,46.05263157894739,34.11764705882352,57.747850617947336,87.53528958850201,39.48017216163136,10.830665681687602,7.13699192555084,31.346055903412328,23.603036474726903,-9.306152606125739,10.830665681687602,True,False
ANF,bull_flag,144.9499969482422,130.80999755859375,136.36000061035156,,,,False,38.287945505402355,15.0,14.0,35.86172220161449,0.4326274374688073,,,,,,,-5.926179040181619,4.070110756025101,False,-7.547169811320764,True,53.47577464922454,43.29896907216495,-7.547169811320764,1.4084507042253946,-5.600000000000005,183.6734693877551,-59.16666666666668,52.54237288135597,-18.900343642611695,4.809773614880508,1.5045871225204177,5.355800966233559,6.753953378341482,13.724646958532837,-33.29622314501959,29.37993319484682,6.789815979347313,1.5045871225204177,True,False
AMD,bull_flag,629.75,596.0700073242188,615.72998046875,,,,False,38.24754468169858,15.0,4.0,19.808561538826172,0.770364154212836,,,,,,,-2.226283371377531,3.1929536920655184,False,59.5744680851064,True,31.809175308229168,155.55555555555554,90.90909090909089,206.6666666666666,59.5744680851064,64.28571428571428,-8.695652173913038,22.666666666666657,38.888888888888886,50.11060507482108,37.84619521376713,34.10812222512405,35.5917289925209,12.513410709060757,-0.16553067185978154,11.075059485182791,20.31229668184775,34.10812222512405,True,True
SHMD,bull_flag,4.980000019073486,4.255000114440918,4.445000171661377,,,,False,38.01261497491264,10.0,3.0,9.95849735741183,0.8378103933265434,,,,,,,-10.742968782390577,4.274466814012382,False,,False,142.80804237745372,,,,,,,,,,,,,,,,,,False,False
P,bull_flag,135.67999267578125,127.71099853515625,134.1300048828125,,,,False,37.982507550481074,10.0,3.0,4.7417057632137185,0.36065876491969684,,,,,,,-1.1423849326647415,4.785660265400307,False,-15.789473684210531,False,59.80824195755787,49.99999999999998,,123.07692307692308,-15.789473684210531,199.99999999999994,-75.86206896551724,81.25000000000003,14.28571428571428,37.73463940850312,35.24936254391542,20.351494927498347,16.049271302606762,12.632016837370452,-0.5672851998719475,9.793115890561799,12.015186956592427,16.049271302606762,True,False
FIRY,bull_flag,13.258999824523926,11.614999771118164,12.180000305175781,,,,False,36.88611075457664,9.0,6.0,42.06799777602112,0.7013423366117011,,,,,,,-8.137865100144435,4.638756321028377,False,,False,40.80873004259259,,,,,,,,,22.91584040612358,32.91775129013106,68.87625907377188,11.439504966617807,6.483422092423985,-3.018893072540063,9.633228611090816,8.566669310700403,11.439504966617807,True,False
AEHR,bull_flag,108.4000015258789,94.23999786376953,101.5999984741211,,,,False,36.869023186378215,15.0,4.0,36.09530773290068,0.6511269900321998,,,,,,,-6.273065457600027,7.244095197724097,False,-650.0,False,30.809175542407406,,,-650.0,-450.0,,,,,33.68585421250621,-43.666357131152026,-26.5293986471419,-16.388444241176913,82.63356928148937,4.340348037231889,-9.89151244416082,-22.144935765490803,-43.666357131152026,True,False
VRA,bull_flag,5.110000133514404,4.179999828338623,4.980000019073486,,,,False,36.51316274483784,10.0,3.0,0.0,0.32541456635855937,,,,,,,-2.5440334842322274,16.06426079660339,False,,False,68.4744931795949,,,,,,-269.99999999999983,,,1.1163171413248962,7.832584791698927,-39.162778697512415,-11.67657449314019,28.629133603820335,-34.381773631137506,36.359693508746574,-12.144006322504165,-39.162778697512415,True,False
NRXS,bull_flag,8.050000190734863,7.0,7.170000076293945,,,,False,36.20386506262783,10.0,5.0,36.40776800158699,0.45430473952213085,,,,,,,-10.931678181247161,2.370991275941737,False,,False,,,,,,,,,,115.71694445500769,79.5203510280186,27.190162448352197,21.71970748171761,19.952446788727784,66.08182604141813,19.3135686591555,-9.246537805088106,21.71970748171761,True,False
ILMN,bull_flag,280.1700134277344,262.8900146484375,265.7200012207031,,,,False,36.0858489006159,10.0,5.0,15.158998789675115,0.5533151807116758,,,,,,,-5.157587005919323,1.0650258013189906,False,-77.82805429864254,True,26.808598476817128,-9.395973154362414,6.0975609756097615,86.20689655172397,-77.82805429864254,55.17241379310347,-59.72222222222223,120.40816326530614,-34.228187919463096,9.442870632672328,4.8030739673391,4.98188405797102,0.37037037037037646,6.232813932172321,-5.867126833477132,6.918819188191883,2.3607176581680767,0.37037037037037646,True,False
TITN,bull_flag,24.559999465942383,22.229999542236328,23.3799991607666,,,,False,35.89025547791363,11.0,12.0,31.82528805130857,0.4307317568253324,,,,,,,-4.804561607633992,4.918732505602734,False,-28.57142857142857,False,52.474562632430555,,,,-28.57142857142857,,,-3279.9999999999995,,-9.158056168630335,-12.1067880794702,-15.539246842763921,-5.194579773588459,-4.976635827107034,-18.61132534062493,-0.41504398690478395,17.95009754294268,-15.539246842763921,True,False
SMTC,bull_flag,188.35000610351562,167.11000061035156,186.58999633789062,,,,False,34.638117628815635,15.0,4.0,32.38805858462884,0.8006470511395866,,,,,,,-0.9344357359126991,10.440000058879512,False,-141.97530864197532,False,51.80801472177083,22.72727272727273,-141.97530864197532,,,,,,-240.9090909090909,16.098779377080596,9.287853154462633,12.81177323131888,19.61647542958831,6.074734091842338,2.7741157226033764,3.7358882371628432,2.660393192511612,9.287853154462633,True,False
MRNA,bull_flag,208.9029998779297,184.5800018310547,188.94000244140625,,,,False,33.786577294854055,6.0,5.0,20.81301413112383,0.841049597953961,,,,,,,-9.5561085519062,2.3076111749832746,False,-1800.0,False,33.475077636678236,,,,-1800.0,,,,,2.1126760563380254,260.18518518518516,-29.81366459627329,-45.43501611170784,-62.724935732647815,-42.62536873156342,-33.26771653543307,615.4929577464789,-45.43501611170784,True,False
RBRK,bull_flag,117.05000305175781,105.9000015258789,115.4000015258789,,,,False,33.37564646240434,8.0,6.0,33.43706355876982,0.6216791859129992,,,,,,,-1.4096552608796598,8.232235593055506,False,-107.73286467486818,False,61.80810625625001,,,-107.73286467486818,,,,,,37.888078487058664,38.992606317845734,46.3324292909725,48.263597794883516,10.383705188752357,2.484616769574566,7.858558512248481,13.007809978700058,37.888078487058664,True,False
MTC,bull_flag,5.671999931335449,4.801000118255615,5.0,,,,False,33.08270501473145,15.0,4.0,38.56059471711363,0.3205064134599367,,,,,,,-11.847671711399856,3.9799976348876958,False,,False,,,,,,,,,,,,,,,,,,,False,False
INTC,bull_flag,126.93000030517578,113.97000122070312,120.0,,,,False,32.974942934838445,13.0,5.0,42.481797165796735,0.8441867273827396,,,,,,,-5.459702425363658,5.0249989827473955,False,,False,19.808579183587963,,,,,,,-111.11111111111111,,25.421883505715837,7.184021473119118,-4.109396914446006,2.777777777777768,18.789128673491938,-0.7093754570718147,0.1538123489343013,6.174663659693591,-4.109396914446006,True,False
BE,bull_flag,302.35400390625,251.3000030517578,277.5799865722656,,,,False,32.278240723037314,14.0,8.0,32.4222973971613,0.8408224177567335,,,,,,,-8.193712341797193,9.467535410254097,False,65.44129822818347,False,24.809032046851854,,65.44129822818347,,,-99.76979281353218,,,,133.78948951018285,36.28098998656175,59.520627975487585,21.377789349547417,-3.411645196146307,50.539320633275594,29.545293951384966,24.116243085616198,21.377789349547417,True,False
BFLY,bull_flag,9.949999809265137,8.479999542236328,8.529999732971191,,,,False,32.16292132950238,10.0,5.0,40.61136771475059,0.7617014576465448,,,,,,,-14.27135782426533,0.5861687256752948,False,,False,27.475700144930553,,,,,,,,,39.468844887311306,24.994110718492337,40.98514674302076,4.513399153737652,22.924990576705607,-15.812521816393232,46.647121783237935,-8.099901637942096,4.513399153737652,True,False
OBIO,bull_flag,6.5,5.75,6.349999904632568,,,,False,31.856546451385736,11.0,8.0,33.11257776233935,0.5947265625,,,,,,,-2.307693774883564,9.44881753769548,False,,False,33.808293249594904,,,,,,-217.8571428571429,,,-89.47368421052632,-87.32718894009217,12120.158102766798,-12.765957446808507,-19.999999999999996,-99.64420868777695,3490.8246225319394,2.9904306220095656,-89.47368421052632,True,False
SILC,bull_flag,54.25,50.540000915527344,53.630001068115234,,,,False,31.719488847698663,15.0,4.0,17.623902636673318,0.6894237066142763,,,,,,,-1.1428551739811348,5.761700710509579,False,,False,26.47468321335648,,,,,,,,,,,,,,,,,,False,False
PRE,bull_flag,25.010000228881836,21.549999237060547,21.950000762939453,,,,False,31.663888433368314,14.0,15.0,37.08260830068661,0.4800689463882395,,,,,,,-12.235103710269703,1.8223303506862372,False,,False,38.474839088298616,,,,,,,,,,,,,,,,,,False,False
NET,bull_flag,364.0,338.6700134277344,351.0,,,,False,31.561201207007517,15.0,5.0,23.408445511172875,0.8280360121572631,,,,,,,-3.571428571428571,3.512816687255164,False,,False,26.808356721886575,,,,,,,,,35.86555953747297,33.536288816018796,33.604162227739785,30.6790333006264,8.801181702370432,4.108659461975206,9.337629686829985,9.703190999305122,30.6790333006264,True,False
FSLY,bull_flag,28.280000686645508,24.139999389648438,26.389999389648438,,,,False,30.59226581810972,15.0,5.0,40.6400146484375,0.6465468587972639,,,,,,,-6.683172740832266,8.52595699900838,False,,False,32.808680449444445,,,,,,,,,23.27229690200323,19.75926464277309,22.78647593168255,15.317843243006868,5.950722744637926,0.2369476050332553,9.094126644040369,6.39772979443074,15.317843243006868,True,False
VGZ,bull_flag,2.799999952316284,2.5999999046325684,2.680000066757202,,,,False,30.555547277132987,5.0,7.0,33.333345374678494,0.6303861609421547,,,,,,,-4.285710271523855,2.985080601935728,False,,False,26.807865606747686,,,,,,,,,,,,,,,,,,False,False
NUAI,bull_flag,7.329999923706055,6.244999885559082,6.369999885559082,,,,False,30.49907840860133,7.0,4.0,49.39394000695315,0.6680916225355708,,,,,,,-13.096862866836098,1.9623234261491511,False,,False,40.80834002482639,,,,,,,,,,,,,-0.8371530720419407,,,,,False,False
ABSI,bull_flag,11.270000457763672,9.25,10.75,,,,False,30.289674968217373,7.0,5.0,45.53015266123687,0.7521813336103131,,,,,,,-4.614023395229361,13.953488372093023,False,,False,44.809175942129635,,,,,,,,,-46.37436762225969,-81.76420695504665,-2.2556390977443663,-77.77777777777779,47.906976744186046,-66.92307692307693,71.95767195767195,-36.25632377740303,-81.76420695504665,True,False
CRWD,bull_flag,269.29998779296875,230.85000610351562,266.0899963378906,,,,False,29.876311692920687,15.0,10.0,26.27386716593392,0.7801467230570291,,,,,,,-1.1919760863657698,13.24363588235989,False,,False,59.8088684617824,,,,,-90.9090909090909,,,,25.83040193267132,25.574252741894842,23.318671601775275,22.180843376117878,6.153739565208283,6.147965144115686,5.763123012953675,5.585515915110295,22.180843376117878,True,False
JWEL,bull_flag,2.700000047683716,2.3499999046325684,2.440000057220459,,,,False,29.850741665639656,12.0,4.0,43.33333863152482,0.2760596140592695,,,,,,,-9.629629106351551,3.688530757266246,False,,False,,,,,,,,,,,,,,,,,,,False,False
UMC,bull_flag,25.3799991607666,23.420000076293945,25.209999084472656,,,,False,29.758306474228704,12.0,7.0,39.763120848450654,0.6585595020507972,,,,,,,-0.6698190776804205,7.100353324809151,False,,False,25.474543789687498,,,,,,,,,,,,,,,,,,False,False
MOVE,bull_flag,12.039999961853027,10.010000228881836,11.4399995803833,,,,False,29.56926561971953,13.0,14.0,44.09448434566114,0.2976929324122442,,,,,,,-4.983391888461293,12.499994789803587,False,-195.37444933920702,False,,,,-195.37444933920702,,,,,,,,,,,,,,,False,False
GCTS,bull_flag,2.2699999809265137,2.0199999809265137,2.140000104904175,,,,False,29.479767909851873,15.0,5.0,43.13726131845477,0.84459591120598,,,,,,,-5.726866833244583,5.607482153980293,False,,False,39.80868059292824,,,,,,,,,-17.85109983079526,287.0967741935484,-57.535014005602235,-83.52490421455938,-49.427083333333336,153.2981530343008,76.27906976744185,-63.62098138747885,-83.52490421455938,True,False
MRAM,bull_flag,19.299999237060547,17.829999923706055,18.649999618530273,,,,False,28.531659432479483,7.0,4.0,15.60974338946599,0.7265013855170553,,,,,,,-3.3678738042751886,4.396781295424174,False,-100.0,False,39.80842824497685,,,-28.57142857142856,-100.0,,-120.0,,,41.9286417695629,13.19835591414218,11.779808200558794,16.265608203092707,25.98171059709522,0.4661217320813371,5.284495021337121,6.507082796757824,11.779808200558794,True,False
JILL,bull_flag,25.0,22.860000610351562,24.399999618530273,,,,False,28.064674234123533,13.0,7.0,29.849184863830843,0.8168512438087818,,,,,,,-2.4000015258789062,6.311471443668294,False,-309.0909090909091,True,67.47517333747686,60.86956521739133,-59.210526315789465,-309.0909090909091,-25.00000000000001,258.0645161290323,,-138.3333333333333,-13.043478260869556,0.9411917014596982,-5.998233903851647,-3.084981725860003,-0.4342554397248177,7.712020114108897,4.192185622062761,-8.038651179721368,-2.194387804641229,-5.998233903851647,True,False
DDOG,bull_flag,280.04998779296875,259.260009765625,276.4599914550781,,,,False,27.812404351313468,14.0,3.0,16.14503126524215,0.8151334677630937,,,,,,,-1.2819126921528683,6.221508435605933,False,-28.57142857142857,True,33.475495507673614,1100.0,114.28571428571428,-7.1428571428571725,-28.57142857142857,-19.999999999999996,15.384615384615397,29.99999999999996,900.0,35.64444336929702,32.154426546806334,29.20687462977498,28.35224110745258,11.429354964994953,5.584592433439584,7.626367496903397,7.123107068556767,28.35224110745258,True,False
CPIX,bull_flag,8.140000343322754,7.260000228881836,7.510000228881836,,,,False,27.344996462004723,11.0,5.0,43.60464439319986,0.7423041811210517,,,,,,,-7.739558819032574,3.32889470546957,False,-375.0,False,31.808862978171295,,-375.0,,,,,,,-18.787983755826943,-22.041542535230985,31.077193778317213,-8.732986962330113,-3.614768822503922,-33.24402384416416,64.95482228103404,-23.48358175323646,-22.041542535230985,True,False
ASTC,bull_flag,7.809999942779541,7.260000228881836,7.429999828338623,,,,False,27.121457163521967,8.0,3.0,23.312866385810494,0.5825478050094263,,,,,,,-4.865558479193507,2.2880161962910797,False,327.27272727272714,False,,327.27272727272714,,,,,,-316.6666666666667,-45.45454545454546,,,,,-2.985074626865669,13.559322033898313,-42.43902439024391,,,False,False
MRVL,bull_flag,270.2799987792969,248.13999938964844,268.0799865722656,,,,False,27.063149351165205,13.0,7.0,25.44736686171597,0.782050634795444,,,,,,,-0.8139752171701461,7.438073777000141,False,-80.0,False,59.80839773356481,50.0,-80.0,95.65217391304337,,725.0,-91.11111111111111,-79.54545454545456,900.0,36.54852699267235,27.568195008705754,22.080994827775946,36.83134357891959,13.297212341798325,8.973723351512142,6.951072547601833,3.409600717810668,22.080994827775946,True,False
CVI,bull_flag,54.400001525878906,49.7599983215332,54.36000061035156,,,,True,26.970857025585993,14.0,8.0,30.026598135022027,0.8450503533523236,,,,,,,-0.07353109265689028,8.462108604065024,True,-489.2857142857145,False,25.808860028981485,,,-489.2857142857145,,,,-129.30107526881721,,,,,,,,,,,False,False
DBI,bull_flag,6.586623836064718,5.800000190734863,6.059999942779541,,,,False,26.79611003448541,6.0,13.0,49.49263359928661,0.7117765526159439,,,,,,,-7.995354014323322,4.290424991743872,False,45.83333333333333,False,66.47549540681713,47.61904761904763,,,45.83333333333333,1450.0,,-202.85714285714283,66.66666666666666,-1.2292390232036432,1.3744178632104198,0.002382380474563739,-3.1887791207858007,4.957851655058509,-2.4158163873041816,-5.159680015310785,1.6812843763936325,-3.1887791207858007,True,False
CTKB,bull_flag,5.985000133514404,5.65500020980835,5.809999942779541,,,,False,26.71080585581267,12.0,3.0,7.0247596798963405,0.7436346126387231,,,,,,,-2.9239797298400863,2.667809543850676,False,,False,32.80886800739583,,,,,,,-100.0,,5.56554537081706,6.459705236751323,8.116431206068619,1.5398058252427127,9.074430723915249,-28.97603836436491,18.83234849788691,14.67260207885619,1.5398058252427127,True,False
ACMR,bull_flag,85.2300033569336,73.47000122070312,83.58000183105469,,,,False,26.165154678698844,6.0,6.0,43.03644438282962,0.8109756097560976,,,,,,,-1.9359397640392981,12.096195727283565,False,-76.59574468085104,True,32.47584228063658,179.54545454545453,-19.999999999999996,-76.59574468085104,15.555555555555568,412.5,118.18181818181799,-78.84615384615384,18.181818181818187,36.006073212859604,34.18452308424285,9.378845577278483,31.956700788328043,26.660555298512946,-5.38681831199116,-9.187843661762518,24.974462789963404,9.378845577278483,True,False
VCYT,bull_flag,49.0,44.18000030517578,44.189998626708984,,,,False,26.07792445591517,6.0,5.0,43.426296939959556,0.8146543898327065,,,,,,,-9.816329333246971,0.02262575660538721,False,26.315789473684205,False,31.807861975370372,,288.88888888888886,614.2857142857144,26.315789473684205,-11.428571428571422,-29.999999999999993,108.3333333333333,,15.48584862173874,21.488036480218042,18.548115179715417,13.820127740376309,8.08939318765236,-1.1128018430558329,6.645838388740599,1.312190774714983,13.820127740376309,True,False
RSKD,bull_flag,8.170000076293945,7.573999881744385,7.929999828338623,,,,False,25.35657558069282,5.0,5.0,20.999999105930275,0.8312754667603154,,,,,,,-2.937579506904859,4.489280634307683,False,,False,39.474708506087964,,,,,,,,,,,,,,,,,,False,False
OUST,bull_flag,42.2400016784668,39.36000061035156,40.869998931884766,,,,False,24.733151521539476,9.0,3.0,18.98891244917657,0.8411790831576126,,,,,,,-3.2433775855658507,3.6946375360807178,False,,False,31.808241946203704,,,,,,-380.0000000000004,,,55.85608719221662,48.866143662662424,106.6263458726572,40.78361531611754,12.450080283255804,-21.87268808903471,57.31309297912715,12.770692459128652,40.78361531611754,True,False
CBRL,bull_flag,55.619998931884766,51.650001525878906,51.720001220703125,,,,False,24.317441056662293,8.0,3.0,19.790659833844682,0.5493321937652104,,,,,,,-7.011862254722059,0.13534356761808894,False,-600.0,True,67.4756044916088,86.20689655172413,239.28571428571422,-93.93939393939394,-600.0,-71.57894736842105,3066.666666666667,,-479.3103448275862,-2.1505537384981066,-2.8959492027615052,-7.859588662357453,-5.668160394940647,6.51832844850615,-8.853280171738776,9.737853555246701,-8.159016784388184,-7.859588662357453,True,False
XMTR,bull_flag,107.93000030517578,96.16000366210938,104.2300033569336,,,,False,23.638714292225814,6.0,7.0,44.626837175423326,0.8072138987103503,,,,,,,-3.428145036394255,7.742492022367747,False,,False,31.47448667574074,,,,,,,,,41.054587288599606,35.87907611395566,29.52082183296756,27.535321599457994,11.768663046339544,6.621690454162721,6.464875632902634,11.177074938325537,27.535321599457994,True,False
AMBQ,bull_flag,70.87999725341797,63.314998626708984,69.1500015258789,,,,False,23.57883258940825,15.0,6.0,44.08642329146228,0.7245061237634225,,,,,,,-2.440738987832902,8.438181880569031,False,,False,33.47584324959491,,,,,,-101.47058823529412,,,89.67716667599173,59.2931604373252,2.358630218099278,-10.305155046415171,35.27932960893854,20.80601619745468,14.197632810349582,1.633749230683157,-10.305155046415171,True,False
OSUR,bull_flag,4.119999885559082,3.759999990463257,3.880000114440918,,,,False,23.529411330507056,8.0,7.0,30.263160784158714,0.7664014532388781,,,,,,,-5.825237324869397,3.0927866092331895,False,,False,32.80824689371528,,,,,,,,,-1.9300941040906516,-6.702081454010889,-28.527173187341436,-32.14330452210948,9.718889883616821,4.3418151926166715,-1.1888499169281919,-13.305806286409316,-32.14330452210948,True,False
DSP,bull_flag,12.8100004196167,12.0,12.725000381469727,,,,False,23.153688511327776,5.0,5.0,14.655180918618685,0.3512518092835954,,,,,,,-0.663544382221933,5.6974487994945715,False,-250.0,False,37.80877616636574,-250.0,,218.18181818181813,-33.333333333333336,,-108.57142857142857,483.3333333333333,200.0,33.91134574133303,25.333371082358937,22.286628023186083,7.08190485723581,17.75057037656147,-19.601540082089286,28.67659087191232,9.927684225399158,7.08190485723581,True,False
HPE,bull_flag,67.10099792480469,60.68000030517578,64.58000183105469,,,,False,22.864481435173722,15.0,5.0,24.025523906152884,0.6085174570675117,,,,,,,-3.7570172899292804,6.03902356039189,False,-87.25490196078431,False,61.808602044872686,404.7619047619048,,-29.54545454545454,-87.25490196078431,140.9090909090909,41.93548387096775,138.46153846153854,-38.095238095238116,32.95819935691318,39.10428662827896,18.10945273631841,14.328703703703694,14.110937356268982,14.479780960404387,-3.867179591010328,5.873526259378359,14.328703703703694,True,False
S,bull_flag,24.690000534057617,21.790000915527344,24.670000076293945,,,,True,22.685183777058416,9.0,7.0,46.71200764669501,0.8328065890011552,,,,,,,-0.08100630753767323,11.674094656911123,False,,False,61.80803921141204,,,,,,,,,20.5621368964791,20.79561976867559,20.234035854754097,22.912631498993584,5.538988711653792,2.029850305915848,4.727456713258893,6.9079993228261305,20.234035854754097,True,False
PBR,bull_flag,21.43000030517578,20.200000762939453,20.979999542236328,,,,False,22.57882982659345,13.0,12.0,39.15210985566461,0.8060496004127199,,,,,,,-2.099863539576193,3.717820764135881,False,,False,38.80822456549768,,,,,,,,,,,,,,,,,,False,False
PRLB,bull_flag,98.5,93.61000061035156,94.37000274658203,,,,False,22.51865724193469,9.0,3.0,18.472767867278563,0.8219418733599043,,,,,,,-4.192890612607075,0.8053429205373157,False,3.4482758620689724,False,27.474831599525462,105.55555555555559,120.00000000000001,,3.4482758620689724,12.12121212121211,32.00000000000001,-16.666666666666664,66.66666666666667,10.571362993565959,10.40450061408027,12.10924024640656,7.7591765576863425,7.180484584027091,2.082890697691453,0.8325576584962358,0.22433975255991,7.7591765576863425,True,False
CMDB,bull_flag,24.68000030517578,21.549999237060547,23.0,,,,False,22.37945741529268,15.0,15.0,42.15458902671628,0.7339178976749084,,,,,,,-6.807132432747413,6.304351143215013,False,,False,41.475562716365744,,,,,,,,,,,,,,,,,,False,False
BRKR,bull_flag,66.9800033569336,61.70000076293945,61.939998626708984,,,,False,21.97553007773361,9.0,4.0,21.447922928058137,0.8323235695742861,,,,,,,-7.524640904191417,0.3874683065718416,False,-919.9999999999999,True,31.475660215601852,-919.9999999999999,-81.81818181818181,11.111111111111116,-251.85185185185182,-2150.0,-80.0,,-919.9999999999999,5.1542513167795345,2.7451959071624676,-0.24499795835034588,-0.45118000925497004,1.8338596065095913,-15.738845681539093,13.561882626380006,7.913217958364682,-0.45118000925497004,True,False
TER,bull_flag,419.3699951171875,393.1400146484375,415.7900085449219,,,,False,21.901571358568006,10.0,3.0,11.317581009171361,0.7163152576625126,,,,,,,-0.8536582526046586,5.447459879026235,False,-15.73033707865169,True,18.8079121928125,385.71428571428567,314.75409836065575,82.02247191011234,-15.73033707865169,-5.928853754940711,56.17283950617282,116.00000000000001,53.06122448979591,,,,,7.575783454696938,4.6785914362566405,-27.769080543721415,,,False,False
QLYS,bull_flag,190.9199981689453,168.05999755859375,187.42999267578125,,,,False,21.732768117781443,9.0,5.0,45.56032827416854,0.7057220073621919,,,,,,,-1.8279936762181155,10.334522687995811,False,10.077519379844958,True,31.808107846469905,16.279069767441868,10.077519379844958,23.529411764705888,12.096774193548377,5.633802816901423,-3.4013605442177353,5.7553956834532904,7.751937984496116,11.040338408650396,9.843088449583792,10.107983491529037,10.408339669974719,3.721859734226074,0.2031012882098615,3.1786769640103074,3.5474393826724127,9.843088449583792,True,False
FTRE,bull_flag,20.969999313354492,19.049999237060547,19.399999618530273,,,,False,21.679566355962354,9.0,7.0,37.91212361298003,0.7320159433140723,,,,,,,-7.486884817513481,1.8041257131542268,False,,False,33.475348903935185,,,,,,,,,-4.519217232155426,-2.2723783202825087,-5.236728837876614,3.9116906208327196,6.551453260015716,-3.6336109008327067,-5.8177670041351774,-1.2670702520061972,-5.236728837876614,True,False
VSXY,bull_flag,91.9739990234375,86.52999877929688,88.51000213623047,,,,False,21.645079482143025,9.0,3.0,11.203069629520272,0.6918903282653832,,,,,,,-3.766278430846863,2.23703910196055,False,-8.298755186721984,False,61.474487427719914,990.0,,-8.298755186721984,,289.2857142857143,-74.6606334841629,,-330.0,10.418094585332426,15.299334811529942,7.68865685809208,9.279881217520414,3.26923076923078,-31.247245482591445,54.144021739130444,0.8910212474297463,7.68865685809208,True,False
GLSI,bull_flag,19.309999465942383,16.809999465942383,17.350000381469727,,,,False,21.22421581542295,12.0,4.0,44.2006279901356,0.7986000118392234,,,,,,,-10.150176792752195,3.1123971392189675,False,,False,40.80866880677083,,,,,,,,,,,,,,,,,,False,False
TNK,bull_flag,103.16000366210938,92.54000091552734,101.01000213623047,,,,False,21.189910492160145,11.0,14.0,47.022113553747616,0.7510529765466929,,,,,,,-2.0841425451292426,8.38530941646727,False,,False,32.80789678255787,,,,,,,,,,,,,,,,,,False,False
MPWR,bull_flag,1375.1088475597753,1300.179544021109,1360.969970703125,,,,False,20.84625436639962,5.0,7.0,32.96942069467002,0.5407360056737853,,,,,,,-1.0282005589405316,4.466698603982389,False,-88.11447811447812,True,26.80842925478009,85.76512455516013,39.5017793594306,-88.11447811447812,25.762711864406775,33.16326530612243,11.048158640226657,-4.85175202156336,32.02846975088966,47.55948923671405,26.135982206997376,20.829546459910087,18.876538212826887,21.942339138382327,7.059794583008827,1.8962907094099535,10.924592295214675,18.876538212826887,True,False
PENG,bull_flag,56.900001525878906,53.40999984741211,54.97999954223633,,,,False,20.66967382823741,9.0,4.0,29.17965796073358,0.8472233219837939,,,,,,,-3.3743443447349204,2.8555833173809417,False,-60.00000000000001,False,3.8081796985416667,,544.4444444444445,-60.00000000000001,,17.24137931034484,1349.9999999999998,-60.00000000000001,,47.63655316406117,-6.161102432431697,0.5772466886737604,8.604908275161648,39.56687920372946,-0.02098690941525483,1.5237244097750402,4.2161782076231,-6.161102432431697,True,False
SITM,bull_flag,695.5399780273438,634.8800048828125,678.8699951171875,,,,False,20.654033535197456,7.0,4.0,24.15984460449626,0.636401814211322,,,,,,,-2.396696586360835,6.479884300495765,False,,False,32.8080180207176,,,,,,-145.45454545454544,,,126.5404207557487,88.29293364724609,66.32408862004668,44.835176262608755,38.624776563614425,0.24892969060335002,35.561884475929496,20.250669122514164,44.835176262608755,True,False
LSCC,bull_flag,130.1699981689453,122.25,128.86000061035156,,,,False,20.43830268934006,7.0,4.0,26.691220228952023,0.8246002125608641,,,,,,,-1.006374415780146,5.129598462706021,False,-150.0,True,30.808439176331017,600.0000000000001,300.0,-150.0,-60.00000000000001,-12.49999999999999,,-400.0,0.0,62.198417371804695,42.23637120266335,24.16389170406834,4.9240308125673815,17.66093026793918,17.219737708516234,9.331153589453244,7.564672383057336,4.9240308125673815,True,False
PANW,bull_flag,404.69000244140625,367.2699890136719,396.25,,,,False,19.733309376118633,14.0,6.0,40.15737132542475,0.717962614238594,,,,,,,-2.0855475525685243,7.313567441344637,False,-227.77777777777771,True,47.808239381817124,-227.77777777777771,-159.45945945945948,60.52631578947367,-4.081632653061229,,-136.0655737704918,29.78723404255319,30.555555555555515,34.43721663709836,31.14897335080822,14.931324767390342,15.661524076671341,13.590939373750842,15.728604471858132,4.850444624090544,-2.464025231618372,14.931324767390342,True,False
STX,bull_flag,946.3599853515625,870.3800048828125,945.5700073242188,,,,True,19.700437040722797,6.0,6.0,34.71376844926725,0.6268855974897084,,,,,,,-0.08347542579690556,7.9518176188963,True,67.74193548387098,True,24.807968652152777,150.00000000000006,108.28025477707004,67.74193548387098,72.3404255319149,71.25382262996939,25.769230769230766,6.995884773662553,8.482142857142904,48.48608837970541,44.07407407407406,21.505376344086024,21.26383763837638,16.613110539845756,10.159292035398227,7.455306200076084,7.569558101472995,21.26383763837638,True,True
BRUN,bull_flag,17.200000762939453,14.920000076293945,15.890000343322754,,,,False,19.6757563473809,9.0,3.0,49.438189404714365,0.7340455463241865,,,,,,,-7.61628117156445,6.104469767594556,False,,False,44.47565453275463,,,,,,,,,,,,,269.6782619019352,,,,,False,False
AGCC,bull_flag,15.5,13.880000114440918,15.100000381469727,,,,False,19.61722524426117,6.0,4.0,45.52844992647792,0.5048943843379702,,,,,,,-2.5806427001953125,8.07947176296735,False,,False,,,,,,,,,,,,,,,,,,,False,False
AMKR,bull_flag,55.130001068115234,51.54999923706055,52.900001525878906,,,,False,19.594269513384987,14.0,7.0,33.98927585583311,0.7531486506464212,,,,,,,-4.044983673192892,2.551989130204339,False,-18.518518518518523,True,23.80910713721065,266.6666666666667,58.13953488372094,4.081632653061229,-18.518518518518523,-51.470588235294116,33.33333333333333,131.81818181818184,144.44444444444446,27.476760683275646,15.893753552535795,6.735052688858811,3.415592750880281,-10.770129541335328,-4.978540167732948,31.46609218521734,14.362938160906502,3.415592750880281,True,False
NEWP,bull_flag,6.769999980926514,6.150000095367432,6.28000020980835,,,,False,19.459457416037562,6.0,5.0,44.444449350176875,0.5794614277044635,,,,,,,-7.23781052435254,2.0700654474163667,False,,False,41.808357214375,,,,,,,,,,,,,,,,,,False,False
WATT,bull_flag,14.15999984741211,12.529999732971191,12.859999656677246,,,,False,19.411220596979064,6.0,6.0,21.327008648607116,0.8384510542772388,,,,,,,-9.180792406381643,2.5660958982585207,False,-94.70712773465067,False,,,,-94.70712773465067,,,-157.33333333333331,,,216.82051282051282,798.5422740524781,610.2803738317757,453.04347826086956,0.2271252433484694,1.3815789473684115,138.99371069182388,30.461538461538453,216.82051282051282,True,False
NBIS,bull_flag,250.47999572753906,228.3800048828125,232.27999877929688,,,,False,19.300308734600847,15.0,5.0,38.33458004240231,0.7951268025857782,,,,,,,-7.266048091137517,1.6790054748493402,False,,False,38.475024418379626,,,,,,,,,,,,,,,,,,False,False
VBNK,bull_flag,24.040000915527344,21.799999237060547,22.110000610351562,,,,False,19.272347256726817,7.0,14.0,22.435060140178358,0.7969070172047168,,,,,,,-8.02828715338859,1.402086679029207,False,,False,67.47454214982639,,,,,,,,,,,,,,,,,,False,False
MTSI,bull_flag,304.2900085449219,274.4800109863281,301.6300048828125,,,,False,19.17620112819014,9.0,4.0,24.13491488951909,0.6818699579212565,,,,,,,-0.8741672705026339,9.001091886409817,False,42.85714285714286,False,33.47502645956019,166.66666666666669,42.85714285714286,,67.49999999999999,113.33333333333333,-6.25,-4.477611940298498,39.58333333333333,35.7657718413672,22.49721264842912,24.522973381868862,30.123063125903048,18.43954941080792,6.385211257234591,3.9981621166290227,3.6064091019085254,22.49721264842912,True,False
GNRC,bull_flag,214.0,200.7100067138672,207.91000366210938,,,,False,18.916757607992363,8.0,4.0,22.4403278127948,0.4623174764690918,,,,,,,-2.8457926812573016,3.463035362138447,False,-119.1588785046729,True,25.47532808358796,92.0,69.86301369863016,-119.1588785046729,-40.74074074074073,93.54838709677418,,-136.60714285714286,-10.399999999999988,10.586532399646043,12.444685979826374,-11.604865885272197,-5.0453192542709635,10.77485097204458,-2.9444692827511387,-2.0504274677772716,5.011831291716962,-11.604865885272197,True,False
CDNA,bull_flag,67.29000091552734,62.89500045776367,66.2300033569336,,,,False,18.902993368198516,5.0,3.0,16.601738789355096,0.8466559455113046,,,,,,,-1.5752675645292684,5.0354865319824595,False,-105.0,False,31.808938346956023,,,-105.0,,4039.999999999999,,-366.66666666666674,,52.2260293727431,38.98565271299521,25.18740110188382,20.718362028401472,12.105352591333896,8.593360766150603,8.32642046874219,15.43165011133032,20.718362028401472,True,False
AIP,bull_flag,24.979999542236328,22.540000915527344,24.010000228881836,,,,False,18.520336672735425,6.0,6.0,43.6507756297403,0.8181993256655942,,,,,,,-3.883103807565776,6.122446061396607,False,,False,31.809176488761576,,,,,,,,,46.248939522482125,38.736994918945065,30.008393053134476,18.317134506898668,5.223229856993372,13.89978646273029,15.676700367647056,5.490243606835543,18.317134506898668,True,False
NNBR,bull_flag,4.010000228881836,3.559999942779541,3.630000114440918,,,,False,18.404905103920143,5.0,6.0,50.0,0.7342714915843825,,,,,,,-9.476311539934217,1.9283793238160318,False,,False,25.80835790048611,,,,,,,,,19.291889437644194,12.077056997956248,-1.6871180043750544,-8.544111562062561,8.686218890352215,13.117384162878643,0.8028339847134358,-3.7425524226054274,-8.544111562062561,True,False
NTRA,bull_flag,427.4679870605469,406.2950134277344,408.4700012207031,,,,False,18.373201158243457,6.0,5.0,3.932221650401851,0.8480012888414524,,,,,,,-4.44430610359434,0.5324718550857712,False,,False,33.80834661768519,,,,,,-266.6666666666667,,,37.71496523966338,38.820716178785645,39.7930097193427,34.66110906453095,8.053754859009764,4.6797896318557575,12.38080120503291,8.33937065495791,34.66110906453095,True,False
TSEM,bull_flag,247.91000366210938,226.00999450683594,241.3000030517578,,,,False,18.271242706726575,10.0,3.0,0.08590716171214809,0.5414646136261544,,,,,,,-2.6662903927671704,6.336514028821721,False,,False,37.47454224365741,,,,,,,,,,,,,,,,,,False,False
ONTO,bull_flag,315.94000244140625,295.8949890136719,314.8800048828125,,,,False,18.258513230512328,9.0,3.0,0.0,0.8018803994687174,,,,,,,-0.3355059664501761,6.029285942181751,False,-77.55102040816328,True,33.80827638158565,75.36231884057972,-48.46153846153845,-77.55102040816328,-46.728971962616825,80.59701492537312,204.5454545454549,-61.40350877192986,-17.391304347826086,35.30483404772138,9.50537682806527,1.1093514385954295,-13.48756988224099,17.530459087032323,9.399099173367897,22.30731508343531,-13.960732973970513,-13.48756988224099,True,False
ENTG,bull_flag,160.0,145.3000030517578,158.47999572753906,,,,False,18.18393583900244,9.0,4.0,28.198535364879053,0.8096989728826811,,,,,,,-0.9500026702880859,8.316502417403186,False,-50.74626865671641,True,26.475435686273148,74.28571428571429,46.34146341463414,-50.74626865671641,-9.80392156862745,1.6666666666666607,81.81818181818177,-28.260869565217384,31.428571428571452,11.45885916203937,5.005173305742372,-3.0486886449645145,-0.07428500680946026,8.78186968838528,-1.4564874377958503,2.0815264527320076,1.8551236749116518,-3.0486886449645145,True,False
TWLO,bull_flag,305.95001220703125,281.9750061035156,301.2699890136719,,,,False,17.691935406961747,6.0,3.0,11.601769085152078,0.8211277313782886,,,,,,,-1.5296692291656069,6.4045486154549,False,375.0,False,26.807877066458335,4671.428571428571,375.0,,,1071.9298245614036,,-221.73913043478262,64.28571428571428,22.033416773510805,19.99585487985549,14.319550398172144,14.70940299863539,6.552103301781842,2.9999341108255972,5.039057153095738,5.859291369029451,14.319550398172144,True,False
BBCP,bull_flag,10.360713919298393,9.529999732971191,9.880000114440918,,,,False,17.454957026338192,6.0,14.0,49.79887549860232,0.5058162003400835,,,,,,,-4.639774909353232,3.542513941453857,False,-43.750000000000014,False,102.80903367138887,28.57142857142856,,,-43.750000000000014,125.0,,-166.66666666666669,28.571428571428537,13.135228708886038,14.391858581590245,4.644486594555808,-3.152305944124445,9.30891180544866,19.354088081124775,-17.411445795318915,4.998991068299374,-3.152305944124445,True,False
SWBI,bull_flag,14.430000305175781,13.850000381469727,14.40999984741211,,,,False,17.386890631379792,15.0,4.0,19.411622609476982,0.5544122337300454,,,,,,,-0.13860330797427683,3.8861864807233366,False,-60.00000000000001,False,61.807960210046296,,94.73684210526318,59.999999999999986,-60.00000000000001,-83.78378378378379,362.5,100.0,,32.335413801615,26.7300355917393,17.106614315916644,-3.862614609921422,-36.88680355851538,31.449645933578463,8.854576080853448,46.53784219001611,-3.862614609921422,True,False
PURR,bull_flag,14.760000228881836,10.545000076293945,12.029999732971191,,,,False,17.25239431658878,15.0,15.0,28.7037151504127,0.7364581801270351,,,,,,,-18.495938032363156,12.34413707098627,False,,False,44.474808136435186,,,,,1306192.0792079207,,,,,,,,425.2,,,,,False,False
AMRX,bull_flag,20.780000686645508,18.735000610351562,20.06999969482422,,,,False,17.11711980039854,5.0,7.0,26.84208025452727,0.7638573311447308,,,,,,,-3.416751532051579,6.651714523029787,False,157.1428571428571,False,26.475769984375,157.1428571428571,375.0,,,-5.263157894736848,90.00000000000001,899.9999999999998,-85.71428571428572,9.894852782854024,3.8967818009260524,11.471449026581148,11.679535580268418,10.197378892458197,-11.27322339279816,3.7992996929305134,8.282172177532887,3.8967818009260524,True,False
BBY,bull_flag,96.52999877929688,86.0999984741211,87.69999694824219,,,,False,17.060842510527507,13.0,9.0,49.88075787251748,0.7191261927966732,,,,,,,-9.147417323855276,1.8243996919012018,False,-47.61904761904761,True,52.475700132523144,70.11494252873563,37.89473684210527,365.45454545454527,-47.61904761904761,12.977099236641209,-48.828125,287.8787878787879,-24.13793103448275,3.6130536130536184,1.9276833580472275,-0.9607112130771478,2.4033880359978887,9.433751119068944,-35.31200231649052,42.82464846980976,2.4793388429751984,-0.9607112130771478,True,False
SNDK,bull_flag,1802.0,1659.02001953125,1787.68994140625,,,,False,16.962840259648694,7.0,4.0,46.069112712012064,0.69423891970723,,,,,,,-0.7941208986542732,7.197552489095756,False,-48.630136986301366,False,26.808011593888892,,,615.2777777777778,-48.630136986301366,94.65914025184543,347.18446601941747,586.6666666666667,,371.59389794844816,251.03244837758112,61.24733475479744,22.570366436537448,50.67226890756302,96.69421487603307,31.065857885615245,21.409784324039972,22.570366436537448,True,False
LRCX,bull_flag,341.6400146484375,319.1499938964844,340.1000061035156,,,,False,16.927555216199398,8.0,3.0,0.0,0.7776975218286726,,,,,,,-0.4507693709434509,6.159956433712834,False,35.074626865671576,True,18.80843896314815,35.074626865671576,40.77669902912619,36.95652173913042,44.18604651162792,24.827586206896534,15.07936507936507,1.6129032258064502,-7.462686567164201,29.988921747003182,23.75575058128141,22.137422198618985,27.740010978949982,15.07749395359539,9.293104257958817,0.3872526305963353,2.9543297134833946,22.137422198618985,True,True
NXDR,bull_flag,2.515000104904175,2.3399999141693115,2.4800000190734863,,,,False,16.744180424526988,12.0,4.0,47.22225717557348,0.6576853286961781,,,,,,,-1.3916534541067953,5.645165476913102,False,,False,32.808287868460646,,,,,,,,,14.53458897270059,13.830847607796803,6.5171398785797585,5.011431184270698,20.893804018226337,-11.240806574648454,0.8432755667798775,5.845482617178499,5.011431184270698,True,False
FIVN,bull_flag,36.34000015258789,33.34000015258789,35.75,,,,False,16.6666687403225,10.0,4.0,47.55381633914521,0.8158400836907361,,,,,,,-1.6235557240246044,6.741258314439466,False,37.50000000000002,False,37.8087613403125,300.0,2000.0,37.50000000000002,,-80.95238095238095,-4.545454545454564,4.761904761904789,2000.0,10.299397392584432,9.157505228723117,7.75927653771622,8.195107918026201,2.3336248317333608,1.6774232221711483,5.055417168126741,0.9047936766818809,7.75927653771622,True,False
KLIC,bull_flag,96.36000061035156,92.58999633789062,96.02999877929688,,,,False,16.66057637698959,9.0,3.0,0.0,0.8180362523173174,,,,,,,-0.34246765147823877,3.5822164793652798,False,-78.80794701986756,False,46.808498564664355,,,-78.80794701986756,-31.428571428571452,62.12121212121213,106.25,122.2222222222221,,122.6280716648811,49.778993246329925,20.166261346945657,-2.074244839206041,36.18318282424027,21.5383844708829,12.42805167888803,19.63776758100706,-2.074244839206041,True,False
COCO,bull_flag,61.29999923706055,55.79499816894531,57.0099983215332,,,,False,16.63405137732972,8.0,7.0,44.76470947265625,0.45223491103171637,,,,,,,-6.998370259250687,2.1312053821425456,False,25.0,True,25.475535823449075,115.78947368421053,61.290322580645174,66.6666666666666,25.0,63.99999999999999,400.0000000000007,-75.00000000000003,5.263157894736836,28.083835528771807,37.30799489768639,0.3880810413769753,37.17439393255384,20.24198258837928,40.67549907267563,-29.907905634814846,8.031571649512026,0.3880810413769753,True,False
JRSH,bull_flag,5.900000095367432,5.635000228881836,5.829999923706055,,,,False,16.60079371713321,9.0,3.0,31.54759742235503,0.6935355423981164,,,,,,,-1.1864435683033252,3.3447632483030976,False,-20.000000000000007,False,39.47517103659722,333.33333333333337,,,-20.000000000000007,18.181818181818166,22.222222222222232,125.0,33.33333333333335,,,,,82.23733648240479,-33.34507342225964,29.03641743541194,,,False,False
FFIV,bull_flag,462.0,428.92999267578125,443.67999267578125,,,,False,16.351827999976187,10.0,7.0,38.29853581708419,0.8327140696428041,,,,,,,-3.9653695506966993,3.324468139986323,False,4.0322580645161255,True,23.808762094606482,11.384615384615394,4.0322580645161255,9.929078014184412,16.487455197132572,40.31007751937985,-16.774193548387096,-4.61538461538461,0.0,10.854722759716552,11.020990996043079,7.302909761262066,8.493130871036092,6.575951706295435,-1.308870286273578,1.527608043550721,3.8084498378974097,7.302909761262066,True,False
PPIH,bull_flag,32.189998626708984,29.25,31.31999969482422,,,,False,16.334212278644912,13.0,14.0,38.24884306564531,0.793433747483862,,,,,,,-2.7026994998468314,6.609194492317623,False,-63.934426229508205,True,68.47484635197917,209.99999999999997,-63.934426229508205,165.21739130434767,148.38709677419354,40.90909090909092,-63.93442622950819,-20.779220779220797,670.0,,,,,11.893800408459976,7.586027111574567,14.258967703501968,,,False,False
ECO,bull_flag,85.83999633789062,75.61000061035156,85.73999786376953,,,,False,16.182204671032373,15.0,7.0,17.870368146439123,0.7934669368083029,,,,,,,-0.11649403353591876,11.814785987647571,False,,False,39.808781372835654,,,,,,,,,,,,,,,,,,False,False
ON,bull_flag,80.45999908447266,74.11000061035156,80.08000183105469,,,,False,15.915913989457465,7.0,4.0,29.15091304432319,0.6777468177962057,,,,,,,-0.47228095667639824,7.455046308937501,False,-54.545454545454554,False,30.474936159467592,36.585365853658544,,-54.545454545454554,-32.25806451612904,,-120.0,-36.50793650793652,53.65853658536586,9.178184789269416,4.6759355329598185,-11.169811320754718,-11.975708042454169,5.960483711094966,-1.09796745310764,-1.3411567476948827,5.596786273575272,-11.975708042454169,True,False
KRT,bull_flag,54.279998779296875,51.76499938964844,53.369998931884766,,,,False,15.800725502070678,10.0,5.0,32.40866922287539,0.7569710200761954,,,,,,,-1.6764920189334926,3.007306678579406,False,-20.000000000000007,True,33.80848842539352,170.37037037037032,6.25,21.42857142857144,-20.000000000000007,329.4117647058823,-1.1102230246251565e-14,-5.555555555555525,-33.333333333333336,9.93337957511331,12.857060140507981,13.741404244016175,10.41491163508348,16.55023215644693,1.1503498620445196,-7.14687269105978,0.42746761731162763,9.93337957511331,True,False
FTNT,bull_flag,181.3699951171875,169.55999755859375,178.72000122070312,,,,False,15.659384792533682,14.0,6.0,37.933897950279075,0.6613673782154902,,,,,,,-1.461098289588722,5.12533773474945,False,-11.428571428571422,True,25.808691381296295,43.85964912280702,28.57142857142856,-1.4705882352940902,-11.428571428571422,13.888888888888884,7.462686567164178,8.064516129032251,8.771929824561408,25.638036809815958,20.127297525491983,14.752123366062285,14.375704528877398,10.721237024221452,-2.9081364829396272,10.441184996231655,5.822085889570561,14.375704528877398,True,False
KEYS,bull_flag,376.67498779296875,355.32501220703125,373.8800048828125,,,,False,15.569954948199193,8.0,4.0,13.988482258963403,0.8054165618599303,,,,,,,-0.7420144689013575,4.962820272134386,False,35.570469798657726,False,52.80850694424768,109.09090909090904,35.570469798657726,68.04123711340206,,13.861386138613852,23.926380368098176,20.740740740740726,22.72727272727273,41.34762633996938,32.28043143297381,31.470829909613805,,7.513104251601632,7.312500000000011,18.343195266272193,3.522205206738138,31.470829909613805,False,False
RKLB,bull_flag,75.31999969482422,69.4000015258789,70.45999908447266,,,,False,15.557299417141813,6.0,5.0,42.482332485323425,0.8443290071685698,,,,,,,-6.452470300110116,1.5043962139751756,False,,False,37.80810581237269,,,,,,,,,61.98563301914213,63.45731791888652,35.70112094751789,47.965804137088774,16.829716293649042,11.520049874201232,15.844725303069374,7.323284751346049,35.70112094751789,True,False
ARQT,bull_flag,27.635000228881836,25.219999313354492,25.290000915527344,,,,False,15.141150738224706,11.0,4.0,48.0226080022414,0.590645111273795,,,,,,,-8.485613511606529,0.27679556994350507,False,,False,24.809081663078704,,,,,,-164.28571428571428,133.33333333333334,,59.330830388692576,65.08160260627133,83.82785467128026,121.69366551223328,23.210117839048184,-17.336846976149577,28.50663683367096,21.735129564193166,59.330830388692576,True,False
GTBP,high_tight_flag,7.820000171661377,6.0,6.199999809265137,,,,False,2739.99991763722,19.0,11.0,24.021233682234616,0.1272942764851915,,,,,,,-20.71611671144078,3.225803474481751,False,,False,,,,,,,-102.03703703703704,,,,,,,,,,,,False,False
RFAI,high_tight_flag,40.4900016784668,31.0,37.95500183105469,,,,False,303.7674755173119,24.0,8.0,23.06874096362273,0.05822330942966289,,,,,,,-6.260804500683094,18.324335385393454,False,,False,,,,,,,,,,,,,,,,,,,False,False
SWVL,high_tight_flag,5.0,3.700000047683716,3.880000114440918,,,,False,228.14812963718606,31.0,10.0,23.701293084146165,0.06117718109350623,,,,,,,-22.39999771118164,4.639176841445504,False,,False,,,,,,,,,,,,,,,,,,,False,False
MRNA,high_tight_flag,208.9029998779297,168.3000030517578,188.94000244140625,,,,False,221.0917201663905,31.0,8.0,3.8965395686098985,0.6645723485288898,,,,,,,-9.5561085519062,10.924102425609568,False,-1800.0,False,33.475077636678236,,,,-1800.0,,,,,2.1126760563380254,260.18518518518516,-29.81366459627329,-45.43501611170784,-62.724935732647815,-42.62536873156342,-33.26771653543307,615.4929577464789,-45.43501611170784,True,False
IGR,high_tight_flag,12.73169280374991,11.5600004196167,11.640000343322754,,,,False,203.9258720545333,40.0,17.0,13.92500083459228,0.7614388841113453,,,,,,,-8.574605728042826,0.687284547649918,False,,False,,,,,,,,,,,,,,,,,,,False,False
RCEL,high_tight_flag,12.399999618530273,9.600000381469727,12.010000228881836,,,,False,183.54429554584,39.0,18.0,22.068958350509064,0.5792462593062986,,,,,,,-3.145156464889171,20.06660950444034,False,,False,33.80810680920139,,,,,,,,,17.90299572039944,4.0327421555252485,-4.288381287063469,-12.875116015262456,12.72031053294167,9.368366703000408,3.1603243179262552,-7.2917809722374605,-12.875116015262456,True,False
REPL,high_tight_flag,13.739999771118164,12.069999694824219,13.449999809265137,,,,False,147.47663564729487,31.0,15.0,14.828898556307488,0.4165377714267697,,,,,,,-2.1106256672770463,10.260224044689533,False,,False,33.47477624880787,,,,,,,,,,,,,,,,,,False,False
CAPR,high_tight_flag,10.720000267028809,8.149999618530273,8.9399995803833,,,,False,144.6753327177799,27.0,10.0,22.80072564853918,0.48920381055738643,,,,,,,-16.604483603607772,8.836689026098995,False,,False,38.80893909961806,,,,,,,,,-7.921690517003965,-63.4382475774409,1.3777014586210834,64.29114312270147,392.14278829275366,-43.0523150556549,-19.06383632603793,-59.40733891022807,-63.4382475774409,True,False
TEAM,high_tight_flag,200.0,168.0500030517578,189.91000366210938,,,,False,142.8945589139169,30.0,19.0,23.2515425493824,0.6148657372217149,,,,,,,-5.0449981689453125,11.510715701551558,False,,False,26.80793062690972,,,,,,,,,27.603326918742745,31.712974565052665,23.308249051857686,20.607502561499125,-1.1473045729337494,12.64919010410921,10.733424871540521,3.4824436700704453,20.607502561499125,True,False
ABCL,high_tight_flag,15.015000343322754,11.779999732971191,13.90999984741211,,,,False,142.47618175688243,37.0,10.0,12.700532986678647,0.7380986305707274,,,,,,,-7.359310493802577,15.312725649218425,False,,False,37.8091760758912,,,,,,,,,-76.29360805431983,96.3400236127509,788.373935432759,37.6210235131397,-51.2928442573662,-81.46207696080617,400.88218872138464,-47.58253336455163,-76.29360805431983,True,False
OABI,high_tight_flag,5.054999828338623,4.545000076293945,4.989999771118164,,,,False,134.87178521592105,37.0,8.0,1.3307927399998132,0.6897203384778715,,,,,,,-1.2858567641499192,8.917829964639514,False,,False,32.80828824670139,,,,,,,,,244.23915832691816,247.30380356283098,-22.473158089596446,-46.332694151486095,-7.014625355236714,72.24212034383955,274.09557838320677,-42.54554785732615,-46.332694151486095,True,False
AXTI,high_tight_flag,83.9800033569336,69.5999984741211,81.80999755859375,,,,False,116.20231989717963,37.0,8.0,24.0456286107984,0.6634843309338512,,,,,,,-2.5839553603217174,14.924825142217662,False,,False,26.809034420092594,,,,,,,,,164.76577278290864,39.098987394089676,-8.221469826727745,18.227955170226263,76.75308275144852,16.852567162883545,-17.578250760150237,55.53021030377212,-8.221469826727745,True,False
HTFL,high_tight_flag,51.400001525878906,46.779998779296875,48.90999984741211,,,,False,110.40629450331716,39.0,9.0,14.908003551693842,0.7277731543482153,,,,,,,-4.844361098341854,4.354939837988847,False,,False,39.808603103530096,,,,,,-106.98689956331877,,,47.57277081798084,41.34390538906061,49.17410578733224,49.01783989180137,21.859014585353798,7.038612632050323,6.165182816146597,6.567796610169485,41.34390538906061,True,False
PURR,high_tight_flag,14.359999656677246,11.829999923706055,12.029999732971191,,,,False,106.24048457685858,28.0,8.0,24.641837569179813,0.7592816928799572,,,,,,,-16.22562659757885,1.6625088420990382,False,,False,44.474808136435186,,,,,1306192.0792079207,,,,,,,,425.2,,,,,False,False
OMER,high_tight_flag,21.239999771118164,16.5,18.469999313354492,,,,False,104.55531522917508,34.0,20.0,24.481333260389782,0.7207671638395508,,,,,,,-13.041433557500682,10.665941454205198,False,,False,40.808275451203706,,,,,-75.80645161290323,-56.64335664335665,,,-4.916011198506864,-65.6767165111196,-100.0,-100.0,188.37561912463357,,,-100.0,-100.0,True,False
RNG,high_tight_flag,81.9000015258789,67.97000122070312,78.30999755859375,,,,False,103.17463861885243,31.0,19.0,21.63677583325996,0.7186056973742491,,,,,,,-4.383399145787294,13.203928821673053,False,221.4285714285714,False,33.80806185924769,221.4285714285714,,,,28.57142857142858,34.61538461538463,36.842105263157876,35.7142857142857,5.901534176448031,5.251643640451209,4.803974535891897,4.909940617479647,1.9888264340677253,0.025775076742950986,0.8420821883489582,2.9427883390984455,4.803974535891897,True,False
FGI,high_tight_flag,10.300000190734863,7.349999904632568,8.020000457763672,,,,False,100.72465429016972,31.0,14.0,23.021592029845202,0.01587032459921375,,,,,,,-22.135919327672582,8.354121133278952,False,-1241.6666666666672,False,40.80872721534722,,,-1241.6666666666672,,,,,,2.8623929214091293,-8.162842549749572,-14.399566381545249,-0.6934174320141762,4.537789338608711,0.10659036437152825,-15.007109988794342,15.647978305879096,-14.399566381545249,True,False
AAMI,rainbow_convergence,94.05999755859375,90.51363897069871,94.05999755859375,2.659783969721188,9.0,True,True,,,,,,,,,,,,0.0,3.7703154156323184,True,-12.61261261261264,True,26.475843050057872,171.4285714285714,25.92592592592593,-12.61261261261264,-6.666666666666677,11.764705882352944,-29.89690721649484,130.95238095238096,49.99999999999998,45.290423861852425,39.282735613010836,2.6221692491060766,17.140536149471973,10.838323353293422,-3.0197444831591147,19.41747572815533,13.186813186813184,2.6221692491060766,True,False
ABSI,rainbow_convergence,10.75,9.254454947675942,10.75,10.330478433769056,9.0,True,True,,,,,,,,,,,,0.0,13.912046998363328,False,,False,44.809175942129635,,,,,,,,,-46.37436762225969,-81.76420695504665,-2.2556390977443663,-77.77777777777779,47.906976744186046,-66.92307692307693,71.95767195767195,-36.25632377740303,-81.76420695504665,True,False
ACA,rainbow_convergence,146.5,145.09704949844652,146.5,0.8423861333463097,10.0,True,True,,,,,,,,,,,,0.0,0.9576453935518613,True,60.41666666666667,False,26.8091756983912,446.7213114754099,60.41666666666667,,335.2941176470588,766.2337662337663,-27.358490566037762,-28.378378378378343,21.311475409836067,1.7297297297297343,4.401022644265895,33.668567997598316,24.578388507183014,15.217771558509718,-35.80011229646266,11.619453497117082,23.212355212355206,1.7297297297297343,True,False
ADI,rainbow_convergence,404.6000061035156,379.07849744621234,404.6000061035156,4.481701537773138,8.0,True,True,,,,,,,,,,,,0.0,6.307836943228738,True,68.42105263157896,True,52.47584190759259,163.46153846153845,110.52631578947367,116.66666666666666,68.42105263157896,14.166666666666682,42.01183431952662,5.625000000000013,53.84615384615381,39.63239858517096,37.24892692157928,30.418327367328967,25.904989552657277,10.995938970019026,14.657071262739851,2.735461622558577,6.7967134526800255,25.904989552657277,True,True
AEHR,rainbow_convergence,101.5999984741211,95.05415171071776,101.5999984741211,5.075204656313067,8.0,True,True,,,,,,,,,,,,0.0,6.442762659165442,True,-650.0,False,30.809175542407406,,,-650.0,-450.0,,,,,33.68585421250621,-43.666357131152026,-26.5293986471419,-16.388444241176913,82.63356928148937,4.340348037231889,-9.89151244416082,-22.144935765490803,-43.666357131152026,True,False
ALNT,rainbow_convergence,115.94999694824219,101.55315027755243,115.94999694824219,10.14641704654949,10.0,True,True,,,,,,,,,,,,0.0,12.416426950934916,False,52.380952380952394,True,32.80917537991898,79.41176470588233,52.380952380952394,123.52941176470584,200.0,90.625,-15.789473684210531,-2.564102564102566,14.705882352941169,10.167791485764234,4.60230567080564,17.493648061634293,10.805587279276118,10.69358960515423,-3.0965302677288364,3.3234109108207344,-0.5982318130364428,4.60230567080564,True,False
AMD,rainbow_convergence,615.72998046875,539.4219908780515,615.72998046875,11.85015115451786,13.0,True,True,,,,,,,,,,,,0.0,12.39309307833377,False,59.5744680851064,True,31.809175308229168,155.55555555555554,90.90909090909089,206.6666666666666,59.5744680851064,64.28571428571428,-8.695652173913038,22.666666666666657,38.888888888888886,50.11060507482108,37.84619521376713,34.10812222512405,35.5917289925209,12.513410709060757,-0.16553067185978154,11.075059485182791,20.31229668184775,34.10812222512405,True,True
AME,rainbow_convergence,249.08999633789062,242.1810764051909,249.08999633789062,2.63181320107668,7.0,True,True,,,,,,,,,,,,0.0,2.7736641512201747,True,3.5928143712575134,True,26.475806836261576,14.193548387096765,14.473684210526304,3.5928143712575134,8.843537414965997,1.724137931034475,0.5780346820809079,8.125000000000027,3.2258064516129004,14.979336983762037,11.343492471871652,13.444921156992319,10.773784300734413,6.013159880255348,-3.5032685363842297,5.59044213878912,6.444397701759685,10.773784300734413,True,False
AMG,rainbow_convergence,371.95001220703125,361.68934108403863,371.95001220703125,1.9708116867055445,6.0,True,True,,,,,,,,,,,,0.0,2.758615616681691,True,74.54545454545452,True,30.47577501349537,148.21428571428572,74.54545454545452,119.59595959595947,81.74603174603176,80.98958333333334,-64.67341306347745,58.22416302765643,145.35714285714286,29.90673154906731,9.72613773660893,6.160595079153164,2.2463206816421444,17.581207561020374,-2.1020481494789744,5.41666666666667,7.055961070559613,2.2463206816421444,True,False
AMN,rainbow_convergence,35.86000061035156,34.12947484032535,35.86000061035156,3.2156161686209597,12.0,True,True,,,,,,,,,,,,0.0,4.825782879453348,True,322.22222222222223,False,33.80911036903935,,,,322.22222222222223,-66.66666666666667,,-125.0,,2.288449120674585,99.89775688763265,1.83963991185625,-7.710880875741266,-51.15669987760826,84.21744796017241,17.92430527536817,-3.597675390283739,-7.710880875741266,True,False
AMRX,rainbow_convergence,20.06999969482422,18.42996174394439,20.06999969482422,7.976441839471702,10.0,True,True,,,,,,,,,,,,0.0,8.171589316480025,True,157.1428571428571,False,26.475769984375,157.1428571428571,375.0,,,-5.263157894736848,90.00000000000001,899.9999999999998,-85.71428571428572,9.894852782854024,3.8967818009260524,11.471449026581148,11.679535580268418,10.197378892458197,-11.27322339279816,3.7992996929305134,8.282172177532887,3.8967818009260524,True,False
ANET,rainbow_convergence,204.49000549316406,194.99749982889253,204.49000549316406,4.442809453990007,12.0,True,True,,,,,,,,,,,,0.0,4.642038930645371,True,15.517241379310365,True,31.809102691388887,35.71428571428572,25.0,17.46031746031751,15.517241379310365,18.74999999999998,8.108108108108091,10.44776119402988,-4.2857142857142705,37.68595791001452,35.125698324022345,28.871773673026844,27.46700535645259,12.059800664451824,8.891389983117604,7.776285578131081,4.694303338171268,27.46700535645259,True,False
APH,rainbow_convergence,85.66999816894531,81.15712139217908,85.66999816894531,3.8209912595521103,7.0,True,True,,,,,,,,,,,,0.0,5.267744686846644,True,24.13793103448276,True,25.475769655138887,59.302325581395365,24.13793103448276,57.62711864406778,102.08333333333334,90.27777777777779,-22.580645161290303,-4.123711340206215,12.790697674418606,55.002389253667936,58.38910829349408,49.123416475601566,53.37228879865306,14.934187215390882,18.342910389812083,3.948727883249381,9.629577190591654,49.123416475601566,True,False
APLE,rainbow_convergence,16.3700008392334,15.87601153132026,16.3700008392334,1.9182540430359243,5.0,True,True,,,,,,,,,,,,0.0,3.0176498630910946,True,-8.695652173913048,True,33.80909505033565,3.703703703703698,-7.692307692307699,0.0,-8.695652173913048,133.33333333333334,-7.692307692307699,-38.095238095238095,-22.222222222222232,4.730598121601592,3.063453991736398,-1.9817677368212494,-1.310569285957508,19.189852579343338,3.4631597005232218,-12.689165984626005,-2.7296615240523403,-1.9817677368212494,True,False
APPS,rainbow_convergence,11.550000190734863,11.060665509220446,11.550000190734863,2.747952309807299,9.0,True,True,,,,,,,,,,,,0.0,4.236663839252145,True,,False,31.80909522275463,,,,,,-199.99999999999991,,,26.776194186028746,19.636262924667648,12.44977235083966,18.234114951822654,16.439259482704195,-5.84548114584641,7.8517135998062315,7.218581488779918,12.44977235083966,True,False
ARW,rainbow_convergence,231.6300048828125,217.80639040599834,231.6300048828125,4.948136986114037,11.0,True,True,,,,,,,,,,,,0.0,5.967972277083824,True,11.170212765957444,True,26.475749579270833,46.518105849582184,201.3245033112583,100.0,11.170212765957444,15.604395604395593,21.657754010695186,78.94736842105266,-41.78272980501393,31.824628852945814,39.03029593263416,20.095808291146476,13.032103584780375,5.475129275747581,8.313311831227143,13.405296646072928,1.7492734447879466,13.032103584780375,True,False
ASML,rainbow_convergence,1808.489990234375,1727.866259678857,1808.489990234375,3.589298825828038,6.0,True,True,,,,,,,,,,,,0.0,4.458068940988134,True,,False,11.475747270636575,,,,,,,,,,,,,,,,,,False,False
AVT,rainbow_convergence,102.23999786376953,94.62126558885733,102.23999786376953,6.512805826010934,10.0,True,True,,,,,,,,,,,,0.0,7.451811848689436,True,-24.242424242424242,True,25.47570164803241,1577.7777777777803,12.871287128712861,-24.242424242424242,-7.57575757575758,32.456140350877185,51.99999999999998,22.95081967213115,577.7777777777789,47.66250815488995,33.94567092778882,11.575605680278777,5.253604827278058,16.51172037783757,12.673361339018863,7.12686053505831,4.997992984792066,5.253604827278058,True,False
AXTI,rainbow_convergence,81.80999755859375,70.34340231610241,81.80999755859375,9.685816745108662,9.0,True,True,,,,,,,,,,,,0.0,14.016129549788534,False,,False,26.809034420092594,,,,,,,,,164.76577278290864,39.098987394089676,-8.221469826727745,18.227955170226263,76.75308275144852,16.852567162883545,-17.578250760150237,55.53021030377212,-8.221469826727745,True,False
BAND,rainbow_convergence,62.439998626708984,54.37948282028414,62.439998626708984,10.956528574751175,8.0,True,True,,,,,,,,,,,,0.0,12.909218423616242,False,-500.0,False,26.475693392870372,,-137.037037037037,-500.0,,,,,,19.824840307390335,-1.0958760578942628,-1.0253606556531514,3.6929298049561687,0.5373962285956324,8.21959926001199,6.60063439862677,3.3126531642954316,-1.0958760578942628,True,False
BHE,rainbow_convergence,84.62000274658203,78.36149566243333,84.62000274658203,5.627753396065613,8.0,True,True,,,,,,,,,,,,0.0,7.39601380407837,True,-67.3469387755102,True,31.809007025405094,1733.3333333333335,259.99999999999994,-67.3469387755102,-7.14285714285714,52.77777777777779,124.99999999999996,-58.974358974358964,1200.0000000000002,16.796758812766456,6.585435902449754,6.184607822484378,3.330877346239758,11.436225104055598,-3.8768661034602525,3.305342859582705,5.548895718976921,3.330877346239758,True,False
BOW,rainbow_convergence,33.79999923706055,33.23117673431038,33.79999923706055,1.6510690988529757,0.0,False,False,,,,,,,,,,,,0.0,1.682906850857178,False,2.220446049250313e-14,True,31.47566929337963,33.33333333333333,41.17647058823528,2.220446049250313e-14,25.0,0.0,9.090909090909038,-2.222222222222192,25.0,22.957610139348517,26.873431337396923,27.109084966772535,23.270612618939545,5.24297660796178,2.647714236738352,5.3817080287913655,8.005973150837065,22.957610139348517,True,False
BST,rainbow_convergence,51.33000183105469,47.94166316321629,51.33000183105469,4.812912054295411,12.0,True,True,,,,,,,,,,,,0.0,6.60108814916981,True,,False,,,,,,,,,,,,,,,,,,,False,False
BSTZ,rainbow_convergence,30.8799991607666,29.09588287653231,30.8799991607666,3.7940114899005306,10.0,True,True,,,,,,,,,,,,0.0,5.777578797673773,True,,False,,,,,,,,,,,,,,,,,,,False,False
BTX,rainbow_convergence,9.15999984741211,8.792285445924582,9.15999984741211,2.506073597788417,9.0,True,True,,,,,,,,,,,,0.0,4.014349428088845,True,,False,,,,,,,,,,,,,,,,,,,False,False
BZH,rainbow_convergence,33.38999938964844,32.896464663538225,33.38999938964844,1.4090214275980082,0.0,False,False,,,,,,,,,,,,0.0,1.478091449930418,False,-1230.0,False,40.47560393677083,,-107.14285714285714,-1230.0,-40.23668639053256,,,-211.8811881188119,,-5.328705257193778,-27.504382326356403,-22.48882084132099,-1.7690102548262976,25.97561035120508,12.752722900979663,-54.098644266418816,45.204238613630835,-27.504382326356403,True,False
CAKE,rainbow_convergence,107.94999694824219,102.50268047524195,107.94999694824219,3.2958236545659667,4.0,True,True,,,,,,,,,,,,0.0,5.046147871233399,True,-28.915662650602382,True,24.808938317453705,23.684210526315795,52.23880597014925,-28.915662650602382,8.196721311475418,38.23529411764706,72.8813559322033,-10.606060606060563,-42.10526315789473,7.7219156226296715,5.569043040475763,4.407886093143798,4.8245406258557555,5.189853631824826,1.7965634938297947,5.988805435470335,-5.084508147411926,4.407886093143798,True,False
CBNK,rainbow_convergence,39.79999923706055,36.48269399758948,39.79999923706055,3.7025967042599364,10.0,True,True,,,,,,,,,,,,0.0,8.33493794739095,True,-10.97560975609756,True,23.808939153159724,11.538461538461542,-10.97560975609756,109.090909090909,43.5483870967742,19.17808219178083,-20.65217391304347,3.3707865168539186,14.102564102564097,,,,,,,,,,False,False
CHEF,rainbow_convergence,112.55999755859375,109.00150291806564,112.55999755859375,2.4106256126141257,4.0,True,True,,,,,,,,,,,,0.0,3.1614203249033612,True,-10.71428571428572,True,25.47559939988426,60.00000000000001,-10.71428571428572,29.411764705882337,32.432432432432435,-19.999999999999996,13.636363636363647,-10.204081632653061,96.0,11.387034208854496,10.545605127093726,9.648054864877631,8.400718966297415,-7.312850746216403,11.871413339025327,-1.3128728599505646,8.851767240109897,8.400718966297415,True,False
CLDT,rainbow_convergence,13.5600004196167,13.032787319187145,13.5600004196167,2.547720032972029,8.0,True,True,,,,,,,,,,,,0.0,3.8880020952422427,True,-40.0,False,32.47559194761574,85.7142857142857,,,-40.0,,-360.0,66.66666666666667,-57.14285714285715,3.91820470959352,0.5026458076342166,2.37108764619538,1.2260774395835172,-13.841953726326894,0.8071323673955577,26.351854828105136,-5.305902210907886,0.5026458076342166,True,False
CLS,rainbow_convergence,373.0899963378906,338.0794872491214,373.0899963378906,7.264977188163445,11.0,True,True,,,,,,,,,,,,0.0,9.383931338931365,True,74.17582417582416,True,23.808900378761575,74.17582417582416,147.29729729729732,77.51937984496129,208.0,73.22404371584699,-20.087336244541486,-0.8658008658008698,26.923076923076916,62.39026750535701,52.79770444763272,43.57151274698512,27.78555711142228,16.100815418828752,10.72806369531314,14.43018159048215,10.38916154005669,27.78555711142228,True,False
COHU,rainbow_convergence,70.33999633789062,57.445876703675594,70.33999633789062,14.215814192488777,12.0,True,True,,,,,,,,,,,,0.0,18.331134923971057,False,,False,26.808863221805556,,,,,,,,,38.37481426448737,29.259171255307503,29.863368819192115,32.41698307146903,19.088228006937392,2.3635768632905174,-3.1833915516162548,17.244613670133724,29.259171255307503,True,False
CTKB,rainbow_convergence,5.809999942779541,5.053790791957947,5.809999942779541,12.54987069997183,14.0,True,True,,,,,,,,,,,,0.0,13.015648162981206,False,,False,32.80886800739583,,,,,,,-100.0,,5.56554537081706,6.459705236751323,8.116431206068619,1.5398058252427127,9.074430723915249,-28.97603836436491,18.83234849788691,14.67260207885619,1.5398058252427127,True,False
CWBC,rainbow_convergence,26.239999771118164,26.03396176752052,26.239999771118164,0.6464292931824105,5.0,True,True,,,,,,,,,,,,0.0,0.7852058132425223,True,-75.60975609756098,True,19.80885911787037,-75.60975609756098,36.36363636363635,100.0,216.66666666666666,-83.33333333333333,3.44827586206895,1.7543859649123084,39.02439024390243,,,,,,,,,,False,False
DAC,rainbow_convergence,161.74000549316406,151.263770629706,161.74000549316406,3.5290765781640228,1.0,True,True,,,,,,,,,,,,0.0,6.477206941792056,True,,False,44.808829743703704,,,,,,,,,,,,,,,,,,False,False
DDI,rainbow_convergence,13.15999984741211,12.673076014245579,13.15999984741211,3.4872727139401074,9.0,True,True,,,,,,,,,,,,0.0,3.7000291703064354,True,,False,37.80882172664352,,,,,,,,,,,,,,,,,,False,False
DDOG,rainbow_convergence,276.4599914550781,244.46861947741806,276.4599914550781,9.10064874694498,8.0,True,True,,,,,,,,,,,,0.0,11.571790843688257,False,-28.57142857142857,True,33.475495507673614,1100.0,114.28571428571428,-7.1428571428571725,-28.57142857142857,-19.999999999999996,15.384615384615397,29.99999999999996,900.0,35.64444336929702,32.154426546806334,29.20687462977498,28.35224110745258,11.429354964994953,5.584592433439584,7.626367496903397,7.123107068556767,28.35224110745258,True,False
DOCN,rainbow_convergence,139.8000030517578,129.40289863249555,139.8000030517578,5.655959519437634,11.0,True,True,,,,,,,,,,,,0.0,7.437127462302678,True,-61.53846153846154,True,32.475477795138886,-25.64102564102565,-61.53846153846154,9.523809523809534,357.5757575757575,93.33333333333333,-34.78260869565217,-84.76821192052981,287.1794871794872,28.57064471879287,22.40214899645472,18.282298401854334,15.693960218455905,9.026191814815544,6.400841618878661,5.554926535269167,4.999542752629171,15.693960218455905,True,False
DRH,rainbow_convergence,12.510000228881836,12.266481715506224,12.510000228881836,1.1303740668717766,5.0,True,True,,,,,,,,,,,,0.0,1.9465907987227768,True,-9.090909090909083,False,31.808811030636576,144.44444444444446,75.00000000000003,,-9.090909090909083,528.5714285714286,-41.666666666666664,19.999999999999996,-44.44444444444444,4.110297003794328,1.2983955456675078,-1.6187005242769281,0.08943320391823217,23.289252484873835,-5.9635600690624795,-3.801894990609145,-6.651838283396572,-1.6187005242769281,True,False
EBF,rainbow_convergence,22.549999237060547,21.74734285147254,22.549999237060547,2.9302017215757363,8.0,True,True,,,,,,,,,,,,0.0,3.5594519412171692,True,2.6315789473684292,True,79.47543495105324,2.6315789473684292,2.9411764705881804,7.692307692307687,27.499999999999993,11.428571428571477,-16.666666666666696,-17.647058823529417,34.210526315789465,1.4588927641799643,3.9503349478430705,0.3969089214300725,-0.3655162664835676,2.3369965650716473,-3.7976579112881437,1.5110057156755508,1.5216519028365072,-0.3655162664835676,True,False
EFXT,rainbow_convergence,25.440000534057617,22.48829978185196,25.440000534057617,5.16735332154777,7.0,True,True,,,,,,,,,,,,0.0,11.602597052834525,False,,False,26.475447406597223,,,,,,,,,,,,,,,,,,False,False
ENTG,rainbow_convergence,158.47999572753906,143.88666753408756,158.47999572753906,6.484439065242737,8.0,True,True,,,,,,,,,,,,0.0,9.208309305194923,True,-50.74626865671641,True,26.475435686273148,74.28571428571429,46.34146341463414,-50.74626865671641,-9.80392156862745,1.6666666666666607,81.81818181818177,-28.260869565217384,31.428571428571452,11.45885916203937,5.005173305742372,-3.0486886449645145,-0.07428500680946026,8.78186968838528,-1.4564874377958503,2.0815264527320076,1.8551236749116518,-3.0486886449645145,True,False
FBLA,rainbow_convergence,16.780000686645508,15.975762044710686,16.780000686645508,3.5628052851016876,12.0,True,True,,,,,,,,,,,,0.0,4.792840339839087,True,-100.0,False,26.808775979583334,-100.0,-75.0,,,-100.0,,-233.33333333333331,19.999999999999996,,,,,11.523502276359032,-1.5932826964158542,9.293728516765022,,,False,False
FFIV,rainbow_convergence,443.67999267578125,419.21079782241833,443.67999267578125,5.279621065537101,14.0,True,True,,,,,,,,,,,,0.0,5.515054827194735,True,4.0322580645161255,True,23.808762094606482,11.384615384615394,4.0322580645161255,9.929078014184412,16.487455197132572,40.31007751937985,-16.774193548387096,-4.61538461538461,0.0,10.854722759716552,11.020990996043079,7.302909761262066,8.493130871036092,6.575951706295435,-1.308870286273578,1.527608043550721,3.8084498378974097,7.302909761262066,True,False
FORM,rainbow_convergence,148.44000244140625,119.87685660672797,148.44000244140625,14.046744477405246,9.0,True,True,,,,,,,,,,,,0.0,19.242215955872823,False,-16.666666666666664,True,25.808692176585648,491.6666666666667,225.0,141.6666666666666,-16.666666666666664,173.07692307692304,-10.344827586206872,44.99999999999995,66.66666666666667,31.892052012788685,31.97320198884195,13.552666993872808,-2.52071740165547,14.19361115041744,5.103572640277365,6.161064950956208,3.5128040122983872,-2.52071740165547,True,False
FOSL,rainbow_convergence,6.800000190734863,5.503481229630856,6.800000190734863,13.464897959582595,11.0,True,True,,,,,,,,,,,,0.0,19.06645477555339,False,,False,40.80869574725694,,,,,,,,,-4.85507377897163,-3.657203602336978,-18.0463692242971,-6.121208120381216,-6.70623462255463,-19.8781565926623,3.820489191379761,22.602410294571396,-18.0463692242971,True,False
FROG,rainbow_convergence,97.58999633789062,90.7522399224124,97.58999633789062,3.6603985688931147,2.0,True,True,,,,,,,,,,,,0.0,7.006616120574003,True,,False,33.80869516150463,,,,,,,,,28.731331551642825,25.79100868414388,25.17962059994141,25.538255575117375,6.361339680601641,5.967406714106782,6.1348214481363295,7.614368809935534,25.17962059994141,True,False
FSLY,rainbow_convergence,26.389999389648438,24.229049488098557,26.389999389648438,6.356019828973235,13.0,True,True,,,,,,,,,,,,0.0,8.1885181945003,True,,False,32.808680449444445,,,,,,,,,23.27229690200323,19.75926464277309,22.78647593168255,15.317843243006868,5.950722744637926,0.2369476050332553,9.094126644040369,6.39772979443074,15.317843243006868,True,False
FTK,rainbow_convergence,29.790000915527344,27.786892233578197,29.790000915527344,5.231036181604299,13.0,True,True,,,,,,,,,,,,0.0,6.724097416543123,True,-40.00000000000002,True,31.80867894888889,420.0,-29.41176470588236,-40.00000000000002,562.5,116.6666666666667,33.33333333333337,-83.01886792452831,960.0,70.29477292202229,26.532639716773243,33.02401639182773,12.643239113827342,41.849509642974404,3.7500555399220925,20.502935874783603,-3.974293059125966,12.643239113827342,True,False
FTNT,rainbow_convergence,178.72000122070312,166.11945508656473,178.72000122070312,6.289777478680524,14.0,True,True,,,,,,,,,,,,0.0,7.050439820990073,True,-11.428571428571422,True,25.808691381296295,43.85964912280702,28.57142857142856,-1.4705882352940902,-11.428571428571422,13.888888888888884,7.462686567164178,8.064516129032251,8.771929824561408,25.638036809815958,20.127297525491983,14.752123366062285,14.375704528877398,10.721237024221452,-2.9081364829396272,10.441184996231655,5.822085889570561,14.375704528877398,True,False
GSAT,rainbow_convergence,82.87999725341797,82.15774643845174,82.87999725341797,0.7005672251959671,11.0,True,True,,,,,,,,,,,,0.0,0.8714416492532459,True,-276.9230769230769,False,33.47528466457176,-276.9230769230769,,,-116.66666666666667,,,,-107.6923076923077,-3.538452373860723,16.711087420042638,17.62753976167515,2.127041641888061,-7.55309431377027,-2.6361501368797002,-2.551289863904127,9.973491392148691,-3.538452373860723,True,False
IBRX,rainbow_convergence,9.279999732971191,8.272120090072587,9.279999732971191,8.218842036280906,14.0,True,True,,,,,,,,,,,,0.0,10.860772326508572,False,,False,31.47526828736111,,,,,,,,,93.90728476821192,167.6394018284192,406.9518008474576,425.0736980019653,15.911867167352845,15.465587044534423,19.412993980225203,21.328287606433307,93.90728476821192,True,False
IDT,rainbow_convergence,79.9800033569336,68.987003549123,79.9800033569336,8.707206231676734,3.0,True,True,,,,,,,,,,,,0.0,13.744685354351876,False,1.1627906976744207,True,61.80860022195602,28.358208955223873,1.1627906976744207,4.999999999999982,30.88235294117647,-1.1494252873563315,3.571428571428581,-5.61797752808989,32.835820895522396,,,,,4.545921155024257,,,,,False,False
INTC,rainbow_convergence,120.0,106.99814711663556,120.0,10.295366948901687,12.0,True,True,,,,,,,,,,,,0.0,10.834877402803695,False,,False,19.808579183587963,,,,,,,-111.11111111111111,,25.421883505715837,7.184021473119118,-4.109396914446006,2.777777777777768,18.789128673491938,-0.7093754570718147,0.1538123489343013,6.174663659693591,-4.109396914446006,True,False
JAKK,rainbow_convergence,25.5,24.660794672362112,25.5,2.1766773795825145,5.0,True,True,,,,,,,,,,,,0.0,3.291001284854463,True,-62.5,False,19.808541125891203,,,,-62.5,,,-126.4367816091954,,16.91437016138513,-5.807351681633155,-2.774187133339967,-34.3264740085695,30.524204132138433,-16.07848073382948,-39.81629657686663,77.34730548978118,-34.3264740085695,True,False
JCI,rainbow_convergence,151.77000427246094,145.00975364637367,151.77000427246094,2.9089334913099294,14.0,True,True,,,,,,,,,,,,0.0,4.454273200092369,True,-26.206896551724135,True,24.475187848252315,38.888888888888886,34.92063492063491,180.64516129032265,-26.206896551724135,17.647058823529417,-67.43295019157088,143.92523364485982,48.611111111111114,8.21000704721635,6.837449318098043,3.1049935979513554,2.611054594777884,5.951354148697607,-10.01241850357032,6.444150693985451,6.624383368569409,2.611054594777884,True,False
KEYS,rainbow_convergence,373.8800048828125,338.9792213976282,373.8800048828125,6.726759115700724,9.0,True,True,,,,,,,,,,,,0.0,9.334755276929958,True,35.570469798657726,False,52.80850694424768,109.09090909090904,35.570469798657726,68.04123711340206,,13.861386138613852,23.926380368098176,20.740740740740726,22.72727272727273,41.34762633996938,32.28043143297381,31.470829909613805,,7.513104251601632,7.312500000000011,18.343195266272193,3.522205206738138,31.470829909613805,False,False
KF,rainbow_convergence,68.81999969482422,65.2235326123545,68.81999969482422,2.793597952339583,12.0,True,True,,,,,,,,,,,,0.0,5.225903950040553,True,,False,,,,,,,,,,,,,,,,,,,False,False
KN,rainbow_convergence,38.22999954223633,36.304377621580194,38.22999954223633,3.0584994700364954,7.0,True,True,,,,,,,,,,,,0.0,5.036939429017559,True,15.000000000000146,False,19.808518759780092,,15.000000000000146,1900.0,,-52.17391304347826,14.999999999999991,122.22222222222223,,-17.630057803468212,41.85724185724187,10.213243546576889,-42.50000000000001,-30.38593063019053,4.2260692464358485,81.68362627197038,-37.51445086705202,-42.50000000000001,True,False
KODK,rainbow_convergence,9.850000381469727,9.413201941284541,9.850000381469727,2.5423614883568066,11.0,True,True,,,,,,,,,,,,0.0,4.434501759075167,True,-654.5454545454544,False,33.80851514462963,,,-654.5454545454544,-153.33333333333331,,,,,18.250950570342205,7.287449392712553,9.022556390977442,3.065134099616862,17.35849056603773,-8.62068965517241,7.806691449814118,2.281368821292773,3.065134099616862,True,False
LAUR,rainbow_convergence,38.0,37.10317515625207,38.0,2.0245897702259965,5.0,True,True,,,,,,,,,,,,0.0,2.3600653782840237,True,-58.92857142857143,False,26.475148713611112,50.76923076923077,,90.00000000000003,-58.92857142857143,,-113.1578947368421,395.6521739130434,-64.61538461538461,17.4961271071971,15.434320508803289,27.868604656655506,8.570358976863046,125.91191877100054,-49.64572543166823,35.271248101063414,-23.64410595318951,8.570358976863046,True,False
LIND,rainbow_convergence,33.630001068115234,28.70441538403993,33.630001068115234,7.541771071357109,4.0,True,True,,,,,,,,,,,,0.0,14.646403590945098,False,-100.0,False,31.47512174028935,,,,-100.0,-122.22222222222223,,,,18.638244663431493,15.742178153916342,23.26373234460901,16.58551976893765,-4.214159691942331,13.555991068942742,-23.72924404177007,43.00634136175534,15.742178153916342,True,False
LITE,rainbow_convergence,1045.780029296875,905.7863463054582,1045.780029296875,7.505100648544596,10.0,True,True,,,,,,,,,,,,0.0,13.38653245133595,False,-3177.4193548387093,False,33.80844063248843,-3177.4193548387093,,,,-6459.999999999999,68.53932584269661,1680.0,-98.38709677419355,55.91955887122933,16.016371077762614,9.651035986913858,6.0768261964735615,13.052681091251173,5.718547986076583,19.382606114574052,9.27667855984431,6.0768261964735615,True,False
LQDT,rainbow_convergence,43.63999938964844,42.01660239529335,43.63999938964844,2.934901340683583,14.0,True,True,,,,,,,,,,,,0.0,3.719974832859796,True,4.545454545454541,True,47.475105687083335,39.13043478260869,4.545454545454541,27.77777777777779,19.999999999999996,39.13043478260869,0.0,-4.1666666666666625,4.347826086956519,8.094264859228373,3.7439312567132177,-0.9090091636625219,10.437962348144069,7.326972136633203,-0.40175220056262173,2.651412505927775,-1.490719499478621,-0.9090091636625219,True,False
LTRX,rainbow_convergence,7.059999942779541,6.053658050937784,7.059999942779541,13.760750932079127,9.0,True,True,,,,,,,,,,,,0.0,14.254134560878725,False,,False,32.80843912774306,,,,,,,,,8.027324109712541,5.884210526315781,-4.451076666345754,-13.447404351741564,3.237565032972123,1.3535299254383126,-0.06712760958582642,3.311487915669753,-13.447404351741564,True,False
LXP,rainbow_convergence,60.95000076293945,60.331357488434705,60.95000076293945,0.9609785049832521,0.0,False,False,,,,,,,,,,,,0.0,1.0150012580162482,False,-110.00000000000001,True,26.475107464131945,-106.38297872340425,-110.00000000000001,745.4545454545457,500.0,,-103.2258064516129,675.0000000000002,-74.46808510638299,-0.6153846153846176,0.20618556701030855,2.935420743639927,6.8560235063663155,-0.30864197530864335,-7.604562737642584,-3.574702108157657,11.897435897435905,-0.6153846153846176,True,False
MRVL,rainbow_convergence,268.0799865722656,237.90160625008804,268.0799865722656,9.285349127346345,12.0,True,True,,,,,,,,,,,,0.0,11.257229869355607,False,-80.0,False,59.80839773356481,50.0,-80.0,95.65217391304337,,725.0,-91.11111111111111,-79.54545454545456,900.0,36.54852699267235,27.568195008705754,22.080994827775946,36.83134357891959,13.297212341798325,8.973723351512142,6.951072547601833,3.409600717810668,22.080994827775946,True,False
MSGM,rainbow_convergence,4.840000152587891,4.372119649723927,4.840000152587891,5.729057234330686,3.0,True,True,,,,,,,,,,,,0.0,9.66695223374722,True,-90.2439024390244,False,33.8083939602662,-90.2439024390244,-81.81818181818183,,,33.33333333333335,-57.14285714285712,-7.771561172376096e-14,-82.92682926829268,36.58103895302178,129.25201867778097,94.93030544216894,71.94181079189283,-12.187838678894025,4.774472935894636,24.11498900974123,19.60684301500093,36.58103895302178,True,False
MSM,rainbow_convergence,128.5,121.40536667231476,128.5,2.6845532889183232,10.0,True,True,,,,,,,,,,,,0.0,5.521115430105248,True,3.0303030303030054,True,19.47505959894676,41.17647058823528,8.571428571428585,12.048192771084354,3.0303030303030054,89.4736842105263,-18.279569892473123,-8.823529411764708,0.0,7.819429642329423,2.9221154245124836,4.006531076464426,2.7188317770749038,14.089416348687145,-4.961250264061534,-1.2769698673550267,0.7238877819481182,2.7188317770749038,True,False
MTRN,rainbow_convergence,285.1400146484375,253.51825501462034,285.1400146484375,6.302970365753849,10.0,True,True,,,,,,,,,,,,0.0,11.089906014350568,False,8.235294117647074,False,25.47502663140046,52.066115702479344,8.235294117647074,,14.018691588785037,100.0,206.66666666666643,-75.40983606557374,0.8264462809917328,42.22046156911259,30.807698712916043,12.104946311382548,1.8531536585645103,11.655002328017684,12.265341375466043,10.104584449919972,3.046393209438958,1.8531536585645103,True,False
MU,rainbow_convergence,1097.3900146484375,992.0737777824547,1097.3900146484375,7.5353920426546805,11.0,True,True,,,,,,,,,,,,0.0,9.596974226134373,True,175.44910179640718,True,81.80835961825231,1368.452380952381,756.0283687943263,175.44910179640718,249.3827160493827,104.39105219552611,162.3913043478261,62.544169611307396,68.45238095238095,345.7155144608107,196.28709797590963,56.65403605465611,46.0,73.74685666387259,74.888221065748,20.574458683163943,21.65358563595312,46.0,True,True
NDSN,rainbow_convergence,329.0199890136719,315.80512398059585,329.0199890136719,3.564414253038605,8.0,True,True,,,,,,,,,,,,0.0,4.016432275951144,True,6.091370558375631,True,67.80835616085648,22.97297297297296,6.091370558375631,44.242424242424235,25.94339622641513,30.622009569377994,-12.184873949579833,-10.861423220973787,20.270270270270263,10.270677766554414,8.47939344420723,8.781157583438958,0.9856517686122723,10.369212536461635,10.663205175506874,-10.954616796573646,1.3905427985364982,0.9856517686122723,True,False
NTAP,rainbow_convergence,215.0500030517578,192.16274638701293,215.0500030517578,7.637194645575356,12.0,True,True,,,,,,,,,,,,0.0,10.64276044638624,False,6.338028169014098,True,59.80835535090278,63.478260869565226,23.170731707317003,15.972222222222232,6.338028169014098,-6.930693069306915,20.958083832335305,10.596026490066212,31.304347826086975,29.890955740859514,12.471131639722866,4.387568555758681,2.834740651387224,3.952772073921973,13.718622300058382,0.46920821114369016,9.364977549711352,2.834740651387224,True,False
NVDA,rainbow_convergence,230.86000061035156,220.2566204224358,230.86000061035156,3.5063005571174375,10.0,True,True,,,,,,,,,,,,0.0,4.592991492628597,True,66.66666666666667,True,45.80831376520833,127.77777777777777,214.47368421052633,97.75280898876404,66.66666666666667,2.9288702928870203,35.79545454545454,35.384615384615394,20.370370370370374,105.85114348672526,85.22763378875223,73.21451272533118,62.49358645459211,17.896220057587463,19.79831784754944,19.50847279233765,21.95622874013221,62.49358645459211,True,True
NVEC,rainbow_convergence,110.80000305175781,105.75017791499353,110.80000305175781,3.646933514951489,6.0,True,True,,,,,,,,,,,,0.0,4.557603788517377,True,-18.072289156626496,True,18.80831087923611,78.3783783783784,27.500000000000036,11.111111111111093,-18.072289156626496,29.41176470588236,45.71428571428573,2.941176470588225,-8.108108108108103,52.65767006334343,-18.68414192523077,334.9795723353842,-68.17458582789332,15.611191793097046,-41.9630488094651,114.24550955719911,6.194599997959949,-68.17458582789332,True,False
NVT,rainbow_convergence,165.77000427246094,158.16316611434195,165.77000427246094,2.718461376503619,8.0,True,True,,,,,,,,,,,,0.0,4.5887904699672495,True,-59.72222222222223,True,27.474961167511577,97.01492537313432,-59.72222222222223,957.1428571428552,19.354838709677423,51.7241379310345,17.56756756756768,-8.881784197001252e-14,10.447761194029837,52.76710621949954,53.46595823551217,41.81068864663653,34.78260869565217,18.462157809983903,16.433861441829944,1.204933586337753,9.438272245872703,34.78260869565217,True,False
NXDR,rainbow_convergence,2.4800000190734863,2.389490873657621,2.4800000190734863,2.6992346126607636,12.0,True,True,,,,,,,,,,,,0.0,3.649562287087369,True,,False,32.808287868460646,,,,,,,,,14.53458897270059,13.830847607796803,6.5171398785797585,5.011431184270698,20.893804018226337,-11.240806574648454,0.8432755667798775,5.845482617178499,5.011431184270698,True,False
OPY,rainbow_convergence,119.47000122070312,116.86945326936728,119.47000122070312,1.5341403165861216,5.0,True,True,,,,,,,,,,,,0.0,2.1767371932404305,True,-170.95588235294116,True,27.474914752650463,24.607329842931946,-170.95588235294116,607.6086956521739,-12.037037037037045,,-129.64669738863287,242.6315789473684,-0.5235602094240788,21.975573526984647,21.187568997941852,26.045400899394423,15.338028724969966,-1.8892065286802762,-4.194451692977008,11.47885223700358,16.40534741706552,15.338028724969966,True,False
PACB,rainbow_convergence,2.509999990463257,1.5138979514415778,2.509999990463257,23.439055525941388,10.0,True,True,,,,,,,,,,,,0.0,39.68534035085132,False,,False,33.80824039376157,,,,,,,,,4.99017575969638,-6.97825706207621,6.7420098297836795,2.4632826591084678,4.919576093388556,-3.2855544860955765,-3.331992154101493,7.033079428309952,-6.97825706207621,True,False
PANW,rainbow_convergence,396.25,363.6575870846092,396.25,7.0534985264022225,13.0,True,True,,,,,,,,,,,,0.0,8.225214615871499,True,-227.77777777777771,True,47.808239381817124,-227.77777777777771,-159.45945945945948,60.52631578947367,-4.081632653061229,,-136.0655737704918,29.78723404255319,30.555555555555515,34.43721663709836,31.14897335080822,14.931324767390342,15.661524076671341,13.590939373750842,15.728604471858132,4.850444624090544,-2.464025231618372,14.931324767390342,True,False
PARR,rainbow_convergence,86.20999908447266,78.9584197862562,86.20999908447266,3.1884919272627577,1.0,True,True,,,,,,,,,,,,0.0,8.411529260209146,True,699.1452991452992,False,31.80822457921296,699.1452991452992,,,3869.2307692307695,749.9999999999998,-21.42857142857144,-72.86821705426357,341.02564102564105,56.797793220586044,4.510737887355898,-1.0359558153738013,-6.110125642918874,62.789252912954076,0.5796254218967123,-9.920633343534025,6.311165192628443,-6.110125642918874,True,False
PEB,rainbow_convergence,18.809999465942383,18.276597475114784,18.809999465942383,2.1447087451981095,6.0,True,True,,,,,,,,,,,,0.0,2.835736342222568,True,-254.16666666666669,False,26.808204322245373,183.33333333333334,,,-254.16666666666669,,,,-716.6666666666667,-0.09692371490196416,7.927785028694889,3.382109004739342,-1.435493041307201,17.78820561483092,-0.9632741004761969,-12.466047857785977,-2.1627484130275265,-1.435493041307201,True,False
PK,rainbow_convergence,15.420000076293945,14.957354378576467,15.420000076293945,2.3888161393126257,5.0,True,True,,,,,,,,,,,,0.0,3.000296338705799,True,-425.0,False,32.80817806469908,,,-425.0,-130.76923076923077,380.0,,,,1.1904761904761862,-1.2698412698412653,0.6399999999999961,-6.009244992295837,9.324758842443725,-1.112877583465821,3.1147540983606614,-9.226190476190476,-6.009244992295837,True,False
PLUS,rainbow_convergence,92.88999938964844,89.71986469240002,92.88999938964844,1.5128181485307859,1.0,True,True,,,,,,,,,,,,0.0,3.41278363449068,True,-27.95031055900622,True,37.808179080578704,-27.95031055900622,-18.94736842105256,46.15384615384617,12.820512820512842,50.649350649350545,-42.105263157894704,0.7575757575757569,-18.012422360248447,-11.969006112662894,-0.8352512112373311,-14.708669209793968,-4.694003060684504,-1.0406539716948715,-0.5412722675625425,-8.819987394390505,-1.9074010694399957,-14.708669209793968,True,False
POWW,rainbow_convergence,2.2799999713897705,2.221225929922881,2.2799999713897705,2.3587121603103713,8.0,True,True,,,,,,,,,,,,0.0,2.577808868614325,True,,False,44.47484667887732,,,,,,-200.00000000000009,0.0,,22.123596316756753,10.10391236614392,6.968593421412317,0.010790267329086056,4.258050636740962,3.6938989351198437,11.76663929199453,1.0705403961213777,0.010790267329086056,True,False
PRLB,rainbow_convergence,94.37000274658203,85.64038803307155,94.37000274658203,9.234174942728863,11.0,True,True,,,,,,,,,,,,0.0,9.250412694119225,True,3.4482758620689724,False,27.474831599525462,105.55555555555559,120.00000000000001,,3.4482758620689724,12.12121212121211,32.00000000000001,-16.666666666666664,66.66666666666667,10.571362993565959,10.40450061408027,12.10924024640656,7.7591765576863425,7.180484584027091,2.082890697691453,0.8325576584962358,0.22433975255991,7.7591765576863425,True,False
PRSU,rainbow_convergence,50.95000076293945,49.05479008527866,50.95000076293945,1.801820819963281,9.0,True,True,,,,,,,,,,,,0.0,3.7197461222401986,True,-107.73913043478261,False,32.80814314753472,170.00000000000003,,-107.73913043478261,57.57575757575759,,,-134.23076923076923,1200.0,14.347755325801126,37.42249660714761,24.616257996899506,32.24293168437975,158.49695983889083,-9.515883167171868,-76.32041888292356,106.45520502299925,14.347755325801126,True,False
QQQX,rainbow_convergence,30.68000030517578,30.03410190841491,30.68000030517578,1.8101958554979345,12.0,True,True,,,,,,,,,,,,0.0,2.105275066284487,True,,False,,,,,,,,,,,,,,,,,,,False,False
RAL,rainbow_convergence,70.80000305175781,67.2475398938969,70.80000305175781,3.837405316293061,12.0,True,True,,,,,,,,,,,,0.0,5.0176031140336415,True,-1603.703703703704,True,23.80812346664352,21.42857142857144,-31.57894736842104,-1603.703703703704,-38.59649122807017,30.76923076923077,,-3580.0000000000005,-16.666666666666675,12.815418239618515,10.95890410958904,4.306940003761528,-0.8619074386359338,6.210250654695093,-3.606202668589975,4.819504819504816,5.126167295847406,-0.8619074386359338,True,False
RCKY,rainbow_convergence,46.0,44.49858615373781,46.0,1.67235703830657,5.0,True,True,,,,,,,,,,,,0.0,3.2639431440482363,True,-74.24242424242425,True,24.80811102912037,281.25000000000006,-74.24242424242425,32.30769230769228,37.142857142857146,976.470588235294,-80.23255813953489,-10.416666666666675,100.0,12.04104233911043,9.053851481069142,9.107095444109525,6.971384674476666,-4.849639472351508,-10.961521944516017,14.016647625265222,15.990042310713992,6.971384674476666,True,False
RLGT,rainbow_convergence,9.010000228881836,8.664586241073199,9.010000228881836,1.547170345332742,4.0,True,True,,,,,,,,,,,,0.0,3.83367346319706,True,-57.14285714285715,True,37.808092333402776,50.000000000000064,100.0,-15.384615384615385,-57.14285714285715,50.00000000000002,-9.090909090909083,266.6666666666667,-70.0,18.522078157584552,0.05981112767339258,-12.252782145881213,11.34281433448776,22.089336166437068,-7.752121655968636,2.4155655070481563,2.754102819838611,-12.252782145881213,True,False
ROG,rainbow_convergence,155.8000030517578,134.9617211719398,155.8000030517578,7.597063914768716,8.0,True,True,,,,,,,,,,,,0.0,13.375020200028755,False,-1009.0909090909091,False,26.808045257534722,,,-17.24137931034483,-1009.0909090909091,24.99999999999989,-58.33333333333329,,,5.249343832021003,4.8387096774193505,2.710413694721825,-5.3221288515406195,-0.496277915632759,-6.7129629629629655,6.5088757396449815,6.45669291338582,-5.3221288515406195,True,False
S,rainbow_convergence,24.670000076293945,21.772473783372657,24.670000076293945,8.195240060029493,13.0,True,True,,,,,,,,,,,,0.0,11.745140997002256,False,,False,61.80803921141204,,,,,,,,,20.5621368964791,20.79561976867559,20.234035854754097,22.912631498993584,5.538988711653792,2.029850305915848,4.727456713258893,6.9079993228261305,20.234035854754097,True,False
SAFT,rainbow_convergence,103.80999755859375,100.63335830304143,103.80999755859375,2.907829559293483,0.0,False,False,,,,,,,,,,,,0.0,3.060051372951163,False,-166.89189189189187,True,30.808039435416667,21.02564102564102,-166.89189189189187,142.85714285714272,10.404624277456653,,-172.7941176470588,-28.795811518324587,-2.051282051282055,2.8867760407857546,4.749619380689385,11.695791040283599,11.173978236794913,3.5819189111939487,-1.5276546817735381,-1.8635511492192558,2.785294899364543,2.8867760407857546,True,False
SANM,rainbow_convergence,221.9600067138672,207.96775586210094,221.9600067138672,5.2387288275776545,8.0,True,True,,,,,,,,,,,,0.0,6.30395135543671,True,-23.275862068965512,True,30.80803915134259,68.25396825396825,46.551724137931046,-23.275862068965512,-19.266055045871553,24.705882352941178,91.01123595505618,1.1363636363636465,-30.15873015873016,69.67478822587803,102.27364823999032,58.98004732977529,3.91012661678658,-13.685968378412516,25.81997703227239,52.15155371705291,2.6856887030616727,3.91012661678658,True,False
SB,rainbow_convergence,8.9399995803833,8.309441324764101,8.9399995803833,2.996263847456395,1.0,True,True,,,,,,,,,,,,0.0,7.05322466684237,True,,False,53.8080414233912,,,,,,,,,,,,,,,,,,False,False
SCSC,rainbow_convergence,62.220001220703125,56.67873741152488,62.220001220703125,4.580506361286971,8.0,True,True,,,,,,,,,,,,0.0,8.905920444332043,True,5.405405405405417,True,33.47470663554398,40.22988505747127,5.405405405405417,7.14285714285714,28.98550724637683,56.41025641025643,4.0000000000000036,-15.73033707865169,2.298850574712641,17.25014331652901,8.788148349925585,2.543822918352845,-4.632662007787724,24.298699774384126,0.03626818627757711,3.6317177043196036,-9.009381389272297,-4.632662007787724,True,False
SHOO,rainbow_convergence,45.689998626708984,43.906546875467626,45.689998626708984,2.3772233800962734,5.0,True,True,,,,,,,,,,,,0.0,3.9033744907989707,True,-62.33766233766234,False,32.4747057137037,,75.43859649122808,-32.6530612244898,-62.33766233766234,-62.0,203.0303030303029,13.793103448275911,,19.2098401337913,17.82394057114669,29.547354963546525,6.927250189159162,2.0401440753625044,-13.360876766696094,12.894610057211686,19.44109766404718,6.927250189159162,True,False
SILC,rainbow_convergence,53.630001068115234,45.88790393441656,53.630001068115234,11.523048007010232,11.0,True,True,,,,,,,,,,,,0.0,14.43613085866895,False,,False,26.47468321335648,,,,,,,,,,,,,,,,,,False,False
SITM,rainbow_convergence,678.8699951171875,619.2995717827148,678.8699951171875,5.734383720234779,14.0,True,True,,,,,,,,,,,,0.0,8.774938318519967,True,,False,32.8080180207176,,,,,,-145.45454545454544,,,126.5404207557487,88.29293364724609,66.32408862004668,44.835176262608755,38.624776563614425,0.24892969060335002,35.561884475929496,20.250669122514164,44.835176262608755,True,False
SLAB,rainbow_convergence,222.50999450683594,219.906823654718,222.50999450683594,0.8019471531759044,10.0,True,True,,,,,,,,,,,,0.0,1.16991187649234,True,,False,31.808014817407404,,,,,,,,,18.327672483082267,20.136849094612685,25.237445037263374,23.801195949397513,6.880093676814991,2.5426740823991656,1.0713644240991416,6.8210220643522,18.327672483082267,True,False
SN,rainbow_convergence,179.77999877929688,172.35786463635475,179.77999877929688,3.7947330213729957,5.0,True,True,,,,,,,,,,,,0.0,4.12845377313288,True,,False,33.47468368848379,,,,,8.235294117647074,-13.265306122448983,18.07228915662651,,,,,,24.96237983134273,-2.219567630717101,18.17692563129889,,,False,False
SNDK,rainbow_convergence,1787.68994140625,1643.417554966455,1787.68994140625,6.409578082591012,10.0,True,True,,,,,,,,,,,,0.0,8.070324897968938,True,-48.630136986301366,False,26.808011593888892,,,615.2777777777778,-48.630136986301366,94.65914025184543,347.18446601941747,586.6666666666667,,371.59389794844816,251.03244837758112,61.24733475479744,22.570366436537448,50.67226890756302,96.69421487603307,31.065857885615245,21.409784324039972,22.570366436537448,True,False
STK,rainbow_convergence,55.04999923706055,52.365440429137614,55.04999923706055,2.968739618553178,12.0,True,True,,,,,,,,,,,,0.0,4.876582824937889,True,,False,,,,,,,,,,,,,,,,,,,False,False
STNG,rainbow_convergence,85.79000091552734,81.55262922270879,85.79000091552734,2.927041780082753,1.0,True,True,,,,,,,,,,,,0.0,4.939237262616258,True,,False,26.47462245539352,,,,,,,,,,,,,,,,,,False,False
STX,rainbow_convergence,945.5700073242188,868.2667005109023,945.5700073242188,5.930622476456472,14.0,True,True,,,,,,,,,,,,0.0,8.17531290275058,True,67.74193548387098,True,24.807968652152777,150.00000000000006,108.28025477707004,67.74193548387098,72.3404255319149,71.25382262996939,25.769230769230766,6.995884773662553,8.482142857142904,48.48608837970541,44.07407407407406,21.505376344086024,21.26383763837638,16.613110539845756,10.159292035398227,7.455306200076084,7.569558101472995,21.26383763837638,True,True
SU,rainbow_convergence,69.0999984741211,66.96505437948831,69.0999984741211,2.0599943116164208,1.0,True,True,,,,,,,,,,,,0.0,3.0896441993878656,True,,False,31.80795731079861,,,,,,,,,,,,,,,,,,False,False
TENB,rainbow_convergence,36.11000061035156,35.040860438729176,36.11000061035156,1.680844648296346,2.0,True,True,,,,,,,,,,,,0.0,2.9607869109697518,True,-200.0,False,25.80792263105324,,,-200.0,,200.0,,-150.00000000000006,,8.578014112699407,9.584882305958509,10.521314549210746,11.163954061861482,2.461287195964257,0.5853385175774273,3.2059103153224466,2.080511130431262,8.578014112699407,True,False
TER,rainbow_convergence,415.7900085449219,377.46379979219535,415.7900085449219,6.3038234939057105,14.0,True,True,,,,,,,,,,,,0.0,9.217683918584536,True,-15.73033707865169,True,18.8079121928125,385.71428571428567,314.75409836065575,82.02247191011234,-15.73033707865169,-5.928853754940711,56.17283950617282,116.00000000000001,53.06122448979591,,,,,7.575783454696938,4.6785914362566405,-27.769080543721415,,,False,False
TSM,rainbow_convergence,459.20001220703125,432.2432385046375,459.20001220703125,4.983173923011772,11.0,True,True,,,,,,,,,,,,0.0,5.870377392376954,True,,False,12.474545673784723,,,,,,,,,,,,,,,,,,False,False
TTC,rainbow_convergence,97.79000091552734,95.73259900617276,97.79000091552734,1.2916001643083066,5.0,True,True,,,,,,,,,,,,0.0,2.1038980367039777,True,-14.942528735632221,True,75.47456472329861,50.0,9.48905109489051,32.692307692307686,-14.942528735632221,-46.0,117.39130434782612,-6.756756756756732,37.03703703703698,8.35322195704058,8.103801502390162,4.1507537688442175,-0.9107806691449838,-13.960833859759948,37.47949435491653,-2.80435190395798,-5.754441792627951,-0.9107806691449838,True,False
TWN,rainbow_convergence,104.29000091552734,99.33694678320192,104.29000091552734,3.2459026204338928,10.0,True,True,,,,,,,,,,,,0.0,4.7493087437378465,True,,False,,,,,,,,,,,,,,,,,,,False,False
VLGEA,rainbow_convergence,45.529998779296875,43.89563422011326,45.529998779296875,3.141919960920806,14.0,True,True,,,,,,,,,,,,0.0,3.5896433186964742,True,,False,3.4745275806712965,,,,,,,,,1.5821341957780177,6.88867357846481,4.464072785042772,3.707130467265163,-10.667140955973785,10.018314672507223,-2.8482189459922314,6.387436598429219,1.5821341957780177,True,False
VSXY,rainbow_convergence,88.51000213623047,82.92887500618748,88.51000213623047,5.004162001684281,4.0,True,True,,,,,,,,,,,,0.0,6.305645684487472,True,-8.298755186721984,False,61.474487427719914,990.0,,-8.298755186721984,,289.2857142857143,-74.6606334841629,,-330.0,10.418094585332426,15.299334811529942,7.68865685809208,9.279881217520414,3.26923076923078,-31.247245482591445,54.144021739130444,0.8910212474297463,7.68865685809208,True,False
WBD,rainbow_convergence,30.950000762939453,28.89686614186708,30.950000762939453,6.257396366394302,9.0,True,True,,,,,,,,,,,,0.0,6.633714282588532,True,-220.00000000000003,False,33.47448725768518,-90.47619047619048,,,-220.00000000000003,,,,-109.52380952380953,-11.159804321239298,-0.9577903998218118,-5.654732222997905,-6.006442897225394,-1.9790846733385825,-5.993657505285411,4.588170259812041,-7.816958825927434,-11.159804321239298,True,False
WCC,rainbow_convergence,371.2799987792969,351.4502936745802,371.2799987792969,3.673518807283437,13.0,True,True,,,,,,,,,,,,0.0,5.340903137770207,True,-0.5249343832021025,True,26.474485231006945,10.44386422976502,48.09523809523808,10.6312292358804,-0.5249343832021025,36.01286173633442,-6.606606606606613,-12.137203166226907,-1.0443864229765065,12.975455963116133,13.7807137376724,10.342382311762455,12.928553211644257,9.621552277100708,0.19115102578890486,-2.106757432530526,5.076615363753478,10.342382311762455,True,False
XMTR,rainbow_convergence,104.2300033569336,94.53423189771159,104.2300033569336,8.088605209194714,11.0,True,True,,,,,,,,,,,,0.0,9.302284512089118,True,,False,31.47448667574074,,,,,,,,,41.054587288599606,35.87907611395566,29.52082183296756,27.535321599457994,11.768663046339544,6.621690454162721,6.464875632902634,11.177074938325537,27.535321599457994,True,False
XOM,rainbow_convergence,163.82000732421875,160.1774789443378,163.82000732421875,1.4567495703163011,1.0,True,True,,,,,,,,,,,,0.0,2.2234942113462197,True,,False,27.474481811099533,,,,,112.19512195121952,,,,,,,,42.34166809805413,,,,,False,False
XRPN,rainbow_convergence,23.43000030517578,11.532720364405895,23.43000030517578,21.191238659699284,10.0,True,True,,,,,,,,,,,,0.0,50.77797603844558,False,,False,,,,,,,,,,,,,,,,,,,False,False
ABSI,vcp,10.5,9.25,10.75,,,,True,,,,,,2.0,17%->12%,17.37005689762419,11.904761904761903,0.5884802536859178,7.0,2.380952380952381,13.953488372093023,False,,False,44.809175942129635,,,,,,,,,-46.37436762225969,-81.76420695504665,-2.2556390977443663,-77.77777777777779,47.906976744186046,-66.92307692307693,71.95767195767195,-36.25632377740303,-81.76420695504665,True,False
AGCC,vcp,15.5,14.180000305175781,15.100000381469727,,,,False,,,,,,3.0,23%->10%->9%,22.50692586179238,8.516127063382056,0.2394678492239468,13.0,-2.5806427001953125,6.092715583126357,False,,False,,,,,,,,,,,,,,,,,,,False,False
AKAM,vcp,113.43000030517578,104.0,106.93000030517578,,,,False,,,,,,2.0,18%->8%,17.678659136653817,8.313497557793353,0.3850209442086074,4.0,-5.730406402637915,2.740110630144606,False,-38.04347826086958,True,33.8091757947338,-26.76056338028169,-13.414634146341465,-38.04347826086958,155.26315789473682,-26.76056338028169,24.56140350877196,-41.23711340206187,36.61971830985915,5.384602115584758,5.7599008608673286,7.350733720349933,4.971836775726368,2.4284423580257286,-1.9455444821136259,3.819538605956585,1.0671839033094654,4.971836775726368,True,False
ALAB,vcp,377.8699951171875,342.0,356.4200134277344,,,,False,,,,,,2.0,22%->9%,21.770556575549104,9.492681499112747,0.8224076418460122,18.0,-5.676550656741326,4.045792291250809,False,-79.67479674796748,False,31.809176238310187,186.20689655172416,144.44444444444446,-79.67479674796748,,88.63636363636363,76.0,-50.0,72.41379310344828,104.45486518171161,93.40010787621831,91.77226852639338,103.8934969845958,27.253446447507955,13.961704911247196,17.351404098449528,20.13807476878988,91.77226852639338,True,False
ALGT,vcp,85.0,74.33000183105469,75.45999908447266,,,,False,,,,,,3.0,32%->16%->13%,31.87552025783012,12.552939022288603,0.8161424212368359,40.0,-11.2235304888557,1.4974784881099839,False,32.94797687861271,False,32.809175456412035,,32.94797687861271,,,-109.13043478260869,26.373626373626323,,,33.10897415149181,8.925658694770977,7.570150008579657,1.0542159435079412,22.431114068344836,12.80388080853536,20.52073889392565,-20.029518957514714,1.0542159435079412,True,False
ALM,vcp,13.729999542236328,12.760000228881836,13.180000305175781,,,,False,,,,,,4.0,32%->19%->9%->7%,31.87660935599087,7.064816793114763,0.7277597755956121,17.0,-4.005821233778159,3.1866469390673036,False,,False,34.80917670320602,,,,,,,,,,,,,,,,,,False,False
AMAT,vcp,474.0400085449219,411.510009765625,529.2999877929688,,,,True,,,,,,2.0,21%->13%,20.9748516895046,13.190869473493247,0.7910911492216578,32.0,11.657239526610596,22.253916634023486,False,12.918660287081352,True,40.80917587072917,42.79279279279278,33.460076045627375,75.17241379310346,12.918660287081352,-9.686609686609682,38.188976377952756,7.627118644067776,6.3063063063063085,24.82881402355519,11.40845070422536,-2.149037119732067,-3.477643718949608,15.233881163084707,12.806617227609806,3.117647058823536,-6.874828814023559,-3.477643718949608,True,False
ARCB,vcp,134.8699951171875,124.05999755859375,129.61000061035156,,,,False,,,,,,2.0,12%->8%,11.543070909897278,8.015124156563532,0.66387372418704,17.0,-3.9000479700956237,4.282079334636274,False,-155.35714285714283,True,32.47577438550926,-155.35714285714283,-138.46153846153845,-128.92561983471077,-59.33806146572105,,,-120.34883720930235,53.571428571428555,15.874399367673075,3.2788495642022353,-2.8909443964678094,-1.409713260165324,18.597277094392584,2.683080288849049,-7.198391050024943,2.5317532985866587,-2.8909443964678094,True,False
ARWR,vcp,72.48999786376953,63.9900016784668,64.79000091552734,,,,False,,,,,,2.0,25%->12%,24.982557011265115,11.725750359762431,0.6081190107682681,14.0,-10.622150883095339,1.2347572553727528,False,-133.8181818181818,False,52.80907972576389,,-133.8181818181818,,,,-522.7272727272727,,,171.0159541902258,-86.41316064410209,10461.32,,2.0559556260764555,-72.0728090806831,2.9480801023113568,823.6575791407066,-86.41316064410209,False,False
ASA,vcp,59.77000045776367,53.349998474121094,56.689998626708984,,,,False,,,,,,2.0,18%->11%,18.21561338289963,10.741177738787632,0.6313699536730641,20.0,-5.153089856894285,5.891692068262425,False,,False,,,,,,,,,,,,,,,,,,,False,False
ASTH,vcp,35.52000045776367,32.220001220703125,34.90999984741211,,,,False,,,,,,2.0,19%->9%,19.349184967744083,9.290538272893688,0.6121130147279832,13.0,-1.7173440385421888,7.705524601737846,False,-96.96969696969697,False,33.809077571793985,110.52631578947367,107.14285714285711,,-96.96969696969697,37.93103448275863,141.66666666666666,1100.0,-94.73684210526316,48.519871473775524,55.56343590322217,42.89088091111215,99.7133964195442,0.7688322453631713,1.5335767782578724,-0.5778998544006209,46.00432493188844,42.89088091111215,True,False
ATEX,vcp,86.43000030517578,77.55999755859375,82.4800033569336,,,,False,,,,,,2.0,20%->10%,20.23021885293896,10.262643428512009,0.8419939466870875,20.0,-4.570168846806825,5.9650892314449075,False,-185.36585365853657,False,39.80906102826389,-99.25925925925925,90.19607843137263,-185.36585365853657,,-98.96907216494846,,-112.23776223776223,111.85185185185182,38.0818053596615,40.964722822174224,0.4469987228607808,0.06447453255964408,0.0,24.47552447552448,1.3530927835051498,9.44992947813823,0.06447453255964408,True,False
ATI,vcp,193.1699981689453,178.25999450683594,191.13999938964844,,,,False,,,,,,2.0,18%->8%,17.558759017178186,7.7185918121038535,0.6819494306713302,25.0,-1.050887197048814,6.738518846887703,False,-25.531914893617003,True,24.475701803090278,55.71428571428574,26.86567164179103,-25.531914893617003,36.84210526315792,28.23529411764707,21.428571428571395,-10.256410256410241,11.428571428571432,10.584005612065939,0.6204124432016789,0.3752025240897128,7.068112633181123,9.518019973947034,-2.1748364624925687,4.584629053753897,-1.306559102069449,0.3752025240897128,True,False
BB,vcp,8.979999542236328,8.329999923706055,9.180000305175781,,,,True,,,,,,2.0,14%->7%,13.991327563224623,7.2383034706525295,0.7595650315271989,7.0,2.2271801017224337,9.259263106892135,True,,False,75.80903336457176,,,,,149.99999999999994,0.0,,,26.003086419753085,25.636811832374697,10.091743119266061,-1.253481894150421,6.801831262262925,-1.9871794871794912,10.014104372355437,9.41358024691359,-1.253481894150421,True,False
BBY,vcp,96.52999877929688,86.0999984741211,87.69999694824219,,,,False,,,,,,2.0,15%->11%,15.023270865734997,10.804931562283143,0.7109333247480764,30.0,-9.147417323855276,1.8243996919012018,False,-47.61904761904761,True,52.475700132523144,70.11494252873563,37.89473684210527,365.45454545454527,-47.61904761904761,12.977099236641209,-48.828125,287.8787878787879,-24.13793103448275,3.6130536130536184,1.9276833580472275,-0.9607112130771478,2.4033880359978887,9.433751119068944,-35.31200231649052,42.82464846980976,2.4793388429751984,-0.9607112130771478,True,False
BELFA,vcp,209.25,194.25,203.75,,,,False,,,,,,3.0,23%->11%->7%,22.964141393069664,7.168458781362006,0.7469824433065106,32.0,-2.6284348864994027,4.662576687116564,False,,False,25.809034718344908,,,,,,,,,25.18493871027161,17.244708942576747,17.402358216723712,44.76131933547938,18.03676375839678,1.4510793575009284,-1.6996312437143835,6.3464429378665255,17.244708942576747,True,False
BFC,vcp,158.46710571694658,146.7100067138672,152.60000610351562,,,,False,,,,,,2.0,11%->7%,10.577481551960325,7.419267834726457,0.7027082571127883,65.0,-3.702408513670178,3.8597635347753387,False,-2.197802197802201,True,17.80903412828704,29.239766081871355,-2.197802197802201,6.857142857142873,10.909090909090914,24.157303370786522,-4.812834224598939,2.1857923497267784,7.017543859649122,,,,,,,,,,False,False
BGC,vcp,12.510000228881836,11.260000228881836,11.619999885559082,,,,False,,,,,,3.0,20%->16%->10%,19.937939610047543,9.992006212071244,0.6623022207183682,69.0,-7.1143111673811985,3.0981037884917773,False,-25.000000000000032,True,33.4757015028588,36.36363636363635,54.54545454545456,-25.000000000000032,100.0,-11.764705882352954,466.66666666666725,-50.00000000000004,-45.45454545454546,7.332583378469515,49.22311681120597,34.39048104078892,38.305892837250745,-12.805235017957761,24.91583071560335,2.868621392879356,-4.205456770348704,7.332583378469515,True,False
BJRI,vcp,63.400001525878906,56.86000061035156,59.25,,,,False,,,,,,2.0,14%->10%,14.462081158412085,10.315458609031445,0.6638374244578035,27.0,-6.545743574130578,4.033754244132385,False,-29.31034482758621,False,26.809008474456014,-11.340206185567014,-29.31034482758621,,,109.75609756097562,-30.508474576271226,2850.0000000000014,-97.9381443298969,6.370675908172108,2.915456084236423,3.211951013390868,1.3678147509072813,8.592140020886973,0.7650556135498476,7.64545352665551,-9.693733810726012,1.3678147509072813,True,False
BNED,vcp,11.489999771118164,10.46500015258789,11.680000305175781,,,,True,,,,,,2.0,16%->9%,16.3153792671806,8.92079755394568,0.5184477593690774,18.0,1.6536165173406878,10.402398294882623,False,-95.95959595959596,False,68.80900395259259,,-95.95959595959596,-67.79661016949152,-55.828220858895705,-408.3333333333332,-36.84210526315786,-73.61111111111111,,0.9774636277760207,-5.507721626563422,12.429497001165224,6.8856155547693865,25.75925505337271,-53.34075133789011,-21.127327982935785,118.18264710280508,-5.507721626563422,True,False
BOF,vcp,4.109000205993652,3.7899999618530273,3.809999942779541,,,,False,,,,,,2.0,10%->8%,10.098518551490839,7.763451646347224,0.10599835661462613,4.0,-7.276715702714502,0.5249338904693767,False,,False,,,,,,,,,,36.13265684380751,-17.78910031748454,169.71153079397143,47.60643503652311,71.02499429375919,-35.77308845852406,26.04636544973069,-1.6769436809034421,-17.78910031748454,True,False
BSRR,vcp,42.13999938964844,38.43000030517578,39.20000076293945,,,,False,,,,,,3.0,14%->11%->9%,14.459003802890416,8.803984665894433,0.7827294415865205,75.0,-6.976741028219345,1.9642868438197771,False,-2.7027027027027084,True,23.47564694403935,-1.2820512820512886,47.69230769230768,31.506849315068486,-2.7027027027027084,-19.791666666666664,0.0,33.33333333333333,-7.692307692307699,,,,,-3.3887836613686884,,,,,False,False
BSTZ,vcp,30.195972882416992,27.700000762939453,30.8799991607666,,,,True,,,,,,2.0,11%->8%,10.912766821597518,8.26591058747087,0.8234379076126339,50.0,2.265289749110602,10.297922552625497,False,,False,,,,,,,,,,,,,,,,,,,False,False
BWEN,vcp,4.420000076293945,4.0,4.190000057220459,,,,False,,,,,,3.0,25%->21%->10%,24.9122745083014,9.502264005526996,0.3181923710909387,35.0,-5.20362025120903,4.534607508967441,False,-300.0,False,44.475609920092595,,,,-300.0,,-109.375,,,67.37603305785125,-7.549269775775014,81.856564656553,24.60637129256682,-28.640220806295325,-45.469538067408536,41.17633762065147,204.67630853994493,-7.549269775775014,True,False
BWMX,vcp,17.475358920304394,15.152000427246094,16.399999618530273,,,,False,,,,,,2.0,18%->13%,18.20349711504087,13.295054503051269,0.7540751471253961,57.0,-6.15357490898041,7.609751343372423,False,,False,19.808945941712963,,,,,,,,,,,,,,,,,,False,False
CBIO,vcp,15.619999885559082,14.100000381469727,14.260000228881836,,,,False,,,,,,2.0,40%->10%,39.81191389922451,9.731110852917594,0.6847034562756429,19.0,-8.706784037396732,1.1220185472932167,False,,False,,,,,,,,,,,,,,-100.0,,,,,False,False
CCSI,vcp,38.56999969482422,33.61000061035156,35.72999954223633,,,,False,,,,,,2.0,19%->13%,18.74085014876668,12.859733273833154,0.5805599456393107,24.0,-7.363236129268095,5.933386395313891,False,5.504587155963292,True,32.80894018423611,33.644859813084096,21.495327102803728,15.217391304347782,5.504587155963292,9.999999999999986,22.641509433962305,-7.826086956521761,7.47663551401867,4.445326228671842,1.7570699517062582,0.6147400233532441,0.12894177261004724,3.3637016425814625,1.4074251060973264,-0.7173033910941373,0.36392494756534166,0.12894177261004724,True,False
CECO,vcp,75.08000183105469,68.23999786376953,71.87000274658203,,,,False,,,,,,2.0,17%->9%,16.930113788014957,9.110287427371885,0.6998894033403941,17.0,-4.275438207494732,5.050792742574557,False,-407.6923076923077,True,24.475607671585646,-407.6923076923077,-101.0204081632653,-35.71428571428565,-33.33333333333333,,-111.1111111111111,125.00000000000017,-84.61538461538461,53.708108807870936,16.537915188146933,35.397247833709635,45.81553061329908,38.38499604213308,-4.087212497787551,8.651359571657746,6.585001429411341,16.537915188146933,True,False
CEVA,vcp,29.309999465942383,26.8799991607666,35.52000045776367,,,,True,,,,,,3.0,22%->12%->8%,21.936051532970822,8.290686965038644,0.4389853197761867,32.0,21.187311855932247,24.324327662300494,False,-600.0,False,37.47560699791667,,-55.555555555555515,,-600.0,-362.4999999999998,,,,35.58585905758185,54.47582028123927,6.795874230577281,17.83718104495746,7.434132622853751,5.241841264896019,5.910497009692728,13.225610610376881,6.795874230577281,True,False
CGEM,vcp,15.779999732971191,14.489999771118164,14.529999732971191,,,,False,,,,,,2.0,35%->8%,35.10054682850538,8.174904839558799,0.5507540151025773,7.0,-7.921419652423781,0.2752922407992907,False,,False,42.80894022164352,,,,,,,,,,,,-100.0,,,,,-100.0,False,False
CHRN,vcp,20.420000076293945,18.75,19.3700008392334,,,,False,,,,,,2.0,16%->8%,16.131601733649234,8.178256954233253,0.6418056918547596,5.0,-5.142013874326649,3.200830213582665,False,-142.23602484472048,False,,,-142.23602484472048,,,,,,,-36.56296296296296,-38.31041257367387,2.3734560426253326,-58.44444444444444,-31.81528662420382,-25.715637568015136,105.49343704423917,-39.05185185185185,-58.44444444444444,True,False
CLDT,vcp,13.786958810576014,12.437047138481304,13.5600004196167,,,,False,,,,,,2.0,12%->10%,12.175790293770362,9.791221477061267,0.6514018421736494,46.0,-1.6461816857334344,8.281366123786132,False,-40.0,False,32.47559194761574,85.7142857142857,,,-40.0,,-360.0,66.66666666666667,-57.14285714285715,3.91820470959352,0.5026458076342166,2.37108764619538,1.2260774395835172,-13.841953726326894,0.8071323673955577,26.351854828105136,-5.305902210907886,0.5026458076342166,True,False
CLDX,vcp,33.59000015258789,30.3799991607666,32.18000030517578,,,,False,,,,,,2.0,25%->10%,25.258240276204347,9.556418509197236,0.6179460926710796,10.0,-4.1976774069870855,5.593539861215198,False,,False,37.8089169634375,,,,,,,,,-98.12765957446808,-99.52992792228142,-70.77662129703764,345.51282051282055,46.66666666666666,-97.94520547945206,5.035971223021574,-40.851063829787236,-99.52992792228142,True,False
CLMT,vcp,55.58000183105469,51.33000183105469,53.720001220703125,,,,False,,,,,,2.0,13%->8%,13.278772181012263,7.64663522847414,0.7109359161029913,8.0,-3.3465285157876847,4.448993550520168,False,,False,34.47558389550926,,,,,,,-111.91135734072022,,40.76563413208649,3.601972029379219,9.383886255924168,-2.035623409669207,40.34184713994367,-0.8569227806662805,-3.6549165120593696,5.006818624586007,-2.035623409669207,True,False
CLOV,vcp,4.690000057220459,4.110000133514404,4.230000019073486,,,,False,,,,,,3.0,22%->16%->12%,22.254339057308567,12.366735962254833,0.7465452538460466,39.0,-9.808103039120066,2.8368767143733034,False,,False,32.808909910324076,,,,,0.0,,,,55.597964909342146,62.04602330365041,44.73606894525513,50.051663816596474,-0.8038025117827363,53.61456776302165,-1.8006644518272386,3.9843390142791257,44.73606894525513,True,False
CNQ,vcp,51.84456626668263,46.58000183105469,47.790000915527344,,,,False,,,,,,2.0,19%->10%,18.696740425365828,10.154515342162592,0.7411103536718056,83.0,-7.820617748635515,2.531908477280481,False,,False,33.475535438900465,,,,,,,,,,,,,,,,,,False,False
COCO,vcp,61.29999923706055,55.79499816894531,57.0099983215332,,,,False,,,,,,2.0,26%->9%,25.831503396505838,8.98042599776582,0.8120065799312098,30.0,-6.998370259250687,2.1312053821425456,False,25.0,True,25.475535823449075,115.78947368421053,61.290322580645174,66.6666666666666,25.0,63.99999999999999,400.0000000000007,-75.00000000000003,5.263157894736836,28.083835528771807,37.30799489768639,0.3880810413769753,37.17439393255384,20.24198258837928,40.67549907267563,-29.907905634814846,8.031571649512026,0.3880810413769753,True,False
COFS,vcp,34.702783123043154,31.899999618530273,32.869998931884766,,,,False,,,,,,2.0,12%->8%,12.102087839908062,8.076538111007563,0.6652559553978713,54.0,-5.281375227629491,2.9510171733336055,False,-7.777777777777784,False,27.475533703136573,-7.777777777777784,,81.01265822784806,14.117647058823524,-8.791208791208794,-36.36363636363635,47.4226804123711,7.777777777777772,1.0690635479972066,33.58020728239934,73.63178283284304,71.17947547159042,1.9122165576668904,-2.2746716320265703,-0.6168414384075449,2.1108898081473537,1.0690635479972066,True,False
CPAY,vcp,427.4599914550781,386.2300109863281,389.7300109863281,,,,False,,,,,,2.0,12%->10%,11.831234755976244,9.645342556715713,0.38389098681388545,73.0,-8.826552478120062,0.8980576043251597,False,-7.0351758793969825,True,32.80886123954861,-7.0351758793969825,49.117647058823536,9.037900874635518,0.2564102564102555,-27.02169625246549,35.56149732620322,-4.347826086956519,-1.7587939698492372,,,,,12.502473901539691,,,,,False,False
CRDO,vcp,214.8699951171875,186.80999755859375,210.1699981689453,,,,False,,,,,,3.0,34%->16%->13%,34.24282271735643,13.059058126422057,0.7810295594635578,24.0,-2.1873677363276647,11.114812206247253,False,97.05882352941175,False,58.80886695387731,97.05882352941175,313.63636363636357,412.5,,-26.373626373626347,10.975609756097526,86.36363636363636,29.411764705882337,114.14189837008628,151.11506967389744,192.38947716268444,248.83905562641536,11.418685912911354,7.368578813401072,51.85485044417166,17.879352960320883,114.14189837008628,True,False
CRSR,vcp,13.630000114440918,12.670000076293945,13.850000381469727,,,,True,,,,,,2.0,23%->7%,23.11111126303056,7.043287087942556,0.7349922836762416,34.0,1.6140885193076369,8.519857564441184,True,2199.9999999999723,False,31.808868238530096,,,2199.9999999999723,,-45.45454545454546,-52.17391304347826,,,-1.8046808616984045,-4.121162947937796,5.616708935431536,13.663424271611667,-11.333043733357407,-18.849046022135497,26.3452133397732,8.013132903483777,-4.121162947937796,True,False
CURR,vcp,3.2899999618530273,3.055000066757202,3.1500000953674316,,,,False,,,,,,5.0,42%->20%->13%->9%->7%,41.73228183854894,7.14285403710054,0.013544577054969665,19.0,-4.255315140087222,3.015873832827558,False,,False,33.47553564586806,,,,,,,,,,,,,-10.69429282230564,-14.075012879534176,2.885994139541892,,,False,False
CV,vcp,6.980000019073486,6.25,6.320000171661377,,,,False,,,,,,2.0,15%->10%,14.905929894585174,10.458452966743478,0.676885865457294,8.0,-9.455585180638963,1.1075976227857534,False,,False,40.808869038055555,,,,,,-104.10958904109589,,,9.894419306184021,0.3233920229967602,32.097100472016194,24.44600773830461,30.479942693409747,-28.739152628892295,10.740531373657426,6.726998491704372,0.3233920229967602,True,False
CVU,vcp,5.349999904632568,4.940000057220459,5.21999979019165,,,,False,,,,,,2.0,17%->8%,16.55518804009483,7.663548686367083,0.5504088914148589,33.0,-2.4299087244534485,5.363979774430438,False,-50.0,False,,,,-50.0,50.0,-44.44444444444444,124.99999999999996,-55.55555555555555,,15.827175088285816,12.722432776679993,-10.815211369165457,-0.776405455461382,1.2764560246175893,-10.577106238370737,0.7483690729334525,26.944890305807156,-10.815211369165457,True,False
DAVE,vcp,339.6300048828125,310.8800048828125,339.5899963378906,,,,True,,,,,,2.0,12%->8%,12.360577887100078,8.465094245698355,0.508792965627498,7.0,-0.011780038379023588,8.454310128297125,True,-20.967741935483875,True,32.80882663603009,-20.967741935483875,104.06091370558373,322.01834862385306,21033.333333333336,-87.81094527363183,-12.608695652173918,-27.444794952681395,922.5806451612904,29.627268380427594,46.708156215560436,62.35719952399841,62.96532560628832,7.814334591639627,-3.2414900959559234,8.622325427102329,14.396199063427373,29.627268380427594,True,False
DFTX,vcp,40.38999938964844,35.5099983215332,37.599998474121094,,,,False,,,,,,2.0,16%->12%,16.15261508083942,12.082201391084773,0.5382788462231317,13.0,-6.907652779619486,5.5585112696916,False,-430.76923076923117,False,33.80882788172453,,,-430.76923076923117,,,,,,,,,,,,,,,False,False
DIBS,vcp,4.275000095367432,3.8299999237060547,3.880000114440918,,,,False,,,,,,2.0,16%->10%,16.07929570941081,10.409360508403209,0.5321737014961684,12.0,-9.239765429585653,1.2886646716521546,False,,False,34.47547762103009,,,,,,,,,5.339959340411116,-0.6963850077622569,0.8695652173912993,3.690420009438422,4.149544398785054,-2.5252525252525304,4.533042053522673,-0.736390332053305,-0.6963850077622569,True,False
DMRA,vcp,21.850000381469727,20.200000762939453,20.229999542236328,,,,False,,,,,,2.0,34%->8%,33.550379757161444,7.551485536492642,0.40764104842292315,13.0,-7.414191354464545,0.14828858119469232,False,,False,33.80882452708333,,,,,,-105.70902394106814,,,,,,,,,,,,False,False
DOCN,vcp,143.05999755859375,132.0,139.8000030517578,,,,False,,,,,,2.0,9%->8%,9.202618869959966,7.7310203742061825,0.847502090761037,4.0,-2.2787603540260974,5.579401202781116,False,-61.53846153846154,True,32.475477795138886,-25.64102564102565,-61.53846153846154,9.523809523809534,357.5757575757575,93.33333333333333,-34.78260869565217,-84.76821192052981,287.1794871794872,28.57064471879287,22.40214899645472,18.282298401854334,15.693960218455905,9.026191814815544,6.400841618878661,5.554926535269167,4.999542752629171,15.693960218455905,True,False
DRH,vcp,12.855589454258215,11.74546902647557,12.510000228881836,,,,False,,,,,,2.0,13%->9%,13.05293895184913,8.635313314357086,0.767098774088747,42.0,-2.688240991251538,6.111360419012565,False,-9.090909090909083,False,31.808811030636576,144.44444444444446,75.00000000000003,,-9.090909090909083,528.5714285714286,-41.666666666666664,19.999999999999996,-44.44444444444444,4.110297003794328,1.2983955456675078,-1.6187005242769281,0.08943320391823217,23.289252484873835,-5.9635600690624795,-3.801894990609145,-6.651838283396572,-1.6187005242769281,True,False
DSGN,vcp,13.295000076293945,11.831999778747559,12.239999771118164,,,,False,,,,,,2.0,23%->11%,22.888885982452877,11.004139068453515,0.6267217630853994,20.0,-7.935316277710533,3.3333333333333335,False,,False,33.475439060451386,,,,,,,,,,,,,64.99999999999999,-35.483870967741936,-78.16901408450705,,,False,False
DVA,vcp,195.75,173.9499969482422,176.35000610351562,,,,False,,,,,,2.0,31%->11%,30.744680555910925,11.136655454282407,0.6809424502619428,42.0,-9.910597137412196,1.360935113245563,False,-18.399999999999995,True,25.808769166527775,55.81395348837208,43.50000000000001,4.545454545454541,-18.399999999999995,40.06968641114981,-10.869565217391298,57.843137254901954,-20.93023255813954,1.4005406250927166,4.13629230677639,0.5761470981307859,1.7011478637815935,-0.47224746140921425,1.7228558940625138,3.7535975154374457,-3.467319802930835,0.5761470981307859,True,False
EGBN,vcp,29.1299991607666,26.520000457763672,28.209999084472656,,,,False,,,,,,2.0,14%->9%,14.387457392229871,8.959831027108905,0.5534274967375451,54.0,-3.1582564462721874,5.990778736462963,False,-408.33333333333337,False,18.808779621956017,,700.0,-117.64705882352939,-408.33333333333337,-52.08333333333333,,,,,,,,,,,,,False,False
ERAS,vcp,14.890000343322754,13.819999694824219,14.579999923706055,,,,False,,,,,,2.0,14%->7%,14.199681935249775,7.186035082788727,0.6482184796744285,7.0,-2.0819369541231425,5.212621624545615,False,,False,39.80878695471065,,,,,,,,,,,,,,,,,,False,False
EXEL,vcp,59.720001220703125,54.54999923706055,57.939998626708984,,,,False,,,,,,2.0,12%->9%,12.256364264666706,8.657069454061388,0.6340373032972816,40.0,-2.9805803041026517,5.850879306175418,False,26.15384615384615,True,24.80877963832176,26.15384615384615,43.636363636363626,89.36170212765953,72.49999999999999,3.797468354430378,-11.235955056179737,28.985507246376784,6.153846153846132,10.63402204268813,9.96764767835636,5.62994592019479,10.789336140652628,2.926923505104684,2.0293554136467495,0.15190169885654914,5.190220690844516,5.62994592019479,True,False
FDMT,vcp,14.970000267028809,13.800000190734863,13.84000015258789,,,,False,,,,,,2.0,16%->8%,16.45101169393952,7.815631632758565,0.7358752997601918,7.0,-7.548430823543308,0.2890170622255947,False,,False,38.80874439773148,,,,,,-334.88372093023247,,,25106.666666666668,21664.285714285714,8508900.0,2900.0,24.089268132589424,-96.41908567399224,94444.44444444445,500.0,2900.0,True,False
FISI,vcp,42.63478810807591,38.099998474121094,39.47999954223633,,,,False,,,,,,2.0,17%->11%,16.943903245546522,10.63636020064055,0.8466411107323929,163.0,-7.399564313167066,3.49544347547139,False,17.85714285714286,False,26.808728268043982,22.352941176470598,28.395061728395056,,17.85714285714286,0.0,8.333333333333348,-3.0303030303030276,16.470588235294127,,,,,,,,,,False,False
FIX,vcp,1695.5699462890625,1545.2099609375,1685.2900390625,,,,False,,,,,,2.0,20%->9%,20.065295986655666,8.867813780295029,0.8340248504778089,32.0,-0.6062803394847369,8.311927020165877,False,91.88361408882082,True,19.8087303075,91.88361408882082,121.26315789473682,129.1666666666666,101.71149144254281,19.219790675547088,12.406417112299483,13.333333333333307,26.339969372128635,-4.337759647837336,-2.865961444390097,1.0158179590843641,14.326574422345306,-4.177629367017621,-2.1198741350989203,-3.9502708926275276,6.18984161535483,-4.337759647837336,True,False
FLNG,vcp,32.974998474121094,30.56999969482422,31.31999969482422,,,,False,,,,,,2.0,9%->7%,8.65905074493331,7.293400729599206,0.742583667096599,30.0,-5.018950283184165,2.3946360386585224,False,,False,55.47539763307871,,,,,,,,,,,,,,,,,,False,False
FMAO,vcp,35.709999084472656,32.65999984741211,34.90999984741211,,,,False,,,,,,2.0,13%->9%,12.548688074188115,8.541023005477312,0.654179780455976,45.0,-2.2402667532086293,6.445144685862246,False,18.032786885245965,True,23.808729064965277,53.571428571428555,37.254901960784295,18.032786885245965,33.33333333333335,22.857142857142865,-2.7777777777778123,12.500000000000021,14.28571428571428,,,,,,,,,,False,False
FMX,vcp,125.0,114.08999633789062,115.19000244140625,,,,False,,,,,,2.0,18%->9%,18.4703503621576,8.7280029296875,0.715082402350818,46.0,-7.847998046875,0.9549492839668664,False,,False,25.475410251527776,,,,,,,,,,,,,,,,,,False,False
FN,vcp,428.5,373.70001220703125,451.44000244140625,,,,True,,,,,,3.0,31%->16%->13%,31.406593666832407,12.78879528424008,0.41604842056254493,32.0,5.353559496244166,17.220447858841464,False,24.882629107981224,True,30.80872792636574,58.92116182572613,53.33333333333334,30.672268907563026,24.882629107981224,11.014492753623184,10.932475884244376,16.917293233082688,10.373443983402497,44.64104334214218,39.28589044034232,35.901766777670076,21.62322127555867,8.358361614536204,7.185617642697251,15.822060098473823,7.5229858017878515,21.62322127555867,True,True
FNKO,vcp,5.679999828338623,5.28000020980835,5.599999904632568,,,,False,,,,,,2.0,29%->7%,29.047616050974735,7.042247017941754,0.6760249892505754,23.0,-1.408449403588351,5.714280362031807,False,-75.0,False,33.80872590486111,,,,-75.0,,,-100.0,,7.365521091234251,5.337136086484673,-7.024502177176917,-14.298157225078134,3.384448459329392,-26.42916776518147,8.844383332336946,29.687443466395138,-14.298157225078134,True,False
FNRN,vcp,18.0,16.530000686645508,17.639999389648438,,,,False,,,,,,2.0,17%->8%,17.246751661424515,8.166662851969402,0.7842652302556711,45.0,-2.000003390842014,6.2925098719351595,False,-12.121212121212132,True,25.808723156724536,-12.121212121212132,63.636363636363626,-8.108108108108091,11.764705882352944,-19.444444444444443,5.882352941176472,-10.526315789473696,15.151515151515138,,,,,,,,,,False,False
FRST,vcp,16.8799991607666,14.84000015258789,15.390000343322754,,,,False,,,,,,2.0,18%->12%,17.650563466325877,12.085302782005973,0.5781905944452508,67.0,-8.827007651202868,3.5737503474032826,False,-67.3913043478261,False,19.808678906921294,280.0,-67.3913043478261,,460.00000000000006,26.666666666666682,-74.78991596638656,325.0,180.00000000000003,,,,,,,,,,False,False
GAIN,vcp,16.851238686716762,15.510000228881836,15.739999771118164,,,,False,,,,,,2.0,14%->8%,13.7557560554631,7.95928704571835,0.675174863091688,96.0,-6.594404935196535,1.4612423480358732,False,-89.28571428571429,False,31.808681514074074,26.66666666666666,-89.28571428571429,,36.00000000000001,533.3333333333333,-85.0,-41.17647058823529,126.66666666666674,,,,,,,,,,False,False
GEO,vcp,32.0,29.600000381469727,30.790000915527344,,,,False,,,,,,2.0,10%->7%,9.879589119762416,7.4999988079071045,0.7509358668824009,9.0,-3.781247138977051,3.8648928180365916,False,64.28571428571428,True,33.47534812921297,71.42857142857142,107.14285714285711,64.28571428571428,552.6315789473684,24.13793103448276,26.086956521739136,-81.45161290322581,490.4761904761905,15.07508225015679,16.632183736957273,16.56552359639307,13.134259067357522,3.8086365395986643,-0.44876283187839094,3.8178857785183595,7.257819856044545,13.134259067357522,True,False
GEV,vcp,983.3400268554688,868.25,987.4500122070312,,,,True,,,,,,2.0,21%->12%,20.52089074493127,11.703990858940665,0.8266431702338861,32.0,0.417961766969401,12.071498377989737,False,32.79569892473118,False,25.47534659465278,32.79569892473118,1816.4835164835165,658.8571428571431,,-85.83715596330275,31.32530120481927,709.7560975609758,-11.827956989247323,21.8746570080123,16.272410358565747,3.7696533434362633,11.847862672500842,18.89923974729628,-14.759036144578308,9.900692145651524,9.417188014487987,3.7696533434362633,True,False
GLW,vcp,160.7100067138672,149.25999450683594,160.4199981689453,,,,False,,,,,,2.0,17%->7%,16.90017304873896,7.1246417327436165,0.6929735454920666,16.0,-0.18045456586795788,6.956740923507733,False,18.518518518518512,False,24.475334444444446,18.518518518518512,138.88888888888889,69.44444444444449,,48.837209302325576,-29.508196721311485,22.00000000000002,-7.407407407407418,20.464557468962763,15.663157894736845,,,9.501274117218795,9.879999999999999,-4.104334484081318,4.405286343612325,15.663157894736845,False,False
GPRE,vcp,16.030000686645508,14.329999923706055,14.930000305175781,,,,False,,,,,,2.0,19%->11%,18.998791514024134,10.60511971378587,0.7141501224555705,28.0,-6.862135585472121,4.018756659112221,False,-75.36231884057972,False,32.47530894695602,,,,-75.36231884057972,97.61904761904762,61.53846153846152,52.941176470588225,,-30.69845442596202,19.115103498298282,2.3666917238536422,14.537027553006254,7.428919387324928,1.1441430771052863,-5.62051465492186,-32.422305821208965,-30.69845442596202,True,False
GPRK,vcp,11.510000228881836,10.260000228881836,10.40999984741211,,,,False,,,,,,2.0,20%->11%,19.801982930755184,10.860121417403604,0.67403825717322,19.0,-9.556910161561209,1.4409185468678258,False,,False,32.808618287060185,,,,,,,,,,,,,,,,,,False,False
GSL,vcp,46.56999969482422,43.25,45.439998626708984,,,,False,,,,,,2.0,10%->7%,10.22599781246303,7.129052429848315,0.7664940777709242,43.0,-2.426457108697002,4.819539376970259,False,,False,37.47530716039352,,,,,,,,,,,,,,,,,,False,False
HAFC,vcp,32.70000076293945,30.170000076293945,31.209999084472656,,,,False,,,,,,2.0,10%->8%,10.477608469657644,7.737004977421543,0.8364674892555108,63.0,-4.556579950161623,3.3322622194376246,False,20.68965517241377,True,17.80860393752315,58.00000000000001,29.31034482758621,20.68965517241377,48.979591836734706,5.3333333333333455,7.142857142857184,-4.109589041095929,46.0,5.394402646763896,7.292302946166895,9.553372235376,10.873724088454818,0.9390778290222723,-1.3591241704010493,0.05959644691659882,5.7894958058879675,5.394402646763896,True,False
HELP,vcp,12.96500015258789,11.630000114440918,11.90999984741211,,,,False,,,,,,2.0,15%->10%,15.098312170558762,10.296953508947695,0.6913857877251578,7.0,-8.137294969219086,2.350963363211392,False,,False,40.47526951449074,,,,,,,,,,,,,,,,,,False,False
HESM,vcp,41.31999969482422,36.959999084472656,38.04999923706055,,,,False,,,,,,2.0,13%->11%,12.728159958402433,10.551792455355947,0.8173124101539971,92.0,-7.913844341516961,2.8646522324400863,False,,False,30.475281800486112,,,,,,,,,-3.8210399032648112,2.020997375328082,2.0506329113924027,11.1228813559322,2.315410342166202,-3.572314562143386,-3.9323164918970477,1.475211608222482,-3.8210399032648112,True,False
HLF,vcp,13.170000076293945,11.510000228881836,12.279999732971191,,,,False,,,,,,2.0,20%->13%,19.923078096829926,12.604402716748012,0.7472371267680437,25.0,-6.757785407494099,6.27035440417759,False,-152.08333333333334,True,30.80860257011574,-152.08333333333334,16.326530612244895,-53.714285714285694,-8.695652173913048,-143.859649122807,-29.62962962962966,92.85714285714293,-12.5,5.376856484790715,7.816976344438076,6.261388106675492,2.6928968797871544,0.728818706346801,2.6656274356975818,0.7301562377325821,1.1595584147406912,2.6928968797871544,True,False
HLT,vcp,335.6471570705618,300.0,315.44000244140625,,,,False,,,,,,2.0,13%->11%,13.282120819718783,10.620425741627185,0.6804611043139083,73.0,-6.020356259090094,4.894750926295174,False,-38.04878048780485,True,24.475268430856477,14.130434782608692,34.959349593495936,-38.04878048780485,28.98550724637683,26.50602409638556,30.70866141732278,-28.651685393258397,-3.2608695652173947,6.503028371055142,8.979591836734691,10.923463887890762,8.824555284269264,13.75553285665645,-4.85908649173955,-1.057692307692304,-0.5419190309212674,6.503028371055142,True,False
HYLN,vcp,4.355000019073486,3.9200000762939453,4.210000038146973,,,,False,,,,,,2.0,14%->10%,14.102561359417956,9.988517586093742,0.6031829414463072,7.0,-3.329505862031248,6.888360076611081,False,,False,38.80860326998843,,,,,,,,,226.3366336633663,479.14110429447857,-52.81643472498343,,74.57627118644068,297.75280898876406,-6.192358366271411,-49.9009900990099,-52.81643472498343,False,False
IMNM,vcp,22.55500030517578,20.709999084472656,20.889999389648438,,,,False,,,,,,2.0,20%->8%,19.641484640733538,8.180009735046404,0.5765705235878485,6.0,-7.381959179780058,0.8616577809235183,False,,False,33.808603280752315,,,,,,,,,-100.0,-100.0,-100.0,-100.0,,,,-100.0,-100.0,True,False
INGM,vcp,28.0049991607666,25.989999771118164,27.790000915527344,,,,False,,,,,,2.0,13%->7%,13.228582865390035,7.195141760515873,0.4845666926377916,17.0,-0.7677138071136171,6.477153958650825,False,19.999999999999996,True,38.80859680517361,200.0,44.827586206896555,44.44444444444442,19.999999999999996,14.28571428571428,-19.23076923076922,23.809523809523792,162.5,13.57760648856381,13.697251890607177,11.488024806907937,7.150842481799136,4.068529492377015,-6.148312216618834,18.041877202468637,-1.4866472887666626,7.150842481799136,True,False
INNV,vcp,9.260000228881836,8.600000381469727,8.800000190734863,,,,False,,,,,,2.0,27%->7%,26.573427214681516,7.12742798162766,0.657949974530572,14.0,-4.9676028809614685,2.2727250560256556,False,,False,31.80858429837963,,,,,,-375.0,33.33333333333335,,18.307168406980523,15.494952828891261,14.693371738620753,15.093447465657928,3.97232707398103,5.104126687469757,1.5260159674721052,6.634118582216275,14.693371738620753,True,False
INVX,vcp,29.049999237060547,26.6299991607666,27.520000457763672,,,,False,,,,,,2.0,14%->8%,14.448667753823175,8.330465197419452,0.5105822916514017,19.0,-5.26677734760481,3.2340162870382216,False,-214.28571428571428,False,31.808585606655097,63.636363636363626,-214.28571428571428,,-71.35678391959799,,-220.00000000000003,-64.91228070175438,159.0909090909091,9.214481300783994,-0.5756712351558724,9.14088085939837,58.08506293761568,2.4536566386786696,-12.635507050387062,14.000833333333329,7.031047923151701,-0.5756712351558724,True,False
IQV,vcp,271.79998779296875,252.52999877929688,260.7200012207031,,,,False,,,,,,3.0,15%->10%->7%,14.925525775255025,7.0897681674474216,0.7302144848631205,79.0,-4.076522100768194,3.141301934282095,False,-21.82741116751269,True,24.47522090792824,15.000000000000014,23.23651452282156,24.51612903225806,-21.82741116751269,-45.791245791245785,53.88601036269429,25.324675324675326,10.000000000000009,8.40950639853748,10.257705912076798,5.236139630390135,5.322496067121141,-4.880843263061408,6.439024390243908,2.066218571072942,4.909898145729952,5.236139630390135,True,False
IRDM,vcp,50.80444194362045,45.81071216488614,47.869998931884766,,,,False,,,,,,2.0,23%->10%,22.682756869318368,9.829317255912459,0.4380509307468205,63.0,-5.775957572749538,4.30183165437047,False,-55.00000000000001,True,19.475212781886572,-55.00000000000001,-25.92592592592593,-19.999999999999986,66.66666666666666,-55.00000000000001,-16.666666666666664,-31.428571428571427,74.99999999999997,3.840834278443195,1.944824505067988,-0.023944673718612197,6.656922230943119,2.821183527575011,2.8726401803324864,-6.166964108665473,4.62366186274239,-0.023944673718612197,True,False
ISTR,vcp,31.14136232629932,28.34000015258789,28.959999084472656,,,,False,,,,,,2.0,12%->9%,12.068405987196847,8.995631418942898,0.32748347073708267,114.0,-7.004713599136513,2.1408803573380895,False,-18.032786885245955,True,16.4752065459375,32.6086956521739,22.222222222222232,-18.032786885245955,0.0,-20.779220779220786,54.00000000000007,-7.407407407407451,17.391304347826097,,,,,,,,,,False,False
JHX,vcp,27.440000534057617,24.510000228881836,25.200000762939453,,,,False,,,,,,2.0,19%->11%,19.40820974304986,10.677843469934203,0.5699073304721812,17.0,-8.16326431312547,2.738097274474575,False,,False,33.80854069459491,,,,,19.999999999999996,,,,,,,,63.862651405711745,,,,,False,False
KDP,vcp,32.93121622142098,30.059999465942383,30.690000534057617,,,,False,,,,,,2.0,14%->9%,13.518407456227296,8.718829988462256,0.7331826077488058,39.0,-6.805748297584913,2.052789368368056,False,-90.0,False,31.47516670883102,-90.0,-47.36842105263158,,8.888888888888879,-80.0,-23.076923076923073,-46.93877551020408,22.499999999999986,75.57050204179679,9.381017881705645,10.540540540540544,10.665638653302501,83.82796780684106,-11.624805512336078,4.482117974918709,3.435022820081679,9.381017881705645,True,False
KEX,vcp,143.57000732421875,127.62000274658203,133.4600067138672,,,,False,,,,,,3.0,18%->15%->11%,18.460270251545037,11.109565900917886,0.7340461051053947,106.0,-7.0418611789303105,4.375845701705895,False,0.0,True,25.475172175937498,0.0,12.781954887218049,127.02702702702693,6.451612903225801,11.333333333333329,-10.714285714285698,1.8181818181818077,-1.19760479041916,7.825543132017465,7.43834157057961,6.164661012195949,4.81405861042965,9.276163104090873,-0.9011769540078096,-2.2253062292733494,1.835982021263538,4.81405861042965,True,False
KEYS,vcp,339.17999267578125,311.43499755859375,373.8800048828125,,,,True,,,,,,2.0,16%->8%,16.254472672896224,8.180021144026812,0.45685005797209854,32.0,10.230559866837618,16.701884697950423,False,35.570469798657726,False,52.80850694424768,109.09090909090904,35.570469798657726,68.04123711340206,,13.861386138613852,23.926380368098176,20.740740740740726,22.72727272727273,41.34762633996938,32.28043143297381,31.470829909613805,,7.513104251601632,7.312500000000011,18.343195266272193,3.522205206738138,31.470829909613805,False,False
KFRC,vcp,53.41999816894531,49.65999984741211,54.04999923706055,,,,True,,,,,,2.0,17%->7%,17.33555565998106,7.038559435441924,0.7350171020671195,30.0,1.17933562281826,8.122108143598899,True,-51.66666666666666,True,23.80852027459491,23.728813559322038,2.2222222222222143,-51.66666666666666,-16.000000000000004,58.69565217391304,58.6206896551724,-53.96825396825397,6.779661016949157,4.49125976620921,0.10180954343268489,-3.4219359943219785,-5.8513694423453,5.741242992577877,-0.49816576209723573,-0.18848923026049125,-0.4998265114442568,-5.8513694423453,True,False
KLIC,vcp,86.3169900030361,78.10819124465867,96.02999877929688,,,,True,,,,,,2.0,27%->10%,26.878808402826003,9.510061412114453,0.7954908220271348,32.0,11.252719512020908,18.662717653290205,False,-78.80794701986756,False,46.808498564664355,,,-78.80794701986756,-31.428571428571452,62.12121212121213,106.25,122.2222222222221,,122.6280716648811,49.778993246329925,20.166261346945657,-2.074244839206041,36.18318282424027,21.5383844708829,12.42805167888803,19.63776758100706,-2.074244839206041,True,False
KRYS,vcp,373.30999755859375,325.2200012207031,325.30999755859375,,,,False,,,,,,2.0,20%->13%,19.506778045075375,12.882054231709278,0.48332830091014967,45.0,-12.857946562887335,0.02766479314070732,False,10.457516339869244,True,30.475149339085647,38.759689922480625,52.500000000000014,10.457516339869244,192.30769230769232,-2.1857923497267784,8.284023668639096,-36.46616541353386,106.20155038759691,24.135274150892315,31.949468718460473,17.51700680272108,16.64937202561991,2.4622498001839244,8.638252182437789,9.51431492842536,1.8304491784844057,16.64937202561991,True,False
LAR,vcp,6.110000133514404,5.300000190734863,5.539999961853027,,,,False,,,,,,2.0,23%->13%,22.90185043334865,13.256954583954125,0.5292241074584659,19.0,-9.328971509097483,4.332125862287707,False,,False,37.47514950547453,,,,,,,,,,,,,,,,,,False,False
LASR,vcp,41.650001525878906,38.244998931884766,39.93000030517578,,,,False,,,,,,3.0,29%->12%->8%,28.532108691854212,8.175276036613033,0.5139174165905143,31.0,-4.129654640311155,4.219888205391783,False,,False,33.808481371296295,,,,,-300.0,,,,33.78310520774277,55.18502748316172,71.34505392456892,18.908229257603026,3.005699604644496,-1.236681653014715,21.640046747175703,8.110472179476801,18.908229257603026,True,False
LPTH,vcp,10.380000114440918,9.550000190734863,10.850000381469727,,,,True,,,,,,3.0,36%->21%->8%,36.22775860134466,7.99614561228509,0.45458180965950307,24.0,4.5279408655779525,11.981568156947539,False,,False,40.80844125038195,,,,,,,,,,,,,17.112411638897406,78.36297222825492,23.472567516369747,,,False,False
LVLU,vcp,12.055000305175781,10.970000267028809,13.789999961853027,,,,True,,,,,,3.0,31%->20%->9%,30.907028644830913,9.000414854250405,0.12960609911054638,17.0,14.39236509958717,20.44959900380799,False,-102.30326295585412,False,39.808440719375,,,-102.30326295585412,,,,,,-16.82163886162905,-10.324994154781386,-4.7303732595582515,-8.599639818667326,17.861674575446273,-8.70703608492811,-14.367245994754796,-9.72644749754662,-16.82163886162905,True,False
LXRX,vcp,1.9500000476837158,1.809999942779541,1.8200000524520874,,,,False,,,,,,3.0,20%->12%->7%,19.545457156236452,7.179492383626977,0.518084331211834,7.0,-6.66666625911355,0.549456559579393,False,-800.0,False,33.4751053262963,-800.0,,,,,,,-500.0,15.462031107044826,130.99850968703427,1076.3513513513515,455.6701030927835,-18.58064516129032,-10.970706490522685,7.66852195423624,47.94144556267155,15.462031107044826,True,False
MATX,vcp,240.8699951171875,218.10000610351562,225.5,,,,False,,,,,,2.0,11%->9%,11.41075213947984,9.453227664406217,0.7085436364873138,41.0,-6.381033515490266,3.281593745669346,False,-28.01358234295416,True,32.80844026684027,46.23287671232876,-15.13761467889908,21.138211382113848,-28.01358234295416,130.81081081081075,-58.61297539149888,5.4245283018868,45.205479452054796,16.72486453943407,-3.0946291560102313,-4.3131528698191595,-8.513513513513516,27.922934811295864,-11.045897405798799,-3.2041813430292,5.972305839855507,-8.513513513513516,True,False
MGA,vcp,69.2300033569336,61.720001220703125,64.45999908447266,,,,False,,,,,,2.0,14%->11%,14.01256755692245,10.847900869671587,0.7922113048756624,28.0,-6.890082393710021,4.250694853685704,False,,False,27.475106282893517,,,,,,,,,,,,,,,,,,False,False
MLI,vcp,64.48027897345447,57.81999969482422,61.31999969482422,,,,False,,,,,,3.0,23%->16%->10%,23.185332562774917,10.329172554250562,0.6570228924631354,74.0,-4.901156336391307,5.70776258548387,False,1.8018018018017834,True,17.475105744097224,1.8018018018017834,55.395683453237424,104.95867768595045,27.027027027027017,-47.6851851851852,-12.903225806451623,31.914893617021313,69.36936936936935,25.457465604965158,19.280818664920286,4.206549609327626,8.01668819669863,19.691283775005132,23.96338263792557,-10.710375719969123,-5.3022695143884135,4.206549609327626,True,False
MPTI,vcp,81.25,72.48999786376953,76.95999908447266,,,,False,,,,,,2.0,20%->11%,20.38576607503126,10.781541090745192,0.8279432155827006,33.0,-5.280001126802884,5.8082137134601215,False,-22.222222222222232,True,39.808434697361115,-18.867924528301895,19.64285714285714,32.35294117647063,-22.222222222222232,-35.820895522388064,-25.555555555555543,42.85714285714284,18.867924528301884,13.755458515283836,15.34715677034244,11.15189379148771,7.234751021643704,2.880294157701213,3.1827443265650235,0.4446012702893354,6.685740099382631,7.234751021643704,True,False
MRVL,vcp,267.4800109863281,248.13999938964844,268.0799865722656,,,,True,,,,,,3.0,21%->12%->7%,21.201889117151417,7.230451174786376,0.43175732143697915,24.0,0.22430670005025793,7.438073777000141,True,-80.0,False,59.80839773356481,50.0,-80.0,95.65217391304337,,725.0,-91.11111111111111,-79.54545454545456,900.0,36.54852699267235,27.568195008705754,22.080994827775946,36.83134357891959,13.297212341798325,8.973723351512142,6.951072547601833,3.409600717810668,22.080994827775946,True,False
MXL,vcp,94.95999908447266,88.25,92.12000274658203,,,,False,,,,,,2.0,11%->7%,10.600711336763151,7.066132212684319,0.6488012565064448,4.0,-2.990729112543774,4.201044975246292,False,,False,19.808372085162038,,,,,,,,,55.171716614742714,43.00397152179125,48.03129102607224,55.92587112524969,23.077091290783457,0.5511741769034462,7.889513597292397,16.21681232940917,43.00397152179125,True,False
NECB,vcp,27.65999984741211,25.6299991607666,26.34000015258789,,,,False,,,,,,2.0,10%->7%,10.211862940192102,7.339120382661305,0.48988991661756975,67.0,-4.772233196334305,2.6955238713297116,False,-12.195121951219512,True,19.766690600451387,-12.195121951219512,-5.128205128205132,5.405405405405417,-8.42105263157894,-2.7027027027027084,-5.128205128205154,-10.344827586206872,6.0975609756097615,,,,,,,,,,False,False
NERV,vcp,3.5,3.1700000762939453,3.2300000190734863,,,,False,,,,,,3.0,29%->16%->9%,28.54166811539061,9.42856924874442,0.31060011389696945,18.0,-7.714285169328962,1.8575833568184243,False,-112.12121212121211,False,,,,,-112.12121212121211,,,,,,,,,,,,,,False,False
NEWP,vcp,6.940000057220459,6.150000095367432,6.28000020980835,,,,False,,,,,,2.0,15%->11%,15.156253946479351,11.383284659070023,0.8200886034319321,16.0,-9.510084178247775,2.0700654474163667,False,,False,41.808357214375,,,,,,,,,,,,,,,,,,False,False
NEXA,vcp,13.354999542236328,11.6899995803833,11.800000190734863,,,,False,,,,,,2.0,19%->12%,19.194857540218376,12.467240875503759,0.6241216042505784,16.0,-11.643574727079896,0.9322085472331848,False,,False,26.80835581684028,,,,,,,,,,,,,,,,,,False,False
NFE,vcp,6.590000152587891,5.849999904632568,5.909999847412109,,,,False,,,,,,3.0,60%->16%->11%,59.82019413933498,11.229138555705868,0.330916664469695,12.0,-10.318669035367858,1.0152274844104099,False,-3666.666666666667,False,37.808358289803245,,,,-3666.666666666667,,,,,19.44337273333099,-51.87759333404352,-7.211284110884197,-46.12283879761819,47.092552398846735,-43.224378565451026,35.74555380787123,5.361965557153381,-51.87759333404352,True,False
NUVB,vcp,6.260000228881836,5.452000141143799,5.559999942779541,,,,False,,,,,,2.0,21%->13%,21.037867825022033,12.907349172451427,0.7833791375941628,19.0,-11.182112787675237,1.9424424954535378,False,,False,30.47499552082176,,,,,-1900.0,,,,555.6383198841299,2598.702983138781,633.0590089301348,1704.6767537826686,-61.92747633008122,98.80090767944584,219.09298780487805,171.46699772398097,555.6383198841299,True,False
NXDR,vcp,2.5299999713897705,2.3399999141693115,2.4800000190734863,,,,False,,,,,,2.0,12%->8%,12.075477741332225,7.509883769527825,0.6688142041851617,7.0,-1.9762827225969646,5.645165476913102,False,,False,32.808287868460646,,,,,,,,,14.53458897270059,13.830847607796803,6.5171398785797585,5.011431184270698,20.893804018226337,-11.240806574648454,0.8432755667798775,5.845482617178499,5.011431184270698,True,False
NXG,vcp,62.09023689079536,53.54999923706055,55.45000076293945,,,,False,,,,,,2.0,17%->14%,17.12185930577694,13.754558013291895,0.5040117143968962,65.0,-10.694493144767332,3.426513074367333,False,,False,,,,,,,,,,,,,,,,,,,False,False
OABI,vcp,4.994999885559082,4.550000190734863,4.989999771118164,,,,False,,,,,,2.0,28%->9%,28.36095344602673,8.908903003396379,0.44494411768914843,20.0,-0.10010239350302436,8.817627265836633,False,,False,32.80828824670139,,,,,,,,,244.23915832691816,247.30380356283098,-22.473158089596446,-46.332694151486095,-7.014625355236714,72.24212034383955,274.09557838320677,-42.54554785732615,-46.332694151486095,True,False
OCC,vcp,15.199999809265137,13.649999618530273,17.350000381469727,,,,True,,,,,,2.0,23%->10%,23.13527128960401,10.197369803847387,0.34425299581649293,15.0,14.14474078410225,21.325652343449832,False,,False,75.47496612491898,,,,,-280.0,-44.44444444444444,800.0,,21.99187032893992,26.57529897295392,4.372449637820708,1.762145465117393,9.378811564747181,35.19388252234883,-17.136447460172967,-0.44178519780092573,1.762145465117393,True,False
ODC,vcp,95.06999969482422,84.33999633789062,91.41000366210938,,,,False,,,,,,2.0,17%->11%,16.95541288758438,11.286424099481462,0.6411250171423801,46.0,-3.8497907273203666,7.7343912492909785,False,-17.567567567567565,True,5.808297762141203,-17.567567567567565,110.00000000000001,283.33333333333337,37.83783783783781,-3.1746031746031744,36.95652173913042,-9.80392156862745,-31.081081081081074,9.374810607700358,0.7039362266281213,-5.829848763140411,10.122952982357392,7.2976209687693805,-2.281592882160588,-3.7743986199405777,8.407719413684722,-5.829848763140411,True,False
OFG,vcp,54.09226217658783,48.97999954223633,50.689998626708984,,,,False,,,,,,2.0,13%->9%,13.049513074339874,9.451005427841373,0.7153973158092624,153.0,-6.289741661703715,3.373444724402978,False,15.454545454545432,True,18.474964982499998,20.869565217391294,26.0,15.454545454545432,15.999999999999993,10.317460317460302,-0.7874015748031815,9.482758620689701,0.8695652173912993,14.074154536896222,18.77990733473429,23.11709232473067,20.91033233374735,0.7311172452013848,2.3071974529238037,4.101612381455055,6.331016004055323,14.074154536896222,True,False
OOMA,vcp,23.809999465942383,20.290000915527344,20.760000228881836,,,,False,,,,,,2.0,18%->15%,17.831233222851797,14.783698569376345,0.6857601649318993,24.0,-12.8097408881644,2.263965838982108,False,150.0,False,65.8082493599074,150.0,,,,11.111111111111116,-40.000000000000014,200.00000000000006,25.0,25.4113676089446,24.78894031893464,14.573636265880152,3.8355827844058554,2.5619539365857813,8.802155958382496,10.290573012939008,1.9001265746489082,3.8355827844058554,True,False
OSS,vcp,9.520000457763672,8.371999740600586,8.970000267028809,,,,False,,,,,,2.0,43%->12%,42.649095603270425,12.058830482795596,0.7384986067830567,32.0,-5.777312650088495,6.666672336970869,False,,False,32.4749081365625,,,,,,-105.12820512820514,3800.0,,62.281201053133884,54.981841088881666,-83.54190134902935,36.89560040338375,15.848857627568114,223.84921622294104,-86.71489889822558,225.5882650596428,-83.54190134902935,True,False
OVID,vcp,2.6050000190734863,2.4200000762939453,2.430000066757202,,,,False,,,,,,2.0,17%->7%,17.398949701222556,7.101725198656215,0.6670377874194843,7.0,-6.717848408251681,0.41152222998090987,False,,False,39.47490884658565,,,,,-266.6666666666667,,,,-88.31313775510205,-100.0,844.7368421052632,-23.699421965317924,,-100.0,443.93939393939394,-97.8954081632653,-100.0,True,False
P,vcp,103.5,92.2699966430664,134.1300048828125,,,,True,,,,,,2.0,20%->11%,20.45696621958549,10.850244789307819,0.5512092357964917,24.0,29.594207616243963,31.208534045994103,False,-15.789473684210531,False,59.80824195755787,49.99999999999998,,123.07692307692308,-15.789473684210531,199.99999999999994,-75.86206896551724,81.25000000000003,14.28571428571428,37.73463940850312,35.24936254391542,20.351494927498347,16.049271302606762,12.632016837370452,-0.5672851998719475,9.793115890561799,12.015186956592427,16.049271302606762,True,False
PACS,vcp,45.849998474121094,40.61000061035156,41.029998779296875,,,,False,,,,,,3.0,18%->16%->11%,18.479164441426597,11.428567149739644,0.7010114014510938,47.0,-10.512540578479515,1.0236368058515208,False,51.61290322580645,True,37.80824568863426,51.61290322580645,194.1176470588235,90.90909090909089,219.99999999999997,-6.000000000000005,19.04761904761907,31.24999999999998,3.2258064516129004,9.062397574722226,11.196216087111432,12.420872908954061,31.244117796375193,0.5308603980819226,4.5843132258047925,0.997915646930525,2.7062047657502752,9.062397574722226,True,False
PANL,vcp,8.65999984741211,7.889999866485596,8.40999984741211,,,,False,,,,,,3.0,19%->15%->9%,19.158297599384255,8.891454901775948,0.5627174282650205,75.0,-2.886836078579241,6.183115224271091,False,-5.263157894736848,False,33.80824225746528,,,-5.263157894736848,72.72727272727273,-23.809523809523803,16.666666666666675,-5.263157894736848,,19.420635781707716,38.90653246689793,24.940001098150134,10.158875027476078,9.695743932465707,-7.233062784671807,9.017816535205903,7.646249577187936,10.158875027476078,True,False
PDEX,vcp,74.19999694824219,64.55999755859375,65.36000061035156,,,,False,,,,,,2.0,25%->13%,24.623375434380073,12.991913458396457,0.5147417051658967,18.0,-11.91374218526844,1.223994865800399,False,8.196721311475418,True,26.808185779675927,160.60606060606065,22.44897959183674,8.196721311475418,86.66666666666664,-28.3333333333333,81.81818181818181,-52.85714285714285,324.24242424242414,16.645707099577002,14.557252785115416,11.135592211040324,24.220687805859086,2.2908416461977943,6.89063923270643,0.7177549919050286,5.9220304104264265,11.135592211040324,True,False
PEB,vcp,18.77995899052324,17.40069479115968,18.809999465942383,,,,True,,,,,,2.0,11%->7%,11.150712063797407,7.344340847919673,0.8028305473816463,42.0,0.15996028231105802,7.492316399766026,True,-254.16666666666669,False,26.808204322245373,183.33333333333334,,,-254.16666666666669,,,,-716.6666666666667,-0.09692371490196416,7.927785028694889,3.382109004739342,-1.435493041307201,17.78820561483092,-0.9632741004761969,-12.466047857785977,-2.1627484130275265,-1.435493041307201,True,False
PEBK,vcp,45.47133841915521,41.90999984741211,44.27000045776367,,,,False,,,,,,2.0,10%->8%,9.579127002545775,7.832051343891945,0.6427726286728456,68.0,-2.641967452810809,5.330925199793366,False,-6.94444444444443,True,16.474845935034722,1.0526315789473717,1.2658227848101333,86.15384615384617,-6.94444444444443,19.999999999999996,-33.88429752066116,80.59701492537312,-29.473684210526308,,,,,,,,,,False,False
PEO,vcp,29.75,27.25,27.81999969482422,,,,False,,,,,,2.0,13%->8%,12.673482833521286,8.403361344537815,0.6866254788252819,93.0,-6.487395983784139,2.0488846192556376,False,,False,,,,,,,,,,,,,,,,,,,False,False
PESI,vcp,16.31999969482422,15.010000228881836,15.40999984741211,,,,False,,,,,,2.0,21%->8%,20.563672295203418,8.026957662001921,0.7741236586612161,10.0,-5.575979561450053,2.5957146170734564,False,,False,38.80817895957176,,,,,,,,,-11.661867544220483,-20.066096702349313,6.890219017820698,3.818700927908636,15.809814848103532,-29.201399936366524,-9.963332187464191,19.66269025092555,-20.066096702349313,True,False
PLAB,vcp,29.979999542236328,26.93000030517578,30.829999923706055,,,,True,,,,,,2.0,29%->10%,28.62041789802432,10.17344657648729,0.2304300739800401,25.0,2.8352247980265366,12.650015011941191,False,8.823529411764696,True,67.47484429025464,25.64102564102564,260.00000000000006,8.823529411764696,96.29629629629632,-9.259259259259267,-27.027027027027017,-30.188679245283012,171.79487179487177,2.686863693831576,-0.49859710320770967,6.094146263281441,-3.0804750525540325,2.908926359912356,-6.720695262722931,4.308291236038375,2.5552059469376553,-3.0804750525540325,True,False
PLGO,vcp,25.72595284569501,23.440000534057617,24.350000381469727,,,,False,,,,,,2.0,20%->9%,20.176110691110434,8.885782872061524,0.7560496959295602,39.0,-5.348499519058764,3.737165639244164,False,,False,39.808180572164346,,,,,,,,,,,,,,,,,,False,False
PLXS,vcp,256.6700134277344,236.5800018310547,270.2699890136719,,,,True,,,,,,2.0,22%->8%,21.805367693805056,7.8271751843485395,0.8174525426680598,39.0,5.298622696245186,12.465308229584064,False,-3.658536585365846,True,25.808177419560185,-3.658536585365846,29.078014184397173,12.686567164179108,26.351351351351404,-13.186813186813184,20.529801324503303,-19.25133689839572,14.024390243902452,28.13196007494785,18.73011824479427,9.602283321142234,-1.1102991717681365,12.117735919096507,8.77738229213012,-99.97345274731852,395653.68159731635,-1.1102991717681365,True,False
PMTS,vcp,25.290000915527344,23.469999313354492,24.639999389648438,,,,False,,,,,,2.0,26%->7%,25.92592855426331,7.1965264384605945,0.4764465587672579,17.0,-2.5701917846899867,4.748377050632057,False,-57.49999999999999,True,31.4748449450463,325.0,-57.49999999999999,10.714285714285744,72.72727272727273,0.0,-72.58064516129032,226.3157894736842,375.0,14.973064206607933,19.832845936413037,22.349235786915656,10.593101458104549,1.4091687739619774,-3.884903367438941,10.93602771697375,6.329718773361703,10.593101458104549,True,False
PNRG,vcp,214.25999450683594,197.5,201.4199981689453,,,,False,,,,,,2.0,14%->8%,13.706105556417485,7.8222696427359475,0.7871551785586998,20.0,-5.9927175707460245,1.9461812156592964,False,-51.075268817204304,True,44.7665140777662,106.76691729323306,-51.075268817204304,47.42268041237128,-50.227272727272734,51.098901098901095,27.272727272727295,-67.351598173516,229.32330827067665,1.1695209965938647,-21.280166213840502,-15.667646961636317,-33.813260384421575,7.791087199269109,-22.802343122465373,11.03545790733087,9.496701045661338,-33.813260384421575,True,False
POWL,vcp,194.0399932861328,180.2899932861328,190.60000610351562,,,,False,,,,,,3.0,16%->10%->7%,15.695719721554847,7.086168045637967,0.7378318268655014,24.0,-1.7728238000629886,5.409240549438075,False,-1.5748031496062964,True,45.808177479050926,7.575757575757569,-1.5748031496062964,18.881118881118873,149.60212201591517,13.59999999999999,-63.23529411764706,-63.8682252922423,612.8787878787879,8.896053766858913,6.4544146200530506,4.039663506343438,8.33263652326921,5.099202670127934,18.08674119370661,-15.705258353664476,4.09050102524513,4.039663506343438,True,False
POWW,vcp,2.390000104904175,2.2100000381469727,2.2799999713897705,,,,False,,,,,,3.0,19%->10%->8%,18.726591225196433,7.531383215751747,0.3206081019654903,37.0,-4.6025158446097505,3.070172549174617,False,,False,44.47484667887732,,,,,,-200.00000000000009,0.0,,22.123596316756753,10.10391236614392,6.968593421412317,0.010790267329086056,4.258050636740962,3.6938989351198437,11.76663929199453,1.0705403961213777,0.010790267329086056,True,False
PRE,vcp,23.684999465942383,21.889999389648438,21.950000762939453,,,,False,,,,,,3.0,21%->12%->8%,20.888401548705485,7.578636760684958,0.4391132705739447,20.0,-7.325306067655836,0.27335476631200123,False,,False,38.474839088298616,,,,,,,,,,,,,,,,,,False,False
PSMT,vcp,181.8300018310547,166.35000610351562,167.63999938964844,,,,False,,,,,,2.0,17%->9%,16.56009227232749,8.5134441905369,0.6948915215304983,42.0,-7.803994004570672,0.7695020823368411,False,6.6115702479338845,True,23.808111999247686,12.28070175438598,11.724137931034484,6.6115702479338845,8.510638297872353,-20.98765432098766,25.581395348837212,26.470588235294066,-10.526315789473639,12.488072093519342,9.651979710914249,9.919757954249153,8.558413435069667,-0.9184047373235416,8.157708415748854,3.8884276564172815,1.038951968778301,8.558413435069667,True,False
PWR,vcp,653.7580426629248,607.3460383017438,662.5999755859375,,,,True,,,,,,2.0,18%->7%,18.08774624846319,7.099263233861418,0.7014115386176936,32.0,1.3524778811128975,8.338958545136174,True,2.4630541871920597,True,26.47477831087963,94.73684210526316,51.04166666666667,2.4630541871920597,14.871794871794886,104.13793103448276,-30.288461538461508,-7.142857142857184,47.36842105263159,41.10419493143886,26.33346777182164,19.661880464892988,17.52982789446198,21.36197461594833,0.41876074669202623,2.7588617985042863,12.673853725531359,17.52982789446198,True,False
RCMT,vcp,41.77000045776367,38.84000015258789,42.02000045776367,,,,True,,,,,,2.0,9%->7%,9.445346206571744,7.014604436354968,0.5991814461118691,22.0,0.5985156745516224,7.567825489131426,True,-14.28571428571428,True,32.80811088780093,36.00000000000001,-3.703703703703709,110.52631578947363,-14.28571428571428,30.76923076923077,-35.0,166.66666666666669,-40.0,20.021492720620216,-1.698767653569777,12.434990638651966,16.439990060465504,12.979599701341549,-3.9756695499329253,23.0292079841796,-10.077271447944113,-1.698767653569777,True,False
RFAI,vcp,40.4900016784668,37.0,37.95500183105469,,,,False,,,,,,3.0,40%->32%->9%,39.52467756916893,8.619415988621293,0.09246231155778895,12.0,-6.260804500683094,2.516142234179284,False,,False,,,,,,,,,,,,,,,,,,,False,False
RHLD,vcp,129.88999938964844,116.05000305175781,118.0,,,,False,,,,,,2.0,18%->11%,17.735877914118127,10.65516698970252,0.8427961245963121,17.0,-9.153899026498886,1.6525397866459217,False,,False,30.47477815542824,,,,,-121.27955493741307,,,,295.65217391304344,292.492781520693,16.68765306021278,12.815606477808373,16.03727317312409,246.5035262129323,-2.6268977785132153,1.057692307692304,12.815606477808373,True,False
RHP,vcp,131.9600022293497,117.46390968315575,120.94000244140625,,,,False,,,,,,2.0,17%->11%,16.877633098852083,10.985216960666147,0.8478365516060586,45.0,-8.351015157449314,2.874229112021575,False,-43.617021276595736,True,30.808111024803242,26.785714285714256,3.0000000000000027,-4.440892098500626e-14,-43.617021276595736,37.8640776699029,-8.035714285714256,111.32075471698104,-52.67857142857143,13.564968196326088,13.161013485901108,13.923780906778994,7.72786285498166,12.700805932239101,-9.926159651291389,24.53338464498749,-10.167623177638108,7.72786285498166,True,False
RIO,vcp,106.83999633789062,91.68000030517578,92.87000274658203,,,,False,,,,,,2.0,19%->14%,19.255126138315042,14.189438929565348,0.6387704783784621,75.0,-13.07562155573957,1.2813636332642906,False,,False,138.80810610238427,,,,,,,,,,,,,,,,,,False,False
RLJ,vcp,11.62023482060311,10.446374817664605,11.039999961853027,,,,False,,,,,,2.0,17%->10%,17.145071009941233,10.101861288183335,0.6311187708260448,39.0,-4.993314401196999,5.37703936811232,False,-177.7777777777778,False,32.808092061261576,6.666666666666665,,,-177.7777777777778,,,,-146.66666666666669,5.476407520731041,3.613932750008386,-0.4230444045104531,-4.540642787727334,12.651149930730599,3.464468202304971,-0.4399400081807059,-9.104303737506992,-4.540642787727334,True,False
RYOJ,vcp,3.2899999618530273,3.0,3.0309998989105225,,,,False,,,,,,2.0,28%->9%,28.198431990071825,8.814588608374653,0.30967741935483867,4.0,-7.872342429956388,1.0227614630295836,False,,False,,,,,,,,,,,,,,,,,,,False,False
SAIC,vcp,136.0800018310547,125.79000091552734,126.30000305175781,,,,False,,,,,,2.0,14%->8%,13.9913123520889,7.5617289660993166,0.4545817848597465,22.0,-7.186947859861793,0.40380215669628255,False,-20.657276995305164,True,61.47470464829861,-12.177121771217713,83.80281690140845,-5.0505050505050715,-20.657276995305164,-8.812260536398464,38.829787234042556,11.242603550295849,-37.63837638376384,6.274731486715668,1.5450186467767635,-4.787812840043526,-5.566801619433203,-1.364113326337879,8.914285714285718,-6.216505894962488,5.483323911814586,-5.566801619433203,True,False
SCSC,vcp,59.310001373291016,55.0,62.220001220703125,,,,True,,,,,,2.0,20%->7%,20.020963127105855,7.266904861735397,0.41314508276533596,29.0,4.906423503680048,11.603987590891812,False,5.405405405405417,True,33.47470663554398,40.22988505747127,5.405405405405417,7.14285714285714,28.98550724637683,56.41025641025643,4.0000000000000036,-15.73033707865169,2.298850574712641,17.25014331652901,8.788148349925585,2.543822918352845,-4.632662007787724,24.298699774384126,0.03626818627757711,3.6317177043196036,-9.009381389272297,-4.632662007787724,True,False
SEI,vcp,71.4000015258789,64.2300033569336,71.37999725341797,,,,True,,,,,,2.0,14%->10%,13.848995388971957,10.04201402761392,0.6627236600984207,14.0,-0.028017187721889558,10.016803266466928,False,,False,30.80803788511574,,,,,,,,,46.068253070874235,26.08044174979536,-2.171723952738991,0.5939269527510893,25.097111416781303,3.9343512323440244,0.23960745649234116,12.075345633962066,-2.171723952738991,True,False
SILC,vcp,43.2400016784668,40.099998474121094,53.630001068115234,,,,True,,,,,,3.0,20%->13%->7%,19.63317686289884,7.261801763318158,0.5788967049241022,24.0,24.028674806510427,25.228421265197703,False,,False,26.47468321335648,,,,,,,,,,,,,,,,,,False,False
SMTC,vcp,185.0,167.11000061035156,186.58999633789062,,,,True,,,,,,2.0,15%->10%,14.729333781449542,9.670269940350506,0.6819170808631255,8.0,0.8594574799408785,10.440000058879512,False,-141.97530864197532,False,51.80801472177083,22.72727272727273,-141.97530864197532,,,,,,-240.9090909090909,16.098779377080596,9.287853154462633,12.81177323131888,19.61647542958831,6.074734091842338,2.7741157226033764,3.7358882371628432,2.660393192511612,9.287853154462633,True,False
SNOW,vcp,348.6099853515625,316.6300048828125,341.989990234375,,,,False,,,,,,2.0,17%->9%,17.451109261913608,9.173569838081134,0.5363691521158561,19.0,-1.8989688750628981,7.4154174320080575,False,,False,60.80800093723379,,,,,,,,,35.094749290155455,33.47910033260595,30.120899500390163,28.746069925081798,11.203989213135479,8.330023349018756,5.8607034822892645,5.933785106845679,28.746069925081798,True,False
SNX,vcp,280.6099853515625,254.24000549316406,271.760009765625,,,,False,,,,,,2.0,19%->9%,18.6564890330482,9.397377582754505,0.3824964466789707,6.0,-3.1538348768486624,6.446866221255577,False,32.45614035087716,True,96.47464032354166,89.05109489051092,87.78280542986427,104.04040404040403,32.45614035087716,24.819277108433724,2.722772277227725,33.77483443708611,10.218978102189746,37.74526027984035,30.967485965604236,18.094852862089784,9.685196114275918,10.133394377764926,14.064373594430869,-1.2540436408245759,11.042261785949513,9.685196114275918,True,False
SPRB,vcp,49.95000076293945,44.470001220703125,44.77000045776367,,,,False,,,,,,2.0,21%->11%,21.180284244214644,10.970969886955897,0.544435857805255,10.0,-10.370370822935197,0.6700898681999529,False,-127.96313949793455,False,,,,-127.96313949793455,,,,,,-100.0,-100.0,-100.0,-100.0,,,,-100.0,-100.0,True,False
SRCE,vcp,91.23999786376953,82.9800033569336,85.94000244140625,,,,False,,,,,,2.0,13%->9%,12.557710903001096,9.053041100646384,0.8490617203601257,74.0,-5.8088508838817665,3.4442622764535975,False,7.2368421052631415,True,19.807969357395834,29.13907284768211,7.2368421052631415,31.49606299212593,21.27659574468086,19.631901840490794,-2.395209580838331,-2.3391812865497075,13.245033112582782,,,,,,,,,,False,False
STM,vcp,52.777834790784475,47.447144300532784,53.5,,,,True,,,,,,3.0,28%->15%->10%,28.032467062946232,10.100244754986578,0.4801961417557141,50.0,1.368311549873627,11.313748970966758,False,,False,26.47461971064815,,,,,,,,,,,,,,,,,,False,False
STRL,vcp,520.5,483.739990234375,505.1199951171875,,,,False,,,,,,4.0,27%->11%->9%->7%,26.661388405817533,7.062441837776176,0.7333749341320688,32.0,-2.9548520428073966,4.232658593895566,False,-22.314049586776854,True,30.807957006550925,116.45021645021644,141.40625,-22.314049586776854,50.76142131979697,61.81229773462784,9.574468085106357,-5.05050505050505,28.57142857142858,90.1122597108393,91.59459704048507,51.47614532318432,16.04706429234295,41.48169679353258,9.272206804276784,9.665045521241078,12.132609021136975,16.04706429234295,True,False
STRO,vcp,16.549999237060547,14.949999809265137,15.970000267028809,,,,False,,,,,,2.0,30%->10%,30.404135612124893,9.667670704253077,0.7005810200129116,20.0,-3.504525660236539,6.386978338814024,False,,False,,,,,,,,,,-84.56506392658247,-16.529685614115753,-21.35188061314066,13.767605633802816,-32.252289471872196,24.69305400532327,20.158877540493148,-84.79410149815672,-84.56506392658247,True,False
STRZ,vcp,24.209999084472656,21.489999771118164,22.850000381469727,,,,False,,,,,,2.0,26%->11%,26.44320402456949,11.235024437068207,0.6760040238334752,7.0,-5.617508279358753,5.951862527995662,False,-1076.923076923077,False,26.80796662166667,,,,-1076.923076923077,,,,,-6.866303690260134,-68.37712519319939,-7.494955318535601,-8.026467203682397,0.325839035516462,-4.3627298223745665,0.3753518923991228,-3.2970356926799727,-68.37712519319939,True,False
SU,vcp,72.05999755859375,65.86000061035156,69.0999984741211,,,,False,,,,,,3.0,19%->11%->9%,19.15058657138912,8.603937216623992,0.7073859763325897,83.0,-4.107686906408523,4.6888537414121005,False,,False,31.80795731079861,,,,,,,,,,,,,,,,,,False,False
SUNE,vcp,2.5,2.259999990463257,2.2799999713897705,,,,False,,,,,,4.0,40%->29%->13%->10%,40.24640340424532,9.600000381469727,0.0024252612409107425,16.0,-8.80000114440918,0.8771921569070334,False,-99.79591122766577,False,38.474629182268515,,,-99.79591122766577,,,-101.13647125674781,,,-37.52427807971278,-43.06674765867313,76.9849851217093,29.047002843925963,13.4483961176179,-73.56051132117567,43.26377003328905,45.38630372618291,-43.06674765867313,True,False
TCMD,vcp,24.899999618530273,21.288999557495117,21.709999084472656,,,,False,,,,,,2.0,24%->15%,24.379420326572692,14.502008499421398,0.7255413759444705,41.0,-12.811247320998584,1.9391964289793304,False,12.5,False,30.80795136458333,142.85714285714283,,12.5,71.42857142857142,,-117.77777777777779,25.0,157.1428571428571,8.609086876623785,22.848795456029247,21.042238710054328,17.323136278439797,13.858663159153405,-27.34424773635539,20.80228558101569,8.681325644762694,8.609086876623785,True,False
TE,vcp,3.924999952316284,3.640000104904175,3.7300000190734863,,,,False,,,,,,2.0,22%->7%,22.123893898668097,7.261142697439288,0.8083931416183547,8.0,-4.968151225778267,2.4128663192786544,False,,False,40.47461628190972,,,,,,,,,88.39621291435371,232.3486492554067,,,40.80057642403192,-50.45460376958562,70.31664149115058,58.56500485813494,88.39621291435371,False,False
THC,vcp,283.04998779296875,248.86000061035156,253.97000122070312,,,,False,,,,,,2.0,14%->12%,14.495508516305605,12.079133954114413,0.6718177640204918,61.0,-10.2737989141111,2.012048897818805,False,-21.06339468302658,True,26.474567265671297,213.37579617834393,87.58782201405153,11.345646437994649,-21.06339468302658,22.846441947565555,89.81042654028433,9.326424870466333,22.92993630573248,6.7729083665338585,2.7761822707256467,9.164526960300211,3.1798673429574764,4.843517138599096,-2.8767866835534672,4.499905464170917,0.34149117814457064,2.7761822707256467,True,False
TIGO,vcp,97.19999694824219,82.69999694824219,85.61000061035156,,,,False,,,,,,2.0,20%->15%,19.621018558735905,14.917695941617234,0.5724389758116273,39.0,-11.9238649195248,3.3991398684297063,False,,False,33.47456701142361,,,,,,,,,,,,,,,,,,False,False
TITN,vcp,24.59000015258789,22.229999542236328,23.3799991607666,,,,False,,,,,,2.0,16%->10%,16.28252499211712,9.597399738540433,0.5084205310141264,18.0,-4.92070347422892,4.918732505602734,False,-28.57142857142857,False,52.474562632430555,,,,-28.57142857142857,,,-3279.9999999999995,,-9.158056168630335,-12.1067880794702,-15.539246842763921,-5.194579773588459,-4.976635827107034,-18.61132534062493,-0.41504398690478395,17.95009754294268,-15.539246842763921,True,False
TNK,vcp,103.16000366210938,92.54000091552734,101.01000213623047,,,,False,,,,,,2.0,12%->10%,12.272346111464772,10.29469016050719,0.8119171986844651,28.0,-2.0841425451292426,8.38530941646727,False,,False,32.80789678255787,,,,,,,,,,,,,,,,,,False,False
TRT,vcp,6.860000133514404,6.079999923706055,6.230000019073486,,,,False,,,,,,2.0,50%->11%,49.79009155593849,11.370265227804776,0.21682841256488647,6.0,-9.183674958883223,2.4077061783017357,False,,False,,,,,,,,,,39.92128197919595,123.60509209100758,81.5639865413621,58.3222777834473,-9.569377990430628,5.50833919100262,0.8701817713033355,45.38468747071502,39.92128197919595,True,False
TRV,vcp,383.989990234375,353.7900085449219,361.6400146484375,,,,False,,,,,,2.0,10%->8%,9.987456387691163,7.86478357704586,0.7365441483232987,46.0,-5.82045786461668,2.1706685614275516,False,22.321428571428605,True,13.474545448506943,57.1209800918836,357.64705882352945,22.321428571428605,52.02952029520296,31.87660668380463,-29.014598540145986,33.00970873786409,26.186830015313944,0.305381313965003,0.9652836579170154,3.530979347101937,4.754704301075274,1.9204964776920574,-4.086229086229087,-0.30473135525260764,2.921756355232752,0.305381313965003,True,False
TWIN,vcp,24.209999084472656,22.15999984741211,26.860000610351562,,,,True,,,,,,2.0,11%->8%,11.309524980892455,8.467572550943778,0.5837473167739957,28.0,10.945896844657517,17.498140938716592,False,20.000000000000128,False,32.474566395439815,20.000000000000128,,2114.285714285714,,-47.8260869565217,-85.16129032258064,,-140.0,18.33095430190943,19.01971886462668,0.2880306046418424,9.738398013635674,18.311374025275605,7.223331115546694,12.730636531826601,-17.255218353710255,0.2880306046418424,True,False
TYRA,vcp,22.6200008392334,20.8799991607666,21.010000228881836,,,,False,,,,,,2.0,22%->8%,22.106822280662684,7.692314827189752,0.7297573896815364,8.0,-7.117597482839555,0.618758051875343,False,,False,32.80787374958334,,,,,,,,,,,,,,,,,,False,False
VIR,vcp,11.720000267028809,10.329999923706055,11.289999961853027,,,,False,,,,,,2.0,14%->12%,14.32160886300532,11.860070918540512,0.796176101999673,20.0,-3.6689444998177687,8.503100455187317,False,,False,32.807860804305555,,,,,,,,,417.77921448197833,-89.91596638655463,-60.520325203252035,-94.62182489002412,26595.833333333332,-80.23064250411862,-59.96042216358839,-75.49700985938259,-94.62182489002412,True,False
VMD,vcp,9.390000343322754,8.595000267028809,9.079999923706055,,,,False,,,,,,2.0,31%->8%,31.093117684024772,8.466454177067963,0.5744544828507704,46.0,-3.301388799598299,5.3414059554230775,False,-12.49999999999999,True,32.80781964918982,-12.49999999999999,0.0,39.99999999999997,-10.000000000000009,16.666666666666675,-57.14285714285715,55.55555555555558,12.5,23.85340015224562,27.541477109371026,25.51445753356949,23.981104751396455,3.5576948577187295,-1.0068127223323398,5.933476096448542,14.047830499873125,23.85340015224562,True,False
VPG,vcp,73.30000305175781,68.08999633789062,75.08999633789062,,,,True,,,,,,4.0,21%->14%->11%->7%,20.840953927344813,7.107785125449931,0.4589630234737272,32.0,2.442009838483747,9.322147211862069,True,-750.0,False,31.47448835366898,-750.0,,-333.33333333333337,,,,-123.72881355932202,2849.9999999999995,11.674937800188934,17.57990549337198,10.8997563761992,5.28345240138921,-0.4943511196993544,4.692697214913366,1.0585992374071873,6.0762895650669835,5.28345240138921,True,False
VSH,vcp,33.54999923706055,31.100000381469727,34.27000045776367,,,,True,,,,,,3.0,20%->11%->7%,19.928928337592886,7.302530287048301,0.6700593291858034,32.0,2.146054357902296,9.250073049169744,True,1800.0,False,32.474487660787034,1800.0,,,,280.0,400.0000000000003,,-700.0,16.5726467694326,17.337773825702296,12.061574107757478,7.518429924131675,5.878280638957545,4.78448588002327,1.3004654457148712,3.7244998360117965,7.518429924131675,True,False
VSXY,vcp,78.48999786376953,71.72000122070312,88.51000213623047,,,,True,,,,,,2.0,22%->9%,22.3109708218574,8.625298544174623,0.8288882742634374,25.0,12.765963237573363,18.96960853044039,False,-8.298755186721984,False,61.474487427719914,990.0,,-8.298755186721984,,289.2857142857143,-74.6606334841629,,-330.0,10.418094585332426,15.299334811529942,7.68865685809208,9.279881217520414,3.26923076923078,-31.247245482591445,54.144021739130444,0.8910212474297463,7.68865685809208,True,False
WASH,vcp,39.94241340158059,36.59000015258789,37.779998779296875,,,,False,,,,,,2.0,18%->8%,18.238986380994962,8.393116398069317,0.3413312693498452,115.0,-5.413830658009619,3.149811183586098,False,-12.49999999999999,False,16.80781966513889,22.058823529411754,4.761904761904767,,-12.49999999999999,25.757575757575736,-21.42857142857141,49.99999999999996,-17.647058823529406,-2.7379857186664913,-10.928033176553885,-2.311856490818387,-6.363445441180882,0.8482756271221081,-4.314803546592493,-1.706717932286661,2.543041135497437,-10.928033176553885,True,False
WAT,vcp,426.2200012207031,392.95001220703125,425.5299987792969,,,,False,,,,,,2.0,10%->8%,9.989048460581818,7.805825376187396,0.780756697115878,61.0,-0.16188879907795703,7.656331319936714,False,-156.27530364372467,True,31.474488740104167,-156.27530364372467,-142.85714285714286,-3.0927835051546615,-7.749077490774903,,-123.13829787234043,50.4,1.2145748987854255,113.35927367055771,91.38972809667673,6.839010259947709,8.04830441507216,29.834254143646397,35.88603162380053,16.56633999552437,3.7466926070038875,6.839010259947709,True,False
WLY,vcp,50.0,45.9900016784668,48.900001525878906,,,,False,,,,,,2.0,15%->8%,15.143227228237974,8.019996643066406,0.4364748026207485,20.0,-2.1999969482421875,5.9509197476651945,False,-204.54545454545453,False,61.474485845347225,-204.54545454545453,103.2,,13.513513513513509,-109.05511811023622,353.57142857142856,-33.33333333333333,281.8181818181818,-2.6307963709677473,1.2115351157646392,1.3370371651846291,-1.1355032290580103,-13.747346190681364,9.244310255684862,-2.7777053284995135,6.288054435483881,-2.6307963709677473,True,False
WST,vcp,360.2900085449219,331.989990234375,365.010009765625,,,,True,,,,,,2.0,16%->8%,15.733165792242696,7.85478854238567,0.28477729826561354,49.0,1.3100560961336298,9.046332606728331,True,2.2471910112359605,True,19.474488558310185,18.13186813186811,56.09756097560976,2.2471910112359605,3.7837837837837673,11.979166666666675,5.494505494505475,-5.208333333333314,5.494505494505497,13.803000652315722,21.0458452722063,7.505341880341887,7.725264426295353,3.2429873357793904,4.956521739130437,0.0497141436738735,4.9706457925636105,7.505341880341887,True,False
WTS,vcp,392.89207047582164,345.6000061035156,359.489990234375,,,,False,,,,,,2.0,15%->12%,15.314034693028706,12.036909860520167,0.7137475416193457,65.0,-8.501591849638052,3.8638027506144432,False,17.27574750830565,True,25.80782214074074,17.27574750830565,34.389140271493225,23.762376237623783,18.93203883495147,18.855218855218837,18.80000000000002,2.0408163265306145,-18.604651162790688,18.564548702811877,21.37992831541218,15.673575129533667,12.527593818984538,12.682710763324966,8.35066389377699,2.190616315187177,-4.971259903681835,12.527593818984538,True,False
