ticker,pattern_type,entry_price,stop_price,last_close,pole_gain_pct,pole_len,flag_len,retracement_pct,volume_ratio,breakout,ribbon_width_pct,squeeze_days_ago,expanding,n_contractions,contraction_pcts,first_contraction_pct,final_contraction_pct,volume_dryup_ratio,base_len,extension_pct,risk_pct,is_lre,eps_min_yoy_pct,eps_full_history_available,days_to_earnings,eps_yoy_q1_pct,eps_yoy_q2_pct,eps_yoy_q3_pct,eps_yoy_q4_pct,eps_qoq_q1_pct,eps_qoq_q2_pct,eps_qoq_q3_pct,eps_qoq_q4_pct,revenue_yoy_q1_pct,revenue_yoy_q2_pct,revenue_yoy_q3_pct,revenue_yoy_q4_pct,revenue_qoq_q1_pct,revenue_qoq_q2_pct,revenue_qoq_q3_pct,revenue_qoq_q4_pct,revenue_min_yoy_pct,revenue_full_history_available,passes_growth
IPDN,bull_flag,6.78000020980835,2.950000047683716,4.210000038146973,6469.697394427978,12.0,11.0,46.27634644259258,0.1566234269404532,False,,,,,,,,,,-37.90560607864676,29.92874059492514,False,,False,,,,,,,,,,-28.035138806815763,2.890496123186037,3.0689695209015655,2.223429028478341,-23.692635245298032,-7.239794331718896,-3.62988678582854,5.49939384339837,-28.035138806815763,True,False
NFE,bull_flag,8.25,4.224999904632568,4.320000171661377,3058.914747217959,9.0,12.0,49.7339064477792,0.471748135068018,False,,,,,,,,,,-47.63636155561967,2.1990801679129004,False,-3666.666666666667,False,30.793497932557873,,,,-3666.666666666667,,,,,19.44337273333099,-51.87759333404352,-7.211284110884197,-46.12283879761819,47.092552398846735,-43.224378565451026,35.74555380787123,5.361965557153381,-51.87759333404352,True,False
OPTT,bull_flag,1.659999966621399,0.8899999856948853,0.8999999761581421,1418.1817873942948,11.0,8.0,49.99999952239867,0.20365408287980982,False,,,,,,,,,,-45.783132876206395,1.111110080907347,False,,False,65.79340451130787,,,,,-211.30434782608694,,,,-38.01652892561983,22.672064777327925,162.5,25.581395348837212,-0.990099009900991,-57.56302521008403,-5.555555555555558,56.19834710743801,-38.01652892561983,True,False
TJGC,bull_flag,35.79999923706055,23.729999542236328,33.0,231.06562712841318,15.0,7.0,45.56310300712367,0.05556569845835992,False,,,,,,,,,,-7.821227085842944,28.090910478071734,False,,False,,,,,,,,,,,,,,,,,,,False,False
KOD,bull_flag,98.94999694824219,87.58000183105469,94.26000213623047,212.3730890055271,6.0,5.0,16.253357449393288,0.24702413729413045,False,,,,,,,,,,-4.7397624625141885,7.086781406520048,False,,False,33.79363954082176,,,,,,,,,,,,,,,,,,False,False
PSIG,bull_flag,4.880000114440918,4.5,4.840000152587891,158.8235278403784,15.0,6.0,4.232800317117744,0.4092823766420191,False,,,,,,,,,,-0.8196713302251629,7.024796319605415,False,,False,,,,,,,,,,,,,,,,,,,False,False
VNCE,bull_flag,13.449999809265137,9.609999656677246,11.539999961853027,128.62822107989865,11.0,9.0,29.21175277606569,0.4423372890194732,False,,,,,,,,,,-14.2007425613225,16.724439441556747,False,-38.235294117647065,False,59.45960893788195,-13.978494623655912,,,-38.235294117647065,,,-233.33333333333334,-77.41935483870968,11.66969320462583,10.532856920925893,4.699186991869908,6.192460267957389,27.723900991645188,-23.501021419952927,-1.6669407701524808,16.22724976447618,4.699186991869908,True,False
GRAL,bull_flag,166.47500610351562,127.45999908447266,132.61000061035156,105.13913004790948,13.0,3.0,33.7090063759594,0.810381361572085,False,,,,,,,,,,-20.34239630669033,3.8835694911209404,False,,False,32.793838919351856,,,,,,,,,25.723047490434393,28.105663222037247,13.973125588204539,26.322769789194478,9.56724285889421,-6.449985090717247,20.45366635353927,1.8287193337834795,13.973125588204539,True,False
SWVL,bull_flag,5.0,3.559999942779541,3.819999933242798,100.45247746027472,14.0,15.0,39.18918773789505,0.14509646887513653,False,,,,,,,,,,-23.600001335144043,6.80628259180473,False,,False,,,,,,,,,,,,,,,,,,,False,False
LONA,bull_flag,6.210000038146973,5.25,5.75,94.42509220236637,5.0,3.0,12.177118784533302,0.11686850796993921,False,,,,,,,,,,-7.407407976187935,8.695652173913043,False,-398.5781990521327,False,,,,-398.5781990521327,,,,,,,,,,,,,,,False,False
NAUT,bull_flag,2.1700000762939453,1.6200000047683716,1.8200000524520874,94.18483963596232,6.0,3.0,27.56339565096388,0.7630261960763902,False,,,,,,,,,,-16.129032789695046,10.9890132922939,False,,False,17.460166820312498,,,,,,,,,,,,,,,,,,False,False
SRZN,bull_flag,30.68000030517578,23.540000915527344,27.969999313354492,85.64356610934158,6.0,5.0,46.6762934483402,0.23106787945100066,False,,,,,,,,,,-8.833119181436599,15.838392944514702,False,-116.07843137254903,False,,-116.07843137254903,,,,,,,-427.84313725490193,408.64699898270607,408.64699898270607,-19.389312977099237,-90.16999999999999,0.0,846.9696969696969,-46.28687690742625,0.0,-90.16999999999999,True,False
IOVA,bull_flag,15.029999732971191,12.3100004196167,13.3100004196167,82.06387063584182,14.0,6.0,37.57484309700339,0.7063113510311101,False,,,,,,,,,,-11.443774743264589,7.513147772153098,False,,False,26.46037486747685,,,,,,,,,65.6541900186816,44.81793852891087,17.744999592911228,15.19938519340791,39.03541929161416,-17.679870002650656,28.635386553998956,12.515012009607695,15.19938519340791,True,False
AOUT,bull_flag,17.68000030517578,15.699999809265137,16.299999237060547,75.32466369404833,15.0,9.0,24.535804657118625,0.2477696282688202,False,,,,,,,,,,-7.805435770898953,3.68097825692666,False,-3300.0,False,61.794241747719916,,,-3300.0,-33.33333333333333,,,-300.0,,25.425897245976703,-24.027315876142197,-3.297154089394072,-5.035529286757868,-20.83554686669925,-16.821620475113118,-1.0891798807671438,92.57625749107805,-24.027315876142197,True,False
VRA,bull_flag,5.320000171661377,4.829999923706055,5.079999923706055,68.09211176435713,14.0,4.0,13.526579062243368,0.38893139345290356,False,,,,,,,,,,-4.511282710736697,4.921259916429594,False,,False,61.45959017903935,,,,,,-269.99999999999983,,,1.1163171413248962,7.832584791698927,-39.162778697512415,-11.67657449314019,28.629133603820335,-34.381773631137506,36.359693508746574,-12.144006322504165,-39.162778697512415,True,False
VICR,bull_flag,309.8299865722656,250.39999389648438,262.32000732421875,67.96258373416934,12.0,4.0,46.80374795637932,0.7535723076081606,False,,,,,,,,,,-15.334209504271309,4.544073305472899,False,142.3076923076923,False,10.459610969502315,633.3333333333334,320.8333333333332,142.3076923076923,,-56.43564356435642,60.31746031746028,-30.76923076923077,1416.6666666666667,20.220713434360626,11.540461285693482,18.522851684090757,11.871316420900602,5.31865304295942,-2.860817039928276,14.968869083564119,2.2113911118678775,11.540461285693482,True,False
ACVA,bull_flag,10.5,10.40999984741211,10.4399995803833,56.41790806835538,11.0,13.0,1.8518439092374464,0.40355687105323296,False,,,,,,,,,,-0.5714325677780877,0.287353775641531,False,,False,25.794322551655092,,,,,,,,,,,,,-9.090909090909093,15.789473684210531,,,,False,False
P,bull_flag,157.0500030517578,144.4709930419922,150.57000732421875,53.422911874227744,15.0,3.0,0.0,0.5215384204418836,False,,,,,,,,,,-4.126071697944187,4.050616979179461,False,-15.789473684210531,False,52.79338478060185,49.99999999999998,,123.07692307692308,-15.789473684210531,199.99999999999994,-75.86206896551724,81.25000000000003,14.28571428571428,37.73463940850312,35.24936254391542,20.351494927498347,16.049271302606762,12.632016837370452,-0.5672851998719475,9.793115890561799,12.015186956592427,16.049271302606762,True,False
QMCO,bull_flag,35.40999984741211,28.549999237060547,29.18000030517578,48.9706457958335,15.0,3.0,48.8372081120675,0.7645368887609383,False,,,,,,,,,,-17.59389881130327,2.159016660474429,False,,False,30.793270552025465,,,,,,,,,25.692996920013698,27.310121933303954,8.59297653019626,-12.709127856804836,3.601559094289297,4.569222106025261,18.92848600813202,-2.4437669165914833,-12.709127856804836,True,False
OCC,bull_flag,18.170000076293945,15.270000457763672,15.710000038146973,48.53420332041758,13.0,4.0,49.832202925251934,0.6628934290447267,False,,,,,,,,,,-13.538800373239887,2.8007611668675696,False,,False,68.46011843149306,,,,,-280.0,-44.44444444444444,800.0,,21.99187032893992,26.57529897295392,4.372449637820708,1.762145465117393,9.378811564747181,35.19388252234883,-17.136447460172967,-0.44178519780092573,1.762145465117393,True,False
FORM,bull_flag,148.41000366210938,134.5399932861328,137.1300048828125,45.5305358837373,14.0,3.0,29.04970047625215,0.7415125865266328,False,,,,,,,,,,-7.600564989526227,1.8887271235008267,False,-16.666666666666664,True,18.79391049545139,491.6666666666667,225.0,141.6666666666666,-16.666666666666664,173.07692307692304,-10.344827586206872,44.99999999999995,66.66666666666667,31.892052012788685,31.97320198884195,13.552666993872808,-2.52071740165547,14.19361115041744,5.103572640277365,6.161064950956208,3.5128040122983872,-2.52071740165547,True,False
FOSL,bull_flag,7.300000190734863,6.880000114440918,7.0,45.27163168981214,15.0,3.0,15.111096700032553,0.7175027458124877,False,,,,,,,,,,-4.109591546526568,1.7142840794154575,False,,False,33.79390399509259,,,,,,,,,-4.85507377897163,-3.657203602336978,-18.0463692242971,-6.121208120381216,-6.70623462255463,-19.8781565926623,3.820489191379761,22.602410294571396,-18.0463692242971,True,False
FEIM,bull_flag,89.5999984741211,73.66999816894531,74.72000122070312,45.01525846579186,12.0,14.0,44.67043672753277,0.8420865736301978,False,,,,,,,,,,-16.607140074579036,1.405250313977353,False,-251.51515151515147,True,61.793972470474536,485.7142857142856,-251.51515151515147,-90.0,-35.71428571428572,,-412.5,-11.111111111111105,157.1428571428571,,,-100.0,-100.0,,,,,-100.0,False,False
SVCO,bull_flag,9.119999885559082,7.900000095367432,7.989999771118164,44.77847104432841,13.0,4.0,44.16960309111854,0.5370555099166764,False,,,,,,,,,,-12.39035228750604,1.1264039840909454,False,-222.22222222222223,False,32.793081586944446,,,-222.22222222222223,,,,,,47.79216467463478,25.993471473176278,2.2005711406013706,70.17863652934744,0.28724303013236696,-2.7229892614508033,-2.249357326478152,54.980079681274894,2.2005711406013706,True,False
SHMD,bull_flag,4.679999828338623,3.9100000858306885,3.9700000286102295,44.164039800408304,14.0,4.0,47.14286006226811,0.3874621539792388,False,,,,,,,,,,-15.170936448098974,1.5113335603814866,False,,False,135.79315601386574,,,,,,,,,,,,,,,,,,False,False
ALAB,bull_flag,401.739990234375,342.0,347.04998779296875,43.92175541213022,5.0,12.0,19.34726993268772,0.8347398985102167,False,,,,,,,,,,-13.613283160956946,1.4551182741955029,False,-79.67479674796748,False,24.794323463761575,186.20689655172416,144.44444444444446,-79.67479674796748,,88.63636363636363,76.0,-50.0,72.41379310344828,104.45486518171161,93.40010787621831,91.77226852639338,103.8934969845958,27.253446447507955,13.961704911247196,17.351404098449528,20.13807476878988,91.77226852639338,True,False
LTRX,bull_flag,7.489999771118164,6.769999980926514,6.829999923706055,42.97028747519738,11.0,7.0,20.737322227054076,0.5442422937524671,False,,,,,,,,,,-8.811747230715596,0.8784764780346322,False,,False,25.793578958356484,,,,,,,,,8.027324109712541,5.884210526315781,-4.451076666345754,-13.447404351741564,3.237565032972123,1.3535299254383126,-0.06712760958582642,3.311487915669753,-13.447404351741564,True,False
ACLS,bull_flag,147.91000366210938,132.47999572753906,133.47999572753906,42.428919780685234,12.0,4.0,34.734227762188915,0.7070524859147969,False,,,,,,,,,,-9.755937784664457,0.7491759304826557,False,-65.90909090909092,True,24.46098832048611,-23.469387755102044,-65.90909090909092,-27.922077922077936,-44.29530201342282,150.0,-72.97297297297297,33.734939759036145,-15.306122448979597,10.604798914384418,3.3199524311523954,-5.58084439637584,-16.74163171762212,8.152053720420604,-16.52079050056644,11.571969608306688,9.800867670038649,-16.74163171762212,True,False
ILMN,bull_flag,309.3500061035156,254.0,264.57000732421875,41.05470100916428,15.0,3.0,46.43191907486179,0.7120859333373178,False,,,,,,,,,,-14.475512492575307,3.9951646186658176,False,-77.82805429864254,True,19.79374039494213,-9.395973154362414,6.0975609756097615,86.20689655172397,-77.82805429864254,55.17241379310347,-59.72222222222223,120.40816326530614,-34.228187919463096,9.442870632672328,4.8030739673391,4.98188405797102,0.37037037037037646,6.232813932172321,-5.867126833477132,6.918819188191883,2.3607176581680767,0.37037037037037646,True,False
VECO,bull_flag,57.380001068115234,51.0,51.45000076293945,40.32771319297537,13.0,4.0,38.69011776054854,0.7386705562894466,False,,,,,,,,,,-10.334611702318263,0.8746370384188573,False,-105.0,True,25.79293398722222,-10.000000000000009,-105.0,-92.00000000000004,-52.77777777777777,,-150.00000000000023,-88.23529411764711,-15.000000000000002,16.481842700958428,-5.350524830834713,-9.396533264518393,-10.240954076414855,22.19260962100782,-4.045643782155784,-0.5208553119404824,-0.13425323893464514,-10.240954076414855,True,False
VIAV,bull_flag,48.189998626708984,43.400001525878906,44.09000015258789,39.51422042600996,13.0,4.0,27.736108740031817,0.6699168724620588,False,,,,,,,,,,-8.507986285454463,1.5649776010909913,False,-625.0,False,18.79294729435185,400.0000000000001,-66.66666666666667,-625.0,,400.0000000000001,,,-433.33333333333337,52.53012048192771,42.8370786516854,36.37370753323486,25.56675062972291,8.92330383480826,10.154346060113738,23.470411233701107,2.960413080895008,25.56675062972291,True,False
RMBS,bull_flag,114.97000122070312,106.30000305175781,108.47000122070312,39.28349554773245,14.0,4.0,17.954394680780645,0.4764316259023231,False,,,,,,,,,,-5.653648717914007,2.0005514377473204,False,-2.2222222222222254,True,16.79321348494213,-1.7857142857142905,1.7543859649122862,-2.2222222222222254,60.606060606060595,-5.172413793103415,31.81818181818179,-16.981132075471706,-5.35714285714286,8.115129842077472,18.089160904271818,22.678386123576576,30.325114652862915,-5.285317802401124,6.571510198136821,3.660668141618606,3.3270532328517177,8.115129842077472,True,False
DELL,bull_flag,595.510009765625,520.1799926757812,574.5499877929688,38.447064568014696,11.0,15.0,41.75031918318986,0.5135663258159405,False,,,,,,,,,,-3.5196758457352364,9.463057396631429,False,39.02439024390243,True,48.7940658699074,272.94117647058823,282.4817518248175,55.60747663551404,39.02439024390243,20.992366412213737,57.357357357357365,46.05263157894739,34.11764705882352,57.747850617947336,87.53528958850201,39.48017216163136,10.830665681687602,7.13699192555084,31.346055903412328,23.603036474726903,-9.306152606125739,10.830665681687602,True,False
AMD,bull_flag,658.52001953125,596.0700073242188,620.6799926757812,38.24754468169858,15.0,9.0,19.808561538826172,0.8139213208547905,False,,,,,,,,,,-5.746222701384868,3.9650038090429933,False,59.5744680851064,True,24.794320612835644,155.55555555555554,90.90909090909089,206.6666666666666,59.5744680851064,64.28571428571428,-8.695652173913038,22.666666666666657,38.888888888888886,50.11060507482108,37.84619521376713,34.10812222512405,35.5917289925209,12.513410709060757,-0.16553067185978154,11.075059485182791,20.31229668184775,34.10812222512405,True,True
WYY,bull_flag,7.630000114440918,6.739999771118164,7.170000076293945,38.20841376146862,5.0,4.0,39.234455109777485,0.10921727972626176,False,,,,,,,,,,-6.028833961304322,5.997214792193438,False,,False,33.7928638928125,,,,,0.0,,,,,,,,-39.31338028169014,62.10045662100456,-28.86723507917174,,,False,False
FIRY,bull_flag,13.258999824523926,11.614999771118164,12.020000457763672,36.88611075457664,9.0,11.0,42.06799777602112,0.6414835836962373,False,,,,,,,,,,-9.344591471134898,3.36938994360786,False,,False,33.79394559600694,,,,,,,,,22.91584040612358,32.91775129013106,68.87625907377188,11.439504966617807,6.483422092423985,-3.018893072540063,9.633228611090816,8.566669310700403,11.439504966617807,True,False
PDFS,bull_flag,56.97999954223633,51.65999984741211,52.18000030517578,35.39354010184561,14.0,3.0,30.15007421223659,0.7873242406418893,False,,,,,,,,,,-8.424007152724801,0.9965512739027189,False,-99.99999999999997,False,26.793359128726852,233.33333333333334,,-99.99999999999997,-50.0,-16.666666666666664,3.458764513820541e+18,-99.99999999999999,0.0,18.947185276832656,25.852903009753447,24.594189877208738,23.068801310090727,2.3266256444370637,-3.642453087191322,9.258513525343615,10.4140890813486,18.947185276832656,True,False
XERS,bull_flag,10.350000381469727,9.899999618530273,10.1899995803833,35.247001655497165,14.0,3.0,8.712138863632177,0.5720520310328937,False,,,,,,,,,,-1.5459014027949751,2.8459271226203415,False,,False,26.459544467905094,,,,,-1900.0,-85.71428571428571,,,28.740966465843808,38.270762986742966,42.77608612456114,37.06051448367362,10.79432675304053,-3.123288309811556,15.36300080666846,3.9712604313731026,28.740966465843808,True,False
SWKS,bull_flag,92.80000305175781,78.43000030517578,80.75,34.91412205662683,14.0,14.0,44.97170780184434,0.8089572024653027,False,,,,,,,,,,-12.984916654622419,2.8730646375532123,False,-68.57142857142857,True,24.79303105351852,-68.57142857142857,-44.18604651162791,-47.0,163.88888888888903,-8.333333333333325,-54.71698113207548,-44.21052631578948,35.714285714285744,-3.12953367875648,-0.9966428871170829,-3.0978006551240056,7.336585365853665,-0.9430963229839939,-8.856480587212667,-5.889838211234322,14.010362694300515,-3.12953367875648,True,False
RFAI,bull_flag,50.79999923706055,35.0,37.7599983215332,34.88532270041396,11.0,7.0,43.17959246015345,0.32364810330912025,False,,,,,,,,,,-25.66929352631597,7.30931791371207,False,,False,,,,,,,,,,,,,,,,,,,False,False
SMTC,bull_flag,201.99000549316406,167.11000061035156,187.49000549316406,34.638117628815635,15.0,9.0,32.38805858462884,0.8280886681152945,False,,,,,,,,,,-7.178573001469977,10.869915347864001,False,-141.97530864197532,False,44.793113509305556,22.72727272727273,-141.97530864197532,,,,,,-240.9090909090909,16.098779377080596,9.287853154462633,12.81177323131888,19.61647542958831,6.074734091842338,2.7741157226033764,3.7358882371628432,2.660393192511612,9.287853154462633,True,False
TITN,bull_flag,25.950000762939453,22.229999542236328,23.65999984741211,34.37849484780939,13.0,15.0,28.827371884560044,0.5155974795495258,False,,,,,,,,,,-8.824666081697435,6.043957372773154,False,-28.57142857142857,False,45.45968227015046,,,,-28.57142857142857,,,-3279.9999999999995,,-9.158056168630335,-12.1067880794702,-15.539246842763921,-5.194579773588459,-4.976635827107034,-18.61132534062493,-0.41504398690478395,17.95009754294268,-15.539246842763921,True,False
BE,bull_flag,302.35400390625,251.3000030517578,272.82000732421875,34.04265375115838,15.0,12.0,35.92481455562115,0.8087054395012759,False,,,,,,,,,,-9.768019010983155,7.88798610612403,False,65.44129822818347,False,17.794176930740743,,65.44129822818347,,,-99.76979281353218,,,,133.78948951018285,36.28098998656175,59.520627975487585,21.377789349547417,-3.411645196146307,50.539320633275594,29.545293951384966,24.116243085616198,21.377789349547417,True,False
CEVA,bull_flag,37.209999084472656,33.040000915527344,33.65999984741211,33.5493072610179,14.0,4.0,43.56221590577696,0.792278366882926,False,,,,,,,,,,-9.540444301010274,1.8419457358744853,False,-600.0,False,30.46083079925926,,-55.555555555555515,,-600.0,-362.4999999999998,,,,35.58585905758185,54.47582028123927,6.795874230577281,17.83718104495746,7.434132622853751,5.241841264896019,5.910497009692728,13.225610610376881,6.795874230577281,True,False
SEI,bull_flag,80.27999877929688,67.31999969482422,73.08000183105469,33.10199240557215,15.0,10.0,15.946193086000605,0.7773442187454742,False,,,,,,,,,,-8.968606200451225,7.881776124672739,False,,False,23.793131609583334,,,,,,,,,46.068253070874235,26.08044174979536,-2.171723952738991,0.5939269527510893,25.097111416781303,3.9343512323440244,0.23960745649234116,12.075345633962066,-2.171723952738991,True,False
MTC,bull_flag,5.671999931335449,4.71999979019165,4.829999923706055,33.08270501473145,15.0,9.0,44.696983517147444,0.24757991374683028,False,,,,,,,,,,-14.844852218310042,2.2774355124627266,False,,False,,,,,,,,,,,,,,,,,,,False,False
RSKD,bull_flag,8.279999732971191,7.659999847412109,8.039999961853027,32.495814495802186,14.0,6.0,12.886597558053078,0.84919397264392,False,,,,,,,,,,-2.898548053842058,4.726369605023444,False,,False,32.459874872291664,,,,,,,,,,,,,,,,,,False,False
RBRK,bull_flag,127.9000015258789,113.56999969482422,120.88999938964844,32.45238848471246,12.0,7.0,4.267415208435529,0.8082922562895636,False,,,,,,,,,,-5.480846014542139,6.055091183540047,False,-107.73286467486818,False,54.793259000451386,,,-107.73286467486818,,,,,,37.888078487058664,38.992606317845734,46.3324292909725,48.263597794883516,10.383705188752357,2.484616769574566,7.858558512248481,13.007809978700058,37.888078487058664,True,False
ASYS,bull_flag,18.25,16.010000228881836,16.209999084472656,32.32917474796475,14.0,4.0,45.45453954334178,0.8490225780855515,False,,,,,,,,,,-11.178087208369007,1.2337993021998168,False,-50.0,False,60.79423870675925,900.0,,-50.0,,25.0,700.0,-87.50000000000001,700.0000000000007,14.450069028992175,31.373555840821577,-22.193971703916336,-17.70902455209025,9.356068008598783,7.879618405101985,-4.379598830763031,1.4572787237306262,-22.193971703916336,True,False
NET,bull_flag,370.3500061035156,337.0,341.8900146484375,31.561201207007517,15.0,10.0,25.348516487217577,0.8234121155131503,False,,,,,,,,,,-7.6846202203445735,1.4302888177257411,False,,False,19.79349905511574,,,,,,,,,35.86555953747297,33.536288816018796,33.604162227739785,30.6790333006264,8.801181702370432,4.108659461975206,9.337629686829985,9.703190999305122,30.6790333006264,True,False
IBRX,bull_flag,10.359999656677246,9.329999923706055,9.90999984741211,31.226299806275115,13.0,3.0,42.51012458382932,0.848316859137697,False,,,,,,,,,,-4.343627646503849,5.852673386846877,False,,False,24.460420188668984,,,,,,,,,93.90728476821192,167.6394018284192,406.9518008474576,425.0736980019653,15.911867167352845,15.465587044534423,19.412993980225203,21.328287606433307,93.90728476821192,True,False
OBIO,bull_flag,6.5,5.510000228881836,5.730000019073486,31.223630602082398,12.0,12.0,47.97294271349337,0.6013390479789738,False,,,,,,,,,,-11.846153552715595,3.8394378614194715,False,,False,26.793449394560184,,,,,,-217.8571428571429,,,-89.47368421052632,-87.32718894009217,12120.158102766798,-12.765957446808507,-19.999999999999996,-99.64420868777695,3490.8246225319394,2.9904306220095656,-89.47368421052632,True,False
CRWD,bull_flag,286.989990234375,261.6199951171875,263.010009765625,30.618168409524806,15.0,4.0,13.301758328273186,0.6802059738571643,False,,,,,,,,,,-8.355685314726957,0.5285025652355124,False,,False,52.7940709178588,,,,,-90.9090909090909,,,,25.83040193267132,25.574252741894842,23.318671601775275,22.180843376117878,6.153739565208283,6.147965144115686,5.763123012953675,5.585515915110295,22.180843376117878,True,False
FSLY,bull_flag,28.280000686645508,24.139999389648438,25.290000915527344,30.59226581810972,15.0,10.0,40.6400146484375,0.519503238872961,False,,,,,,,,,,-10.572841932532603,4.5472577471234406,False,,False,25.793876229027777,,,,,,,,,23.27229690200323,19.75926464277309,22.78647593168255,15.317843243006868,5.950722744637926,0.2369476050332553,9.094126644040369,6.39772979443074,15.317843243006868,True,False
VGZ,bull_flag,2.799999952316284,2.549999952316284,2.6700000762939453,30.555547277132987,5.0,12.0,40.90909747709736,0.6618702031497964,False,,,,,,,,,,-4.642852794150843,4.494386537405106,False,,False,19.792933329421295,,,,,,,,,,,,,,,,,,False,False
AMAT,bull_flag,546.0,502.6499938964844,509.57000732421875,30.55034496662006,13.0,3.0,31.22933630893691,0.77955735824746,False,,,,,,,,,,-6.672159830729167,1.358010347601061,False,12.918660287081352,True,33.794318797037036,42.79279279279278,33.460076045627375,75.17241379310346,12.918660287081352,-9.686609686609682,38.188976377952756,7.627118644067776,6.3063063063063085,24.82881402355519,11.40845070422536,-2.149037119732067,-3.477643718949608,15.233881163084707,12.806617227609806,3.117647058823536,-6.874828814023559,-3.477643718949608,True,False
CBRL,bull_flag,57.209999084472656,54.599998474121094,55.34000015258789,30.310037260817957,13.0,3.0,13.129781840058751,0.5460013374190752,False,,,,,,,,,,-3.2686575105929365,1.3371913198886969,False,-600.0,True,60.460835142407404,86.20689655172413,239.28571428571422,-93.93939393939394,-600.0,-71.57894736842105,3066.666666666667,,-479.3103448275862,-2.1505537384981066,-2.8959492027615052,-7.859588662357453,-5.668160394940647,6.51832844850615,-8.853280171738776,9.737853555246701,-8.159016784388184,-7.859588662357453,True,False
NNBR,bull_flag,4.289999961853027,3.880000114440918,4.010000228881836,30.06134305281534,13.0,3.0,36.73466706662609,0.7059124287416664,False,,,,,,,,,,-6.526800360395528,3.2418979306933284,False,,False,18.7934998253125,,,,,,,,,19.291889437644194,12.077056997956248,-1.6871180043750544,-8.544111562062561,8.686218890352215,13.117384162878643,0.8028339847134358,-3.7425524226054274,-8.544111562062561,True,False
NRXS,bull_flag,8.050000190734863,6.599999904632568,6.769999980926514,30.052724445530153,12.0,8.0,46.78363584142237,0.3429136638539818,False,,,,,,,,,,-15.900623347581583,2.5110794205745304,False,,False,,,,,,,,,,115.71694445500769,79.5203510280186,27.190162448352197,21.71970748171761,19.952446788727784,66.08182604141813,19.3135686591555,-9.246537805088106,21.71970748171761,True,False
LITE,bull_flag,1137.2049560546875,1027.0,1048.5999755859375,29.98574971720176,14.0,4.0,23.331618885576457,0.775032598952305,False,,,,,,,,,,-7.791469778336865,2.059887096017511,False,-3177.4193548387093,False,26.793614812187503,-3177.4193548387093,,,,-6459.999999999999,68.53932584269661,1680.0,-98.38709677419355,55.91955887122933,16.016371077762614,9.651035986913858,6.0768261964735615,13.052681091251173,5.718547986076583,19.382606114574052,9.27667855984431,6.0768261964735615,True,False
TWLO,bull_flag,308.3999938964844,272.04998779296875,275.7699890136719,29.769707316585258,15.0,3.0,41.80793333259651,0.6166134027979535,False,,,,,,,,,,-10.580416838064169,1.3489507085264083,False,375.0,False,19.793009070625,4671.428571428571,375.0,,,1071.9298245614036,,-221.73913043478262,64.28571428571428,22.033416773510805,19.99585487985549,14.319550398172144,14.70940299863539,6.552103301781842,2.9999341108255972,5.039057153095738,5.859291369029451,14.319550398172144,True,False
MPWR,bull_flag,1491.6400146484375,1349.3900146484375,1369.800048828125,29.726733258942417,14.0,3.0,38.48250793457668,0.7490924752353411,False,,,,,,,,,,-8.168188344627426,1.4900009820519753,False,-88.11447811447812,True,19.793577544699072,85.76512455516013,39.5017793594306,-88.11447811447812,25.762711864406775,33.16326530612243,11.048158640226657,-4.85175202156336,32.02846975088966,47.55948923671405,26.135982206997376,20.829546459910087,18.876538212826887,21.942339138382327,7.059794583008827,1.8962907094099535,10.924592295214675,18.876538212826887,True,False
LRCX,bull_flag,351.3699951171875,316.6600036621094,320.5899963378906,29.205186066986677,12.0,4.0,39.25102524103606,0.7532003166143876,False,,,,,,,,,,-8.759996359117475,1.2258625411502782,False,35.074626865671576,True,11.79358131193287,35.074626865671576,40.77669902912619,36.95652173913042,44.18604651162792,24.827586206896534,15.07936507936507,1.6129032258064502,-7.462686567164201,29.988921747003182,23.75575058128141,22.137422198618985,27.740010978949982,15.07749395359539,9.293104257958817,0.3872526305963353,2.9543297134833946,22.137422198618985,True,True
MSGM,bull_flag,5.5,5.0,5.159999847412109,28.400955631725576,7.0,3.0,31.93278119065832,0.8440351104769317,False,,,,,,,,,,-6.181820956143466,3.1007723283626447,False,-90.2439024390244,False,26.793540592013887,-90.2439024390244,-81.81818181818183,,,33.33333333333335,-57.14285714285712,-7.771561172376096e-14,-82.92682926829268,36.58103895302178,129.25201867778097,94.93030544216894,71.94181079189283,-12.187838678894025,4.774472935894636,24.11498900974123,19.60684301500093,36.58103895302178,True,False
DDOG,bull_flag,285.67999267578125,259.260009765625,273.79998779296875,27.812404351313468,14.0,8.0,16.14503126524215,0.6823145843796616,False,,,,,,,,,,-4.158500835686851,5.310437792399763,False,-28.57142857142857,True,26.46073958994213,1100.0,114.28571428571428,-7.1428571428571725,-28.57142857142857,-19.999999999999996,15.384615384615397,29.99999999999996,900.0,35.64444336929702,32.154426546806334,29.20687462977498,28.35224110745258,11.429354964994953,5.584592433439584,7.626367496903397,7.123107068556767,28.35224110745258,True,False
OKTA,bull_flag,226.44000244140625,210.3800048828125,220.2100067138672,27.70570863832582,14.0,5.0,4.877519535746512,0.621269357648659,False,,,,,,,,,,-2.7512787759976907,4.463921498275703,False,19.999999999999996,False,52.793420321712965,75.67567567567568,19.999999999999996,133.3333333333334,,54.761904761904766,19.99999999999997,45.83333333333337,-35.13513513513513,10.576923076923084,11.191860465116289,11.58357771260996,11.578947368421044,5.228758169934644,0.5256241787122251,2.5606469002695365,1.9230769230769162,10.576923076923084,True,False
ON,bull_flag,86.91999816894531,78.54000091552734,79.41000366210938,27.462464466323276,12.0,4.0,34.71841528848829,0.8463929978551779,False,,,,,,,,,,-8.640122716338368,1.0955833099868684,False,-54.545454545454554,False,23.46008129826389,36.585365853658544,,-54.545454545454554,-32.25806451612904,,-120.0,-36.50793650793652,53.65853658536586,9.178184789269416,4.6759355329598185,-11.169811320754718,-11.975708042454169,5.960483711094966,-1.09796745310764,-1.3411567476948827,5.596786273575272,-11.975708042454169,True,False
GCTS,bull_flag,2.2699999809265137,2.0199999809265137,2.0999999046325684,27.167631412047122,13.0,12.0,38.297884212785014,0.8235389445509891,False,,,,,,,,,,-7.488990208033341,3.809520349480781,False,,False,32.793890499629626,,,,,,,,,-17.85109983079526,287.0967741935484,-57.535014005602235,-83.52490421455938,-49.427083333333336,153.2981530343008,76.27906976744185,-63.62098138747885,-83.52490421455938,True,False
DSP,bull_flag,13.449999809265137,11.789999961853027,13.15999984741211,26.99600598930285,10.0,5.0,34.56563571120837,0.8008913130238127,False,,,,,,,,,,-2.1561335759518645,10.410333597598711,False,-250.0,False,30.794030514641204,-250.0,,218.18181818181813,-33.333333333333336,,-108.57142857142857,483.3333333333333,200.0,33.91134574133303,25.333371082358937,22.286628023186083,7.08190485723581,17.75057037656147,-19.601540082089286,28.67659087191232,9.927684225399158,7.08190485723581,True,False
XMTR,bull_flag,112.94000244140625,103.83000183105469,106.4800033569336,26.661176636950646,15.0,3.0,17.07099880797011,0.8216104459527017,False,,,,,,,,,,-5.719850314173786,2.4887316325449267,False,,False,24.459530410891205,,,,,,,,,41.054587288599606,35.87907611395566,29.52082183296756,27.535321599457994,11.768663046339544,6.621690454162721,6.464875632902634,11.177074938325537,27.535321599457994,True,False
RVTY,bull_flag,166.25,146.6999969482422,152.16000366210938,26.418055484761148,14.0,6.0,19.37403140111038,0.7911304641001449,False,,,,,,,,,,-8.475185767152256,3.5883324017209053,False,-48.051948051948045,True,24.45985903833333,2.1739130434782483,2.857142857142869,11.688311688311636,-48.051948051948045,30.555555555555557,-58.13953488372092,114.99999999999994,-13.043478260869568,1.3055961259725413,6.973322783191582,5.852157746664255,2.178206531988214,2.611380952247022,-7.892950770410434,10.459561427228593,-2.962026089709058,1.3055961259725413,True,False
PRLB,bull_flag,99.95999908447266,91.0,92.20999908447266,26.15699151773645,15.0,3.0,37.536660062728096,0.7968551484985726,False,,,,,,,,,,-7.753101311506365,1.3122211218809232,False,3.4482758620689724,False,19.459959985671297,105.55555555555559,120.00000000000001,,3.4482758620689724,12.12121212121211,32.00000000000001,-16.666666666666664,66.66666666666667,10.571362993565959,10.40450061408027,12.10924024640656,7.7591765576863425,7.180484584027091,2.082890697691453,0.8325576584962358,0.22433975255991,7.7591765576863425,True,False
SG,bull_flag,9.645000457763672,8.96500015258789,9.569999694824219,26.03879010955168,10.0,4.0,7.180860979945707,0.8412019269644402,False,,,,,,,,,,-0.7776128499722549,6.321834498736008,False,,False,26.793132858958334,,,,,-120.95238095238095,,,,3.8144657646443925,-2.876058302867035,-3.5486998458708285,-0.5985089170909452,19.279845964301856,4.076832867250024,-9.976623180755595,-7.107332029334579,-3.5486998458708285,True,False
KLIC,bull_flag,101.63999938964844,89.62999725341797,90.91999816894531,25.631534238463004,14.0,3.0,45.17691725857505,0.6286761199249674,False,,,,,,,,,,-10.547029993188792,1.4188307759644865,False,-78.80794701986756,False,39.793671181875,,,-78.80794701986756,-31.428571428571452,62.12121212121213,106.25,122.2222222222221,,122.6280716648811,49.778993246329925,20.166261346945657,-2.074244839206041,36.18318282424027,21.5383844708829,12.42805167888803,19.63776758100706,-2.074244839206041,True,False
SYNA,bull_flag,120.6500015258789,118.30000305175781,119.08000183105469,25.55579130725867,10.0,3.0,5.8678709233069055,0.8409016833467542,False,,,,,,,,,,-1.3012844384319884,0.6550207988772976,False,-860.0,False,26.79302453775463,,,-860.0,,,,,,8.910891089108919,10.352588147036768,13.211077844311369,13.50407450523865,4.690686607749828,-2.7438016528925635,3.418803418803429,3.4299858557284235,8.910891089108919,True,False
LVLU,bull_flag,13.239999771118164,11.380000114440918,12.199999809265137,25.506067559716385,15.0,3.0,40.47617876250137,0.3830648710500836,False,,,,,,,,,,-7.854984741930972,6.721309079049988,False,-102.30326295585412,False,32.79358064216435,,,-102.30326295585412,,,,,,-16.82163886162905,-10.324994154781386,-4.7303732595582515,-8.599639818667326,17.861674575446273,-8.70703608492811,-14.367245994754796,-9.72644749754662,-16.82163886162905,True,False
PAYS,bull_flag,15.09000015258789,14.119999885559082,14.960000038146973,25.296115076058356,13.0,3.0,23.076935344405523,0.8481311503178711,False,,,,,,,,,,-0.861498430260939,5.614974267686818,False,0.0,True,32.79336443190972,450.0,79.99999999999999,0.0,33.33333333333335,22.222222222222232,349.9999999999999,-49.999999999999986,100.0,48.08443370347535,50.75921802755747,45.80637439089279,41.55655408529033,0.76197934662805,23.217677404316795,5.365310028792658,13.198859461296264,41.55655408529033,True,False
AEO,bull_flag,18.68000030517578,17.309999465942383,17.969999313354492,24.84514606346142,13.0,7.0,22.991689823871393,0.6454374623369122,False,,,,,,,,,,-3.800861778490254,3.672787271180513,False,-12.962962962962942,False,52.794322803125006,75.55555555555556,,-12.962962962962942,29.268292682926834,464.2857142857142,-70.2127659574468,-11.32075471698114,17.777777777777782,7.533059380294849,9.699531662565764,12.876963143597319,5.70997925674932,15.485009851207042,-34.008130247380144,32.91697885302791,6.156231133269707,5.70997925674932,True,False
AP,bull_flag,9.869999885559082,8.949999809265137,8.949999809265137,24.518611768488018,13.0,4.0,39.26701884380711,0.786226318484383,False,,,,,,,,,,-9.32117615968779,0.0,False,-1893.7499999999995,False,32.46090772959491,,-166.66666666666669,-1893.7499999999995,,,,,,-10.124571984614395,3.9354604639912916,11.451270168394757,12.681379789729785,-5.068311177046669,-1.1899629214451979,0.6024212514940119,-4.759806486555962,-10.124571984614395,True,False
ROG,bull_flag,161.4600067138672,147.6199951171875,148.1199951171875,24.513618677042803,12.0,4.0,39.30160280257937,0.7349881851457165,False,,,,,,,,,,-8.262115100936612,0.33756414831395115,False,-1009.0909090909091,False,19.793202005300927,,,-17.24137931034483,-1009.0909090909091,24.99999999999989,-58.33333333333329,,,5.249343832021003,4.8387096774193505,2.710413694721825,-5.3221288515406195,-0.496277915632759,-6.7129629629629655,6.5088757396449815,6.45669291338582,-5.3221288515406195,True,False
DBI,bull_flag,6.329999923706055,5.739999771118164,5.789999961853027,24.077664900610586,12.0,12.0,48.668147020194105,0.6499077452265459,False,,,,,,,,,,-8.530805187385706,0.863561158277819,False,45.83333333333333,False,59.46073864202547,47.61904761904763,,,45.83333333333333,1450.0,,-202.85714285714283,66.66666666666666,-1.2292390232036432,1.3744178632104198,0.002382380474563739,-3.1887791207858007,4.957851655058509,-2.4158163873041816,-5.159680015310785,1.6812843763936325,-3.1887791207858007,True,False
ICHR,bull_flag,65.0,57.619998931884766,58.83000183105469,23.957724881405774,14.0,3.0,46.65034408626949,0.8036129285995208,False,,,,,,,,,,-9.49230487530048,2.056778618917526,False,,False,23.79375426517361,,,,,,,,,22.680982999354924,4.746282698954851,-4.1514674805286145,13.335764591098753,15.119421403689648,14.51749953042405,-6.556733083712219,-0.4115945647876429,-4.1514674805286145,True,False
GNRC,bull_flag,228.77999877929688,211.2899932861328,224.39999389648438,23.864482982217574,13.0,4.0,13.19130764192371,0.6483691905815767,False,,,,,,,,,,-1.9145051604960768,5.8422464202023106,False,-119.1588785046729,True,18.460510442974535,92.0,69.86301369863016,-119.1588785046729,-40.74074074074073,93.54838709677418,,-136.60714285714286,-10.399999999999988,10.586532399646043,12.444685979826374,-11.604865885272197,-5.0453192542709635,10.77485097204458,-2.9444692827511387,-2.0504274677772716,5.011831291716962,-11.604865885272197,True,False
JILL,bull_flag,25.135000228881836,22.860000610351562,24.469999313354492,23.739912064572046,10.0,12.0,34.09524606934887,0.8172261580924481,False,,,,,,,,,,-2.64571676734346,6.5794799680450895,False,-309.0909090909091,True,60.46036912943287,60.86956521739133,-59.210526315789465,-309.0909090909091,-25.00000000000001,258.0645161290323,,-138.3333333333333,-13.043478260869556,0.9411917014596982,-5.998233903851647,-3.084981725860003,-0.4342554397248177,7.712020114108897,4.192185622062761,-8.038651179721368,-2.194387804641229,-5.998233903851647,True,False
OSUR,bull_flag,4.130000114440918,3.630000114440918,3.799999952316284,23.529411330507056,9.0,11.0,47.368407843845866,0.7575153496531377,False,,,,,,,,,,-7.990318474102663,4.47368000022587,False,,False,25.79339842173611,,,,,,,,,-1.9300941040906516,-6.702081454010889,-28.527173187341436,-32.14330452210948,9.718889883616821,4.3418151926166715,-1.1888499169281919,-13.305806286409316,-32.14330452210948,True,False
RXT,bull_flag,4.199999809265137,3.5199999809265137,3.619999885559082,23.32267584550234,15.0,5.0,46.57534470274583,0.6623043891447609,False,,,,,,,,,,-13.809522620134018,2.7624283920971484,False,,False,26.79315793590278,,,,,-1000.0000000000002,,,,0.5703136725198954,1.908626390141266,-0.40840140023337135,-0.6806747558449233,-1.1797669960182833,-0.6883421206795526,1.728247914183556,0.7354044724598552,-0.6806747558449233,True,False
TENB,bull_flag,40.06999969482422,36.79999923706055,39.0099983215332,22.384582288757503,15.0,4.0,0.7418286781560404,0.7078270532854183,False,,,,,,,,,,-2.645374048824698,5.665211944530524,False,-200.0,False,18.793029915196758,,,-200.0,,200.0,,-150.00000000000006,,8.578014112699407,9.584882305958509,10.521314549210746,11.163954061861482,2.461287195964257,0.5853385175774273,3.2059103153224466,2.080511130431262,8.578014112699407,True,False
PANW,bull_flag,432.3299865722656,395.79998779296875,398.5,21.95372680412513,15.0,4.0,10.249349520248849,0.696227048524133,False,,,,,,,,,,-7.825038193738804,0.6775438411621706,False,-227.77777777777771,True,40.79337686456019,-227.77777777777771,-159.45945945945948,60.52631578947367,-4.081632653061229,,-136.0655737704918,29.78723404255319,30.555555555555515,34.43721663709836,31.14897335080822,14.931324767390342,15.661524076671341,13.590939373750842,15.728604471858132,4.850444624090544,-2.464025231618372,14.931324767390342,True,False
EDRY,bull_flag,61.130001068115234,53.9900016784668,60.790000915527344,21.407810228315483,6.0,3.0,43.452948064994146,0.6727445394112062,False,,,,,,,,,,-0.5561919624523467,11.186048913718063,False,,False,33.460663566446755,,,,,,,,,,,,,,,,,,False,False
BHE,bull_flag,88.5199966430664,80.52999877929688,81.16000366210938,21.20168296902265,14.0,4.0,44.87461465097372,0.8201164840795044,False,,,,,,,,,,-8.314497582545407,0.776250436650271,False,-67.3469387755102,True,24.794169932199072,1733.3333333333335,259.99999999999994,-67.3469387755102,-7.14285714285714,52.77777777777779,124.99999999999996,-58.974358974358964,1200.0000000000002,16.796758812766456,6.585435902449754,6.184607822484378,3.330877346239758,11.436225104055598,-3.8768661034602525,3.305342859582705,5.548895718976921,3.330877346239758,True,False
VIRT,bull_flag,63.71500015258789,57.54499816894531,57.810001373291016,20.99287972128414,5.0,3.0,48.900118916458126,0.6259921344297462,False,,,,,,,,,,-9.267831382178901,0.4584037330055109,False,-1.2121212121212088,True,26.459596318796297,-1.2121212121212088,84.25925925925925,49.514563106796096,34.375,-18.090452261306535,29.220779220779214,79.06976744186048,-47.878787878787875,15.29272137884612,20.6571669995391,14.033826206416311,9.753552657192909,3.59326803398452,4.257338665516164,6.886435711701222,-0.12860255433723156,9.753552657192909,True,False
IBEX,bull_flag,44.790000915527344,42.935001373291016,44.400001525878906,20.677498476705637,13.0,9.0,20.90429856041373,0.3982087254661862,False,,,,,,,,,,-0.8707286931830279,3.2995497798215236,False,-6.34920634920636,True,26.793763198391204,-6.34920634920636,21.91780821917808,45.61403508771931,90.69767441860463,-33.70786516853934,7.2289156626506035,1.2195121951219523,30.15873015873016,11.642811510282858,16.819434970441115,16.732062381825674,16.545248502509313,-0.08393803183562865,0.11326200668611008,8.626859550598965,2.746401337519888,11.642811510282858,True,False
MTD,bull_flag,1585.719970703125,1473.81005859375,1529.4599609375,20.66876437191667,12.0,8.0,26.994837793824445,0.7424211388775093,False,,,,,,,,,,-3.547915824045447,3.6385328001420025,False,6.124497991967859,True,26.793535946481484,18.340163934426236,6.658130601792589,16.79261125104954,6.124497991967859,38.65546218487397,-40.11502516175411,31.59886471144746,8.29918032786885,4.484546200701578,7.172099612557492,8.09547547809979,7.874410053062486,8.466340839190512,-16.16379062346479,9.715072074460585,4.72711628413145,4.484546200701578,True,False
AGCC,bull_flag,15.5,14.050000190734863,14.78499984741211,20.414676454579595,10.0,5.0,41.01562572759565,0.24718112754898042,False,,,,,,,,,,-4.612904210244455,4.971252379186846,False,,False,,,,,,,,,,,,,,,,,,,False,False
KRNT,bull_flag,18.770000457763672,17.43000030517578,18.155000686645508,20.1713872811657,7.0,3.0,26.14377047984786,0.6942215903320809,False,,,,,,,,,,-3.276503761958019,3.993392200767163,False,,False,25.460306651145835,,,,,,,,,,,,,,,,,,False,False
WNC,bull_flag,14.465097951807001,13.170000076293945,13.40999984741211,19.89752584873028,6.0,4.0,34.021456396777836,0.6144421546258424,False,,,,,,,,,,-7.294095815390504,1.7897074858243174,False,-1130.000000000004,False,19.459539320497687,-120.70895522388061,-1130.000000000004,,-135.9375,,-206.1855670103093,,-104.2910447761194,-20.389351256268217,-22.878550144668843,-17.766787345918456,-16.671328163309784,-5.6692580252789675,-15.760688688268976,-16.83049414144232,20.458925148993146,-22.878550144668843,True,False
JRSH,bull_flag,6.190000057220459,5.78000020980835,6.019999980926514,19.88304012031541,14.0,4.0,36.2744992625386,0.8409685863874345,False,,,,,,,,,,-2.746366312156089,3.9867071740625932,False,-20.000000000000007,False,32.460355420474535,333.33333333333337,,,-20.000000000000007,18.181818181818166,22.222222222222232,125.0,33.33333333333335,,,,,82.23733648240479,-33.34507342225964,29.03641743541194,,,False,False
PBF,bull_flag,89.4800033569336,80.75,89.33999633789062,19.545457156236456,15.0,3.0,24.78199951096476,0.5504503274020316,False,,,,,,,,,,-0.15646738242116967,9.614950402955703,False,,False,19.460044578622686,,,,,356.969696969697,122.97297297297298,-48.96551724137931,,56.225168220673424,11.857522925393415,-2.8811230666684784,-8.723142812831796,47.746163480637115,10.71223475033265,-6.686620224542872,2.3517450804650064,-8.723142812831796,True,False
A,bull_flag,176.78643688258376,163.32000732421875,168.1699981689453,19.352860182360377,10.0,8.0,40.994381170304436,0.8227842308593963,False,,,,,,,,,,-4.873925209184019,2.8839810296330097,False,-3.603603603603611,True,46.79431916064815,8.47457627118644,59.999999999999986,-3.603603603603611,24.39024390243909,6.666666666666665,12.149532710280365,-30.065359477124186,29.661016949152575,8.055235903337167,10.011990407673865,6.960142772159439,9.406231628453842,2.3433242506812,2.057842046718572,-3.3852767329392797,7.077100115074808,6.960142772159439,True,False
CRCT,bull_flag,6.619999885559082,6.289999961853027,6.400000095367432,19.3223410433651,15.0,5.0,21.327008648607116,0.7953201948104951,False,,,,,,,,,,-3.323259728018419,1.7187520605511657,False,-50.00000000000004,True,24.79409847929398,72.72727272727273,-9.090909090909083,-50.00000000000004,100.0,89.99999999999999,233.33333333333366,-70.00000000000003,-9.090909090909083,-9.195756251743049,-1.9448577788162336,-2.7289796425380652,1.5170647447733554,-1.997855409447491,-21.67320736553092,19.455869324149088,-0.9732034953983448,-9.195756251743049,True,False
ESI,bull_flag,38.380001068115234,35.939998626708984,36.709999084472656,19.314247287893128,13.0,4.0,32.41045401114836,0.6832824639738239,False,,,,,,,,,,-4.351229643476893,2.0975224106975294,False,-86.36363636363636,True,11.793986671469908,-42.50000000000001,-86.36363636363636,-5.882352941176472,-48.71794871794871,666.666666666666,-81.24999999999997,-20.000000000000007,-50.0,41.4855987872663,8.330663248958658,1.7209302325581488,2.0401501550514123,24.22360248447204,3.063557384545046,4.942418426103656,5.305709954522486,1.7209302325581488,True,False
IDT,bull_flag,81.31999969482422,78.23999786376953,80.6500015258789,18.812693281172876,6.0,3.0,14.511307692215123,0.5750644536805116,False,,,,,,,,,,-0.8239033097142964,2.9882251909642616,False,1.1627906976744207,True,54.79375868224537,28.358208955223873,1.1627906976744207,4.999999999999982,30.88235294117647,-1.1494252873563315,3.571428571428581,-5.61797752808989,32.835820895522396,,,,,4.545921155024257,,,,,False,False
AEIS,bull_flag,307.8800048828125,280.5299987792969,284.239990234375,18.64548822886489,14.0,3.0,35.873307636383586,0.8359180571050276,False,,,,,,,,,,-7.678320863167302,1.305232051274343,False,1.538461538461533,False,24.794322332245372,91.04477611940298,143.0769230769231,1.538461538461533,,-18.9873417721519,19.696969696969724,9.999999999999986,79.10447761194028,30.0339750849377,26.29757785467128,17.802244356612952,23.8107963655799,12.348336594911945,4.413567633837356,5.633498812864235,4.937712344280865,17.802244356612952,True,False
AIP,bull_flag,25.149999618530273,22.5,22.84000015258789,18.520336672735425,7.0,10.0,44.70900071601249,0.8341974627688914,False,,,,,,,,,,-9.184888671888478,1.4886171204747862,False,,False,24.794322622581017,,,,,,,,,46.248939522482125,38.736994918945065,30.008393053134476,18.317134506898668,5.223229856993372,13.89978646273029,15.676700367647056,5.490243606835543,18.317134506898668,True,False
STAK,bull_flag,1.2599999904632568,1.031000018119812,1.1100000143051147,18.08510820430671,6.0,5.0,46.47058142922808,0.08358926500947371,False,,,,,,,,,,-11.904760102656228,7.1171166817289215,False,,False,,,,,,,,,,,,,,,,,,,False,False
TLYS,bull_flag,4.690000057220459,4.309999942779541,4.440000057220459,17.811705745371988,7.0,6.0,45.71430712329953,0.44842520149632414,False,,,,,,,,,,-5.330490340082494,2.927930467692404,False,-94.11764705882352,True,53.79302949133102,19.999999999999996,-37.5,-94.11764705882352,-33.333333333333336,259.99999999999994,150.0,-90.9090909090909,46.66666666666668,51.943574541636075,-13.053359546018594,-14.2938716867137,30.555171937577686,31.102166487596005,-10.652138093088903,-7.7147352832284355,40.55812138164314,-14.2938716867137,True,False
ASTC,bull_flag,7.380000114440918,6.570000171661377,6.840000152587891,17.470876437771075,12.0,4.0,46.666657584051656,0.7328498835485919,False,,,,,,,,,,-7.317072540369951,3.94736805414193,False,327.27272727272714,False,,327.27272727272714,,,,,,-316.6666666666667,-45.45454545454546,,,,,-2.985074626865669,13.559322033898313,-42.43902439024391,,,False,False
SWBI,bull_flag,14.800000190734863,13.850000381469727,14.3100004196167,17.386890631379792,15.0,9.0,19.411622609476982,0.5615817754874038,False,,,,,,,,,,-3.3108092216438965,3.2145354623217686,False,-60.00000000000001,False,54.79304955633102,,94.73684210526318,59.999999999999986,-60.00000000000001,-83.78378378378379,362.5,100.0,,32.335413801615,26.7300355917393,17.106614315916644,-3.862614609921422,-36.88680355851538,31.449645933578463,8.854576080853448,46.53784219001611,-3.862614609921422,True,False
AMRX,bull_flag,20.780000686645508,18.735000610351562,19.649999618530273,17.11711980039854,5.0,12.0,26.84208025452727,0.8138892707263627,False,,,,,,,,,,-5.437926038382866,4.656483592579065,False,157.1428571428571,False,24.460929238715277,157.1428571428571,375.0,,,-5.263157894736848,90.00000000000001,899.9999999999998,-85.71428571428572,9.894852782854024,3.8967818009260524,11.471449026581148,11.679535580268418,10.197378892458197,-11.27322339279816,3.7992996929305134,8.282172177532887,3.8967818009260524,True,False
CVI,bull_flag,59.720001220703125,55.650001525878906,59.540000915527344,17.088211754209247,15.0,3.0,15.523435376897709,0.6567134976493927,False,,,,,,,,,,-0.3014070688152976,6.533421783394649,False,-489.2857142857145,False,18.794097700625,,,-489.2857142857145,,,,-129.30107526881721,,,,,,,,,,,False,False
FFIV,bull_flag,472.25,428.92999267578125,461.6600036621094,17.034545441443562,11.0,11.0,40.77143219735775,0.8444968460470834,False,,,,,,,,,,-2.2424555506385655,7.089635386799359,False,4.0322580645161255,True,17.793970836458335,11.384615384615394,4.0322580645161255,9.929078014184412,16.487455197132572,40.31007751937985,-16.774193548387096,-4.61538461538461,0.0,10.854722759716552,11.020990996043079,7.302909761262066,8.493130871036092,6.575951706295435,-1.308870286273578,1.527608043550721,3.8084498378974097,7.302909761262066,True,False
VSXY,bull_flag,91.9739990234375,82.83000183105469,86.61000061035156,16.847543367192387,15.0,8.0,42.89079061003376,0.8434381405869463,False,,,,,,,,,,-5.832081316502334,4.364390662347013,False,-8.298755186721984,False,54.45957842607638,990.0,,-8.298755186721984,,289.2857142857143,-74.6606334841629,,-330.0,10.418094585332426,15.299334811529942,7.68865685809208,9.279881217520414,3.26923076923078,-31.247245482591445,54.144021739130444,0.8910212474297463,7.68865685809208,True,False
NXDR,bull_flag,2.5199999809265137,2.3399999141693115,2.509999990463257,16.744180424526988,12.0,9.0,47.22225717557348,0.6093742780697001,False,,,,,,,,,,-0.3968250213867144,6.772911431866952,False,,False,25.79345724258102,,,,,,,,,14.53458897270059,13.830847607796803,6.5171398785797585,5.011431184270698,20.893804018226337,-11.240806574648454,0.8432755667798775,5.845482617178499,5.011431184270698,True,False
PPLI,bull_flag,42.290000915527344,40.09000015258789,40.93000030517578,16.65275968998825,5.0,6.0,31.218691131685432,0.5277889529599333,False,,,,,,,,,,-3.2158916550229253,2.052284745479635,False,159.92217898832686,False,23.793297545162037,159.92217898832686,,,,,,,-110.50583657587549,-1.4689326718511309,-12.205669253414053,-53.92394639532139,-8.131931464174457,3.273404856547635,-51.85989620507636,48.94429062399859,33.06192709708131,-53.92394639532139,True,False
KLAC,bull_flag,208.67999267578125,191.08999633789062,196.72000122070312,16.303706798631378,8.0,7.0,19.7459231898675,0.8330365852291203,False,,,,,,,,,,-5.731259284477713,2.861938210592075,False,-350.11061946902646,True,18.79366846667824,-350.11061946902646,11.76470588235292,40.90909090909089,20.827389443651946,-347.9166666666667,5.069124423963123,2.4793388429751984,-6.305309734513298,15.208012244148428,11.493492226159141,7.159755217265973,12.956174132275411,7.100218501597921,3.576790351413006,2.724557092011204,1.1010346985785624,7.159755217265973,True,False
DT,bull_flag,61.58000183105469,58.90999984741211,61.119998931884766,16.036809625317105,14.0,5.0,4.273486359078119,0.7864411774276944,False,,,,,,,,,,-0.7470004636114564,3.6158362616066,False,-89.07563025210084,True,25.46069142969907,-25.0,-50.0,-89.07563025210084,26.666666666666682,99.99999999999983,-53.84615384615381,-31.57894736842105,18.75,16.17244406084437,19.442453921579638,18.181943237598276,18.109243797966656,4.294021620564359,3.1510864778562686,4.37866635348052,3.456590461067277,16.17244406084437,True,False
SANM,bull_flag,230.55999755859375,207.44000244140625,210.47999572753906,15.839468716058235,12.0,5.0,47.84184959613236,0.8249370961454408,False,,,,,,,,,,-8.709230587995483,1.4443145894339553,False,-23.275862068965512,True,23.79317372736111,68.25396825396825,46.551724137931046,-23.275862068965512,-19.266055045871553,24.705882352941178,91.01123595505618,1.1363636363636465,-30.15873015873016,69.67478822587803,102.27364823999032,58.98004732977529,3.91012661678658,-13.685968378412516,25.81997703227239,52.15155371705291,2.6856887030616727,3.91012661678658,True,False
RUSHB,bull_flag,57.279998779296875,53.13999938964844,56.130001068115234,15.830117985077031,5.0,15.0,49.55070804494584,0.821889519876097,False,,,,,,,,,,-2.007677611189637,5.326922539763275,False,-14.432989690721653,False,17.79320338679398,1.1111111111111072,5.47945205479452,,-14.432989690721653,18.181818181818187,-4.938271604938271,-2.409638554216853,-7.777777777777784,-1.7822868409209325,-9.580325086605136,-12.52115958429525,-1.0815139313471334,13.375396065601786,-5.1882081143810765,-6.066817681616554,-2.7276046850672864,-12.52115958429525,True,False
KRT,bull_flag,55.36000061035156,51.76499938964844,53.79999923706055,15.800725502070678,10.0,10.0,32.40866922287539,0.844364539189247,False,,,,,,,,,,-2.8179215247322755,3.782527651060418,False,-20.000000000000007,True,26.793645820891204,170.37037037037032,6.25,21.42857142857144,-20.000000000000007,329.4117647058823,-1.1102230246251565e-14,-5.555555555555525,-33.333333333333336,9.93337957511331,12.857060140507981,13.741404244016175,10.41491163508348,16.55023215644693,1.1503498620445196,-7.14687269105978,0.42746761731162763,9.93337957511331,True,False
SCHL,bull_flag,38.86000061035156,36.02000045776367,38.380001068115234,15.641426930325352,6.0,3.0,27.470336213454118,0.7260158988791784,False,,,,,,,,,,-1.235202096493188,6.149037375384986,False,-19.642857142857117,False,68.79313416925926,,-19.642857142857117,,26.900584795321624,-937.7777777777775,-82.35294117647058,17.51152073732718,,-3.900709219858156,-6.334841628959276,-1.878354203935595,1.1935365405802534,-54.46334803612687,44.6672743846855,-40.28307022318999,144.281914893617,-6.334841628959276,True,False
ADI,bull_flag,422.6700134277344,399.5400085449219,405.92999267578125,15.547616916216466,14.0,4.0,31.373568180384805,0.7919612525951417,False,,,,,,,,,,-3.9605413727357397,1.5741591521085494,False,68.42105263157896,True,45.460986255787034,163.46153846153845,110.52631578947367,116.66666666666666,68.42105263157896,14.166666666666682,42.01183431952662,5.625000000000013,53.84615384615381,39.63239858517096,37.24892692157928,30.418327367328967,25.904989552657277,10.995938970019026,14.657071262739851,2.735461622558577,6.7967134526800255,25.904989552657277,True,True
HAFN,bull_flag,10.895000457763672,10.069999694824219,10.850000381469727,15.246632791984172,7.0,3.0,15.441183173534409,0.7501796621476409,False,,,,,,,,,,-0.41303418451789686,7.188946167943359,False,,False,39.79382689563657,,,,,,,,,,,,,,,,,,False,False
RLGT,bull_flag,9.550000190734863,9.149999618530273,9.430000305175781,15.129145447999948,15.0,4.0,17.073180187137332,0.3123780789138294,False,,,,,,,,,,-1.2565432791876012,2.969254269184124,False,-57.14285714285715,True,30.79320204364583,50.000000000000064,100.0,-15.384615384615385,-57.14285714285715,50.00000000000002,-9.090909090909083,266.6666666666667,-70.0,18.522078157584552,0.05981112767339258,-12.252782145881213,11.34281433448776,22.089336166437068,-7.752121655968636,2.4155655070481563,2.754102819838611,-12.252782145881213,True,False
PPIH,bull_flag,32.58000183105469,30.5,31.170000076293945,15.083393252066092,15.0,9.0,29.80768789906457,0.6274509803921569,False,,,,,,,,,,-4.327813614229921,2.1495029664870215,False,-63.934426229508205,True,61.45997424807871,209.99999999999997,-63.934426229508205,165.21739130434767,148.38709677419354,40.90909090909092,-63.93442622950819,-20.779220779220797,670.0,,,,,11.893800408459976,7.586027111574567,14.258967703501968,,,False,False
TJGC,high_tight_flag,36.7599983215332,23.729999542236328,33.0,681.9178128721207,34.0,8.0,19.325035013237546,0.050305114052467785,False,,,,,,,,,,-10.228505150204748,28.090910478071734,False,,False,,,,,,,,,,,,,,,,,,,False,False
PSIG,high_tight_flag,4.880000114440918,4.460000038146973,4.840000152587891,324.07405015863117,29.0,8.0,3.428568275607255,0.80066792129235,False,,,,,,,,,,-0.8196713302251629,7.8512417863816895,False,,False,,,,,,,,,,,,,,,,,,,False,False
RFAI,high_tight_flag,50.79999923706055,31.0,37.7599983215332,303.7674755173119,24.0,13.0,23.06874096362273,0.049104772313672516,False,,,,,,,,,,-25.66929352631597,17.902538723573546,False,,False,,,,,,,,,,,,,,,,,,,False,False
MRNA,high_tight_flag,212.22000122070312,182.5,197.0,269.2536253788846,35.0,9.0,11.294996828187955,0.7373855573044191,False,,,,,,,,,,-7.171803380056874,7.3604060913705585,False,-1800.0,False,26.460238894918984,,,,-1800.0,,,,,2.1126760563380254,260.18518518518516,-29.81366459627329,-45.43501611170784,-62.724935732647815,-42.62536873156342,-33.26771653543307,615.4929577464789,-45.43501611170784,True,False
SWVL,high_tight_flag,4.570000171661377,3.559999942779541,3.819999933242798,217.03704697932054,33.0,13.0,24.573386393533923,0.046987753815299425,False,,,,,,,,,,-16.41138315638015,6.80628259180473,False,,False,,,,,,,,,,,,,,,,,,,False,False
IGR,high_tight_flag,12.73169280374991,10.84000015258789,11.300000190734863,188.0495053099031,20.0,22.0,22.9608942867527,0.8476612594864547,False,,,,,,,,,,-11.245108055021287,4.0707967290490625,False,,False,,,,,,,,,,,,,,,,,,,False,False
RCEL,high_tight_flag,13.5,11.34000015258789,13.329999923706055,169.09090672642736,39.0,9.0,6.720430055840579,0.6280640725069654,False,,,,,,,,,,-1.259259824399595,14.928730551446973,False,,False,26.793243149421297,,,,,,,,,17.90299572039944,4.0327421555252485,-4.288381287063469,-12.875116015262456,12.72031053294167,9.368366703000408,3.1603243179262552,-7.2917809722374605,-12.875116015262456,True,False
OABI,high_tight_flag,5.090000152587891,4.215000152587891,4.659999847412109,152.30769005047503,38.0,12.0,23.73737093989018,0.7566815997416179,False,,,,,,,,,,-8.447942873973348,9.549349987025117,False,,False,25.79344393320602,,,,,,,,,244.23915832691816,247.30380356283098,-22.473158089596446,-46.332694151486095,-7.014625355236714,72.24212034383955,274.09557838320677,-42.54554785732615,-46.332694151486095,True,False
REPL,high_tight_flag,13.829999923706055,12.069999694824219,13.039999961853027,151.77571041384743,39.0,12.0,17.241385587714984,0.47123920927923985,False,,,,,,,,,,-5.712219567686948,7.438652376276298,False,,False,26.459883494351853,,,,,,,,,,,,,,,,,,False,False
TEAM,high_tight_flag,203.88999938964844,168.0500030517578,203.57000732421875,142.8945589139169,30.0,24.0,23.2515425493824,0.5790304399668914,False,,,,,,,,,,-0.15694348245995118,17.44854496953939,False,,False,26.793023216400464,,,,,,,,,27.603326918742745,31.712974565052665,23.308249051857686,20.607502561499125,-1.1473045729337494,12.64919010410921,10.733424871540521,3.4824436700704453,20.607502561499125,True,False
ABCL,high_tight_flag,15.015000343322754,11.779999732971191,12.020000457763672,142.47618175688243,37.0,15.0,12.700532986678647,0.7655874825193277,False,,,,,,,,,,-19.9467187284546,1.9966781668254008,False,,False,30.794321512546297,,,,,,,,,-76.29360805431983,96.3400236127509,788.373935432759,37.6210235131397,-51.2928442573662,-81.46207696080617,400.88218872138464,-47.58253336455163,-76.29360805431983,True,False
AXTI,high_tight_flag,88.36000061035156,69.5999984741211,71.66000366210938,116.20231989717963,37.0,13.0,24.0456286107984,0.6436639251465754,False,,,,,,,,,,-18.899951146317385,2.874693110122628,False,,False,19.794202035555557,,,,,,,,,164.76577278290864,39.098987394089676,-8.221469826727745,18.227955170226263,76.75308275144852,16.852567162883545,-17.578250760150237,55.53021030377212,-8.221469826727745,True,False
HTFL,high_tight_flag,54.31999969482422,46.5,47.630001068115234,110.40629450331716,39.0,14.0,15.959444738779535,0.8365029489747086,False,,,,,,,,,,-12.315903284783024,2.372456524826086,False,,False,32.79380253722223,,,,,,-106.98689956331877,,,47.57277081798084,41.34390538906061,49.17410578733224,49.01783989180137,21.859014585353798,7.038612632050323,6.165182816146597,6.567796610169485,41.34390538906061,True,False
OMER,high_tight_flag,21.239999771118164,16.5,19.1200008392334,104.55531522917508,34.0,25.0,24.481333260389782,0.6656057352443416,False,,,,,,,,,,-9.981162687051949,13.702932658126626,False,,False,33.79343068150463,,,,,-75.80645161290323,-56.64335664335665,,,-4.916011198506864,-65.6767165111196,-100.0,-100.0,188.37561912463357,,,-100.0,-100.0,True,False
RNG,high_tight_flag,81.9000015258789,67.97000122070312,78.3499984741211,103.17463861885243,31.0,24.0,21.63677583325996,0.6982795486222102,False,,,,,,,,,,-4.3345579799972,13.248241806726352,False,221.4285714285714,False,12.793213287314815,221.4285714285714,,,,28.57142857142858,34.61538461538463,36.842105263157876,35.7142857142857,5.901534176448031,5.251643640451209,4.803974535891897,4.909940617479647,1.9888264340677253,0.025775076742950986,0.8420821883489582,2.9427883390984455,4.803974535891897,True,False
FGI,high_tight_flag,8.300000190734863,7.349999904632568,7.820000171661377,103.14009948389864,39.0,11.0,24.82435474272625,0.004692653665673572,False,,,,,,,,,,-5.783132627024533,6.010233461784643,False,-1241.6666666666672,False,33.79394630351852,,,-1241.6666666666672,,,,,,2.8623929214091293,-8.162842549749572,-14.399566381545249,-0.6934174320141762,4.537789338608711,0.10659036437152825,-15.007109988794342,15.647978305879096,-14.399566381545249,True,False
AAPL,rainbow_convergence,340.4200134277344,327.75524081022974,340.4200134277344,,,,,,True,2.5487807244516016,2.0,True,,,,,,,0.0,3.720337265127675,True,18.333333333333336,True,23.79432008521991,28.6624203821656,21.818181818181802,18.333333333333336,89.69072164948457,0.4975124378109541,-29.225352112676063,54.347826086956516,17.19745222929936,16.356501765281383,16.59518241592299,15.652453740949323,7.938480985989682,-1.5892574471146892,-22.65783689028632,40.29629340464154,8.964651835467263,7.938480985989682,True,False
ABBV,rainbow_convergence,272.4200134277344,260.5141437327754,272.4200134277344,,,,,,True,3.0105355882683185,4.0,True,,,,,,,0.0,4.370409334157565,True,-88.63636363636364,False,20.460987500682872,290.38461538461536,-45.83333333333333,,-88.63636363636364,420.51282051282044,-61.764705882352935,919.9999999999998,-80.76923076923077,7.313606409096773,17.741243745532522,19.210829493087566,21.352095442031207,0.8377853326857698,-0.5073689296931638,4.335770103352665,2.51970538829307,7.313606409096773,True,False
ACA,rainbow_convergence,146.5,145.4130041060513,146.5,,,,,,False,0.7284830363383235,0.0,False,,,,,,,0.0,0.7419767194189151,False,60.41666666666667,False,19.794322466388888,446.7213114754099,60.41666666666667,,335.2941176470588,766.2337662337663,-27.358490566037762,-28.378378378378343,21.311475409836067,1.7297297297297343,4.401022644265895,33.668567997598316,24.578388507183014,15.217771558509718,-35.80011229646266,11.619453497117082,23.212355212355206,1.7297297297297343,True,False
ACCO,rainbow_convergence,4.460000038146973,4.258725978993924,4.460000038146973,,,,,,True,2.881060567767948,5.0,True,,,,,,,0.0,4.512871242859298,True,-55.55555555555556,False,19.79432247173611,-51.61290322580645,,9.523809523809557,-55.55555555555556,-25.00000000000001,-13.043478260869568,475.0,-87.09677419354838,5.141843971631199,8.286074354127294,-4.3070743137692435,-8.83820384889522,20.77393075356415,-19.84608208955224,11.753974459212934,-2.8115501519756836,-8.83820384889522,True,False
ADX,rainbow_convergence,26.170000076293945,25.825324089027205,26.170000076293945,,,,,,True,0.6912467224280734,4.0,True,,,,,,,0.0,1.3170652894990407,True,,False,,,,,,,,,,,,,,,,,,,False,False
AEO,rainbow_convergence,17.969999313354492,16.861820496569237,17.969999313354492,,,,,,True,5.358914494158846,8.0,True,,,,,,,0.0,6.166827262824137,True,-12.962962962962942,False,52.794322803125006,75.55555555555556,,-12.962962962962942,29.268292682926834,464.2857142857142,-70.2127659574468,-11.32075471698114,17.777777777777782,7.533059380294849,9.699531662565764,12.876963143597319,5.70997925674932,15.485009851207042,-34.008130247380144,32.91697885302791,6.156231133269707,5.70997925674932,True,False
AMG,rainbow_convergence,387.260009765625,366.67629241454847,387.260009765625,,,,,,True,4.013895027182514,12.0,True,,,,,,,0.0,5.315218930953928,True,74.54545454545452,True,23.460947891689816,148.21428571428572,74.54545454545452,119.59595959595947,81.74603174603176,80.98958333333334,-64.67341306347745,58.22416302765643,145.35714285714286,29.90673154906731,9.72613773660893,6.160595079153164,2.2463206816421444,17.581207561020374,-2.1020481494789744,5.41666666666667,7.055961070559613,2.2463206816421444,True,False
APA,rainbow_convergence,45.470001220703125,42.63509593213884,45.470001220703125,,,,,,True,3.560678140560779,3.0,True,,,,,,,0.0,6.234671679035527,True,-18.55670103092778,False,25.79424107775463,26.347305389221564,31.25,-18.55670103092778,,67.46031746031744,59.49367088607585,38.59649122807027,-65.8682634730539,,,,,,,,,,False,False
ATKR,rainbow_convergence,94.83999633789062,92.49218186803598,94.83999633789062,,,,,,False,2.4170709681189075,0.0,False,,,,,,,0.0,2.4755531004977884,False,-174.51923076923077,False,40.460906931678245,-98.4,,-66.41221374045801,-174.51923076923077,,-929.5454545454545,,-224.00000000000003,8.129434252324685,4.225586946453386,-0.9143028157624689,-4.603087415022511,8.67172470558959,11.567268910895923,-12.827338961797096,2.3081580039317373,-4.603087415022511,True,False
AUDC,rainbow_convergence,11.319999694824219,10.272221277607342,11.319999694824219,,,,,,True,6.6124704126097615,14.0,True,,,,,,,0.0,9.255993334486988,True,,False,31.460906910891204,,,,,,,,,,,,,,,,,,False,False
AVBC,rainbow_convergence,22.020000457763672,21.795924001251862,22.020000457763672,,,,,,True,0.8452317275062144,4.0,True,,,,,,,0.0,1.017604231850987,True,,False,32.79423348390046,,,,,21.875,,,,,,,,,,,,,False,False
BGR,rainbow_convergence,17.709999084472656,17.056598530400308,17.709999084472656,,,,,,True,2.09132006677107,2.0,True,,,,,,,0.0,3.6894443131011854,True,,False,,,,,,,,,,,,,,,,,,,False,False
BOW,rainbow_convergence,34.099998474121094,33.38025309998724,34.099998474121094,,,,,,True,1.6554297679721588,2.0,True,,,,,,,0.0,2.1106903411742794,True,2.220446049250313e-14,True,24.460850724814815,33.33333333333333,41.17647058823528,2.220446049250313e-14,25.0,0.0,9.090909090909038,-2.222222222222192,25.0,22.957610139348517,26.873431337396923,27.109084966772535,23.270612618939545,5.24297660796178,2.647714236738352,5.3817080287913655,8.005973150837065,22.957610139348517,True,False
BP,rainbow_convergence,46.36000061035156,44.092355039117024,46.36000061035156,,,,,,True,2.36138867494008,5.0,True,,,,,,,0.0,4.89138382523706,True,,False,20.46082726068287,,,,,,,,,,,,,,,,,,False,False
BST,rainbow_convergence,50.540000915527344,48.529548796680025,50.540000915527344,,,,,,True,3.934200775546156,9.0,True,,,,,,,0.0,3.9779423870759167,True,,False,,,,,,,,,,,,,,,,,,,False,False
BZH,rainbow_convergence,33.40999984741211,33.00840497280642,33.40999984741211,,,,,,False,1.1779013848639248,0.0,False,,,,,,,0.0,1.2020199833577643,False,-1230.0,False,33.460836030162035,,-107.14285714285714,-1230.0,-40.23668639053256,,,-211.8811881188119,,-5.328705257193778,-27.504382326356403,-22.48882084132099,-1.7690102548262976,25.97561035120508,12.752722900979663,-54.098644266418816,45.204238613630835,-27.504382326356403,True,False
CLDT,rainbow_convergence,13.649999618530273,13.168251116336135,13.649999618530273,,,,,,True,3.1206138166903408,13.0,True,,,,,,,0.0,3.5292931549987054,True,-40.0,False,25.460835983622683,85.7142857142857,,,-40.0,,-360.0,66.66666666666667,-57.14285714285715,3.91820470959352,0.5026458076342166,2.37108764619538,1.2260774395835172,-13.841953726326894,0.8071323673955577,26.351854828105136,-5.305902210907886,0.5026458076342166,True,False
CLH,rainbow_convergence,317.3399963378906,314.59467851773934,317.3399963378906,,,,,,True,0.7436987407573658,4.0,True,,,,,,,0.0,0.8651029973631763,True,-4.0650406504065035,True,18.460825052812503,9.174311926605494,4.516129032258087,4.245283018867907,-4.0650406504065035,-26.543209876543216,-26.696832579185514,-6.355932203389825,116.51376146788989,1.9265337476867206,4.792064374935356,1.302125901157436,-0.18451503459415708,-2.6778093693655247,-3.2040156531471187,-0.03335798081626207,8.233807046335407,-0.18451503459415708,True,False
CLOV,rainbow_convergence,4.579999923706055,4.457815993968063,4.579999923706055,,,,,,True,1.8518805585490339,3.0,True,,,,,,,0.0,2.6677714360991303,True,,False,25.794136104247684,,,,,0.0,,,,55.597964909342146,62.04602330365041,44.73606894525513,50.051663816596474,-0.8038025117827363,53.61456776302165,-1.8006644518272386,3.9843390142791257,44.73606894525513,True,False
CON,rainbow_convergence,36.61000061035156,34.647234253553805,36.61000061035156,,,,,,True,4.265064288980322,5.0,True,,,,,,,0.0,5.361284687448984,True,2.7027027027026973,True,26.794128202592596,45.71428571428573,30.000000000000004,124.99999999999983,2.7027027027026973,30.76923076923077,44.44444444444444,-28.947368421052634,8.571428571428585,10.030229581415618,13.739935137553116,15.920961807668576,16.98438438193115,6.404122516701638,5.653149810788749,-5.886871508379887,3.997022431620323,10.030229581415618,True,False
CTVA,rainbow_convergence,13.75,12.4757621053182,13.75,,,,,,True,7.063529768923228,3.0,True,,,,,,,0.0,9.26718468859491,True,-9.895833333333325,False,32.794070344247686,-9.895833333333325,12.631578947368439,,,61.68224299065419,,,-124.47916666666667,-1.2486511484507523,11.013710946280053,-1.5683345780433178,12.208562950402712,29.702368900587174,24.911482043500243,49.37665281450698,-59.195313704331745,-1.5683345780433178,True,False
CVX,rainbow_convergence,211.5500030517578,204.25106738006411,211.5500030517578,,,,,,True,1.7460544115074794,1.0,True,,,,,,,0.0,3.4502177104237344,True,-44.49999999999999,True,20.460736967719907,321.3793103448277,-44.49999999999999,-26.086956521739157,-26.61290322580645,450.4504504504505,-18.38235294117643,-25.274725274725306,25.517241379310352,51.43436619718309,3.1561137502440273,-5.269582488517399,-1.5472345991906167,41.3049878038523,3.863542053421276,-4.945089165230754,8.549859154929585,-5.269582488517399,True,False
DAC,rainbow_convergence,170.22000122070312,154.61512504948035,170.22000122070312,,,,,,True,6.569273954993698,6.0,True,,,,,,,0.0,9.167475067157275,True,,False,37.79407489511574,,,,,,,,,,,,,,,,,,False,False
DDI,rainbow_convergence,13.569999694824219,12.836988278761266,13.569999694824219,,,,,,True,4.326472451520267,14.0,True,,,,,,,0.0,5.40170547197973,True,,False,30.794072337233793,,,,,,,,,,,,,,,,,,False,False
DGII,rainbow_convergence,74.93000030517578,73.75552210008965,74.93000030517578,,,,,,True,1.555406171834454,12.0,True,,,,,,,0.0,1.5674338720174874,True,-18.74999999999999,True,32.79406571752315,48.14814814814814,3.5714285714285587,14.814814814814813,-18.74999999999999,37.93103448275863,-6.451612903225811,19.23076923076923,-3.703703703703709,28.978551630485327,25.109327004966374,17.90383763695531,8.839431900392182,6.063039703846473,6.762097630285302,7.105249348423093,6.347080380229553,8.839431900392182,True,False
DK,rainbow_convergence,76.5999984741211,71.18176780251008,76.5999984741211,,,,,,True,5.314035270078072,5.0,True,,,,,,,0.0,7.073408328384673,True,,False,27.460736964537038,,,,,,-371.54471544715454,-58.02047781569968,,47.83332127613398,0.423937317839429,2.3465475839406835,-5.107809623981064,54.046210093852466,9.20803490573805,-15.850363699341873,4.42740360269116,-5.107809623981064,True,False
DRH,rainbow_convergence,12.600000381469727,12.310222534420065,12.600000381469727,,,,,,True,1.2426841725132833,10.0,True,,,,,,,0.0,2.2998241133057835,True,-9.090909090909083,False,24.79406399460648,144.44444444444446,75.00000000000003,,-9.090909090909083,528.5714285714286,-41.666666666666664,19.999999999999996,-44.44444444444444,4.110297003794328,1.2983955456675078,-1.6187005242769281,0.08943320391823217,23.289252484873835,-5.9635600690624795,-3.801894990609145,-6.651838283396572,-1.6187005242769281,True,False
DSGR,rainbow_convergence,35.06999969482422,34.50614641152217,35.06999969482422,,,,,,False,1.5183867887384777,0.0,False,,,,,,,0.0,1.6077938072673204,False,-85.71428571428572,False,19.46072690415509,63.636363636363626,-85.71428571428572,,-69.56521739130434,1700.0,,-200.0,27.272727272727295,14.887066616036115,18.562872773844564,6.6323543149035435,16.284287165594314,-0.5065946805477228,2.6588664135430484,6.480242801499769,5.6358541263104245,6.6323543149035435,True,False
DV,rainbow_convergence,13.5,13.163991177180737,13.5,,,,,,False,2.3709243107080806,0.0,False,,,,,,,0.0,2.488954243105652,False,-40.0,True,26.79402561033565,59.999999999999986,300.0,28.57142857142856,-40.0,100.0,-77.77777777777779,200.0,19.999999999999996,2.522471048190411,9.550408636807006,7.851705740710635,11.2440727547241,7.169362643439792,-12.044963713835433,8.995286845049066,-0.21161669867368893,2.522471048190411,True,False
DVN,rainbow_convergence,48.91999816894531,47.35536393671839,48.91999816894531,,,,,,True,1.5568518110939418,2.0,True,,,,,,,0.0,3.198353006521902,True,-75.32467532467533,True,26.79399633577546,43.97163120567376,-75.32467532467533,-8.163265306122414,-16.153846153846153,968.4210526315787,-78.88888888888889,-17.431192660550476,-22.695035460992898,72.99901185770752,-0.9230769230769265,-12.25763316246936,11.956808006320774,55.34605146406388,14.503429006858015,-7.38649729475418,5.014822134387353,-12.25763316246936,True,False
E,rainbow_convergence,55.619998931884766,54.16689709070213,55.619998931884766,,,,,,True,1.1350735024017813,1.0,True,,,,,,,0.0,2.612552803106277,True,,False,13.793994516377314,,,,,,,,,,,,,,,,,,False,False
EBF,rainbow_convergence,22.75,21.934470961173048,22.75,,,,,,True,2.8901159134903454,13.0,True,,,,,,,0.0,3.584743027810778,True,-27.450980392156865,True,72.46066274512732,-27.450980392156865,2.6315789473684292,2.9411764705881804,7.692307692307687,-5.128205128205132,11.428571428571477,-16.666666666666696,-17.647058823529417,3.3746807734403417,1.4588927641799643,3.9503349478430705,0.3969089214300725,3.438624955635561,2.3369965650716473,-3.7976579112881437,1.5110057156755508,0.3969089214300725,True,False
ECPG,rainbow_convergence,100.05999755859375,97.15286912094577,100.05999755859375,,,,,,True,1.5022554999544842,2.0,True,,,,,,,0.0,2.905385277413793,True,12.851405622489942,False,25.793995884756942,12.851405622489942,100.0,,151.58730158730157,-27.2020725388601,16.265060240963834,4.731861198738185,27.30923694779115,-18.260089686098656,-8.466758327050162,4.097442143727159,-2.6216406112770096,-11.677488128694646,-3.407282598521011,-3.6482525366403618,-0.5605381165919243,-18.260089686098656,True,False
EGBN,rainbow_convergence,28.299999237060547,28.015292761649857,28.299999237060547,,,,,,True,0.7032819780646152,6.0,True,,,,,,,0.0,1.0060299755692221,True,-408.33333333333337,False,11.793995023912037,,700.0,-117.64705882352939,-408.33333333333337,-52.08333333333333,,,,,,,,,,,,,False,False
EXEL,rainbow_convergence,59.02000045776367,57.00873402767348,59.02000045776367,,,,,,True,2.725727574837477,11.0,True,,,,,,,0.0,3.4077709496622344,True,26.15384615384615,True,17.79399416,26.15384615384615,43.636363636363626,89.36170212765953,72.49999999999999,3.797468354430378,-11.235955056179737,28.985507246376784,6.153846153846132,10.63402204268813,9.96764767835636,5.62994592019479,10.789336140652628,2.926923505104684,2.0293554136467495,0.15190169885654914,5.190220690844516,5.62994592019479,True,False
EXPD,rainbow_convergence,193.7100067138672,187.13083240978105,193.7100067138672,,,,,,True,2.453884655848321,5.0,True,,,,,,,0.0,3.396403942004072,True,-10.714285714285698,True,24.460661751990738,51.49253731343282,16.326530612244895,-10.714285714285698,0.6134969325153339,18.71345029239766,13.99999999999999,-8.536585365853655,22.388059701492512,32.06964102892849,4.370768435118411,-3.342161061764204,-3.512513286919805,25.849185148773145,-2.555783461498329,-1.340253444942241,9.158240270599972,-3.512513286919805,True,False
FBLA,rainbow_convergence,17.25,16.234255883315996,17.25,,,,,,True,5.025135137630158,14.0,True,,,,,,,0.0,5.8883716909217645,True,-100.0,False,19.79398951787037,-100.0,-75.0,,,-100.0,,-233.33333333333331,19.999999999999996,,,,,11.523502276359032,-1.5932826964158542,9.293728516765022,,,False,False
FIGS,rainbow_convergence,14.979999542236328,13.525234487442752,14.979999542236328,,,,,,True,4.863327223668038,7.0,True,,,,,,,0.0,9.711382504998378,True,275.0,False,26.793928973599535,275.0,,900.0,,400.0,-70.0,100.0,25.0,28.812237945492658,28.02299421141543,32.974162061766044,8.167806631528652,22.96218934097134,-20.79981772793914,33.12321559267048,-0.6413784067085926,8.167806631528652,True,False
FMAO,rainbow_convergence,35.310001373291016,34.574421725719205,35.310001373291016,,,,,,True,1.7173262142112424,1.0,True,,,,,,,0.0,2.0832048115642774,True,18.032786885245965,True,16.793912473009257,53.571428571428555,37.254901960784295,18.032786885245965,33.33333333333335,22.857142857142865,-2.7777777777778123,12.500000000000021,14.28571428571428,,,,,,,,,,False,False
FNKO,rainbow_convergence,6.5,5.79103142905612,6.5,,,,,,True,5.990686943894989,3.0,True,,,,,,,0.0,10.907208783752004,False,-75.0,False,26.793911676284722,,,,-75.0,,,-100.0,,7.365521091234251,5.337136086484673,-7.024502177176917,-14.298157225078134,3.384448459329392,-26.42916776518147,8.844383332336946,29.687443466395138,-14.298157225078134,True,False
FRAF,rainbow_convergence,63.31999969482422,62.738704527185384,63.31999969482422,,,,,,True,0.7373445109005823,3.0,True,,,,,,,0.0,0.9180277486425039,True,11.363636363636353,True,17.460580709618057,11.363636363636353,68.18181818181819,938.4615384615394,25.263157894736832,-0.6756756756756799,9.62962962962961,13.445378151260524,-9.848484848484862,,,,,,,,,,False,False
FROG,rainbow_convergence,97.25,92.2430014438434,97.25,,,,,,True,5.09349646620403,7.0,True,,,,,,,0.0,5.148584633580054,True,,False,26.79387556667824,,,,,,,,,28.731331551642825,25.79100868414388,25.17962059994141,25.538255575117375,6.361339680601641,5.967406714106782,6.1348214481363295,7.614368809935534,25.17962059994141,True,False
FRSH,rainbow_convergence,13.640000343322754,12.612376586246562,13.640000343322754,,,,,,True,6.088410619118187,7.0,True,,,,,,,0.0,7.533898322658395,True,,False,24.79391093896991,,,,,,-103.03030303030303,,,15.975825442890779,16.48723971203374,14.47749150695632,15.298405466970388,3.824469783452078,2.6456855526622913,3.5431716546267644,5.100694749802126,14.47749150695632,True,False
GAP,rainbow_convergence,23.360000610351562,21.69180495970841,23.360000610351562,,,,,,True,6.663402578734826,12.0,True,,,,,,,0.0,7.141248317878561,True,-18.867924528301938,True,40.79390327173611,142.10526315789474,76.47058823529412,-18.867924528301938,-13.888888888888884,53.33333333333332,109.30232558139537,-30.645161290322587,8.771929824561408,-1.986577181208049,0.9818076812012633,2.096890817064345,2.9511621833376855,4.403774663997706,-17.44570349386213,7.458143074581436,5.825503355704709,-1.986577181208049,True,False
GEF-B,rainbow_convergence,107.9000015258789,106.13059608394319,107.9000015258789,,,,,,True,1.5197482431191633,2.0,True,,,,,,,0.0,1.639856734859582,True,,False,24.793874159872686,,,,,,,,,-0.5192878338278972,-21.40938536893664,11.606176846660766,-18.79395218002813,7.840772014475261,-12.329250022032257,-18.11358879988454,28.495919881305642,-21.40938536893664,True,False
GNK,rainbow_convergence,27.809999465942383,26.570947817159094,27.809999465942383,,,,,,True,2.9029467402084324,5.0,True,,,,,,,0.0,4.455417736705452,True,-104.08163265306123,False,25.79385633402778,,,24.13793103448274,-104.08163265306123,76.19047619047619,-41.666666666666664,,,-16.141798302981524,17.07938448996229,73.59933933150779,63.234875391508936,-6.728174775872575,-32.880153563678846,10.002295157218267,21.770578305440957,-16.141798302981524,True,False
GPRK,rainbow_convergence,11.449999809265137,10.79270636838596,11.449999809265137,,,,,,True,3.610956802893305,4.0,True,,,,,,,0.0,5.740554164440298,True,,False,25.79382061207176,,,,,,,,,,,,,,,,,,False,False
GSL,rainbow_convergence,45.47999954223633,44.346812189910516,45.47999954223633,,,,,,True,2.003485547355081,6.0,True,,,,,,,0.0,2.4916168947483057,True,,False,30.460477702037036,,,,,,,,,,,,,,,,,,False,False
HGTY,rainbow_convergence,14.199999809265137,13.383117896050472,14.199999809265137,,,,,,True,3.722286193803815,4.0,True,,,,,,,0.0,5.752689606951055,True,,False,25.46047439685185,,,,,,-103.80339844370334,,,-57.105784080114205,-58.82999083508545,24.28759785743717,22.211787106485346,32.299936162899186,-59.493578565603386,-20.61445986062278,0.8262971591723289,-58.82999083508545,True,False
HPK,rainbow_convergence,8.729999542236328,7.972691008198482,8.729999542236328,,,,,,True,4.634216837586842,4.0,True,,,,,,,0.0,8.674783204442752,True,-492.3076923076923,True,25.79378529196759,210.52631578947367,-492.3076923076923,-366.66666666666646,-142.85714285714286,,,,-178.94736842105263,25.844912967958898,-20.721160731663424,-20.907472551808727,-30.457548107725962,26.18709034902842,16.24594807068933,-1.6668255128082898,-12.75453638345837,-30.457548107725962,True,False
HPQ,rainbow_convergence,32.439998626708984,31.017583872031622,32.439998626708984,,,,,,True,3.230221285090281,1.0,True,,,,,,,0.0,4.384755902875527,True,-11.250000000000004,True,45.793801735972224,-11.250000000000004,16.666666666666675,-1.6949152542372947,-9.677419354838745,44.89795918367348,-15.517241379310342,-30.952380952380942,4.999999999999982,12.525122021246048,8.986384266263236,6.916469194312791,4.155104944859489,8.807606885063857,-0.20778501177448616,-1.3730446068720537,5.074648291702566,4.155104944859489,True,False
HRTG,rainbow_convergence,35.22999954223633,33.31469799607782,35.22999954223633,,,,,,True,3.3323523473320926,3.0,True,,,,,,,0.0,5.436564209608646,True,20.2020202020202,True,25.79377268644676,32.258064516129025,20.2020202020202,225.75757575757595,503.70370370370364,72.2689075630252,-44.65116279069768,31.901840490797582,5.161290322580636,2.9610402095801236,0.5380105900151255,2.403180778358527,0.2879409390650789,0.7227567267631629,-1.234464693752435,1.3447300420316388,2.1265652414257152,0.2879409390650789,True,False
HSTM,rainbow_convergence,32.470001220703125,29.54396067834754,32.470001220703125,,,,,,True,6.503210410556805,8.0,True,,,,,,,0.0,9.011519656149321,True,-43.750000000000036,True,23.79381045583333,27.77777777777779,42.85714285714286,-43.750000000000036,5.263157894736836,14.999999999999991,122.22222222222231,-55.000000000000014,11.111111111111116,12.549061777514915,10.50282370551814,7.3738802451673635,4.622751214173326,3.1144169550386014,1.8743178311106723,4.230195883568277,2.7931609226302445,4.622751214173326,True,False
IDT,rainbow_convergence,80.6500015258789,71.39051792915126,80.6500015258789,,,,,,True,10.307266656542845,8.0,True,,,,,,,0.0,11.481070578475405,False,1.1627906976744207,True,54.79375868224537,28.358208955223873,1.1627906976744207,4.999999999999982,30.88235294117647,-1.1494252873563315,3.571428571428581,-5.61797752808989,32.835820895522396,,,,,4.545921155024257,,,,,False,False
IHS,rainbow_convergence,8.4399995803833,8.387427855362173,8.4399995803833,,,,,,True,0.4395044794347502,3.0,True,,,,,,,0.0,0.6228877681856522,True,,False,31.460423667141203,,,,,,,,,,,,,,,,,,False,False
IOSP,rainbow_convergence,97.69000244140625,94.15326337989922,97.69000244140625,,,,,,True,3.435497145316272,13.0,True,,,,,,,0.0,3.6203695087717347,True,-60.902255639097746,False,24.793712970613427,32.97872340425532,-6.870229007633588,,-60.902255639097746,2.4590163934426146,-35.78947368421053,265.38461538461536,-44.680851063829785,11.758016829656581,2.8130671506352067,-2.3993144815766976,-0.3382949932341006,8.428949691085608,-0.5267778753292318,3.100248925096172,0.5003411416875103,-2.3993144815766976,True,False
ITGR,rainbow_convergence,126.6500015258789,123.34852269556377,126.6500015258789,,,,,,False,2.5190593083205695,0.0,False,,,,,,,0.0,2.606773620638709,False,-33.65384615384615,False,19.460364602534725,-33.65384615384615,,55.55555555555556,12.121212121212132,43.75,-65.71428571428571,26.126126126126103,6.730769230769229,-2.5989834079757523,0.5002377729816709,5.019610809415864,8.408106310136132,5.580326675462932,-6.880481294750663,0.9341637961816751,-1.847452433818686,-2.5989834079757523,True,False
ITIC,rainbow_convergence,298.6300048828125,291.021062299702,298.6300048828125,,,,,,True,1.2256245429268118,2.0,True,,,,,,,0.0,2.547949790275217,True,-9.977324263038579,True,26.460371406041666,19.29012345679013,91.61676646706589,-9.977324263038579,31.09756097560976,141.5625,-19.39546599496219,-38.449612403100794,-0.462962962962965,-0.8772715065795356,10.681096341606878,11.306917688266193,24.66493974546684,17.68519502603889,-7.473694561903821,-8.13081579185112,-0.9130785068480862,-0.8772715065795356,True,False
JAKK,rainbow_convergence,27.959999084472656,25.318537641815457,27.959999084472656,,,,,,True,7.4686715665448515,10.0,True,,,,,,,0.0,9.447287300249277,True,-62.5,False,12.79368783832176,,,,-62.5,,,-126.4367816091954,,16.91437016138513,-5.807351681633155,-2.774187133339967,-34.3264740085695,30.524204132138433,-16.07848073382948,-39.81629657686663,77.34730548978118,-34.3264740085695,True,False
JWEL,rainbow_convergence,2.5199999809265137,2.3849733695179425,2.5199999809265137,,,,,,True,3.5611460552451777,11.0,True,,,,,,,0.0,5.358198905974863,True,,False,,,,,,,,,,,,,,,,,,,False,False
KNSA,rainbow_convergence,78.75,75.85584878569355,78.75,,,,,,True,2.0295388274217254,2.0,True,,,,,,,0.0,3.675112653087552,True,145.45454545454547,False,17.46033060965278,145.45454545454547,,,,50.000000000000064,-21.739130434782638,0.0,109.09090909090908,55.50749355880538,64.95315662335967,61.16972926729285,44.339092892452435,6.005630123635131,11.76190871139864,15.34340580495801,13.798308959610983,44.339092892452435,True,False
KRNT,rainbow_convergence,18.155000686645508,16.478490729316256,18.155000686645508,,,,,,True,7.469319586536708,7.0,True,,,,,,,0.0,9.234425193728923,True,,False,25.460306651145835,,,,,,,,,,,,,,,,,,False,False
KSS,rainbow_convergence,20.110000610351562,18.230962831269444,20.110000610351562,,,,,,True,7.151905966577611,8.0,True,,,,,,,0.0,9.343797722785196,True,-64.99999999999999,False,45.460331451817126,-5.185185185185192,,153.48837209302326,-64.99999999999999,,-111.92660550458714,1457.1428571428567,-94.81481481481482,-0.8742244782853903,-2.041447571914634,-4.150453955901423,-3.638814016172509,10.988317019261128,-38.77827179586314,44.69930069930071,0.8178228990411762,-4.150453955901423,True,False
LAUR,rainbow_convergence,39.20000076293945,37.443221545061824,39.20000076293945,,,,,,True,3.0425154751208017,10.0,True,,,,,,,0.0,4.481579550219108,True,-58.92857142857143,False,19.460317840092593,50.76923076923077,,90.00000000000003,-58.92857142857143,,-113.1578947368421,395.6521739130434,-64.61538461538461,17.4961271071971,15.434320508803289,27.868604656655506,8.570358976863046,125.91191877100054,-49.64572543166823,35.271248101063414,-23.64410595318951,8.570358976863046,True,False
LB,rainbow_convergence,87.45999908447266,83.27422135452194,87.45999908447266,,,,,,True,2.3959687902120352,2.0,True,,,,,,,0.0,4.785933882651781,True,14.999999999999991,False,25.79363753290509,66.66666666666667,14.999999999999991,,,73.91304347826086,-4.1666666666666625,-7.692307692307699,8.333333333333348,40.6180969011003,16.049691702122825,55.55616438356164,78.43577772317197,31.04597588471718,-10.167670576631792,11.699553422124298,6.938337575999842,16.049691702122825,True,False
LCUT,rainbow_convergence,9.300000190734863,8.880652315690565,9.300000190734863,,,,,,True,2.974043554474488,6.0,True,,,,,,,0.0,4.509116843482158,True,-350.0,False,26.460304167696755,,,102.43902439024399,-350.0,,-126.50602409638554,,,7.3614839756715345,2.443516436449289,-5.173158865650285,-6.486724652817443,-1.3511441870836416,-29.678449974029032,18.708408953418033,30.372662328798295,-6.486724652817443,True,False
LILA,rainbow_convergence,8.770000457763672,8.476116737869207,8.770000457763672,,,,,,True,3.232833285392938,4.0,True,,,,,,,0.0,3.35101145444415,True,,False,25.79363338087963,,,,,,,-1450.0,,1.4631453022913465,-0.06460544531610157,0.7997913587759697,2.13918472273229,1.8285925378648038,-6.614920224234588,4.224719101123586,2.3741603018312407,-0.06460544531610157,True,False
LILAK,rainbow_convergence,8.720000267028809,8.42500930798752,8.720000267028809,,,,,,True,3.2885566536188606,4.0,True,,,,,,,0.0,3.382923738622803,True,,False,25.793622616006942,,,,,,,-1450.0,,1.4631453022913465,-0.06460544531610157,0.7997913587759697,2.13918472273229,1.8285925378648038,-6.614920224234588,4.224719101123586,2.3741603018312407,-0.06460544531610157,True,False
LIND,rainbow_convergence,35.540000915527344,30.188041165031724,35.540000915527344,,,,,,True,13.235521781132162,9.0,True,,,,,,,0.0,15.058974711948759,False,-100.0,False,24.46024662471065,,,,-100.0,-122.22222222222223,,,,18.638244663431493,15.742178153916342,23.26373234460901,16.58551976893765,-4.214159691942331,13.555991068942742,-23.72924404177007,43.00634136175534,15.742178153916342,True,False
LXP,rainbow_convergence,61.0099983215332,60.47022179717077,61.0099983215332,,,,,,False,0.8108519048262064,0.0,False,,,,,,,0.0,0.8847345340311523,False,-110.00000000000001,True,19.460247336516204,-106.38297872340425,-110.00000000000001,745.4545454545457,500.0,,-103.2258064516129,675.0000000000002,-74.46808510638299,-0.6153846153846176,0.20618556701030855,2.935420743639927,6.8560235063663155,-0.30864197530864335,-7.604562737642584,-3.574702108157657,11.897435897435905,-0.6153846153846176,True,False
MCK,rainbow_convergence,930.25,882.5428768483889,930.25,,,,,,True,3.3779443742427864,5.0,True,,,,,,,0.0,5.128419580931049,True,-17.599999999999994,True,25.79357787326389,-17.599999999999994,37.57575757575764,37.98561151079136,377.0053475935828,-62.187958883994135,42.0229405630866,7.5112107623318325,42.72,7.720772383902186,6.024905585589546,11.400507901861602,10.142977651066198,9.434550080481863,-9.290868328340773,2.9161415414445058,5.441238103999924,6.024905585589546,True,False
MEOH,rainbow_convergence,62.040000915527344,59.02187465193805,62.040000915527344,,,,,,True,2.735736131137311,4.0,True,,,,,,,0.0,4.8648069294820395,True,,False,19.79357889496528,,,,,,,,,,,,,,,,,,False,False
MET,rainbow_convergence,98.47000122070312,95.823850063018,98.47000122070312,,,,,,True,1.0089747054404237,1.0,True,,,,,,,0.0,2.6872662992602634,True,-32.59668508287293,True,25.793579322592592,5.825242718446599,35.9375,-32.571428571428584,-32.59668508287293,-37.35632183908045,47.4576271186441,-3.27868852459019,18.446601941747566,19.86754966887416,20.130932896890343,7.913669064748197,12.09386281588447,-1.3623978201634857,22.33333333333334,-3.3816425120772986,2.81456953642385,7.913669064748197,True,False
MSGE,rainbow_convergence,81.66000366210938,79.36599968979837,81.66000366210938,,,,,,True,2.036798270547618,14.0,True,,,,,,,0.0,2.8092136534833783,True,-35.29411764705883,False,26.460214965104168,,-35.29411764705883,24.35897435897436,,-290.9090909090909,-94.3298969072165,,,86.79827734711456,2.3041228606653696,12.494802659978754,14.987020349704604,28.61995834302009,-50.3812588723024,175.56618033435618,6.216709732988801,2.3041228606653696,True,False
MSGM,rainbow_convergence,5.159999847412109,4.5543714804572355,5.159999847412109,,,,,,True,11.405294597583337,8.0,True,,,,,,,0.0,11.736984202792451,False,-90.2439024390244,False,26.793540592013887,-90.2439024390244,-81.81818181818183,,,33.33333333333335,-57.14285714285712,-7.771561172376096e-14,-82.92682926829268,36.58103895302178,129.25201867778097,94.93030544216894,71.94181079189283,-12.187838678894025,4.774472935894636,24.11498900974123,19.60684301500093,36.58103895302178,True,False
MSGS,rainbow_convergence,407.1700134277344,398.7365268812612,407.1700134277344,,,,,,True,1.5100099499446569,14.0,True,,,,,,,0.0,2.0712445092595075,True,580.0,False,20.460207932210647,,,580.0,,,-344.1176470588235,,,36.668513461170726,1.8863876925107936,12.764179237978635,-25.98720618305288,-35.50540376076761,7.132694138177209,922.5173619911797,-80.65572645214432,-25.98720618305288,True,False
MTD,rainbow_convergence,1529.4599609375,1434.9894006702905,1529.4599609375,,,,,,True,5.935230562745368,14.0,True,,,,,,,0.0,6.176726601545209,True,6.124497991967859,True,26.793535946481484,18.340163934426236,6.658130601792589,16.79261125104954,6.124497991967859,38.65546218487397,-40.11502516175411,31.59886471144746,8.29918032786885,4.484546200701578,7.172099612557492,8.09547547809979,7.874410053062486,8.466340839190512,-16.16379062346479,9.715072074460585,4.72711628413145,4.484546200701578,True,False
MUR,rainbow_convergence,38.599998474121094,37.04826643634114,38.599998474121094,,,,,,True,2.1395550071238363,5.0,True,,,,,,,0.0,4.020031344872453,True,-102.15053763440861,True,25.79350003840278,893.75,-26.0,-77.14285714285715,-102.15053763440861,329.72972972972974,362.5000000000003,,-112.5,35.61403380351798,8.862991095982053,-8.436707518511765,-4.275667214131229,26.486917528954578,19.454104168433695,-14.963535034939234,5.5486666715466315,-8.436707518511765,True,False
NECB,rainbow_convergence,27.40999984741211,26.7141191176704,27.40999984741211,,,,,,True,1.1334244457963782,2.0,True,,,,,,,0.0,2.5387841430703637,True,-12.195121951219512,True,12.751841213217594,-12.195121951219512,-5.128205128205132,5.405405405405417,-8.42105263157894,-2.7027027027027084,-5.128205128205154,-10.344827586206872,6.0975609756097615,,,,,,,,,,False,False
NHC,rainbow_convergence,225.1699981689453,222.75658041438123,225.1699981689453,,,,,,True,1.0465286025589782,5.0,True,,,,,,,0.0,1.0718203020782944,True,-8.424908424908429,True,27.460152887326387,67.10526315789474,9.661835748792269,315.78947368421063,-8.424908424908429,11.894273127753308,43.670886075949355,-36.8,64.4736842105263,4.131014534235677,2.2671021302131944,4.5731843825557394,12.874459190565734,2.313110963886378,-1.038572491343004,0.7269757324341208,2.1026616283517985,2.2671021302131944,True,False
NKSH,rainbow_convergence,42.97999954223633,41.80100285785188,42.97999954223633,,,,,,True,2.4545954075333407,5.0,True,,,,,,,0.0,2.7431286573790077,True,52.941176470588246,True,12.793486965706018,119.44444444444446,52.941176470588246,86.00000000000003,64.28571428571428,1.2820512820512775,-16.129032258064523,34.782608695652215,91.66666666666666,5.743755193821176,4.028529267092962,6.873022151898733,2.7379908408847298,2.2837959241571726,-2.1513833626353285,2.4943095599393006,3.0845187466392865,2.7379908408847298,True,False
NPK,rainbow_convergence,152.00999450683594,146.5827786409238,152.00999450683594,,,,,,True,2.2378985543616587,1.0,True,,,,,,,0.0,3.570301994628431,True,-27.20588235294118,True,13.793497472974538,-27.20588235294118,-15.306122448979664,-24.444444444444446,-19.74522292993631,-40.361445783132496,22.058823529411708,7.936507936507953,-7.352941176470596,21.70794278076198,14.482964907033068,21.739227274077155,25.745183668579763,23.554349383475625,-27.64113604068963,42.013458856949846,-4.139511328446066,14.482964907033068,True,False
NVGS,rainbow_convergence,24.489999771118164,23.008555655853783,24.489999771118164,,,,,,True,3.59222825076055,6.0,True,,,,,,,0.0,6.049179784033706,True,,False,25.793478756354165,,,,,,,,,,,,,,,,,,False,False
NXDR,rainbow_convergence,2.509999990463257,2.4053945392213665,2.509999990463257,,,,,,True,2.5715989092427813,2.0,True,,,,,,,0.0,4.167547874077239,True,,False,25.79345724258102,,,,,,,,,14.53458897270059,13.830847607796803,6.5171398785797585,5.011431184270698,20.893804018226337,-11.240806574648454,0.8432755667798775,5.845482617178499,5.011431184270698,True,False
OGN,rainbow_convergence,13.75,13.673518334571954,13.75,,,,,,True,0.5263823997777903,3.0,True,,,,,,,0.0,0.5562302940221544,True,-285.7142857142858,True,30.460098366724537,-28.57142857142857,66.66666666666667,-285.7142857142858,-55.79710144927537,-27.27272727272727,,-227.8688524590164,8.92857142857142,-2.258469259723961,-3.502974223397226,-5.339195979899502,1.2642225031605614,6.712328767123288,-3.1187790311877905,-5.9300873907615514,0.5018820577164407,-5.339195979899502,True,False
OSCR,rainbow_convergence,33.099998474121094,31.03804135036682,33.099998474121094,,,,,,True,3.9411396782500003,3.0,True,,,,,,,0.0,6.2294780024427885,True,124.99999999999996,False,30.460090330613426,,124.99999999999996,,,-46.859903381642496,,,,-6.187471140526402,32.05542725173209,86.3050706566916,79.64890794039601,6.593214410633097,-36.218627997769104,1.8634246108396813,35.46252116361397,-6.187471140526402,True,False
PAGS,rainbow_convergence,10.680000305175781,9.375056094145156,10.680000305175781,,,,,,True,8.98516943312024,9.0,True,,,,,,,0.0,12.21857840582849,False,,False,31.79338043304398,,,,,,,,,,,,,,,,,,False,False
PANL,rainbow_convergence,8.600000381469727,8.116155372504725,8.600000381469727,,,,,,True,3.8050204722519214,6.0,True,,,,,,,0.0,5.626104505850189,True,-5.263157894736848,False,26.793378661168983,,,-5.263157894736848,72.72727272727273,-23.809523809523803,16.666666666666675,-5.263157894736848,,19.420635781707716,38.90653246689793,24.940001098150134,10.158875027476078,9.695743932465707,-7.233062784671807,9.017816535205903,7.646249577187936,10.158875027476078,True,False
PARR,rainbow_convergence,87.6500015258789,80.62606098215642,87.6500015258789,,,,,,True,6.31894284839902,6.0,True,,,,,,,0.0,8.01362284249208,True,699.1452991452992,False,24.793367525613426,699.1452991452992,,,3869.2307692307695,749.9999999999998,-21.42857142857144,-72.86821705426357,341.02564102564105,56.797793220586044,4.510737887355898,-1.0359558153738013,-6.110125642918874,62.789252912954076,0.5796254218967123,-9.920633343534025,6.311165192628443,-6.110125642918874,True,False
PAYO,rainbow_convergence,7.159999847412109,7.102539337475654,7.159999847412109,,,,,,True,0.7232556119109044,2.0,True,,,,,,,0.0,0.8025211056006368,True,-120.0,True,25.460042941817132,-120.0,19.999999999999996,66.66666666666679,-63.63636363636363,-116.66666666666667,20.000000000000018,24.99999999999998,-20.000000000000007,9.892965445694667,11.697438568046259,9.4509995813008,16.25970281658904,5.902398931031327,-4.109822646657568,3.4728117280123705,4.583632591173892,9.4509995813008,True,False
PCRX,rainbow_convergence,36.38999938964844,25.654196413232977,36.38999938964844,,,,,,True,8.76461181442159,3.0,True,,,,,,,0.0,29.502069679807096,False,-86.84210526315789,False,26.793373357152777,,-29.999999999999993,-86.84210526315789,,71.4285714285714,40.000000000000014,-58.33333333333333,,6.239681058426605,5.004055102028726,5.137434380223538,6.491549655045592,8.469578747970408,-9.90333870058363,9.66877604224694,-0.8741075323441927,5.004055102028726,True,False
PCVX,rainbow_convergence,65.01499938964844,59.983129271737425,65.01499938964844,,,,,,True,7.595431127803944,12.0,True,,,,,,,0.0,7.739552664999605,True,,False,24.793377372129626,,,,,,,,,,,,,,,,,,False,False
PEB,rainbow_convergence,18.979999542236328,18.428309128658096,18.979999542236328,,,,,,True,2.4761029691703405,11.0,True,,,,,,,0.0,2.906693503077022,True,-254.16666666666669,False,19.793373814907408,183.33333333333334,,,-254.16666666666669,,,,-716.6666666666667,-0.09692371490196416,7.927785028694889,3.382109004739342,-1.435493041307201,17.78820561483092,-0.9632741004761969,-12.466047857785977,-2.1627484130275265,-1.435493041307201,True,False
PENG,rainbow_convergence,71.56999969482422,56.555170573106395,71.56999969482422,,,,,,True,14.278536516165225,10.0,True,,,,,,,0.0,20.979222000476916,False,-60.00000000000001,False,87.79334810208333,,544.4444444444445,-60.00000000000001,,17.24137931034484,1349.9999999999998,-60.00000000000001,,47.63655316406117,-6.161102432431697,0.5772466886737604,8.604908275161648,39.56687920372946,-0.02098690941525483,1.5237244097750402,4.2161782076231,-6.161102432431697,True,False
PEO,rainbow_convergence,28.860000610351562,28.079059911669628,28.860000610351562,,,,,,True,1.3732506913122133,2.0,True,,,,,,,0.0,2.705962169667541,True,,False,,,,,,,,,,,,,,,,,,,False,False
PM,rainbow_convergence,200.5,188.8289825930491,200.5,,,,,,True,2.4856873161410253,4.0,True,,,,,,,0.0,5.8209563126937205,True,-9.302325581395344,False,11.4599735584375,-7.692307692307687,-9.302325581395344,,13.197969543147202,15.384615384615374,14.705882352941234,-39.01345291479823,14.358974358974352,10.374753451676533,9.085044618858195,6.758705955079325,9.423872464937944,10.309481569091261,-2.084539664157503,-4.453665283540797,6.952662721893499,6.758705955079325,True,False
PNRG,rainbow_convergence,211.5,205.66000592472898,211.5,,,,,,True,1.572583252595354,3.0,True,,,,,,,0.0,2.7612265131305067,True,-51.075268817204304,True,37.751648712905094,106.76691729323306,-51.075268817204304,47.42268041237128,-50.227272727272734,51.098901098901095,27.272727272727295,-67.351598173516,229.32330827067665,1.1695209965938647,-21.280166213840502,-15.667646961636317,-33.813260384421575,7.791087199269109,-22.802343122465373,11.03545790733087,9.496701045661338,-33.813260384421575,True,False
PNTG,rainbow_convergence,40.369998931884766,39.39186582375757,40.369998931884766,,,,,,True,1.3855667134474765,4.0,True,,,,,,,0.0,2.422920817455492,True,-15.000000000000002,True,25.79330514747685,25.0,9.090909090909083,56.25,-15.000000000000002,4.166666666666674,-3.999999999999959,47.05882352941168,-15.000000000000002,35.755190181365926,35.98993528464274,53.168477225081,26.759386345523772,4.4224218892362055,-1.3683668425946038,26.32040831474116,4.345310499724375,26.759386345523772,True,False
PRAA,rainbow_convergence,20.31999969482422,19.45522133664013,20.31999969482422,,,,,,True,2.5708707385481326,3.0,True,,,,,,,0.0,4.2557990707271545,True,-1611.5942028985507,True,30.793305896412036,39.81481481481482,711.1111111111111,212.76595744680847,-1611.5942028985507,106.84931506849318,-50.340136054421755,,-1065.7407407407406,-1.401191818328229,163.63636363636363,-16.093535075653364,31.96440793976729,-5.334776557909382,253.38797814207652,-52.54149377593361,-37.89660170719923,-16.093535075653364,True,False
PRSU,rainbow_convergence,52.099998474121094,49.79418970680379,52.099998474121094,,,,,,True,4.309234267980543,14.0,True,,,,,,,0.0,4.425736727156785,True,-107.73913043478261,False,25.793300219502314,170.00000000000003,,-107.73913043478261,57.57575757575759,,,-134.23076923076923,1200.0,14.347755325801126,37.42249660714761,24.616257996899506,32.24293168437975,158.49695983889083,-9.515883167171868,-76.32041888292356,106.45520502299925,14.347755325801126,True,False
PSO,rainbow_convergence,16.6299991607666,16.13330450409519,16.6299991607666,,,,,,True,1.5391181013703426,4.0,True,,,,,,,0.0,2.986738916038019,True,,False,139.7932868322338,,,,,,,,,,,,,,,,,,False,False
QQQX,rainbow_convergence,31.100000381469727,30.221553250544396,31.100000381469727,,,,,,True,2.1942435125353836,7.0,True,,,,,,,0.0,2.824588810772924,True,,False,,,,,,,,,,,,,,,,,,,False,False
RELL,rainbow_convergence,19.969999313354492,17.926163880985115,19.969999313354492,,,,,,True,7.2231208518723236,6.0,True,,,,,,,0.0,10.234529307182338,False,,False,88.79321136547455,,,,,,,,,18.891350925705485,27.57424502302992,3.1001412534384043,5.651532601887221,-1.9245585147363187,19.33407845399482,6.089351285189726,-4.246708297471025,3.1001412534384043,True,False
RGA,rainbow_convergence,255.92999267578125,246.1845909919557,255.92999267578125,,,,,,True,2.357727131706174,5.0,True,,,,,,,0.0,3.8078388476223948,True,16.627634660421563,True,26.79320440607639,159.62962962962962,16.627634660421563,212.6696832579185,63.519313304721024,40.76305220883532,-27.930535455861083,81.3648293963255,41.1111111111111,18.53902482586176,23.46007604562739,26.597977485212752,9.78587860555653,2.2020326455189476,-2.125094197437827,6.9471308833011,10.805500982318271,9.78587860555653,True,False
RLGT,rainbow_convergence,9.430000305175781,8.81452993334015,9.430000305175781,,,,,,True,5.0380686261424685,9.0,True,,,,,,,0.0,6.526726955648367,True,-57.14285714285715,True,30.79320204364583,50.000000000000064,100.0,-15.384615384615385,-57.14285714285715,50.00000000000002,-9.090909090909083,266.6666666666667,-70.0,18.522078157584552,0.05981112767339258,-12.252782145881213,11.34281433448776,22.089336166437068,-7.752121655968636,2.4155655070481563,2.754102819838611,-12.252782145881213,True,False
RLYB,rainbow_convergence,16.989999771118164,16.783073644043466,16.989999771118164,,,,,,False,1.1736290878845257,0.0,False,,,,,,,0.0,1.2179289574003334,False,,False,,,,,,,,-111.11111111111111,,-100.0,0.0,11000.0,-29.096989966555185,-100.0,-4.504504504504503,4.716981132075482,0.0,-100.0,True,False
RRBI,rainbow_convergence,101.8499984741211,100.9999497224118,101.8499984741211,,,,,,True,0.6769658356311986,5.0,True,,,,,,,0.0,0.8346085070637311,True,17.88079470198676,True,19.45988107346065,17.88079470198676,19.078947368421062,26.470588235294066,28.346456692913378,-1.6574585635359185,5.232558139534893,5.521472392638027,7.947019867549665,,,,,,,,,,False,False
SAFT,rainbow_convergence,103.94000244140625,101.35917876146564,103.94000244140625,,,,,,False,2.427654428152068,0.0,False,,,,,,,0.0,2.4829936687710648,False,-166.89189189189187,True,23.793152416180554,21.02564102564102,-166.89189189189187,142.85714285714272,10.404624277456653,,-172.7941176470588,-28.795811518324587,-2.051282051282055,2.8867760407857546,4.749619380689385,11.695791040283599,11.173978236794913,3.5819189111939487,-1.5276546817735381,-1.8635511492192558,2.785294899364543,2.8867760407857546,True,False
SB,rainbow_convergence,8.819999694824219,8.39131574136775,8.819999694824219,,,,,,True,3.076811944543321,6.0,True,,,,,,,0.0,4.860362452257572,True,,False,46.79313528883102,,,,,,,,,,,,,,,,,,False,False
SG,rainbow_convergence,9.569999694824219,7.746666292754923,9.569999694824219,,,,,,True,15.187768938335283,14.0,True,,,,,,,0.0,19.052596240472365,False,,False,26.793132858958334,,,,,-120.95238095238095,,,,3.8144657646443925,-2.876058302867035,-3.5486998458708285,-0.5985089170909452,19.279845964301856,4.076832867250024,-9.976623180755595,-7.107332029334579,-3.5486998458708285,True,False
SHO,rainbow_convergence,11.350000381469727,11.122074630846008,11.350000381469727,,,,,,True,1.3763137112355575,9.0,True,,,,,,,0.0,2.0081563256670503,True,366.6666666666667,False,27.459771284386576,366.6666666666667,700.0,,,75.00000000000003,299.9999999999999,,-166.66666666666669,6.673929445821725,10.955931044795243,10.33477673790566,1.2946570550196101,6.699806321690827,9.597579399576306,3.3328536605573778,-11.721432640931273,1.2946570550196101,True,False
SLDE,rainbow_convergence,25.299999237060547,23.399683396857345,25.299999237060547,,,,,,True,4.053895454427757,2.0,True,,,,,,,0.0,7.511130029678167,True,36.00000000000001,True,17.7931331605787,89.28571428571428,36.00000000000001,739.9999999999999,75.55555555555556,3.9215686274509887,-19.047619047619037,59.49367088607591,41.071428571428555,47.861869139587256,38.243138146189715,73.41382481109824,27.04620548842591,-0.6334723067793813,12.182716248616753,30.604871035367886,1.5618848119507422,27.04620548842591,True,True
SN,rainbow_convergence,184.8699951171875,174.95058803313302,184.8699951171875,,,,,,True,4.788368159331393,10.0,True,,,,,,,0.0,5.3656122388961265,True,,False,26.45979695957176,,,,,8.235294117647074,-13.265306122448983,18.07228915662651,,,,,,24.96237983134273,-2.219567630717101,18.17692563129889,,,False,False
SND,rainbow_convergence,5.300000190734863,5.111811343614193,5.300000190734863,,,,,,True,3.036006537494867,5.0,True,,,,,,,0.0,3.550732836758197,True,-70.00000000000004,False,32.79308810446759,-53.70370370370371,,-70.00000000000004,,,-433.3333333333338,-62.50000000000006,-85.18518518518519,13.533287366888835,-42.195923180592985,-46.84582625296326,-64.3644390318161,7.974499089253184,8.339582428858971,8.236148489897044,-10.330958400367729,-64.3644390318161,True,False
SPNT,rainbow_convergence,25.030000686645508,24.494487524580443,25.030000686645508,,,,,,True,0.9672209189517419,1.0,True,,,,,,,0.0,2.139485207248846,True,15.999999999999993,False,19.79307823153935,15.999999999999993,67.3469387755102,,2333.333333333333,-29.268292682926834,-57.29166666666667,163.01369863013701,46.0,-0.5479818230419653,6.503506118520552,58.893603133159274,34.45393098541445,-3.937516137361219,-20.44777652254288,28.813335097235093,1.0291365944934405,-0.5479818230419653,True,False
SPXX,rainbow_convergence,18.940000534057617,18.57576917066304,18.940000534057617,,,,,,True,0.8704584858213094,6.0,True,,,,,,,0.0,1.9230800059357,True,,False,,,,,,,,,,,,,,,,,,,False,False
STK,rainbow_convergence,55.47999954223633,53.060910649624034,55.47999954223633,,,,,,True,3.953006782586189,8.0,True,,,,,,,0.0,4.360290037080241,True,,False,,,,,,,,,,,,,,,,,,,False,False
STNG,rainbow_convergence,88.1500015258789,82.60888019154224,88.1500015258789,,,,,,True,4.096889786315025,6.0,True,,,,,,,0.0,6.286013883629842,True,,False,19.459732575752316,,,,,,,,,,,,,,,,,,False,False
SU,rainbow_convergence,70.91000366210938,67.44703207435984,70.91000366210938,,,,,,True,2.5618383964224365,1.0,True,,,,,,,0.0,4.883615017495716,True,,False,24.793067221469908,,,,,,,,,,,,,,,,,,False,False
SXT,rainbow_convergence,132.02999877929688,129.5733897048298,132.02999877929688,,,,,,True,1.2860936980636284,3.0,True,,,,,,,0.0,1.8606446240854568,True,-15.492957746478853,True,20.459692449351852,36.36363636363635,28.395061728395056,-15.492957746478853,12.987012987012992,15.384615384615374,73.33333333333331,-31.034482758620673,-1.1363636363636354,11.551794896555045,11.090040145287716,4.523404707507561,4.965704141228122,6.02224700229903,10.773242647675541,-4.5284135993147405,-0.5120343770369074,4.523404707507561,True,False
SYNA,rainbow_convergence,119.08000183105469,105.10434622240601,119.08000183105469,,,,,,True,10.146158118162111,6.0,True,,,,,,,0.0,11.73635824130798,False,-860.0,False,26.79302453775463,,,-860.0,,,,,,8.910891089108919,10.352588147036768,13.211077844311369,13.50407450523865,4.690686607749828,-2.7438016528925635,3.418803418803429,3.4299858557284235,8.910891089108919,True,False
TENB,rainbow_convergence,39.0099983215332,35.82877715763851,39.0099983215332,,,,,,True,6.663554427370105,7.0,True,,,,,,,0.0,8.154886697697401,True,-200.0,False,18.793029915196758,,,-200.0,,200.0,,-150.00000000000006,,8.578014112699407,9.584882305958509,10.521314549210746,11.163954061861482,2.461287195964257,0.5853385175774273,3.2059103153224466,2.080511130431262,8.578014112699407,True,False
U,rainbow_convergence,45.88999938964844,41.896594694112736,45.88999938964844,,,,,,True,6.633510877417661,5.0,True,,,,,,,0.0,8.702124098167907,True,,False,25.459666095150464,,,,,,,,,23.931383577052866,16.83632183908046,10.061277753834519,5.39688298541825,7.522066433442598,1.023476959345171,6.900332543586574,6.728972386516197,5.39688298541825,True,False
UFCS,rainbow_convergence,56.400001525878906,53.82493998345541,56.400001525878906,,,,,,True,2.4296256239146974,5.0,True,,,,,,,0.0,4.565711831128128,True,18.852459016393432,True,24.79299922533565,48.27586206896552,71.6417910447761,18.852459016393432,96.05263157894737,12.17391304347828,-20.68965517241381,-2.6845637583892468,71.26436781609196,14.383571852280209,11.575132506832976,9.793952127260441,9.615313161838479,3.8663714466682153,0.9939694810910726,3.3297741922727164,5.528015667430752,9.615313161838479,True,False
UVE,rainbow_convergence,46.970001220703125,43.336611235753374,46.970001220703125,,,,,,True,3.4874716527191283,4.0,True,,,,,,,0.0,7.735554376243554,True,30.555555555555557,False,12.79297327347222,68.59504132231406,30.555555555555557,895.652173913044,,8.510638297872353,-17.903930131004408,65.94202898550732,14.049586776859503,6.7206309775804,-0.32973127660705925,6.007395876915567,3.464549456333832,8.503804962331518,-3.520491461686681,1.7320022644464528,0.209926001084626,-0.32973127660705925,True,False
VGZ,rainbow_convergence,2.6700000762939453,2.4320435897038304,2.6700000762939453,,,,,,True,8.579663947289179,14.0,True,,,,,,,0.0,8.912227707514036,True,,False,19.792933329421295,,,,,,,,,,,,,,,,,,False,False
VSTS,rainbow_convergence,14.0,13.620361580184715,14.0,,,,,,True,2.1929071982773225,6.0,True,,,,,,,0.0,2.7117029986806047,True,-600.0,False,40.79294363954861,,,-600.0,,300.0,,,,-1.8011306042306385,-0.8736578333826905,-2.982245751557522,4.052428753684523,0.3375606767591188,-0.5955790578062947,-6.828967529996022,5.6711274430505165,-2.982245751557522,True,False
W,rainbow_convergence,105.12999725341797,100.68429240861825,105.12999725341797,,,,,,True,3.4866794130101595,4.0,True,,,,,,,0.0,4.228769105817876,True,-109.09090909090908,False,25.459552102905093,-109.09090909090908,,,,,,,-790.9090909090909,7.5160403299725065,7.362637362637359,6.920858699134902,8.07905686546464,20.061412487205722,-12.166616721606239,7.058068655758731,-4.766269477543538,6.920858699134902,True,False
WEST,rainbow_convergence,8.1899995803833,8.019355806773339,8.1899995803833,,,,,,True,1.9126578204598585,10.0,True,,,,,,,0.0,2.0835626660920497,True,,False,26.79287828346065,,,,,,,,,8.82969746385196,44.44844618234205,48.25593836935587,60.6560717196414,-1.0254998785720115,-9.027843238912192,-4.326921721975618,26.335634606688775,8.82969746385196,True,False
WKC,rainbow_convergence,37.2400016784668,35.68244533866331,37.2400016784668,,,,,,True,2.4930564499379533,6.0,True,,,,,,,0.0,4.182481926965413,True,-19.298245614035082,False,12.792868952118054,,,,-19.298245614035082,87.99999999999999,,-1191.304347826087,,50.29027014474805,2.4596667548267614,-7.494493109984123,-10.4766988532919,40.33247289623127,7.265477904529849,-3.8629442705338746,3.8536817312264438,-10.4766988532919,True,False
WSM,rainbow_convergence,239.0,231.38080203481502,239.0,,,,,,True,2.864797297540984,6.0,True,,,,,,,0.0,3.187948939407942,True,-7.0552147239263725,True,39.45952933009259,41.99999999999999,4.324324324324325,-7.0552147239263725,4.8128342245989275,47.1502590673575,-36.30363036303629,54.59183673469386,-2.0000000000000018,6.696411071669672,4.354802258580803,-4.268062373031145,4.5619736675500455,8.546372772307942,-23.404446680686554,25.191813955069374,2.5073498987347342,-4.268062373031145,True,False
XERS,rainbow_convergence,10.1899995803833,8.850104995106786,10.1899995803833,,,,,,True,10.99710225984824,13.0,True,,,,,,,0.0,13.149113252722175,False,,False,26.459544467905094,,,,,-1900.0,-85.71428571428571,,,28.740966465843808,38.270762986742966,42.77608612456114,37.06051448367362,10.79432675304053,-3.123288309811556,15.36300080666846,3.9712604313731026,28.740966465843808,True,False
XOM,rainbow_convergence,168.5,161.26726559413171,168.5,,,,,,True,2.448962699270295,6.0,True,,,,,,,0.0,4.2924239797437895,True,,False,20.459528300185184,,,,,112.19512195121952,,,,,,,,42.34166809805413,,,,,False,False
ZIM,rainbow_convergence,30.260000228881836,28.68980218570754,30.260000228881836,,,,,,True,3.507007337201425,2.0,True,,,,,,,0.0,5.189021914400425,True,,False,40.459529044537035,,,,,,,,,,,,,,,,,,False,False
ABBV,vcp,266.9700012207031,246.77000427246094,272.4200134277344,,,,,,True,,,,2.0,10%->8%,9.821663795030315,7.566392049997754,0.6741745065486073,50.0,2.0414324388925422,9.415611148583137,True,-88.63636363636364,False,20.460987500682872,290.38461538461536,-45.83333333333333,,-88.63636363636364,420.51282051282044,-61.764705882352935,919.9999999999998,-80.76923076923077,7.313606409096773,17.741243745532522,19.210829493087566,21.352095442031207,0.8377853326857698,-0.5073689296931638,4.335770103352665,2.51970538829307,7.313606409096773,True,False
AEF,vcp,9.890000343322754,9.170000076293945,9.359999656677246,,,,,,False,,,,2.0,18%->7%,18.000952757985694,7.280083337053853,0.6296447217623838,77.0,-5.358955189555059,2.029910121286796,False,,False,,,,,,,,,,,,,,,,,,,False,False
AEO,vcp,18.68000030517578,17.309999465942383,17.969999313354492,,,,,,False,,,,2.0,19%->7%,19.42856924874442,7.334051482075211,0.26932233096959074,22.0,-3.800861778490254,3.672787271180513,False,-12.962962962962942,False,52.794322803125006,75.55555555555556,,-12.962962962962942,29.268292682926834,464.2857142857142,-70.2127659574468,-11.32075471698114,17.777777777777782,7.533059380294849,9.699531662565764,12.876963143597319,5.70997925674932,15.485009851207042,-34.008130247380144,32.91697885302791,6.156231133269707,5.70997925674932,True,False
ALMS,vcp,7.170000076293945,6.610000133514404,6.96999979019165,,,,,,False,,,,5.0,64%->37%->16%->12%->8%,63.74559802353321,7.810319899870849,0.421048047382257,30.0,-2.7894042395278715,5.1649880561524,False,-244.1558441558442,False,33.79432334134259,-244.1558441558442,,-102.11386696730554,,,,,-237.66233766233765,-37.65941485371342,-89.98792339985047,,,-4.537622056289492,-9.745982374287198,-6.631171345595355,-22.505626406601653,-89.98792339985047,False,False
AMAT,vcp,547.25,502.6499938964844,509.57000732421875,,,,,,False,,,,3.0,21%->13%->8%,20.9748516895046,8.149841224945751,0.7685614942993451,37.0,-6.8853344313899045,1.358010347601061,False,12.918660287081352,True,33.794318797037036,42.79279279279278,33.460076045627375,75.17241379310346,12.918660287081352,-9.686609686609682,38.188976377952756,7.627118644067776,6.3063063063063085,24.82881402355519,11.40845070422536,-2.149037119732067,-3.477643718949608,15.233881163084707,12.806617227609806,3.117647058823536,-6.874828814023559,-3.477643718949608,True,False
AOD,vcp,10.73697904654008,9.90999984741211,10.149999618530273,,,,,,False,,,,2.0,18%->8%,17.725100973998632,7.702159010866834,0.5403031784220248,155.0,-5.466895534260699,2.364529853577632,False,,False,,,,,,,,,,,,,,,,,,,False,False
APEI,vcp,43.86000061035156,40.060001373291016,47.77000045776367,,,,,,True,,,,3.0,19%->16%->9%,19.437197791342882,8.663928828500051,0.6638275832302247,43.0,8.91472821021643,16.139834646410627,False,6.349206349206371,False,30.794240081435188,,129.2682926829268,6.349206349206371,650.0,-44.680851063829785,40.29850746268653,123.33333333333339,,5.507907056756323,6.190785835394497,-3.5220279081104144,6.5914760778986725,-1.7208620906728922,10.363165540327168,-2.9929847134148257,0.2758561370310719,-3.5220279081104144,True,False
ARMP,vcp,4.070000171661377,3.5899999141693115,3.859999895095825,,,,,,False,,,,4.0,40%->23%->15%->12%,39.90963720231878,11.793617622775896,0.045788060173076586,18.0,-5.159711737305148,6.994818348817879,False,-1805.0000000000011,False,32.794239567928244,,,-1805.0000000000011,,,,,,,,,,,,,,,False,False
ASA,vcp,59.77000045776367,53.349998474121094,56.36000061035156,,,,,,False,,,,2.0,18%->11%,18.21561338289963,10.741177738787632,0.6313699536730641,25.0,-5.705202980250565,5.34067087230944,False,,False,,,,,,,,,,,,,,,,,,,False,False
ASB,vcp,32.205493194622505,27.989999771118164,28.760000228881836,,,,,,False,,,,2.0,18%->13%,18.398009046789245,13.089361488828935,0.8072825393461207,168.0,-10.698463597247375,2.677331194839176,False,-3.076923076923077,False,12.79423954949074,-3.076923076923077,18.644067796610166,,30.35714285714284,-9.999999999999998,-12.50000000000001,9.589041095890426,12.307692307692308,,,,,8.90721809864865,18.273333946655157,4.028416829241355,,,False,False
ASTH,vcp,35.52000045776367,32.220001220703125,35.869998931884766,,,,,,True,,,,2.0,19%->9%,19.349184967744083,9.290538272893688,0.6121130147279832,18.0,0.9853560518313393,10.17562815686946,False,-96.96969696969697,False,26.794240269872684,110.52631578947367,107.14285714285711,,-96.96969696969697,37.93103448275863,141.66666666666666,1100.0,-94.73684210526316,48.519871473775524,55.56343590322217,42.89088091111215,99.7133964195442,0.7688322453631713,1.5335767782578724,-0.5778998544006209,46.00432493188844,42.89088091111215,True,False
ASYS,vcp,18.25,16.010000228881836,16.209999084472656,,,,,,False,,,,2.0,15%->12%,14.869176211625867,12.27397134859268,0.8484226906210214,21.0,-11.178087208369007,1.2337993021998168,False,-50.0,False,60.79423870675925,900.0,,-50.0,,25.0,700.0,-87.50000000000001,700.0000000000007,14.450069028992175,31.373555840821577,-22.193971703916336,-17.70902455209025,9.356068008598783,7.879618405101985,-4.379598830763031,1.4572787237306262,-22.193971703916336,True,False
ATI,vcp,193.1699981689453,178.25999450683594,188.1300048828125,,,,,,False,,,,2.0,18%->8%,17.558759017178186,7.7185918121038535,0.6819494306713302,30.0,-2.6090973411538085,5.246377568599257,False,-25.531914893617003,True,17.460905093425925,55.71428571428574,26.86567164179103,-25.531914893617003,36.84210526315792,28.23529411764707,21.428571428571395,-10.256410256410241,11.428571428571432,10.584005612065939,0.6204124432016789,0.3752025240897128,7.068112633181123,9.518019973947034,-2.1748364624925687,4.584629053753897,-1.306559102069449,0.3752025240897128,True,False
ATRC,vcp,56.599998474121094,51.630001068115234,52.84000015258789,,,,,,False,,,,2.0,16%->9%,15.721232808745485,8.780914381611272,0.6010844286633859,10.0,-6.64310675423846,2.2899301305422033,False,,False,17.794240237546294,,,,,,-100.0,,,12.82879997649462,14.260637437307878,13.053903779460407,15.839013027348802,8.746964580280213,0.533096085409257,4.640684000029793,-1.3735961039819555,12.82879997649462,True,False
ATRO,vcp,70.41000366210938,63.220001220703125,64.44999694824219,,,,,,False,,,,3.0,23%->19%->10%,23.47025024753533,10.211620604240213,0.6926658539957021,39.0,-8.464715812924352,1.9084496288290504,False,157.6923076923077,False,31.79423921460648,2400.0,157.6923076923077,,,11.940298507462677,-19.277108433734945,,-1133.3333333333335,27.007787842367037,11.985762567011115,15.11796298072312,3.804161061964284,12.721414974481714,-3.9355679872702165,13.535306719887252,3.307145858372662,3.804161061964284,True,False
AUGO,vcp,88.37999725341797,80.27999877929688,82.48999786376953,,,,,,False,,,,2.0,17%->9%,17.12410185664195,9.164968008423239,0.7435441009412529,12.0,-6.6644032277571155,2.679111579227366,False,,False,26.794233591909723,,,,,,,,,,,,,,,,,,False,False
BJRI,vcp,63.400001525878906,56.86000061035156,59.540000915527344,,,,,,False,,,,2.0,14%->10%,14.462081158412085,10.315458609031445,0.6638374244578035,32.0,-6.088328891878606,4.501176123557748,False,-29.31034482758621,False,19.794164733148147,-11.340206185567014,-29.31034482758621,,,109.75609756097562,-30.508474576271226,2850.0000000000014,-97.9381443298969,6.370675908172108,2.915456084236423,3.211951013390868,1.3678147509072813,8.592140020886973,0.7650556135498476,7.64545352665551,-9.693733810726012,1.3678147509072813,True,False
BNED,vcp,11.489999771118164,10.46500015258789,11.9399995803833,,,,,,True,,,,2.0,16%->9%,16.3153792671806,8.92079755394568,0.5184477593690774,23.0,3.916447504170354,12.35342947765882,False,-95.95959595959596,False,61.79416325894676,,-95.95959595959596,-67.79661016949152,-55.828220858895705,-408.3333333333332,-36.84210526315786,-73.61111111111111,,0.9774636277760207,-5.507721626563422,12.429497001165224,6.8856155547693865,25.75925505337271,-53.34075133789011,-21.127327982935785,118.18264710280508,-5.507721626563422,True,False
BSRR,vcp,42.13999938964844,38.43000030517578,39.720001220703125,,,,,,False,,,,3.0,14%->11%->9%,14.459003802890416,8.803984665894433,0.7827294415865205,80.0,-5.742757959174954,3.2477363441141103,False,-2.7027027027027084,True,16.460827057395832,-1.2820512820512886,47.69230769230768,31.506849315068486,-2.7027027027027084,-19.791666666666664,0.0,33.33333333333333,-7.692307692307699,,,,,-3.3887836613686884,,,,,False,False
BSTZ,vcp,30.195972882416992,27.700000762939453,30.100000381469727,,,,,,False,,,,2.0,11%->8%,10.912766821597518,8.26591058747087,0.8234379076126339,55.0,-0.3178321205976114,7.973420558518564,False,,False,,,,,,,,,,,,,,,,,,,False,False
BVS,vcp,14.149999618530273,12.520000457763672,12.6899995803833,,,,,,False,,,,2.0,15%->12%,14.89655067180765,11.51942900854937,0.7787632257490886,24.0,-10.3180217491668,1.3396306401965545,False,327.27272727272725,False,24.460834832210647,327.27272727272725,,424.99999999999955,,1074.9999999999998,-80.95238095238095,320.0,-54.54545454545454,3.7572802383854853,6.630017113888087,2.7713776180992244,-0.22523819118620558,15.988462324644747,-16.346421785940468,13.883058903289559,-6.1011783827712325,-0.22523819118620558,True,False
BWMX,vcp,17.360000610351562,15.848999977111816,16.280000686645508,,,,,,False,,,,3.0,18%->13%->9%,18.20349711504087,8.703920392368849,0.5265127508676626,62.0,-6.221197498472803,2.6474243940741444,False,,False,12.794159258657407,,,,,,,,,,,,,,,,,,False,False
CCSI,vcp,38.56999969482422,33.61000061035156,36.619998931884766,,,,,,False,,,,2.0,19%->13%,18.74085014876668,12.859733273833154,0.5805599456393107,29.0,-5.0557448233558775,8.219547813564843,False,5.504587155963292,True,26.794163181886574,33.644859813084096,21.495327102803728,15.217391304347782,5.504587155963292,9.999999999999986,22.641509433962305,-7.826086956521761,7.47663551401867,4.445326228671842,1.7570699517062582,0.6147400233532441,0.12894177261004724,3.3637016425814625,1.4074251060973264,-0.7173033910941373,0.36392494756534166,0.12894177261004724,True,False
CLDT,vcp,13.786958810576014,12.437047138481304,13.649999618530273,,,,,,False,,,,2.0,12%->10%,12.175790293770362,9.791221477061267,0.6514018421736494,51.0,-0.993396686879767,8.88609900327287,False,-40.0,False,25.460835983622683,85.7142857142857,,,-40.0,,-360.0,66.66666666666667,-57.14285714285715,3.91820470959352,0.5026458076342166,2.37108764619538,1.2260774395835172,-13.841953726326894,0.8071323673955577,26.351854828105136,-5.305902210907886,0.5026458076342166,True,False
CLMT,vcp,55.58000183105469,51.33000183105469,57.75,,,,,,True,,,,2.0,13%->8%,13.278772181012263,7.64663522847414,0.7109359161029913,13.0,3.904278692795672,11.11687994622565,False,,False,27.46081710913194,,,,,,,-111.91135734072022,,40.76563413208649,3.601972029379219,9.383886255924168,-2.035623409669207,40.34184713994367,-0.8569227806662805,-3.6549165120593696,5.006818624586007,-2.035623409669207,True,False
CLOV,vcp,4.690000057220459,4.110000133514404,4.579999923706055,,,,,,False,,,,3.0,22%->16%->12%,22.254339057308567,12.366735962254833,0.7465452538460466,44.0,-2.3454185964252665,10.262004323601275,False,,False,25.794136104247684,,,,,0.0,,,,55.597964909342146,62.04602330365041,44.73606894525513,50.051663816596474,-0.8038025117827363,53.61456776302165,-1.8006644518272386,3.9843390142791257,44.73606894525513,True,False
CNQ,vcp,51.84456626668263,46.58000183105469,49.04999923706055,,,,,,False,,,,2.0,19%->10%,18.696740425365828,10.154515342162592,0.7411103536718056,88.0,-5.390279504407734,5.035672669571851,False,,False,26.46080173204861,,,,,,,,,,,,,,,,,,False,False
COFS,vcp,34.702783123043154,31.899999618530273,33.02000045776367,,,,,,False,,,,2.0,12%->8%,12.102087839908062,8.076538111007563,0.6652559553978713,59.0,-4.849128841663683,3.3918862014130093,False,-7.777777777777784,False,20.460793370393517,-7.777777777777784,,81.01265822784806,14.117647058823524,-8.791208791208794,-36.36363636363635,47.4226804123711,7.777777777777772,1.0690635479972066,33.58020728239934,73.63178283284304,71.17947547159042,1.9122165576668904,-2.2746716320265703,-0.6168414384075449,2.1108898081473537,1.0690635479972066,True,False
CPAY,vcp,427.4599914550781,386.2300109863281,402.0799865722656,,,,,,False,,,,2.0,12%->10%,11.831234755976244,9.645342556715713,0.38389098681388545,78.0,-5.93739891221602,3.9419956514271304,False,-7.0351758793969825,True,25.794101847141203,-7.0351758793969825,49.117647058823536,9.037900874635518,0.2564102564102555,-27.02169625246549,35.56149732620322,-4.347826086956519,-1.7587939698492372,,,,,12.502473901539691,,,,,False,False
CRDO,vcp,226.60000610351562,206.66000366210938,211.86000061035156,,,,,,False,,,,5.0,34%->16%->13%->11%->9%,34.24282271735643,8.799647795374392,0.7380242488692833,29.0,-6.504856617890169,2.454449605051173,False,97.05882352941175,False,51.79408571686342,97.05882352941175,313.63636363636357,412.5,,-26.373626373626347,10.975609756097526,86.36363636363636,29.411764705882337,114.14189837008628,151.11506967389744,192.38947716268444,248.83905562641536,11.418685912911354,7.368578813401072,51.85485044417166,17.879352960320883,114.14189837008628,True,False
CTRN,vcp,52.029998779296875,47.08000183105469,50.810001373291016,,,,,,False,,,,2.0,32%->10%,32.290936954230126,9.513736429707217,0.6432312631066321,23.0,-2.344796145740648,7.341073492269288,False,-123.91304347826086,False,52.46076754773148,-123.91304347826086,727.2727272727274,,,-112.08791208791209,-1.0869565217391242,,-286.95652173913044,,,,,5.539746442949656,,,,,False,False
CV,vcp,6.980000019073486,6.110000133514404,6.619999885559082,,,,,,False,,,,2.0,15%->12%,14.905929894585174,12.464181707474614,0.5651156462585034,13.0,-5.157595021929386,7.703923880077325,False,,False,33.79409888273148,,,,,,-104.10958904109589,,,9.894419306184021,0.3233920229967602,32.097100472016194,24.44600773830461,30.479942693409747,-28.739152628892295,10.740531373657426,6.726998491704372,0.3233920229967602,True,False
CVU,vcp,5.349999904632568,4.940000057220459,5.099999904632568,,,,,,False,,,,2.0,17%->8%,16.55518804009483,7.663548686367083,0.5504088914148589,38.0,-4.672897279559292,3.137251968706392,False,-50.0,False,,,,-50.0,50.0,-44.44444444444444,124.99999999999996,-55.55555555555555,,15.827175088285816,12.722432776679993,-10.815211369165457,-0.776405455461382,1.2764560246175893,-10.577106238370737,0.7483690729334525,26.944890305807156,-10.815211369165457,True,False
DE,vcp,692.8300170898438,638.1500244140625,652.5800170898438,,,,,,False,,,,2.0,10%->8%,10.485439863346956,7.892266692695929,0.8360643527483986,11.0,-5.809505796106482,2.2112219647992384,False,-24.13793103448276,True,46.46073207041667,7.36842105263158,-1.3554216867469826,-24.13793103448276,-14.22319474835887,-22.137404580152676,170.6611570247934,-38.26530612244898,-17.47368421052632,4.909302712597774,4.748099976494546,12.964268923366241,11.225771715721455,-5.6922731692722,39.1010300697118,-22.460669624848727,3.1369612248294265,4.748099976494546,True,False
DNTH,vcp,91.23999786376953,81.05999755859375,82.43000030517578,,,,,,False,,,,2.0,23%->11%,22.834501763155217,11.157387706623517,0.8492796714075527,19.0,-9.655850246454367,1.6620195820817059,False,,False,26.794070355601853,,,,,,,,,-78.58220211161388,-81.76795580110497,93.02200751476113,466.8192219679634,-28.282828282828287,-88.98776418242491,-27.412192167945094,273.60482654600304,-81.76795580110497,True,False
DRH,vcp,12.855589454258215,11.74546902647557,12.600000381469727,,,,,,False,,,,2.0,13%->9%,13.05293895184913,8.635313314357086,0.767098774088747,47.0,-1.9881552199368713,6.78199467557857,False,-9.090909090909083,False,24.79406399460648,144.44444444444446,75.00000000000003,,-9.090909090909083,528.5714285714286,-41.666666666666664,19.999999999999996,-44.44444444444444,4.110297003794328,1.2983955456675078,-1.6187005242769281,0.08943320391823217,23.289252484873835,-5.9635600690624795,-3.801894990609145,-6.651838283396572,-1.6187005242769281,True,False
DVA,vcp,195.75,173.9499969482422,177.02000427246094,,,,,,False,,,,2.0,31%->11%,30.744680555910925,11.136655454282407,0.6809424502619428,47.0,-9.568324765026341,1.7342714100794723,False,-18.399999999999995,True,18.79402320886574,55.81395348837208,43.50000000000001,4.545454545454541,-18.399999999999995,40.06968641114981,-10.869565217391298,57.843137254901954,-20.93023255813954,1.4005406250927166,4.13629230677639,0.5761470981307859,1.7011478637815935,-0.47224746140921425,1.7228558940625138,3.7535975154374457,-3.467319802930835,0.5761470981307859,True,False
EGBN,vcp,29.1299991607666,26.520000457763672,28.299999237060547,,,,,,False,,,,2.0,14%->9%,14.387457392229871,8.959831027108905,0.5534274967375451,59.0,-2.8492960783326433,6.28974850630335,False,-408.33333333333337,False,11.793995023912037,,700.0,-117.64705882352939,-408.33333333333337,-52.08333333333333,,,,,,,,,,,,,False,False
EPRX,vcp,8.069999694824219,7.340000152587891,7.570000171661377,,,,,,False,,,,2.0,23%->9%,23.235611917718927,9.045843492466563,0.49553468837909587,6.0,-6.195781190469213,3.038309297990525,False,,False,24.7939985084838,,,,,,,,,,,,,,,,,,False,False
ETON,vcp,56.86000061035156,52.70000076293945,54.75,,,,,,False,,,,2.0,19%->7%,19.488445306871,7.316214918673017,0.6467875178795575,9.0,-3.7108698341579505,3.744290843946204,False,150.0,False,33.793985922442126,,150.0,,,599.9999999999999,,,,98.58939137785292,40.411989353084145,82.71657937666352,117.5416505230531,54.90398087859556,14.026596494525624,-5.245113317600958,18.65490278951818,40.411989353084145,True,False
EWTX,vcp,42.119998931884766,37.2400016784668,39.22999954223633,,,,,,False,,,,2.0,21%->12%,20.614307041855902,11.585938692234437,0.7083130506787596,15.0,-6.861347252933364,5.072643097094694,False,,False,26.460662106157407,,,,,,,,,,,,,,,,,,False,False
EXEL,vcp,59.720001220703125,54.54999923706055,59.02000045776367,,,,,,False,,,,2.0,12%->9%,12.256364264666706,8.657069454061388,0.6340373032972816,45.0,-1.1721378912108662,7.573705838755424,False,26.15384615384615,True,17.79399416,26.15384615384615,43.636363636363626,89.36170212765953,72.49999999999999,3.797468354430378,-11.235955056179737,28.985507246376784,6.153846153846132,10.63402204268813,9.96764767835636,5.62994592019479,10.789336140652628,2.926923505104684,2.0293554136467495,0.15190169885654914,5.190220690844516,5.62994592019479,True,False
EXFY,vcp,2.4000000953674316,2.2100000381469727,2.299999952316284,,,,,,False,,,,2.0,14%->8%,14.405011747714717,7.916668736272306,0.5300688599846978,11.0,-4.166672461562456,3.9130398276171445,False,,False,26.79399656518519,,,,,,,,,-5.307012638407338,-5.835227587736325,-4.8805534536806805,-0.971504419780278,-0.3032176396125852,-3.4916756633899704,0.37929559389704437,-1.9544793647243042,-5.835227587736325,True,False
EXTR,vcp,22.920000076293945,20.760000228881836,24.18000030517578,,,,,,True,,,,3.0,28%->16%->9%,27.52237000397948,9.424083072522272,0.5577943858277973,46.0,5.497383179265556,14.143920732548077,False,0.0,False,18.4606525159375,,166.66666666666669,0.0,,62.5,33.33333333333335,50.0,,10.275469620818045,11.377304441046721,13.806804961429009,15.245315819972948,6.840258273004407,-0.33058111189746553,2.4754629405792095,1.0560157392598857,10.275469620818045,True,False
FCCO,vcp,33.72999954223633,31.25,32.439998626708984,,,,,,False,,,,2.0,11%->7%,11.327228799131959,7.352503930902521,0.35721412891638393,19.0,-3.824491352014455,3.668306649462115,False,12.727272727272743,True,11.460651554386573,19.402985074626855,15.68627450980391,12.727272727272743,34.00000000000001,35.593220338983066,-4.838709677419373,-7.462686567164168,0.0,20.4574332909784,21.28052182122473,7.839855818743557,7.507802813288289,3.984148326374637,12.458716326449416,-0.05567707297673419,3.0659507316473267,7.507802813288289,True,False
FGI,vcp,8.229999542236328,7.5,7.820000171661377,,,,,,False,,,,2.0,24%->9%,23.95240627374627,8.869982780557557,0.24434142350695393,14.0,-4.981766626727448,4.092073716583975,False,-1241.6666666666672,False,33.79394630351852,,,-1241.6666666666672,,,,,,2.8623929214091293,-8.162842549749572,-14.399566381545249,-0.6934174320141762,4.537789338608711,0.10659036437152825,-15.007109988794342,15.647978305879096,-14.399566381545249,True,False
FIRY,vcp,12.949999809265137,11.729999542236328,12.020000457763672,,,,,,False,,,,2.0,17%->9%,16.52892703586165,9.420851621603529,0.5411790250787102,11.0,-7.181462279529089,2.4126531154999524,False,,False,33.79394559600694,,,,,,,,,22.91584040612358,32.91775129013106,68.87625907377188,11.439504966617807,6.483422092423985,-3.018893072540063,9.633228611090816,8.566669310700403,11.439504966617807,True,False
FISI,vcp,42.63478810807591,38.099998474121094,39.04999923706055,,,,,,False,,,,2.0,17%->11%,16.943903245546522,10.63636020064055,0.8466411107323929,168.0,-8.408131082833574,2.432780490397171,False,17.85714285714286,False,19.79392345755787,22.352941176470598,28.395061728395056,,17.85714285714286,0.0,8.333333333333348,-3.0303030303030276,16.470588235294127,,,,,,,,,,False,False
FLNG,vcp,32.974998474121094,30.56999969482422,31.549999237060547,,,,,,False,,,,2.0,9%->7%,8.65905074493331,7.293400729599206,0.742583667096599,35.0,-4.321453534497937,3.1061792898085434,False,,False,48.46059053428241,,,,,,,,,,,,,,,,,,False,False
FMAO,vcp,35.709999084472656,32.65999984741211,35.310001373291016,,,,,,False,,,,2.0,13%->9%,12.548688074188115,8.541023005477312,0.654179780455976,50.0,-1.12012803538706,7.5049601325799005,False,18.032786885245965,True,16.793912473009257,53.571428571428555,37.254901960784295,18.032786885245965,33.33333333333335,22.857142857142865,-2.7777777777778123,12.500000000000021,14.28571428571428,,,,,,,,,,False,False
FMX,vcp,125.0,113.29000091552734,118.7300033569336,,,,,,False,,,,2.0,18%->9%,18.4703503621576,9.367999267578126,0.7223723364230256,51.0,-5.015997314453125,4.581826233974047,False,,False,18.460573923935186,,,,,,,,,,,,,,,,,,False,False
FN,vcp,428.5,373.70001220703125,487.3299865722656,,,,,,True,,,,3.0,31%->16%->13%,31.406593666832407,12.78879528424008,0.41604842056254493,37.0,13.729285081042153,23.316844334672254,False,24.882629107981224,True,23.79390565517361,58.92116182572613,53.33333333333334,30.672268907563026,24.882629107981224,11.014492753623184,10.932475884244376,16.917293233082688,10.373443983402497,44.64104334214218,39.28589044034232,35.901766777670076,21.62322127555867,8.358361614536204,7.185617642697251,15.822060098473823,7.5229858017878515,21.62322127555867,True,True
FNKO,vcp,5.679999828338623,5.28000020980835,6.5,,,,,,True,,,,2.0,29%->7%,29.047616050974735,7.042247017941754,0.6760249892505754,28.0,14.436623176821886,18.769227541410004,False,-75.0,False,26.793911676284722,,,,-75.0,,,-100.0,,7.365521091234251,5.337136086484673,-7.024502177176917,-14.298157225078134,3.384448459329392,-26.42916776518147,8.844383332336946,29.687443466395138,-14.298157225078134,True,False
FNRN,vcp,18.0,16.530000686645508,17.299999237060547,,,,,,False,,,,2.0,17%->8%,17.246751661424515,8.166662851969402,0.7842652302556711,50.0,-3.8888931274414062,4.450858869204609,False,-12.121212121212132,True,18.793925084849537,-12.121212121212132,63.636363636363626,-8.108108108108091,11.764705882352944,-19.444444444444443,5.882352941176472,-10.526315789473696,15.151515151515138,,,,,,,,,,False,False
FRST,vcp,16.8799991607666,14.84000015258789,15.329999923706055,,,,,,False,,,,2.0,18%->12%,17.650563466325877,12.085302782005973,0.5781905944452508,72.0,-9.182460391722874,3.196345554838762,False,-67.3913043478261,False,12.793878170497685,280.0,-67.3913043478261,,460.00000000000006,26.666666666666682,-74.78991596638656,325.0,180.00000000000003,,,,,,,,,,False,False
GAIN,vcp,16.851238686716762,15.100000381469727,15.380000114440918,,,,,,False,,,,2.0,14%->10%,13.7557560554631,10.392341701429194,0.6398630547189621,101.0,-8.730744366202407,1.8205444140945621,False,-89.28571428571429,False,24.793889756840276,26.66666666666666,-89.28571428571429,,36.00000000000001,533.3333333333333,-85.0,-41.17647058823529,126.66666666666674,,,,,,,,,,False,False
GAP,vcp,24.210584869160726,22.1855927832642,23.360000610351562,,,,,,False,,,,2.0,23%->8%,23.062009042965776,8.364077517499156,0.7056287339767892,28.0,-3.5132743112399245,5.027430635284072,False,-18.867924528301938,True,40.79390327173611,142.10526315789474,76.47058823529412,-18.867924528301938,-13.888888888888884,53.33333333333332,109.30232558139537,-30.645161290322587,8.771929824561408,-1.986577181208049,0.9818076812012633,2.096890817064345,2.9511621833376855,4.403774663997706,-17.44570349386213,7.458143074581436,5.825503355704709,-1.986577181208049,True,False
GILD,vcp,154.1999969482422,142.60000610351562,147.10000610351562,,,,,,False,,,,2.0,9%->8%,9.245433757718075,7.522692006680224,0.8485217871294611,58.0,-4.604404011181467,3.059143312905989,False,-641.6666666666666,True,19.793873081377313,-641.6666666666666,54.807692307692314,22.377622377622398,143.00000000000003,-624.8447204968944,-7.9999999999999964,-27.98353909465021,55.769230769230774,10.180739903981916,4.394780260986941,4.703395428722423,2.96885354539429,12.112068965517242,-12.176656151419563,2.0079804350624286,9.700649534029937,2.96885354539429,True,False
GLRE,vcp,16.260000228881836,14.239999771118164,14.970000267028809,,,,,,False,,,,2.0,18%->12%,18.431371941416938,12.423126871644472,0.7738827451160841,51.0,-7.9335789895111075,4.876422731390721,False,-9000.0,False,23.793875520023146,-9000.0,22.09302325581397,,-112.87128712871288,-184.76190476190476,-26.573426573426563,,-1400.0,-14.146877693528037,-11.083815435392076,48.262150843896734,-22.305965703587084,-27.52504481704102,-9.813692950004283,43.96971335857221,-8.766067480294303,-22.305965703587084,True,False
GPRE,vcp,16.030000686645508,14.329999923706055,15.0600004196167,,,,,,False,,,,2.0,19%->11%,18.998791514024134,10.60511971378587,0.7141501224555705,33.0,-6.051155492693832,4.8472807142805125,False,-75.36231884057972,False,25.460508816493057,,,,-75.36231884057972,97.61904761904762,61.53846153846152,52.941176470588225,,-30.69845442596202,19.115103498298282,2.3666917238536422,14.537027553006254,7.428919387324928,1.1441430771052863,-5.62051465492186,-32.422305821208965,-30.69845442596202,True,False
GPRK,vcp,11.510000228881836,10.260000228881836,11.449999809265137,,,,,,False,,,,2.0,20%->11%,19.801982930755184,10.860121417403604,0.67403825717322,24.0,-0.5212894737060149,10.393009608789463,False,,False,25.79382061207176,,,,,,,,,,,,,,,,,,False,False
GSL,vcp,46.56999969482422,43.25,45.47999954223633,,,,,,False,,,,2.0,10%->7%,10.22599781246303,7.129052429848315,0.7664940777709242,48.0,-2.3405629369351986,4.90325322049613,False,,False,30.460477702037036,,,,,,,,,,,,,,,,,,False,False
GTLB,vcp,50.66999816894531,44.220001220703125,53.560001373291016,,,,,,True,,,,2.0,17%->13%,17.173719255719934,12.729420132869215,0.4675861962820358,25.0,5.703578663472168,17.43838669362975,False,-129.41176470588235,False,52.7938115534375,,,-116.6666666666667,-129.41176470588235,,,,,21.314629598236976,23.145415810059244,23.161693412981066,24.640009793569906,8.364690828973576,1.4423852351364452,6.567957013009873,3.5569588065773816,21.314629598236976,True,False
HAFC,vcp,32.70000076293945,30.170000076293945,31.280000686645508,,,,,,False,,,,2.0,10%->8%,10.477608469657644,7.737004977421543,0.8364674892555108,68.0,-4.342507777257616,3.548595223738148,False,20.68965517241377,True,10.793799630462964,58.00000000000001,29.31034482758621,20.68965517241377,48.979591836734706,5.3333333333333455,7.142857142857184,-4.109589041095929,46.0,5.394402646763896,7.292302946166895,9.553372235376,10.873724088454818,0.9390778290222723,-1.3591241704010493,0.05959644691659882,5.7894958058879675,5.394402646763896,True,False
HLF,vcp,13.170000076293945,11.510000228881836,12.819999694824219,,,,,,False,,,,2.0,20%->13%,19.923078096829926,12.604402716748012,0.7472371267680437,30.0,-2.6575579304644705,10.218404813779092,False,-152.08333333333334,True,23.79379836827546,-152.08333333333334,16.326530612244895,-53.714285714285694,-8.695652173913048,-143.859649122807,-29.62962962962966,92.85714285714293,-12.5,5.376856484790715,7.816976344438076,6.261388106675492,2.6928968797871544,0.728818706346801,2.6656274356975818,0.7301562377325821,1.1595584147406912,2.6928968797871544,True,False
HLT,vcp,335.6471570705618,300.0,323.2900085449219,,,,,,False,,,,2.0,13%->11%,13.282120819718783,10.620425741627185,0.6804611043139083,78.0,-3.681588914230579,7.20406072855347,False,-38.04878048780485,True,17.460477063564817,14.130434782608692,34.959349593495936,-38.04878048780485,28.98550724637683,26.50602409638556,30.70866141732278,-28.651685393258397,-3.2608695652173947,6.503028371055142,8.979591836734691,10.923463887890762,8.824555284269264,13.75553285665645,-4.85908649173955,-1.057692307692304,-0.5419190309212674,6.503028371055142,True,False
HOS,vcp,8.15999984741211,7.420000076293945,7.630000114440918,,,,,,False,,,,2.0,32%->9%,32.25516725673658,9.06862481563465,0.7271329766009473,25.0,-6.495094888258819,2.7522940366608397,False,-550.0,False,11.460483850439815,,-550.0,-53.846153846153854,-21.052631578947366,,-250.0,-60.0,,20.7936999864909,3.55385810460902,8.344760976873445,10.087349124902524,5.580907531273227,-25.163735029940113,2.0713073005093285,49.776305019826616,3.55385810460902,True,False
HTLD,vcp,12.09000015258789,11.010000228881836,11.350000381469727,,,,,,False,,,,2.0,12%->9%,12.404788491794159,8.933001737596161,0.542252933071688,17.0,-6.120758989070529,2.995595957362105,False,,False,19.460433868125,,,,,,,,,2.0408163265306145,-0.6329113924050667,-27.692307692307693,-26.630434782608692,-4.458598726114649,11.347517730496449,4.444444444444451,-8.163265306122447,-27.692307692307693,True,False
IMMX,vcp,10.329999923706055,8.960000038146973,9.289999961853027,,,,,,False,,,,3.0,22%->16%->13%,21.937984553432745,13.262341681291828,0.6722134135377675,12.0,-10.067763499846286,3.552205867180987,False,,False,27.793754915787037,,,,,,,,,,,,,,,,,,False,False
INBK,vcp,28.1299991607666,26.06999969482422,26.459999084472656,,,,,,False,,,,2.0,19%->7%,18.9529531414185,7.323140872380472,0.5383660544648512,23.0,-5.936722808805211,1.4739206467973698,False,-694.9999999999999,True,11.793733968587963,1250.0,163.63636363636363,-26.82926829268295,-694.9999999999999,-6.896551724137923,-51.666666666666636,,-23899.999999999996,,,,,,,,,,False,False
INGM,vcp,28.0049991607666,25.989999771118164,27.600000381469727,,,,,,False,,,,2.0,13%->7%,13.228582865390035,7.195141760515873,0.4845666926377916,22.0,-1.4461660111893704,5.8333354641273685,False,19.999999999999996,True,31.793753581527778,200.0,44.827586206896555,44.44444444444442,19.999999999999996,14.28571428571428,-19.23076923076922,23.809523809523792,162.5,13.57760648856381,13.697251890607177,11.488024806907937,7.150842481799136,4.068529492377015,-6.148312216618834,18.041877202468637,-1.4866472887666626,7.150842481799136,True,False
INN,vcp,6.269999980926514,5.519999980926514,6.039999961853027,,,,,,False,,,,2.0,17%->12%,17.43375649553359,11.961722524426117,0.8309162070640516,49.0,-3.668261878359677,8.609271261766391,False,-200.0,False,24.79373261896991,,,-200.0,,,,,,3.163018292840958,0.3116902828521617,1.1733003336590997,0.17533242462119958,7.547027067921075,5.768747142203923,-1.2178390555395602,-8.190050643541003,0.17533242462119958,True,False
INNV,vcp,9.260000228881836,8.600000381469727,9.109999656677246,,,,,,False,,,,2.0,27%->7%,26.573427214681516,7.12742798162766,0.657949974530572,19.0,-1.6198765496434846,5.598235943222144,False,,False,24.79372415517361,,,,,,-375.0,33.33333333333335,,18.307168406980523,15.494952828891261,14.693371738620753,15.093447465657928,3.97232707398103,5.104126687469757,1.5260159674721052,6.634118582216275,14.693371738620753,True,False
IRD,vcp,4.659999847412109,4.25,4.460000038146973,,,,,,False,,,,2.0,21%->9%,21.240602969530194,8.798280275476817,0.7116718199853443,6.0,-4.291841541072258,4.70852099441288,False,,False,32.46037200409722,,,,,,,,,-73.8029146426093,-50.64073226544623,-10.1580660158066,-20.37755365916731,-64.99768196569309,-44.191461836998705,25.527768756089642,6.835530881332419,-73.8029146426093,True,False
IRDM,vcp,50.80444194362045,45.81071216488614,47.560001373291016,,,,,,False,,,,2.0,23%->10%,22.682756869318368,9.829317255912459,0.4380509307468205,68.0,-6.386135633435187,3.678068035942592,False,-55.00000000000001,True,12.460378352083334,-55.00000000000001,-25.92592592592593,-19.999999999999986,66.66666666666666,-55.00000000000001,-16.666666666666664,-31.428571428571427,74.99999999999997,3.840834278443195,1.944824505067988,-0.023944673718612197,6.656922230943119,2.821183527575011,2.8726401803324864,-6.166964108665473,4.62366186274239,-0.023944673718612197,True,False
ISTR,vcp,31.14136232629932,28.34000015258789,29.059999465942383,,,,,,False,,,,2.0,12%->9%,12.068405987196847,8.995631418942898,0.32748347073708267,119.0,-6.683596043578338,2.477630167193616,False,-18.032786885245955,True,9.460370117858796,32.6086956521739,22.222222222222232,-18.032786885245955,0.0,-20.779220779220786,54.00000000000007,-7.407407407407451,17.391304347826097,,,,,,,,,,False,False
KDP,vcp,32.93121622142098,30.059999465942383,31.260000228881836,,,,,,False,,,,2.0,14%->9%,13.518407456227296,8.718829988462256,0.7331826077488058,44.0,-5.074868724259444,3.838774005608435,False,-90.0,False,24.46033692466435,-90.0,-47.36842105263158,,8.888888888888879,-80.0,-23.076923076923073,-46.93877551020408,22.499999999999986,75.57050204179679,9.381017881705645,10.540540540540544,10.665638653302501,83.82796780684106,-11.624805512336078,4.482117974918709,3.435022820081679,9.381017881705645,True,False
KEX,vcp,143.57000732421875,127.62000274658203,138.11000061035156,,,,,,False,,,,3.0,18%->15%->11%,18.460270251545037,11.109565900917886,0.7340461051053947,111.0,-3.8030273980115217,7.595393394693309,False,0.0,True,18.46033497917824,0.0,12.781954887218049,127.02702702702693,6.451612903225801,11.333333333333329,-10.714285714285698,1.8181818181818077,-1.19760479041916,7.825543132017465,7.43834157057961,6.164661012195949,4.81405861042965,9.276163104090873,-0.9011769540078096,-2.2253062292733494,1.835982021263538,4.81405861042965,True,False
KEYS,vcp,339.17999267578125,311.43499755859375,374.6700134277344,,,,,,True,,,,2.0,16%->8%,16.254472672896224,8.180021144026812,0.45685005797209854,37.0,10.463477067728366,16.87752251391137,False,35.570469798657726,False,45.79366614400463,109.09090909090904,35.570469798657726,68.04123711340206,,13.861386138613852,23.926380368098176,20.740740740740726,22.72727272727273,41.34762633996938,32.28043143297381,31.470829909613805,,7.513104251601632,7.312500000000011,18.343195266272193,3.522205206738138,31.470829909613805,False,False
KRYS,vcp,373.30999755859375,319.5799865722656,327.29998779296875,,,,,,False,,,,2.0,20%->14%,19.506778045075375,14.392866876782426,0.5067644394599491,50.0,-12.32488014425689,2.358692792126334,False,10.457516339869244,True,23.460308910069443,38.759689922480625,52.500000000000014,10.457516339869244,192.30769230769232,-2.1857923497267784,8.284023668639096,-36.46616541353386,106.20155038759691,24.135274150892315,31.949468718460473,17.51700680272108,16.64937202561991,2.4622498001839244,8.638252182437789,9.51431492842536,1.8304491784844057,16.64937202561991,True,False
LEA,vcp,134.92999267578125,116.44000244140625,118.52999877929688,,,,,,False,,,,2.0,21%->14%,20.806667262976354,13.703395270170937,0.5681024108201548,50.0,-12.154446592086735,1.7632636120938487,False,-16.182572614107894,True,20.460308159363425,23.8562091503268,124.16107382550337,-3.658536585365879,-16.182572614107894,13.473053892215582,111.39240506329111,-21.78217821782178,-33.98692810457516,2.968293977182279,4.72096829307771,4.794736289504087,1.7083303488288903,6.63941746238923,-2.7685936612897866,5.436811155322374,-5.813876359777126,1.7083303488288903,True,False
LONA,vcp,6.210000038146973,5.514999866485596,5.75,,,,,,False,,,,2.0,22%->11%,21.72285189331135,11.191629104542821,0.04714662646061063,5.0,-7.407407976187935,4.0869588437287705,False,-398.5781990521327,False,,,,-398.5781990521327,,,,,,,,,,,,,,,False,False
LRCX,vcp,352.55999755859375,316.6600036621094,320.5899963378906,,,,,,False,,,,2.0,18%->10%,17.64066645342081,10.182662283039633,0.7604448957638963,21.0,-9.06796047256889,1.2258625411502782,False,35.074626865671576,True,11.79358131193287,35.074626865671576,40.77669902912619,36.95652173913042,44.18604651162792,24.827586206896534,15.07936507936507,1.6129032258064502,-7.462686567164201,29.988921747003182,23.75575058128141,22.137422198618985,27.740010978949982,15.07749395359539,9.293104257958817,0.3872526305963353,2.9543297134833946,22.137422198618985,True,True
LTRX,vcp,7.539999961853027,6.769999980926514,6.829999923706055,,,,,,False,,,,2.0,29%->10%,28.854312762677747,10.212201390214315,0.7455780194975774,29.0,-9.416446176910634,0.8784764780346322,False,,False,25.793578958356484,,,,,,,,,8.027324109712541,5.884210526315781,-4.451076666345754,-13.447404351741564,3.237565032972123,1.3535299254383126,-0.06712760958582642,3.311487915669753,-13.447404351741564,True,False
LVLU,vcp,13.239999771118164,11.380000114440918,12.199999809265137,,,,,,False,,,,2.0,17%->14%,17.0872379604461,14.04833601836356,0.6098654708520179,5.0,-7.854984741930972,6.721309079049988,False,-102.30326295585412,False,32.79358064216435,,,-102.30326295585412,,,,,,-16.82163886162905,-10.324994154781386,-4.7303732595582515,-8.599639818667326,17.861674575446273,-8.70703608492811,-14.367245994754796,-9.72644749754662,-16.82163886162905,True,False
MAAS,vcp,13.256999969482422,11.510000228881836,12.289999961853027,,,,,,False,,,,2.0,34%->13%,33.545032149617185,13.177941801479781,0.7857760110611822,5.0,-7.294259710759794,6.34662111791892,False,,False,,,,,,,,,,,,,,,,,,,False,False
MATX,vcp,240.8699951171875,218.10000610351562,227.7899932861328,,,,,,False,,,,2.0,11%->9%,11.41075213947984,9.453227664406217,0.7085436364873138,46.0,-5.430315977999268,4.253912580982145,False,-28.01358234295416,True,25.7935795859375,46.23287671232876,-15.13761467889908,21.138211382113848,-28.01358234295416,130.81081081081075,-58.61297539149888,5.4245283018868,45.205479452054796,16.72486453943407,-3.0946291560102313,-4.3131528698191595,-8.513513513513516,27.922934811295864,-11.045897405798799,-3.2041813430292,5.972305839855507,-8.513513513513516,True,False
MGA,vcp,69.2300033569336,61.720001220703125,63.81999969482422,,,,,,False,,,,2.0,14%->11%,14.01256755692245,10.847900869671587,0.7922113048756624,33.0,-7.814536183418438,3.290502168854449,False,,False,20.460244101516206,,,,,,,,,,,,,,,,,,False,False
MGNI,vcp,26.399999618530273,24.420000076293945,25.450000762939453,,,,,,False,,,,2.0,14%->7%,13.971683974220946,7.499998374418755,0.7826325630422653,15.0,-3.598480565598236,4.04715385370599,False,62.5,False,25.793579009780096,62.5,,211.5384615384615,225.0,333.33333333333337,-96.2962962962963,523.076923076923,62.5,11.24489419149377,5.5209249475191235,5.871071516951254,10.796713641105416,17.309622743671337,-19.95802411422116,14.408281056748407,3.5550273463641924,5.5209249475191235,True,False
MGNX,vcp,3.7899999618530273,3.4100000858306885,3.549999952316284,,,,,,False,,,,2.0,15%->10%,14.963509196517814,10.026382054013194,0.7070639809111592,8.0,-6.332454141223819,3.9436582638331976,False,-70.0,False,33.79358030336805,,,,-70.0,,,-185.18518518518516,,377.97350414907555,57.481807155852024,192.46111713946158,-34.20620009394082,58.0361010830325,-63.295053003533575,-22.294375265997612,960.4018052118212,-34.20620009394082,True,False
MLI,vcp,64.48027897345447,57.81999969482422,60.4900016784668,,,,,,False,,,,3.0,23%->16%->10%,23.185332562774917,10.329172554250562,0.6570228924631354,79.0,-6.188368534556764,4.413955876270118,False,1.8018018018017834,True,10.460244935289351,1.8018018018017834,55.395683453237424,104.95867768595045,27.027027027027017,-47.6851851851852,-12.903225806451623,31.914893617021313,69.36936936936935,25.457465604965158,19.280818664920286,4.206549609327626,8.01668819669863,19.691283775005132,23.96338263792557,-10.710375719969123,-5.3022695143884135,4.206549609327626,True,False
NECB,vcp,27.65999984741211,25.6299991607666,27.40999984741211,,,,,,False,,,,2.0,10%->7%,10.211862940192102,7.339120382661305,0.48988991661756975,72.0,-0.9038322537206745,6.493982840403281,False,-12.195121951219512,True,12.751841213217594,-12.195121951219512,-5.128205128205132,5.405405405405417,-8.42105263157894,-2.7027027027027084,-5.128205128205154,-10.344827586206872,6.0975609756097615,,,,,,,,,,False,False
NEXA,vcp,13.354999542236328,11.6899995803833,12.510000228881836,,,,,,False,,,,2.0,19%->12%,19.194857540218376,12.467240875503759,0.6241216042505784,21.0,-6.32721334569956,6.55476125895985,False,,False,19.79348951244213,,,,,,,,,,,,,,,,,,False,False
NPCE,vcp,13.380000114440918,12.279999732971191,12.390000343322754,,,,,,False,,,,2.0,16%->8%,16.303986281904585,8.221228490741982,0.7504786215698788,12.0,-7.399101365101379,0.8878176537811339,False,,False,24.793488037928242,,,,,,,,,17.05040767140147,-2.0245071923281843,42.583620609335696,29.88603988603988,3.4348377741526104,-27.89884666906264,11.892227827739998,40.26972975744834,-2.0245071923281843,True,False
NRIX,vcp,23.985000610351562,21.549999237060547,22.209999084472656,,,,,,False,,,,2.0,15%->10%,14.952563480144645,10.15218391214093,0.7720641663406181,15.0,-7.400464793454466,2.9716338343909485,False,,False,2.7934979796296298,,,,,,,,,-79.47385146177592,-66.11933019021296,2.2056609454983445,-37.28948204639339,44.641714651311574,-53.95153568535023,71.99138586268052,-82.08189576902126,-79.47385146177592,True,False
NWL,vcp,5.849999904632568,5.139999866485596,5.730000019073486,,,,,,False,,,,2.0,18%->12%,17.92890085051685,12.136752986692006,0.7126930536689883,22.0,-2.0512801284672686,10.296686747363935,False,127.2727272727273,False,20.46013721064815,127.2727272727273,,,,,,-1600.0,-54.54545454545454,3.0490956072351416,-1.085568326947639,-2.668034889687021,-7.241910631741144,28.728211749515808,-18.344754876120195,5.03875968992249,-6.666666666666665,-7.241910631741144,True,False
NXDR,vcp,2.5299999713897705,2.3399999141693115,2.509999990463257,,,,,,False,,,,2.0,12%->8%,12.075477741332225,7.509883769527825,0.6688142041851617,12.0,-0.7905130890387859,6.772911431866952,False,,False,25.79345724258102,,,,,,,,,14.53458897270059,13.830847607796803,6.5171398785797585,5.011431184270698,20.893804018226337,-11.240806574648454,0.8432755667798775,5.845482617178499,5.011431184270698,True,False
NXG,vcp,62.09023689079536,53.54999923706055,56.61000061035156,,,,,,False,,,,2.0,17%->14%,17.12185930577694,13.754558013291895,0.5040117143968962,70.0,-8.826244760641623,5.40540777300658,False,,False,,,,,,,,,,,,,,,,,,,False,False
OFG,vcp,54.09226217658783,48.97999954223633,50.540000915527344,,,,,,False,,,,2.0,13%->9%,13.049512560683743,9.451005427841373,0.7153973158092624,159.0,-6.56704141798302,3.0866666898134905,False,15.454545454545432,True,11.460098828125,20.869565217391294,26.0,15.454545454545432,15.999999999999993,10.317460317460302,-0.7874015748031815,9.482758620689701,0.8695652173912993,14.074154536896222,18.77990733473429,23.11709232473067,20.91033233374735,0.7311172452013848,2.3071974529238037,4.101612381455055,6.331016004055323,14.074154536896222,True,False
OSPN,vcp,18.829999923706055,17.489999771118164,18.010000228881836,,,,,,False,,,,3.0,16%->11%->7%,15.96319975420006,7.116304609756773,0.7059206245933637,45.0,-4.354751450592833,2.887287346780653,False,-19.047619047619037,True,19.793428570462964,-14.28571428571429,-18.918918918918926,54.794520547945204,-19.047619047619037,-40.0,-73.45132743362832,564.705882352941,-19.047619047619037,1.0410574336179756,4.073162263674535,2.8527055746280894,1.4473169517442486,-8.31121961575204,4.819200508622745,10.268858665171066,-4.657186304162564,1.0410574336179756,True,False
OTTR,vcp,94.498178368518,86.63999938964844,88.33000183105469,,,,,,False,,,,2.0,12%->8%,11.578948533745747,8.315693608637336,0.7304654914160617,58.0,-6.527296762704829,1.9132824707041793,False,-109.72972972972971,True,23.793428104386575,-109.72972972972971,6.790123456790109,-6.153846153846221,-8.374384236453192,-110.40462427745665,41.80327868852463,-34.40860215053765,0.540540540540535,0.40235044723955227,2.8673229525156163,1.6456017762469743,-3.6889889448663338,-3.643242869410357,12.634575250163094,-5.364245937038303,-2.2459562278744793,-3.6889889448663338,True,False
OVID,vcp,2.6050000190734863,2.2699999809265137,2.3399999141693115,,,,,,False,,,,2.0,17%->13%,17.398949701222556,12.859886207068868,0.7542862057761043,12.0,-10.17274867423712,2.991450248306846,False,,False,32.46005893186343,,,,,-266.6666666666667,,,,-88.31313775510205,-100.0,844.7368421052632,-23.699421965317924,,-100.0,443.93939393939394,-97.8954081632653,-100.0,True,False
P,vcp,103.5,92.2699966430664,150.57000732421875,,,,,,True,,,,2.0,20%->11%,20.45696621958549,10.850244789307819,0.5512092357964917,29.0,45.47826794610507,38.719537653748226,False,-15.789473684210531,False,52.79338478060185,49.99999999999998,,123.07692307692308,-15.789473684210531,199.99999999999994,-75.86206896551724,81.25000000000003,14.28571428571428,37.73463940850312,35.24936254391542,20.351494927498347,16.049271302606762,12.632016837370452,-0.5672851998719475,9.793115890561799,12.015186956592427,16.049271302606762,True,False
PACS,vcp,45.849998474121094,40.61000061035156,43.72999954223633,,,,,,False,,,,3.0,18%->16%->11%,18.479164441426597,11.428567149739644,0.7010114014510938,52.0,-4.623770997683559,7.134687776228617,False,51.61290322580645,True,30.793407843842594,51.61290322580645,194.1176470588235,90.90909090909089,219.99999999999997,-6.000000000000005,19.04761904761907,31.24999999999998,3.2258064516129004,9.062397574722226,11.196216087111432,12.420872908954061,31.244117796375193,0.5308603980819226,4.5843132258047925,0.997915646930525,2.7062047657502752,9.062397574722226,True,False
PANL,vcp,8.65999984741211,7.889999866485596,8.600000381469727,,,,,,False,,,,3.0,19%->15%->9%,19.158297599384255,8.891454901775948,0.5627174282650205,80.0,-0.6928344919118286,8.255819575473005,False,-5.263157894736848,False,26.793378661168983,,,-5.263157894736848,72.72727272727273,-23.809523809523803,16.666666666666675,-5.263157894736848,,19.420635781707716,38.90653246689793,24.940001098150134,10.158875027476078,9.695743932465707,-7.233062784671807,9.017816535205903,7.646249577187936,10.158875027476078,True,False
PCRX,vcp,26.90999984741211,23.649999618530273,36.38999938964844,,,,,,True,,,,2.0,18%->12%,17.60664844089074,12.114456511954774,0.6455973191287168,46.0,35.22853807503088,35.009617985160524,False,-86.84210526315789,False,26.793373357152777,,-29.999999999999993,-86.84210526315789,,71.4285714285714,40.000000000000014,-58.33333333333333,,6.239681058426605,5.004055102028726,5.137434380223538,6.491549655045592,8.469578747970408,-9.90333870058363,9.66877604224694,-0.8741075323441927,5.004055102028726,True,False
PDFS,vcp,56.97999954223633,51.65999984741211,52.18000030517578,,,,,,False,,,,2.0,16%->9%,16.064508015808528,9.336608876033385,0.685624546992027,19.0,-8.424007152724801,0.9965512739027189,False,-99.99999999999997,False,26.793359128726852,233.33333333333334,,-99.99999999999997,-50.0,-16.666666666666664,3.458764513820541e+18,-99.99999999999999,0.0,18.947185276832656,25.852903009753447,24.594189877208738,23.068801310090727,2.3266256444370637,-3.642453087191322,9.258513525343615,10.4140890813486,18.947185276832656,True,False
PEB,vcp,18.77995899052324,17.40069479115968,18.979999542236328,,,,,,True,,,,2.0,11%->7%,11.150712063797407,7.344340847919673,0.8028305473816463,47.0,1.0651809826317078,8.320889300140447,True,-254.16666666666669,False,19.793373814907408,183.33333333333334,,,-254.16666666666669,,,,-716.6666666666667,-0.09692371490196416,7.927785028694889,3.382109004739342,-1.435493041307201,17.78820561483092,-0.9632741004761969,-12.466047857785977,-2.1627484130275265,-1.435493041307201,True,False
PEBK,vcp,45.47133841915521,41.90999984741211,43.779998779296875,,,,,,False,,,,2.0,10%->8%,9.579127002545775,7.832051343891945,0.6427726286728456,73.0,-3.719573029206993,4.271354463283059,False,-6.94444444444443,True,9.460030255810185,1.0526315789473717,1.2658227848101333,86.15384615384617,-6.94444444444443,19.999999999999996,-33.88429752066116,80.59701492537312,-29.473684210526308,,,,,,,,,,False,False
PEO,vcp,29.75,27.25,28.860000610351562,,,,,,False,,,,2.0,13%->8%,12.673482833521286,8.403361344537815,0.6866254788252819,98.0,-2.9915945870535716,5.5786575755444865,False,,False,,,,,,,,,,,,,,,,,,,False,False
PESI,vcp,16.31999969482422,14.100000381469727,14.15999984741211,,,,,,False,,,,2.0,21%->14%,20.563672295203418,13.602937223451974,0.6303185147334355,15.0,-13.235293430165559,0.4237250465320333,False,,False,31.793321452673613,,,,,,,,,-11.661867544220483,-20.066096702349313,6.890219017820698,3.818700927908636,15.809814848103532,-29.201399936366524,-9.963332187464191,19.66269025092555,-20.066096702349313,True,False
PFE,vcp,29.209999084472656,27.1200008392334,27.81999969482422,,,,,,False,,,,2.0,16%->7%,16.487345757604764,7.155078092249073,0.8079364246956491,130.0,-4.758642359517664,2.5161713273528603,False,-514.2857142857149,True,24.45997853756944,-107.84313725490196,-9.615384615384626,-514.2857142857149,-20.512820512820518,-108.51063829787235,,-146.77419354838705,21.568627450980383,-33.92063092541321,-5.812356979405031,46.79083549394147,76.77734913199228,-30.417881438289605,-18.398096748612215,8.109582635127243,7.647453645440061,-33.92063092541321,True,False
PLAB,vcp,31.829999923706055,29.290000915527344,29.709999084472656,,,,,,False,,,,3.0,29%->10%->8%,28.62041789802432,7.979890085664103,0.1772508687185997,30.0,-6.660385938783757,1.4136593129846855,False,8.823529411764696,True,60.45997843965278,25.64102564102564,260.00000000000006,8.823529411764696,96.29629629629632,-9.259259259259267,-27.027027027027017,-30.188679245283012,171.79487179487177,2.686863693831576,-0.49859710320770967,6.094146263281441,-3.0804750525540325,2.908926359912356,-6.720695262722931,4.308291236038375,2.5552059469376553,-3.0804750525540325,True,False
PLGO,vcp,25.72595284569501,23.440000534057617,24.450000762939453,,,,,,False,,,,2.0,20%->9%,20.176110691110434,8.885782872061524,0.7560496959295602,44.0,-4.959785514685314,4.1308801528250365,False,,False,32.79334722131944,,,,,,,,,,,,,,,,,,False,False
PLSE,vcp,51.2599983215332,47.310001373291016,49.97999954223633,,,,,,False,,,,2.0,16%->8%,16.337680972049913,7.70580779863756,0.7195305635747458,11.0,-2.4970714420784046,5.342133240095354,False,,False,26.7933125396875,,,,,,,,,,,,,8.229426433915222,51.893939393939405,206.97674418604652,,,False,False
PLXS,vcp,256.6700134277344,236.5800018310547,261.3800048828125,,,,,,True,,,,2.0,22%->8%,21.805367693805056,7.8271751843485395,0.8174525426680598,44.0,1.835037678214883,9.488102604817335,True,-3.658536585365846,True,18.793309362118055,-3.658536585365846,29.078014184397173,12.686567164179108,26.351351351351404,-13.186813186813184,20.529801324503303,-19.25133689839572,14.024390243902452,28.13196007494785,18.73011824479427,9.602283321142234,-1.1102991717681365,12.117735919096507,8.77738229213012,-99.97345274731852,395653.68159731635,-1.1102991717681365,True,False
PMTS,vcp,25.290000915527344,23.469999313354492,25.0,,,,,,False,,,,2.0,26%->7%,25.92592855426331,7.1965264384605945,0.4764465587672579,22.0,-1.1467018783273013,6.120002746582031,False,-57.49999999999999,True,24.459970237905093,325.0,-57.49999999999999,10.714285714285744,72.72727272727273,0.0,-72.58064516129032,226.3157894736842,375.0,14.973064206607933,19.832845936413037,22.349235786915656,10.593101458104549,1.4091687739619774,-3.884903367438941,10.93602771697375,6.329718773361703,10.593101458104549,True,False
PNRG,vcp,214.25999450683594,197.5,211.5,,,,,,False,,,,2.0,14%->8%,13.706105556417485,7.8222696427359475,0.7871551785586998,25.0,-1.2881520477906483,6.619385342789598,False,-51.075268817204304,True,37.751648712905094,106.76691729323306,-51.075268817204304,47.42268041237128,-50.227272727272734,51.098901098901095,27.272727272727295,-67.351598173516,229.32330827067665,1.1695209965938647,-21.280166213840502,-15.667646961636317,-33.813260384421575,7.791087199269109,-22.802343122465373,11.03545790733087,9.496701045661338,-33.813260384421575,True,False
PRPO,vcp,24.27199935913086,22.549999237060547,23.190000534057617,,,,,,False,,,,2.0,20%->7%,19.82142584664481,7.094595284844201,0.6782725142283227,19.0,-4.457806747041653,2.759815792402173,False,-340.0,False,,-340.0,,,,,-325.00000000000006,,-200.0,24.729081542014562,41.74302586031358,28.43155714554697,30.39772727272727,0.861945122827179,2.0524849728778882,-0.9295570079883797,22.31302185112809,24.729081542014562,True,False
PSMT,vcp,181.8300018310547,166.35000610351562,167.22000122070312,,,,,,False,,,,2.0,17%->9%,16.56009227232749,8.5134441905369,0.6948915215304983,47.0,-8.034977981205918,0.5202697708626663,False,6.6115702479338845,True,16.793292363182868,12.28070175438598,11.724137931034484,6.6115702479338845,8.510638297872353,-20.98765432098766,25.581395348837212,26.470588235294066,-10.526315789473639,12.488072093519342,9.651979710914249,9.919757954249153,8.558413435069667,-0.9184047373235416,8.157708415748854,3.8884276564172815,1.038951968778301,8.558413435069667,True,False
PUMP,vcp,9.854999542236328,8.970000267028809,9.039999961853027,,,,,,False,,,,2.0,20%->9%,19.780630093432244,8.980206152365712,0.7872505471013881,14.0,-8.269909875595575,0.7743329106150809,False,-133.33333333333331,False,18.459939286840278,,-133.33333333333331,,,,-399.9999999999997,,,-6.2363751759154535,-24.687548690097273,-9.63301035083013,-18.553044326457325,12.97670724273603,-6.555622680590312,-1.4429292723090903,-9.883458888674268,-24.687548690097273,True,False
QCRH,vcp,103.70556814675662,96.08999633789062,98.54000091552734,,,,,,False,,,,2.0,10%->7%,10.267316875229616,7.343455076673402,0.7576462402465086,38.0,-4.980993136182754,2.4863046020640556,False,18.64406779661012,True,10.793270836284723,28.07017543859649,30.921052631578938,18.64406779661012,31.70731707317074,10.050251256281406,-5.2380952380952195,-2.777777777777801,26.315789473684227,14.059877979231029,17.929202613466867,19.918236293378634,30.068850845465445,2.816765970981683,5.224629897725674,-5.608963173845161,11.691673949345383,14.059877979231029,True,False
RCMT,vcp,41.77000045776367,38.84000015258789,41.849998474121094,,,,,,True,,,,2.0,9%->7%,9.445346206571744,7.014604436354968,0.5991814461118691,27.0,0.1915202668918163,7.192349895531071,True,-14.28571428571428,True,25.793214648819443,36.00000000000001,-3.703703703703709,110.52631578947363,-14.28571428571428,30.76923076923077,-35.0,166.66666666666669,-40.0,20.021492720620216,-1.698767653569777,12.434990638651966,16.439990060465504,12.979599701341549,-3.9756695499329253,23.0292079841796,-10.077271447944113,-1.698767653569777,True,False
RHP,vcp,131.9600022293497,117.46390968315575,119.94999694824219,,,,,,False,,,,2.0,17%->11%,16.877633098852083,10.985216960666147,0.8478365516060586,50.0,-9.101246649142842,2.072603024874751,False,-43.617021276595736,True,23.79320541511574,26.785714285714256,3.0000000000000027,-4.440892098500626e-14,-43.617021276595736,37.8640776699029,-8.035714285714256,111.32075471698104,-52.67857142857143,13.564968196326088,13.161013485901108,13.923780906778994,7.72786285498166,12.700805932239101,-9.926159651291389,24.53338464498749,-10.167623177638108,7.72786285498166,True,False
RIO,vcp,106.83999633789062,91.68000030517578,93.33999633789062,,,,,,False,,,,2.0,19%->14%,19.255126138315042,14.189438929565348,0.6387704783784621,80.0,-12.635717393049225,1.7784402162452002,False,,False,131.79321752078704,,,,,,,,,,,,,,,,,,False,False
RLJ,vcp,11.62023482060311,10.446374817664605,11.199999809265137,,,,,,False,,,,2.0,17%->10%,17.145071009941233,10.101861288183335,0.6311187708260448,44.0,-3.6164072226224,6.728794682452581,False,-177.7777777777778,False,25.793215928449072,6.666666666666665,,,-177.7777777777778,,,,-146.66666666666669,5.476407520731041,3.613932750008386,-0.4230444045104531,-4.540642787727334,12.651149930730599,3.464468202304971,-0.4399400081807059,-9.104303737506992,-4.540642787727334,True,False
SAIC,vcp,136.0800018310547,121.3499984741211,129.7100067138672,,,,,,False,,,,2.0,14%->11%,13.9913123520889,10.824517312412377,0.43939541402265736,27.0,-4.681066307668001,6.445152884917962,False,-20.657276995305164,True,54.45982835680556,-12.177121771217713,83.80281690140845,-5.0505050505050715,-20.657276995305164,-8.812260536398464,38.829787234042556,11.242603550295849,-37.63837638376384,6.274731486715668,1.5450186467767635,-4.787812840043526,-5.566801619433203,-1.364113326337879,8.914285714285718,-6.216505894962488,5.483323911814586,-5.566801619433203,True,False
SEB,vcp,4412.33984375,3878.050048828125,4063.590087890625,,,,,,False,,,,2.0,16%->12%,15.645613001291503,12.10899010144667,0.523953488372093,35.0,-7.903964069163274,4.565914254378257,False,51.81524425014257,False,17.79316073556713,51.81524425014257,277.0561456752655,65.58204061041751,,28.57372826786866,-52.68489603168559,130.92076334535227,8.068808211366662,17.82258064516129,3.626943005181338,-2.900886381950041,14.51758340847611,21.750000000000004,-0.4149377593360981,-5.118110236220474,2.4193548387096753,-2.900886381950041,True,False
SKWD,vcp,59.02000045776367,52.4900016784668,59.310001373291016,,,,,,True,,,,2.0,18%->11%,17.765263434191393,11.064043931971707,0.6800482200387619,44.0,0.49136040880730986,11.498903282601269,False,7.920792079207928,True,26.793114426238425,15.053763440860223,7.920792079207928,212.12121212121212,23.59550561797754,-1.834862385321101,5.825242718446577,-6.363636363636349,18.279569892473123,11.86813186813187,10.085978835978837,316.6253101736973,4.73047304730474,37.60889155902674,-0.8636092912447935,76.3655462184874,-53.504273504273506,4.73047304730474,True,False
SND,vcp,5.480000019073486,5.084000110626221,5.300000190734863,,,,,,False,,,,2.0,9%->7%,8.623849663125473,7.226275676440929,0.45227312314927715,16.0,-3.2846683889073405,4.0754730629300875,False,-70.00000000000004,False,32.79308810446759,-53.70370370370371,,-70.00000000000004,,,-433.3333333333338,-62.50000000000006,-85.18518518518519,13.533287366888835,-42.195923180592985,-46.84582625296326,-64.3644390318161,7.974499089253184,8.339582428858971,8.236148489897044,-10.330958400367729,-64.3644390318161,True,False
SNOW,vcp,348.6099853515625,316.6300048828125,343.3999938964844,,,,,,False,,,,2.0,17%->9%,17.451109261913608,9.173569838081134,0.5363691521158561,24.0,-1.494504367057647,7.795570614291132,False,,False,53.793079108946756,,,,,,,,,35.094749290155455,33.47910033260595,30.120899500390163,28.746069925081798,11.203989213135479,8.330023349018756,5.8607034822892645,5.933785106845679,28.746069925081798,True,False
SNX,vcp,280.6099853515625,254.24000549316406,267.4599914550781,,,,,,False,,,,2.0,19%->9%,18.6564890330482,9.397377582754505,0.3824964466789707,11.0,-4.68621737747835,4.942790093573475,False,32.45614035087716,True,89.45975930962963,89.05109489051092,87.78280542986427,104.04040404040403,32.45614035087716,24.819277108433724,2.722772277227725,33.77483443708611,10.218978102189746,37.74526027984035,30.967485965604236,18.094852862089784,9.685196114275918,10.133394377764926,14.064373594430869,-1.2540436408245759,11.042261785949513,9.685196114275918,True,False
SON,vcp,51.15999984741211,47.11000061035156,48.400001525878906,,,,,,False,,,,2.0,20%->8%,20.35146417976922,7.916339423651138,0.7993534930585777,32.0,-5.394836453801935,2.6652910637566727,False,23.636363636363633,False,11.793080730960648,23.636363636363633,,141.17647058823528,439.1304347826087,-79.57957957957957,170.7317073170732,-75.2016129032258,801.8181818181818,-1.918175925037502,66.95478089248364,57.31774655040556,49.39314248268496,-5.177332723973627,-17.039586919104988,11.550579159471553,11.77215678657264,-1.918175925037502,True,False
SRCE,vcp,91.23999786376953,82.9800033569336,85.01000213623047,,,,,,False,,,,2.0,13%->9%,12.557710903001096,9.053041100646384,0.8490617203601257,79.0,-6.828141027404529,2.3879528623511335,False,7.2368421052631415,True,12.793112761747686,29.13907284768211,7.2368421052631415,31.49606299212593,21.27659574468086,19.631901840490794,-2.395209580838331,-2.3391812865497075,13.245033112582782,,,,,,,,,,False,False
STRZ,vcp,24.209999084472656,21.489999771118164,23.6299991607666,,,,,,False,,,,2.0,26%->11%,26.44320402456949,11.235024437068207,0.6760040238334752,12.0,-2.3957040299024377,9.056282122944486,False,-1076.923076923077,False,19.79309410738426,,,,-1076.923076923077,,,,,-6.866303690260134,-68.37712519319939,-7.494955318535601,-8.026467203682397,0.325839035516462,-4.3627298223745665,0.3753518923991228,-3.2970356926799727,-68.37712519319939,True,False
SU,vcp,72.05999755859375,65.86000061035156,70.91000366210938,,,,,,False,,,,3.0,19%->11%->9%,19.15058657138912,8.603937216623992,0.7073859763325897,88.0,-1.5958838959844353,7.121707503812007,False,,False,24.793067221469908,,,,,,,,,,,,,,,,,,False,False
SUNE,vcp,2.4200000762939453,2.25,2.2899999618530273,,,,,,False,,,,5.0,40%->29%->13%->10%->7%,40.24640340424532,7.024796319605415,0.0018751267717029509,21.0,-5.371905386052869,1.7467232541200604,False,-99.79591122766577,False,31.459750900104165,,,-99.79591122766577,,,-101.13647125674781,,,-37.52427807971278,-43.06674765867313,76.9849851217093,29.047002843925963,13.4483961176179,-73.56051132117567,43.26377003328905,45.38630372618291,-43.06674765867313,True,False
SVRA,vcp,5.050000190734863,4.635000228881836,4.829999923706055,,,,,,False,,,,2.0,12%->8%,12.213738443523368,8.21782071641145,0.7511779298910758,6.0,-4.356440766723906,4.0372608261781435,False,,False,32.79305962869213,,,,,,,,,,,,,-100.0,,,,,False,False
TCMD,vcp,23.299999237060547,21.610000610351562,22.1200008392334,,,,,,False,,,,3.0,24%->15%->7%,24.379420326572692,7.253213227667852,0.46193557716640754,46.0,-5.064370971953788,2.3056067338716737,False,12.5,False,23.793030503506944,142.85714285714283,,12.5,71.42857142857142,,-117.77777777777779,25.0,157.1428571428571,8.609086876623785,22.848795456029247,21.042238710054328,17.323136278439797,13.858663159153405,-27.34424773635539,20.80228558101569,8.681325644762694,8.609086876623785,True,False
THC,vcp,283.04998779296875,248.86000061035156,260.57000732421875,,,,,,False,,,,2.0,14%->12%,14.495508516305605,12.079133954114413,0.6718177640204918,66.0,-7.942053148998025,4.493996386658887,False,-21.06339468302658,True,19.459697382569445,213.37579617834393,87.58782201405153,11.345646437994649,-21.06339468302658,22.846441947565555,89.81042654028433,9.326424870466333,22.92993630573248,6.7729083665338585,2.7761822707256467,9.164526960300211,3.1798673429574764,4.843517138599096,-2.8767866835534672,4.499905464170917,0.34149117814457064,2.7761822707256467,True,False
TIGO,vcp,96.39687229922403,82.01667439667064,87.94999694824219,,,,,,False,,,,2.0,20%->15%,19.621018554905678,14.917701746500697,0.5724389758116273,44.0,-8.762603131730277,6.746245318306558,False,,False,26.45969643474537,,,,,,,,,,,,,,,,,,False,False
TNK,vcp,103.16000366210938,92.54000091552734,106.62000274658203,,,,,,True,,,,2.0,12%->10%,12.272346111464772,10.29469016050719,0.8119171986844651,33.0,3.3540121768563997,13.20577890484631,False,,False,25.793010938425926,,,,,,,,,,,,,,,,,,False,False
TRLV,vcp,11.300000190734863,9.869999885559082,10.369999885559082,,,,,,False,,,,2.0,21%->13%,20.997680498902206,12.65486974370383,0.6125956050558032,11.0,-8.230091057328568,4.821600824666193,False,,False,26.45968133212963,,,,,,,,,-10.306336606132028,-3.6962654486835,-2.6558634544820547,1.3729228517960879,-5.510646756453264,-2.1808171327013404,1.7211046993792278,-4.6010076600703105,-10.306336606132028,True,False
TRV,vcp,383.989990234375,353.7900085449219,370.2699890136719,,,,,,False,,,,2.0,10%->8%,9.987456387691163,7.86478357704586,0.7365441483232987,51.0,-3.5730101225630606,4.450801025664949,False,22.321428571428605,True,6.459691879444445,57.1209800918836,357.64705882352945,22.321428571428605,52.02952029520296,31.87660668380463,-29.014598540145986,33.00970873786409,26.186830015313944,0.305381313965003,0.9652836579170154,3.530979347101937,4.754704301075274,1.9204964776920574,-4.086229086229087,-0.30473135525260764,2.921756355232752,0.305381313965003,True,False
TWN,vcp,108.2699966430664,99.41000366210938,103.25,,,,,,False,,,,2.0,13%->8%,12.606818882537329,8.183239360545805,0.7172485825126828,27.0,-4.636553799494263,3.719124782460654,False,,False,,,,,,,,,,,,,,,,,,,False,False
TYRA,vcp,22.6200008392334,19.5,19.969999313354492,,,,,,False,,,,2.0,22%->14%,22.106822280662684,13.79310664667127,0.6907960086689543,13.0,-11.715302509107758,2.3535269379813677,False,,False,25.793008308506945,,,,,,,,,,,,,,,,,,False,False
U,vcp,41.970001220703125,38.439998626708984,45.88999938964844,,,,,,True,,,,2.0,12%->8%,12.340139191516975,8.410775533294117,0.5972401421056549,11.0,9.340000130883103,16.23447562001924,False,,False,25.459666095150464,,,,,,,,,23.931383577052866,16.83632183908046,10.061277753834519,5.39688298541825,7.522066433442598,1.023476959345171,6.900332543586574,6.728972386516197,5.39688298541825,True,False
UFPT,vcp,310.1499938964844,286.1400146484375,286.55999755859375,,,,,,False,,,,2.0,19%->8%,19.40007472846959,7.741408905544084,0.7772214993052646,46.0,-7.605996067104234,0.14656020161026656,False,0.0,True,23.792986827812502,21.26696832579187,1.3574660633484337,6.730769230769251,0.0,19.64285714285714,0.9009009009008917,5.2132701421801375,-4.52488687782806,15.0738212414669,4.086454086454094,2.5832673165019138,,12.815657384469725,3.550347513682306,-3.6510565612909107,2.2371275863893647,2.5832673165019138,False,False
UMAC,vcp,23.360000610351562,20.639999389648438,21.389999389648438,,,,,,False,,,,2.0,16%->12%,16.40807345585594,11.643840537820044,0.722202894068834,6.0,-8.433224183351069,3.506311460499424,False,,False,26.459655397453705,,,,,-176.19047619047618,,-620.0,,687.3212427670824,296.4077755471772,144.42714030227305,39.400390788263806,106.55639516413129,65.27649361755641,129.47561777729476,0.499912898958077,39.400390788263806,True,False
VATE,vcp,7.659999847412109,7.039999961853027,7.199999809265137,,,,,,False,,,,2.0,13%->8%,13.447436924589315,8.093993445294203,0.7209086694483079,12.0,-6.005222549741711,2.222220161814694,False,,False,33.79294386759259,,,,,,,,,-35.464961364241944,-15.103036876355747,-0.8493236866939258,-11.800635230881994,-22.644522516767807,-0.6662436548223405,-12.686980609418285,-3.8102851052491338,-35.464961364241944,True,False
VELO,vcp,10.0,8.8100004196167,8.979999542236328,,,,,,False,,,,2.0,24%->12%,24.052866996971265,11.899995803833008,0.4054798747961028,4.0,-10.200004577636719,1.8930860944931995,False,-102.31326644370122,False,30.792944731319444,,,-102.31326644370122,,,,,,52.254641909814325,48.240343347639495,14.477991997089855,31.863882443928837,49.565720903300516,46.34043003919077,-30.784457478005866,0.5010315355142847,14.477991997089855,True,False
VG,vcp,13.8100004196167,12.760000228881836,13.289999961853027,,,,,,False,,,,3.0,21%->11%->8%,20.835569551805747,7.603187247144243,0.6541231890011777,18.0,-3.7653906007491975,3.987958875037449,False,17.14285714285715,False,30.45962585363426,264.2857142857143,26.666666666666682,17.14285714285715,,168.42105263157893,-53.65853658536586,156.25,14.28571428571428,47.629796839729124,58.91499654457499,191.66666666666666,259.50323974082073,-0.45662100456621557,3.464566929133861,33.5235806548513,7.3524669461463965,47.629796839729124,True,False
VMD,vcp,9.390000343322754,8.595000267028809,9.40999984741211,,,,,,True,,,,2.0,31%->8%,31.093117684024772,8.466454177067963,0.5744544828507704,51.0,0.21298725621002934,8.660994618479593,True,-12.49999999999999,True,25.79294342869213,-12.49999999999999,0.0,39.99999999999997,-10.000000000000009,16.666666666666675,-57.14285714285715,55.55555555555558,12.5,23.85340015224562,27.541477109371026,25.51445753356949,23.981104751396455,3.5576948577187295,-1.0068127223323398,5.933476096448542,14.047830499873125,23.85340015224562,True,False
VMI,vcp,511.0230166790752,458.2699890136719,468.70001220703125,,,,,,False,,,,2.0,22%->10%,22.196769707589922,10.323023805898842,0.7234115668246438,73.0,-8.282015308641766,2.2253089229176912,False,21.16788321167884,False,10.45959646667824,,27.54629629629628,134.28571428571422,21.16788321167884,11.433756805807626,-38.91352549889135,81.12449799196784,,6.486233851285239,6.1778742492113015,0.09312692447849269,2.529467983434208,8.6953226641741,-0.8729027411245704,-0.7380638253121519,-0.43482068406203167,0.09312692447849269,True,False
VRA,vcp,5.21999979019165,4.829999923706055,5.079999923706055,,,,,,False,,,,2.0,13%->7%,12.663754003662275,7.471262110362595,0.8236252083017724,13.0,-2.681989887215219,4.921259916429594,False,,False,61.45959017903935,,,,,,-269.99999999999983,,,1.1163171413248962,7.832584791698927,-39.162778697512415,-11.67657449314019,28.629133603820335,-34.381773631137506,36.359693508746574,-12.144006322504165,-39.162778697512415,True,False
VRT,vcp,258.1000061035156,239.63999938964844,243.72999572753906,,,,,,False,,,,2.0,23%->7%,23.140906390792164,7.152268995477463,0.582701882270377,22.0,-5.5676133421760605,1.6780849339786434,False,53.0120481927711,True,11.459594584490741,53.0120481927711,135.71428571428572,200.00000000000006,121.73913043478262,28.282828282828287,-13.157894736842113,11.764705882352944,22.89156626506026,24.11584094613548,30.13261296660117,22.741220593249235,29.047504219918018,23.581807888280814,-8.003472222222218,7.631362583152712,1.429058792312654,22.741220593249235,True,True
VTRS,vcp,18.43000030517578,16.889999389648438,17.440000534057617,,,,,,False,,,,2.0,14%->8%,13.648720467937157,8.355946229121104,0.6868061806180618,44.0,-5.371675283370115,3.1536761901762143,False,-237.5,False,26.459572613472222,,,,-237.5,-166.66666666666669,,,,4.9565704679181755,8.217192895905278,4.986630255447455,0.2541466024612138,6.729919936176887,-4.904218711897467,-1.5156771180787176,5.001400952647805,0.2541466024612138,True,False
WASH,vcp,39.94241340158059,36.59000015258789,37.349998474121094,,,,,,False,,,,2.0,18%->8%,18.238986380994962,8.393116398069317,0.3413312693498452,120.0,-6.49038129317671,2.0348014794693703,False,-12.49999999999999,False,9.792879638368055,22.058823529411754,4.761904761904767,,-12.49999999999999,25.757575757575736,-21.42857142857141,49.99999999999996,-17.647058823529406,-2.7379857186664913,-10.928033176553885,-2.311856490818387,-6.363445441180882,0.8482756271221081,-4.314803546592493,-1.706717932286661,2.543041135497437,-10.928033176553885,True,False
WBI,vcp,30.56999969482422,27.34000015258789,29.780000686645508,,,,,,False,,,,2.0,17%->11%,16.861140563364483,10.565912903110682,0.6964889579958028,19.0,-2.5842296894509458,8.193420006037162,False,,False,25.792918440590277,,,,,25.0,,,,128.0048580283106,105.26708201409458,132.59913365923185,,8.356677629778542,-3.7839726925857353,69.47748478701826,29.041376999748714,105.26708201409458,False,False
WELL,vcp,243.0399932861328,220.0,223.0399932861328,,,,,,False,,,,2.0,12%->9%,11.61833653292256,9.479918500083093,0.7650226545115343,51.0,-8.229098318174264,1.3629812489425948,False,-43.83561643835616,True,16.79287590638889,154.99999999999997,-35.00000000000011,-43.83561643835616,7.14285714285714,684.6153846153853,-68.29268292682929,-8.888888888888902,12.5,49.14916895946968,45.07542519970169,36.37692818638671,41.448309368032255,8.797903955005616,23.997729665222643,4.5826475715407655,5.712646082390727,36.37692818638671,True,False
WERN,vcp,35.46897151371725,32.060001373291016,33.0,,,,,,False,,,,2.0,20%->10%,19.53568387147713,9.611133322847692,0.7887828791313056,22.0,-6.960933481712041,2.8484806869969224,False,-409.0909090909092,False,17.792872231458333,-84.72222222222221,,-342.1052631578946,-409.0909090909092,,,,-147.22222222222223,24.5521234206314,13.942195364668208,-2.275266522494046,3.5629859196039337,15.728930523858885,9.749714179343961,-4.300805096462678,2.4701835643496928,-2.275266522494046,True,False
WLY,vcp,49.63174570004176,45.65128338441383,49.63999938964844,,,,,,True,,,,2.0,15%->8%,15.14323257486185,8.019992566218727,0.4364748026207485,26.0,0.01662985955915845,8.035286168972808,True,-204.54545454545453,False,54.45953463482639,-204.54545454545453,103.2,,13.513513513513509,-109.05511811023622,353.57142857142856,-33.33333333333333,281.8181818181818,-2.6307963709677473,1.2115351157646392,1.3370371651846291,-1.1355032290580103,-13.747346190681364,9.244310255684862,-2.7777053284995135,6.288054435483881,-2.6307963709677473,True,False
WST,vcp,360.2900085449219,331.989990234375,363.2699890136719,,,,,,True,,,,2.0,16%->8%,15.733165792242696,7.85478854238567,0.28477729826561354,54.0,0.8271060529224885,8.61067517969937,True,2.2471910112359605,True,19.459531133483797,18.13186813186811,56.09756097560976,2.2471910112359605,3.7837837837837673,11.979166666666675,5.494505494505475,-5.208333333333314,5.494505494505497,13.803000652315722,21.0458452722063,7.505341880341887,7.725264426295353,3.2429873357793904,4.956521739130437,0.0497141436738735,4.9706457925636105,7.505341880341887,True,False
WT,vcp,25.030000686645508,22.56999969482422,22.68000030517578,,,,,,False,,,,2.0,17%->10%,16.634502089249782,9.828209845530674,0.6988040249888751,24.0,-9.388734786266085,0.48501150296042705,False,-200.0,False,20.459530345543982,64.70588235294119,-200.0,39.99999999999997,,,-160.71428571428572,115.38461538461537,-23.529411764705888,,,,,,,,,,False,False
