ticker,pattern_type,entry_price,stop_price,last_close,ribbon_width_pct,squeeze_days_ago,expanding,breakout,n_contractions,contraction_pcts,first_contraction_pct,final_contraction_pct,volume_dryup_ratio,base_len,pole_gain_pct,pole_len,flag_len,retracement_pct,volume_ratio,extension_pct,risk_pct,is_lre,eps_min_yoy_pct,eps_full_history_available,days_to_earnings,eps_yoy_q1_pct,eps_yoy_q2_pct,eps_yoy_q3_pct,eps_yoy_q4_pct,eps_qoq_q1_pct,eps_qoq_q2_pct,eps_qoq_q3_pct,eps_qoq_q4_pct,revenue_yoy_q1_pct,revenue_yoy_q2_pct,revenue_yoy_q3_pct,revenue_yoy_q4_pct,revenue_qoq_q1_pct,revenue_qoq_q2_pct,revenue_qoq_q3_pct,revenue_qoq_q4_pct,revenue_min_yoy_pct,revenue_full_history_available,passes_growth
GTBP,bull_flag,10.479999542236328,6.329999923706055,6.829999923706055,,,,False,,,,,,,4515.079336264447,5.0,8.0,46.58112268689564,0.1670248460983861,-34.8282421561194,7.320644298465716,False,,False,,,,,,,-102.03703703703704,,,,,,,,,,,,False,False
BURU,bull_flag,1.25,0.8799999952316284,1.0399999618530273,,,,False,,,,,,,3548.6486660641767,11.0,8.0,35.7958888230398,0.5304271970958205,-16.800003051757812,15.384612739438744,False,,False,,,,,,,,,,,,-100.0,,28.77093738654315,,,,-100.0,False,False
OPTT,bull_flag,2.309999942779541,2.009999990463257,2.0899999141693115,,,,False,,,,,,,1990.9090588900667,6.0,3.0,13.2420076752685,0.030672612045121495,-9.523810998259648,3.8277477029395643,False,,False,79.82597796186343,,,,,-211.30434782608694,,,,-38.01652892561983,22.672064777327925,162.5,25.581395348837212,-0.990099009900991,-57.56302521008403,-5.555555555555558,56.19834710743801,-38.01652892561983,True,False
SWVL,bull_flag,5.989999771118164,3.700000047683716,4.03000020980835,,,,False,,,,,,,277.39726609015094,15.0,8.0,44.691360393978144,0.05071653566912007,-32.72119592992802,8.188589204572951,False,,False,,,,,,,,,,,,,,,,,,,False,False
RFAI,bull_flag,54.70000076293945,25.0,31.0,,,,False,,,,,,,220.00000000000003,15.0,11.0,31.818181818181817,0.07103229978557571,-43.32724027857193,19.35483870967742,False,,False,,,,,,,,,,,,,,,,,,,False,False
IGR,bull_flag,12.73169280374991,11.850000381469727,11.890000343322754,,,,False,,,,,,,191.1669203969298,14.0,12.0,10.766863666985394,0.7364706055607917,-6.61100195709442,0.33641682672861084,False,,False,,,,,,,,,,,,,,,,,,,False,False
MRNA,bull_flag,195.70899963378906,130.3800048828125,194.82000732421875,,,,False,,,,,,,139.5330364542316,11.0,15.0,23.25554129838662,0.2876134240896857,-0.4542419159230266,33.07668618149954,False,-1800.0,False,40.49270334841435,,,,-1800.0,,,,,2.1126760563380254,260.18518518518516,-29.81366459627329,-45.43501611170784,-62.724935732647815,-42.62536873156342,-33.26771653543307,615.4929577464789,-45.43501611170784,True,False
VNCE,bull_flag,11.979999542236328,8.9399995803833,11.140000343322754,,,,False,,,,,,,112.72364538674289,6.0,4.0,31.040570603399203,0.4866028365096332,-7.011679724628521,19.748659740913922,False,-38.235294117647065,False,73.49229690789352,-13.978494623655912,,,-38.235294117647065,,,-233.33333333333334,-77.41935483870968,11.66969320462583,10.532856920925893,4.699186991869908,6.192460267957389,27.723900991645188,-23.501021419952927,-1.6669407701524808,16.22724976447618,4.699186991869908,True,False
PURR,bull_flag,14.760000228881836,10.545000076293945,14.09000015258789,,,,False,,,,,,,91.16767643599906,14.0,14.0,36.535306264488625,0.8487328578938741,-4.5392958394601735,25.159687990797075,False,,False,51.492532866030096,,,,,1306192.0792079207,,,,,,,,425.2,,,,,False,False
AOUT,bull_flag,17.30500030517578,16.3700008392334,17.030000686645508,,,,False,,,,,,,69.1457311188536,12.0,3.0,6.686033093329921,0.18474542357827137,-1.5891338554211025,3.8755127469235187,False,-3300.0,False,75.82665826145833,,,-3300.0,-33.33333333333333,,,-300.0,,25.425897245976703,-24.027315876142197,-3.297154089394072,-5.035529286757868,-20.83554686669925,-16.821620475113118,-1.0891798807671438,92.57625749107805,-24.027315876142197,True,False
HTFL,bull_flag,52.22100067138672,45.40999984741211,48.65999984741211,,,,False,,,,,,,67.50418546406112,15.0,15.0,22.77915751604705,0.7955763389584065,-6.819097256261076,6.678997143837527,False,,False,46.82624016633102,,,,,,-106.98689956331877,,,47.57277081798084,41.34390538906061,49.17410578733224,49.01783989180137,21.859014585353798,7.038612632050323,6.165182816146597,6.567796610169485,41.34390538906061,True,False
AMLX,bull_flag,35.310001373291016,29.829999923706055,30.139999389648438,,,,False,,,,,,,60.94260936681724,12.0,15.0,35.68147982197692,0.30276607143222284,-14.6417495966263,1.0285317591905854,False,,False,40.49333403847222,,,,,,,,,,-100.0,,-100.0,,,,,-100.0,False,False
SDGR,bull_flag,31.594999313354492,28.31999969482422,29.450000762939453,,,,False,,,,,,,60.851069139970384,7.0,3.0,16.783216666624984,0.7667581497422977,-6.789044459666744,3.8370154120242104,False,,False,39.82579715565972,,,,,,-280.0,,,7.542139191731034,-1.6187805410488476,-1.2251321942547855,53.935959195239434,0.5154727157901995,-32.84002980455093,60.5827994993005,-0.7943899632937068,-1.6187805410488476,True,False
ETON,bull_flag,62.38999938964844,53.599998474121094,59.4900016784668,,,,False,,,,,,,51.86274569385652,14.0,15.0,39.50850978561798,0.580655058679144,-4.648177175111176,9.900828774858933,False,150.0,False,47.826365136944446,,150.0,,,599.9999999999999,,,,98.58939137785292,40.411989353084145,82.71657937666352,117.5416505230531,54.90398087859556,14.026596494525624,-5.245113317600958,18.65490278951818,40.411989353084145,True,False
IRD,bull_flag,5.619999885559082,4.599999904632568,4.869999885559082,,,,False,,,,,,,49.44751432158056,11.0,6.0,45.251394415730616,0.3443292391130962,-13.34519600128763,5.54414758257263,False,,False,46.49286418537037,,,,,,,,,-73.8029146426093,-50.64073226544623,-10.1580660158066,-20.37755365916731,-64.99768196569309,-44.191461836998705,25.527768756089642,6.835530881332419,-73.8029146426093,True,False
TITN,bull_flag,26.440000534057617,22.520000457763672,23.479999542236328,,,,False,,,,,,,48.135582955760945,13.0,13.0,43.42722400358367,0.5837988013349563,-11.195162375312677,4.0885822111954875,False,-28.57142857142857,False,59.492355959189815,,,,-28.57142857142857,,,-3279.9999999999995,,-9.158056168630335,-12.1067880794702,-15.539246842763921,-5.194579773588459,-4.976635827107034,-18.61132534062493,-0.41504398690478395,17.95009754294268,-15.539246842763921,True,False
ANF,bull_flag,150.0,130.80999755859375,134.3000030517578,,,,False,,,,,,,47.10776346632819,15.0,11.0,43.67556934938817,0.4830835280249783,-10.466664632161459,2.5986637482197605,False,-7.547169811320764,True,60.493323966203704,43.29896907216495,-7.547169811320764,1.4084507042253946,-5.600000000000005,183.6734693877551,-59.16666666666668,52.54237288135597,-18.900343642611695,4.809773614880508,1.5045871225204177,5.355800966233559,6.753953378341482,13.724646958532837,-33.29622314501959,29.37993319484682,6.789815979347313,1.5045871225204177,True,False
FEIM,bull_flag,89.5199966430664,82.69999694824219,84.54000091552734,,,,False,,,,,,,46.69524095281044,10.0,3.0,22.23791967726559,0.8484140726721165,-5.562998116940589,2.1764891735968805,False,-251.51515151515147,True,75.82631696765046,485.7142857142856,-251.51515151515147,-90.0,-35.71428571428572,,-412.5,-11.111111111111105,157.1428571428571,,,-100.0,-100.0,,,,,-100.0,False,False
AVAH,bull_flag,14.710000038146973,12.260000228881836,12.380000114440918,,,,False,,,,,,,45.8563484095716,15.0,15.0,22.65059438044485,0.8055369270285745,-15.839564362092048,0.9693043978174571,False,38.46153846153846,False,40.49326687261574,38.46153846153846,533.3333333333334,453.3333333333334,,-5.263157894736848,-77.10843373493977,1283.3333333333335,-53.846153846153854,13.727349364688157,15.859655522652826,27.43136772128525,22.18347697451786,3.48317294706868,-2.1985569375679304,6.517971129140654,5.493823286456001,13.727349364688157,True,False
RCMT,bull_flag,42.5099983215332,38.84000015258789,40.59000015258789,,,,False,,,,,,,45.617104182029,15.0,15.0,20.67639487898084,0.7325924311760006,-4.516580204080479,4.311406734223492,False,-14.28571428571428,True,39.82585142037037,36.00000000000001,-3.703703703703709,110.52631578947363,-14.28571428571428,30.76923076923077,-35.0,166.66666666666669,-40.0,20.021492720620216,-1.698767653569777,12.434990638651966,16.439990060465504,12.979599701341549,-3.9756695499329253,23.0292079841796,-10.077271447944113,-1.698767653569777,True,False
ARX,bull_flag,19.899999618530273,19.510000228881836,19.739999771118164,,,,False,,,,,,,44.74651917624679,15.0,15.0,3.1198768397963677,0.226149279187538,-0.8040193491417075,1.165144604372505,False,-1525.0000000000007,False,46.49331607785879,800.0,-166.66666666666669,-1525.0000000000007,,,,,-17575.0,62.89365586490187,53.53932584269663,61.6135328562134,105.53420445810913,30.5890962312477,10.024154589371982,-7.10545998504114,22.0447284345048,53.53932584269663,True,False
NRGV,bull_flag,4.900000095367432,4.195000171661377,4.300000190734863,,,,False,,,,,,,43.73088185564609,13.0,3.0,35.31466421156634,0.7951415824455977,-12.24489577459032,2.4418608003722433,False,,False,44.826028701064814,,,,,,,,,-10.96504955659885,-72.16294214023736,-99.3114102593554,-86.85884455032758,-74.50330136536105,2691.576313594662,-78.26323422770123,-42.45174752217006,-99.3114102593554,True,False
CNH,bull_flag,14.359999656677246,13.140000343322754,13.279999732971191,,,,False,,,,,,,43.569292142588665,13.0,13.0,28.832936114512503,0.6085130859535764,-7.5208910134191145,1.0542122926467472,False,-90.0,True,44.49315190555555,-35.29411764705883,-90.0,-42.8571428571429,-75.0,1000.0,-87.5,33.33333333333328,-64.70588235294117,3.0340711265854248,-0.06305170239596647,7.7984984257689405,-7.380535401551159,30.69400630914827,-28.780049427095033,20.232306861156136,-7.933349912956977,-7.380535401551159,True,False
RCEL,bull_flag,11.8100004196167,9.600000381469727,11.579999923706055,,,,False,,,,,,,42.67515853924549,15.0,13.0,47.76117830877669,0.7553570142996072,-1.9475062467280535,17.098441755452537,False,,False,40.825851887071764,,,,,,,,,17.90299572039944,4.0327421555252485,-4.288381287063469,-12.875116015262456,12.72031053294167,9.368366703000408,3.1603243179262552,-7.2917809722374605,-12.875116015262456,True,False
FGI,bull_flag,10.300000190734863,6.5,8.050000190734863,,,,False,,,,,,,42.49470917419566,15.0,15.0,11.940288593270902,0.008881757718485546,-21.844659789656482,19.254660298254823,False,-1241.6666666666672,False,47.82631082258102,,,-1241.6666666666672,,,,,,2.8623929214091293,-8.162842549749572,-14.399566381545249,-0.6934174320141762,4.537789338608711,0.10659036437152825,-15.007109988794342,15.647978305879096,-14.399566381545249,True,False
AXTI,bull_flag,79.38999938964844,69.5999984741211,75.9000015258789,,,,False,,,,,,,42.452324782954534,13.0,3.0,43.366926798488855,0.7270098526684016,-4.3960169928211235,8.30039911080866,False,,False,33.82659564590278,,,,,,,,,164.76577278290864,39.098987394089676,-8.221469826727745,18.227955170226263,76.75308275144852,16.852567162883545,-17.578250760150237,55.53021030377212,-8.221469826727745,True,False
SEI,bull_flag,71.4000015258789,64.2300033569336,70.0999984741211,,,,False,,,,,,,40.60649366399034,12.0,4.0,26.99145207414106,0.6952187143218829,-1.820732526576525,8.37374499994395,False,,False,37.82578910712963,,,,,,,,,46.068253070874235,26.08044174979536,-2.171723952738991,0.5939269527510893,25.097111416781303,3.9343512323440244,0.23960745649234116,12.075345633962066,-2.171723952738991,True,False
DOCN,bull_flag,151.8300018310547,136.02000427246094,141.57000732421875,,,,False,,,,,,,39.37255634035262,12.0,3.0,24.55800233667525,0.6825323005956105,-6.757554095436625,3.9203240549725953,False,-61.53846153846154,True,39.49308764344907,-25.64102564102565,-61.53846153846154,9.523809523809534,357.5757575757575,93.33333333333333,-34.78260869565217,-84.76821192052981,287.1794871794872,28.57064471879287,22.40214899645472,18.282298401854334,15.693960218455905,9.026191814815544,6.400841618878661,5.554926535269167,4.999542752629171,15.693960218455905,True,False
VRA,bull_flag,4.579999923706055,4.0,4.070000171661377,,,,False,,,,,,,39.34426447359092,6.0,4.0,20.83333250549108,0.17521392972447733,-11.135365950661305,1.7199058650850827,False,,False,75.49229550724536,,,,,,-269.99999999999983,,,1.1163171413248962,7.832584791698927,-39.162778697512415,-11.67657449314019,28.629133603820335,-34.381773631137506,36.359693508746574,-12.144006322504165,-39.162778697512415,True,False
DELL,bull_flag,595.510009765625,530.4500122070312,536.02001953125,,,,False,,,,,,,38.447064568014696,11.0,5.0,35.465118450768095,0.6824575270646148,-9.989754875453476,1.039141659128651,False,39.02439024390243,True,62.82642287525463,272.94117647058823,282.4817518248175,55.60747663551404,39.02439024390243,20.992366412213737,57.357357357357365,46.05263157894739,34.11764705882352,57.747850617947336,87.53528958850201,39.48017216163136,10.830665681687602,7.13699192555084,31.346055903412328,23.603036474726903,-9.306152606125739,10.830665681687602,True,False
FTK,bull_flag,31.889999389648438,28.940000534057617,28.950000762939453,,,,False,,,,,,,37.779720742076584,12.0,4.0,28.571422242080903,0.8002467318846853,-9.219186839066902,0.034543104035554294,False,-40.00000000000002,True,38.8262815653588,420.0,-29.41176470588236,-40.00000000000002,562.5,116.6666666666667,33.33333333333337,-83.01886792452831,960.0,70.29477292202229,26.532639716773243,33.02401639182773,12.643239113827342,41.849509642974404,3.7500555399220925,20.502935874783603,-3.974293059125966,12.643239113827342,True,False
COHU,bull_flag,64.91000366210938,58.83000183105469,63.70000076293945,,,,False,,,,,,,37.27354878022548,13.0,3.0,10.874831108093137,0.674566134273664,-1.8641239114214534,7.645210162568981,False,,False,33.82648443511574,,,,,,,,,38.37481426448737,29.259171255307503,29.863368819192115,32.41698307146903,19.088228006937392,2.3635768632905174,-3.1833915516162548,17.244613670133724,29.259171255307503,True,False
GORO,bull_flag,3.950000047683716,3.369999885559082,3.5199999809265137,,,,False,,,,,,,35.689046561549056,13.0,12.0,46.53465673743764,0.8337128148973261,-10.886077508007999,4.261366368756328,False,,False,66.82627991512732,,,,,,,,,,,,,,,,,,False,False
PRE,bull_flag,25.010000228881836,21.549999237060547,22.93000030517578,,,,False,,,,,,,35.058438425911916,13.0,11.0,43.17461470807732,0.5703333133774359,-8.316672949503003,6.0183211938455115,False,,False,45.49257260416667,,,,,,,,,,,,,,,,,,False,False
RXT,bull_flag,4.289999961853027,3.9000000953674316,4.199999809265137,,,,False,,,,,,,34.66666539510091,13.0,3.0,13.461526117380807,0.7052964177262168,-2.0979056733841057,7.142850655276464,False,,False,40.82579124309028,,,,,-1000.0000000000002,,,,0.5703136725198954,1.908626390141266,-0.40840140023337135,-0.6806747558449233,-1.1797669960182833,-0.6883421206795526,1.728247914183556,0.7354044724598552,-0.6806747558449233,True,False
NRXS,bull_flag,7.809999942779541,6.940000057220459,7.75,,,,False,,,,,,,34.094904001954276,5.0,5.0,35.56701220973461,0.376899320568252,-0.7682451116406452,10.451612164897304,False,,False,,,,,,,,,,115.71694445500769,79.5203510280186,27.190162448352197,21.71970748171761,19.952446788727784,66.08182604141813,19.3135686591555,-9.246537805088106,21.71970748171761,True,False
HUT,bull_flag,110.69000244140625,98.52999877929688,101.54000091552734,,,,False,,,,,,,33.32473710947548,13.0,3.0,18.916826608496343,0.7495528091714774,-8.266330584573309,2.9643511021184,False,-273.758865248227,False,39.49290552238426,-207.62711864406782,,-273.758865248227,4200.0,,,-669.7674418604652,-63.559322033898304,81.43780721082834,225.54205821682328,179.2137313056099,90.94546701726307,5.512764549333249,-19.74936153863539,5.96814752724224,102.2082859149132,81.43780721082834,True,False
HBIO,bull_flag,8.369999885559082,7.849999904632568,8.020000457763672,,,,False,,,,,,,32.90112978718997,15.0,15.0,17.24137688039466,0.6563053851397409,-4.181594176593368,2.1197075240380614,False,106799.99999999991,False,40.49290634635417,,,106799.99999999991,,,-107.20299345182414,,,11.134474327628352,-4.679893450904748,-3.3433784003909395,-6.276741010468823,9.501324981932058,-12.555298082999789,15.268806760235055,0.6894865525672422,-6.276741010468823,True,False
EPRX,bull_flag,8.770000457763672,7.841000080108643,8.15999984741211,,,,False,,,,,,,32.807568984947586,7.0,9.0,27.83653929917773,0.5577166024144359,-6.955536813131605,3.909310946919141,False,,False,38.82636660935185,,,,,,,,,,,,,,,,,,False,False
KEEL,bull_flag,4.230000019073486,3.819999933242798,3.9000000953674316,,,,False,,,,,,,32.57329837666456,13.0,3.0,25.00001788138917,0.7933953393462757,-7.801416600899588,2.051286158163458,False,,False,44.49281912564815,,,,,,,,,,,,,-50.039403690812364,,,,,False,False
ALAB,bull_flag,369.1499938964844,335.0,360.510009765625,,,,False,,,,,,,32.5630170039561,5.0,3.0,6.85781540033274,0.798498451199664,-2.3405077268624215,7.07608917217294,False,-79.67479674796748,False,38.826715014814816,186.20689655172416,144.44444444444446,-79.67479674796748,,88.63636363636363,76.0,-50.0,72.41379310344828,104.45486518171161,93.40010787621831,91.77226852639338,103.8934969845958,27.253446447507955,13.961704911247196,17.351404098449528,20.13807476878988,91.77226852639338,True,False
BE,bull_flag,284.25,251.3000030517578,266.6499938964844,,,,False,,,,,,,32.278240723037314,14.0,3.0,32.4222973971613,0.6869265781493663,-6.1917347769624005,5.756606486436129,False,65.44129822818347,False,31.82654361349537,,65.44129822818347,,,-99.76979281353218,,,,133.78948951018285,36.28098998656175,59.520627975487585,21.377789349547417,-3.411645196146307,50.539320633275594,29.545293951384966,24.116243085616198,21.377789349547417,True,False
OBIO,bull_flag,6.480000019073486,5.75,5.949999809265137,,,,False,,,,,,,31.856546451385736,11.0,3.0,33.11257776233935,0.6192318925233645,-8.17901555938775,3.361341439939273,False,,False,40.82597617618055,,,,,,-217.8571428571429,,,-89.47368421052632,-87.32718894009217,12120.158102766798,-12.765957446808507,-19.999999999999996,-99.64420868777695,3490.8246225319394,2.9904306220095656,-89.47368421052632,True,False
CMDB,bull_flag,24.760000228881836,22.239999771118164,22.799999237060547,,,,False,,,,,,,31.37685882794836,15.0,13.0,29.89511585473209,0.7769926125794163,-7.915997470529114,2.456138090707146,False,,False,48.49317080246528,,,,,,,,,,,,,,,,,,False,False
RBRK,bull_flag,116.12000274658203,110.05999755859375,113.80000305175781,,,,False,,,,,,,30.363528096114333,6.0,3.0,11.022431755915028,0.6980295311576701,-1.9979328625123611,3.286472225719587,False,-107.73286467486818,False,68.82585313266203,,,-107.73286467486818,,,,,,37.888078487058664,38.992606317845734,46.3324292909725,48.263597794883516,10.383705188752357,2.484616769574566,7.858558512248481,13.007809978700058,37.888078487058664,True,False
MGRT,bull_flag,121.9800033569336,116.98999786376953,121.68000030517578,,,,False,,,,,,,29.85476160419045,11.0,10.0,13.369366070171735,0.27489481065918653,-0.24594445278047264,3.8543741203514412,False,,False,,,,,,,,,,,,,,,,,,,False,False
MOVE,bull_flag,12.039999961853027,10.010000228881836,11.979999542236328,,,,False,,,,,,,29.56926561971953,13.0,9.0,44.09448434566114,0.3716663714457913,-0.49834235719935,16.444068352499695,False,-195.37444933920702,False,,,,-195.37444933920702,,,,,,,,,,,,,,,False,False
CIFR,bull_flag,19.7450008392334,17.719999313354492,18.100000381469727,,,,False,,,,,,,29.363450120906464,13.0,3.0,27.505834864065843,0.7690350173253153,-8.331225058724986,2.099453370753897,False,-4875.000000000002,False,37.49317462614583,,,-4875.000000000002,,,,,,-42.988637667852636,-28.842500868073284,41.418184401866284,197.51472906812714,-28.70715884953212,-41.65564133911674,-16.729189618865657,64.59772753357053,-42.988637667852636,True,False
UMC,bull_flag,25.799999237060547,23.799999237060547,24.100000381469727,,,,False,,,,,,,29.050870499127246,15.0,4.0,14.62096100057978,0.72741761434382,-6.589143045976714,1.244818006890356,False,,False,32.492297321608795,,,,,,,,,,,,,,,,,,False,False
OABI,bull_flag,4.994999885559082,3.890000104904175,4.789999961853027,,,,False,,,,,,,28.106502281059086,15.0,13.0,46.31577969918094,0.42118964055564206,-4.1041026707272765,18.789141213284783,False,,False,39.825976466458336,,,,,,,,,244.23915832691816,247.30380356283098,-22.473158089596446,-46.332694151486095,-7.014625355236714,72.24212034383955,274.09557838320677,-42.54554785732615,-46.332694151486095,True,False
AEHR,bull_flag,100.94000244140625,92.37999725341797,97.41999816894531,,,,False,,,,,,,27.087982917837916,11.0,3.0,22.023244168647256,0.650018797689208,-3.487224279100085,5.173476709357967,False,-650.0,False,37.82670866844907,,,-650.0,-450.0,,,,,33.68585421250621,-43.666357131152026,-26.5293986471419,-16.388444241176913,82.63356928148937,4.340348037231889,-9.89151244416082,-22.144935765490803,-43.666357131152026,True,False
AMBQ,bull_flag,73.08000183105469,66.8499984741211,68.91999816894531,,,,False,,,,,,,27.082585060965947,13.0,3.0,27.986788807500275,0.7304129658045946,-5.6923967677592735,3.003481935315751,False,,False,40.493334152083335,,,,,,-101.47058823529412,,,89.67716667599173,59.2931604373252,2.358630218099278,-10.305155046415171,35.27932960893854,20.80601619745468,14.197632810349582,1.633749230683157,-10.305155046415171,True,False
CVI,bull_flag,54.11000061035156,50.18000030517578,51.29999923706055,,,,False,,,,,,,26.970857025585993,14.0,3.0,26.30647457803505,0.8458742820511496,-5.1931275948894475,2.1832338178197226,False,-489.2857142857145,False,32.826423184143515,,,-489.2857142857145,,,,-129.30107526881721,,,,,,,,,,,False,False
DBI,bull_flag,6.586623836064718,5.902170044736079,6.269999980926514,,,,False,,,,,,,26.79611003448541,6.0,8.0,42.02902274245875,0.7724329850068151,-4.807073593675519,5.866506177183128,False,45.83333333333333,False,73.49308950100695,47.61904761904763,,,45.83333333333333,1450.0,,-202.85714285714283,66.66666666666666,-1.2292390232036432,1.3744178632104198,0.002382380474563739,-3.1887791207858007,4.957851655058509,-2.4158163873041816,-5.159680015310785,1.6812843763936325,-3.1887791207858007,True,False
MRVI,bull_flag,7.760000228881836,6.485000133514404,7.650000095367432,,,,False,,,,,,,26.584511875302375,15.0,12.0,46.68872959232008,0.469398566878309,-1.417527451932235,15.228757481434673,False,,False,40.826035747928245,,,,,,,,,8.534295419541316,40.52721451440768,-11.832101559461083,-39.688518652662076,-21.864605009341254,32.02783459671921,19.783809752582272,-12.167436757600692,-39.688518652662076,True,False
IOVA,bull_flag,10.850000381469727,10.029999732971191,10.800000190734863,,,,False,,,,,,,25.92137061035973,6.0,4.0,10.426554636281663,0.8190278679389444,-0.46083123481042976,7.129633742268285,False,,False,40.49285003547454,,,,,,,,,65.6541900186816,44.81793852891087,17.744999592911228,15.19938519340791,39.03541929161416,-17.679870002650656,28.635386553998956,12.515012009607695,15.19938519340791,True,False
JILL,bull_flag,24.599487137539633,22.860000610351562,24.049999237060547,,,,False,,,,,,,25.873748072151947,10.0,5.0,23.908984173274966,0.7475786800288293,-2.2337372214583664,4.948019394841483,False,-309.0909090909091,True,,60.86956521739133,-59.210526315789465,-309.0909090909091,-25.00000000000001,258.0645161290323,,-138.3333333333333,-13.043478260869556,0.9411917014596982,-5.998233903851647,-3.084981725860003,-0.4342554397248177,7.712020114108897,4.192185622062761,-8.038651179721368,-2.194387804641229,-5.998233903851647,True,False
INTC,bull_flag,127.44000244140625,119.44000244140625,127.38999938964844,,,,True,,,,,,,25.300952485020666,5.0,3.0,9.51604996494015,0.7662479087273922,-0.0392365433144139,6.240675866498352,True,,False,26.82619103207176,,,,,,,-111.11111111111111,,25.421883505715837,7.184021473119118,-4.109396914446006,2.777777777777768,18.789128673491938,-0.7093754570718147,0.1538123489343013,6.174663659693591,-4.109396914446006,True,False
CRDO,bull_flag,196.4250030517578,183.1699981689453,195.97000122070312,,,,False,,,,,,,24.771809475475436,5.0,3.0,11.02744816711941,0.731993775066354,-0.23164150387453217,6.531613497997755,False,97.05882352941175,False,65.82648471850695,97.05882352941175,313.63636363636357,412.5,,-26.373626373626347,10.975609756097526,86.36363636363636,29.411764705882337,114.14189837008628,151.11506967389744,192.38947716268444,248.83905562641536,11.418685912911354,7.368578813401072,51.85485044417166,17.879352960320883,114.14189837008628,True,False
AMD,bull_flag,630.7999877929688,599.239990234375,629.260009765625,,,,False,,,,,,,24.74818405845749,5.0,3.0,13.332263681237677,0.8272598722204578,-0.24413095389107356,4.770686054311841,False,59.5744680851064,True,38.82665924215277,155.55555555555554,90.90909090909089,206.6666666666666,59.5744680851064,64.28571428571428,-8.695652173913038,22.666666666666657,38.888888888888886,50.11060507482108,37.84619521376713,34.10812222512405,35.5917289925209,12.513410709060757,-0.16553067185978154,11.075059485182791,20.31229668184775,34.10812222512405,True,True
MRVL,bull_flag,266.0,252.19000244140625,258.95001220703125,,,,False,,,,,,,24.65130289059023,12.0,3.0,10.1964666166834,0.8235915215507053,-2.650371350740132,2.610546223964011,False,-80.0,False,66.82603597699074,50.0,-80.0,95.65217391304337,,725.0,-91.11111111111111,-79.54545454545456,900.0,36.54852699267235,27.568195008705754,22.080994827775946,36.83134357891959,13.297212341798325,8.973723351512142,6.951072547601833,3.409600717810668,22.080994827775946,True,False
PSNL,bull_flag,17.350000381469727,15.914999961853027,16.56999969482422,,,,False,,,,,,,23.830096024496463,14.0,13.0,38.82177154633805,0.5446527022714297,-4.495681092195074,3.9529254377463032,False,,False,38.825863889039354,,,,,,,,,29.95989071673546,-24.91142926474157,3.2440476190476186,-43.61896612081372,44.49974146845914,-10.79850100893629,19.6619523973784,-15.741440446433764,-43.61896612081372,True,False
QRVO,bull_flag,121.08999633789062,115.91000366210938,116.33999633789062,,,,False,,,,,,,23.730597414671873,15.0,3.0,5.782898885388688,0.6622140750777078,-3.9227022410220878,0.3696000423898984,False,-3.0303030303029277,False,44.82585329208333,-3.0303030303029277,306.9767441860465,,,-81.7142857142857,36.71875,374.074074074074,-18.181818181818166,-7.038393327460046,8.364135992238486,1.1460962113082562,-7.657067841397769,-18.59915666205755,-6.1921411654005665,29.27838803680607,-5.8306516353565545,-7.657067841397769,True,False
FORM,bull_flag,131.47999572753906,116.5199966430664,129.0399932861328,,,,False,,,,,,,23.534888482711104,12.0,3.0,12.274533391781734,0.8496852350116508,-1.8557974754293216,9.702415758271632,False,-16.666666666666664,True,32.82630883550926,491.6666666666667,225.0,141.6666666666666,-16.666666666666664,173.07692307692304,-10.344827586206872,44.99999999999995,66.66666666666667,31.892052012788685,31.97320198884195,13.552666993872808,-2.52071740165547,14.19361115041744,5.103572640277365,6.161064950956208,3.5128040122983872,-2.52071740165547,True,False
SILC,bull_flag,51.66999816894531,46.54999923706055,51.619998931884766,,,,True,,,,,,,23.335868419103846,12.0,3.0,23.64425180639545,0.7958897567438492,-0.09676647732222565,9.821774118039684,True,,False,33.49245824650463,,,,,,,,,,,,,,,,,,False,False
CRWD,bull_flag,263.8699951171875,244.6999969482422,259.6700134277344,,,,False,,,,,,,22.578904900207664,12.0,3.0,10.124120078310497,0.8252947915653405,-1.5916859692925178,5.765015483259992,False,,False,66.82646664270834,,,,,-90.9090909090909,,,,25.83040193267132,25.574252741894842,23.318671601775275,22.180843376117878,6.153739565208283,6.147965144115686,5.763123012953675,5.585515915110295,22.180843376117878,True,False
PBR,bull_flag,21.43000030517578,20.239999771118164,20.84000015258789,,,,False,,,,,,,22.57882982659345,13.0,7.0,38.15462841188264,0.8178726949769108,-2.7531504628368744,2.879080504206326,False,,False,45.825927190648144,,,,,,,,,,,,,,,,,,False,False
S,bull_flag,24.398000717163086,23.420000076293945,23.979999542236328,,,,False,,,,,,,22.490987458814814,9.0,3.0,8.69563509487425,0.7571905305878237,-1.713259950159398,2.3352772169826252,False,,False,68.82579204296296,,,,,,,,,20.5621368964791,20.79561976867559,20.234035854754097,22.912631498993584,5.538988711653792,2.029850305915848,4.727456713258893,6.9079993228261305,20.234035854754097,True,False
LTRX,bull_flag,6.710000038146973,6.019999980926514,6.599999904632568,,,,False,,,,,,,22.376229602465123,5.0,3.0,14.159283072992821,0.5590937955250085,-1.6393462427577248,8.787877758891334,False,,False,39.82609997116898,,,,,,,,,8.027324109712541,5.884210526315781,-4.451076666345754,-13.447404351741564,3.237565032972123,1.3535299254383126,-0.06712760958582642,3.311487915669753,-13.447404351741564,True,False
TSEM,bull_flag,236.9600067138672,217.19000244140625,217.27999877929688,,,,False,,,,,,,22.341991051668476,5.0,3.0,38.946136132659234,0.5484136417664808,-8.30520230290769,0.0414195224577662,False,,False,44.49235626466435,,,,,,,,,,,,,,,,,,False,False
VBNK,bull_flag,23.739999771118164,22.639999389648438,23.309999465942383,,,,False,,,,,,,21.732357248364774,10.0,5.0,19.80907388406412,0.8472355385107063,-1.8112902667291308,2.874303267457661,False,,False,74.4922972319213,,,,,,,,,,,,,,,,,,False,False
HPE,bull_flag,65.4800033569336,60.44499969482422,63.52000045776367,,,,False,,,,,,,21.6948821500778,13.0,3.0,11.854648203201155,0.5518991763562664,-2.9932846650692477,4.840996128430622,False,-87.25490196078431,False,68.82623886314815,404.7619047619048,,-29.54545454545454,-87.25490196078431,140.9090909090909,41.93548387096775,138.46153846153854,-38.095238095238116,32.95819935691318,39.10428662827896,18.10945273631841,14.328703703703694,14.110937356268982,14.479780960404387,-3.867179591010328,5.873526259378359,14.328703703703694,True,False
AGEN,bull_flag,8.819999694824219,8.15999984741211,8.5,,,,False,,,,,,,21.428567953082013,8.0,3.0,11.564632690987095,0.707328117266725,-3.6281145793236482,4.000001795151655,False,,False,40.49337823940972,,,,,-100.98039215686273,1033.3333333333294,-95.36082474226802,,34.358335603907975,40.18116845341977,27.45090732943325,20.400605288308384,2.3179985771875744,-1.3682610221026792,13.127170497767482,17.687127787941304,20.400605288308384,True,False
GRDN,bull_flag,45.369998931884766,41.5,41.790000915527344,,,,False,,,,,,,21.397733435840884,14.0,4.0,44.010107744749135,0.6007781314739022,-7.890672472203872,0.6939480956546045,False,,False,44.8262778809375,,,,,,,,,2.158950321490183,2.2128220389422637,17.440167292339236,20.049428581425154,4.507791262496474,-15.346716429922335,5.349113868377198,9.610726794333413,2.158950321490183,True,False
PDEX,bull_flag,74.0,70.5199966430664,73.0199966430664,,,,False,,,,,,,21.239978052741115,6.0,4.0,15.97172262505136,0.7816728167281672,-1.3243288607210726,3.4237196862941612,False,8.196721311475418,True,33.82592361104167,160.60606060606065,22.44897959183674,8.196721311475418,86.66666666666664,-28.3333333333333,81.81818181818181,-52.85714285714285,324.24242424242414,16.645707099577002,14.557252785115416,11.135592211040324,24.220687805859086,2.2908416461977943,6.89063923270643,0.7177549919050286,5.9220304104264265,11.135592211040324,True,False
INTG,bull_flag,39.5,35.66999816894531,36.779998779296875,,,,False,,,,,,,21.212125184523025,12.0,11.0,46.097211282513406,0.45680341150388126,-6.8860790397547476,3.0179462947029014,False,,False,,,,,,,,,,21.08892058963385,19.80472266463542,5.95646516029813,20.71354089080888,17.750419050921916,-3.4165131468765653,10.526315789473696,-3.6673799334284385,5.95646516029813,True,False
TNK,bull_flag,103.16000366210938,92.54000091552734,94.08000183105469,,,,False,,,,,,,21.189910492160145,11.0,9.0,47.022113553747616,0.8292395327703527,-8.801862649012069,1.6369057031831473,False,,False,39.825690016215276,,,,,,,,,,,,,,,,,,False,False
TII,bull_flag,3.2149999141693115,2.7249999046325684,2.9200000762939453,,,,False,,,,,,,21.13821027898075,14.0,10.0,49.0384853450513,0.5340662519890063,-9.175733926935049,6.678087896109597,False,,False,39.49236271872685,,,,,,,,,,,,,,,,,,False,False
ATRC,bull_flag,61.70000076293945,57.939998626708984,60.77000045776367,,,,False,,,,,,,20.620478873519478,14.0,3.0,3.8114445495367266,0.6752839718124289,-1.50729383091741,4.656906055186874,False,,False,31.82660094630787,,,,,,-100.0,,,12.82879997649462,14.260637437307878,13.053903779460407,15.839013027348802,8.746964580280213,0.533096085409257,4.640684000029793,-1.3735961039819555,12.82879997649462,True,False
SMTC,bull_flag,178.5,162.55999755859375,174.5,,,,False,,,,,,,20.61883130648956,5.0,3.0,48.84565116849039,0.8154661716820563,-2.2408963585434174,6.842408275877506,False,-141.97530864197532,False,58.82577310857639,22.72727272727273,-141.97530864197532,,,,,,-240.9090909090909,16.098779377080596,9.287853154462633,12.81177323131888,19.61647542958831,6.074734091842338,2.7741157226033764,3.7358882371628432,2.660393192511612,9.287853154462633,True,False
QLYS,bull_flag,190.0,177.64999389648438,182.94000244140625,,,,False,,,,,,,20.461804797563143,6.0,3.0,10.991885797764228,0.5521238487616085,-3.7157881887335527,2.891663099554297,False,10.077519379844958,True,38.82585207335648,16.279069767441868,10.077519379844958,23.529411764705888,12.096774193548377,5.633802816901423,-3.4013605442177353,5.7553956834532904,7.751937984496116,11.040338408650396,9.843088449583792,10.107983491529037,10.408339669974719,3.721859734226074,0.2031012882098615,3.1786769640103074,3.5474393826724127,9.843088449583792,True,False
DE,bull_flag,721.219970703125,665.4500122070312,694.9400024414062,,,,False,,,,,,,20.277972072445394,10.0,15.0,27.959899473938492,0.796197220618923,-3.6438214870974983,4.243530395541081,False,-24.13793103448276,True,60.493090075451384,7.36842105263158,-1.3554216867469826,-24.13793103448276,-14.22319474835887,-22.137404580152676,170.6611570247934,-38.26530612244898,-17.47368421052632,4.909302712597774,4.748099976494546,12.964268923366241,11.225771715721455,-5.6922731692722,39.1010300697118,-22.460669624848727,3.1369612248294265,4.748099976494546,True,False
TENB,bull_flag,37.0,35.130001068115234,35.880001068115234,,,,False,,,,,,,20.22583868860568,6.0,3.0,17.569781083987856,0.29816569340710253,-3.0270241402290963,2.0903009411181084,False,-200.0,False,32.825727049583335,,,-200.0,,200.0,,-150.00000000000006,,8.578014112699407,9.584882305958509,10.521314549210746,11.163954061861482,2.461287195964257,0.5853385175774273,3.2059103153224466,2.080511130431262,8.578014112699407,True,False
AMRX,bull_flag,20.170000076293945,18.735000610351562,19.80500030517578,,,,False,,,,,,,19.502067839424097,7.0,3.0,43.31305977655607,0.7947042244868182,-1.8096171033095478,5.402674467743321,False,157.1428571428571,False,33.49332531005787,157.1428571428571,375.0,,,-5.263157894736848,90.00000000000001,899.9999999999998,-85.71428571428572,9.894852782854024,3.8967818009260524,11.471449026581148,11.679535580268418,10.197378892458197,-11.27322339279816,3.7992996929305134,8.282172177532887,3.8967818009260524,True,False
FTRE,bull_flag,20.709999084472656,19.25,20.020000457763672,,,,False,,,,,,,19.237637677846898,8.0,3.0,23.839026838702058,0.6919759563769584,-3.331717321157738,3.846156044742092,False,,False,40.492976825381945,,,,,,,,,-4.519217232155426,-2.2723783202825087,-5.236728837876614,3.9116906208327196,6.551453260015716,-3.6336109008327067,-5.8177670041351774,-1.2670702520061972,-5.236728837876614,True,False
XHLD,bull_flag,12.930000305175781,9.649999618530273,12.699999809265137,,,,False,,,,,,,18.84058538558562,15.0,4.0,12.17951813784136,0.5920339861575519,-1.7788127647497198,24.015749894025756,False,,False,,,,,,,,,,-34.49820788530465,15.426251691474956,-13.691931540342296,1.495327102803734,-14.302461899179363,20.8215297450425,30.018416206261513,-51.344086021505376,-34.49820788530465,True,False
ADPT,bull_flag,29.579999923706055,26.732999801635742,29.56999969482422,,,,True,,,,,,,18.223139290828883,5.0,4.0,42.562378087547735,0.8280451054200483,-0.03380739995817761,9.594183031679403,True,,False,39.82671239015046,,,,,,,-233.33333333333331,,21.525501452130634,35.14482390404821,51.03773783686971,102.37536341121998,0.9580382086519679,-1.1258213473584355,-23.721707298905002,59.60359381103619,21.525501452130634,True,False
TH,bull_flag,21.760000228881836,20.639999389648438,21.450000762939453,,,,False,,,,,,,17.76425592713611,13.0,3.0,19.93772894861153,0.760320411532284,-1.424629883647352,3.7762300441989125,False,-216.6666666666668,False,40.49235675234954,,,-216.6666666666668,-105.0,,,,,-0.6406533575317619,-1.007130909411036,18.33395015044974,35.24225177670963,-2.6252601248599294,-23.54876871405066,-19.8236012384981,66.46823956442832,-1.007130909411036,True,False
GCTS,bull_flag,2.259999990463257,2.0999999046325684,2.240000009536743,,,,False,,,,,,,17.741937654695672,7.0,3.0,27.272769964753792,0.8210156734947237,-0.8849549119871483,6.2500046566128535,False,,False,46.82627911494213,,,,,,,,,-17.85109983079526,287.0967741935484,-57.535014005602235,-83.52490421455938,-49.427083333333336,153.2981530343008,76.27906976744185,-63.62098138747885,-83.52490421455938,True,False
BRKR,bull_flag,65.0,59.16999816894531,64.0,,,,False,,,,,,,17.718442899485765,5.0,5.0,40.37695315642952,0.789711035857984,-1.5384615384615385,7.546877861022949,False,-919.9999999999999,True,38.493209647129625,-919.9999999999999,-81.81818181818181,11.111111111111116,-251.85185185185182,-2150.0,-80.0,,-919.9999999999999,5.1542513167795345,2.7451959071624676,-0.24499795835034588,-0.45118000925497004,1.8338596065095913,-15.738845681539093,13.561882626380006,7.913217958364682,-0.45118000925497004,True,False
BBCP,bull_flag,10.360713919298393,9.529999732971191,9.600000381469727,,,,False,,,,,,,17.454957026338192,6.0,9.0,49.79887549860232,0.5985726799608388,-7.342288801273841,0.7291733928849938,False,-43.750000000000014,False,109.8265822072801,28.57142857142856,,,-43.750000000000014,125.0,,-166.66666666666669,28.571428571428537,13.135228708886038,14.391858581590245,4.644486594555808,-3.152305944124445,9.30891180544866,19.354088081124775,-17.411445795318915,4.998991068299374,-3.152305944124445,True,False
AIP,bull_flag,24.809999465942383,23.200000762939453,24.190000534057617,,,,False,,,,,,,17.22464401712598,5.0,3.0,27.042233543338735,0.760923495518566,-2.498988090410326,4.092599211497835,False,,False,38.82671059550926,,,,,,,,,46.248939522482125,38.736994918945065,30.008393053134476,18.317134506898668,5.223229856993372,13.89978646273029,15.676700367647056,5.490243606835543,18.317134506898668,True,False
DDOG,bull_flag,258.3900146484375,244.1300048828125,256.9200134277344,,,,False,,,,,,,17.119919732189757,12.0,3.0,2.56839190628328,0.8110675764612809,-0.5689079056337343,4.9782063975017685,False,-28.57142857142857,True,40.49308904960648,1100.0,114.28571428571428,-7.1428571428571725,-28.57142857142857,-19.999999999999996,15.384615384615397,29.99999999999996,900.0,35.64444336929702,32.154426546806334,29.20687462977498,28.35224110745258,11.429354964994953,5.584592433439584,7.626367496903397,7.123107068556767,28.35224110745258,True,False
BBY,bull_flag,96.52999877929688,89.94999694824219,91.0,,,,False,,,,,,,17.060842510527507,13.0,4.0,21.430262806266214,0.7971976501119721,-5.7287877853810905,1.1538495074261677,False,-47.61904761904761,True,59.49324895283565,70.11494252873563,37.89473684210527,365.45454545454527,-47.61904761904761,12.977099236641209,-48.828125,287.8787878787879,-24.13793103448275,3.6130536130536184,1.9276833580472275,-0.9607112130771478,2.4033880359978887,9.433751119068944,-35.31200231649052,42.82464846980976,2.4793388429751984,-0.9607112130771478,True,False
TBBB,bull_flag,53.33000183105469,49.22999954223633,53.02000045776367,,,,False,,,,,,,16.666665163633844,15.0,15.0,1.7021126932036155,0.5405546589131051,-0.5812888855190291,7.148247609968434,False,,False,53.82573700576389,,,,,,,,,,,,,,,,,,False,False
KB,bull_flag,133.2899932861328,123.01000213623047,125.19000244140625,,,,False,,,,,,,16.575412395933785,15.0,9.0,47.94882248383377,0.8055457520184394,-6.07696845429226,1.7413533530332068,False,,False,33.49285698393519,,,,,,,,,,,,,,,,,,False,False
MTSI,bull_flag,285.44000244140625,266.4200134277344,284.94000244140625,,,,False,,,,,,,16.480256672679673,5.0,3.0,32.13465449981762,0.6919797032663849,-0.17516815993674104,6.499610042461567,False,42.85714285714286,False,40.492703441261575,166.66666666666669,42.85714285714286,,67.49999999999999,113.33333333333333,-6.25,-4.477611940298498,39.58333333333333,35.7657718413672,22.49721264842912,24.522973381868862,30.123063125903048,18.43954941080792,6.385211257234591,3.9981621166290227,3.6064091019085254,22.49721264842912,True,False
CAMT,bull_flag,152.7100067138672,142.67999267578125,145.1199951171875,,,,False,,,,,,,16.372714084181506,12.0,4.0,30.695918745840743,0.8452250997515621,-4.970212339065046,1.681368883340918,False,,False,51.493210183020835,,,,,,,,,,,,,,,,,,False,False
PPIH,bull_flag,31.329999923706055,29.25,31.239999771118164,,,,False,,,,,,,16.334212278644912,13.0,9.0,38.24884306564531,0.8419672535727231,-0.2872650903512815,6.3700377263060926,False,-63.934426229508205,True,,209.99999999999997,-63.934426229508205,165.21739130434767,148.38709677419354,40.90909090909092,-63.93442622950819,-20.779220779220797,670.0,,,,,11.893800408459976,7.586027111574567,14.258967703501968,,,False,False
EFXT,bull_flag,23.65999984741211,21.719999313354492,23.25,,,,False,,,,,,,16.227184961271245,12.0,9.0,37.50001490115764,0.7376394620204799,-1.7328818683697265,6.580648114604334,False,,False,33.82636687327546,,,,,,,,,,,,,,,,,,False,False
GPRK,bull_flag,11.510000228881836,10.529999732971191,11.34000015258789,,,,False,,,,,,,16.168894836830837,14.0,6.0,47.77070992258835,0.6094826186222906,-1.4769771756160976,7.142860747068419,False,,False,39.82628079880787,,,,,,,,,,,,,,,,,,False,False
APLD,bull_flag,29.099000930786133,26.2549991607666,27.059999465942383,,,,False,,,,,,,16.055987943735328,13.0,3.0,49.615424680995915,0.814702760409345,-7.007118456381536,2.9748718442842237,False,,False,12.826657317743058,,,,,,,,,139.2944199845052,250.0511572601831,84.26927601939798,-53.63950481682341,0.03791798655490286,97.12999875420456,216.95952615992104,-61.71652085183575,-53.63950481682341,True,False
TER,bull_flag,399.3999938964844,370.45001220703125,387.70001220703125,,,,False,,,,,,,15.899147751238374,5.0,3.0,21.188378131127642,0.5546786148476411,-2.9293895513893027,4.449316341725707,False,-15.73033707865169,True,25.825690486631945,385.71428571428567,314.75409836065575,82.02247191011234,-15.73033707865169,-5.928853754940711,56.17283950617282,116.00000000000001,53.06122448979591,,,,,7.575783454696938,4.6785914362566405,-27.769080543721415,,,False,False
FFIV,bull_flag,462.0,442.010009765625,446.54998779296875,,,,False,,,,,,,15.522820118135193,9.0,3.0,13.376314266410134,0.7741557186098477,-3.3441584863704006,1.0166785693539404,False,4.0322580645161255,True,30.826312981805554,11.384615384615394,4.0322580645161255,9.929078014184412,16.487455197132572,40.31007751937985,-16.774193548387096,-4.61538461538461,0.0,10.854722759716552,11.020990996043079,7.302909761262066,8.493130871036092,6.575951706295435,-1.308870286273578,1.527608043550721,3.8084498378974097,7.302909761262066,True,False
CIEN,bull_flag,376.739990234375,346.55999755859375,358.42999267578125,,,,False,,,,,,,15.27751568873299,11.0,3.0,39.999987415431704,0.5549167424442424,-4.860115207627111,3.31166346559746,False,-49.99999999999998,True,75.493152518125,422.85714285714295,2383.3333333333335,232.25806451612905,-49.99999999999998,22.818791946308735,44.66019417475729,692.3076923076924,-62.857142857142854,37.04687198874843,39.51236279596901,33.08731091339787,20.271289693553673,6.391259146172601,10.069570482158197,5.551692919442841,10.874252184502842,20.271289693553673,True,False
VSAT,bull_flag,77.97000122070312,71.55000305175781,73.72000122070312,,,,False,,,,,,,15.23838059767122,13.0,3.0,47.82173199368195,0.8139566369456318,-5.450814330462664,2.943567733333002,False,,False,40.82563498240741,,,,,-184.44444444444446,150.0,,,-1.2391401250497425,2.1102240293196184,2.9612900183044966,1.6601292746257101,-1.2588705766643171,1.2309806446594518,1.415733114323614,-2.5755430577923843,-1.2391401250497425,True,False
KOPN,bull_flag,4.960000038146973,4.619999885559082,4.869999885559082,,,,False,,,,,,,15.201896928421199,13.0,3.0,35.93751047738115,0.7666539984102323,-1.8145191914456953,5.13347034650494,False,99.99999999999983,False,45.82612446105324,,,99.99999999999983,,,-150.0,100.0,,45.01953893466541,-3.089757431538087,-43.15579459936415,-9.571949001541768,19.622335454911966,26.16128354069207,-31.082190649676377,39.43014524805024,-43.15579459936415,True,False
XHLD,high_tight_flag,12.930000305175781,8.350000381469727,12.699999809265137,,,,False,,,,,,,1019.1970110027783,27.0,8.0,7.0171080738008955,0.5305587198982701,-1.7788127647497198,34.251964512801955,False,,False,,,,,,,,,,-34.49820788530465,15.426251691474956,-13.691931540342296,1.495327102803734,-14.302461899179363,20.8215297450425,30.018416206261513,-51.344086021505376,-34.49820788530465,True,False
RFAI,high_tight_flag,54.70000076293945,25.0,31.0,,,,False,,,,,,,224.0043111417391,18.0,9.0,24.507449681078207,0.07416457281605618,-43.32724027857193,19.35483870967742,False,,False,,,,,,,,,,,,,,,,,,,False,False
IGR,high_tight_flag,12.73169280374991,11.850000381469727,11.890000343322754,,,,False,,,,,,,203.9258720545333,40.0,12.0,10.535502831120933,0.7508793909120206,-6.61100195709442,0.33641682672861084,False,,False,,,,,,,,,,,,,,,,,,,False,False
RCEL,high_tight_flag,11.8100004196167,9.600000381469727,11.579999923706055,,,,False,,,,,,,183.54429554584,39.0,13.0,22.068958350509064,0.572711743477244,-1.9475062467280535,17.098441755452537,False,,False,40.825851887071764,,,,,,,,,17.90299572039944,4.0327421555252485,-4.288381287063469,-12.875116015262456,12.72031053294167,9.368366703000408,3.1603243179262552,-7.2917809722374605,-12.875116015262456,True,False
MRNA,high_tight_flag,195.70899963378906,141.16000366210938,194.82000732421875,,,,False,,,,,,,172.35425321033756,26.0,8.0,5.95712449662681,0.6245735788887727,-0.4542419159230266,27.543374214542858,False,-1800.0,False,40.49270334841435,,,,-1800.0,,,,,2.1126760563380254,260.18518518518516,-29.81366459627329,-45.43501611170784,-62.724935732647815,-42.62536873156342,-33.26771653543307,615.4929577464789,-45.43501611170784,True,False
REPL,high_tight_flag,16.329999923706055,12.069999694824219,12.600000381469727,,,,False,,,,,,,162.61683067636991,17.0,24.0,22.758625641352808,0.2491720414848689,-22.841393506815237,4.2063545285677675,False,,False,40.49251843318287,,,,,,,,,,,,,,,,,,False,False
AGEN,high_tight_flag,8.819999694824219,6.659999847412109,8.5,,,,False,,,,,,,160.06942616292798,39.0,24.0,18.004338080673406,0.15124436383026008,-3.6281145793236482,21.647060618681067,False,,False,40.49337823940972,,,,,-100.98039215686273,1033.3333333333294,-95.36082474226802,,34.358335603907975,40.18116845341977,27.45090732943325,20.400605288308384,2.3179985771875744,-1.3682610221026792,13.127170497767482,17.687127787941304,20.400605288308384,True,False
OABI,high_tight_flag,4.994999885559082,4.239999771118164,4.789999961853027,,,,False,,,,,,,129.74358510375427,32.0,8.0,9.48617591578415,0.6106842859671954,-4.1041026707272765,11.482258770668004,False,,False,39.825976466458336,,,,,,,,,244.23915832691816,247.30380356283098,-22.473158089596446,-46.332694151486095,-7.014625355236714,72.24212034383955,274.09557838320677,-42.54554785732615,-46.332694151486095,True,False
ABCL,high_tight_flag,13.180000305175781,10.319999694824219,12.649999618530273,,,,False,,,,,,,120.38094656808033,28.0,14.0,19.77848196770786,0.4955686851664585,-4.021249426203554,18.418972284338796,False,,False,40.82671009185185,,,,,,,,,-76.29360805431983,96.3400236127509,788.373935432759,37.6210235131397,-51.2928442573662,-81.46207696080617,400.88218872138464,-47.58253336455163,-76.29360805431983,True,False
FGI,high_tight_flag,10.300000190734863,7.809999942779541,8.050000190734863,,,,False,,,,,,,116.183577243994,32.0,8.0,23.700621206802495,0.023674497076949713,-21.844659789656482,2.98136946917778,False,-1241.6666666666672,False,47.82631082258102,,,-1241.6666666666672,,,,,,2.8623929214091293,-8.162842549749572,-14.399566381545249,-0.6934174320141762,4.537789338608711,0.10659036437152825,-15.007109988794342,15.647978305879096,-14.399566381545249,True,False
OMER,high_tight_flag,21.239999771118164,16.5,20.1299991607666,,,,False,,,,,,,114.87888116294145,38.0,24.0,21.385535708403903,0.7270922108623312,-5.225991630475085,18.032783467976866,False,,False,47.82597436532407,,,,,-75.80645161290323,-56.64335664335665,,,-4.916011198506864,-65.6767165111196,-100.0,-100.0,188.37561912463357,,,-100.0,-100.0,True,False
RNG,high_tight_flag,81.9000015258789,67.97000122070312,79.81999969482422,,,,False,,,,,,,103.17463861885243,31.0,14.0,21.63677583325996,0.7360691519762197,-2.5396847280856822,14.845901427495853,False,221.4285714285714,False,40.82584191775463,221.4285714285714,,,,28.57142857142858,34.61538461538463,36.842105263157876,35.7142857142857,5.901534176448031,5.251643640451209,4.803974535891897,4.909940617479647,1.9888264340677253,0.025775076742950986,0.8420821883489582,2.9427883390984455,4.803974535891897,True,False
UTZ,high_tight_flag,14.266602192411677,13.977885246276855,14.239999771118164,,,,False,,,,,,,100.70920834258695,40.0,25.0,1.5492815893358178,0.44828906263946167,-0.18646641249772988,1.8406919175162784,False,-191.66666666666669,False,33.49229628210648,-191.66666666666669,-122.22222222222223,-174.99999999999997,,,,,-241.66666666666669,1.3907826561221803,2.6128940641862997,0.33484040837628015,3.365253077975372,2.9061721561029596,5.581531268264173,-9.422975119110644,3.0269975456776566,0.33484040837628015,True,False
AMLX,high_tight_flag,34.720001220703125,29.829999923706055,30.139999389648438,,,,False,,,,,,,100.3525120856644,36.0,13.0,24.999994416426073,0.5234275453643582,-13.191249049621826,1.0285317591905854,False,,False,40.49333403847222,,,,,,,,,,-100.0,,-100.0,,,,,-100.0,False,False
A,rainbow_convergence,172.83999633789062,150.91593437270046,172.83999633789062,8.404571574913525,7.0,True,True,,,,,,,,,,,,0.0,12.684599878334923,False,-3.603603603603611,True,60.82671218208334,8.47457627118644,59.999999999999986,-3.603603603603611,24.39024390243909,6.666666666666665,12.149532710280365,-30.065359477124186,29.661016949152575,8.055235903337167,10.011990407673865,6.960142772159439,9.406231628453842,2.3433242506812,2.057842046718572,-3.3852767329392797,7.077100115074808,6.960142772159439,True,False
AAMI,rainbow_convergence,93.31999969482422,89.75893854158674,93.31999969482422,2.5766187648372783,4.0,True,True,,,,,,,,,,,,0.0,3.8159678149195075,True,-12.61261261261264,True,33.49337832284722,171.4285714285714,25.92592592592593,-12.61261261261264,-6.666666666666677,11.764705882352944,-29.89690721649484,130.95238095238096,49.99999999999998,45.290423861852425,39.282735613010836,2.6221692491060766,17.140536149471973,10.838323353293422,-3.0197444831591147,19.41747572815533,13.186813186813184,2.6221692491060766,True,False
ABBV,rainbow_convergence,265.1199951171875,257.07057201608933,265.1199951171875,2.809472417323411,9.0,True,True,,,,,,,,,,,,0.0,3.0361433499348816,True,-88.63636363636364,False,33.49337666416667,290.38461538461536,-45.83333333333333,,-88.63636363636364,420.51282051282044,-61.764705882352935,919.9999999999998,-80.76923076923077,7.313606409096773,17.741243745532522,19.210829493087566,21.352095442031207,0.8377853326857698,-0.5073689296931638,4.335770103352665,2.51970538829307,7.313606409096773,True,False
ABSI,rainbow_convergence,10.345000267028809,8.982749090396707,10.345000267028809,9.144657918590967,11.0,True,True,,,,,,,,,,,,0.0,13.168208230731675,False,,False,51.82671216642361,,,,,,,,,-46.37436762225969,-81.76420695504665,-2.2556390977443663,-77.77777777777779,47.906976744186046,-66.92307692307693,71.95767195767195,-36.25632377740303,-81.76420695504665,True,False
ACA,rainbow_convergence,146.52000427246094,144.73876285148697,146.52000427246094,1.0576266034774504,5.0,True,True,,,,,,,,,,,,0.0,1.2156984500639698,True,60.41666666666667,False,33.8267105196412,446.7213114754099,60.41666666666667,,335.2941176470588,766.2337662337663,-27.358490566037762,-28.378378378378343,21.311475409836067,1.7297297297297343,4.401022644265895,33.668567997598316,24.578388507183014,15.217771558509718,-35.80011229646266,11.619453497117082,23.212355212355206,1.7297297297297343,True,False
ACRV,rainbow_convergence,2.119999885559082,1.9475204293790176,2.119999885559082,4.451011446328597,2.0,True,True,,,,,,,,,,,,0.0,8.135823843904525,True,,False,,,,,,,,,,,,,,,,,,,False,False
ADX,rainbow_convergence,25.979999542236328,25.777391365350613,25.979999542236328,0.5402042336555354,4.0,True,True,,,,,,,,,,,,0.0,0.7798621264651276,True,,False,,,,,,,,,,,,,,,,,,,False,False
AEF,rainbow_convergence,9.739999771118164,9.319495446771176,9.739999771118164,3.4937163047597655,6.0,True,True,,,,,,,,,,,,0.0,4.317292959224713,True,,False,,,,,,,,,,,,,,,,,,,False,False
ALNT,rainbow_convergence,112.55999755859375,98.01964608101456,112.55999755859375,9.541474683638844,5.0,True,True,,,,,,,,,,,,0.0,12.917867619897674,False,52.380952380952394,True,39.82665743790509,79.41176470588233,52.380952380952394,123.52941176470584,200.0,90.625,-15.789473684210531,-2.564102564102566,14.705882352941169,10.167791485764234,4.60230567080564,17.493648061634293,10.805587279276118,10.69358960515423,-3.0965302677288364,3.3234109108207344,-0.5982318130364428,4.60230567080564,True,False
AMD,rainbow_convergence,629.260009765625,518.0985691104398,629.260009765625,13.75732592897721,12.0,True,True,,,,,,,,,,,,0.0,17.665422707632178,False,59.5744680851064,True,38.82665924215277,155.55555555555554,90.90909090909089,206.6666666666666,59.5744680851064,64.28571428571428,-8.695652173913038,22.666666666666657,38.888888888888886,50.11060507482108,37.84619521376713,34.10812222512405,35.5917289925209,12.513410709060757,-0.16553067185978154,11.075059485182791,20.31229668184775,34.10812222512405,True,True
AMN,rainbow_convergence,34.560001373291016,33.84114543537345,34.560001373291016,1.4208880666611465,7.0,True,True,,,,,,,,,,,,0.0,2.0800228858587957,True,322.22222222222223,False,40.82665909621528,,,,322.22222222222223,-66.66666666666667,,-125.0,,2.288449120674585,99.89775688763265,1.83963991185625,-7.710880875741266,-51.15669987760826,84.21744796017241,17.92430527536817,-3.597675390283739,-7.710880875741266,True,False
AMRX,rainbow_convergence,19.80500030517578,17.944700184838293,19.80500030517578,7.023507369670969,5.0,True,True,,,,,,,,,,,,0.0,9.39308301778376,True,157.1428571428571,False,33.49332531005787,157.1428571428571,375.0,,,-5.263157894736848,90.00000000000001,899.9999999999998,-85.71428571428572,9.894852782854024,3.8967818009260524,11.471449026581148,11.679535580268418,10.197378892458197,-11.27322339279816,3.7992996929305134,8.282172177532887,3.8967818009260524,True,False
ANET,rainbow_convergence,205.6999969482422,192.31684640791335,205.6999969482422,5.386222648774206,7.0,True,True,,,,,,,,,,,,0.0,6.506150091823424,True,15.517241379310365,True,38.82665884446759,35.71428571428572,25.0,17.46031746031751,15.517241379310365,18.74999999999998,8.108108108108091,10.44776119402988,-4.2857142857142705,37.68595791001452,35.125698324022345,28.871773673026844,27.46700535645259,12.059800664451824,8.891389983117604,7.776285578131081,4.694303338171268,27.46700535645259,True,False
APH,rainbow_convergence,83.08000183105469,80.16833983247594,83.08000183105469,1.7757889301281569,2.0,True,True,,,,,,,,,,,,0.0,3.50464845258392,True,24.13793103448276,True,32.493324715358796,59.302325581395365,24.13793103448276,57.62711864406778,102.08333333333334,90.27777777777779,-22.580645161290303,-4.123711340206215,12.790697674418606,55.002389253667936,58.38910829349408,49.123416475601566,53.37228879865306,14.934187215390882,18.342910389812083,3.948727883249381,9.629577190591654,49.123416475601566,True,False
ARW,rainbow_convergence,227.3300018310547,214.23669120167042,227.3300018310547,4.018678686099527,13.0,True,True,,,,,,,,,,,,0.0,5.759605210013083,True,11.170212765957444,True,33.49332500436343,46.518105849582184,201.3245033112583,100.0,11.170212765957444,15.604395604395593,21.657754010695186,78.94736842105266,-41.78272980501393,31.824628852945814,39.03029593263416,20.095808291146476,13.032103584780375,5.475129275747581,8.313311831227143,13.405296646072928,1.7492734447879466,13.032103584780375,True,False
AUPH,rainbow_convergence,16.594999313354492,16.2196293782686,16.594999313354492,2.2172897956201183,9.0,True,True,,,,,,,,,,,,0.0,2.2619460718134583,True,56.25,False,44.4932625719676,75.00000000000003,56.25,,129.99999999999997,12.00000000000001,-83.55263157894737,560.8695652173913,43.75,18.87212889955434,24.397662691107016,28.808859638866146,8.406250461111675,7.097355382536508,0.7663978006587691,4.962704851091626,4.942292309450358,8.406250461111675,True,False
AVT,rainbow_convergence,100.91000366210938,92.57785799622437,100.91000366210938,6.061055131732844,14.0,True,True,,,,,,,,,,,,0.0,8.257006603413334,True,-24.242424242424242,True,32.49326685586806,1577.7777777777803,12.871287128712861,-24.242424242424242,-7.57575757575758,32.456140350877185,51.99999999999998,22.95081967213115,577.7777777777789,47.66250815488995,33.94567092778882,11.575605680278777,5.253604827278058,16.51172037783757,12.673361339018863,7.12686053505831,4.997992984792066,5.253604827278058,True,False
BATRA,rainbow_convergence,58.849998474121094,56.05041376040076,58.849998474121094,2.8856356360411626,5.0,True,True,,,,,,,,,,,,0.0,4.757153417686892,True,-141.30434782608697,False,39.49326828664352,-141.30434782608697,,,193.74999999999994,,,-236.17021276595747,2.1739130434782483,-2.3431698886186125,52.52165808815743,17.623469818488815,7.1778005600776185,323.73519241184886,17.460809422051128,-80.32246467525631,-0.2886954295224675,-2.3431698886186125,True,False
BATRK,rainbow_convergence,54.060001373291016,51.25117631305795,54.060001373291016,2.8977194429060606,3.0,True,True,,,,,,,,,,,,0.0,5.195754696411832,True,-141.30434782608697,False,39.49325086444444,-141.30434782608697,,,193.74999999999994,,,-236.17021276595747,2.1739130434782483,-2.3431698886186125,52.52165808815743,17.623469818488815,7.1778005600776185,323.73519241184886,17.460809422051128,-80.32246467525631,-0.2886954295224675,-2.3431698886186125,True,False
BFLY,rainbow_convergence,9.40999984741211,8.103753683901358,9.40999984741211,9.286959889371932,3.0,True,True,,,,,,,,,,,,0.0,13.881468487695974,False,,False,34.49321006232638,,,,,,,,,39.468844887311306,24.994110718492337,40.98514674302076,4.513399153737652,22.924990576705607,-15.812521816393232,46.647121783237935,-8.099901637942096,4.513399153737652,True,False
BIIB,rainbow_convergence,226.36000061035156,215.28872218430465,226.36000061035156,3.7735778563188145,4.0,True,True,,,,,,,,,,,,0.0,4.891004769479852,True,-119.2307692307693,True,32.49320913278935,31.09756097560976,-119.2307692307693,19.172932330827063,8.250000000000002,,-111.04100946372245,-26.78983833718245,164.02439024390247,1.9251336898395754,-7.141402208009129,2.794224997972261,7.326869244188394,8.704044924102838,-10.072197893241807,-4.188244188244184,8.823529411764696,-7.141402208009129,True,False
BME,rainbow_convergence,44.84000015258789,44.24424626971713,44.84000015258789,1.1786262717854064,2.0,True,True,,,,,,,,,,,,0.0,1.3286215005429176,True,,False,,,,,,,,,,,,,,,,,,,False,False
BMEZ,rainbow_convergence,16.809999465942383,16.30116342756448,16.809999465942383,2.640855659964035,5.0,True,True,,,,,,,,,,,,0.0,3.0269842626040693,True,,False,,,,,,,,,,,,,,,,,,,False,False
BOW,rainbow_convergence,33.869998931884766,33.07513309422586,33.869998931884766,2.207028735434501,0.0,False,False,,,,,,,,,,,,0.0,2.3468138846341318,False,2.220446049250313e-14,True,38.49321229211805,33.33333333333333,41.17647058823528,2.220446049250313e-14,25.0,0.0,9.090909090909038,-2.222222222222192,25.0,22.957610139348517,26.873431337396923,27.109084966772535,23.270612618939545,5.24297660796178,2.647714236738352,5.3817080287913655,8.005973150837065,22.957610139348517,True,False
BRKR,rainbow_convergence,64.0,58.253178874806686,64.0,5.111125735487477,6.0,True,True,,,,,,,,,,,,0.0,8.979408008114554,True,-919.9999999999999,True,38.493209647129625,-919.9999999999999,-81.81818181818181,11.111111111111116,-251.85185185185182,-2150.0,-80.0,,-919.9999999999999,5.1542513167795345,2.7451959071624676,-0.24499795835034588,-0.45118000925497004,1.8338596065095913,-15.738845681539093,13.561882626380006,7.913217958364682,-0.45118000925497004,True,False
BSTZ,rainbow_convergence,29.760000228881836,28.815946738699143,29.760000228881836,2.4556758368621363,5.0,True,True,,,,,,,,,,,,0.0,3.1722227248724844,True,,False,,,,,,,,,,,,,,,,,,,False,False
BTX,rainbow_convergence,8.979999542236328,8.732746768778362,8.979999542236328,2.261870112309573,4.0,True,True,,,,,,,,,,,,0.0,2.7533717824265196,True,,False,,,,,,,,,,,,,,,,,,,False,False
BZH,rainbow_convergence,33.36000061035156,32.76258730753489,33.36000061035156,1.7566871961627544,0.0,False,False,,,,,,,,,,,,0.0,1.790807229875447,False,-1230.0,False,47.49320788079861,,-107.14285714285714,-1230.0,-40.23668639053256,,,-211.8811881188119,,-5.328705257193778,-27.504382326356403,-22.48882084132099,-1.7690102548262976,25.97561035120508,12.752722900979663,-54.098644266418816,45.204238613630835,-27.504382326356403,True,False
CLDT,rainbow_convergence,13.399999618530273,13.034191495121934,13.399999618530273,1.1265059719862711,3.0,True,True,,,,,,,,,,,,0.0,2.729911446433767,True,-40.0,False,39.49315070466435,85.7142857142857,,,-40.0,,-360.0,66.66666666666667,-57.14285714285715,3.91820470959352,0.5026458076342166,2.37108764619538,1.2260774395835172,-13.841953726326894,0.8071323673955577,26.351854828105136,-5.305902210907886,0.5026458076342166,True,False
CNK,rainbow_convergence,36.97999954223633,35.250990950795796,36.97999954223633,2.089085146007858,3.0,True,True,,,,,,,,,,,,0.0,4.6755235609610075,True,-66.38655462184873,False,39.49315111884259,,-8.333333333333337,-66.38655462184873,96.875,-118.18181818181816,-17.499999999999982,-36.5079365079365,,18.938413168115396,-4.666584796757956,-6.975482751139072,28.098610732770357,-17.1583150843746,-9.469387755102044,-8.825093035619346,73.94118734973183,-6.975482751139072,True,False
CNXN,rainbow_convergence,89.0199966430664,82.64843579970376,89.0199966430664,5.687877728568788,14.0,True,True,,,,,,,,,,,,0.0,7.157448981839422,True,-4.90196078431373,True,32.82648542539352,35.05154639175259,33.33333333333335,5.128205128205066,-4.90196078431373,92.64705882352942,-17.0731707317073,-15.463917525773208,0.0,12.41330379508565,2.9698479129757427,-0.8404606028802442,-2.159325640215426,18.30395114882817,2.69255226982712,-0.8643740797779631,-6.663876065726548,-2.159325640215426,True,False
COHU,rainbow_convergence,63.70000076293945,54.562536254977815,63.70000076293945,11.45516789288928,7.0,True,True,,,,,,,,,,,,0.0,14.34452809815004,False,,False,33.82648443511574,,,,,,,,,38.37481426448737,29.259171255307503,29.863368819192115,32.41698307146903,19.088228006937392,2.3635768632905174,-3.1833915516162548,17.244613670133724,29.259171255307503,True,False
CPIX,rainbow_convergence,8.010000228881836,7.0142673044200405,8.010000228881836,9.648861873348261,5.0,True,True,,,,,,,,,,,,0.0,12.431122297243625,False,-375.0,False,38.82648292289352,,-375.0,,,,,,,-18.787983755826943,-22.041542535230985,31.077193778317213,-8.732986962330113,-3.614768822503922,-33.24402384416416,64.95482228103404,-23.48358175323646,-22.041542535230985,True,False
CTKB,rainbow_convergence,5.730000019073486,4.844807284471544,5.730000019073486,12.134688770447994,9.0,True,True,,,,,,,,,,,,0.0,15.448389732205852,False,,False,39.82642270387731,,,,,,,-100.0,,5.56554537081706,6.459705236751323,8.116431206068619,1.5398058252427127,9.074430723915249,-28.97603836436491,18.83234849788691,14.67260207885619,1.5398058252427127,True,False
CUE,rainbow_convergence,32.849998474121094,29.770483416714107,32.849998474121094,7.481010146875135,12.0,True,True,,,,,,,,,,,,0.0,9.374475496043015,True,,False,,,,,,,-114.5748987854251,,,166.65538253215976,1250.5938242280286,1292.258883248731,-35.58153477218225,38.53323953570171,-74.08622732658827,921.0330386226152,-27.251184834123222,-35.58153477218225,True,False
CYRX,rainbow_convergence,17.399999618530273,16.114330452378386,17.399999618530273,6.807287400684124,8.0,True,True,,,,,,,,,,,,0.0,7.388903415737453,True,-109.38967136150235,False,38.82642296204861,-109.38967136150235,,,,,,,-108.4507042253521,7.737492849914207,16.466861598440552,-59.80295043690522,15.439622099851235,2.454077576467628,5.166116611661176,2.75133949766011,-2.686232234786823,-59.80295043690522,True,False
DBRG,rainbow_convergence,15.979999542236328,15.903896284910743,15.979999542236328,0.34367603306521677,3.0,True,True,,,,,,,,,,,,0.0,0.47624067275119797,True,1049.9999999999998,False,33.82642119115741,1049.9999999999998,,,,3733.333333333333,-89.28571428571429,211.11111111111117,-10.000000000000009,3.0201027421359994,-3.139595513595672,4.130929286762308,21.83019508500692,0.604748651341791,-17.43517485294952,13.339764201500536,9.427411977199696,-3.139595513595672,True,False
DDI,rainbow_convergence,13.0,12.544646123170686,13.0,3.2950929189820335,4.0,True,True,,,,,,,,,,,,0.0,3.5027221294562594,True,,False,44.82642239393519,,,,,,,,,,,,,,,,,,False,False
DHR,rainbow_convergence,223.77000427246094,207.91884960826374,223.77000427246094,5.080407868788692,6.0,True,True,,,,,,,,,,,,0.0,7.083681620212569,True,9.84848484848484,True,25.493087637569445,59.74025974025974,9.84848484848484,12.666666666666625,13.392857142857139,-15.172413793103445,-14.201183431952636,33.070866141732246,64.93506493506493,5.542452830188682,3.6578993206758392,4.588559192413588,4.398068299413582,5.276424130398261,-12.971629131324946,12.968775813646127,1.9710242587601012,3.6578993206758392,True,False
DOCN,rainbow_convergence,141.57000732421875,127.2943406502794,141.57000732421875,8.801173117596136,6.0,True,True,,,,,,,,,,,,0.0,10.083821385447637,False,-61.53846153846154,True,39.49308764344907,-25.64102564102565,-61.53846153846154,9.523809523809534,357.5757575757575,93.33333333333333,-34.78260869565217,-84.76821192052981,287.1794871794872,28.57064471879287,22.40214899645472,18.282298401854334,15.693960218455905,9.026191814815544,6.400841618878661,5.554926535269167,4.999542752629171,15.693960218455905,True,False
DSGR,rainbow_convergence,34.95000076293945,34.185682362787645,34.95000076293945,2.0944421402876543,0.0,False,False,,,,,,,,,,,,0.0,2.1868909398201835,False,-85.71428571428572,False,33.49307777363426,63.636363636363626,-85.71428571428572,,-69.56521739130434,1700.0,,-200.0,27.272727272727295,14.887066616036115,18.562872773844564,6.6323543149035435,16.284287165594314,-0.5065946805477228,2.6588664135430484,6.480242801499769,5.6358541263104245,6.6323543149035435,True,False
DXPE,rainbow_convergence,193.64999389648438,183.42774299423715,193.64999389648438,3.42143750494723,4.0,True,True,,,,,,,,,,,,0.0,5.27872513526209,True,-2.400000000000002,True,40.826368593796296,23.076923076923084,-2.400000000000002,7.8125,3.149606299212593,44.26229508196722,-11.594202898550721,5.343511450381677,-8.391608391608385,15.596913463890827,9.46116931651031,11.992847951005924,8.62465243638133,10.5055419451058,-1.0868617152391957,2.660183289081286,3.016351101503556,8.62465243638133,True,False
E,rainbow_convergence,55.040000915527344,53.81216713092962,55.040000915527344,1.2372287982384071,1.0,True,True,,,,,,,,,,,,0.0,2.2308026238628496,True,,False,27.826363792962965,,,,,,,,,,,,,,,,,,False,False
EBF,rainbow_convergence,22.309999465942383,21.555726621527345,22.309999465942383,1.7951526805443758,3.0,True,True,,,,,,,,,,,,0.0,3.380873431066113,True,2.6315789473684292,True,86.49303254130787,2.6315789473684292,2.9411764705881804,7.692307692307687,27.499999999999993,11.428571428571477,-16.666666666666696,-17.647058823529417,34.210526315789465,1.4588927641799643,3.9503349478430705,0.3969089214300725,-0.3655162664835676,2.3369965650716473,-3.7976579112881437,1.5110057156755508,1.5216519028365072,-0.3655162664835676,True,False
EFSI,rainbow_convergence,45.720001220703125,43.71271930733738,45.720001220703125,4.275550765541551,14.0,True,True,,,,,,,,,,,,0.0,4.390380270717925,True,-36.7816091954023,False,26.82636678396991,-6.122448979591832,,-36.7816091954023,7.216494845360821,33.33333333333335,-37.27272727272728,5.769230769230771,6.1224489795918435,,,,,,,,,,False,False
EGBN,rainbow_convergence,28.31999969482422,27.88286428925052,28.31999969482422,0.9525428498518406,8.0,True,True,,,,,,,,,,,,0.0,1.5435572397043134,True,-408.33333333333337,False,25.8263664162963,,700.0,-117.64705882352939,-408.33333333333337,-52.08333333333333,,,,,,,,,,,,,False,False
EMBJ,rainbow_convergence,76.4000015258789,72.9894942917516,76.4000015258789,3.8117966659320937,5.0,True,True,,,,,,,,,,,,0.0,4.464014615198758,True,,False,45.493032251875,,,,,,,,,,,,,,,,,,False,False
ERO,rainbow_convergence,37.11000061035156,34.16762020627425,37.11000061035156,5.19098316864441,3.0,True,True,,,,,,,,,,,,0.0,7.928807210142046,True,,False,38.82636343112269,,,,,,,,,,,,,,,,,,False,False
ETN,rainbow_convergence,440.0,417.73543425103503,440.0,3.670663136357462,9.0,True,True,,,,,,,,,,,,0.0,5.060128579310221,True,-15.936254980079678,True,38.49303167521991,-15.936254980079678,-9.387755102040817,18.367346938775487,2.371541501976293,-4.954954954954971,-23.448275862068947,11.969111969111946,3.1872509960159334,21.385885031303363,16.84177512937117,13.060897435897445,10.133963750985032,14.494698698161312,5.613040396881641,0.9587864911276389,-0.569151963574277,10.133963750985032,True,False
EXEL,rainbow_convergence,57.95000076293945,56.05559338355553,57.95000076293945,2.6505269243592564,6.0,True,True,,,,,,,,,,,,0.0,3.269037712585233,True,26.15384615384615,True,31.82635680261574,26.15384615384615,43.636363636363626,89.36170212765953,72.49999999999999,3.797468354430378,-11.235955056179737,28.985507246376784,6.153846153846132,10.63402204268813,9.96764767835636,5.62994592019479,10.789336140652628,2.926923505104684,2.0293554136467495,0.15190169885654914,5.190220690844516,5.62994592019479,True,False
FBLA,rainbow_convergence,16.260000228881836,15.802837578013472,16.260000228881836,2.4435319595369,14.0,True,True,,,,,,,,,,,,0.0,2.8115783790477966,True,-100.0,False,33.82635109355324,-100.0,-75.0,,,-100.0,,-233.33333333333331,19.999999999999996,,,,,11.523502276359032,-1.5932826964158542,9.293728516765022,,,False,False
FFIV,rainbow_convergence,446.54998779296875,412.95666013912927,446.54998779296875,7.383515498782877,10.0,True,True,,,,,,,,,,,,0.0,7.522859382411213,True,4.0322580645161255,True,30.826312981805554,11.384615384615394,4.0322580645161255,9.929078014184412,16.487455197132572,40.31007751937985,-16.774193548387096,-4.61538461538461,0.0,10.854722759716552,11.020990996043079,7.302909761262066,8.493130871036092,6.575951706295435,-1.308870286273578,1.527608043550721,3.8084498378974097,7.302909761262066,True,False
FIRY,rainbow_convergence,12.739999771118164,10.207092130773823,12.739999771118164,14.90662926929609,9.0,True,True,,,,,,,,,,,,0.0,19.881535995679478,False,,False,47.826311851990745,,,,,,,,,22.91584040612358,32.91775129013106,68.87625907377188,11.439504966617807,6.483422092423985,-3.018893072540063,9.633228611090816,8.566669310700403,11.439504966617807,True,False
FNGO,rainbow_convergence,161.50999450683594,148.87317495341605,161.50999450683594,6.557507607398441,6.0,True,True,,,,,,,,,,,,0.0,7.82417186750943,True,,False,,,,,,,,,,,,,,,,,,,False,False
FROG,rainbow_convergence,94.19999694824219,90.1565704774752,94.19999694824219,2.628538946016031,8.0,True,True,,,,,,,,,,,,0.0,4.292384927558579,True,,False,40.82631680780093,,,,,,,,,28.731331551642825,25.79100868414388,25.17962059994141,25.538255575117375,6.361339680601641,5.967406714106782,6.1348214481363295,7.614368809935534,25.17962059994141,True,False
FTNT,rainbow_convergence,178.6699981689453,163.09266264887415,178.6699981689453,7.143881774136861,9.0,True,True,,,,,,,,,,,,0.0,8.718495371193583,True,-11.428571428571422,True,39.82628087388889,43.85964912280702,28.57142857142856,-1.4705882352940902,-11.428571428571422,13.888888888888884,7.462686567164178,8.064516129032251,8.771929824561408,25.638036809815958,20.127297525491983,14.752123366062285,14.375704528877398,10.721237024221452,-2.9081364829396272,10.441184996231655,5.822085889570561,14.375704528877398,True,False
FTRE,rainbow_convergence,20.020000457763672,18.559865525751196,20.020000457763672,6.507611388653876,7.0,True,True,,,,,,,,,,,,0.0,7.293381112018118,True,,False,40.492976825381945,,,,,,,,,-4.519217232155426,-2.2723783202825087,-5.236728837876614,3.9116906208327196,6.551453260015716,-3.6336109008327067,-5.8177670041351774,-1.2670702520061972,-5.236728837876614,True,False
GH,rainbow_convergence,176.4499969482422,164.81439227322613,176.4499969482422,6.424092706778207,9.0,True,True,,,,,,,,,,,,0.0,6.5942787624015144,True,,False,32.826280750555554,,,,,,,,,44.332322222605214,48.259457121653696,39.3689238605845,38.500908730075835,11.043044436709604,7.252565187402671,6.059669074948348,14.265278687394446,38.500908730075835,True,False
GRMN,rainbow_convergence,295.0400085449219,279.48032971837915,295.0400085449219,2.42406764812445,2.0,True,True,,,,,,,,,,,,0.0,5.273752161030613,True,0.48309178743961567,True,32.49293844358796,21.511627906976738,21.428571428571395,0.48309178743961567,32.692307692307686,-23.161764705882348,30.76923076923075,0.48309178743961567,20.348837209302317,14.226444027388464,16.59170804159642,11.65677399178573,20.435317332051927,-17.481123129666276,19.992873684073807,-2.406252962144073,18.205014790577035,11.65677399178573,True,False
HVT,rainbow_convergence,27.739999771118164,27.15281458776751,27.739999771118164,1.910441203928208,3.0,True,True,,,,,,,,,,,,0.0,2.1167454513175965,True,0.0,True,32.49290393138889,6.896551724137945,0.0,54.54545454545456,3800.0,6.896551724137945,70.58823529411762,-56.41025641025641,34.48275862068968,7.68733600331446,4.1213436362334654,9.528458989004784,10.556923024449594,3.1161068500396683,-6.373347728544609,3.822936591184889,7.43488468443585,4.1213436362334654,True,False
IFF,rainbow_convergence,85.8499984741211,83.41311202784286,85.8499984741211,2.0409627722313823,3.0,True,True,,,,,,,,,,,,0.0,2.838539883041256,True,-91.41630901287554,False,38.8262067309375,-91.41630901287554,,,-30.434782608695656,-69.6969696969697,724.9999999999993,-49.99999999999996,-93.13304721030042,1.8238665971860302,-3.58775940907492,23.926380368098155,-7.8974358974359005,-28.71214885078438,-20.180547466511356,27.468448403860425,40.38561750911933,-7.8974358974359005,True,False
INTC,rainbow_convergence,127.38999938964844,103.58053735842728,127.38999938964844,13.479310479661544,7.0,True,True,,,,,,,,,,,,0.0,18.69021284661054,False,,False,26.82619103207176,,,,,,,-111.11111111111111,,25.421883505715837,7.184021473119118,-4.109396914446006,2.777777777777768,18.789128673491938,-0.7093754570718147,0.1538123489343013,6.174663659693591,-4.109396914446006,True,False
IOSP,rainbow_convergence,96.87000274658203,92.1284209399738,96.87000274658203,3.471666942774422,3.0,True,True,,,,,,,,,,,,0.0,4.894788553906117,True,-60.902255639097746,False,38.82619808605324,32.97872340425532,-6.870229007633588,,-60.902255639097746,2.4590163934426146,-35.78947368421053,265.38461538461536,-44.680851063829785,11.758016829656581,2.8130671506352067,-2.3993144815766976,-0.3382949932341006,8.428949691085608,-0.5267778753292318,3.100248925096172,0.5003411416875103,-2.3993144815766976,True,False
IRDM,rainbow_convergence,48.88999938964844,47.55085998724302,48.88999938964844,1.5067822957203483,3.0,True,True,,,,,,,,,,,,0.0,2.7390865598761973,True,-55.00000000000001,True,26.492838330312498,-55.00000000000001,-25.92592592592593,-19.999999999999986,66.66666666666666,-55.00000000000001,-16.666666666666664,-31.428571428571427,74.99999999999997,3.840834278443195,1.944824505067988,-0.023944673718612197,6.656922230943119,2.821183527575011,2.8726401803324864,-6.166964108665473,4.62366186274239,-0.023944673718612197,True,False
ITT,rainbow_convergence,213.97000122070312,203.6118953623369,213.97000122070312,2.6975086699652167,3.0,True,True,,,,,,,,,,,,0.0,4.840914987742688,True,-37.5,True,31.49283867310185,-37.5,-33.08270676691729,7.189542483660083,-17.76649746192893,6.741573033707859,-45.73170731707316,1.2345679012345512,6.578947368421062,61.347207009857605,36.65990076680199,10.093663911845741,6.786734021524277,21.552933410347386,21.29916925232709,2.7457836281365777,6.506024096385543,6.786734021524277,True,False
JNJ,rainbow_convergence,270.67999267578125,265.2231804998603,270.67999267578125,1.6334288048510999,1.0,True,True,,,,,,,,,,,,0.0,2.015964357756243,True,-52.863436123348016,True,17.492839990127315,-0.8733624454148492,-52.863436123348016,47.51773049645389,90.990990990991,6.074766355140171,2.8846153846153966,-1.8867924528301883,-7.423580786026196,6.5998399528282015,9.907276298360213,9.07637655417406,6.7731743135597045,5.186601280026593,-2.0436411007979105,2.379860792731203,1.0529419197237155,6.5998399528282015,True,False
KELYA,rainbow_convergence,16.40999984741211,15.93019217431155,16.40999984741211,2.887666549265218,3.0,True,True,,,,,,,,,,,,0.0,2.9238737206705463,True,-21399.999999999996,False,40.492818840983794,-40.38461538461539,-206.25,,-21399.999999999996,,,,-919.2307692307692,-5.7723724813940835,-10.661859387071848,-11.913357400722024,-9.93160581832193,-0.24022292687614355,-0.8101410598551295,12.213903743315502,-15.138863677618442,-11.913357400722024,True,False
KEYS,rainbow_convergence,357.5400085449219,331.7629206387857,357.5400085449219,4.483666146919355,11.0,True,True,,,,,,,,,,,,0.0,7.209567402272265,True,35.570469798657726,False,59.826166739490745,109.09090909090904,35.570469798657726,68.04123711340206,,13.861386138613852,23.926380368098176,20.740740740740726,22.72727272727273,41.34762633996938,32.28043143297381,31.470829909613805,,7.513104251601632,7.312500000000011,18.343195266272193,3.522205206738138,31.470829909613805,False,False
KF,rainbow_convergence,67.11000061035156,64.78450990452201,67.11000061035156,2.5505914519286086,7.0,True,True,,,,,,,,,,,,0.0,3.465192496915057,True,,False,,,,,,,,,,,,,,,,,,,False,False
KO,rainbow_convergence,88.0999984741211,87.22391857689897,88.0999984741211,0.9790955482329484,0.0,False,False,,,,,,,,,,,,0.0,0.9944153375660619,False,6.00000000000005,True,24.492797683402777,18.181818181818187,6.00000000000005,30.303030303030297,57.14285714285714,71.69811320754708,-38.37209302325578,-2.2727272727272707,14.28571428571428,12.067571210351336,2.4081774081774032,5.070018559136158,1.3912480789452397,5.498223650820511,-5.0822962665596165,-0.6382130035899491,12.633659807709584,1.3912480789452397,True,False
KOPN,rainbow_convergence,4.869999885559082,4.534106394272581,4.869999885559082,5.865234536340671,5.0,True,True,,,,,,,,,,,,0.0,6.89719710841307,True,99.99999999999983,False,45.82612446105324,,,99.99999999999983,,,-150.0,100.0,,45.01953893466541,-3.089757431538087,-43.15579459936415,-9.571949001541768,19.622335454911966,26.16128354069207,-31.082190649676377,39.43014524805024,-43.15579459936415,True,False
LGND,rainbow_convergence,299.0400085449219,287.82213256874604,299.0400085449219,2.2652701919147384,10.0,True,True,,,,,,,,,,,,0.0,3.7512960325142184,True,825.0000000000002,False,40.492763469479165,825.0000000000002,,,,,-127.68595041322315,-57.3943661971831,2266.666666666667,33.7329665945787,14.093485981514565,39.36746706530878,122.84605882807074,23.14488998878621,-13.314115241511082,-48.32367639289457,142.42761458836375,14.093485981514565,True,False
LQDT,rainbow_convergence,43.400001525878906,41.64053332970808,43.400001525878906,3.187597685875302,10.0,True,True,,,,,,,,,,,,0.0,4.0540740421902495,True,4.545454545454541,True,54.49276486506945,39.13043478260869,4.545454545454541,27.77777777777779,19.999999999999996,39.13043478260869,0.0,-4.1666666666666625,4.347826086956519,8.094264859228373,3.7439312567132177,-0.9090091636625219,10.437962348144069,7.326972136633203,-0.40175220056262173,2.651412505927775,-1.490719499478621,-0.9090091636625219,True,False
LXP,rainbow_convergence,60.93000030517578,60.166561085838026,60.93000030517578,1.175993308851357,0.0,False,False,,,,,,,,,,,,0.0,1.2529775406433137,False,-110.00000000000001,True,33.49276480912037,-106.38297872340425,-110.00000000000001,745.4545454545457,500.0,,-103.2258064516129,675.0000000000002,-74.46808510638299,-0.6153846153846176,0.20618556701030855,2.935420743639927,6.8560235063663155,-0.30864197530864335,-7.604562737642584,-3.574702108157657,11.897435897435905,-0.6153846153846176,True,False
MDB,rainbow_convergence,421.3999938964844,391.2361755433449,421.3999938964844,5.578249601828797,3.0,True,True,,,,,,,,,,,,0.0,7.158001611302608,True,,False,66.8260975755787,,,,,900.0,,,,30.498882316935006,25.245622151711977,26.74590352262407,18.68883116883118,12.23895313663439,-1.0726946273191817,10.625822644590489,6.240594384192133,18.68883116883118,True,False
MEDP,rainbow_convergence,620.5900268554688,593.6526018602078,620.5900268554688,4.168609368483745,8.0,True,True,,,,,,,,,,,,0.0,4.340615193536533,True,16.621253405994562,True,25.826094838263888,37.09677419354838,16.621253405994562,26.702997275204375,28.239202657807304,-0.7009345794392607,-7.95698924731183,20.46632124352332,24.51612903225806,17.241522199993042,26.502318420251726,32.02842398931025,23.735601902808277,0.10288648238616638,-0.26056884748394404,7.356687270704931,9.380236726994863,17.241522199993042,True,False
MET,rainbow_convergence,97.25,95.66725068985966,97.25,1.3521605925234326,1.0,True,True,,,,,,,,,,,,0.0,1.6275057173679621,True,-32.59668508287293,True,44.826096559328704,5.825242718446599,35.9375,-32.571428571428584,-32.59668508287293,-37.35632183908045,47.4576271186441,-3.27868852459019,18.446601941747566,19.86754966887416,20.130932896890343,7.913669064748197,12.09386281588447,-1.3623978201634857,22.33333333333334,-3.3816425120772986,2.81456953642385,7.913669064748197,True,False
MRVI,rainbow_convergence,7.650000095367432,7.007395458981985,7.650000095367432,4.866249381093583,3.0,True,True,,,,,,,,,,,,0.0,8.400060501627777,True,,False,40.826035747928245,,,,,,,,,8.534295419541316,40.52721451440768,-11.832101559461083,-39.688518652662076,-21.864605009341254,32.02783459671921,19.783809752582272,-12.167436757600692,-39.688518652662076,True,False
MRVL,rainbow_convergence,258.95001220703125,231.01900100026225,258.95001220703125,9.293539257700877,12.0,True,True,,,,,,,,,,,,0.0,10.786255991537889,False,-80.0,False,66.82603597699074,50.0,-80.0,95.65217391304337,,725.0,-91.11111111111111,-79.54545454545456,900.0,36.54852699267235,27.568195008705754,22.080994827775946,36.83134357891959,13.297212341798325,8.973723351512142,6.951072547601833,3.409600717810668,22.080994827775946,True,False
MSGS,rainbow_convergence,402.5,394.25501513963786,402.5,1.0037741186085005,5.0,True,True,,,,,,,,,,,,0.0,2.048443443568233,True,580.0,False,34.49270192456018,,,580.0,,,-344.1176470588235,,,36.668513461170726,1.8863876925107936,12.764179237978635,-25.98720618305288,-35.50540376076761,7.132694138177209,922.5173619911797,-80.65572645214432,-25.98720618305288,True,False
MTD,rainbow_convergence,1519.1500244140625,1378.8807165400663,1519.1500244140625,6.048678595304687,5.0,True,True,,,,,,,,,,,,0.0,9.23340720927798,True,6.124497991967859,True,40.82603534158565,18.340163934426236,6.658130601792589,16.79261125104954,6.124497991967859,38.65546218487397,-40.11502516175411,31.59886471144746,8.29918032786885,4.484546200701578,7.172099612557492,8.09547547809979,7.874410053062486,8.466340839190512,-16.16379062346479,9.715072074460585,4.72711628413145,4.484546200701578,True,False
MTRN,rainbow_convergence,256.1400146484375,248.68190868972206,256.1400146484375,2.0118510988356166,5.0,True,True,,,,,,,,,,,,0.0,2.911730121102705,True,8.235294117647074,False,32.492702776747684,52.066115702479344,8.235294117647074,,14.018691588785037,100.0,206.66666666666643,-75.40983606557374,0.8264462809917328,42.22046156911259,30.807698712916043,12.104946311382548,1.8531536585645103,11.655002328017684,12.265341375466043,10.104584449919972,3.046393209438958,1.8531536585645103,True,False
MU,rainbow_convergence,1080.530029296875,969.0228055453056,1080.530029296875,8.098169461922565,6.0,True,True,,,,,,,,,,,,0.0,10.319678373411765,False,175.44910179640718,True,4.826034299074074,1368.452380952381,756.0283687943263,175.44910179640718,249.3827160493827,104.39105219552611,162.3913043478261,62.544169611307396,68.45238095238095,345.7155144608107,196.28709797590963,56.65403605465611,46.0,73.74685666387259,74.888221065748,20.574458683163943,21.65358563595312,46.0,True,True
NBIS,rainbow_convergence,243.47999572753906,220.89465767821216,243.47999572753906,4.819934825320714,4.0,True,True,,,,,,,,,,,,0.0,9.276054889782623,True,,False,45.49270208113426,,,,,,,,,,,,,,,,,,False,False
NDSN,rainbow_convergence,323.260009765625,312.1318690760069,323.260009765625,2.1329706803942767,3.0,True,True,,,,,,,,,,,,0.0,3.4424736600380528,True,6.091370558375631,True,74.8260352434375,22.97297297297296,6.091370558375631,44.242424242424235,25.94339622641513,30.622009569377994,-12.184873949579833,-10.861423220973787,20.270270270270263,10.270677766554414,8.47939344420723,8.781157583438958,0.9856517686122723,10.369212536461635,10.663205175506874,-10.954616796573646,1.3905427985364982,0.9856517686122723,True,False
NET,rainbow_convergence,358.82000732421875,306.23912121785656,358.82000732421875,11.898672695565002,12.0,True,True,,,,,,,,,,,,0.0,14.653833407581343,False,,False,33.826036352615745,,,,,,,,,35.86555953747297,33.536288816018796,33.604162227739785,30.6790333006264,8.801181702370432,4.108659461975206,9.337629686829985,9.703190999305122,30.6790333006264,True,False
NEWP,rainbow_convergence,6.630000114440918,6.062262018887339,6.630000114440918,6.281967977429158,3.0,True,True,,,,,,,,,,,,0.0,8.563168714235442,True,,False,48.826034565173615,,,,,,,,,,,,,,,,,,False,False
NTAP,rainbow_convergence,197.24000549316406,187.57548642333063,197.24000549316406,4.214758112308198,10.0,True,True,,,,,,,,,,,,0.0,4.899877712773834,True,6.338028169014098,True,66.8259763891088,63.478260869565226,23.170731707317003,15.972222222222232,6.338028169014098,-6.930693069306915,20.958083832335305,10.596026490066212,31.304347826086975,29.890955740859514,12.471131639722866,4.387568555758681,2.834740651387224,3.952772073921973,13.718622300058382,0.46920821114369016,9.364977549711352,2.834740651387224,True,False
NUAI,rainbow_convergence,6.940000057220459,5.672718252252156,6.940000057220459,16.076299867290565,14.0,True,True,,,,,,,,,,,,0.0,18.26054458961867,False,,False,47.82601310144676,,,,,,,,,,,,,-0.8371530720419407,,,,,False,False
NVDA,rainbow_convergence,224.5800018310547,218.00331833989028,224.5800018310547,2.89082316036651,5.0,True,True,,,,,,,,,,,,0.0,2.928436832105763,True,66.66666666666667,True,52.82597437537037,127.77777777777777,214.47368421052633,97.75280898876404,66.66666666666667,2.9288702928870203,35.79545454545454,35.384615384615394,20.370370370370374,105.85114348672526,85.22763378875223,73.21451272533118,62.49358645459211,17.896220057587463,19.79831784754944,19.50847279233765,21.95622874013221,62.49358645459211,True,True
OGN,rainbow_convergence,13.720000267028809,13.634863004145913,13.720000267028809,0.5238830557862975,2.0,True,True,,,,,,,,,,,,0.0,0.6205339739496428,True,-285.7142857142858,True,44.49264126351852,-28.57142857142857,66.66666666666667,-285.7142857142858,-55.79710144927537,-27.27272727272727,,-227.8688524590164,8.92857142857142,-2.258469259723961,-3.502974223397226,-5.339195979899502,1.2642225031605614,6.712328767123288,-3.1187790311877905,-5.9300873907615514,0.5018820577164407,-5.339195979899502,True,False
PANW,rainbow_convergence,389.9200134277344,356.10735592156817,389.9200134277344,6.614610449975546,8.0,True,True,,,,,,,,,,,,0.0,8.671690690848024,True,-227.77777777777771,True,54.825957155057864,-227.77777777777771,-159.45945945945948,60.52631578947367,-4.081632653061229,,-136.0655737704918,29.78723404255319,30.555555555555515,34.43721663709836,31.14897335080822,14.931324767390342,15.661524076671341,13.590939373750842,15.728604471858132,4.850444624090544,-2.464025231618372,14.931324767390342,True,False
PDEX,rainbow_convergence,73.0199966430664,66.09808751491653,73.0199966430664,8.016372033404942,8.0,True,True,,,,,,,,,,,,0.0,9.479470619514395,True,8.196721311475418,True,33.82592361104167,160.60606060606065,22.44897959183674,8.196721311475418,86.66666666666664,-28.3333333333333,81.81818181818181,-52.85714285714285,324.24242424242414,16.645707099577002,14.557252785115416,11.135592211040324,24.220687805859086,2.2908416461977943,6.89063923270643,0.7177549919050286,5.9220304104264265,11.135592211040324,True,False
PFE,rainbow_convergence,28.40999984741211,27.317798189388697,28.40999984741211,2.652261018469257,2.0,True,True,,,,,,,,,,,,0.0,3.8444268352324626,True,-514.2857142857149,True,38.49258346997686,-107.84313725490196,-9.615384615384626,-514.2857142857149,-20.512820512820518,-108.51063829787235,,-146.77419354838705,21.568627450980383,-33.92063092541321,-5.812356979405031,46.79083549394147,76.77734913199228,-30.417881438289605,-18.398096748612215,8.109582635127243,7.647453645440061,-33.92063092541321,True,False
PLPC,rainbow_convergence,429.82000732421875,407.0565063201201,429.82000732421875,3.8218311681674826,4.0,True,True,,,,,,,,,,,,0.0,5.296054305570717,True,-65.5844155844156,True,32.825922633240744,75.390625,-8.154506437768239,-19.248826291079823,-65.5844155844156,109.81308411214954,24.418604651162813,224.52830188679238,-79.296875,25.40079362739607,18.67295898102208,3.585511946719966,21.16987473889762,20.65090368622289,1.8306384994425384,-2.795262989437741,5.0035082340316395,3.585511946719966,True,False
PM,rainbow_convergence,191.5,188.8720969231314,191.5,0.8779271977784492,9.0,True,True,,,,,,,,,,,,0.0,1.3722731471898648,True,-9.302325581395344,False,25.492581688032406,-7.692307692307687,-9.302325581395344,,13.197969543147202,15.384615384615374,14.705882352941234,-39.01345291479823,14.358974358974352,10.374753451676533,9.085044618858195,6.758705955079325,9.423872464937944,10.309481569091261,-2.084539664157503,-4.453665283540797,6.952662721893499,6.758705955079325,True,False
POWW,rainbow_convergence,2.3299999237060547,2.205772654604411,2.3299999237060547,3.354867963598196,3.0,True,True,,,,,,,,,,,,0.0,5.3316426252945925,True,,False,51.49258055918982,,,,,,-200.00000000000009,0.0,,22.123596316756753,10.10391236614392,6.968593421412317,0.010790267329086056,4.258050636740962,3.6938989351198437,11.76663929199453,1.0705403961213777,0.010790267329086056,True,False
PPIH,rainbow_convergence,31.239999771118164,28.430869578773883,31.239999771118164,7.28545946472795,14.0,True,True,,,,,,,,,,,,0.0,8.992094151490239,True,-63.934426229508205,True,,209.99999999999997,-63.934426229508205,165.21739130434767,148.38709677419354,40.90909090909092,-63.93442622950819,-20.779220779220797,670.0,,,,,11.893800408459976,7.586027111574567,14.258967703501968,,,False,False
PRLB,rainbow_convergence,92.97000122070312,82.83715497916724,92.97000122070312,7.037483023960436,6.0,True,True,,,,,,,,,,,,0.0,10.899049272336079,False,3.4482758620689724,False,34.49251971954861,105.55555555555559,120.00000000000001,,3.4482758620689724,12.12121212121211,32.00000000000001,-16.666666666666664,66.66666666666667,10.571362993565959,10.40450061408027,12.10924024640656,7.7591765576863425,7.180484584027091,2.082890697691453,0.8325576584962358,0.22433975255991,7.7591765576863425,True,False
QQQX,rainbow_convergence,30.68000030517578,29.901116522861646,30.68000030517578,2.1151227235891303,7.0,True,True,,,,,,,,,,,,0.0,2.5387345976744866,True,,False,,,,,,,,,,,,,,,,,,,False,False
RAL,rainbow_convergence,69.97000122070312,66.46627270884728,69.97000122070312,3.825471053309351,7.0,True,True,,,,,,,,,,,,0.0,5.007472417792579,True,-1603.703703703704,True,30.82585973340278,21.42857142857144,-31.57894736842104,-1603.703703703704,-38.59649122807017,30.76923076923077,,-3580.0000000000005,-16.666666666666675,12.815418239618515,10.95890410958904,4.306940003761528,-0.8619074386359338,6.210250654695093,-3.606202668589975,4.819504819504816,5.126167295847406,-0.8619074386359338,True,False
RNR,rainbow_convergence,330.4200134277344,324.80881435609365,330.4200134277344,1.1100160720651544,2.0,True,True,,,,,,,,,,,,0.0,1.6982019380215125,True,-14.235190097259077,False,38.825796998460646,100.91743119266057,,-14.235190097259077,82.78427205100955,-59.344059405940605,-16.701030927835024,12.790697674418606,425.99388379204896,-13.659269525126149,-36.754831020882364,29.622774292456523,-19.517788500858757,26.136991119477916,-26.16683569894427,-7.047034846672262,-0.2624899465134223,-36.754831020882364,True,False
RUSHB,rainbow_convergence,55.0099983215332,52.16282567871163,55.0099983215332,4.509721921111671,8.0,True,True,,,,,,,,,,,,0.0,5.175736647327026,True,-14.432989690721653,False,32.82579687681713,1.1111111111111072,5.47945205479452,,-14.432989690721653,18.181818181818187,-4.938271604938271,-2.409638554216853,-7.777777777777784,-1.7822868409209325,-9.580325086605136,-12.52115958429525,-1.0815139313471334,13.375396065601786,-5.1882081143810765,-6.066817681616554,-2.7276046850672864,-12.52115958429525,True,False
S,rainbow_convergence,23.979999542236328,21.30228552335639,23.979999542236328,9.906313312241897,8.0,True,True,,,,,,,,,,,,0.0,11.16644733109207,False,,False,68.82579204296296,,,,,,,,,20.5621368964791,20.79561976867559,20.234035854754097,22.912631498993584,5.538988711653792,2.029850305915848,4.727456713258893,6.9079993228261305,20.234035854754097,True,False
SCCO,rainbow_convergence,201.5800018310547,196.1616454954799,201.5800018310547,2.175541463770367,3.0,True,True,,,,,,,,,,,,0.0,2.6879433903944268,True,20.535714285714278,True,31.825789974282408,71.79487179487178,66.95652173913045,48.1132075471699,20.535714285714278,4.6875,22.29299363057322,16.29629629629632,15.384615384615397,40.57686004588659,36.17989045132772,38.98146817985921,15.230816472755816,0.8844145457966857,9.860974727376082,14.582654783406856,10.694854146181587,15.230816472755816,True,True
SCL,rainbow_convergence,63.81999969482422,61.84820510418234,63.81999969482422,2.711832906412252,3.0,True,True,,,,,,,,,,,,0.0,3.0896186149649725,True,-310.4651162790698,True,32.4924559846875,100.0,-310.4651162790698,57.142857142856826,-54.36893203883495,,-922.7272727272738,-53.19148936170217,-6.000000000000005,15.036430806690548,1.8969920186092004,5.379854606751411,7.944159373274173,13.167711316125974,9.13960634498796,-6.166184412926656,-0.7407233024320226,1.8969920186092004,True,False
SCSC,rainbow_convergence,58.06999969482422,56.0002797030124,58.06999969482422,3.2348945118671897,3.0,True,True,,,,,,,,,,,,0.0,3.5641811652984905,True,5.405405405405417,True,40.49245702892361,40.22988505747127,5.405405405405417,7.14285714285714,28.98550724637683,56.41025641025643,4.0000000000000036,-15.73033707865169,2.298850574712641,17.25014331652901,8.788148349925585,2.543822918352845,-4.632662007787724,24.298699774384126,0.03626818627757711,3.6317177043196036,-9.009381389272297,-4.632662007787724,True,False
SILC,rainbow_convergence,51.619998931884766,44.076189179985676,51.619998931884766,9.312441363231994,6.0,True,True,,,,,,,,,,,,0.0,14.614122254929788,False,,False,33.49245824650463,,,,,,,,,,,,,,,,,,False,False
SLAB,rainbow_convergence,221.3800048828125,219.44256898256234,221.3800048828125,0.7551854633796095,5.0,True,True,,,,,,,,,,,,0.0,0.8751630036668157,True,,False,38.825787938101854,,,,,,,,,18.327672483082267,20.136849094612685,25.237445037263374,23.801195949397513,6.880093676814991,2.5426740823991656,1.0713644240991416,6.8210220643522,18.327672483082267,True,False
SLP,rainbow_convergence,18.459999084472656,18.299095454481495,18.459999084472656,0.7369420045429246,1.0,True,True,,,,,,,,,,,,0.0,0.8716340085114219,True,-175.00000000000065,False,33.82578735991898,,46.66666666666668,200.0,-175.00000000000065,-18.181818181818187,633.3333333333334,,,7.479251583754842,8.287268188302432,-2.6580004227436005,-6.450921560222889,-9.900786299452468,31.865805330872377,5.504009163802981,-14.256249079212303,-6.450921560222889,True,False
SMTC,rainbow_convergence,174.5,150.46321166855637,174.5,12.93505586634831,14.0,True,True,,,,,,,,,,,,0.0,13.774663800254231,False,-141.97530864197532,False,58.82577310857639,22.72727272727273,-141.97530864197532,,,,,,-240.9090909090909,16.098779377080596,9.287853154462633,12.81177323131888,19.61647542958831,6.074734091842338,2.7741157226033764,3.7358882371628432,2.660393192511612,9.287853154462633,True,False
SPNT,rainbow_convergence,25.799999237060547,24.374902343691986,25.799999237060547,3.822166623526573,9.0,True,True,,,,,,,,,,,,0.0,5.523631532986533,True,15.999999999999993,False,33.82573655123842,15.999999999999993,67.3469387755102,,2333.333333333333,-29.268292682926834,-57.29166666666667,163.01369863013701,46.0,-0.5479818230419653,6.503506118520552,58.893603133159274,34.45393098541445,-3.937516137361219,-20.44777652254288,28.813335097235093,1.0291365944934405,-0.5479818230419653,True,False
STX,rainbow_convergence,905.9199829101562,852.2759084182848,905.9199829101562,4.400656662090854,9.0,True,True,,,,,,,,,,,,0.0,5.921502506164675,True,67.74193548387098,True,31.825736100046296,150.00000000000006,108.28025477707004,67.74193548387098,72.3404255319149,71.25382262996939,25.769230769230766,6.995884773662553,8.482142857142904,48.48608837970541,44.07407407407406,21.505376344086024,21.26383763837638,16.613110539845756,10.159292035398227,7.455306200076084,7.569558101472995,21.26383763837638,True,True
TECH,rainbow_convergence,72.56999969482422,71.45057246289747,72.56999969482422,1.4471981782310708,0.0,False,False,,,,,,,,,,,,0.0,1.5425482108780946,False,9.090909090909083,False,44.49239479528935,,128.57142857142856,9.090909090909083,14.28571428571428,12.499999999999956,33.33333333333335,0.0,,1.3335857271307594,-1.5073644526394703,-0.38851163683252254,-1.0029088848814038,3.1395404845623975,5.251506538189865,3.253127671825662,-9.594119224520059,-1.5073644526394703,True,False
TEVA,rainbow_convergence,40.220001220703125,37.06848658074903,40.220001220703125,6.113072809721316,9.0,True,True,,,,,,,,,,,,0.0,7.8356900653992545,True,-304.16666666666663,False,38.82569058684028,-304.16666666666663,72.22222222222223,,,-258.06451612903226,-26.190476190476176,13.513513513513487,54.16666666666667,-0.8141762452107293,2.338730403495237,11.397493497280674,3.416435826408115,4.018081366147674,-15.474421566546381,5.156249999999996,7.279693486590033,-0.8141762452107293,True,False
TGB,rainbow_convergence,8.970000267028809,8.395077084092064,8.970000267028809,5.535059246090131,4.0,True,True,,,,,,,,,,,,0.0,6.40939984193758,True,,False,46.8256906612037,,,,,,,,,,,,,,,,,,False,False
TGTX,rainbow_convergence,57.52000045776367,54.248892488221976,57.52000045776367,4.601732301422074,7.0,True,True,,,,,,,,,,,,0.0,5.68690532598941,True,-70.58823529411764,True,37.49235676976852,-70.58823529411764,300.0,-12.500000000000199,12050.0,-58.33333333333333,-14.285714285714091,-94.23868312757203,1329.4117647058824,70.27162977867204,69.55550407096047,78.00434441003836,92.78842141656433,17.283498765359795,6.41000342725393,19.086754602403076,14.56697934083373,69.55550407096047,True,False
THM,rainbow_convergence,2.809999942779541,2.5075904204237864,2.809999942779541,8.433529165616859,4.0,True,True,,,,,,,,,,,,0.0,10.761904929315515,False,,False,41.82569077981481,,,,,-200.0,,,,,,,,,,,,,False,False
TSM,rainbow_convergence,451.1499938964844,425.670114133268,451.1499938964844,4.266782737447542,14.0,True,True,,,,,,,,,,,,0.0,5.647762408939033,True,,False,19.49235532222222,,,,,,,,,,,,,,,,,,False,False
TTE,rainbow_convergence,91.88999938964844,89.00191785457707,91.88999938964844,2.42870440363883,2.0,True,True,,,,,,,,,,,,0.0,3.14297698797973,True,,False,33.82568881706018,,,,,,,,,,,,,,,,,,False,False
TWIN,rainbow_convergence,25.940000534057617,23.963964732828227,25.940000534057617,6.292387006746909,13.0,True,True,,,,,,,,,,,,0.0,7.617716887225878,True,20.000000000000128,False,39.49234615184028,20.000000000000128,,2114.285714285714,,-47.8260869565217,-85.16129032258064,,-140.0,18.33095430190943,19.01971886462668,0.2880306046418424,9.738398013635674,18.311374025275605,7.223331115546694,12.730636531826601,-17.255218353710255,0.2880306046418424,True,False
TWN,rainbow_convergence,103.16000366210938,98.41715560984046,103.16000366210938,3.1610756936105386,5.0,True,True,,,,,,,,,,,,0.0,4.597564835111534,True,,False,,,,,,,,,,,,,,,,,,,False,False
VBNK,rainbow_convergence,23.309999465942383,21.26975662901256,23.309999465942383,7.752482027386594,14.0,True,True,,,,,,,,,,,,0.0,8.752650723612279,True,,False,74.4922972319213,,,,,,,,,,,,,,,,,,False,False
VGZ,rainbow_convergence,2.7100000381469727,2.2744346447912283,2.7100000381469727,13.475737901028662,5.0,True,True,,,,,,,,,,,,0.0,16.072523513821523,False,,False,33.825630419675925,,,,,,,,,,,,,,,,,,False,False
VLGEA,rainbow_convergence,45.779998779296875,43.70626791817292,45.779998779296875,2.8036809816277715,9.0,True,True,,,,,,,,,,,,0.0,4.529774828350936,True,,False,10.492309976469908,,,,,,,,,1.5821341957780177,6.88867357846481,4.464072785042772,3.707130467265163,-10.667140955973785,10.018314672507223,-2.8482189459922314,6.387436598429219,1.5821341957780177,True,False
VNCE,rainbow_convergence,11.140000343322754,7.516316741572465,11.140000343322754,25.77122248041079,8.0,True,True,,,,,,,,,,,,0.0,32.52857711016411,False,-38.235294117647065,False,73.49229690789352,-13.978494623655912,,,-38.235294117647065,,,-233.33333333333334,-77.41935483870968,11.66969320462583,10.532856920925893,4.699186991869908,6.192460267957389,27.723900991645188,-23.501021419952927,-1.6669407701524808,16.22724976447618,4.699186991869908,True,False
VTRS,rainbow_convergence,17.420000076293945,16.734967776611317,17.420000076293945,2.573917720882157,9.0,True,True,,,,,,,,,,,,0.0,3.932447168096495,True,-237.5,False,40.492272941516205,,,,-237.5,-166.66666666666669,,,,4.9565704679181755,8.217192895905278,4.986630255447455,0.2541466024612138,6.729919936176887,-4.904218711897467,-1.5156771180787176,5.001400952647805,0.2541466024612138,True,False
WABC,rainbow_convergence,59.849998474121094,59.08962006863848,59.849998474121094,0.8655972815434562,10.0,True,True,,,,,,,,,,,,0.0,1.2704735586775273,True,-14.50381679389312,True,19.783922955300927,4.464285714285698,-2.5862068965517238,-5.882352941176572,-14.50381679389312,3.539823008849563,0.8928571428572063,-7.771561172376096e-14,0.0,,,,,,,,,,False,False
WAT,rainbow_convergence,430.29998779296875,407.75999358549257,430.29998779296875,3.948761131065022,8.0,True,True,,,,,,,,,,,,0.0,5.2382047052999,True,-156.27530364372467,True,34.492252639259256,-156.27530364372467,-142.85714285714286,-3.0927835051546615,-7.749077490774903,,-123.13829787234043,50.4,1.2145748987854255,113.35927367055771,91.38972809667673,6.839010259947709,8.04830441507216,29.834254143646397,35.88603162380053,16.56633999552437,3.7466926070038875,6.839010259947709,True,False
WBD,rainbow_convergence,30.84000015258789,28.326548075717202,30.84000015258789,6.271099082692581,4.0,True,True,,,,,,,,,,,,0.0,8.149974268595377,True,-220.00000000000003,False,40.49225261488426,-90.47619047619048,,,-220.00000000000003,,,,-109.52380952380953,-11.159804321239298,-0.9577903998218118,-5.654732222997905,-6.006442897225394,-1.9790846733385825,-5.993657505285411,4.588170259812041,-7.816958825927434,-11.159804321239298,True,False
WCC,rainbow_convergence,361.3299865722656,347.41665219787217,361.3299865722656,2.8934370057071495,8.0,True,True,,,,,,,,,,,,0.0,3.850589458788471,True,-0.5249343832021025,True,33.49225264769676,10.44386422976502,48.09523809523808,10.6312292358804,-0.5249343832021025,36.01286173633442,-6.606606606606613,-12.137203166226907,-1.0443864229765065,12.975455963116133,13.7807137376724,10.342382311762455,12.928553211644257,9.621552277100708,0.19115102578890486,-2.106757432530526,5.076615363753478,10.342382311762455,True,False
WST,rainbow_convergence,373.6000061035156,352.2574313099111,373.6000061035156,4.739332469147587,9.0,True,True,,,,,,,,,,,,0.0,5.712680525944905,True,2.2471910112359605,True,26.492251568842594,18.13186813186811,56.09756097560976,2.2471910112359605,3.7837837837837673,11.979166666666675,5.494505494505475,-5.208333333333314,5.494505494505497,13.803000652315722,21.0458452722063,7.505341880341887,7.725264426295353,3.2429873357793904,4.956521739130437,0.0497141436738735,4.9706457925636105,7.505341880341887,True,False
ABBV,vcp,266.9700012207031,246.77000427246094,265.1199951171875,,,,False,2.0,10%->8%,9.821663795030315,7.566392049997754,0.6741745065486073,40.0,,,,,,-0.6929640390518004,6.921390759914415,False,-88.63636363636364,False,33.49337666416667,290.38461538461536,-45.83333333333333,,-88.63636363636364,420.51282051282044,-61.764705882352935,919.9999999999998,-80.76923076923077,7.313606409096773,17.741243745532522,19.210829493087566,21.352095442031207,0.8377853326857698,-0.5073689296931638,4.335770103352665,2.51970538829307,7.313606409096773,True,False
ACHV,vcp,8.420000076293945,7.619999885559082,7.829999923706055,,,,False,2.0,19%->10%,18.865741315631197,9.501189827625067,0.6762454920774792,14.0,,,,,,-7.007127639452215,2.6819928504874944,False,,False,40.49337826101852,,,,,,,,,,,,,,,,,,False,False
AEHR,vcp,100.94000244140625,92.37999725341797,97.41999816894531,,,,False,2.0,21%->8%,21.247206705672895,8.480290252575733,0.8387651707058869,9.0,,,,,,-3.487224279100085,5.173476709357967,False,-650.0,False,37.82670866844907,,,-650.0,-450.0,,,,,33.68585421250621,-43.666357131152026,-26.5293986471419,-16.388444241176913,82.63356928148937,4.340348037231889,-9.89151244416082,-22.144935765490803,-43.666357131152026,True,False
AEM,vcp,208.63999938964844,190.39999389648438,193.8800048828125,,,,False,3.0,16%->14%->9%,16.300217963308075,8.742333946761423,0.6720663858597344,59.0,,,,,,-7.07438389091955,1.79493031704407,False,,False,32.826710897025464,,,,,,,,,,,,,,,,,,False,False
AGEN,vcp,8.819999694824219,8.199999809265137,8.5,,,,False,2.0,21%->7%,20.525062572073253,7.029477403756741,0.6586068949288152,13.0,,,,,,-3.6281145793236482,3.5294140086454506,False,,False,40.49337823940972,,,,,-100.98039215686273,1033.3333333333294,-95.36082474226802,,34.358335603907975,40.18116845341977,27.45090732943325,20.400605288308384,2.3179985771875744,-1.3682610221026792,13.127170497767482,17.687127787941304,20.400605288308384,True,False
ALGT,vcp,85.0,74.77999877929688,76.83999633789062,,,,False,3.0,32%->16%->12%,31.87552025783012,12.023530847886029,0.8243635666799334,35.0,,,,,,-9.60000430836397,2.680892317505152,False,32.94797687861271,False,39.82671204013889,,32.94797687861271,,,-109.13043478260869,26.373626373626323,,,33.10897415149181,8.925658694770977,7.570150008579657,1.0542159435079412,22.431114068344836,12.80388080853536,20.52073889392565,-20.029518957514714,1.0542159435079412,True,False
ALMS,vcp,8.140000343322754,7.21999979019165,7.289999961853027,,,,False,3.0,64%->37%->11%,63.74559802353321,11.30221762073733,0.4128527539353245,20.0,,,,,,-10.44226468819479,0.9602218385140262,False,-244.1558441558442,False,47.826710715,-244.1558441558442,,-102.11386696730554,,,,,-237.66233766233765,-37.65941485371342,-89.98792339985047,,,-4.537622056289492,-9.745982374287198,-6.631171345595355,-22.505626406601653,-89.98792339985047,False,False
AMAT,vcp,474.0400085449219,411.510009765625,474.25,,,,True,2.0,21%->13%,20.9748516895046,13.190869473493247,0.7910911492216578,27.0,,,,,,0.04429825569421856,13.229307376779126,False,12.918660287081352,True,47.826657312685185,42.79279279279278,33.460076045627375,75.17241379310346,12.918660287081352,-9.686609686609682,38.188976377952756,7.627118644067776,6.3063063063063085,24.82881402355519,11.40845070422536,-2.149037119732067,-3.477643718949608,15.233881163084707,12.806617227609806,3.117647058823536,-6.874828814023559,-3.477643718949608,True,False
ANDE,vcp,72.69000244140625,66.23999786376953,66.79000091552734,,,,False,3.0,18%->11%->9%,17.517775700530823,8.873303564456364,0.7956812216654736,36.0,,,,,,-8.116661614690084,0.8234811262443744,False,-78.0952380952381,True,38.82665811592593,16400.0,-25.954198473282418,-26.250000000000007,-78.0952380952381,70.10309278350515,64.40677966101696,156.52173913043475,2200.0,3.604358447284528,1.7215562847384902,-3.4684260682986134,23.992535137341807,46.52457393246119,14.999348920874201,10.941227062293812,-44.57838055232818,-3.4684260682986134,True,False
ANIK,vcp,21.65999984741211,20.0,20.229999542236328,,,,False,2.0,11%->8%,10.652469830156239,7.663895933085349,0.5984859255046915,22.0,,,,,,-6.602032849721533,1.1369231213086959,False,,False,39.493323907372684,,,,,,-1949.9999999999982,,,15.560438002764098,13.161112809538377,0.042480883602369346,-5.893298149463789,10.124273942996087,-3.276171811203654,10.058597260667934,-1.4245720968142028,-5.893298149463789,True,False
AROW,vcp,39.970001220703125,36.86000061035156,37.33000183105469,,,,False,3.0,12%->9%->8%,12.154575303603046,7.780836916113692,0.804731346979201,49.0,,,,,,-6.604951986543864,1.2590441940780532,False,1.538461538461533,True,33.49332492325231,1.538461538461533,115.78947368421053,214.81481481481475,45.28301886792452,-19.512195121951216,-3.52941176470587,10.389610389610372,18.461538461538463,,,,,,,,,,False,False
ARWR,vcp,72.48999786376953,65.45999908447266,66.06999969482422,,,,False,2.0,25%->10%,24.982557011265115,9.697887965879588,0.6883788322850463,9.0,,,,,,-8.856391720427991,0.923264133750781,False,-133.8181818181818,False,59.82664899902778,,-133.8181818181818,,,,-522.7272727272727,,,171.0159541902258,-86.41316064410209,10461.32,,2.0559556260764555,-72.0728090806831,2.9480801023113568,823.6575791407066,-86.41316064410209,False,False
ASTH,vcp,35.52000045776367,32.220001220703125,34.439998626708984,,,,False,2.0,19%->9%,19.349184967744083,9.290538272893688,0.6121130147279832,8.0,,,,,,-3.040545656351841,6.445985756469229,False,-96.96969696969697,False,40.82660134666666,110.52631578947367,107.14285714285711,,-96.96969696969697,37.93103448275863,141.66666666666666,1100.0,-94.73684210526316,48.519871473775524,55.56343590322217,42.89088091111215,99.7133964195442,0.7688322453631713,1.5335767782578724,-0.5778998544006209,46.00432493188844,42.89088091111215,True,False
ATEN,vcp,27.219999313354492,24.09000015258789,25.989999771118164,,,,False,2.0,15%->11%,14.75467016719612,11.498895076132431,0.7246130897920028,32.0,,,,,,-4.518734655635623,7.310502636639808,False,-45.83333333333337,True,38.82660019510416,-14.285714285714302,30.76923076923077,-45.83333333333337,0.0,-29.41176470588236,30.76923076923088,-23.529411764705955,21.42857142857142,15.499473934537278,13.400970712309302,8.289310549296536,11.931775602883654,6.8493333333333295,-6.664177711405639,7.596207921587528,7.6373174985227,8.289310549296536,True,False
AVBH,vcp,34.04999923706055,31.09000015258789,31.40999984741211,,,,False,2.0,12%->9%,11.702750041796492,8.693095890736313,0.4845013913156021,59.0,,,,,,-7.753302345966049,1.0187828601679656,False,-995.6521739130435,True,26.82660134221065,-5.333333333333334,18.309859154929576,-46.753246753246735,-995.6521739130435,-15.476190476190476,104.87804878048772,,-649.3333333333334,,,,,13.213386942813333,,,,,False,False
AVIR,vcp,5.65500020980835,5.139999866485596,5.170000076293945,,,,False,2.0,13%->9%,13.220342325431334,9.106990702308169,0.7821066436362473,13.0,,,,,,-8.576483033072092,0.5802748426621864,False,,False,46.82660013724537,,,,,,,,,,,,,485.71820426076624,-45.669056647513706,-8.477684322194435,,,False,False
AVTR,vcp,16.049999237060547,14.670000076293945,15.380000114440918,,,,False,2.0,11%->9%,10.533515553404099,8.598126020966337,0.6603833223054776,40.0,,,,,,-4.174449560549231,4.616385129154351,False,-1400.0,True,32.4932673800926,-33.333333333333336,-89.04109589041094,-1400.0,-35.71428571428572,-25.000000000000068,,-1255.5555555555557,0.0,0.1635940351097931,-1.4183979753987441,-6.059039742706185,-1.5284477247631822,-4.961194029850747,2.4026410711010637,-3.4643531633616664,6.612974265399862,-6.059039742706185,True,False
AYA,vcp,30.670000076293945,27.309999465942383,27.940000534057617,,,,False,2.0,16%->11%,16.21710647052346,10.955332905097185,0.7624195713961882,11.0,,,,,,-8.901204875921904,2.254835562180076,False,,False,46.82660171967593,,,,,,,,,,,,,,,,,,False,False
B,vcp,45.810001373291016,41.40999984741211,42.31999969482422,,,,False,2.0,13%->10%,12.566737142781085,9.604892805011518,0.7108505752335109,21.0,,,,,,-7.6184273604968755,2.1502832088238493,False,,False,44.493262324999996,,,,,,,,,,,,,,,,,,False,False
BCX,vcp,13.27641773223877,12.0600004196167,12.069999694824219,,,,False,3.0,18%->14%->9%,18.00867571477594,9.16224042625803,0.5325397769986264,144.0,,,,,,-9.086924362774743,0.08284403861093184,False,,False,,,,,,,,,,,,,,,,,,,False,False
BELFA,vcp,210.4199981689453,188.00999450683594,203.14999389648438,,,,False,2.0,23%->11%,22.964141393069664,10.650130147856233,0.5561651629683817,27.0,,,,,,-3.454996832869413,7.452621139315941,False,,False,32.8265433275,,,,,,,,,25.18493871027161,17.244708942576747,17.402358216723712,44.76131933547938,18.03676375839678,1.4510793575009284,-1.6996312437143835,6.3464429378665255,17.244708942576747,True,False
BLZE,vcp,14.609999656677246,13.32699966430664,13.505000114440918,,,,False,3.0,35%->14%->9%,34.59787553976422,8.781656553867423,0.65003033665913,26.0,,,,,,-7.5633098439622986,1.3180336810507776,False,,False,40.826542321666665,,,,,,,,,17.673150035814643,11.709473319273101,11.768188006866742,14.032342201356297,10.466559768271866,2.393940998887767,1.6145524998654626,2.380296435065299,11.709473319273101,True,False
BMA,vcp,80.7699966430664,70.51000213623047,71.0,,,,False,2.0,26%->13%,25.752684415918132,12.70272989136826,0.6513757640236143,38.0,,,,,,-12.096071622042217,0.6901378362951145,False,,False,60.826542297569446,,,,,,,,,,,,,,,,,,False,False
BOW,vcp,33.20000076293945,30.049999237060547,33.869998931884766,,,,True,3.0,17%->13%->9%,17.278206565235365,9.487956185215497,0.6628332462101412,89.0,,,,,,2.0180667275562807,11.27841693324685,False,2.220446049250313e-14,True,38.49321229211805,33.33333333333333,41.17647058823528,2.220446049250313e-14,25.0,0.0,9.090909090909038,-2.222222222222192,25.0,22.957610139348517,26.873431337396923,27.109084966772535,23.270612618939545,5.24297660796178,2.647714236738352,5.3817080287913655,8.005973150837065,22.957610139348517,True,False
BPOP,vcp,178.26144933737996,158.00999450683594,159.58999633789062,,,,False,2.0,16%->11%,16.154306766705513,11.360535273229969,0.8498701625541942,155.0,,,,,,-10.474195665351903,0.9900381398025985,False,39.84063745019923,True,26.493209083125,40.77669902912622,47.65625,39.84063745019923,45.370370370370374,15.07936507936507,7.692307692307643,11.783439490445913,1.6181229773462924,,,,,3.1305828553258586,2.6266043927379634,,,,False,False
BRUN,vcp,17.989999771118164,15.800999641418457,16.719999313354492,,,,False,2.0,30%->12%,30.407852564812675,12.167871915229325,0.7499807841764098,12.0,,,,,,-7.059480121854028,5.496409746871326,False,,False,51.493214092754634,,,,,,,,,,,,,269.6782619019352,,,,,False,False
BSTZ,vcp,30.195972882416992,27.700000762939453,29.760000228881836,,,,False,2.0,11%->8%,10.912766821597518,8.26591058747087,0.8234379076126339,45.0,,,,,,-1.443810587699334,6.922041162967366,False,,False,,,,,,,,,,,,,,,,,,,False,False
BWB,vcp,22.6200008392334,20.360000610351562,20.68000030517578,,,,False,2.0,12%->10%,12.350601578936791,9.99115890819051,0.6447799020693389,49.0,,,,,,-8.576483033072092,1.5473872828915258,False,18.421052631578938,True,24.82654195221065,18.421052631578938,87.09677419354837,61.5384615384615,40.74074074074075,-22.413793103448263,38.095238095238116,10.526315789473673,0.0,,,,,,,,,,False,False
BWEN,vcp,4.420000076293945,4.070000171661377,4.170000076293945,,,,False,3.0,25%->21%->8%,24.9122745083014,7.918549741882225,0.31920228449376636,30.0,,,,,,-5.656108499654563,2.3980792039083725,False,-300.0,False,51.49320992280092,,,,-300.0,,-109.375,,,67.37603305785125,-7.549269775775014,81.856564656553,24.60637129256682,-28.640220806295325,-45.469538067408536,41.17633762065147,204.67630853994493,-7.549269775775014,True,False
BWMX,vcp,17.475358920304394,15.152000427246094,16.450000762939453,,,,False,2.0,18%->13%,18.20349711504087,13.295054503051269,0.7540751471253961,52.0,,,,,,-5.867451203955478,7.890579182328375,False,,False,26.8265437015162,,,,,,,,,,,,,,,,,,False,False
CEVA,vcp,29.309999465942383,26.8799991607666,34.459999084472656,,,,True,3.0,22%->12%->8%,21.936051532970822,8.290686965038644,0.4389853197761867,27.0,,,,,,17.57079396918607,21.99651806468425,False,-600.0,False,44.493175928125,,-55.555555555555515,,-600.0,-362.4999999999998,,,,35.58585905758185,54.47582028123927,6.795874230577281,17.83718104495746,7.434132622853751,5.241841264896019,5.910497009692728,13.225610610376881,6.795874230577281,True,False
CGAU,vcp,23.799999237060547,22.049999237060547,22.780000686645508,,,,False,2.0,10%->7%,9.642109118009868,7.3529414121785335,0.803667445144471,11.0,,,,,,-4.2857083324050365,3.2045716750698574,False,,False,31.826519145914354,,,,,,,,,,,,,,,,,,False,False
CIEN,vcp,376.739990234375,346.55999755859375,358.42999267578125,,,,False,2.0,10%->8%,9.968062547305493,8.010828013507638,0.4385180033997837,5.0,,,,,,-4.860115207627111,3.31166346559746,False,-49.99999999999998,True,75.493152518125,422.85714285714295,2383.3333333333335,232.25806451612905,-49.99999999999998,22.818791946308735,44.66019417475729,692.3076923076924,-62.857142857142854,37.04687198874843,39.51236279596901,33.08731091339787,20.271289693553673,6.391259146172601,10.069570482158197,5.551692919442841,10.874252184502842,20.271289693553673,True,False
CLBK,vcp,12.0,11.15999984741211,11.260000228881836,,,,False,2.0,10%->7%,10.483926627769796,7.000001271565755,0.30889702845789746,47.0,,,,,,-6.166664759318033,0.8881028369184767,False,,False,24.82648467954861,,,,,16.666666666666675,,,,,,,,,,,,,False,False
CLDT,vcp,13.890000343322754,12.529999732971191,13.399999618530273,,,,False,2.0,12%->10%,12.17579625449225,9.791220854831343,0.6514018421736494,41.0,,,,,,-3.5277229134701584,6.492536644224954,False,-40.0,False,39.49315070466435,85.7142857142857,,,-40.0,,-360.0,66.66666666666667,-57.14285714285715,3.91820470959352,0.5026458076342166,2.37108764619538,1.2260774395835172,-13.841953726326894,0.8071323673955577,26.351854828105136,-5.305902210907886,0.5026458076342166,True,False
CLS,vcp,353.9599914550781,328.9200134277344,373.55999755859375,,,,True,2.0,11%->7%,11.3314447592068,7.074239640589896,0.836119995141897,9.0,,,,,,5.537350711006305,11.94988339827727,False,74.17582417582416,True,30.826484744097225,74.17582417582416,147.29729729729732,77.51937984496129,208.0,73.22404371584699,-20.087336244541486,-0.8658008658008698,26.923076923076916,62.39026750535701,52.79770444763272,43.57151274698512,27.78555711142228,16.100815418828752,10.72806369531314,14.43018159048215,10.38916154005669,27.78555711142228,True,False
CNQ,vcp,51.84456626668263,47.18000030517578,47.93000030517578,,,,False,2.0,19%->9%,18.696747057297653,8.997212817854125,0.8372950026510375,78.0,,,,,,-7.550580983493541,1.5647819637485176,False,,False,40.49315263585648,,,,,,,,,,,,,,,,,,False,False
COHR,vcp,332.8599853515625,290.20001220703125,290.6099853515625,,,,False,2.0,15%->13%,15.09210808071679,12.816191498498783,0.7468031432133847,9.0,,,,,,-12.69302465280592,0.141073316539791,False,72.72727272727273,False,39.82648559931713,,,72.72727272727273,,23.711340206185593,27.631578947368407,-36.1344537815126,,33.744269129273796,20.546519445162126,17.492864187806912,17.30116049208721,13.28569743376451,7.119716141570898,6.5924149697289325,3.3961538763308763,17.30116049208721,True,False
CON,vcp,35.83495432698202,33.31999969482422,34.619998931884766,,,,False,2.0,8%->7%,8.323188023870019,7.018160562476735,0.7649576744928924,40.0,,,,,,-3.3904198230900273,3.75505279367082,False,2.7027027027026973,True,40.826486071944444,45.71428571428573,30.000000000000004,124.99999999999983,2.7027027027026973,30.76923076923077,44.44444444444444,-28.947368421052634,8.571428571428585,10.030229581415618,13.739935137553116,15.920961807668576,16.98438438193115,6.404122516701638,5.653149810788749,-5.886871508379887,3.997022431620323,10.030229581415618,True,False
CPAY,vcp,427.4599914550781,388.19000244140625,400.32000732421875,,,,False,2.0,12%->9%,11.831234755976244,9.186822111701364,0.35848745326017256,68.0,,,,,,-6.349128497026024,3.030077103537926,False,-7.0351758793969825,True,39.82648306107639,-7.0351758793969825,49.117647058823536,9.037900874635518,0.2564102564102555,-27.02169625246549,35.56149732620322,-4.347826086956519,-1.7587939698492372,,,,,12.502473901539691,,,,,False,False
CPIX,vcp,8.350000381469727,7.71999979019165,8.010000228881836,,,,False,3.0,31%->10%->8%,31.441044602390683,7.544916916125775,0.7870171673819742,18.0,,,,,,-4.07185792880222,3.6204797803191626,False,-375.0,False,38.82648292289352,,-375.0,,,,,,,-18.787983755826943,-22.041542535230985,31.077193778317213,-8.732986962330113,-3.614768822503922,-33.24402384416416,64.95482228103404,-23.48358175323646,-22.041542535230985,True,False
CRSR,vcp,13.630000114440918,12.670000076293945,13.550000190734863,,,,False,2.0,23%->7%,23.11111126303056,7.043287087942556,0.7349922836762416,29.0,,,,,,-0.5869400075888126,6.494465697813341,False,2199.9999999999723,False,38.82646540797454,,,2199.9999999999723,,-45.45454545454546,-52.17391304347826,,,-1.8046808616984045,-4.121162947937796,5.616708935431536,13.663424271611667,-11.333043733357407,-18.849046022135497,26.3452133397732,8.013132903483777,-4.121162947937796,True,False
CUE,vcp,35.22999954223633,30.434999465942383,32.849998474121094,,,,False,2.0,39%->14%,38.578313804534545,13.610559575924333,0.21680743243243245,3.0,,,,,,-6.755609137212486,7.351595495753899,False,,False,,,,,,,-114.5748987854251,,,166.65538253215976,1250.5938242280286,1292.258883248731,-35.58153477218225,38.53323953570171,-74.08622732658827,921.0330386226152,-27.251184834123222,-35.58153477218225,True,False
CURR,vcp,3.200000047683716,2.9700000286102295,3.009999990463257,,,,False,4.0,42%->20%->13%->7%,41.73228183854894,7.187500488944345,0.05444209370306368,14.0,,,,,,-5.937501699663674,1.3289023913541977,False,,False,40.493115913333334,,,,,,,,,,,,,-10.69429282230564,-14.075012879534176,2.885994139541892,,,False,False
CVEO,vcp,34.9900016784668,32.31999969482422,33.0,,,,False,3.0,15%->10%->8%,14.71041680396938,7.6307569464500045,0.5143544323127434,44.0,,,,,,-5.687343763951472,2.0606069853811553,False,,False,33.49311387063657,,,,,,,,,10.647596100655221,19.871011635333645,7.067856456731003,-3.3157912645033982,4.2567485390954785,6.835168914738277,-5.20320720741857,4.792432419142689,-3.3157912645033982,True,False
CVU,vcp,5.349999904632568,4.940000057220459,5.159999847412109,,,,False,2.0,17%->8%,16.55518804009483,7.663548686367083,0.5504088914148589,28.0,,,,,,-3.5514030020063703,4.2635619514986365,False,-50.0,False,,,,-50.0,50.0,-44.44444444444444,124.99999999999996,-55.55555555555555,,15.827175088285816,12.722432776679993,-10.815211369165457,-0.776405455461382,1.2764560246175893,-10.577106238370737,0.7483690729334525,26.944890305807156,-10.815211369165457,True,False
DFTX,vcp,40.38999938964844,35.88999938964844,36.72999954223633,,,,False,2.0,16%->11%,16.15261508083942,11.141371795002566,0.4880493446414803,8.0,,,,,,-9.061648682149105,2.286959333124856,False,-430.76923076923117,False,40.826422335300926,,,-430.76923076923117,,,,,,,,,,,,,,,False,False
DIBS,vcp,4.275000095367432,3.859999895095825,4.050000190734863,,,,False,2.0,16%->10%,16.07929570941081,9.707606807338273,0.6103880306532052,7.0,,,,,,-5.2631555465083535,4.691365103480723,False,,False,41.49308789003472,,,,,,,,,5.339959340411116,-0.6963850077622569,0.8695652173912993,3.690420009438422,4.149544398785054,-2.5252525252525304,4.533042053522673,-0.736390332053305,-0.6963850077622569,True,False
DOCN,vcp,151.8300018310547,136.02000427246094,141.57000732421875,,,,False,2.0,16%->10%,16.219586988292647,10.412960131678032,0.8331772374779904,9.0,,,,,,-6.757554095436625,3.9203240549725953,False,-61.53846153846154,True,39.49308764344907,-25.64102564102565,-61.53846153846154,9.523809523809534,357.5757575757575,93.33333333333333,-34.78260869565217,-84.76821192052981,287.1794871794872,28.57064471879287,22.40214899645472,18.282298401854334,15.693960218455905,9.026191814815544,6.400841618878661,5.554926535269167,4.999542752629171,15.693960218455905,True,False
DRH,vcp,12.970000267028809,11.850000381469727,12.420000076293945,,,,False,2.0,13%->9%,13.052938330051953,8.635311198923002,0.767098774088747,37.0,,,,,,-4.240556510496189,4.589369495352718,False,-9.090909090909083,False,38.826422080243056,144.44444444444446,75.00000000000003,,-9.090909090909083,528.5714285714286,-41.666666666666664,19.999999999999996,-44.44444444444444,4.110297003794328,1.2983955456675078,-1.6187005242769281,0.08943320391823217,23.289252484873835,-5.9635600690624795,-3.801894990609145,-6.651838283396572,-1.6187005242769281,True,False
DSGN,vcp,13.295000076293945,11.831999778747559,12.239999771118164,,,,False,2.0,23%->11%,22.888885982452877,11.004139068453515,0.6267217630853994,15.0,,,,,,-7.935316277710533,3.3333333333333335,False,,False,40.49307507773148,,,,,,,,,,,,,64.99999999999999,-35.483870967741936,-78.16901408450705,,,False,False
DUOT,vcp,9.145000457763672,7.949999809265137,9.550000190734863,,,,True,2.0,22%->13%,21.60377244755826,13.067256300507193,0.7659816333808844,19.0,,,,,,4.428646393640864,16.753930361404613,False,,False,47.82636621550926,,,,,,,,,29.507153652910635,-45.03381840541094,613.7039387348979,112.33325408856683,126.86854318491329,-73.89138270709721,51.597367739556454,44.22612769935763,-45.03381840541094,True,False
EDSA,vcp,4.239999771118164,3.9000000953674316,4.03000020980835,,,,False,3.0,21%->12%->8%,20.98038656534656,8.018860710010568,0.7396991497710922,11.0,,,,,,-4.952820109573586,3.225809123397049,False,25.0,False,,,,25.0,,,-860.0,,,,,,,,,,,,False,False
EGBN,vcp,29.1299991607666,26.520000457763672,28.31999969482422,,,,False,2.0,14%->9%,14.387457392229871,8.959831027108905,0.5534274967375451,49.0,,,,,,-2.7806367637432725,6.355929577885963,False,-408.33333333333337,False,25.8263664162963,,700.0,-117.64705882352939,-408.33333333333337,-52.08333333333333,,,,,,,,,,,,,False,False
EOLS,vcp,8.510000228881836,7.789999961853027,7.860000133514404,,,,False,2.0,18%->8%,18.474760359888602,8.460637457860708,0.42780585022911305,13.0,,,,,,-7.638073770684703,0.8905874105892428,False,,False,39.82636564523148,,,,,,-1699.9999999999986,,,21.18120108954127,6.735063191383794,14.38053377582429,12.903331423426367,14.967800155871846,-19.00664451827242,30.932184958023413,-0.6053007047429615,6.735063191383794,True,False
ESTA,vcp,76.41999816894531,65.30000305175781,65.58000183105469,,,,False,3.0,24%->17%->15%,24.346752124644564,14.551158575801063,0.3861244721865247,37.0,,,,,,-14.184763933029847,0.42695756553682296,False,,False,39.49303229622685,,,,,,,,,31.6608187134503,44.710829687990916,45.16107292087883,33.69627364705296,12.801242547221815,-7.335530897441844,20.14614555055594,4.838206627680308,31.6608187134503,True,False
EXEL,vcp,59.720001220703125,54.54999923706055,57.95000076293945,,,,False,2.0,12%->9%,12.256364264666706,8.657069454061388,0.6340373032972816,35.0,,,,,,-2.9638319182586788,5.8671293893291825,False,26.15384615384615,True,31.82635680261574,26.15384615384615,43.636363636363626,89.36170212765953,72.49999999999999,3.797468354430378,-11.235955056179737,28.985507246376784,6.153846153846132,10.63402204268813,9.96764767835636,5.62994592019479,10.789336140652628,2.926923505104684,2.0293554136467495,0.15190169885654914,5.190220690844516,5.62994592019479,True,False
FIX,vcp,1695.5699462890625,1545.2099609375,1643.3900146484375,,,,False,2.0,20%->9%,20.065295986655666,8.867813780295029,0.8340248504778089,27.0,,,,,,-3.0774272541705754,5.9742393975748165,False,91.88361408882082,True,26.826313177650462,91.88361408882082,121.26315789473682,129.1666666666666,101.71149144254281,19.219790675547088,12.406417112299483,13.333333333333307,26.339969372128635,-4.337759647837336,-2.865961444390097,1.0158179590843641,14.326574422345306,-4.177629367017621,-2.1198741350989203,-3.9502708926275276,6.18984161535483,-4.337759647837336,True,False
FMAO,vcp,35.709999084472656,32.65999984741211,35.029998779296875,,,,False,2.0,13%->9%,12.548688074188115,8.541023005477312,0.654179780455976,40.0,,,,,,-1.9042294108359625,6.765626647082448,False,18.032786885245965,True,30.826315799166665,53.571428571428555,37.254901960784295,18.032786885245965,33.33333333333335,22.857142857142865,-2.7777777777778123,12.500000000000021,14.28571428571428,,,,,,,,,,False,False
FMX,vcp,125.0,115.5,117.70999908447266,,,,False,2.0,18%->8%,18.4703503621576,7.6,0.566756384384732,41.0,,,,,,-5.832000732421875,1.877494776706851,False,,False,32.49295868645834,,,,,,,,,,,,,,,,,,False,False
FNRN,vcp,18.0,16.530000686645508,17.079999923706055,,,,False,2.0,17%->8%,17.246751661424515,8.166662851969402,0.7842652302556711,40.0,,,,,,-5.111111534966363,3.2201360627477498,False,-12.121212121212132,True,32.82631862021991,-12.121212121212132,63.636363636363626,-8.108108108108091,11.764705882352944,-19.444444444444443,5.882352941176472,-10.526315789473696,15.151515151515138,,,,,,,,,,False,False
FROG,vcp,96.80999755859375,86.7699966430664,94.19999694824219,,,,False,3.0,17%->14%->10%,16.79273995603143,10.37083066699871,0.7834594339332095,18.0,,,,,,-2.6960031775353293,7.8874740402148475,False,,False,40.82631680780093,,,,,,,,,28.731331551642825,25.79100868414388,25.17962059994141,25.538255575117375,6.361339680601641,5.967406714106782,6.1348214481363295,7.614368809935534,25.17962059994141,True,False
FRST,vcp,16.8799991607666,15.40999984741211,15.59000015258789,,,,False,2.0,18%->9%,17.650563466325877,8.708527170849294,0.6011338124443442,62.0,,,,,,-7.642174599018913,1.1545882194613177,False,-67.3913043478261,False,26.826294870706022,280.0,-67.3913043478261,,460.00000000000006,26.666666666666682,-74.78991596638656,325.0,180.00000000000003,,,,,,,,,,False,False
FSTR,vcp,39.13999938964844,36.290000915527344,37.52000045776367,,,,False,2.0,15%->7%,15.450746711020201,7.281549613091838,0.41318219352901436,35.0,,,,,,-4.138985582900176,3.278250339098318,False,-87.76758409785933,False,37.49295760407407,7.407407407407396,,,-87.76758409785933,107.14285714285711,-36.36363636363633,-45.00000000000003,48.14814814814814,-3.488485490185156,23.87925392670156,25.11253442344148,0.5965111372994159,14.368024829954429,-24.461100060483997,15.971971132291053,-3.6723832875910745,-3.488485490185156,True,False
GAIN,vcp,16.851238686716762,15.539999961853027,15.649999618530273,,,,False,2.0,14%->8%,13.7557560554631,7.781260174644242,0.6801970937483056,91.0,,,,,,-7.128491207791051,0.702873222737985,False,-89.28571428571429,False,38.82627919923611,26.66666666666666,-89.28571428571429,,36.00000000000001,533.3333333333333,-85.0,-41.17647058823529,126.66666666666674,,,,,,,,,,False,False
GEV,vcp,983.3400268554688,868.25,955.0399780273438,,,,False,2.0,21%->12%,20.52089074493127,11.703990858940665,0.8266431702338861,27.0,,,,,,-2.8779514771327968,9.0875753920386,False,32.79569892473118,False,32.49294488696759,32.79569892473118,1816.4835164835165,658.8571428571431,,-85.83715596330275,31.32530120481927,709.7560975609758,-11.827956989247323,21.8746570080123,16.272410358565747,3.7696533434362633,11.847862672500842,18.89923974729628,-14.759036144578308,9.900692145651524,9.417188014487987,3.7696533434362633,True,False
GPRE,vcp,16.030000686645508,14.329999923706055,15.010000228881836,,,,False,2.0,19%->11%,18.998791514024134,10.60511971378587,0.7141501224555705,23.0,,,,,,-6.363071828271521,4.530315088652317,False,-75.36231884057972,False,39.49294454188657,,,,-75.36231884057972,97.61904761904762,61.53846153846152,52.941176470588225,,-30.69845442596202,19.115103498298282,2.3666917238536422,14.537027553006254,7.428919387324928,1.1441430771052863,-5.62051465492186,-32.422305821208965,-30.69845442596202,True,False
GSIT,vcp,5.869999885559082,5.389999866485596,5.510000228881836,,,,False,2.0,19%->8%,18.664385686785927,8.177172545681731,0.5865440824786098,11.0,,,,,,-6.13287331679323,2.1778649257986027,False,,False,33.82626412087963,,,,,,,,,0.46156294763648464,7.4111847696753275,12.22755818248984,41.62637362637363,-0.11077702168064141,3.999341672152723,-5.710738671632532,2.562470157568031,0.46156294763648464,True,False
GTBP,vcp,7.275000095367432,6.590000152587891,6.829999923706055,,,,False,3.0,47%->19%->9%,47.161935178802,9.415806650170833,0.1524270940091307,8.0,,,,,,-6.116840767393856,3.513905912138529,False,,False,,,,,,,-102.03703703703704,,,,,,,,,,,,False,False
HCSG,vcp,23.649999618530273,20.829999923706055,20.969999313354492,,,,False,3.0,17%->14%->12%,16.920671738519573,11.923888965371017,0.6162719141323793,47.0,,,,,,-11.331925363228947,0.6676175213762671,False,60.86956521739128,False,25.49290582238426,,60.86956521739128,186.66666666666666,210.52631578947367,-13.513513513513509,-13.953488372093037,-27.118644067796595,,2.686421325609434,3.3739741143988145,6.594154568627619,8.45243127976476,1.7378113344541202,-0.8391152862120221,0.5048046896872549,1.2752703978922142,2.686421325609434,True,False
HELP,vcp,14.239999771118164,12.279999732971191,12.59000015258789,,,,False,2.0,17%->14%,16.501650580520142,13.76404543293801,0.4471999218673699,4.0,,,,,,-11.587076159065914,2.4622749472562813,False,,False,47.49290453391203,,,,,,,,,,,,,,,,,,False,False
HLF,vcp,13.170000076293945,11.510000228881836,12.210000038146973,,,,False,2.0,20%->13%,19.923078096829926,12.604402716748012,0.7472371267680437,20.0,,,,,,-7.289294097081872,5.733004152974359,False,-152.08333333333334,True,39.82623886643519,-152.08333333333334,16.326530612244895,-53.714285714285694,-8.695652173913048,-143.859649122807,-29.62962962962966,92.85714285714293,-12.5,5.376856484790715,7.816976344438076,6.261388106675492,2.6928968797871544,0.728818706346801,2.6656274356975818,0.7301562377325821,1.1595584147406912,2.6928968797871544,True,False
HPE,vcp,61.99319960164336,54.8811870199367,63.52000045776367,,,,True,2.0,18%->11%,18.078335798204662,11.472246355095592,0.8340144012528748,19.0,,,,,,2.4628521610938705,13.600147001842638,False,-87.25490196078431,False,68.82623886314815,404.7619047619048,,-29.54545454545454,-87.25490196078431,140.9090909090909,41.93548387096775,138.46153846153854,-38.095238095238116,32.95819935691318,39.10428662827896,18.10945273631841,14.328703703703694,14.110937356268982,14.479780960404387,-3.867179591010328,5.873526259378359,14.328703703703694,True,False
HSBC,vcp,107.43000030517578,99.33000183105469,100.16999816894531,,,,False,2.0,10%->8%,9.925738792982814,7.539791912046426,0.6182050126617628,79.0,,,,,,-6.757890827149793,0.8385707829143602,False,,False,31.492905392650464,,,,,,,,,,,,,,,,,,False,False
HUM,vcp,419.9700012207031,369.1300048828125,380.32000732421875,,,,False,2.0,18%->12%,17.531710871424565,12.105625685195816,0.5677045515238325,49.0,,,,,,-9.441149077609348,2.9422597354619033,False,-59.29648241206029,False,41.492904263877314,-4.563106796116512,,-59.29648241206029,-19.75088967971531,,-506.7901234567901,-64.07982261640798,-56.21359223300971,25.712143928035978,28.55917667238421,45.058930190389844,27.27272727272727,11.874583055370236,-6.312499999999998,14.28571428571428,4.94752623688155,25.712143928035978,True,False
HUT,vcp,110.69000244140625,98.52999877929688,101.54000091552734,,,,False,2.0,15%->11%,15.364864297799983,10.985638624903158,0.7007259045302524,9.0,,,,,,-8.266330584573309,2.9643511021184,False,-273.758865248227,False,39.49290552238426,-207.62711864406782,,-273.758865248227,4200.0,,,-669.7674418604652,-63.559322033898304,81.43780721082834,225.54205821682328,179.2137313056099,90.94546701726307,5.512764549333249,-19.74936153863539,5.96814752724224,102.2082859149132,81.43780721082834,True,False
INCY,vcp,130.8000030517578,119.97000122070312,124.44000244140625,,,,False,2.0,13%->8%,12.692314242663528,8.279817720469957,0.4910910729527779,41.0,,,,,,-4.86238567428389,3.5920934852182014,False,62.22222222222222,False,31.49286065880787,83.74999999999999,62.22222222222222,290.7407407407407,,0.6849315068493178,-30.805687203791464,3.4313725490195957,154.99999999999997,20.8736268850354,27.83893753955635,20.04700005536655,16.456864084525268,-15.539790355281102,10.311644387179907,12.377409341940826,15.44603560838751,16.456864084525268,True,False
INGM,vcp,28.0049991607666,25.989999771118164,26.350000381469727,,,,False,2.0,13%->7%,13.228582865390035,7.195141760515873,0.4845666926377916,12.0,,,,,,-5.909654807686741,1.3662262054642245,False,19.999999999999996,True,45.82620664886574,200.0,44.827586206896555,44.44444444444442,19.999999999999996,14.28571428571428,-19.23076923076922,23.809523809523792,162.5,13.57760648856381,13.697251890607177,11.488024806907937,7.150842481799136,4.068529492377015,-6.148312216618834,18.041877202468637,-1.4866472887666626,7.150842481799136,True,False
IQV,vcp,271.79998779296875,252.52999877929688,275.0199890136719,,,,True,3.0,15%->10%->7%,14.925525775255025,7.0897681674474216,0.7302144848631205,74.0,,,,,,1.1846951307281934,8.17758386037059,True,-21.82741116751269,True,38.492839129525464,15.000000000000014,23.23651452282156,24.51612903225806,-21.82741116751269,-45.791245791245785,53.88601036269429,25.324675324675326,10.000000000000009,8.40950639853748,10.257705912076798,5.236139630390135,5.322496067121141,-4.880843263061408,6.439024390243908,2.066218571072942,4.909898145729952,5.236139630390135,True,False
IRDM,vcp,50.80444194362045,45.81071216488614,48.88999938964844,,,,False,2.0,23%->10%,22.682756869318368,9.829317255912459,0.4380509307468205,58.0,,,,,,-3.7682582087931267,6.298398983850835,False,-55.00000000000001,True,26.492838330312498,-55.00000000000001,-25.92592592592593,-19.999999999999986,66.66666666666666,-55.00000000000001,-16.666666666666664,-31.428571428571427,74.99999999999997,3.840834278443195,1.944824505067988,-0.023944673718612197,6.656922230943119,2.821183527575011,2.8726401803324864,-6.166964108665473,4.62366186274239,-0.023944673718612197,True,False
JNJ,vcp,281.07000732421875,260.67999267578125,270.67999267578125,,,,False,2.0,9%->7%,8.897774329519706,7.254425629596718,0.7366176935866429,41.0,,,,,,-3.6965931539086103,3.6943993906405694,False,-52.863436123348016,True,17.492839990127315,-0.8733624454148492,-52.863436123348016,47.51773049645389,90.990990990991,6.074766355140171,2.8846153846153966,-1.8867924528301883,-7.423580786026196,6.5998399528282015,9.907276298360213,9.07637655417406,6.7731743135597045,5.186601280026593,-2.0436411007979105,2.379860792731203,1.0529419197237155,6.5998399528282015,True,False
JWEL,vcp,2.4200000762939453,2.191999912261963,2.390000104904175,,,,False,4.0,22%->16%->13%->9%,21.75438267739221,9.421494084460862,0.37019969278033793,18.0,,,,,,-1.2396682001644102,8.284526525163084,False,,False,,,,,,,,,,,,,,,,,,,False,False
KB,vcp,133.2899932861328,123.01000213623047,125.19000244140625,,,,False,2.0,10%->8%,10.313549527434127,7.712500313383878,0.6641262615812585,33.0,,,,,,-6.07696845429226,1.7413533530332068,False,,False,33.49285698393519,,,,,,,,,,,,,,,,,,False,False
KDP,vcp,33.16999816894531,30.559999465942383,30.8799991607666,,,,False,2.0,14%->8%,13.518405626874255,7.868552448237649,0.7534143170666927,34.0,,,,,,-6.903826151919033,1.0362684699511977,False,-90.0,False,30.49283130059028,-90.0,-47.36842105263158,,8.888888888888879,-80.0,-23.076923076923073,-46.93877551020408,22.499999999999986,75.57050204179679,9.381017881705645,10.540540540540544,10.665638653302501,83.82796780684106,-11.624805512336078,4.482117974918709,3.435022820081679,9.381017881705645,True,False
KEX,vcp,143.57000732421875,129.47000122070312,130.30999755859375,,,,False,3.0,18%->15%->10%,18.460270251545037,9.820996993943249,0.7181257218607251,101.0,,,,,,-9.235919125977627,0.6446138850650516,False,0.0,True,33.492832817662034,0.0,12.781954887218049,127.02702702702693,6.451612903225801,11.333333333333329,-10.714285714285698,1.8181818181818077,-1.19760479041916,7.825543132017465,7.43834157057961,6.164661012195949,4.81405861042965,9.276163104090873,-0.9011769540078096,-2.2253062292733494,1.835982021263538,4.81405861042965,True,False
KEYS,vcp,339.17999267578125,311.43499755859375,357.5400085449219,,,,True,2.0,16%->8%,16.254472672896224,8.180021144026812,0.45685005797209854,27.0,,,,,,5.413059810603505,12.89506345708313,False,35.570469798657726,False,59.826166739490745,109.09090909090904,35.570469798657726,68.04123711340206,,13.861386138613852,23.926380368098176,20.740740740740726,22.72727272727273,41.34762633996938,32.28043143297381,31.470829909613805,,7.513104251601632,7.312500000000011,18.343195266272193,3.522205206738138,31.470829909613805,False,False
KFRC,vcp,53.41999816894531,49.65999984741211,51.349998474121094,,,,False,2.0,17%->7%,17.33555565998106,7.038559435441924,0.7350171020671195,25.0,,,,,,-3.874952762592143,3.2911366639293957,False,-51.66666666666666,True,37.826135375312504,23.728813559322038,2.2222222222222143,-51.66666666666666,-16.000000000000004,58.69565217391304,58.6206896551724,-53.96825396825397,6.779661016949157,4.49125976620921,0.10180954343268489,-3.4219359943219785,-5.8513694423453,5.741242992577877,-0.49816576209723573,-0.18848923026049125,-0.4998265114442568,-5.8513694423453,True,False
KLIC,vcp,86.3169900030361,78.10819124465867,88.47000122070312,,,,True,2.0,27%->10%,26.878808402826003,9.510061412114453,0.7954908220271348,27.0,,,,,,2.4943075721144807,11.712229945826719,False,-78.80794701986756,False,53.826127741562495,,,-78.80794701986756,-31.428571428571452,62.12121212121213,106.25,122.2222222222221,,122.6280716648811,49.778993246329925,20.166261346945657,-2.074244839206041,36.18318282424027,21.5383844708829,12.42805167888803,19.63776758100706,-2.074244839206041,True,False
KNSA,vcp,81.56600189208984,74.47000122070312,75.33999633789062,,,,False,2.0,14%->9%,13.89558860215956,8.699703929064198,0.48823097123521175,40.0,,,,,,-7.633089044178108,1.154758640132764,False,145.45454545454547,False,31.492801279490738,145.45454545454547,,,,50.000000000000064,-21.739130434782638,0.0,109.09090909090908,55.50749355880538,64.95315662335967,61.16972926729285,44.339092892452435,6.005630123635131,11.76190871139864,15.34340580495801,13.798308959610983,44.339092892452435,True,False
KOP,vcp,47.72708411901884,44.07419821889442,45.959999084472656,,,,False,2.0,17%->8%,16.79245794743866,7.653695941313064,0.6567218627077782,34.0,,,,,,-3.702478513331209,4.10313512433324,False,-1051.8518518518517,False,41.49277485541667,-1051.8518518518517,,,7.339449541284382,-2302.8571428571427,-75.69444444444446,23.07692307692313,44.44444444444442,3.030903328050716,-0.2628696604600189,-9.287211740041935,-12.448132780082988,14.232374258730518,5.223018257453194,-10.838656501133315,-3.8629160063391454,-12.448132780082988,True,False
KRYS,vcp,373.30999755859375,331.7950134277344,344.9599914550781,,,,False,2.0,20%->11%,19.506778045075375,11.120780156535533,0.4149592373722124,40.0,,,,,,-7.594226323677786,3.8163782332590124,False,10.457516339869244,True,37.492790485706024,38.759689922480625,52.500000000000014,10.457516339869244,192.30769230769232,-2.1857923497267784,8.284023668639096,-36.46616541353386,106.20155038759691,24.135274150892315,31.949468718460473,17.51700680272108,16.64937202561991,2.4622498001839244,8.638252182437789,9.51431492842536,1.8304491784844057,16.64937202561991,True,False
LAR,vcp,6.110000133514404,5.579999923706055,5.679999828338623,,,,False,2.0,23%->9%,22.90185043334865,8.674307663288044,0.53226994226464,14.0,,,,,,-7.037648048764441,1.7605617544854384,False,,False,44.492765549224536,,,,,,,,,,,,,,,,,,False,False
LASR,vcp,42.435001373291016,37.33000183105469,40.619998931884766,,,,False,2.0,29%->12%,28.532108691854212,12.030162311835019,0.737017290107057,26.0,,,,,,-4.277135342685836,8.099451470560199,False,,False,40.82609919184028,,,,,-300.0,,,,33.78310520774277,55.18502748316172,71.34505392456892,18.908229257603026,3.005699604644496,-1.236681653014715,21.640046747175703,8.110472179476801,18.908229257603026,True,False
LB,vcp,88.41999816894531,81.98999786376953,82.48999786376953,,,,False,3.0,16%->11%->7%,15.909092911334705,7.2721108780050985,0.6281031573873223,31.0,,,,,,-6.706627943878994,0.6061340925547596,False,14.999999999999991,False,44.82613574827546,66.66666666666667,14.999999999999991,,,73.91304347826086,-4.1666666666666625,-7.692307692307699,8.333333333333348,40.6180969011003,16.049691702122825,55.55616438356164,78.43577772317197,31.04597588471718,-10.167670576631792,11.699553422124298,6.938337575999842,16.049691702122825,True,False
LOMA,vcp,10.5600004196167,9.25,9.329999923706055,,,,False,2.0,27%->12%,26.758282106425273,12.405306511003424,0.7574893009985735,45.0,,,,,,-11.647731506011533,0.8574482782447568,False,,False,40.8261270259375,,,,,,,,,,,,,,,,,,False,False
LPTH,vcp,10.380000114440918,9.550000190734863,10.0600004196167,,,,False,3.0,36%->21%->8%,36.22775860134466,7.99614561228509,0.45458180965950307,19.0,,,,,,-3.082848663739677,5.0695845686780565,False,,False,47.82610185385416,,,,,,,,,,,,,17.112411638897406,78.36297222825492,23.472567516369747,,,False,False
LSTR,vcp,193.57854562417273,164.72999572753906,165.17999267578125,,,,False,2.0,23%->15%,22.574384680828512,14.902761978924211,0.6221127544749706,49.0,,,,,,-14.670299777707013,0.2724282408254194,False,-60.2836879432624,True,31.826100050451387,36.47058823529412,-46.15384615384613,-60.2836879432624,-18.918918918918926,65.71428571428567,25.00000000000002,-53.33333333333332,41.176470588235304,1.5712308623821558,-2.9359882356044364,-0.7464347271982308,-1.1025841995215946,-0.27761406464696936,-2.5783921389857967,-0.5277702796120831,5.104402733327573,-2.9359882356044364,True,False
MATX,vcp,240.8699951171875,220.7899932861328,224.82000732421875,,,,False,2.0,11%->8%,11.41075213947984,8.336447975301121,0.7667408436743857,36.0,,,,,,-6.663340440207237,1.7925513329755167,False,-28.01358234295416,True,39.82609945070602,46.23287671232876,-15.13761467889908,21.138211382113848,-28.01358234295416,130.81081081081075,-58.61297539149888,5.4245283018868,45.205479452054796,16.72486453943407,-3.0946291560102313,-4.3131528698191595,-8.513513513513516,27.922934811295864,-11.045897405798799,-3.2041813430292,5.972305839855507,-8.513513513513516,True,False
MEDP,vcp,629.6900024414062,577.6400146484375,620.5900268554688,,,,False,2.0,17%->8%,16.883022287239953,8.265970174397376,0.40329503043018006,44.0,,,,,,-1.445151669973396,6.92083506798507,False,16.621253405994562,True,25.826094838263888,37.09677419354838,16.621253405994562,26.702997275204375,28.239202657807304,-0.7009345794392607,-7.95698924731183,20.46632124352332,24.51612903225806,17.241522199993042,26.502318420251726,32.02842398931025,23.735601902808277,0.10288648238616638,-0.26056884748394404,7.356687270704931,9.380236726994863,17.241522199993042,True,False
MFC,vcp,44.517941593801226,41.33454669996313,43.4900016784668,,,,False,2.0,9%->7%,8.51273738851591,7.150813312269949,0.6905932922803283,92.0,,,,,,-2.309046372165512,4.956208083042913,False,,False,39.82609864074074,,,,,,,,,,,,,,,,,,False,False
MGA,vcp,69.2300033569336,61.720001220703125,62.220001220703125,,,,False,2.0,14%->11%,14.01256755692245,10.847900869671587,0.7922113048756624,23.0,,,,,,-10.125670657689483,0.8036001128100745,False,,False,34.49275508869213,,,,,,,,,,,,,,,,,,False,False
MPTI,vcp,81.25,72.48999786376953,74.6500015258789,,,,False,2.0,20%->11%,20.38576607503126,10.781541090745192,0.8279432155827006,28.0,,,,,,-8.123075045072117,2.8935078606268574,False,-22.222222222222232,True,46.82606609104167,-18.867924528301895,19.64285714285714,32.35294117647063,-22.222222222222232,-35.820895522388064,-25.555555555555543,42.85714285714284,18.867924528301884,13.755458515283836,15.34715677034244,11.15189379148771,7.234751021643704,2.880294157701213,3.1827443265650235,0.4446012702893354,6.685740099382631,7.234751021643704,True,False
MRVL,vcp,241.8800048828125,213.6300048828125,258.95001220703125,,,,True,2.0,21%->12%,21.201889117151417,11.679344894046423,0.5624418816799285,19.0,,,,,,7.057221341007054,17.501450159417363,False,-80.0,False,66.82603597699074,50.0,-80.0,95.65217391304337,,725.0,-91.11111111111111,-79.54545454545456,900.0,36.54852699267235,27.568195008705754,22.080994827775946,36.83134357891959,13.297212341798325,8.973723351512142,6.951072547601833,3.409600717810668,22.080994827775946,True,False
NBN,vcp,137.02000427246094,126.8499984741211,129.77000427246094,,,,False,3.0,14%->10%->7%,13.707140415500405,7.422278120877179,0.7289014615747289,42.0,,,,,,-5.291198200215752,2.250139248056965,False,,False,31.492710782025462,,,,,,,,,,,,,,,,,,False,False
NEM,vcp,130.7100067138672,120.0,121.30000305175781,,,,False,2.0,10%->8%,10.155955847293727,8.193715984815224,0.7063382985213458,21.0,,,,,,-7.199145573229518,1.071725489737301,False,-3.252032520325243,True,26.826035279270837,11.351351351351347,78.57142857142858,-3.252032520325243,108.74999999999999,-31.333333333333336,152.10084033613458,-28.742514970059908,-9.72972972972974,15.064886214030459,45.84830339321358,20.629865534324132,19.95656894679696,-16.27206788011496,7.172191258433558,23.425054308472127,3.8931728418281075,15.064886214030459,True,False
NEOG,vcp,12.260000228881836,11.369999885559082,13.65999984741211,,,,True,2.0,13%->7%,13.229577528969806,7.259382762702654,0.44049396646363304,37.0,,,,,,11.41924626748526,16.76427516422607,False,,False,10.826034805,,,,,,,-141.1764705882353,,-0.05278589773730635,-4.434389140271488,-2.8396855460135484,-3.583543813720247,6.685606060606064,-6.004245830941157,7.410523497889465,-7.20815830446373,-4.434389140271488,True,False
NERV,vcp,3.8610000610351562,3.3299999237060547,3.450000047683716,,,,False,2.0,29%->14%,28.54166811539061,13.752917092333258,0.6185836757938157,13.0,,,,,,-10.644910822437256,3.4782644150462434,False,-112.12121212121211,False,,,,,-112.12121212121211,,,,,,,,,,,,,,False,False
NEWP,vcp,6.940000057220459,6.349999904632568,6.630000114440918,,,,False,2.0,15%->9%,15.156253946479351,8.501443050768383,0.7448492000541681,11.0,,,,,,-4.466857928293724,4.223230844272178,False,,False,48.826034565173615,,,,,,,,,,,,,,,,,,False,False
NUE,vcp,268.4700012207031,241.2100067138672,247.9600067138672,,,,False,3.0,21%->15%->10%,20.58432061490983,10.153832600621218,0.5518773063603638,70.0,,,,,,-7.639585210108869,2.722213186495492,False,27.55905511811012,True,30.825974549074076,93.84615384615384,382.08955223880594,27.55905511811012,150.47619047619048,56.03715170278638,99.38271604938281,-38.40304182509509,1.1538461538461497,22.95411542100283,21.27713920817369,8.634821933295655,14.468027941966689,9.488205560235885,23.53323793417459,-9.787583616946371,0.7686849574266796,8.634821933295655,True,False
NWE,vcp,73.43835485182716,67.3499984741211,68.06999969482422,,,,False,2.0,11%->8%,11.163867505147087,8.290431328411742,0.7052403860954156,96.0,,,,,,-7.310015546827535,1.0577364829309248,False,-45.03816793893128,True,32.825984625810186,14.285714285714302,-17.599999999999994,-45.03816793893128,-18.42105263157895,-61.165048543689316,43.055555555555515,16.129032258064548,77.14285714285715,3.280168522419502,-0.907441016333943,-14.53396524486572,25.447445493003574,4.761904761904767,-24.30683918669131,12.269779507133594,16.009629852542883,-14.53396524486572,True,False
NXG,vcp,62.09023689079536,53.70000076293945,54.4900016784668,,,,False,2.0,17%->14%,17.12185930577694,13.51297168122051,0.5733934137358891,60.0,,,,,,-12.240628467396409,1.4498089396087026,False,,False,,,,,,,,,,,,,,,,,,,False,False
OABI,vcp,4.994999885559082,4.630000114440918,4.789999961853027,,,,False,2.0,28%->7%,28.36095344602673,7.307302892506678,0.5246318636500237,15.0,,,,,,-4.1041026707272765,3.340289116624813,False,,False,39.825976466458336,,,,,,,,,244.23915832691816,247.30380356283098,-22.473158089596446,-46.332694151486095,-7.014625355236714,72.24212034383955,274.09557838320677,-42.54554785732615,-46.332694151486095,True,False
OCC,vcp,15.199999809265137,13.649999618530273,14.279999732971191,,,,False,2.0,23%->10%,23.13527128960401,10.197369803847387,0.34425299581649293,10.0,,,,,,-6.052632156831743,4.411765589787136,False,,False,,,,,,-280.0,-44.44444444444444,800.0,,21.99187032893992,26.57529897295392,4.372449637820708,1.762145465117393,9.378811564747181,35.19388252234883,-17.136447460172967,-0.44178519780092573,1.762145465117393,True,False
ODC,vcp,95.06999969482422,84.33999633789062,92.5999984741211,,,,False,2.0,17%->11%,16.95541288758438,11.286424099481462,0.6411250171423801,41.0,,,,,,-2.5980869134657167,8.920088847019679,False,-17.567567567567565,True,12.825975520046297,-17.567567567567565,110.00000000000001,283.33333333333337,37.83783783783781,-3.1746031746031744,36.95652173913042,-9.80392156862745,-31.081081081081074,9.374810607700358,0.7039362266281213,-5.829848763140411,10.122952982357392,7.2976209687693805,-2.281592882160588,-3.7743986199405777,8.407719413684722,-5.829848763140411,True,False
OOMA,vcp,23.809999465942383,21.56999969482422,21.920000076293945,,,,False,2.0,18%->9%,17.831233222851797,9.407811093495573,0.7143919071781778,19.0,,,,,,-7.93783885779534,1.596717063191278,False,150.0,False,72.82598028001158,150.0,,,,11.111111111111116,-40.000000000000014,200.00000000000006,25.0,25.4113676089446,24.78894031893464,14.573636265880152,3.8355827844058554,2.5619539365857813,8.802155958382496,10.290573012939008,1.9001265746489082,3.8355827844058554,True,False
OPRT,vcp,7.730000019073486,7.079999923706055,8.300000190734863,,,,True,2.0,14%->8%,13.734943579824435,8.408798108196388,0.36575433319674383,34.0,,,,,,7.373870249093439,14.698798060157545,False,-76.19047619047619,False,38.82597447842593,21.42857142857142,-76.19047619047619,-73.07692307692307,,240.0,-28.57142857142857,-36.36363636363635,-21.42857142857143,6.650144568360172,-9.754163362410784,6.504809894640395,-22.329026158209896,13.444639718804918,-2.107526881720434,-5.660377358490565,1.7967781908302394,-22.329026158209896,True,False
P,vcp,103.5,92.2699966430664,121.87999725341797,,,,True,2.0,20%->11%,20.45696621958549,10.850244789307819,0.5512092357964917,19.0,,,,,,17.75845145257775,24.294388970804796,False,-15.789473684210531,False,66.82597446568286,49.99999999999998,,123.07692307692308,-15.789473684210531,199.99999999999994,-75.86206896551724,81.25000000000003,14.28571428571428,37.73463940850312,35.24936254391542,20.351494927498347,16.049271302606762,12.632016837370452,-0.5672851998719475,9.793115890561799,12.015186956592427,16.049271302606762,True,False
PACS,vcp,45.849998474121094,40.61000061035156,41.459999084472656,,,,False,3.0,18%->16%->11%,18.479164441426597,11.428567149739644,0.7010114014510938,42.0,,,,,,-9.574699096503274,2.0501652023418155,False,51.61290322580645,True,44.82597435363426,51.61290322580645,194.1176470588235,90.90909090909089,219.99999999999997,-6.000000000000005,19.04761904761907,31.24999999999998,3.2258064516129004,9.062397574722226,11.196216087111432,12.420872908954061,31.244117796375193,0.5308603980819226,4.5843132258047925,0.997915646930525,2.7062047657502752,9.062397574722226,True,False
PANL,vcp,7.679248755376118,6.528595977521186,8.149999618530273,,,,True,2.0,19%->15%,19.158297599384255,14.983923747090222,0.5528960589775112,70.0,,,,,,6.130168173346252,19.894524133750604,False,-5.263157894736848,False,40.825961609618055,,,-5.263157894736848,72.72727272727273,-23.809523809523803,16.666666666666675,-5.263157894736848,,19.420635781707716,38.90653246689793,24.940001098150134,10.158875027476078,9.695743932465707,-7.233062784671807,9.017816535205903,7.646249577187936,10.158875027476078,True,False
PEB,vcp,18.790000915527344,17.40999984741211,18.600000381469727,,,,False,2.0,11%->7%,11.15070618517054,7.344337418178909,0.8028305473816463,37.0,,,,,,-1.0111789505055744,6.397852202428752,False,-254.16666666666669,False,33.82591831810185,183.33333333333334,,,-254.16666666666669,,,,-716.6666666666667,-0.09692371490196416,7.927785028694889,3.382109004739342,-1.435493041307201,17.78820561483092,-0.9632741004761969,-12.466047857785977,-2.1627484130275265,-1.435493041307201,True,False
PFAI,vcp,3.0199999809265137,2.640000104904175,3.0,,,,False,3.0,22%->16%->13%,21.824099428160405,12.582777431202425,0.75,19.0,,,,,,-0.6622510282393388,11.999996503194172,False,,False,,,,,,,,,,,,,,,,,,,False,False
PGC,vcp,47.99804207260118,44.060001373291016,44.81999969482422,,,,False,2.0,14%->8%,13.695561997560926,8.204586123228815,0.5779143751360282,58.0,,,,,,-6.6211916997987075,1.6956678418294748,False,25.581395348837212,True,32.82591822716435,91.1111111111111,86.046511627907,30.769230769230795,25.581395348837212,7.499999999999996,17.64705882352939,25.925925925925952,19.999999999999996,16.85780967677173,17.80841915277631,16.339644058864078,16.74772210381772,4.911513895303643,3.1111885472021372,5.480308014628865,2.413546476611117,16.339644058864078,True,True
PKOH,vcp,47.34000015258789,44.0,47.52000045776367,,,,True,3.0,13%->9%->7%,13.17435828492821,7.055344617284091,0.6475000000000001,29.0,,,,,,0.3802287803033337,7.4074082993586865,True,-47.945205479452056,False,39.825914546134264,30.303030303030297,-5.000000000000004,,-47.945205479452056,50.877192982456144,850.0000000000026,-84.21052631578951,-42.42424242424243,9.997500624843791,3.848051307350775,1.6992790937178093,-4.549808429118773,4.536817102137758,6.582278481012649,-0.9031610637230347,-0.37490627343164107,-4.549808429118773,True,False
PLAB,vcp,29.979999542236328,26.93000030517578,29.809999465942383,,,,False,2.0,29%->10%,28.62041789802432,10.17344657648729,0.2304300739800401,20.0,,,,,,-0.5670449596053073,9.661184878775227,False,8.823529411764696,True,74.49259433701388,25.64102564102564,260.00000000000006,8.823529411764696,96.29629629629632,-9.259259259259267,-27.027027027027017,-30.188679245283012,171.79487179487177,2.686863693831576,-0.49859710320770967,6.094146263281441,-3.0804750525540325,2.908926359912356,-6.720695262722931,4.308291236038375,2.5552059469376553,-3.0804750525540325,True,False
PLGO,vcp,25.72595284569501,23.440000534057617,24.0,,,,False,2.0,20%->9%,20.176110691110434,8.885782872061524,0.7560496959295602,34.0,,,,,,-6.708994827314356,2.3333311080932617,False,,False,46.82591811303241,,,,,,,,,,,,,,,,,,False,False
PLPC,vcp,428.5,390.6499938964844,429.82000732421875,,,,True,3.0,17%->12%->9%,16.538139336997478,8.833140280867124,0.7916252237915258,27.0,,,,,,0.30805305115956827,9.113120087541187,True,-65.5844155844156,True,32.825922633240744,75.390625,-8.154506437768239,-19.248826291079823,-65.5844155844156,109.81308411214954,24.418604651162813,224.52830188679238,-79.296875,25.40079362739607,18.67295898102208,3.585511946719966,21.16987473889762,20.65090368622289,1.8306384994425384,-2.795262989437741,5.0035082340316395,3.585511946719966,True,False
PLRZ,vcp,11.989999771118164,10.5,10.510000228881836,,,,False,3.0,33%->22%->12%,32.72490487502888,12.427020847050521,0.17347600518806744,16.0,,,,,,-12.343616100822546,0.09514965427265139,False,,False,,,,,,,,,,,,,,,,,,,False,False
PLSE,vcp,56.7400016784668,51.62200164794922,51.83000183105469,,,,False,2.0,14%->9%,14.13177868529671,9.020091433060166,0.8071466454521347,7.0,,,,,,-8.653506701032557,0.40131232058117056,False,,False,40.825917044444445,,,,,,,,,,,,,8.229426433915222,51.893939393939405,206.97674418604652,,,False,False
PLXS,vcp,256.6700134277344,236.5800018310547,261.6099853515625,,,,True,2.0,22%->8%,21.805367693805056,7.8271751843485395,0.8174525426680598,34.0,,,,,,1.9246392899024714,9.567671313031676,True,-3.658536585365846,True,32.82591643846065,-3.658536585365846,29.078014184397173,12.686567164179108,26.351351351351404,-13.186813186813184,20.529801324503303,-19.25133689839572,14.024390243902452,28.13196007494785,18.73011824479427,9.602283321142234,-1.1102991717681365,12.117735919096507,8.77738229213012,-99.97345274731852,395653.68159731635,-1.1102991717681365,True,False
PMTS,vcp,25.290000915527344,23.469999313354492,24.299999237060547,,,,False,2.0,26%->7%,25.92592855426331,7.1965264384605945,0.4764465587672579,12.0,,,,,,-3.914597242497385,3.4156376533551516,False,-57.49999999999999,True,38.49258375872685,325.0,-57.49999999999999,10.714285714285744,72.72727272727273,0.0,-72.58064516129032,226.3157894736842,375.0,14.973064206607933,19.832845936413037,22.349235786915656,10.593101458104549,1.4091687739619774,-3.884903367438941,10.93602771697375,6.329718773361703,10.593101458104549,True,False
POWL,vcp,185.0,167.30999755859375,191.6199951171875,,,,True,2.0,16%->10%,15.695719721554847,9.562163481841218,0.7458726583216904,19.0,,,,,,3.57837573902027,12.686566213367598,False,-1.5748031496062964,True,52.82591646666667,7.575757575757569,-1.5748031496062964,18.881118881118873,149.60212201591517,13.59999999999999,-63.23529411764706,-63.8682252922423,612.8787878787879,8.896053766858913,6.4544146200530506,4.039663506343438,8.33263652326921,5.099202670127934,18.08674119370661,-15.705258353664476,4.09050102524513,4.039663506343438,True,False
POWW,vcp,2.3399999141693115,2.0999999046325684,2.3299999237060547,,,,False,2.0,19%->10%,18.726591225196433,10.256411040166299,0.3693163739340715,32.0,,,,,,-0.4273500354724066,9.871245777023569,False,,False,51.49258055918982,,,,,,-200.00000000000009,0.0,,22.123596316756753,10.10391236614392,6.968593421412317,0.010790267329086056,4.258050636740962,3.6938989351198437,11.76663929199453,1.0705403961213777,0.010790267329086056,True,False
PSMT,vcp,181.8300018310547,166.35000610351562,173.17999267578125,,,,False,2.0,17%->9%,16.56009227232749,8.5134441905369,0.6948915215304983,37.0,,,,,,-4.757195769766585,3.943865839659884,False,6.6115702479338845,True,30.82585174002315,12.28070175438598,11.724137931034484,6.6115702479338845,8.510638297872353,-20.98765432098766,25.581395348837212,26.470588235294066,-10.526315789473639,12.488072093519342,9.651979710914249,9.919757954249153,8.558413435069667,-0.9184047373235416,8.157708415748854,3.8884276564172815,1.038951968778301,8.558413435069667,True,False
PWR,vcp,653.8699951171875,607.4500122070312,643.5,,,,False,2.0,18%->7%,18.087745280617305,7.099267936562343,0.7014115386176936,27.0,,,,,,-1.5859414248437835,5.602173705201049,False,2.4630541871920597,True,33.49251808100694,94.73684210526316,51.04166666666667,2.4630541871920597,14.871794871794886,104.13793103448276,-30.288461538461508,-7.142857142857184,47.36842105263159,41.10419493143886,26.33346777182164,19.661880464892988,17.52982789446198,21.36197461594833,0.41876074669202623,2.7588617985042863,12.673853725531359,17.52982789446198,True,False
RBRK,vcp,94.61000061035156,85.77999877929688,113.80000305175781,,,,True,2.0,20%->9%,20.285428853830393,9.33305334963561,0.43072607393141815,19.0,,,,,,20.283270603114882,24.622147206548888,False,-107.73286467486818,False,68.82585313266203,,,-107.73286467486818,,,,,,37.888078487058664,38.992606317845734,46.3324292909725,48.263597794883516,10.383705188752357,2.484616769574566,7.858558512248481,13.007809978700058,37.888078487058664,True,False
RCMT,vcp,41.77000045776367,38.84000015258789,40.59000015258789,,,,False,2.0,9%->7%,9.445346206571744,7.014604436354968,0.5991814461118691,17.0,,,,,,-2.824994714493612,4.311406734223492,False,-14.28571428571428,True,39.82585142037037,36.00000000000001,-3.703703703703709,110.52631578947363,-14.28571428571428,30.76923076923077,-35.0,166.66666666666669,-40.0,20.021492720620216,-1.698767653569777,12.434990638651966,16.439990060465504,12.979599701341549,-3.9756695499329253,23.0292079841796,-10.077271447944113,-1.698767653569777,True,False
RGLD,vcp,271.42999267578125,240.75999450683594,252.49000549316406,,,,False,2.0,18%->11%,18.005051278148347,11.299413843915227,0.7889408117509711,68.0,,,,,,-6.977853477393965,4.6457327938256565,False,-36.19631901840484,True,39.82585181346065,38.3084577114428,91.86046511627906,-36.19631901840484,31.506849315068486,-15.75757575757576,217.30769230769204,-45.83333333333328,-4.477611940298498,114.90772408332259,142.52207448458404,85.29028436018957,30.041220200477724,-3.9618438582467386,24.992006906033183,48.89791643524764,20.236783484304265,30.041220200477724,True,False
RHP,vcp,133.27000427246094,118.62999725341797,121.97000122070312,,,,False,2.0,17%->11%,16.877639636617495,10.985222893151956,0.8478365516060586,40.0,,,,,,-8.479029556160116,2.7383815150099595,False,-43.617021276595736,True,37.825852728854166,26.785714285714256,3.0000000000000027,-4.440892098500626e-14,-43.617021276595736,37.8640776699029,-8.035714285714256,111.32075471698104,-52.67857142857143,13.564968196326088,13.161013485901108,13.923780906778994,7.72786285498166,12.700805932239101,-9.926159651291389,24.53338464498749,-10.167623177638108,7.72786285498166,True,False
RIO,vcp,106.83999633789062,93.61000061035156,94.47000122070312,,,,False,2.0,19%->12%,19.255126138315042,12.382999046254241,0.6182392829936753,70.0,,,,,,-11.578056478087413,0.9103425418005533,False,,False,145.82585185934028,,,,,,,,,,,,,,,,,,False,False
RLJ,vcp,11.779999732971191,10.59000015258789,11.119999885559082,,,,False,2.0,17%->10%,17.14507353982959,10.101864239033858,0.6311187708260448,34.0,,,,,,-5.602715300279909,4.766184698072454,False,-177.7777777777778,False,39.8258529097338,6.666666666666665,,,-177.7777777777778,,,,-146.66666666666669,5.476407520731041,3.613932750008386,-0.4230444045104531,-4.540642787727334,12.651149930730599,3.464468202304971,-0.4399400081807059,-9.104303737506992,-4.540642787727334,True,False
RLYB,vcp,17.09000015258789,15.850000381469727,16.610000610351562,,,,False,2.0,11%->7%,11.289400930361586,7.255703686640367,0.37120545534535854,80.0,,,,,,-2.808657331484243,4.575558103280226,False,,False,,,,,,,,-111.11111111111111,,-100.0,0.0,11000.0,-29.096989966555185,-100.0,-4.504504504504503,4.716981132075482,0.0,-100.0,True,False
RMR,vcp,20.530000686645508,18.639999389648438,18.780000686645508,,,,False,2.0,14%->9%,13.597197580708755,9.206045951213685,0.49352683570292183,49.0,,,,,,-8.524110771892724,0.7454807874241745,False,-76.19047619047619,True,46.82584290677083,-28.000000000000004,-76.19047619047619,86.84210526315788,-44.117647058823486,259.99999999999994,-92.95774647887323,273.68421052631567,-23.99999999999998,3.308523191431423,-7.63212833754533,40.76426401080351,-5.675396989069914,8.312714122573283,-36.99389905712701,45.854650400104944,3.7895978941635544,-7.63212833754533,True,False
RXT,vcp,4.289999961853027,3.9000000953674316,4.199999809265137,,,,False,2.0,13%->9%,13.239437603472826,9.090906059522172,0.42038252367858236,10.0,,,,,,-2.0979056733841057,7.142850655276464,False,,False,40.82579124309028,,,,,-1000.0000000000002,,,,0.5703136725198954,1.908626390141266,-0.40840140023337135,-0.6806747558449233,-1.1797669960182833,-0.6883421206795526,1.728247914183556,0.7354044724598552,-0.6806747558449233,True,False
RYOJ,vcp,4.089000225067139,3.5199999809265137,3.8499999046325684,,,,False,2.0,32%->14%,31.92307515962583,13.915387938900942,0.556549393758696,12.0,,,,,,-5.8449573802761545,8.571426802088423,False,,False,,,,,,,,,,,,,,,,,,,False,False
SB,vcp,9.260000228881836,8.210000038146973,8.25,,,,False,2.0,14%->11%,13.533836434925867,11.339094652070575,0.806084848152765,13.0,,,,,,-10.907129631937337,0.4848480224609375,False,,False,60.825795657546294,,,,,,,,,,,,,,,,,,False,False
SCSC,vcp,59.310001373291016,55.0,58.06999969482422,,,,False,2.0,20%->7%,20.020963127105855,7.266904861735397,0.41314508276533596,24.0,,,,,,-2.090712611288532,5.286722422865534,False,5.405405405405417,True,40.49245702892361,40.22988505747127,5.405405405405417,7.14285714285714,28.98550724637683,56.41025641025643,4.0000000000000036,-15.73033707865169,2.298850574712641,17.25014331652901,8.788148349925585,2.543822918352845,-4.632662007787724,24.298699774384126,0.03626818627757711,3.6317177043196036,-9.009381389272297,-4.632662007787724,True,False
SEI,vcp,71.4000015258789,64.2300033569336,70.0999984741211,,,,False,2.0,14%->10%,13.848995388971957,10.04201402761392,0.6627236600984207,9.0,,,,,,-1.820732526576525,8.37374499994395,False,,False,37.82578910712963,,,,,,,,,46.068253070874235,26.08044174979536,-2.171723952738991,0.5939269527510893,25.097111416781303,3.9343512323440244,0.23960745649234116,12.075345633962066,-2.171723952738991,True,False
SGML,vcp,10.640000343322754,9.630000114440918,9.979999542236328,,,,False,2.0,22%->9%,21.759999593098957,9.492483047856972,0.7096716960767645,11.0,,,,,,-6.203014847650981,3.5070084554030143,False,,False,48.492463442337964,,,,,,,,,,,,,,,,,,False,False
SILC,vcp,43.2400016784668,40.099998474121094,51.619998931884766,,,,True,3.0,20%->13%->7%,19.63317686289884,7.261801763318158,0.5788967049241022,19.0,,,,,,19.38019641102638,22.316932770504128,False,,False,33.49245824650463,,,,,,,,,,,,,,,,,,False,False
SLS,vcp,12.140000343322754,11.100000381469727,11.979999542236328,,,,False,2.0,25%->9%,24.77320453339371,8.566721025053745,0.48023186515388333,11.0,,,,,,-1.3179637278546656,7.345569235325117,False,,False,46.82578850238426,,,,,,,,,,,,-100.0,,,,,-100.0,False,False
SLSR,vcp,7.730000019073486,7.090000152587891,7.25,,,,False,2.0,21%->8%,21.022061999023286,8.279429041480206,0.5421245421245421,11.0,,,,,,-6.20957332327431,2.206894447063578,False,,False,40.82578849803241,,,,,,,,,,,,,,,,,,False,False
SNDA,vcp,41.0099983215332,37.29999923706055,37.54999923706055,,,,False,2.0,11%->9%,11.489559267486598,9.0465721441511,0.7203377054123323,20.0,,,,,,-8.436964706374805,0.6657789749120918,False,,False,44.492411408252316,,,,,,,,,-28.179041206907296,-39.6957929476435,-43.29552509435636,-41.9122011891189,-0.5524480353566785,0.6638629175211186,-6.660394497793931,-23.136961536063836,-43.29552509435636,True,False
SOLV,vcp,94.16000366210938,86.52999877929688,88.58999633789062,,,,False,2.0,10%->8%,9.75555419921875,8.103233417654236,0.5742780331280894,34.0,,,,,,-5.91547059004646,2.325316225024691,False,-91.02564102564102,True,40.82574515655092,3.9215686274509887,-91.02564102564102,105.55555555555642,931.4285714285714,657.1428571428571,-81.08108108108112,-94.8753462603878,1315.6862745098038,2.2211938917167995,-3.04347826086957,-3.710843373493977,0.672430355427478,10.06477329347284,0.45045045045044585,-4.67557251908397,-3.007866728366493,-3.710843373493977,True,False
SOPH,vcp,8.510000228881836,7.889999866485596,8.260000228881836,,,,False,2.0,9%->7%,8.96551436863854,7.2855504785069165,0.7457222062900296,4.0,,,,,,-2.9377202500128314,4.479423149438913,False,,False,38.49240286505787,,,,,,,,,,,,,,,,,,False,False
SPHR,vcp,151.36000061035156,133.2100067138672,138.44000244140625,,,,False,2.0,27%->12%,26.884325562045632,11.991274988963688,0.8069687396859824,29.0,,,,,,-8.535939559227055,3.777806728768747,False,-131.56342182890856,False,40.49240739395833,-131.56342182890856,,,,,-101.65289256198346,,-182.59587020648965,10.971237041078808,37.81304673831543,73.38836426071451,-3.855367762243145,-18.85365038487148,-1.9982581891769047,50.280457278915726,-7.14503362410448,-3.855367762243145,True,False
SRZN,vcp,17.600000381469727,16.139999389648438,33.68000030517578,,,,True,2.0,18%->8%,18.461535403373006,8.295460001003525,0.5328118048346433,10.0,,,,,,91.3636339498946,52.07838704452708,False,-116.07843137254903,False,,-116.07843137254903,,,,,,,-427.84313725490193,408.64699898270607,408.64699898270607,-19.389312977099237,-90.16999999999999,0.0,846.9696969696969,-46.28687690742625,0.0,-90.16999999999999,True,False
STI,vcp,7.079999923706055,6.489999771118164,6.619999885559082,,,,False,2.0,23%->8%,23.396677543688362,8.333335578329395,0.0792200260200323,3.0,,,,,,-6.497175750055428,1.963747986227329,False,,False,,,,,,,,,,9399.16349809886,28375.333333333332,,,46.22480275326013,813.6470588235294,133.75,204.1825095057034,9399.16349809886,False,False
STM,vcp,52.777834790784475,47.447144300532784,51.58000183105469,,,,False,3.0,28%->15%->10%,28.032467062946232,10.100244754986578,0.4801961417557141,45.0,,,,,,-2.2695757877868465,8.012519162094407,False,,False,33.49240145001157,,,,,,,,,,,,,,,,,,False,False
STRL,vcp,531.0,485.0,513.719970703125,,,,False,3.0,27%->11%->9%,26.661388405817533,8.662900188323917,0.7569993343872203,27.0,,,,,,-3.254242805437853,5.5905887138894315,False,-22.314049586776854,True,37.82574044583333,116.45021645021644,141.40625,-22.314049586776854,50.76142131979697,61.81229773462784,9.574468085106357,-5.05050505050505,28.57142857142858,90.1122597108393,91.59459704048507,51.47614532318432,16.04706429234295,41.48169679353258,9.272206804276784,9.665045521241078,12.132609021136975,16.04706429234295,True,False
STRO,vcp,16.549999237060547,15.149999618530273,15.710000038146973,,,,False,2.0,30%->8%,30.404135612124893,8.459212586519298,0.6826769959113407,15.0,,,,,,-5.075524094481873,3.5646111919599486,False,,False,,,,,,,,,,-84.56506392658247,-16.529685614115753,-21.35188061314066,13.767605633802816,-32.252289471872196,24.69305400532327,20.158877540493148,-84.79410149815672,-84.56506392658247,True,False
SU,vcp,72.05999755859375,65.86000061035156,68.6500015258789,,,,False,3.0,19%->11%->9%,19.15058657138912,8.603937216623992,0.7073859763325897,78.0,,,,,,-4.732162292875589,4.0640944697948775,False,,False,38.82573602918982,,,,,,,,,,,,,,,,,,False,False
TCMD,vcp,24.899999618530273,21.288999557495117,22.889999389648438,,,,False,2.0,24%->15%,24.379420326572692,14.502008499421398,0.7255413759444705,36.0,,,,,,-8.072290199498712,6.994320117270697,False,12.5,False,37.825738253078704,142.85714285714283,,12.5,71.42857142857142,,-117.77777777777779,25.0,157.1428571428571,8.609086876623785,22.848795456029247,21.042238710054328,17.323136278439797,13.858663159153405,-27.34424773635539,20.80228558101569,8.681325644762694,8.609086876623785,True,False
THC,vcp,283.04998779296875,249.3800048828125,249.5399932861328,,,,False,2.0,14%->12%,14.495508516305605,11.895419311864972,0.6751063580954686,56.0,,,,,,-11.838896291119488,0.06411333158002583,False,-21.06339468302658,True,31.825688305995367,213.37579617834393,87.58782201405153,11.345646437994649,-21.06339468302658,22.846441947565555,89.81042654028433,9.326424870466333,22.92993630573248,6.7729083665338585,2.7761822707256467,9.164526960300211,3.1798673429574764,4.843517138599096,-2.8767866835534672,4.499905464170917,0.34149117814457064,2.7761822707256467,True,False
TIGO,vcp,97.19999694824219,90.0999984741211,91.0,,,,False,2.0,20%->7%,19.621018558735905,7.304525408474813,0.48333812822271893,34.0,,,,,,-6.378597883643566,0.9890126658009958,False,,False,40.492356845277776,,,,,,,,,,,,,,,,,,False,False
TLYS,vcp,4.429999828338623,4.110000133514404,4.239999771118164,,,,False,3.0,36%->21%->7%,35.68000030517578,7.223469689032195,0.10444746893796374,14.0,,,,,,-4.28894050977231,3.066029354276982,False,-94.11764705882352,True,67.82568968513888,19.999999999999996,-37.5,-94.11764705882352,-33.333333333333336,259.99999999999994,150.0,-90.9090909090909,46.66666666666668,51.943574541636075,-13.053359546018594,-14.2938716867137,30.555171937577686,31.102166487596005,-10.652138093088903,-7.7147352832284355,40.55812138164314,-14.2938716867137,True,False
TNK,vcp,103.16000366210938,92.54000091552734,94.08000183105469,,,,False,2.0,12%->10%,12.272346111464772,10.29469016050719,0.8119171986844651,23.0,,,,,,-8.801862649012069,1.6369057031831473,False,,False,39.825690016215276,,,,,,,,,,,,,,,,,,False,False
TRLV,vcp,12.930000305175781,11.940999984741211,12.270000457763672,,,,False,2.0,11%->8%,11.194032624359009,7.648880874648402,0.6163022128424264,8.0,,,,,,-5.1044070520858105,2.681340348396568,False,,False,40.49235527402778,,,,,,,,,-10.306336606132028,-3.6962654486835,-2.6558634544820547,1.3729228517960879,-5.510646756453264,-2.1808171327013404,1.7211046993792278,-4.6010076600703105,-10.306336606132028,True,False
TWIN,vcp,24.209999084472656,22.15999984741211,25.940000534057617,,,,True,2.0,11%->8%,11.309524980892455,8.467572550943778,0.5837473167739957,23.0,,,,,,7.145813775327715,14.57209178420255,False,20.000000000000128,False,39.49234615184028,20.000000000000128,,2114.285714285714,,-47.8260869565217,-85.16129032258064,,-140.0,18.33095430190943,19.01971886462668,0.2880306046418424,9.738398013635674,18.311374025275605,7.223331115546694,12.730636531826601,-17.255218353710255,0.2880306046418424,True,False
UMC,vcp,25.799999237060547,23.799999237060547,24.100000381469727,,,,False,3.0,13%->10%->8%,12.805755527308705,7.7519382137309885,0.5726664110395648,36.0,,,,,,-6.589143045976714,1.244818006890356,False,,False,32.492297321608795,,,,,,,,,,,,,,,,,,False,False
UTMD,vcp,74.6960224819888,67.86473733469442,74.75,,,,True,2.0,12%->9%,12.122883289239347,9.145447000128534,0.6865530303030304,49.0,,,,,,0.07226290800719672,9.211053732850267,True,-19.60784313725491,True,26.492311001111112,-10.638297872340418,-10.869565217391308,-8.045977011494232,-19.60784313725491,2.4390243902439046,2.499999999999969,-2.43902439024386,-12.765957446808507,-14.307244047020994,-10.175077239958807,-1.2338938632889263,-1.9290354822588673,-2.212795230451736,-3.571033720287453,-7.816958825927434,-1.4166582939817096,-14.307244047020994,True,False
UVE,vcp,45.11000061035156,41.720001220703125,42.4900016784668,,,,False,2.0,17%->8%,16.765237863569695,7.514961968035358,0.7178364134885874,58.0,,,,,,-5.808022381812037,1.812192109547256,False,30.555555555555557,False,26.825629249699073,68.59504132231406,30.555555555555557,895.652173913044,,8.510638297872353,-17.903930131004408,65.94202898550732,14.049586776859503,6.7206309775804,-0.32973127660705925,6.007395876915567,3.464549456333832,8.503804962331518,-3.520491461686681,1.7320022644464528,0.209926001084626,-0.32973127660705925,True,False
VISN,vcp,6.789999961853027,6.295000076293945,6.349999904632568,,,,False,2.0,11%->7%,11.386857574168541,7.290130903388016,0.4777796153577585,18.0,,,,,,-6.480118699446658,0.8661390419627969,False,703.8194444444445,False,33.49229484731481,1628.5714285714284,703.8194444444445,,,-94.7732181425486,268.04451510333854,1512.8205128205132,457.1428571428571,-1.3884603517432925,21.566606544704968,-135.09537250876744,50.59138791350952,-32.25943196269606,,-125.17641283671841,402.8386300524529,-135.09537250876744,True,False
VMD,vcp,9.390000343322754,8.595000267028809,8.819999694824219,,,,False,2.0,31%->8%,31.093117684024772,8.466454177067963,0.5744544828507704,41.0,,,,,,-6.070294224258081,2.55101400884906,False,-12.49999999999999,True,39.82562925658565,-12.49999999999999,0.0,39.99999999999997,-10.000000000000009,16.666666666666675,-57.14285714285715,55.55555555555558,12.5,23.85340015224562,27.541477109371026,25.51445753356949,23.981104751396455,3.5576948577187295,-1.0068127223323398,5.933476096448542,14.047830499873125,23.85340015224562,True,False
VMI,vcp,511.8699951171875,461.9700012207031,465.3500061035156,,,,False,2.0,22%->10%,22.196768592078282,9.748567873188243,0.6529621294015489,63.0,,,,,,-9.088243002604909,0.7263360564049566,False,21.16788321167884,False,24.492295070243056,,27.54629629629628,134.28571428571422,21.16788321167884,11.433756805807626,-38.91352549889135,81.12449799196784,,6.486233851285239,6.1778742492113015,0.09312692447849269,2.529467983434208,8.6953226641741,-0.8729027411245704,-0.7380638253121519,-0.43482068406203167,0.09312692447849269,True,False
VPG,vcp,66.80000305175781,59.470001220703125,68.56999969482422,,,,True,3.0,21%->14%->11%,20.840953927344813,10.973056132011362,0.40184041709713847,27.0,,,,,,2.6496954524013745,13.271107648565408,False,-750.0,False,38.49229578443287,-750.0,,-333.33333333333337,,,,-123.72881355932202,2849.9999999999995,11.674937800188934,17.57990549337198,10.8997563761992,5.28345240138921,-0.4943511196993544,4.692697214913366,1.0585992374071873,6.0762895650669835,5.28345240138921,True,False
VSH,vcp,33.54999923706055,31.100000381469727,31.799999237060547,,,,False,3.0,20%->11%->7%,19.928928337592886,7.302530287048301,0.6700593291858034,27.0,,,,,,-5.216095498645754,2.201254315676283,False,1800.0,False,39.49229659061343,1800.0,,,,280.0,400.0000000000003,,-700.0,16.5726467694326,17.337773825702296,12.061574107757478,7.518429924131675,5.878280638957545,4.78448588002327,1.3004654457148712,3.7244998360117965,7.518429924131675,True,False
VSXY,vcp,78.48999786376953,71.72000122070312,83.80999755859375,,,,True,2.0,22%->9%,22.3109708218574,8.625298544174623,0.8288882742634374,20.0,,,,,,6.777933290376474,14.425482269508711,False,-8.298755186721984,False,68.49229671052083,990.0,,-8.298755186721984,,289.2857142857143,-74.6606334841629,,-330.0,10.418094585332426,15.299334811529942,7.68865685809208,9.279881217520414,3.26923076923078,-31.247245482591445,54.144021739130444,0.8910212474297463,7.68865685809208,True,False
WAT,vcp,426.2200012207031,392.95001220703125,430.29998779296875,,,,True,2.0,10%->8%,9.989048460581818,7.805825376187396,0.780756697115878,56.0,,,,,,0.9572489701516721,8.67998527666884,True,-156.27530364372467,True,34.492252639259256,-156.27530364372467,-142.85714285714286,-3.0927835051546615,-7.749077490774903,,-123.13829787234043,50.4,1.2145748987854255,113.35927367055771,91.38972809667673,6.839010259947709,8.04830441507216,29.834254143646397,35.88603162380053,16.56633999552437,3.7466926070038875,6.839010259947709,True,False
WLY,vcp,50.0,45.9900016784668,48.61000061035156,,,,False,2.0,15%->8%,15.143227228237974,8.019996643066406,0.4364748026207485,15.0,,,,,,-2.779998779296875,5.38983521700848,False,-204.54545454545453,False,68.49225347491898,-204.54545454545453,103.2,,13.513513513513509,-109.05511811023622,353.57142857142856,-33.33333333333333,281.8181818181818,-2.6307963709677473,1.2115351157646392,1.3370371651846291,-1.1355032290580103,-13.747346190681364,9.244310255684862,-2.7777053284995135,6.288054435483881,-2.6307963709677473,True,False
WST,vcp,360.2900085449219,331.989990234375,373.6000061035156,,,,True,2.0,16%->8%,15.733165792242696,7.85478854238567,0.28477729826561354,44.0,,,,,,3.694245536352204,11.137584365459428,False,2.2471910112359605,True,26.492251568842594,18.13186813186811,56.09756097560976,2.2471910112359605,3.7837837837837673,11.979166666666675,5.494505494505475,-5.208333333333314,5.494505494505497,13.803000652315722,21.0458452722063,7.505341880341887,7.725264426295353,3.2429873357793904,4.956521739130437,0.0497141436738735,4.9706457925636105,7.505341880341887,True,False
WTS,vcp,392.89207047582164,345.6000061035156,354.3999938964844,,,,False,2.0,15%->12%,15.314034693028706,12.036909860520167,0.7137475416193457,60.0,,,,,,-9.797112100715214,2.4830665757683708,False,17.27574750830565,True,32.82558496108796,17.27574750830565,34.389140271493225,23.762376237623783,18.93203883495147,18.855218855218837,18.80000000000002,2.0408163265306145,-18.604651162790688,18.564548702811877,21.37992831541218,15.673575129533667,12.527593818984538,12.682710763324966,8.35066389377699,2.190616315187177,-4.971259903681835,12.527593818984538,True,False
WULF,vcp,17.93000030517578,15.880000114440918,16.290000915527344,,,,False,2.0,17%->11%,17.201839803936817,11.433352793324259,0.8454711609985343,9.0,,,,,,-9.146677979559351,2.516886298610457,False,,False,44.492252744791664,,,,,,,,,51.307056112567075,65.26525993424916,-12.117836252627823,-14.819197533152694,11.575246251306638,38.326834575819426,-27.301438994418824,34.85252237331993,-14.819197533152694,True,False
ZIM,vcp,29.03499984741211,26.850000381469727,29.3799991607666,,,,True,2.0,10%->8%,10.317994899068283,7.525398579043325,0.24173282316625305,26.0,,,,,,1.1882187538059932,8.611296295322497,True,,False,54.492251822650466,,,,,,,,,,,,,,,,,,False,False
