ticker,pattern_type,entry_price,stop_price,last_close,pole_gain_pct,pole_len,flag_len,retracement_pct,volume_ratio,breakout,n_contractions,contraction_pcts,first_contraction_pct,final_contraction_pct,volume_dryup_ratio,base_len,ribbon_width_pct,squeeze_days_ago,expanding,extension_pct,risk_pct,is_lre,eps_min_yoy_pct,eps_full_history_available,days_to_earnings,eps_yoy_q1_pct,eps_yoy_q2_pct,eps_yoy_q3_pct,eps_yoy_q4_pct,eps_qoq_q1_pct,eps_qoq_q2_pct,eps_qoq_q3_pct,eps_qoq_q4_pct,revenue_yoy_q1_pct,revenue_yoy_q2_pct,revenue_yoy_q3_pct,revenue_yoy_q4_pct,revenue_qoq_q1_pct,revenue_qoq_q2_pct,revenue_qoq_q3_pct,revenue_qoq_q4_pct,revenue_min_yoy_pct,revenue_full_history_available,passes_growth
IPDN,bull_flag,6.78000020980835,2.950000047683716,4.610000133514404,6469.697394427978,12.0,9.0,46.27634644259258,0.18873831731257767,False,,,,,,,,,,-32.00589983986571,36.008677608544836,False,,False,,,,,,,,,,-28.035138806815763,2.890496123186037,3.0689695209015655,2.223429028478341,-23.692635245298032,-7.239794331718896,-3.62988678582854,5.49939384339837,-28.035138806815763,True,False
NFE,bull_flag,8.25,5.445000171661377,5.510000228881836,3058.914747217959,9.0,10.0,34.2752099969652,0.4864097718301021,False,,,,,,,,,,-33.21211843779593,1.179674310715041,False,-3666.666666666667,False,32.783710758425926,,,,-3666.666666666667,,,,,19.44337273333099,-51.87759333404352,-7.211284110884197,-46.12283879761819,47.092552398846735,-43.224378565451026,35.74555380787123,5.361965557153381,-51.87759333404352,True,False
OPTT,bull_flag,1.659999966621399,0.9100000262260437,1.059999942779541,1418.1817873942948,11.0,6.0,48.71794560741696,0.2034219060983641,False,,,,,,,,,,-36.14458047628995,14.15093628780453,False,,False,67.78365805453704,,,,,-211.30434782608694,,,,-38.01652892561983,22.672064777327925,162.5,25.581395348837212,-0.990099009900991,-57.56302521008403,-5.555555555555558,56.19834710743801,-38.01652892561983,True,False
TJGC,bull_flag,35.79999923706055,26.309999465942383,27.81999969482422,231.06562712841318,15.0,5.0,34.93926054243162,0.06610310485688659,False,,,,,,,,,,-22.29050198966302,5.427750702537802,False,,False,,,,,,,,,,,,,,,,,,,False,False
KOD,bull_flag,98.94999694824219,87.58000183105469,92.33999633789062,212.3730890055271,6.0,3.0,16.253357449393288,0.2976081356415926,False,,,,,,,,,,-6.680142308452074,5.15485672039466,False,,False,35.783845121203704,,,,,,,,,,,,,,,,,,False,False
IGR,bull_flag,12.376939847710055,11.09000015258789,11.09000015258789,174.5535954417579,8.0,15.0,13.375628515239372,0.8408797271729229,False,,,,,,,,,,-10.397882763890708,0.0,False,,False,,,,,,,,,,,,,,,,,,,False,False
PSIG,bull_flag,4.690000057220459,4.5,4.659999847412109,158.8235278403784,15.0,4.0,4.232800317117744,0.3888972445694045,False,,,,,,,,,,-0.6396633143354228,3.433473232857806,False,,False,,,,,,,,,,,,,,,,,,,False,False
VNCE,bull_flag,13.109999656677246,9.609999656677246,12.239999771118164,128.62822107989865,11.0,7.0,29.21175277606569,0.3703536132658123,False,,,,,,,,,,-6.636154907265536,21.486929441344742,False,-38.235294117647065,False,61.450014564652776,-13.978494623655912,,,-38.235294117647065,,,-233.33333333333334,-77.41935483870968,11.66969320462583,10.532856920925893,4.699186991869908,6.192460267957389,27.723900991645188,-23.501021419952927,-1.6669407701524808,16.22724976447618,4.699186991869908,True,False
SRZN,bull_flag,32.0,26.18000030517578,26.3700008392334,99.13366713508442,5.0,4.0,37.453182450392866,0.19703621376308234,False,,,,,,,,,,-17.59374737739563,0.7205177398968209,False,-116.07843137254903,False,,-116.07843137254903,,,,,,,-427.84313725490193,408.64699898270607,408.64699898270607,-19.389312977099237,-90.16999999999999,0.0,846.9696969696969,-46.28687690742625,0.0,-90.16999999999999,True,False
GRAL,bull_flag,166.47500610351562,132.0399932861328,137.27999877929688,86.55304750174153,10.0,4.0,12.428860965685912,0.6968398915397286,False,,,,,,,,,,-17.537171499525304,3.8170203523882207,False,,False,34.78394171998843,,,,,,,,,25.723047490434393,28.105663222037247,13.973125588204539,26.322769789194478,9.56724285889421,-6.449985090717247,20.45366635353927,1.8287193337834795,13.973125588204539,True,False
IOVA,bull_flag,15.029999732971191,12.920000076293945,12.960000038146973,82.06387063584182,14.0,4.0,28.443110823105243,0.7058764139271118,False,,,,,,,,,,-13.772453304062788,0.3086416800562491,False,,False,28.45055021150463,,,,,,,,,65.6541900186816,44.81793852891087,17.744999592911228,15.19938519340791,39.03541929161416,-17.679870002650656,28.635386553998956,12.515012009607695,15.19938519340791,True,False
AOUT,bull_flag,17.68000030517578,15.699999809265137,16.09000015258789,75.32466369404833,15.0,7.0,24.535804657118625,0.2742655082392917,False,,,,,,,,,,-8.99321337750442,2.423867865905687,False,-3300.0,False,63.78423011541666,,,-3300.0,-33.33333333333333,,,-300.0,,25.425897245976703,-24.027315876142197,-3.297154089394072,-5.035529286757868,-20.83554686669925,-16.821620475113118,-1.0891798807671438,92.57625749107805,-24.027315876142197,True,False
VICR,bull_flag,313.55999755859375,293.07000732421875,299.2900085449219,73.31647910625747,15.0,3.0,11.889068340652775,0.7902881207316019,False,,,,,,,,,,-4.550959664746552,2.078252211272711,False,142.3076923076923,False,12.450021732013887,633.3333333333334,320.8333333333332,142.3076923076923,,-56.43564356435642,60.31746031746028,-30.76923076923077,1416.6666666666667,20.220713434360626,11.540461285693482,18.522851684090757,11.871316420900602,5.31865304295942,-2.860817039928276,14.968869083564119,2.2113911118678775,11.540461285693482,True,False
VRA,bull_flag,5.21999979019165,4.849999904632568,5.079999923706055,63.8157921567188,13.0,3.0,6.701036629203817,0.33882036515195846,False,,,,,,,,,,-2.681989887215219,4.527559498577561,False,,False,63.45000127489584,,,,,,-269.99999999999983,,,1.1163171413248962,7.832584791698927,-39.162778697512415,-11.67657449314019,28.629133603820335,-34.381773631137506,36.359693508746574,-12.144006322504165,-39.162778697512415,True,False
SHMD,bull_flag,4.880000114440918,4.255000114440918,4.429999828338623,53.31230336108514,12.0,4.0,35.79881648457037,0.437482875774015,False,,,,,,,,,,-9.221317121912602,3.9503322952347606,False,,False,137.78348636527778,,,,,,,,,,,,,,,,,,False,False
SDGR,bull_flag,33.779998779296875,27.690000534057617,28.899999618530273,52.57623427615721,5.0,12.0,13.299999237060547,0.8138632496261538,False,,,,,,,,,,-14.446416036454865,4.186848098422886,False,,False,27.783477261458337,,,,,,-280.0,,,7.542139191731034,-1.6187805410488476,-1.2251321942547855,53.935959195239434,0.5154727157901995,-32.84002980455093,60.5827994993005,-0.7943899632937068,-1.6187805410488476,True,False
CYPH,bull_flag,3.4210000038146973,2.880000114440918,3.259999990463257,51.36362961501144,14.0,4.0,39.82299633953594,0.7372220222328485,False,,,,,,,,,,-4.706226634665657,11.656437948895197,False,,False,34.45073799094907,,,,,,-150.0,,,0.0,0.0,0.0,0.0,0.0,0.0,0.0,0.0,0.0,True,False
FEIM,bull_flag,89.58999633789062,81.58000183105469,87.12999725341797,48.60577877277959,11.0,11.0,25.48951567629562,0.8327497922307713,False,,,,,,,,,,-2.745841260216951,6.369787211425127,False,-251.51515151515147,True,63.784027766365746,485.7142857142856,-251.51515151515147,-90.0,-35.71428571428572,,-412.5,-11.111111111111105,157.1428571428571,,,-100.0,-100.0,,,,,-100.0,False,False
ALAB,bull_flag,401.739990234375,342.0,389.79998779296875,43.92175541213022,5.0,10.0,19.34726993268772,0.7682600200808661,False,,,,,,,,,,-2.9720721689768688,12.262696072313979,False,-79.67479674796748,False,26.784285808958334,186.20689655172416,144.44444444444446,-79.67479674796748,,88.63636363636363,76.0,-50.0,72.41379310344828,104.45486518171161,93.40010787621831,91.77226852639338,103.8934969845958,27.253446447507955,13.961704911247196,17.351404098449528,20.13807476878988,91.77226852639338,True,False
AXTI,bull_flag,88.36000061035156,80.70999908447266,84.05999755859375,43.37538659241578,13.0,3.0,4.44443896429489,0.6905874567134626,False,,,,,,,,,,-4.866458829849825,3.9852469324496327,False,,False,21.784204213263887,,,,,,,,,164.76577278290864,39.098987394089676,-8.221469826727745,18.227955170226263,76.75308275144852,16.852567162883545,-17.578250760150237,55.53021030377212,-8.221469826727745,True,False
P,bull_flag,149.0449981689453,134.0,147.1999969482422,43.026238674278375,13.0,3.0,0.32219296938637365,0.4559808208490297,False,,,,,,,,,,-1.2378820110499658,8.96738941705516,False,-15.789473684210531,False,54.783632272326386,49.99999999999998,,123.07692307692308,-15.789473684210531,199.99999999999994,-75.86206896551724,81.25000000000003,14.28571428571428,37.73463940850312,35.24936254391542,20.351494927498347,16.049271302606762,12.632016837370452,-0.5672851998719475,9.793115890561799,12.015186956592427,16.049271302606762,True,False
LTRX,bull_flag,7.489999771118164,7.0,7.329999923706055,42.97028747519738,11.0,5.0,10.138241050676813,0.5779184459516035,False,,,,,,,,,,-2.1361796034904734,4.502045390734553,False,,False,27.783787085833335,,,,,,,,,8.027324109712541,5.884210526315781,-4.451076666345754,-13.447404351741564,3.237565032972123,1.3535299254383126,-0.06712760958582642,3.311487915669753,-13.447404351741564,True,False
BAND,bull_flag,67.13999938964844,59.0,60.09000015258789,42.77854265093131,15.0,5.0,17.57769992560727,0.7524461423530341,False,,,,,,,,,,-10.500445786640128,1.8139459973706584,False,-500.0,False,21.450869357835646,,-137.037037037037,-500.0,,,,,,19.824840307390335,-1.0958760578942628,-1.0253606556531514,3.6929298049561687,0.5373962285956324,8.21959926001199,6.60063439862677,3.3126531642954316,-1.0958760578942628,True,False
SVCO,bull_flag,9.25,8.600000381469727,8.640000343322754,42.72152235389149,12.0,3.0,15.55555673293113,0.5662425811011673,False,,,,,,,,,,-6.594590882997255,0.4629625030505988,False,-222.22222222222223,False,34.783431626423614,,,-222.22222222222223,,,,,,47.79216467463478,25.993471473176278,2.2005711406013706,70.17863652934744,0.28724303013236696,-2.7229892614508033,-2.249357326478152,54.980079681274894,2.2005711406013706,True,False
RXT,bull_flag,4.275000095367432,3.700000047683716,4.019999980926514,39.534877826319594,15.0,8.0,42.01679308529917,0.5940810972375141,False,,,,,,,,,,-5.964914824615951,7.960197382116542,False,,False,28.783486087430557,,,,,-1000.0000000000002,,,,0.5703136725198954,1.908626390141266,-0.40840140023337135,-0.6806747558449233,-1.1797669960182833,-0.6883421206795526,1.728247914183556,0.7354044724598552,-0.6806747558449233,True,False
DOCN,bull_flag,151.8300018310547,130.94000244140625,131.00999450683594,39.37255634035262,12.0,11.0,36.8612276174098,0.5810926671858828,False,,,,,,,,,,-13.712709657598326,0.05342498157729134,False,-61.53846153846154,True,27.45072317604167,-25.64102564102565,-61.53846153846154,9.523809523809534,357.5757575757575,93.33333333333333,-34.78260869565217,-84.76821192052981,287.1794871794872,28.57064471879287,22.40214899645472,18.282298401854334,15.693960218455905,9.026191814815544,6.400841618878661,5.554926535269167,4.999542752629171,15.693960218455905,True,False
INTC,bull_flag,126.93000030517578,112.0,112.5,38.96585789701024,14.0,8.0,43.085103201867966,0.8412690517079299,False,,,,,,,,,,-11.36847102377843,0.4444444444444444,False,,False,21.783894033842593,,,,,,,-111.11111111111111,,25.421883505715837,7.184021473119118,-4.109396914446006,2.777777777777768,18.789128673491938,-0.7093754570718147,0.1538123489343013,6.174663659693591,-4.109396914446006,True,False
DELL,bull_flag,595.510009765625,520.1799926757812,574.0,38.447064568014696,11.0,13.0,41.75031918318986,0.5397099048871006,False,,,,,,,,,,-3.612031605327793,9.376307896205358,False,39.02439024390243,True,50.7840693362963,272.94117647058823,282.4817518248175,55.60747663551404,39.02439024390243,20.992366412213737,57.357357357357365,46.05263157894739,34.11764705882352,57.747850617947336,87.53528958850201,39.48017216163136,10.830665681687602,7.13699192555084,31.346055903412328,23.603036474726903,-9.306152606125739,10.830665681687602,True,False
KRSA,bull_flag,34.33000183105469,29.5,31.770000457763672,38.43648509499427,13.0,5.0,47.66948882857483,0.8283612514402198,False,,,,,,,,,,-7.457038266089622,7.1451067833049065,False,-160.8695652173913,False,,,,-160.8695652173913,,,,,,-90.48640915593705,-75.42997542997543,,,-66.75,-46.59546061415221,-26.13412228796844,-27.467811158798284,-90.48640915593705,False,False
AMD,bull_flag,658.52001953125,596.0700073242188,649.4199829101562,38.24754468169858,15.0,7.0,19.808561538826172,0.7912298728803513,False,,,,,,,,,,-1.3818921750581508,8.21501909240113,False,59.5744680851064,True,26.784254278564816,155.55555555555554,90.90909090909089,206.6666666666666,59.5744680851064,64.28571428571428,-8.695652173913038,22.666666666666657,38.888888888888886,50.11060507482108,37.84619521376713,34.10812222512405,35.5917289925209,12.513410709060757,-0.16553067185978154,11.075059485182791,20.31229668184775,34.10812222512405,True,True
TTRX,bull_flag,14.630000114440918,11.569999694824219,11.640000343322754,37.12513055081348,15.0,8.0,47.07522178903981,0.47855322545979306,False,,,,,,,,,,-20.437455555224552,0.6013801240022367,False,,False,35.78338924822916,,,,,,-399.9999999999997,,,,,,,,,,,,False,False
FIRY,bull_flag,13.258999824523926,11.614999771118164,12.479999542236328,36.88611075457664,9.0,9.0,42.06799777602112,0.649095050915279,False,,,,,,,,,,-5.875256750865582,6.931088163831473,False,,False,35.784010761307876,,,,,,,,,22.91584040612358,32.91775129013106,68.87625907377188,11.439504966617807,6.483422092423985,-3.018893072540063,9.633228611090816,8.566669310700403,11.439504966617807,True,False
AEHR,bull_flag,109.4800033569336,91.73999786376953,92.13999938964844,36.869023186378215,15.0,7.0,44.98577628132169,0.7869754564986184,False,,,,,,,,,,-15.83851245487469,0.4341236471983793,False,-650.0,False,25.78428154070602,,,-650.0,-450.0,,,,,33.68585421250621,-43.666357131152026,-26.5293986471419,-16.388444241176913,82.63356928148937,4.340348037231889,-9.89151244416082,-22.144935765490803,-43.666357131152026,True,False
NRXS,bull_flag,7.980000019073486,6.760000228881836,6.78000020980835,36.37961600781712,13.0,5.0,48.30917473776838,0.3752103627666632,False,,,,,,,,,,-15.037591558858946,0.2949849602892418,False,,False,,,,,,,,,,115.71694445500769,79.5203510280186,27.190162448352197,21.71970748171761,19.952446788727784,66.08182604141813,19.3135686591555,-9.246537805088106,21.71970748171761,True,False
ILMN,bull_flag,309.3500061035156,262.8900146484375,273.5400085449219,36.0858489006159,10.0,8.0,15.158998789675115,0.6072718953531283,False,,,,,,,,,,-11.575883902394656,3.8933953219992636,False,-77.82805429864254,True,21.783903737060186,-9.395973154362414,6.0975609756097615,86.20689655172397,-77.82805429864254,55.17241379310347,-59.72222222222223,120.40816326530614,-34.228187919463096,9.442870632672328,4.8030739673391,4.98188405797102,0.37037037037037646,6.232813932172321,-5.867126833477132,6.918819188191883,2.3607176581680767,0.37037037037037646,True,False
TITN,bull_flag,25.950000762939453,22.229999542236328,25.200000762939453,35.89025547791363,11.0,15.0,31.82528805130857,0.43394702121181367,False,,,,,,,,,,-2.890173325432476,11.78571877295725,False,-28.57142857142857,False,47.4500550368287,,,,-28.57142857142857,,,-3279.9999999999995,,-9.158056168630335,-12.1067880794702,-15.539246842763921,-5.194579773588459,-4.976635827107034,-18.61132534062493,-0.41504398690478395,17.95009754294268,-15.539246842763921,True,False
CVI,bull_flag,58.560001373291016,49.7599983215332,57.41999816894531,35.03521351416048,15.0,12.0,28.21249259926839,0.8258953854330153,False,,,,,,,,,,-1.9467267377245214,13.340299706862229,False,-489.2857142857145,False,20.784087375925925,,,-489.2857142857145,,,,-129.30107526881721,,,,,,,,,,,False,False
RFAI,bull_flag,50.79999923706055,35.0,38.599998474121094,34.88532270041396,11.0,5.0,43.17959246015345,0.3807909604519774,False,,,,,,,,,,-24.015749894025756,9.326421286090644,False,,False,,,,,,,,,,,,,,,,,,,False,False
SMTC,bull_flag,201.99000549316406,167.11000061035156,197.1999969482422,34.638117628815635,15.0,7.0,32.38805858462884,0.8252151575410522,False,,,,,,,,,,-2.3714086908542527,15.258619068735662,False,-141.97530864197532,False,46.78345655056713,22.72727272727273,-141.97530864197532,,,,,,-240.9090909090909,16.098779377080596,9.287853154462633,12.81177323131888,19.61647542958831,6.074734091842338,2.7741157226033764,3.7358882371628432,2.660393192511612,9.287853154462633,True,False
BE,bull_flag,302.35400390625,251.3000030517578,295.7799987792969,34.04265375115838,15.0,10.0,35.92481455562115,0.8172625755814975,False,,,,,,,,,,-2.1742742090465277,15.03820268818408,False,65.44129822818347,False,19.78419947837963,,65.44129822818347,,,-99.76979281353218,,,,133.78948951018285,36.28098998656175,59.520627975487585,21.377789349547417,-3.411645196146307,50.539320633275594,29.545293951384966,24.116243085616198,21.377789349547417,True,False
RSKD,bull_flag,8.100000381469727,7.764999866485596,7.789999961853027,33.61486056540643,15.0,4.0,7.286432040393623,0.6832228954492716,False,,,,,,,,,,-3.8271654940397712,0.32092548767464696,False,,False,34.45018161636574,,,,,,,,,,,,,,,,,,False,False
XERS,bull_flag,10.329999923706055,9.039999961853027,10.069999694824219,33.24432372774877,10.0,5.0,37.750990634074746,0.8121120756401264,False,,,,,,,,,,-2.5169431829826836,10.228398849908515,False,,False,28.449958178333333,,,,,-1900.0,-85.71428571428571,,,28.740966465843808,38.270762986742966,42.77608612456114,37.06051448367362,10.79432675304053,-3.123288309811556,15.36300080666846,3.9712604313731026,28.740966465843808,True,False
SEI,bull_flag,80.27999877929688,67.31999969482422,79.69999694824219,33.10199240557215,15.0,8.0,15.946193086000605,0.7660229487439432,False,,,,,,,,,,-0.7224736420950995,15.533246834949866,False,,False,25.783476850879634,,,,,,,,,46.068253070874235,26.08044174979536,-2.171723952738991,0.5939269527510893,25.097111416781303,3.9343512323440244,0.23960745649234116,12.075345633962066,-2.171723952738991,True,False
MTC,bull_flag,5.671999931335449,4.801000118255615,5.010000228881836,33.08270501473145,15.0,7.0,38.56059471711363,0.2810023559648747,False,,,,,,,,,,-11.671363019529307,4.171658704152728,False,,False,,,,,,,,,,,,,,,,,,,False,False
QMCO,bull_flag,35.650001525878906,29.850000381469727,33.470001220703125,32.94167186992123,7.0,7.0,23.31209980608218,0.7955066068273615,False,,,,,,,,,,-6.115007606923338,10.81565792413004,False,,False,32.783555205,,,,,,,,,25.692996920013698,27.310121933303954,8.59297653019626,-12.709127856804836,3.601559094289297,4.569222106025261,18.92848600813202,-2.4437669165914833,-12.709127856804836,True,False
RBRK,bull_flag,127.9000015258789,113.56999969482422,125.80000305175781,32.45238848471246,12.0,5.0,4.267415208435529,0.8448870614134835,False,,,,,,,,,,-1.6419065278089042,9.721783036763371,False,-107.73286467486818,False,56.783548410173616,,,-107.73286467486818,,,,,,37.888078487058664,38.992606317845734,46.3324292909725,48.263597794883516,10.383705188752357,2.484616769574566,7.858558512248481,13.007809978700058,37.888078487058664,True,False
BFLY,bull_flag,10.210000038146973,8.479999542236328,8.699999809265137,32.16292132950238,10.0,8.0,40.61136771475059,0.8459999120532448,False,,,,,,,,,,-14.789424321646605,2.528738756919483,False,,False,22.45085912383102,,,,,,,,,39.468844887311306,24.994110718492337,40.98514674302076,4.513399153737652,22.924990576705607,-15.812521816393232,46.647121783237935,-8.099901637942096,4.513399153737652,True,False
OBIO,bull_flag,6.5,5.75,5.840000152587891,31.856546451385736,11.0,11.0,33.11257776233935,0.615528090484282,False,,,,,,,,,,-10.153843806340145,1.5410984629513866,False,,False,28.78366890193287,,,,,,-217.8571428571429,,,-89.47368421052632,-87.32718894009217,12120.158102766798,-12.765957446808507,-19.999999999999996,-99.64420868777695,3490.8246225319394,2.9904306220095656,-89.47368421052632,True,False
NET,bull_flag,370.3500061035156,338.6700134277344,355.010009765625,31.561201207007517,15.0,8.0,23.408445511172875,0.846783630210837,False,,,,,,,,,,-4.1420267544434655,4.602686090084663,False,,False,21.78370821010417,,,,,,,,,35.86555953747297,33.536288816018796,33.604162227739785,30.6790333006264,8.801181702370432,4.108659461975206,9.337629686829985,9.703190999305122,30.6790333006264,True,False
FSLY,bull_flag,28.280000686645508,24.139999389648438,25.510000228881836,30.59226581810972,15.0,8.0,40.6400146484375,0.5340626231451998,False,,,,,,,,,,-9.794909443095353,5.370446205180017,False,,False,27.783968428958335,,,,,,,,,23.27229690200323,19.75926464277309,22.78647593168255,15.317843243006868,5.950722744637926,0.2369476050332553,9.094126644040369,6.39772979443074,15.317843243006868,True,False
JWEL,bull_flag,2.700000047683716,2.3499999046325684,2.4000000953674316,29.850741665639656,12.0,7.0,43.33333863152482,0.26718026976469433,False,,,,,,,,,,-11.111109148818315,2.0833411978347622,False,,False,,,,,,,,,,,,,,,,,,,False,False
MRAM,bull_flag,19.770000457763672,17.700000762939453,17.760000228881836,29.78427116949607,11.0,3.0,22.19623632853191,0.83846596632609,False,,,,,,,,,,-10.166920497427249,0.33783482640281676,False,-100.0,False,34.78375457180556,,,-28.57142857142856,-100.0,,-120.0,,,41.9286417695629,13.19835591414218,11.779808200558794,16.265608203092707,25.98171059709522,0.4661217320813371,5.284495021337121,6.507082796757824,11.779808200558794,True,False
MRNA,bull_flag,212.22000122070312,183.27999877929688,187.4600067138672,29.109331051052667,5.0,7.0,34.790370359027236,0.838737247627342,False,,,,,,,,,,-11.667135220250142,2.229813178738727,False,-1800.0,False,28.450421603900462,,,,-1800.0,,,,,2.1126760563380254,260.18518518518516,-29.81366459627329,-45.43501611170784,-62.724935732647815,-42.62536873156342,-33.26771653543307,615.4929577464789,-45.43501611170784,True,False
PDFS,bull_flag,56.97999954223633,53.849998474121094,54.439998626708984,28.89908679348432,12.0,3.0,0.0,0.726223969531298,False,,,,,,,,,,-4.4577061002686955,1.083762247375276,False,-99.99999999999997,False,28.78361591784722,233.33333333333334,,-99.99999999999997,-50.0,-16.666666666666664,3.458764513820541e+18,-99.99999999999999,0.0,18.947185276832656,25.852903009753447,24.594189877208738,23.068801310090727,2.3266256444370637,-3.642453087191322,9.258513525343615,10.4140890813486,18.947185276832656,True,False
CRWD,bull_flag,286.989990234375,267.6719970703125,278.8599853515625,28.7075501924029,14.0,3.0,0.0,0.5281998333473346,False,,,,,,,,,,-2.8328531166445914,4.012045065248481,False,,False,54.78409716777777,,,,,-90.9090909090909,,,,25.83040193267132,25.574252741894842,23.318671601775275,22.180843376117878,6.153739565208283,6.147965144115686,5.763123012953675,5.585515915110295,22.180843376117878,True,False
ANF,bull_flag,144.49000549316406,130.80999755859375,141.38999938964844,28.457297915101588,15.0,14.0,29.299782048936944,0.40599714568796774,False,,,,,,,,,,-2.145481338266188,7.482850185109541,False,-7.547169811320764,True,48.45092112307871,43.29896907216495,-7.547169811320764,1.4084507042253946,-5.600000000000005,183.6734693877551,-59.16666666666668,52.54237288135597,-18.900343642611695,4.809773614880508,1.5045871225204177,5.355800966233559,6.753953378341482,13.724646958532837,-33.29622314501959,29.37993319484682,6.789815979347313,1.5045871225204177,True,False
WATT,bull_flag,13.949999809265137,12.539999961853027,12.630000114440918,28.334866201773103,8.0,7.0,45.779216959054544,0.7683968584828407,False,,,,,,,,,,-9.462363533134372,0.712590275315881,False,-94.70712773465067,False,,,,-94.70712773465067,,,-157.33333333333331,,,216.82051282051282,798.5422740524781,610.2803738317757,453.04347826086956,0.2271252433484694,1.3815789473684115,138.99371069182388,30.461538461538453,216.82051282051282,True,False
ALNT,bull_flag,121.41999816894531,116.70999908447266,117.23999786376953,28.050792976744464,13.0,3.0,0.0,0.7856198606349847,False,,,,,,,,,,-3.442596251203757,0.4520631089679161,False,52.380952380952394,True,27.784281566666667,79.41176470588233,52.380952380952394,123.52941176470584,200.0,90.625,-15.789473684210531,-2.564102564102566,14.705882352941169,10.167791485764234,4.60230567080564,17.493648061634293,10.805587279276118,10.69358960515423,-3.0965302677288364,3.3234109108207344,-0.5982318130364428,4.60230567080564,True,False
CEVA,bull_flag,37.33000183105469,35.869998931884766,36.16999816894531,27.86176954574,13.0,3.0,0.0,0.7724452200891992,False,,,,,,,,,,-3.1074299630608975,0.8294145762996443,False,-600.0,False,32.45078108358796,,-55.555555555555515,,-600.0,-362.4999999999998,,,,35.58585905758185,54.47582028123927,6.795874230577281,17.83718104495746,7.434132622853751,5.241841264896019,5.910497009692728,13.225610610376881,6.795874230577281,True,False
DDOG,bull_flag,285.67999267578125,259.260009765625,278.239990234375,27.812404351313468,14.0,6.0,16.14503126524215,0.6972294476136219,False,,,,,,,,,,-2.604313438865816,6.821442328531655,False,-28.57142857142857,True,28.45073641734954,1100.0,114.28571428571428,-7.1428571428571725,-28.57142857142857,-19.999999999999996,15.384615384615397,29.99999999999996,900.0,35.64444336929702,32.154426546806334,29.20687462977498,28.35224110745258,11.429354964994953,5.584592433439584,7.626367496903397,7.123107068556767,28.35224110745258,True,False
OKTA,bull_flag,226.44000244140625,210.3800048828125,218.6699981689453,27.70570863832582,14.0,3.0,4.877519535746512,0.6596065774393133,False,,,,,,,,,,-3.431374398819621,3.7910977068413065,False,19.999999999999996,False,54.783667598020834,75.67567567567568,19.999999999999996,133.3333333333334,,54.761904761904766,19.99999999999997,45.83333333333337,-35.13513513513513,10.576923076923084,11.191860465116289,11.58357771260996,11.578947368421044,5.228758169934644,0.5256241787122251,2.5606469002695365,1.9230769230769162,10.576923076923084,True,False
AMAT,bull_flag,547.25,526.52001953125,530.27001953125,27.42548547619559,11.0,3.0,2.440281494697195,0.7645603877050245,False,,,,,,,,,,-3.1027830915943353,0.7071868787367874,False,12.918660287081352,True,35.78428161741898,42.79279279279278,33.460076045627375,75.17241379310346,12.918660287081352,-9.686609686609682,38.188976377952756,7.627118644067776,6.3063063063063085,24.82881402355519,11.40845070422536,-2.149037119732067,-3.477643718949608,15.233881163084707,12.806617227609806,3.117647058823536,-6.874828814023559,-3.477643718949608,True,False
GCTS,bull_flag,2.2699999809265137,2.0199999809265137,2.119999885559082,27.167631412047122,13.0,10.0,38.297884212785014,0.8257523345222518,False,,,,,,,,,,-6.607933772149559,4.71697688824151,False,,False,34.7839711902662,,,,,,,,,-17.85109983079526,287.0967741935484,-57.535014005602235,-83.52490421455938,-49.427083333333336,153.2981530343008,76.27906976744185,-63.62098138747885,-83.52490421455938,True,False
DSP,bull_flag,12.989999771118164,11.789999961853027,11.930000305175781,26.99600598930285,10.0,3.0,34.56563571120837,0.5931037795810977,False,,,,,,,,,,-8.16011920415253,1.1735150020240597,False,-250.0,False,32.78404538040509,-250.0,,218.18181818181813,-33.333333333333336,,-108.57142857142857,483.3333333333333,200.0,33.91134574133303,25.333371082358937,22.286628023186083,7.08190485723581,17.75057037656147,-19.601540082089286,28.67659087191232,9.927684225399158,7.08190485723581,True,False
LRCX,bull_flag,352.55999755859375,330.8500061035156,333.8900146484375,26.457411162691578,11.0,3.0,12.99966118123373,0.7175466889238253,False,,,,,,,,,,-5.2955477193788525,0.9104820184942602,False,35.074626865671576,True,13.783799497349538,35.074626865671576,40.77669902912619,36.95652173913042,44.18604651162792,24.827586206896534,15.07936507936507,1.6129032258064502,-7.462686567164201,29.988921747003182,23.75575058128141,22.137422198618985,27.740010978949982,15.07749395359539,9.293104257958817,0.3872526305963353,2.9543297134833946,22.137422198618985,True,True
RVTY,bull_flag,166.25,148.30999755859375,153.3000030517578,26.418055484761148,14.0,4.0,14.334905378783356,0.8104079263269228,False,,,,,,,,,,-7.78947184856673,3.255058965314773,False,-48.051948051948045,True,26.450169015555556,2.1739130434782483,2.857142857142869,11.688311688311636,-48.051948051948045,30.555555555555557,-58.13953488372092,114.99999999999994,-13.043478260869568,1.3055961259725413,6.973322783191582,5.852157746664255,2.178206531988214,2.611380952247022,-7.892950770410434,10.459561427228593,-2.962026089709058,1.3055961259725413,True,False
VCYT,bull_flag,49.0,44.08700180053711,44.650001525878906,26.07792445591517,6.0,8.0,44.35257678217397,0.7802690198112704,False,,,,,,,,,,-8.877547906369578,1.2609175948526792,False,26.315789473684205,False,26.783340808402777,,288.88888888888886,614.2857142857144,26.315789473684205,-11.428571428571422,-29.999999999999993,108.3333333333333,,15.48584862173874,21.488036480218042,18.548115179715417,13.820127740376309,8.08939318765236,-1.1128018430558329,6.645838388740599,1.312190774714983,13.820127740376309,True,False
SLGL,bull_flag,79.5,70.75,75.63999938964844,25.303644245753,7.0,4.0,23.5333251953125,0.74993767140364,False,,,,,,,,,,-4.8553466796875,6.464832666719519,False,,False,42.4501252894213,,,,,,,,,,,,,,,,,,False,False
LITE,bull_flag,1137.2049560546875,1037.2440185546875,1133.4000244140625,25.238613296034274,13.0,3.0,4.05030165702847,0.7953803637025327,False,,,,,,,,,,-0.3345862696400369,8.483854225173948,False,-3177.4193548387093,False,28.783800428055557,-3177.4193548387093,,,,-6459.999999999999,68.53932584269661,1680.0,-98.38709677419355,55.91955887122933,16.016371077762614,9.651035986913858,6.0768261964735615,13.052681091251173,5.718547986076583,19.382606114574052,9.27667855984431,6.0768261964735615,True,False
MOVE,bull_flag,12.039999961853027,10.010000228881836,10.59000015258789,24.679858532021036,15.0,15.0,33.018860710010564,0.32785456454682677,False,,,,,,,,,,-12.043187822751232,5.47686416760173,False,-195.37444933920702,False,,,,-195.37444933920702,,,,,,,,,,,,,,,False,False
QLYS,bull_flag,204.41000366210938,184.3800048828125,199.92999267578125,24.567473029572273,13.0,4.0,7.638115398937588,0.8452438523655277,False,,,,,,,,,,-2.191678932570053,7.777716382046572,False,10.077519379844958,True,26.783554274328704,16.279069767441868,10.077519379844958,23.529411764705888,12.096774193548377,5.633802816901423,-3.4013605442177353,5.7553956834532904,7.751937984496116,11.040338408650396,9.843088449583792,10.107983491529037,10.408339669974719,3.721859734226074,0.2031012882098615,3.1786769640103074,3.5474393826724127,9.843088449583792,True,False
CBRL,bull_flag,57.20000076293945,51.650001525878906,56.31999969482422,24.317441056662293,8.0,6.0,19.790659833844682,0.5439107949936262,False,,,,,,,,,,-1.5384633852756822,8.291900202858992,False,-600.0,True,62.4508218437037,86.20689655172413,239.28571428571422,-93.93939393939394,-600.0,-71.57894736842105,3066.666666666667,,-479.3103448275862,-2.1505537384981066,-2.8959492027615052,-7.859588662357453,-5.668160394940647,6.51832844850615,-8.853280171738776,9.737853555246701,-8.159016784388184,-7.859588662357453,True,False
DBI,bull_flag,6.329999923706055,5.800000190734863,5.940000057220459,24.077664900610586,12.0,10.0,43.790190900477754,0.6869616036467769,False,,,,,,,,,,-6.16113540578466,2.3569000864809198,False,45.83333333333333,False,61.45073572616898,47.61904761904763,,,45.83333333333333,1450.0,,-202.85714285714283,66.66666666666666,-1.2292390232036432,1.3744178632104198,0.002382380474563739,-3.1887791207858007,4.957851655058509,-2.4158163873041816,-5.159680015310785,1.6812843763936325,-3.1887791207858007,True,False
JILL,bull_flag,25.135000228881836,22.860000610351562,24.760000228881836,23.739912064572046,10.0,10.0,34.09524606934887,0.8168534959495412,False,,,,,,,,,,-1.4919434914868206,7.673665593564809,False,-309.0909090909091,True,,60.86956521739133,-59.210526315789465,-309.0909090909091,-25.00000000000001,258.0645161290323,,-138.3333333333333,-13.043478260869556,0.9411917014596982,-5.998233903851647,-3.084981725860003,-0.4342554397248177,7.712020114108897,4.192185622062761,-8.038651179721368,-2.194387804641229,-5.998233903851647,True,False
SITM,bull_flag,731.489990234375,698.1099853515625,711.0599975585938,23.678259231608667,11.0,3.0,0.0,0.5899518939755966,False,,,,,,,,,,-2.7929285360740645,1.8212263735120502,False,,False,27.783462583321757,,,,,,-145.45454545454544,,,126.5404207557487,88.29293364724609,66.32408862004668,44.835176262608755,38.624776563614425,0.24892969060335002,35.561884475929496,20.250669122514164,44.835176262608755,True,False
AMBQ,bull_flag,72.26000213623047,62.900001525878906,63.2400016784668,23.57883258940825,15.0,9.0,47.23272461093121,0.7498666559320499,False,,,,,,,,,,-12.482701620681423,0.5376346356164956,False,,False,28.450948082210648,,,,,,-101.47058823529412,,,89.67716667599173,59.2931604373252,2.358630218099278,-10.305155046415171,35.27932960893854,20.80601619745468,14.197632810349582,1.633749230683157,-10.305155046415171,True,False
HPE,bull_flag,71.22000122070312,60.68000030517578,70.4800033569336,22.864481435173722,15.0,8.0,24.025523906152884,0.6348401172306358,False,,,,,,,,,,-1.0390309619293003,13.904657470186855,False,-87.25490196078431,False,56.7839261365162,404.7619047619048,,-29.54545454545454,-87.25490196078431,140.9090909090909,41.93548387096775,138.46153846153854,-38.095238095238116,32.95819935691318,39.10428662827896,18.10945273631841,14.328703703703694,14.110937356268982,14.479780960404387,-3.867179591010328,5.873526259378359,14.328703703703694,True,False
XMTR,bull_flag,112.94000244140625,100.55000305175781,110.66000366210938,22.840312588483226,13.0,5.0,18.988644881299564,0.7617774952687768,False,,,,,,,,,,-2.0187699043833014,9.136092784906788,False,,False,26.449955675104164,,,,,,,,,41.054587288599606,35.87907611395566,29.52082183296756,27.535321599457994,11.768663046339544,6.621690454162721,6.464875632902634,11.177074938325537,27.535321599457994,True,False
PRLB,bull_flag,99.95999908447266,93.61000061035156,97.27999877929688,22.51865724193469,9.0,6.0,18.472767867278563,0.8442856044885096,False,,,,,,,,,,-2.6810727588252656,3.772613296667065,False,3.4482758620689724,False,22.45024777923611,105.55555555555559,120.00000000000001,,3.4482758620689724,12.12121212121211,32.00000000000001,-16.666666666666664,66.66666666666667,10.571362993565959,10.40450061408027,12.10924024640656,7.7591765576863425,7.180484584027091,2.082890697691453,0.8325576584962358,0.22433975255991,7.7591765576863425,True,False
A,bull_flag,176.78643688258376,165.82277698871337,169.3300018310547,22.421750182503985,12.0,6.0,28.482393961088064,0.8405805939520657,False,,,,,,,,,,-4.217764203529601,2.0712365230117773,False,-3.603603603603611,True,48.78428148412037,8.47457627118644,59.999999999999986,-3.603603603603611,24.39024390243909,6.666666666666665,12.149532710280365,-30.065359477124186,29.661016949152575,8.055235903337167,10.011990407673865,6.960142772159439,9.406231628453842,2.3433242506812,2.057842046718572,-3.3852767329392797,7.077100115074808,6.960142772159439,True,False
KLIC,bull_flag,101.94000244140625,97.16999816894531,97.91999816894531,22.195843911247447,12.0,3.0,0.0,0.7596964435932774,False,,,,,,,,,,-3.943500270928071,0.7659313868715508,False,-78.80794701986756,False,41.78385206172454,,,-78.80794701986756,-31.428571428571452,62.12121212121213,106.25,122.2222222222221,,122.6280716648811,49.778993246329925,20.166261346945657,-2.074244839206041,36.18318282424027,21.5383844708829,12.42805167888803,19.63776758100706,-2.074244839206041,True,False
ASYS,bull_flag,18.25,16.559999465942383,17.760000228881836,22.042623286933562,11.0,5.0,1.6667042838083002,0.8092862889323067,False,,,,,,,,,,-2.684930252702269,6.756760965509316,False,-50.0,False,62.78422431854167,900.0,,-50.0,,25.0,700.0,-87.50000000000001,700.0000000000007,14.450069028992175,31.373555840821577,-22.193971703916336,-17.70902455209025,9.356068008598783,7.879618405101985,-4.379598830763031,1.4572787237306262,-22.193971703916336,True,False
TLYS,bull_flag,4.840000152587891,4.369999885559082,4.420000076293945,21.882948612910447,6.0,5.0,48.83722413095724,0.4602362204724409,False,,,,,,,,,,-8.677687253157963,1.1312260151992382,False,-94.11764705882352,True,55.783386067407406,19.999999999999996,-37.5,-94.11764705882352,-33.333333333333336,259.99999999999994,150.0,-90.9090909090909,46.66666666666668,51.943574541636075,-13.053359546018594,-14.2938716867137,30.555171937577686,31.102166487596005,-10.652138093088903,-7.7147352832284355,40.55812138164314,-14.2938716867137,True,False
TER,bull_flag,451.8599853515625,401.239990234375,430.32000732421875,21.783107167681482,12.0,4.0,0.0,0.8461864080658816,False,,,,,,,,,,-4.766958510518454,6.7577655221440365,False,-15.73033707865169,True,13.783390998020833,385.71428571428567,314.75409836065575,82.02247191011234,-15.73033707865169,-5.928853754940711,56.17283950617282,116.00000000000001,53.06122448979591,,,,,7.575783454696938,4.6785914362566405,-27.769080543721415,,,False,False
OCC,bull_flag,18.81999969482422,16.530000686645508,16.729999542236328,21.498604383095255,15.0,3.0,26.71008213712467,0.8334395774519625,False,,,,,,,,,,-11.105208217206677,1.1954504546512745,False,,False,,,,,,-280.0,-44.44444444444444,800.0,,21.99187032893992,26.57529897295392,4.372449637820708,1.762145465117393,9.378811564747181,35.19388252234883,-17.136447460172967,-0.44178519780092573,1.762145465117393,True,False
PAYS,bull_flag,14.90999984741211,13.75,14.359999656677246,21.48900192413077,11.0,3.0,24.015734875532356,0.8053939426893589,False,,,,,,,,,,-3.6888007804394807,4.247908574242917,False,0.0,True,34.78363167584491,450.0,79.99999999999999,0.0,33.33333333333335,22.222222222222232,349.9999999999999,-49.999999999999986,100.0,48.08443370347535,50.75921802755747,45.80637439089279,41.55655408529033,0.76197934662805,23.217677404316795,5.365310028792658,13.198859461296264,41.55655408529033,True,False
GNRC,bull_flag,227.14999389648438,201.9499969482422,223.6199951171875,21.24778763685007,10.0,5.0,27.614959930808226,0.48993074589774516,False,,,,,,,,,,-1.5540386855152406,9.690545855521195,False,-119.1588785046729,True,20.4506045153125,92.0,69.86301369863016,-119.1588785046729,-40.74074074074073,93.54838709677418,,-136.60714285714286,-10.399999999999988,10.586532399646043,12.444685979826374,-11.604865885272197,-5.0453192542709635,10.77485097204458,-2.9444692827511387,-2.0504274677772716,5.011831291716962,-11.604865885272197,True,False
ROG,bull_flag,162.7100067138672,156.10000610351562,156.60000610351562,21.245138561679223,11.0,3.0,0.0,0.739023259219486,False,,,,,,,,,,-3.755147414563304,0.3192847895992356,False,-1009.0909090909091,False,21.783520943796297,,,-17.24137931034483,-1009.0909090909091,24.99999999999989,-58.33333333333329,,,5.249343832021003,4.8387096774193505,2.710413694721825,-5.3221288515406195,-0.496277915632759,-6.7129629629629655,6.5088757396449815,6.45669291338582,-5.3221288515406195,True,False
TENB,bull_flag,39.7599983215332,35.40999984741211,39.470001220703125,20.85685370972017,13.0,4.0,15.605091285480336,0.5456831478324677,False,,,,,,,,,,-0.7293689966607007,10.286296548583412,False,-200.0,False,20.783399711770834,,,-200.0,,200.0,,-150.00000000000006,,8.578014112699407,9.584882305958509,10.521314549210746,11.163954061861482,2.461287195964257,0.5853385175774273,3.2059103153224466,2.080511130431262,8.578014112699407,True,False
ENTG,bull_flag,169.6300048828125,151.88999938964844,166.88999938964844,20.424835922313143,11.0,5.0,10.971447172619047,0.8126792677039623,False,,,,,,,,,,-1.6152835078068724,8.987956171644875,False,-50.74626865671641,True,21.450694607951387,74.28571428571429,46.34146341463414,-50.74626865671641,-9.80392156862745,1.6666666666666607,81.81818181818177,-28.260869565217384,31.428571428571452,11.45885916203937,5.005173305742372,-3.0486886449645145,-0.07428500680946026,8.78186968838528,-1.4564874377958503,2.0815264527320076,1.8551236749116518,-3.0486886449645145,True,False
AGCC,bull_flag,15.0,14.050000190734863,15.0,20.414676454579595,10.0,3.0,41.01562572759565,0.1554045048647208,True,,,,,,,,,,0.0,6.333332061767578,True,,False,,,,,,,,,,,,,,,,,,,False,False
BRKR,bull_flag,66.9800033569336,59.29999923706055,60.5,20.265056991603146,10.0,6.0,37.32571983806595,0.8399204849710673,False,,,,,,,,,,-9.67453423733339,1.9834723354371124,False,-919.9999999999999,True,26.450836953587963,-919.9999999999999,-81.81818181818181,11.111111111111116,-251.85185185185182,-2150.0,-80.0,,-919.9999999999999,5.1542513167795345,2.7451959071624676,-0.24499795835034588,-0.45118000925497004,1.8338596065095913,-15.738845681539093,13.561882626380006,7.913217958364682,-0.45118000925497004,True,False
PANW,bull_flag,432.3299865722656,387.0199890136719,419.9100036621094,20.160291816904863,13.0,4.0,15.436555624989987,0.7458569363058946,False,,,,,,,,,,-2.872801632065418,7.832634221999444,False,-227.77777777777771,True,42.78363319274305,-227.77777777777771,-159.45945945945948,60.52631578947367,-4.081632653061229,,-136.0655737704918,29.78723404255319,30.555555555555515,34.43721663709836,31.14897335080822,14.931324767390342,15.661524076671341,13.590939373750842,15.728604471858132,4.850444624090544,-2.464025231618372,14.931324767390342,True,False
BB,bull_flag,9.720000267028809,9.0,9.579999923706055,20.157074157104482,11.0,3.0,11.688328175339786,0.7594389825415679,False,,,,,,,,,,-1.44033271066513,6.0542790013058765,False,,False,70.78420121979167,,,,,149.99999999999994,0.0,,,26.003086419753085,25.636811832374697,10.091743119266061,-1.253481894150421,6.801831262262925,-1.9871794871794912,10.014104372355437,9.41358024691359,-1.253481894150421,True,False
AMKR,bull_flag,56.560001373291016,51.54999923706055,53.38999938964844,19.594269513384987,14.0,10.0,33.98927585583311,0.8041589371128268,False,,,,,,,,,,-5.6046709806827,3.4463385907897957,False,-18.518518518518523,True,18.784247424652776,266.6666666666667,58.13953488372094,4.081632653061229,-18.518518518518523,-51.470588235294116,33.33333333333333,131.81818181818184,144.44444444444446,27.476760683275646,15.893753552535795,6.735052688858811,3.415592750880281,-10.770129541335328,-4.978540167732948,31.46609218521734,14.362938160906502,3.415592750880281,True,False
NEWP,bull_flag,6.769999980926514,6.130000114440918,6.389999866485596,19.459457416037562,6.0,8.0,46.29629956678458,0.6100333781548604,False,,,,,,,,,,-5.613000229121312,4.068853794635112,False,,False,36.78371069471065,,,,,,,,,,,,,,,,,,False,False
TSEM,bull_flag,268.92999267578125,240.5399932861328,258.4100036621094,19.337293122474275,11.0,3.0,1.9437586879472755,0.848397976391231,False,,,,,,,,,,-3.911794630640044,6.915370969671497,False,,False,32.45005174760417,,,,,,,,,,,,,,,,,,False,False
MPWR,bull_flag,1491.6400146484375,1393.1300048828125,1473.68994140625,19.30223639273434,12.0,3.0,0.0,0.7660484926166252,False,,,,,,,,,,-1.2033783664899957,5.466545862867476,False,-88.11447811447812,True,21.78375642503472,85.76512455516013,39.5017793594306,-88.11447811447812,25.762711864406775,33.16326530612243,11.048158640226657,-4.85175202156336,32.02846975088966,47.55948923671405,26.135982206997376,20.829546459910087,18.876538212826887,21.942339138382327,7.059794583008827,1.8962907094099535,10.924592295214675,18.876538212826887,True,False
AIP,bull_flag,25.149999618530273,22.540000915527344,24.1299991607666,18.520336672735425,6.0,9.0,43.6507756297403,0.8049743519851781,False,,,,,,,,,,-4.055667885625515,6.589300872519152,False,,False,26.784281534270832,,,,,,,,,46.248939522482125,38.736994918945065,30.008393053134476,18.317134506898668,5.223229856993372,13.89978646273029,15.676700367647056,5.490243606835543,18.317134506898668,True,False
MU,bull_flag,1108.0,1045.260009765625,1045.56005859375,18.438295732150166,11.0,3.0,30.513929225095865,0.8452882641052251,False,,,,,,,,,,-5.635373773127257,0.028697426384913516,False,175.44910179640718,True,76.7837322939699,1368.452380952381,756.0283687943263,175.44910179640718,249.3827160493827,104.39105219552611,162.3913043478261,62.544169611307396,68.45238095238095,345.7155144608107,196.28709797590963,56.65403605465611,46.0,73.74685666387259,74.888221065748,20.574458683163943,21.65358563595312,46.0,True,True
FIVN,bull_flag,36.470001220703125,33.11000061035156,33.290000915527344,18.24793539756586,11.0,7.0,48.18839903665081,0.8335828283753337,False,,,,,,,,,,-8.719496020665261,0.5407038156367977,False,37.50000000000002,False,32.78400226913194,300.0,2000.0,37.50000000000002,,-80.95238095238095,-4.545454545454564,4.761904761904789,2000.0,10.299397392584432,9.157505228723117,7.75927653771622,8.195107918026201,2.3336248317333608,1.6774232221711483,5.055417168126741,0.9047936766818809,7.75927653771622,True,False
STAK,bull_flag,1.2599999904632568,1.031000018119812,1.1299999952316284,18.08510820430671,6.0,3.0,46.47058142922808,0.10482829482574964,False,,,,,,,,,,-10.317460017109372,8.761059958369584,False,,False,,,,,,,,,,,,,,,,,,,False,False
IDT,bull_flag,82.30999755859375,77.38135329263214,80.30999755859375,18.05167501347178,5.0,3.0,20.686883307168934,0.7700480325730827,False,,,,,,,,,,-2.4298384878170682,3.6466745797431823,False,1.1627906976744207,True,56.783913110879624,28.358208955223873,1.1627906976744207,4.999999999999982,30.88235294117647,-1.1494252873563315,3.571428571428581,-5.61797752808989,32.835820895522396,,,,,4.545921155024257,,,,,False,False
CLS,bull_flag,393.7200012207031,375.4100036621094,388.239990234375,18.036576875325427,13.0,3.0,0.0,0.6951526701180569,False,,,,,,,,,,-1.39185486369443,3.3046535377564643,False,74.17582417582416,True,18.784109421886573,74.17582417582416,147.29729729729732,77.51937984496129,208.0,73.22404371584699,-20.087336244541486,-0.8658008658008698,26.923076923076916,62.39026750535701,52.79770444763272,43.57151274698512,27.78555711142228,16.100815418828752,10.72806369531314,14.43018159048215,10.38916154005669,27.78555711142228,True,False
LPTH,bull_flag,11.3100004196167,10.640000343322754,10.869999885559082,17.934789200135715,14.0,3.0,12.727270625511878,0.8090123066333034,False,,,,,,,,,,-3.890367088708994,2.11591117440475,False,,False,35.783786139699075,,,,,,,,,,,,,17.112411638897406,78.36297222825492,23.472567516369747,,,False,False
KLAC,bull_flag,208.67999267578125,193.9499969482422,197.4600067138672,17.42949215019367,9.0,5.0,8.8447102948446,0.8444598784261093,False,,,,,,,,,,-5.376646710615023,1.7775800902869614,False,-350.11061946902646,True,20.783856614965277,-350.11061946902646,11.76470588235292,40.90909090909089,20.827389443651946,-347.9166666666667,5.069124423963123,2.4793388429751984,-6.305309734513298,15.208012244148428,11.493492226159141,7.159755217265973,12.956174132275411,7.100218501597921,3.576790351413006,2.724557092011204,1.1010346985785624,7.159755217265973,True,False
SWBI,bull_flag,14.800000190734863,13.850000381469727,14.520000457763672,17.386890631379792,15.0,7.0,19.411622609476982,0.5719177671572212,False,,,,,,,,,,-1.8918900632614695,4.6143254488377385,False,-60.00000000000001,False,56.78342907869213,,94.73684210526318,59.999999999999986,-60.00000000000001,-83.78378378378379,362.5,100.0,,32.335413801615,26.7300355917393,17.106614315916644,-3.862614609921422,-36.88680355851538,31.449645933578463,8.854576080853448,46.53784219001611,-3.862614609921422,True,False
BHE,bull_flag,88.61000061035156,85.87999725341797,85.95999908447266,17.359959004003844,13.0,3.0,0.0,0.7006255585344057,False,,,,,,,,,,-2.990634812803882,0.09306867369329531,False,-67.3469387755102,True,26.78418352435185,1733.3333333333335,259.99999999999994,-67.3469387755102,-7.14285714285714,52.77777777777779,124.99999999999996,-58.974358974358964,1200.0000000000002,16.796758812766456,6.585435902449754,6.184607822484378,3.330877346239758,11.436225104055598,-3.8768661034602525,3.305342859582705,5.548895718976921,3.330877346239758,True,False
AMRX,bull_flag,20.780000686645508,18.735000610351562,20.295000076293945,17.11711980039854,5.0,10.0,26.84208025452727,0.7848986423656314,False,,,,,,,,,,-2.3339778360221777,7.686619660398904,False,157.1428571428571,False,21.450920512685187,157.1428571428571,375.0,,,-5.263157894736848,90.00000000000001,899.9999999999998,-85.71428571428572,9.894852782854024,3.8967818009260524,11.471449026581148,11.679535580268418,10.197378892458197,-11.27322339279816,3.7992996929305134,8.282172177532887,3.8967818009260524,True,False
SNDK,bull_flag,1802.0,1650.0,1660.4599609375,16.962840259648694,7.0,7.0,49.56754842472862,0.6985326298147806,False,,,,,,,,,,-7.854608161071032,0.6299435809096101,False,-48.630136986301366,False,21.783444797743055,,,615.2777777777778,-48.630136986301366,94.65914025184543,347.18446601941747,586.6666666666667,,371.59389794844816,251.03244837758112,61.24733475479744,22.570366436537448,50.67226890756302,96.69421487603307,31.065857885615245,21.409784324039972,22.570366436537448,True,False
PBF,bull_flag,85.08000183105469,77.16999816894531,82.87999725341797,16.960219535822873,13.0,3.0,43.29983597433609,0.6743320127490989,False,,,,,,,,,,-2.5858069232359897,6.889477888148912,False,,False,21.45029701822917,,,,,356.969696969697,122.97297297297298,-48.96551724137931,,56.225168220673424,11.857522925393415,-2.8811230666684784,-8.723142812831796,47.746163480637115,10.71223475033265,-6.686620224542872,2.3517450804650064,-8.723142812831796,True,False
PPLI,bull_flag,42.290000915527344,40.25,41.290000915527344,16.65275968998825,5.0,4.0,28.54757419556985,0.583467435519199,False,,,,,,,,,,-2.3646251557134312,2.518771839349234,False,159.92217898832686,False,25.783565567812502,159.92217898832686,,,,,,,-110.50583657587549,-1.4689326718511309,-12.205669253414053,-53.92394639532139,-8.131931464174457,3.273404856547635,-51.85989620507636,48.94429062399859,33.06192709708131,-53.92394639532139,True,False
QUIK,bull_flag,12.180000305175781,11.380000114440918,11.489999771118164,16.48351229572935,11.0,3.0,16.96968470941826,0.7408396276128579,False,,,,,,,,,,-5.665028873311339,0.9573512521187922,False,,False,34.78352441586806,,,,,,,,,48.68456739896936,16.78612716763006,-39.18214402085369,-51.79377524352577,8.532963769550594,35.306723814626295,83.98225726959092,-44.96880933007865,-51.79377524352577,True,False
DT,bull_flag,61.58000183105469,58.90999984741211,61.04999923706055,16.036809625317105,14.0,3.0,4.273486359078119,0.6827184174654427,False,,,,,,,,,,-0.860673235197699,3.505322549372524,False,-89.07563025210084,True,27.450695541238428,-25.0,-50.0,-89.07563025210084,26.666666666666682,99.99999999999983,-53.84615384615381,-31.57894736842105,18.75,16.17244406084437,19.442453921579638,18.181943237598276,18.109243797966656,4.294021620564359,3.1510864778562686,4.37866635348052,3.456590461067277,16.17244406084437,True,False
KRT,bull_flag,55.36000061035156,51.76499938964844,53.689998626708984,15.800725502070678,10.0,8.0,32.40866922287539,0.8327929027010831,False,,,,,,,,,,-3.0166220470205536,3.585396323893598,False,-20.000000000000007,True,28.78382713820602,170.37037037037032,6.25,21.42857142857144,-20.000000000000007,329.4117647058823,-1.1102230246251565e-14,-5.555555555555525,-33.333333333333336,9.93337957511331,12.857060140507981,13.741404244016175,10.41491163508348,16.55023215644693,1.1503498620445196,-7.14687269105978,0.42746761731162763,9.93337957511331,True,False
NVMI,bull_flag,402.04998779296875,388.55999755859375,394.4800109863281,15.523685389069719,13.0,3.0,0.0,0.40830025413227483,False,,,,,,,,,,-1.8828446801343275,1.50071315728582,False,,False,28.45033820386574,,,,,,,,,,,,,,,,,,False,False
BBCP,bull_flag,10.246252583622574,9.529999732971191,9.9399995803833,15.427929337449054,8.0,15.0,43.20310576489619,0.4614608920491274,False,,,,,,,,,,-2.9889269344070524,4.124747129982264,False,-43.750000000000014,False,97.78420099515046,28.57142857142856,,,-43.750000000000014,125.0,,-166.66666666666669,28.571428571428537,13.135228708886038,14.391858581590245,4.644486594555808,-3.152305944124445,9.30891180544866,19.354088081124775,-17.411445795318915,4.998991068299374,-3.152305944124445,True,False
BLZE,bull_flag,14.640000343322754,13.649999618530273,13.800000190734863,15.19090025845271,15.0,3.0,28.34228444281702,0.6106515426518034,False,,,,,,,,,,-5.737705825744816,1.08696065312592,False,,False,28.784180633622686,,,,,,,,,17.673150035814643,11.709473319273101,11.768188006866742,14.032342201356297,10.466559768271866,2.393940998887767,1.6145524998654626,2.380296435065299,11.709473319273101,True,False
PPIH,bull_flag,32.58000183105469,30.5,32.43000030517578,15.083393252066092,15.0,7.0,29.80768789906457,0.6415679421615741,False,,,,,,,,,,-0.4604098141453369,5.951280564335228,False,-63.934426229508205,True,,209.99999999999997,-63.934426229508205,165.21739130434767,148.38709677419354,40.90909090909092,-63.93442622950819,-20.779220779220797,670.0,,,,,11.893800408459976,7.586027111574567,14.258967703501968,,,False,False
NFE,high_tight_flag,7.130000114440918,5.445000171661377,5.510000228881836,2227.272711509516,20.0,9.0,15.591835261483553,0.3451350076807067,False,,,,,,,,,,-22.720895645961857,1.179674310715041,False,-3666.666666666667,False,32.783710758425926,,,,-3666.666666666667,,,,,19.44337273333099,-51.87759333404352,-7.211284110884197,-46.12283879761819,47.092552398846735,-43.224378565451026,35.74555380787123,5.361965557153381,-51.87759333404352,True,False
TJGC,high_tight_flag,36.7599983215332,24.989999771118164,27.81999969482422,672.6027404418647,32.0,8.0,13.075360099934189,0.0641109103818791,False,,,,,,,,,,-24.31991032347825,10.172537579979064,False,,False,,,,,,,,,,,,,,,,,,,False,False
RFAI,high_tight_flag,50.79999923706055,31.0,38.599998474121094,303.7674755173119,24.0,11.0,23.06874096362273,0.05478347580083389,False,,,,,,,,,,-24.015749894025756,19.68911599625171,False,,False,,,,,,,,,,,,,,,,,,,False,False
MRNA,high_tight_flag,212.22000122070312,183.27999877929688,187.4600067138672,261.71556835588956,34.0,8.0,8.186725308793992,0.628105493540229,False,,,,,,,,,,-11.667135220250142,2.229813178738727,False,-1800.0,False,28.450421603900462,,,,-1800.0,,,,,2.1126760563380254,260.18518518518516,-29.81366459627329,-45.43501611170784,-62.724935732647815,-42.62536873156342,-33.26771653543307,615.4929577464789,-45.43501611170784,True,False
IGR,high_tight_flag,12.514898492644603,11.09000015258789,11.09000015258789,188.26432896070196,38.0,19.0,15.702090554660561,0.8461531444084847,False,,,,,,,,,,-11.38561643863248,0.0,False,,False,,,,,,,,,,,,,,,,,,,False,False
PSIG,high_tight_flag,4.824999809265137,4.449999809265137,4.659999847412109,182.20858393186026,17.0,8.0,5.050508415594101,0.8312009387852757,False,,,,,,,,,,-3.4196884637422897,4.5064387344045596,False,,False,,,,,,,,,,,,,,,,,,,False,False
RCEL,high_tight_flag,13.5,11.34000015258789,12.989999771118164,163.18181074355275,38.0,8.0,3.342615276547959,0.6381663899649511,False,,,,,,,,,,-3.777779473198785,12.702075809107141,False,,False,28.78354906533565,,,,,,,,,17.90299572039944,4.0327421555252485,-4.288381287063469,-12.875116015262456,12.72031053294167,9.368366703000408,3.1603243179262552,-7.2917809722374605,-12.875116015262456,True,False
OABI,high_tight_flag,5.090000152587891,4.215000152587891,4.349999904632568,152.30769005047503,38.0,10.0,23.73737093989018,0.7436330250196292,False,,,,,,,,,,-14.53831484816531,3.10344264377819,False,,False,27.783669454710648,,,,,,,,,244.23915832691816,247.30380356283098,-22.473158089596446,-46.332694151486095,-7.014625355236714,72.24212034383955,274.09557838320677,-42.54554785732615,-46.332694151486095,True,False
REPL,high_tight_flag,13.829999923706055,12.069999694824219,13.25,151.77571041384743,39.0,10.0,17.241385587714984,0.4960247248152007,False,,,,,,,,,,-4.193781105608502,8.905662680571934,False,,False,28.45019176954861,,,,,,,,,,,,,,,,,,False,False
TEAM,high_tight_flag,200.0,168.0500030517578,193.97999572753906,142.8945589139169,30.0,22.0,23.2515425493824,0.5905859741047443,False,,,,,,,,,,-3.0100021362304688,13.367353978191684,False,,False,28.783416509386573,,,,,,,,,27.603326918742745,31.712974565052665,23.308249051857686,20.607502561499125,-1.1473045729337494,12.64919010410921,10.733424871540521,3.4824436700704453,20.607502561499125,True,False
ABCL,high_tight_flag,15.015000343322754,11.779999732971191,13.149999618530273,142.47618175688243,37.0,13.0,12.700532986678647,0.7461095989948994,False,,,,,,,,,,-12.420916964026949,10.418250382521316,False,,False,32.78428104052084,,,,,,,,,-76.29360805431983,96.3400236127509,788.373935432759,37.6210235131397,-51.2928442573662,-81.46207696080617,400.88218872138464,-47.58253336455163,-76.29360805431983,True,False
PURR,high_tight_flag,14.359999656677246,11.704999923706055,12.5,126.96818537576328,37.0,11.0,24.34037162975069,0.8493311722613354,False,,,,,,,,,,-12.952644158402652,6.3600006103515625,False,,False,39.4502322528588,,,,,1306192.0792079207,,,,,,,,425.2,,,,,False,False
AXTI,high_tight_flag,88.36000061035156,69.5999984741211,84.05999755859375,116.20231989717963,37.0,11.0,24.0456286107984,0.6295994042040156,False,,,,,,,,,,-4.866458829849825,17.2019979829209,False,,False,21.784204213263887,,,,,,,,,164.76577278290864,39.098987394089676,-8.221469826727745,18.227955170226263,76.75308275144852,16.852567162883545,-17.578250760150237,55.53021030377212,-8.221469826727745,True,False
HTFL,high_tight_flag,54.31999969482422,46.779998779296875,50.689998626708984,110.40629450331716,39.0,12.0,14.908003551693842,0.8342617976800962,False,,,,,,,,,,-6.682623506091648,7.713552876980939,False,,False,34.78392749631944,,,,,,-106.98689956331877,,,47.57277081798084,41.34390538906061,49.17410578733224,49.01783989180137,21.859014585353798,7.038612632050323,6.165182816146597,6.567796610169485,41.34390538906061,True,False
OMER,high_tight_flag,21.239999771118164,16.5,18.510000228881836,104.55531522917508,34.0,23.0,24.481333260389782,0.6913388227897604,False,,,,,,,,,,-12.85310532794139,10.858996240019266,False,,False,35.78365945439815,,,,,-75.80645161290323,-56.64335664335665,,,-4.916011198506864,-65.6767165111196,-100.0,-100.0,188.37561912463357,,,-100.0,-100.0,True,False
RNG,high_tight_flag,81.9000015258789,67.97000122070312,77.26000213623047,103.17463861885243,31.0,22.0,21.63677583325996,0.7068950756050023,False,,,,,,,,,,-5.66544481465276,12.024334272145808,False,221.4285714285714,False,28.783522934560185,221.4285714285714,,,,28.57142857142858,34.61538461538463,36.842105263157876,35.7142857142857,5.901534176448031,5.251643640451209,4.803974535891897,4.909940617479647,1.9888264340677253,0.025775076742950986,0.8420821883489582,2.9427883390984455,4.803974535891897,True,False
FGI,high_tight_flag,8.300000190734863,7.349999904632568,7.670000076293945,103.14009948389864,39.0,9.0,24.82435474272625,0.005340618066635201,False,,,,,,,,,,-7.590362650162049,4.172101283941542,False,-1241.6666666666672,False,35.784027239363425,,,-1241.6666666666672,,,,,,2.8623929214091293,-8.162842549749572,-14.399566381545249,-0.6934174320141762,4.537789338608711,0.10659036437152825,-15.007109988794342,15.647978305879096,-14.399566381545249,True,False
ADI,rainbow_convergence,420.54998779296875,384.63933302041045,420.54998779296875,,,,,,True,,,,,,,6.698279854002384,11.0,True,0.0,8.538974156441219,True,68.42105263157896,True,47.45095424950232,163.46153846153845,110.52631578947367,116.66666666666666,68.42105263157896,14.166666666666682,42.01183431952662,5.625000000000013,53.84615384615381,39.63239858517096,37.24892692157928,30.418327367328967,25.904989552657277,10.995938970019026,14.657071262739851,2.735461622558577,6.7967134526800255,25.904989552657277,True,True
ADX,rainbow_convergence,26.040000915527344,25.807989495325224,26.040000915527344,,,,,,True,,,,,,,0.6855352360956165,2.0,True,0.0,0.8909808450266778,True,,False,,,,,,,,,,,,,,,,,,,False,False
AIT,rainbow_convergence,344.989990234375,333.30457077004553,344.989990234375,,,,,,True,,,,,,,2.539107242582855,7.0,True,0.0,3.387176380506222,True,3.112840466926081,True,19.45094786582176,12.8571428571429,3.112840466926081,5.020920502092041,11.440677966101687,19.245283018867944,5.5776892430278835,-4.562737642585557,-6.071428571428539,10.447772162027547,7.259830520531829,8.389740550101997,9.152331692970716,8.089316977944838,7.603460980565302,-3.0428762099601214,-2.0581679227258287,7.259830520531829,True,False
ALNT,rainbow_convergence,117.23999786376953,103.8500516533805,117.23999786376953,,,,,,True,,,,,,,10.827171625540881,13.0,True,0.0,11.420971046031465,False,52.380952380952394,True,27.784281566666667,79.41176470588233,52.380952380952394,123.52941176470584,200.0,90.625,-15.789473684210531,-2.564102564102566,14.705882352941169,10.167791485764234,4.60230567080564,17.493648061634293,10.805587279276118,10.69358960515423,-3.0965302677288364,3.3234109108207344,-0.5982318130364428,4.60230567080564,True,False
AME,rainbow_convergence,253.72000122070312,243.6268429097049,253.72000122070312,,,,,,True,,,,,,,3.1339372302970814,10.0,True,0.0,3.9780696288971367,True,3.5928143712575134,True,21.450934188564815,14.193548387096765,14.473684210526304,3.5928143712575134,8.843537414965997,1.724137931034475,0.5780346820809079,8.125000000000027,3.2258064516129004,14.979336983762037,11.343492471871652,13.444921156992319,10.773784300734413,6.013159880255348,-3.5032685363842297,5.59044213878912,6.444397701759685,10.773784300734413,True,False
AMG,rainbow_convergence,379.7200012207031,363.8816669931156,379.7200012207031,,,,,,True,,,,,,,3.0700325800707895,9.0,True,0.0,4.171056087820325,True,74.54545454545452,True,25.450921374097224,148.21428571428572,74.54545454545452,119.59595959595947,81.74603174603176,80.98958333333334,-64.67341306347745,58.22416302765643,145.35714285714286,29.90673154906731,9.72613773660893,6.160595079153164,2.2463206816421444,17.581207561020374,-2.1020481494789744,5.41666666666667,7.055961070559613,2.2463206816421444,True,False
AMN,rainbow_convergence,36.72999954223633,34.492454210536714,36.72999954223633,,,,,,True,,,,,,,4.950489209510922,9.0,True,0.0,6.091874107231149,True,322.22222222222223,False,28.784253860613426,,,,322.22222222222223,-66.66666666666667,,-125.0,,2.288449120674585,99.89775688763265,1.83963991185625,-7.710880875741266,-51.15669987760826,84.21744796017241,17.92430527536817,-3.597675390283739,-7.710880875741266,True,False
AMRX,rainbow_convergence,20.295000076293945,18.692634737810906,20.295000076293945,,,,,,True,,,,,,,7.573573243012673,13.0,True,0.0,7.895369955453808,True,157.1428571428571,False,21.450920512685187,157.1428571428571,375.0,,,-5.263157894736848,90.00000000000001,899.9999999999998,-85.71428571428572,9.894852782854024,3.8967818009260524,11.471449026581148,11.679535580268418,10.197378892458197,-11.27322339279816,3.7992996929305134,8.282172177532887,3.8967818009260524,True,False
ANET,rainbow_convergence,215.36000061035156,197.08788486019668,215.36000061035156,,,,,,True,,,,,,,5.508913759497315,14.0,True,0.0,8.484451940179188,True,15.517241379310365,True,26.784252380439813,35.71428571428572,25.0,17.46031746031751,15.517241379310365,18.74999999999998,8.108108108108091,10.44776119402988,-4.2857142857142705,37.68595791001452,35.125698324022345,28.871773673026844,27.46700535645259,12.059800664451824,8.891389983117604,7.776285578131081,4.694303338171268,27.46700535645259,True,False
AP,rainbow_convergence,9.420000076293945,8.801671105456602,9.420000076293945,,,,,,True,,,,,,,5.802420530121766,6.0,True,0.0,6.564001760397102,True,-1893.7499999999995,False,34.45089886741898,,-166.66666666666669,-1893.7499999999995,,,,,,-10.124571984614395,3.9354604639912916,11.451270168394757,12.681379789729785,-5.068311177046669,-1.1899629214451979,0.6024212514940119,-4.759806486555962,-10.124571984614395,True,False
APH,rainbow_convergence,88.62000274658203,82.06096196273639,88.62000274658203,,,,,,True,,,,,,,5.384560804883154,10.0,True,0.0,7.401309614717452,True,24.13793103448276,True,20.450905781550926,59.302325581395365,24.13793103448276,57.62711864406778,102.08333333333334,90.27777777777779,-22.580645161290303,-4.123711340206215,12.790697674418606,55.002389253667936,58.38910829349408,49.123416475601566,53.37228879865306,14.934187215390882,18.342910389812083,3.948727883249381,9.629577190591654,49.123416475601566,True,False
ARW,rainbow_convergence,240.39999389648438,221.01679830212953,240.39999389648438,,,,,,True,,,,,,,6.773409598400834,14.0,True,0.0,8.062893546786528,True,11.170212765957444,True,21.450895002696758,46.518105849582184,201.3245033112583,100.0,11.170212765957444,15.604395604395593,21.657754010695186,78.94736842105266,-41.78272980501393,31.824628852945814,39.03029593263416,20.095808291146476,13.032103584780375,5.475129275747581,8.313311831227143,13.405296646072928,1.7492734447879466,13.032103584780375,True,False
ASML,rainbow_convergence,1834.0999755859375,1745.3312711812587,1834.0999755859375,,,,,,True,,,,,,,4.752724807002492,9.0,True,0.0,4.839905435161461,True,,False,6.450904240011575,,,,,,,,,,,,,,,,,,False,False
ATKR,rainbow_convergence,94.72000122070312,92.2448203472339,94.72000122070312,,,,,,False,,,,,,,2.6028081432690158,0.0,False,0.0,2.6131554492930293,False,-174.51923076923077,False,42.4508761652662,-98.4,,-66.41221374045801,-174.51923076923077,,-929.5454545454545,,-224.00000000000003,8.129434252324685,4.225586946453386,-0.9143028157624689,-4.603087415022511,8.67172470558959,11.567268910895923,-12.827338961797096,2.3081580039317373,-4.603087415022511,True,False
ATLO,rainbow_convergence,32.27000045776367,31.597478856696014,32.27000045776367,,,,,,True,,,,,,,1.3648339825470774,3.0,True,0.0,2.0840458367761165,True,2.631578947368385,False,8.784207406168981,2.7027027027026973,2.631578947368385,15.151515151515138,,-2.564102564102544,2.631578947368385,11.764705882352944,-8.108108108108103,,,,,,,,,,False,False
AVBC,rainbow_convergence,22.200000762939453,21.777468270958344,22.200000762939453,,,,,,True,,,,,,,0.9330198710306707,2.0,True,0.0,1.9032994480184064,True,,False,34.78421239130787,,,,,21.875,,,,,,,,,,,,,False,False
AVT,rainbow_convergence,106.37000274658203,96.27487596258335,106.37000274658203,,,,,,True,,,,,,,8.114514922961115,13.0,True,0.0,9.490576782299712,True,-24.242424242424242,True,20.450867960324075,1577.7777777777803,12.871287128712861,-24.242424242424242,-7.57575757575758,32.456140350877185,51.99999999999998,22.95081967213115,577.7777777777789,47.66250815488995,33.94567092778882,11.575605680278777,5.253604827278058,16.51172037783757,12.673361339018863,7.12686053505831,4.997992984792066,5.253604827278058,True,False
AXTI,rainbow_convergence,84.05999755859375,72.45419537355643,84.05999755859375,,,,,,True,,,,,,,12.771111216380165,12.0,True,0.0,13.806569738415151,False,,False,21.784204213263887,,,,,,,,,164.76577278290864,39.098987394089676,-8.221469826727745,18.227955170226263,76.75308275144852,16.852567162883545,-17.578250760150237,55.53021030377212,-8.221469826727745,True,False
BB,rainbow_convergence,9.579999923706055,8.532855320916743,9.579999923706055,,,,,,True,,,,,,,7.179817755092426,7.0,True,0.0,10.930528299881445,False,,False,70.78420121979167,,,,,149.99999999999994,0.0,,,26.003086419753085,25.636811832374697,10.091743119266061,-1.253481894150421,6.801831262262925,-1.9871794871794912,10.014104372355437,9.41358024691359,-1.253481894150421,True,False
BBCP,rainbow_convergence,9.9399995803833,9.747769158158752,9.9399995803833,,,,,,True,,,,,,,1.1095724365754327,4.0,True,0.0,1.933907749894858,True,-43.750000000000014,False,97.78420099515046,28.57142857142856,,,-43.750000000000014,125.0,,-166.66666666666669,28.571428571428537,13.135228708886038,14.391858581590245,4.644486594555808,-3.152305944124445,9.30891180544866,19.354088081124775,-17.411445795318915,4.998991068299374,-3.152305944124445,True,False
BCAL,rainbow_convergence,21.65999984741211,21.42229951443246,21.65999984741211,,,,,,True,,,,,,,0.9992295143854307,3.0,True,0.0,1.0974161341374589,True,-19.23076923076924,False,20.450867609675925,2.3255813953488413,-19.23076923076924,-7.407407407407396,,4.761904761904767,-16.000000000000004,4.166666666666674,11.627906976744185,,,,,,,,,,False,False
BHE,rainbow_convergence,85.95999908447266,79.49044910143223,85.95999908447266,,,,,,True,,,,,,,6.8338191259325765,11.0,True,0.0,7.526233192118596,True,-67.3469387755102,True,26.78418352435185,1733.3333333333335,259.99999999999994,-67.3469387755102,-7.14285714285714,52.77777777777779,124.99999999999996,-58.974358974358964,1200.0000000000002,16.796758812766456,6.585435902449754,6.184607822484378,3.330877346239758,11.436225104055598,-3.8768661034602525,3.305342859582705,5.548895718976921,3.330877346239758,True,False
BP,rainbow_convergence,45.0099983215332,43.948596878990024,45.0099983215332,,,,,,True,,,,,,,1.5493599772433253,3.0,True,0.0,2.3581459278468686,True,,False,22.450840625081018,,,,,,,,,,,,,,,,,,False,False
BST,rainbow_convergence,50.84000015258789,48.340559706168435,50.84000015258789,,,,,,True,,,,,,,4.66109686958623,14.0,True,0.0,4.916287252001961,True,,False,,,,,,,,,,,,,,,,,,,False,False
BSTZ,rainbow_convergence,30.780000686645508,29.361540553050954,30.780000686645508,,,,,,True,,,,,,,4.553004328475173,13.0,True,0.0,4.608382397502609,True,,False,,,,,,,,,,,,,,,,,,,False,False
BTX,rainbow_convergence,9.489999771118164,8.872459709555272,9.489999771118164,,,,,,True,,,,,,,4.366515269850724,12.0,True,0.0,6.507271617037453,True,,False,,,,,,,,,,,,,,,,,,,False,False
BZH,rainbow_convergence,33.40999984741211,32.96574870948838,33.40999984741211,,,,,,False,,,,,,,1.2604652071549205,0.0,False,0.0,1.329695121079565,False,-1230.0,False,35.45081157229166,,-107.14285714285714,-1230.0,-40.23668639053256,,,-211.8811881188119,,-5.328705257193778,-27.504382326356403,-22.48882084132099,-1.7690102548262976,25.97561035120508,12.752722900979663,-54.098644266418816,45.204238613630835,-27.504382326356403,True,False
CAAP,rainbow_convergence,25.219999313354492,24.3221630457811,25.219999313354492,,,,,,True,,,,,,,2.8971189903073005,10.0,True,0.0,3.5600170183112194,True,,False,46.45080734581019,,,,,,,,,,,,,,,,,,False,False
CAKE,rainbow_convergence,108.2300033569336,103.40031077074394,108.2300033569336,,,,,,True,,,,,,,4.227136668082627,7.0,True,0.0,4.462434109201424,True,-28.915662650602382,True,19.784142323101854,23.684210526315795,52.23880597014925,-28.915662650602382,8.196721311475418,38.23529411764706,72.8813559322033,-10.606060606060563,-42.10526315789473,7.7219156226296715,5.569043040475763,4.407886093143798,4.8245406258557555,5.189853631824826,1.7965634938297947,5.988805435470335,-5.084508147411926,4.407886093143798,True,False
CBNK,rainbow_convergence,39.59000015258789,36.97358523306391,39.59000015258789,,,,,,True,,,,,,,5.949297455857074,13.0,True,0.0,6.608777240312678,True,-10.97560975609756,True,18.78415519039352,11.538461538461542,-10.97560975609756,109.090909090909,43.5483870967742,19.17808219178083,-20.65217391304347,3.3707865168539186,14.102564102564097,,,,,,,,,,False,False
CLDT,rainbow_convergence,13.710000038146973,13.12631098666369,13.710000038146973,,,,,,True,,,,,,,3.5242380043685606,11.0,True,0.0,4.2573964249395715,True,-40.0,False,27.450786025185188,85.7142857142857,,,-40.0,,-360.0,66.66666666666667,-57.14285714285715,3.91820470959352,0.5026458076342166,2.37108764619538,1.2260774395835172,-13.841953726326894,0.8071323673955577,26.351854828105136,-5.305902210907886,0.5026458076342166,True,False
CLH,rainbow_convergence,318.05999755859375,314.3984847246039,318.05999755859375,,,,,,True,,,,,,,0.935251505943446,2.0,True,0.0,1.1512019311121637,True,-4.0650406504065035,True,20.45079315090278,9.174311926605494,4.516129032258087,4.245283018867907,-4.0650406504065035,-26.543209876543216,-26.696832579185514,-6.355932203389825,116.51376146788989,1.9265337476867206,4.792064374935356,1.302125901157436,-0.18451503459415708,-2.6778093693655247,-3.2040156531471187,-0.03335798081626207,8.233807046335407,-0.18451503459415708,True,False
CLOV,rainbow_convergence,4.599999904632568,4.445993336058576,4.599999904632568,,,,,,True,,,,,,,1.3028049091786265,1.0,True,0.0,3.34796895145357,True,,False,27.784104459270832,,,,,0.0,,,,55.597964909342146,62.04602330365041,44.73606894525513,50.051663816596474,-0.8038025117827363,53.61456776302165,-1.8006644518272386,3.9843390142791257,44.73606894525513,True,False
CLS,rainbow_convergence,388.239990234375,344.7691932992386,388.239990234375,,,,,,True,,,,,,,9.084557126975488,14.0,True,0.0,11.196888014780153,False,74.17582417582416,True,18.784109421886573,74.17582417582416,147.29729729729732,77.51937984496129,208.0,73.22404371584699,-20.087336244541486,-0.8658008658008698,26.923076923076916,62.39026750535701,52.79770444763272,43.57151274698512,27.78555711142228,16.100815418828752,10.72806369531314,14.43018159048215,10.38916154005669,27.78555711142228,True,False
COHU,rainbow_convergence,73.0999984741211,59.672889697392904,73.0999984741211,,,,,,True,,,,,,,16.34464426352494,14.0,True,0.0,18.368138244875155,False,,False,21.784120303912037,,,,,,,,,38.37481426448737,29.259171255307503,29.863368819192115,32.41698307146903,19.088228006937392,2.3635768632905174,-3.1833915516162548,17.244613670133724,29.259171255307503,True,False
COKE,rainbow_convergence,194.61000061035156,191.082447684671,194.61000061035156,,,,,,True,,,,,,,0.7911238956477628,1.0,True,0.0,1.812626748171816,True,-48.698884758364315,False,20.78409774116898,,-48.698884758364315,,,-178.2608695652174,-15.85365853658537,,,10.611640193390626,16.87942292830844,9.032204501014895,6.947291991853444,11.141797009532839,-3.0234602534761845,0.8433435699620295,1.7675917088426418,6.947291991853444,True,False
CON,rainbow_convergence,36.400001525878906,34.451593015973486,36.400001525878906,,,,,,True,,,,,,,3.737425595612405,3.0,True,0.0,5.352770407221498,True,2.7027027027026973,True,28.784105711666665,45.71428571428573,30.000000000000004,124.99999999999983,2.7027027027026973,30.76923076923077,44.44444444444444,-28.947368421052634,8.571428571428585,10.030229581415618,13.739935137553116,15.920961807668576,16.98438438193115,6.404122516701638,5.653149810788749,-5.886871508379887,3.997022431620323,10.030229581415618,True,False
CORT,rainbow_convergence,119.56999969482422,112.5678324973674,119.56999969482422,,,,,,True,,,,,,,4.736387335858234,3.0,True,0.0,5.856123789686615,True,-276.4705882352941,True,27.78409811716435,24.13793103448276,-276.4705882352941,-20.000000000000018,-60.97560975609756,,-250.0,24.99999999999998,-44.82758620689654,31.742529445044497,4.890785807879716,11.124855682005608,13.745576457440855,55.33192240286715,-18.415337043908476,-2.655101667324866,6.793190351283229,4.890785807879716,True,False
CYRX,rainbow_convergence,17.799999237060547,16.58838589815271,17.799999237060547,,,,,,True,,,,,,,6.1912069203748095,14.0,True,0.0,6.80681680247039,True,-109.38967136150235,False,26.784069408032405,-109.38967136150235,,,,,,,-108.4507042253521,7.737492849914207,16.466861598440552,-59.80295043690522,15.439622099851235,2.454077576467628,5.166116611661176,2.75133949766011,-2.686232234786823,-59.80295043690522,True,False
DAC,rainbow_convergence,165.94000244140625,153.26793316482113,165.94000244140625,,,,,,True,,,,,,,5.94858999417992,4.0,True,0.0,7.636536754336648,True,,False,39.78407017858797,,,,,,,,,,,,,,,,,,False,False
DDI,rainbow_convergence,13.399999618530273,12.762946422493608,13.399999618530273,,,,,,True,,,,,,,3.7966977999724336,12.0,True,0.0,4.754128463971841,True,,False,32.784069826041666,,,,,,,,,,,,,,,,,,False,False
DDOG,rainbow_convergence,278.239990234375,249.04428221220115,278.239990234375,,,,,,True,,,,,,,9.375872562169333,11.0,True,0.0,10.492994913341137,False,-28.57142857142857,True,28.45073641734954,1100.0,114.28571428571428,-7.1428571428571725,-28.57142857142857,-19.999999999999996,15.384615384615397,29.99999999999996,900.0,35.64444336929702,32.154426546806334,29.20687462977498,28.35224110745258,11.429354964994953,5.584592433439584,7.626367496903397,7.123107068556767,28.35224110745258,True,False
DIOD,rainbow_convergence,107.73999786376953,95.46834840726376,107.73999786376953,,,,,,True,,,,,,,6.924407619542321,10.0,True,0.0,11.390059123652946,False,1.0101010101010166,False,28.784068839664354,1.0101010101010166,,27.777777777777814,3.3333333333333437,212.5,39.13043478260872,-25.806451612903235,-68.68686868686868,21.658765960700354,21.558105657460523,15.408284163183982,12.023286172549618,8.96193306186337,4.419809080183268,-0.15095494300940704,7.088243967974828,12.023286172549618,True,False
DK,rainbow_convergence,75.66999816894531,70.67026136610762,75.66999816894531,,,,,,True,,,,,,,4.5823410613911575,3.0,True,0.0,6.6072907675707615,True,,False,29.450735462557873,,,,,,-371.54471544715454,-58.02047781569968,,47.83332127613398,0.423937317839429,2.3465475839406835,-5.107809623981064,54.046210093852466,9.20803490573805,-15.850363699341873,4.42740360269116,-5.107809623981064,True,False
DSGR,rainbow_convergence,35.04999923706055,34.44691364987808,35.04999923706055,,,,,,False,,,,,,,1.5764257188061994,0.0,False,0.0,1.7206436528100975,False,-85.71428571428572,False,21.45072075582176,63.636363636363626,-85.71428571428572,,-69.56521739130434,1700.0,,-200.0,27.272727272727295,14.887066616036115,18.562872773844564,6.6323543149035435,16.284287165594314,-0.5065946805477228,2.6588664135430484,6.480242801499769,5.6358541263104245,6.6323543149035435,True,False
DXPE,rainbow_convergence,191.64999389648438,185.28942160985767,191.64999389648438,,,,,,True,,,,,,,2.9006718808769967,3.0,True,0.0,3.318848155070765,True,-2.400000000000002,True,28.78402845827546,23.076923076923084,-2.400000000000002,7.8125,3.149606299212593,44.26229508196722,-11.594202898550721,5.343511450381677,-8.391608391608385,15.596913463890827,9.46116931651031,11.992847951005924,8.62465243638133,10.5055419451058,-1.0868617152391957,2.660183289081286,3.016351101503556,8.62465243638133,True,False
EBF,rainbow_convergence,22.559999465942383,21.8615359387439,22.559999465942383,,,,,,True,,,,,,,2.9162314835446765,11.0,True,0.0,3.096026346334436,True,-27.450980392156865,True,74.45069473674769,-27.450980392156865,2.6315789473684292,2.9411764705881804,7.692307692307687,-5.128205128205132,11.428571428571477,-16.666666666666696,-17.647058823529417,3.3746807734403417,1.4588927641799643,3.9503349478430705,0.3969089214300725,3.438624955635561,2.3369965650716473,-3.7976579112881437,1.5110057156755508,0.3969089214300725,True,False
EMR,rainbow_convergence,161.39999389648438,154.07917567746748,161.39999389648438,,,,,,True,,,,,,,3.875531436564414,10.0,True,0.0,4.535823107720924,True,-35.63218390804598,True,27.784026725150465,48.837209302325576,4.90196078431373,-35.63218390804598,82.4561403508772,19.626168224299057,-4.464285714285721,7.692307692307709,20.93023255813955,7.02833296727432,2.933212996389889,4.095808383233535,5.130980731760126,6.817185444980267,4.970087436723425,-10.502471169686988,6.654952778387879,2.933212996389889,True,False
ENTG,rainbow_convergence,166.88999938964844,147.0750903602218,166.88999938964844,,,,,,True,,,,,,,9.580233610455762,11.0,True,0.0,11.87303559344113,False,-50.74626865671641,True,21.450694607951387,74.28571428571429,46.34146341463414,-50.74626865671641,-9.80392156862745,1.6666666666666607,81.81818181818177,-28.260869565217384,31.428571428571452,11.45885916203937,5.005173305742372,-3.0486886449645145,-0.07428500680946026,8.78186968838528,-1.4564874377958503,2.0815264527320076,1.8551236749116518,-3.0486886449645145,True,False
ERO,rainbow_convergence,37.93000030517578,35.23930584478495,37.93000030517578,,,,,,True,,,,,,,6.278423222667036,11.0,True,0.0,7.093842443295915,True,,False,25.78402833761574,,,,,,,,,,,,,,,,,,False,False
EXPD,rainbow_convergence,191.8000030517578,186.58586775354917,191.8000030517578,,,,,,True,,,,,,,2.3181398887608022,3.0,True,0.0,2.7185272237986338,True,-10.714285714285698,True,26.45069343872685,51.49253731343282,16.326530612244895,-10.714285714285698,0.6134969325153339,18.71345029239766,13.99999999999999,-8.536585365853655,22.388059701492512,32.06964102892849,4.370768435118411,-3.342161061764204,-3.512513286919805,25.849185148773145,-2.555783461498329,-1.340253444942241,9.158240270599972,-3.512513286919805,True,False
FBLA,rainbow_convergence,17.290000915527344,16.13407715193204,17.290000915527344,,,,,,True,,,,,,,4.892300152773918,12.0,True,0.0,6.685504351577117,True,-100.0,False,21.78402896927083,-100.0,-75.0,,,-100.0,,-233.33333333333331,19.999999999999996,,,,,11.523502276359032,-1.5932826964158542,9.293728516765022,,,False,False
FIGS,rainbow_convergence,14.100000381469727,13.419455552144115,14.100000381469727,,,,,,True,,,,,,,2.741181264583573,5.0,True,0.0,4.826558942650714,True,275.0,False,28.784013463090275,275.0,,900.0,,400.0,-70.0,100.0,25.0,28.812237945492658,28.02299421141543,32.974162061766044,8.167806631528652,22.96218934097134,-20.79981772793914,33.12321559267048,-0.6413784067085926,8.167806631528652,True,False
FMAO,rainbow_convergence,35.34000015258789,34.51822438560674,35.34000015258789,,,,,,True,,,,,,,1.9980065036905919,3.0,True,0.0,2.3253417188255736,True,18.032786885245965,True,18.78400071642361,53.571428571428555,37.254901960784295,18.032786885245965,33.33333333333335,22.857142857142865,-2.7777777777778123,12.500000000000021,14.28571428571428,,,,,,,,,,False,False
FNGO,rainbow_convergence,164.70199584960938,152.53582123761555,164.70199584960938,,,,,,True,,,,,,,5.358093791371033,14.0,True,0.0,7.386780317527451,True,,False,,,,,,,,,,,,,,,,,,,False,False
FOSL,rainbow_convergence,7.059999942779541,5.716264521778234,7.059999942779541,,,,,,True,,,,,,,16.30133862420453,14.0,True,0.0,19.033079771843102,False,,False,35.783968714618055,,,,,,,,,-4.85507377897163,-3.657203602336978,-18.0463692242971,-6.121208120381216,-6.70623462255463,-19.8781565926623,3.820489191379761,22.602410294571396,-18.0463692242971,True,False
FRAF,rainbow_convergence,63.54999923706055,62.67100258572668,63.54999923706055,,,,,,True,,,,,,,0.5060236200844831,1.0,True,0.0,1.3831576111510924,True,11.363636363636353,True,19.450646072673614,11.363636363636353,68.18181818181819,938.4615384615394,25.263157894736832,-0.6756756756756799,9.62962962962961,13.445378151260524,-9.848484848484862,,,,,,,,,,False,False
FROG,rainbow_convergence,98.51000213623047,91.66954863166568,98.51000213623047,,,,,,True,,,,,,,5.085687443420128,5.0,True,0.0,6.943917730409812,True,,False,28.78396518107639,,,,,,,,,28.731331551642825,25.79100868414388,25.17962059994141,25.538255575117375,6.361339680601641,5.967406714106782,6.1348214481363295,7.614368809935534,25.17962059994141,True,False
FRSH,rainbow_convergence,13.760000228881836,12.506229625867677,13.760000228881836,,,,,,True,,,,,,,5.160977465018253,5.0,True,0.0,9.111704812202918,True,,False,26.783968980243053,,,,,,-103.03030303030303,,,15.975825442890779,16.48723971203374,14.47749150695632,15.298405466970388,3.824469783452078,2.6456855526622913,3.5431716546267644,5.100694749802126,14.47749150695632,True,False
FTK,rainbow_convergence,29.969999313354492,28.1200500054194,29.969999313354492,,,,,,True,,,,,,,5.812033147361694,14.0,True,0.0,6.17267050490309,True,-40.00000000000002,True,26.783965394375,420.0,-29.41176470588236,-40.00000000000002,562.5,116.6666666666667,33.33333333333337,-83.01886792452831,960.0,70.29477292202229,26.532639716773243,33.02401639182773,12.643239113827342,41.849509642974404,3.7500555399220925,20.502935874783603,-3.974293059125966,12.643239113827342,True,False
GGB,rainbow_convergence,5.119999885559082,4.8423952374697725,5.119999885559082,,,,,,True,,,,,,,3.337637355202601,2.0,True,0.0,5.421965904184709,True,,False,18.78395812880787,,,,,,,,,,,,,,,,,,False,False
GNK,rainbow_convergence,27.280000686645508,26.477016341873703,27.280000686645508,,,,,,True,,,,,,,2.626696307334176,3.0,True,0.0,2.9434909258081237,True,-104.08163265306123,False,27.78394080846065,,,24.13793103448274,-104.08163265306123,76.19047619047619,-41.666666666666664,,,-16.141798302981524,17.07938448996229,73.59933933150779,63.234875391508936,-6.728174775872575,-32.880153563678846,10.002295157218267,21.770578305440957,-16.141798302981524,True,False
GPRK,rainbow_convergence,11.4399995803833,10.740977932160645,11.4399995803833,,,,,,True,,,,,,,2.887975999891257,2.0,True,0.0,6.11032931698093,True,,False,27.783936575324073,,,,,,,,,,,,,,,,,,False,False
GSAT,rainbow_convergence,83.62999725341797,82.34036470903904,83.62999725341797,,,,,,True,,,,,,,1.1296297019947736,14.0,True,0.0,1.5420693372391865,True,-276.9230769230769,False,28.45060408710648,-276.9230769230769,,,-116.66666666666667,,,,-107.6923076923077,-3.538452373860723,16.711087420042638,17.62753976167515,2.127041641888061,-7.55309431377027,-2.6361501368797002,-2.551289863904127,9.973491392148691,-3.538452373860723,True,False
GSL,rainbow_convergence,45.5,44.26660934759933,45.5,,,,,,True,,,,,,,2.404141873942199,4.0,True,0.0,2.7107486865948838,True,,False,32.45060343479167,,,,,,,,,,,,,,,,,,False,False
HBT,rainbow_convergence,36.290000915527344,35.60691584790921,36.290000915527344,,,,,,True,,,,,,,1.4382650339076344,3.0,True,0.0,1.8822955370217875,True,-43.33333333333332,True,18.450603282581017,24.590163934426236,-43.33333333333332,-6.249999999999966,10.526315789473696,123.52941176470588,-43.333333333333336,-4.761904761904745,3.2786885245901676,,,,,,,,,,False,False
HUM,rainbow_convergence,404.2699890136719,387.4981952993284,404.2699890136719,,,,,,True,,,,,,,2.0210946006833304,5.0,True,0.0,4.148661580164008,True,-59.29648241206029,False,29.450592311574077,-4.563106796116512,,-59.29648241206029,-19.75088967971531,,-506.7901234567901,-64.07982261640798,-56.21359223300971,25.712143928035978,28.55917667238421,45.058930190389844,27.27272727272727,11.874583055370236,-6.312499999999998,14.28571428571428,4.94752623688155,25.712143928035978,True,False
HVT,rainbow_convergence,27.920000076293945,27.33685829903403,27.920000076293945,,,,,,True,,,,,,,1.499527633376109,2.0,True,0.0,2.0886166750230175,True,0.0,True,20.450586766793982,6.896551724137945,0.0,54.54545454545456,3800.0,6.896551724137945,70.58823529411762,-56.41025641025641,34.48275862068968,7.68733600331446,4.1213436362334654,9.528458989004784,10.556923024449594,3.1161068500396683,-6.373347728544609,3.822936591184889,7.43488468443585,4.1213436362334654,True,False
IDT,rainbow_convergence,80.30999755859375,70.43921765899815,80.30999755859375,,,,,,True,,,,,,,10.335912536158949,6.0,True,0.0,12.290848212756993,False,1.1627906976744207,True,56.783913110879624,28.358208955223873,1.1627906976744207,4.999999999999982,30.88235294117647,-1.1494252873563315,3.571428571428581,-5.61797752808989,32.835820895522396,,,,,4.545921155024257,,,,,False,False
IEX,rainbow_convergence,236.27999877929688,227.85472707858884,236.27999877929688,,,,,,True,,,,,,,2.2923645092244063,8.0,True,0.0,3.5657997901793923,True,6.211180124223636,True,20.450579016655094,10.919540229885062,27.77777777777779,6.211180124223636,8.280254777070063,19.875776397515523,-5.847953216374258,0.588235294117645,-2.298850574712641,6.378553270164078,8.915633059069151,4.195155869741574,10.085191681282879,3.7997519449768813,-1.3569124680235745,2.321611471491969,1.5368615669054675,4.195155869741574,True,False
IOSP,rainbow_convergence,98.55000305175781,93.79511491082691,98.55000305175781,,,,,,True,,,,,,,3.6768497897125476,11.0,True,0.0,4.824848293950499,True,-60.902255639097746,False,26.783885894907407,32.97872340425532,-6.870229007633588,,-60.902255639097746,2.4590163934426146,-35.78947368421053,265.38461538461536,-44.680851063829785,11.758016829656581,2.8130671506352067,-2.3993144815766976,-0.3382949932341006,8.428949691085608,-0.5267778753292318,3.100248925096172,0.5003411416875103,-2.3993144815766976,True,False
IRDM,rainbow_convergence,49.040000915527344,47.838557224894984,49.040000915527344,,,,,,True,,,,,,,1.5529352729692298,11.0,True,0.0,2.449925913953136,True,-55.00000000000001,True,14.450529961527778,-55.00000000000001,-25.92592592592593,-19.999999999999986,66.66666666666666,-55.00000000000001,-16.666666666666664,-31.428571428571427,74.99999999999997,3.840834278443195,1.944824505067988,-0.023944673718612197,6.656922230943119,2.821183527575011,2.8726401803324864,-6.166964108665473,4.62366186274239,-0.023944673718612197,True,False
ITGR,rainbow_convergence,126.47000122070312,123.00440428849637,126.47000122070312,,,,,,False,,,,,,,2.7086636341115673,0.0,False,0.0,2.740252153677874,False,-33.65384615384615,False,21.45053170179398,-33.65384615384615,,55.55555555555556,12.121212121212132,43.75,-65.71428571428571,26.126126126126103,6.730769230769229,-2.5989834079757523,0.5002377729816709,5.019610809415864,8.408106310136132,5.580326675462932,-6.880481294750663,0.9341637961816751,-1.847452433818686,-2.5989834079757523,True,False
JAKK,rainbow_convergence,27.43000030517578,25.050439020861887,27.43000030517578,,,,,,True,,,,,,,6.41564797692679,8.0,True,0.0,8.675031927961347,True,-62.5,False,14.783859611712963,,,,-62.5,,,-126.4367816091954,,16.91437016138513,-5.807351681633155,-2.774187133339967,-34.3264740085695,30.524204132138433,-16.07848073382948,-39.81629657686663,77.34730548978118,-34.3264740085695,True,False
JCI,rainbow_convergence,158.75999450683594,146.72587737746545,158.75999450683594,,,,,,True,,,,,,,5.335294479440525,10.0,True,0.0,7.58006900085419,True,-26.206896551724135,True,19.450525343483797,38.888888888888886,34.92063492063491,180.64516129032265,-26.206896551724135,17.647058823529417,-67.43295019157088,143.92523364485982,48.611111111111114,8.21000704721635,6.837449318098043,3.1049935979513554,2.611054594777884,5.951354148697607,-10.01241850357032,6.444150693985451,6.624383368569409,2.611054594777884,True,False
JOE,rainbow_convergence,65.9800033569336,65.46410984683168,65.9800033569336,,,,,,True,,,,,,,0.5135212044043668,2.0,True,0.0,0.7818937312128901,True,-19.999999999999996,True,20.783858587766204,39.2156862745098,-19.999999999999996,59.37499999999998,131.03448275862073,195.83333333333334,-52.94117647058824,-23.880597014925375,31.372549019607842,23.04504113664183,5.1455991167447035,23.538094370908524,62.684954197008416,60.36206130608619,-23.156775880395063,-19.981251086443663,24.78579507599821,5.1455991167447035,True,False
KEYS,rainbow_convergence,388.0299987792969,345.4844922913173,388.0299987792969,,,,,,True,,,,,,,8.78896027386137,12.0,True,0.0,10.964488988434775,False,35.570469798657726,False,47.783857714884256,109.09090909090904,35.570469798657726,68.04123711340206,,13.861386138613852,23.926380368098176,20.740740740740726,22.72727272727273,41.34762633996938,32.28043143297381,31.470829909613805,,7.513104251601632,7.312500000000011,18.343195266272193,3.522205206738138,31.470829909613805,False,False
KN,rainbow_convergence,39.189998626708984,36.75410440196406,39.189998626708984,,,,,,True,,,,,,,5.362130600103899,10.0,True,0.0,6.215601709883204,True,15.000000000000146,False,14.783845664016203,,15.000000000000146,1900.0,,-52.17391304347826,14.999999999999991,122.22222222222223,,-17.630057803468212,41.85724185724187,10.213243546576889,-42.50000000000001,-30.38593063019053,4.2260692464358485,81.68362627197038,-37.51445086705202,-42.50000000000001,True,False
KODK,rainbow_convergence,9.869999885559082,9.481599674342412,9.869999885559082,,,,,,True,,,,,,,3.585802247951775,14.0,True,0.0,3.935159227154024,True,-654.5454545454544,False,26.783852535775466,,,-654.5454545454544,-153.33333333333331,,,,,18.250950570342205,7.287449392712553,9.022556390977442,3.065134099616862,17.35849056603773,-8.62068965517241,7.806691449814118,2.281368821292773,3.065134099616862,True,False
KOPN,rainbow_convergence,4.880000114440918,4.620650877494412,4.880000114440918,,,,,,True,,,,,,,4.236733577537258,13.0,True,0.0,5.3145334193546185,True,99.99999999999983,False,33.783844861689815,,,99.99999999999983,,,-150.0,100.0,,45.01953893466541,-3.089757431538087,-43.15579459936415,-9.571949001541768,19.622335454911966,26.16128354069207,-31.082190649676377,39.43014524805024,-43.15579459936415,True,False
KRNT,rainbow_convergence,18.149999618530273,16.31374939269986,18.149999618530273,,,,,,True,,,,,,,6.791889292570437,5.0,True,0.0,10.117081346688785,False,,False,27.45049739667824,,,,,,,,,,,,,,,,,,False,False
KSS,rainbow_convergence,19.6299991607666,18.0328204135085,19.6299991607666,,,,,,True,,,,,,,5.503840428431635,6.0,True,0.0,8.136417807140283,True,-64.99999999999999,False,47.450473589641206,-5.185185185185192,,153.48837209302326,-64.99999999999999,,-111.92660550458714,1457.1428571428567,-94.81481481481482,-0.8742244782853903,-2.041447571914634,-4.150453955901423,-3.638814016172509,10.988317019261128,-38.77827179586314,44.69930069930071,0.8178228990411762,-4.150453955901423,True,False
LCUT,rainbow_convergence,9.15999984741211,8.840140543590337,9.15999984741211,,,,,,True,,,,,,,1.895697401459832,4.0,True,0.0,3.4919138553494546,True,-350.0,False,28.450473028067126,,,102.43902439024399,-350.0,,-126.50602409638554,,,7.3614839756715345,2.443516436449289,-5.173158865650285,-6.486724652817443,-1.3511441870836416,-29.678449974029032,18.708408953418033,30.372662328798295,-6.486724652817443,True,False
LFUS,rainbow_convergence,454.2799987792969,426.2096251624177,454.2799987792969,,,,,,True,,,,,,,4.424239079823972,7.0,True,0.0,6.179090801335637,True,19.396551724137943,False,20.45047245111111,69.14285714285715,,19.396551724137943,26.37362637362637,,-450.5415162454874,20.434782608695667,31.428571428571427,18.520783609083047,12.167991176648329,10.090061509719938,9.834392441032858,10.613132098852729,-4.915791495901645,1.8302513966935718,10.66304412536736,9.834392441032858,True,False
LILA,rainbow_convergence,8.890000343322754,8.438020808634022,8.890000343322754,,,,,,True,,,,,,,2.6845943381707347,2.0,True,0.0,5.084134052123094,True,,False,27.783806552395834,,,,,,,-1450.0,,1.4631453022913465,-0.06460544531610157,0.7997913587759697,2.13918472273229,1.8285925378648038,-6.614920224234588,4.224719101123586,2.3741603018312407,-0.06460544531610157,True,False
LILAK,rainbow_convergence,8.859999656677246,8.387311584348415,8.859999656677246,,,,,,True,,,,,,,2.8123455132122976,2.0,True,0.0,5.335080029857499,True,,False,27.783805878541667,,,,,,,-1450.0,,1.4631453022913465,-0.06460544531610157,0.7997913587759697,2.13918472273229,1.8285925378648038,-6.614920224234588,4.224719101123586,2.3741603018312407,-0.06460544531610157,True,False
LIND,rainbow_convergence,36.08000183105469,29.652267239129237,36.08000183105469,,,,,,True,,,,,,,13.01167007055131,7.0,True,0.0,17.815228009198677,False,-100.0,False,26.450472262349535,,,,-100.0,-122.22222222222223,,,,18.638244663431493,15.742178153916342,23.26373234460901,16.58551976893765,-4.214159691942331,13.555991068942742,-23.72924404177007,43.00634136175534,15.742178153916342,True,False
LITE,rainbow_convergence,1133.4000244140625,933.4457247774308,1133.4000244140625,,,,,,True,,,,,,,12.298137788152262,13.0,True,0.0,17.641988294468476,False,-3177.4193548387093,False,28.783800428055557,-3177.4193548387093,,,,-6459.999999999999,68.53932584269661,1680.0,-98.38709677419355,55.91955887122933,16.016371077762614,9.651035986913858,6.0768261964735615,13.052681091251173,5.718547986076583,19.382606114574052,9.27667855984431,6.0768261964735615,True,False
LTRX,rainbow_convergence,7.329999923706055,6.2159887244377545,7.329999923706055,,,,,,True,,,,,,,13.076469814248052,12.0,True,0.0,15.1979701345625,False,,False,27.783787085833335,,,,,,,,,8.027324109712541,5.884210526315781,-4.451076666345754,-13.447404351741564,3.237565032972123,1.3535299254383126,-0.06712760958582642,3.311487915669753,-13.447404351741564,True,False
LXP,rainbow_convergence,60.95000076293945,60.41612075954778,60.95000076293945,,,,,,False,,,,,,,0.8489854711292617,0.0,False,0.0,0.8759310856584885,False,-110.00000000000001,True,21.450451636238427,-106.38297872340425,-110.00000000000001,745.4545454545457,500.0,,-103.2258064516129,675.0000000000002,-74.46808510638299,-0.6153846153846176,0.20618556701030855,2.935420743639927,6.8560235063663155,-0.30864197530864335,-7.604562737642584,-3.574702108157657,11.897435897435905,-0.6153846153846176,True,False
MCK,rainbow_convergence,921.6699829101562,878.5463013999961,921.6699829101562,,,,,,True,,,,,,,2.715196371381839,3.0,True,0.0,4.678863618189879,True,-17.599999999999994,True,27.78378138789352,-17.599999999999994,37.57575757575764,37.98561151079136,377.0053475935828,-62.187958883994135,42.0229405630866,7.5112107623318325,42.72,7.720772383902186,6.024905585589546,11.400507901861602,10.142977651066198,9.434550080481863,-9.290868328340773,2.9161415414445058,5.441238103999924,6.024905585589546,True,False
MEOH,rainbow_convergence,60.810001373291016,58.787881290932965,60.810001373291016,,,,,,True,,,,,,,1.8009376133085633,2.0,True,0.0,3.3253083977830764,True,,False,21.783756848969908,,,,,,,,,,,,,,,,,,False,False
MFG,rainbow_convergence,11.149999618530273,10.811589407193043,11.149999618530273,,,,,,True,,,,,,,1.8220880546696447,2.0,True,0.0,3.0350692638125603,True,,False,36.78376203649305,,,,,,,,,,,,,,,,,,False,False
MPWR,rainbow_convergence,1473.68994140625,1323.0741046835662,1473.68994140625,,,,,,True,,,,,,,7.469121543134049,10.0,True,0.0,10.220320604140142,False,-88.11447811447812,True,21.78375642503472,85.76512455516013,39.5017793594306,-88.11447811447812,25.762711864406775,33.16326530612243,11.048158640226657,-4.85175202156336,32.02846975088966,47.55948923671405,26.135982206997376,20.829546459910087,18.876538212826887,21.942339138382327,7.059794583008827,1.8962907094099535,10.924592295214675,18.876538212826887,True,False
MRVL,rainbow_convergence,287.010009765625,243.3626371054737,287.010009765625,,,,,,True,,,,,,,10.727578771779076,14.0,True,0.0,15.207613384562487,False,-80.0,False,54.78375249846064,50.0,-80.0,95.65217391304337,,725.0,-91.11111111111111,-79.54545454545456,900.0,36.54852699267235,27.568195008705754,22.080994827775946,36.83134357891959,13.297212341798325,8.973723351512142,6.951072547601833,3.409600717810668,22.080994827775946,True,False
MRX,rainbow_convergence,74.23999786376953,71.16998372160386,74.23999786376953,,,,,,True,,,,,,,2.9009948137068475,2.0,True,0.0,4.135256237209427,True,,False,28.45041462885417,,,,,,,,,,,,,,,,,,False,False
MSGM,rainbow_convergence,5.199999809265137,4.4807960864739,5.199999809265137,,,,,,True,,,,,,,10.494126736883173,6.0,True,0.0,13.83084133022064,False,-90.2439024390244,False,28.783745611423612,-90.2439024390244,-81.81818181818183,,,33.33333333333335,-57.14285714285712,-7.771561172376096e-14,-82.92682926829268,36.58103895302178,129.25201867778097,94.93030544216894,71.94181079189283,-12.187838678894025,4.774472935894636,24.11498900974123,19.60684301500093,36.58103895302178,True,False
MSM,rainbow_convergence,130.32000732421875,122.63126196814804,130.32000732421875,,,,,,True,,,,,,,4.60735191144188,13.0,True,0.0,5.899896350482963,True,3.0303030303030054,True,14.450410129085649,41.17647058823528,8.571428571428585,12.048192771084354,3.0303030303030054,89.4736842105263,-18.279569892473123,-8.823529411764708,0.0,7.819429642329423,2.9221154245124836,4.006531076464426,2.7188317770749038,14.089416348687145,-4.961250264061534,-1.2769698673550267,0.7238877819481182,2.7188317770749038,True,False
MTRN,rainbow_convergence,312.1499938964844,262.0134400511955,312.1499938964844,,,,,,True,,,,,,,12.703192558586663,13.0,True,0.0,16.061686633226465,False,8.235294117647074,False,20.450399692581016,52.066115702479344,8.235294117647074,,14.018691588785037,100.0,206.66666666666643,-75.40983606557374,0.8264462809917328,42.22046156911259,30.807698712916043,12.104946311382548,1.8531536585645103,11.655002328017684,12.265341375466043,10.104584449919972,3.046393209438958,1.8531536585645103,True,False
MTSI,rainbow_convergence,350.6700134277344,287.2206216292466,350.6700134277344,,,,,,True,,,,,,,10.218745336794921,8.0,True,0.0,18.09376033561631,False,42.85714285714286,False,28.450381308495366,166.66666666666669,42.85714285714286,,67.49999999999999,113.33333333333333,-6.25,-4.477611940298498,39.58333333333333,35.7657718413672,22.49721264842912,24.522973381868862,30.123063125903048,18.43954941080792,6.385211257234591,3.9981621166290227,3.6064091019085254,22.49721264842912,True,False
MUR,rainbow_convergence,37.790000915527344,36.95426172190018,37.790000915527344,,,,,,True,,,,,,,1.8193763901850137,3.0,True,0.0,2.2115352563639923,True,-102.15053763440861,True,27.78371003804398,893.75,-26.0,-77.14285714285715,-102.15053763440861,329.72972972972974,362.5000000000003,,-112.5,35.61403380351798,8.862991095982053,-8.436707518511765,-4.275667214131229,26.486917528954578,19.454104168433695,-14.963535034939234,5.5486666715466315,-8.436707518511765,True,False
NBIS,rainbow_convergence,249.8699951171875,226.48073959821673,249.8699951171875,,,,,,True,,,,,,,5.541812897296128,12.0,True,0.0,9.360569886753051,True,,False,33.45038102005787,,,,,,,,,,,,,,,,,,False,False
NDSN,rainbow_convergence,334.2200012207031,318.3505848881096,334.2200012207031,,,,,,True,,,,,,,4.139170725783611,11.0,True,0.0,4.748194684528801,True,6.091370558375631,True,62.78371043085648,22.97297297297296,6.091370558375631,44.242424242424235,25.94339622641513,30.622009569377994,-12.184873949579833,-10.861423220973787,20.270270270270263,10.270677766554414,8.47939344420723,8.781157583438958,0.9856517686122723,10.369212536461635,10.663205175506874,-10.954616796573646,1.3905427985364982,0.9856517686122723,True,False
NHC,rainbow_convergence,228.27000427246094,222.70689315886696,228.27000427246094,,,,,,True,,,,,,,1.8946715838145654,3.0,True,0.0,2.437074959246025,True,-8.424908424908429,True,29.450375261828704,67.10526315789474,9.661835748792269,315.78947368421063,-8.424908424908429,11.894273127753308,43.670886075949355,-36.8,64.4736842105263,4.131014534235677,2.2671021302131944,4.5731843825557394,12.874459190565734,2.313110963886378,-1.038572491343004,0.7269757324341208,2.1026616283517985,2.2671021302131944,True,False
NKSH,rainbow_convergence,43.18000030517578,41.68614252785542,43.18000030517578,,,,,,True,,,,,,,2.558663925124875,3.0,True,0.0,3.459605759060875,True,52.941176470588246,True,14.783710701620372,119.44444444444446,52.941176470588246,86.00000000000003,64.28571428571428,1.2820512820512775,-16.129032258064523,34.782608695652215,91.66666666666666,5.743755193821176,4.028529267092962,6.873022151898733,2.7379908408847298,2.2837959241571726,-2.1513833626353285,2.4943095599393006,3.0845187466392865,2.7379908408847298,True,False
NTAP,rainbow_convergence,228.4499969482422,196.90353579625744,228.4499969482422,,,,,,True,,,,,,,10.636038798777538,14.0,True,0.0,13.808912923352734,False,6.338028169014098,True,54.7836968137037,63.478260869565226,23.170731707317003,15.972222222222232,6.338028169014098,-6.930693069306915,20.958083832335305,10.596026490066212,31.304347826086975,29.890955740859514,12.471131639722866,4.387568555758681,2.834740651387224,3.952772073921973,13.718622300058382,0.46920821114369016,9.364977549711352,2.834740651387224,True,False
NTCT,rainbow_convergence,40.9900016784668,39.31852820148386,40.9900016784668,,,,,,True,,,,,,,3.3060162814191827,5.0,True,0.0,4.077758986433541,True,-10.714285714285799,False,28.450350649722225,,-10.714285714285799,11.940298507462677,169.2307692307692,15.999999999999993,-66.66666666666667,114.28571428571428,,12.678115311089332,-0.9522555088859241,-0.5301187608870772,14.603784247650541,3.638781490875953,-19.007272132533913,14.458238401585266,17.280063401286228,-0.9522555088859241,True,False
NVDA,rainbow_convergence,239.24000549316406,222.6516803849808,239.24000549316406,,,,,,True,,,,,,,5.226035992755392,13.0,True,0.0,6.933758872805762,True,66.66666666666667,True,40.78368114920139,127.77777777777777,214.47368421052633,97.75280898876404,66.66666666666667,2.9288702928870203,35.79545454545454,35.384615384615394,20.370370370370374,105.85114348672526,85.22763378875223,73.21451272533118,62.49358645459211,17.896220057587463,19.79831784754944,19.50847279233765,21.95622874013221,62.49358645459211,True,True
NVEC,rainbow_convergence,116.52999877929688,106.915360339555,116.52999877929688,,,,,,True,,,,,,,5.429950663427181,9.0,True,0.0,8.250783953024508,True,-18.072289156626496,True,13.783667588680556,78.3783783783784,27.500000000000036,11.111111111111093,-18.072289156626496,29.41176470588236,45.71428571428573,2.941176470588225,-8.108108108108103,52.65767006334343,-18.68414192523077,334.9795723353842,-68.17458582789332,15.611191793097046,-41.9630488094651,114.24550955719911,6.194599997959949,-68.17458582789332,True,False
NVGS,rainbow_convergence,23.610000610351562,22.900390358420637,23.610000610351562,,,,,,True,,,,,,,2.96809759085408,4.0,True,0.0,3.0055494857539484,True,,False,27.783668021782407,,,,,,,,,,,,,,,,,,False,False
NVT,rainbow_convergence,173.8000030517578,159.84745586814824,173.8000030517578,,,,,,True,,,,,,,4.921262657234947,11.0,True,0.0,8.027932645924341,True,-59.72222222222223,True,22.450340947615743,97.01492537313432,-59.72222222222223,957.1428571428552,19.354838709677423,51.7241379310345,17.56756756756768,-8.881784197001252e-14,10.447761194029837,52.76710621949954,53.46595823551217,41.81068864663653,34.78260869565217,18.462157809983903,16.433861441829944,1.204933586337753,9.438272245872703,34.78260869565217,True,False
OGN,rainbow_convergence,13.739999771118164,13.663398489402129,13.739999771118164,,,,,,True,,,,,,,0.417520657533732,1.0,True,0.0,0.5575056986322038,True,-285.7142857142858,True,32.45033555850694,-28.57142857142857,66.66666666666667,-285.7142857142858,-55.79710144927537,-27.27272727272727,,-227.8688524590164,8.92857142857142,-2.258469259723961,-3.502974223397226,-5.339195979899502,1.2642225031605614,6.712328767123288,-3.1187790311877905,-5.9300873907615514,0.5018820577164407,-5.339195979899502,True,False
OPY,rainbow_convergence,120.58000183105469,117.41764967492495,120.58000183105469,,,,,,True,,,,,,,2.3086498821880905,8.0,True,0.0,2.622617439134336,True,-170.95588235294116,True,22.450324076979168,24.607329842931946,-170.95588235294116,607.6086956521739,-12.037037037037045,,-129.64669738863287,242.6315789473684,-0.5235602094240788,21.975573526984647,21.187568997941852,26.045400899394423,15.338028724969966,-1.8892065286802762,-4.194451692977008,11.47885223700358,16.40534741706552,15.338028724969966,True,False
OSCR,rainbow_convergence,32.34000015258789,30.830841403912757,32.34000015258789,,,,,,True,,,,,,,2.0405581078245345,1.0,True,0.0,4.666539089531726,True,124.99999999999996,False,32.450321423125,,124.99999999999996,,,-46.859903381642496,,,,-6.187471140526402,32.05542725173209,86.3050706566916,79.64890794039601,6.593214410633097,-36.218627997769104,1.8634246108396813,35.46252116361397,-6.187471140526402,True,False
PACB,rainbow_convergence,2.700000047683716,1.6799804215259773,2.700000047683716,,,,,,True,,,,,,,31.73974450389729,13.0,True,0.0,37.77850400531645,False,,False,28.783632261215274,,,,,,,,,4.99017575969638,-6.97825706207621,6.7420098297836795,2.4632826591084678,4.919576093388556,-3.2855544860955765,-3.331992154101493,7.033079428309952,-6.97825706207621,True,False
PAGS,rainbow_convergence,10.720000267028809,9.246438231231997,10.720000267028809,,,,,,True,,,,,,,6.917666933533032,7.0,True,0.0,13.745914170627435,False,,False,33.783633010532405,,,,,,,,,,,,,,,,,,False,False
PANL,rainbow_convergence,8.40999984741211,8.077943830831321,8.40999984741211,,,,,,True,,,,,,,3.503885610620155,4.0,True,0.0,3.9483474745004536,True,-5.263157894736848,False,28.78363251872685,,,-5.263157894736848,72.72727272727273,-23.809523809523803,16.666666666666675,-5.263157894736848,,19.420635781707716,38.90653246689793,24.940001098150134,10.158875027476078,9.695743932465707,-7.233062784671807,9.017816535205903,7.646249577187936,10.158875027476078,True,False
PARR,rainbow_convergence,86.91000366210938,79.96597720903983,86.91000366210938,,,,,,True,,,,,,,5.876081750967596,4.0,True,0.0,7.989904683546762,True,699.1452991452992,False,26.783631680983795,699.1452991452992,,,3869.2307692307695,749.9999999999998,-21.42857142857144,-72.86821705426357,341.02564102564105,56.797793220586044,4.510737887355898,-1.0359558153738013,-6.110125642918874,62.789252912954076,0.5796254218967123,-9.920633343534025,6.311165192628443,-6.110125642918874,True,False
PCVX,rainbow_convergence,66.69999694824219,59.35372937518562,66.69999694824219,,,,,,True,,,,,,,6.713559197517256,10.0,True,0.0,11.013894916302794,False,,False,26.783624038657408,,,,,,,,,,,,,,,,,,False,False
PDFS,rainbow_convergence,54.439998626708984,48.850840510903474,54.439998626708984,,,,,,True,,,,,,,9.29823814471817,8.0,True,0.0,10.266638972807387,False,-99.99999999999997,False,28.78361591784722,233.33333333333334,,-99.99999999999997,-50.0,-16.666666666666664,3.458764513820541e+18,-99.99999999999999,0.0,18.947185276832656,25.852903009753447,24.594189877208738,23.068801310090727,2.3266256444370637,-3.642453087191322,9.258513525343615,10.4140890813486,18.947185276832656,True,False
PEB,rainbow_convergence,18.979999542236328,18.384173144349116,18.979999542236328,,,,,,True,,,,,,,2.881680489412132,9.0,True,0.0,3.13923294129336,True,-254.16666666666669,False,21.783608263043984,183.33333333333334,,,-254.16666666666669,,,,-716.6666666666667,-0.09692371490196416,7.927785028694889,3.382109004739342,-1.435493041307201,17.78820561483092,-0.9632741004761969,-12.466047857785977,-2.1627484130275265,-1.435493041307201,True,False
PEBK,rainbow_convergence,43.779998779296875,43.54255535373416,43.779998779296875,,,,,,True,,,,,,,0.44882371801874277,2.0,True,0.0,0.5423559437717506,True,-6.94444444444443,True,11.450273451828703,1.0526315789473717,1.2658227848101333,86.15384615384617,-6.94444444444443,19.999999999999996,-33.88429752066116,80.59701492537312,-29.473684210526308,,,,,,,,,,False,False
PENG,rainbow_convergence,64.20999908447266,54.92240575772592,64.20999908447266,,,,,,True,,,,,,,8.312275734187038,8.0,True,0.0,14.464403456116345,False,-60.00000000000001,False,89.78360245587963,,544.4444444444445,-60.00000000000001,,17.24137931034484,1349.9999999999998,-60.00000000000001,,47.63655316406117,-6.161102432431697,0.5772466886737604,8.604908275161648,39.56687920372946,-0.02098690941525483,1.5237244097750402,4.2161782076231,-6.161102432431697,True,False
PLPC,rainbow_convergence,421.5199890136719,409.6744372393027,421.5199890136719,,,,,,True,,,,,,,1.778068678663983,12.0,True,0.0,2.810199298516539,True,-65.5844155844156,True,20.783589672824075,75.390625,-8.154506437768239,-19.248826291079823,-65.5844155844156,109.81308411214954,24.418604651162813,224.52830188679238,-79.296875,25.40079362739607,18.67295898102208,3.585511946719966,21.16987473889762,20.65090368622289,1.8306384994425384,-2.795262989437741,5.0035082340316395,3.585511946719966,True,False
PLUS,rainbow_convergence,94.16000366210938,90.25206214490393,94.16000366210938,,,,,,True,,,,,,,2.806700569716118,4.0,True,0.0,4.1503200565167635,True,-27.95031055900622,True,32.783588528437505,-27.95031055900622,-18.94736842105256,46.15384615384617,12.820512820512842,50.649350649350545,-42.105263157894704,0.7575757575757569,-18.012422360248447,-11.969006112662894,-0.8352512112373311,-14.708669209793968,-4.694003060684504,-1.0406539716948715,-0.5412722675625425,-8.819987394390505,-1.9074010694399957,-14.708669209793968,True,False
PLXS,rainbow_convergence,272.6300048828125,257.854487763361,272.6300048828125,,,,,,True,,,,,,,4.661765163209601,10.0,True,0.0,5.419622512130533,True,-3.658536585365846,True,20.78358797204861,-3.658536585365846,29.078014184397173,12.686567164179108,26.351351351351404,-13.186813186813184,20.529801324503303,-19.25133689839572,14.024390243902452,28.13196007494785,18.73011824479427,9.602283321142234,-1.1102991717681365,12.117735919096507,8.77738229213012,-99.97345274731852,395653.68159731635,-1.1102991717681365,True,False
PM,rainbow_convergence,190.39999389648438,188.00119607781716,190.39999389648438,,,,,,True,,,,,,,0.7130097081407657,2.0,True,0.0,1.259872844308695,True,-9.302325581395344,False,13.450254333541668,-7.692307692307687,-9.302325581395344,,13.197969543147202,15.384615384615374,14.705882352941234,-39.01345291479823,14.358974358974352,10.374753451676533,9.085044618858195,6.758705955079325,9.423872464937944,10.309481569091261,-2.084539664157503,-4.453665283540797,6.952662721893499,6.758705955079325,True,False
PNTG,rainbow_convergence,39.95500183105469,39.32736592160305,39.95500183105469,,,,,,True,,,,,,,1.1897843746798493,2.0,True,0.0,1.5708569157511991,True,-15.000000000000002,True,27.783588033969906,25.0,9.090909090909083,56.25,-15.000000000000002,4.166666666666674,-3.999999999999959,47.05882352941168,-15.000000000000002,35.755190181365926,35.98993528464274,53.168477225081,26.759386345523772,4.4224218892362055,-1.3683668425946038,26.32040831474116,4.345310499724375,26.759386345523772,True,False
PRLB,rainbow_convergence,97.27999877929688,87.36808500471939,97.27999877929688,,,,,,True,,,,,,,9.759500209894982,14.0,True,0.0,10.189056228367201,False,3.4482758620689724,False,22.45024777923611,105.55555555555559,120.00000000000001,,3.4482758620689724,12.12121212121211,32.00000000000001,-16.666666666666664,66.66666666666667,10.571362993565959,10.40450061408027,12.10924024640656,7.7591765576863425,7.180484584027091,2.082890697691453,0.8325576584962358,0.22433975255991,7.7591765576863425,True,False
PRSU,rainbow_convergence,52.72999954223633,49.531115274327945,52.72999954223633,,,,,,True,,,,,,,4.2334770575828795,12.0,True,0.0,6.066535739955964,True,-107.73913043478261,False,27.78356827488426,170.00000000000003,,-107.73913043478261,57.57575757575759,,,-134.23076923076923,1200.0,14.347755325801126,37.42249660714761,24.616257996899506,32.24293168437975,158.49695983889083,-9.515883167171868,-76.32041888292356,106.45520502299925,14.347755325801126,True,False
PWR,rainbow_convergence,719.5599975585938,649.3024627954779,719.5599975585938,,,,,,True,,,,,,,4.919498552745876,7.0,True,0.0,9.763957835551405,True,2.4630541871920597,True,21.45022228070602,94.73684210526316,51.04166666666667,2.4630541871920597,14.871794871794886,104.13793103448276,-30.288461538461508,-7.142857142857184,47.36842105263159,41.10419493143886,26.33346777182164,19.661880464892988,17.52982789446198,21.36197461594833,0.41876074669202623,2.7588617985042863,12.673853725531359,17.52982789446198,True,False
QQQX,rainbow_convergence,30.90999984741211,30.139883938587232,30.90999984741211,,,,,,True,,,,,,,2.0188703138843893,14.0,True,0.0,2.491478203256458,True,,False,,,,,,,,,,,,,,,,,,,False,False
RAL,rainbow_convergence,73.86000061035156,68.14429476385853,73.86000061035156,,,,,,True,,,,,,,6.073523080072843,14.0,True,0.0,7.738567288465435,True,-1603.703703703704,True,18.783553113125002,21.42857142857144,-31.57894736842104,-1603.703703703704,-38.59649122807017,30.76923076923077,,-3580.0000000000005,-16.666666666666675,12.815418239618515,10.95890410958904,4.306940003761528,-0.8619074386359338,6.210250654695093,-3.606202668589975,4.819504819504816,5.126167295847406,-0.8619074386359338,True,False
RCKY,rainbow_convergence,46.560001373291016,44.77431886831481,46.560001373291016,,,,,,True,,,,,,,2.8697632711016055,8.0,True,0.0,3.8352286346807514,True,-74.24242424242425,True,19.783524517025462,281.25000000000006,-74.24242424242425,32.30769230769228,37.142857142857146,976.470588235294,-80.23255813953489,-10.416666666666675,100.0,12.04104233911043,9.053851481069142,9.107095444109525,6.971384674476666,-4.849639472351508,-10.961521944516017,14.016647625265222,15.990042310713992,6.971384674476666,True,False
RELL,rainbow_convergence,19.049999237060547,17.709630395971132,19.049999237060547,,,,,,True,,,,,,,4.68381917132787,4.0,True,0.0,7.036057190395123,True,,False,,,,,,,,,,27.57424502302992,3.1001412534384043,5.651532601887221,1.641693811074929,19.33407845399482,6.089351285189726,-4.246708297471025,5.238104415193967,1.641693811074929,True,False
RGA,rainbow_convergence,251.13999938964844,245.38499310918294,251.13999938964844,,,,,,True,,,,,,,1.7498754506518326,3.0,True,0.0,2.291553035936937,True,16.627634660421563,True,21.783523219988425,159.62962962962962,16.627634660421563,212.6696832579185,63.519313304721024,40.76305220883532,-27.930535455861083,81.3648293963255,41.1111111111111,18.53902482586176,23.46007604562739,26.597977485212752,9.78587860555653,2.2020326455189476,-2.125094197437827,6.9471308833011,10.805500982318271,9.78587860555653,True,False
RLGT,rainbow_convergence,9.3100004196167,8.753910689512919,9.3100004196167,,,,,,True,,,,,,,4.298963138474741,7.0,True,0.0,5.973036574005599,True,-57.14285714285715,True,32.783523888611114,50.000000000000064,100.0,-15.384615384615385,-57.14285714285715,50.00000000000002,-9.090909090909083,266.6666666666667,-70.0,18.522078157584552,0.05981112767339258,-12.252782145881213,11.34281433448776,22.089336166437068,-7.752121655968636,2.4155655070481563,2.754102819838611,-12.252782145881213,True,False
RLYB,rainbow_convergence,17.079999923706055,16.764396287738357,17.079999923706055,,,,,,True,,,,,,,1.3973564697076992,7.0,True,0.0,1.847796471764955,True,,False,,,,,,,,-111.11111111111111,,-100.0,0.0,11000.0,-29.096989966555185,-100.0,-4.504504504504503,4.716981132075482,0.0,-100.0,True,False
ROG,rainbow_convergence,156.60000610351562,138.24235930883373,156.60000610351562,,,,,,True,,,,,,,10.544438501051808,11.0,True,0.0,11.722634788754185,False,-1009.0909090909091,False,21.783520943796297,,,-17.24137931034483,-1009.0909090909091,24.99999999999989,-58.33333333333329,,,5.249343832021003,4.8387096774193505,2.710413694721825,-5.3221288515406195,-0.496277915632759,-6.7129629629629655,6.5088757396449815,6.45669291338582,-5.3221288515406195,True,False
RRBI,rainbow_convergence,102.88999938964844,100.99440466616356,102.88999938964844,,,,,,True,,,,,,,1.272557644984162,3.0,True,0.0,1.842350796704921,True,17.88079470198676,True,21.4501862258912,17.88079470198676,19.078947368421062,26.470588235294066,28.346456692913378,-1.6574585635359185,5.232558139534893,5.521472392638027,7.947019867549665,,,,,,,,,,False,False
RUSHB,rainbow_convergence,56.540000915527344,53.22940682157711,56.540000915527344,,,,,,True,,,,,,,4.703876476675449,14.0,True,0.0,5.855313124059504,True,-14.432989690721653,False,19.783504850752315,1.1111111111111072,5.47945205479452,,-14.432989690721653,18.181818181818187,-4.938271604938271,-2.409638554216853,-7.777777777777784,-1.7822868409209325,-9.580325086605136,-12.52115958429525,-1.0815139313471334,13.375396065601786,-5.1882081143810765,-6.066817681616554,-2.7276046850672864,-12.52115958429525,True,False
SAFT,rainbow_convergence,103.94000244140625,101.09074347487734,103.94000244140625,,,,,,False,,,,,,,2.6456055203189703,0.0,False,0.0,2.741253511260124,False,-166.89189189189187,True,25.78349407994213,21.02564102564102,-166.89189189189187,142.85714285714272,10.404624277456653,,-172.7941176470588,-28.795811518324587,-2.051282051282055,2.8867760407857546,4.749619380689385,11.695791040283599,11.173978236794913,3.5819189111939487,-1.5276546817735381,-1.8635511492192558,2.785294899364543,2.8867760407857546,True,False
SANM,rainbow_convergence,228.07000732421875,210.67331001267004,228.07000732421875,,,,,,True,,,,,,,6.298517463080416,11.0,True,0.0,7.627788289942915,True,-23.275862068965512,True,25.783477388368055,68.25396825396825,46.551724137931046,-23.275862068965512,-19.266055045871553,24.705882352941178,91.01123595505618,1.1363636363636465,-30.15873015873016,69.67478822587803,102.27364823999032,58.98004732977529,3.91012661678658,-13.685968378412516,25.81997703227239,52.15155371705291,2.6856887030616727,3.91012661678658,True,False
SCCO,rainbow_convergence,204.25999450683594,198.5266325253304,204.25999450683594,,,,,,True,,,,,,,2.581597615468441,11.0,True,0.0,2.8068942209403915,True,20.535714285714278,True,14.783479028564816,71.79487179487178,66.95652173913045,48.1132075471699,20.535714285714278,4.6875,22.29299363057322,16.29629629629632,15.384615384615397,40.57686004588659,36.17989045132772,38.98146817985921,15.230816472755816,0.8844145457966857,9.860974727376082,14.582654783406856,10.694854146181587,15.230816472755816,True,True
SCSC,rainbow_convergence,60.939998626708984,57.31043681494643,60.939998626708984,,,,,,True,,,,,,,5.487365348617381,11.0,True,0.0,5.955959785945549,True,5.405405405405417,True,28.450143592847223,40.22988505747127,5.405405405405417,7.14285714285714,28.98550724637683,56.41025641025643,4.0000000000000036,-15.73033707865169,2.298850574712641,17.25014331652901,8.788148349925585,2.543822918352845,-4.632662007787724,24.298699774384126,0.03626818627757711,3.6317177043196036,-9.009381389272297,-4.632662007787724,True,False
SHOO,rainbow_convergence,45.58000183105469,44.161429897266714,45.58000183105469,,,,,,True,,,,,,,2.9060029717366267,8.0,True,0.0,3.112268268540235,True,-62.33766233766234,False,27.4501435016088,,75.43859649122808,-32.6530612244898,-62.33766233766234,-62.0,203.0303030303029,13.793103448275911,,19.2098401337913,17.82394057114669,29.547354963546525,6.927250189159162,2.0401440753625044,-13.360876766696094,12.894610057211686,19.44109766404718,6.927250189159162,True,False
SIBN,rainbow_convergence,19.549999237060547,18.572141730379794,19.549999237060547,,,,,,True,,,,,,,2.846822989519594,2.0,True,0.0,5.001828873870479,True,,False,32.78347720556713,,,,,,,,,15.175817396668734,11.203214210192435,14.993265580996695,20.614774417451653,6.5071879516239495,-6.674475145965319,15.810999671160797,0.05346493933786611,11.203214210192435,True,False
SIF,rainbow_convergence,23.010000228881836,22.132047099786334,23.010000228881836,,,,,,True,,,,,,,3.3871961286025347,6.0,True,0.0,3.815528554378315,True,-101.78571428571428,False,,-101.78571428571428,,,,-102.32558139534885,48.27586206896552,,-112.5,18.32993890020367,38.981447416828715,14.796724608533252,5.319050697201955,-1.1306912721222195,10.307429191173402,5.0986409469530924,3.236026250282875,5.319050697201955,True,False
SILC,rainbow_convergence,61.650001525878906,47.99014023091647,61.650001525878906,,,,,,True,,,,,,,16.98945193949304,14.0,True,0.0,22.157114285274464,False,,False,21.450143525636573,,,,,,,,,,,,,,,,,,False,False
SITM,rainbow_convergence,711.0599975585938,631.9676678680603,711.0599975585938,,,,,,True,,,,,,,8.856060943293468,11.0,True,0.0,11.123158377928014,False,,False,27.783462583321757,,,,,,-145.45454545454544,,,126.5404207557487,88.29293364724609,66.32408862004668,44.835176262608755,38.624776563614425,0.24892969060335002,35.561884475929496,20.250669122514164,44.835176262608755,True,False
SLAB,rainbow_convergence,222.6199951171875,220.2993089288812,222.6199951171875,,,,,,True,,,,,,,0.946114826621764,13.0,True,0.0,1.0424428349684782,True,,False,26.783463512870373,,,,,,,,,18.327672483082267,20.136849094612685,25.237445037263374,23.801195949397513,6.880093676814991,2.5426740823991656,1.0713644240991416,6.8210220643522,18.327672483082267,True,False
SN,rainbow_convergence,184.72000122070312,173.8906813570619,184.72000122070312,,,,,,True,,,,,,,4.557286738603129,8.0,True,0.0,5.862559437027269,True,,False,28.4501101803125,,,,,8.235294117647074,-13.265306122448983,18.07228915662651,,,,,,24.96237983134273,-2.219567630717101,18.17692563129889,,,False,False
SND,rainbow_convergence,5.320000171661377,5.096055812221235,5.320000171661377,,,,,,True,,,,,,,3.4316439755321295,3.0,True,0.0,4.209480304776131,True,-70.00000000000004,False,34.78343228392361,-53.70370370370371,,-70.00000000000004,,,-433.3333333333338,-62.50000000000006,-85.18518518518519,13.533287366888835,-42.195923180592985,-46.84582625296326,-64.3644390318161,7.974499089253184,8.339582428858971,8.236148489897044,-10.330958400367729,-64.3644390318161,True,False
SNX,rainbow_convergence,278.3800048828125,263.2668130222176,278.3800048828125,,,,,,True,,,,,,,3.855367503460652,4.0,True,0.0,5.428978948023577,True,32.45614035087716,True,91.45010044458333,89.05109489051092,87.78280542986427,104.04040404040403,32.45614035087716,24.819277108433724,2.722772277227725,33.77483443708611,10.218978102189746,37.74526027984035,30.967485965604236,18.094852862089784,9.685196114275918,10.133394377764926,14.064373594430869,-1.2540436408245759,11.042261785949513,9.685196114275918,True,False
STK,rainbow_convergence,55.56999969482422,52.83157902061671,55.56999969482422,,,,,,True,,,,,,,4.291898118071211,14.0,True,0.0,4.927875992885001,True,,False,,,,,,,,,,,,,,,,,,,False,False
STNG,rainbow_convergence,86.2300033569336,82.21268061993987,86.2300033569336,,,,,,True,,,,,,,3.960879492206594,4.0,True,0.0,4.658845622868336,True,,False,21.45009873008102,,,,,,,,,,,,,,,,,,False,False
SXC,rainbow_convergence,10.039999961853027,9.613671160231634,10.039999961853027,,,,,,True,,,,,,,2.495375952159445,3.0,True,0.0,4.246302821127779,True,-457.14285714285694,True,27.45009221326389,650.0,-125.0,-457.14285714285694,-27.777777777777768,,,-484.6153846153846,1200.0,9.490900714121175,4.380733944954129,-1.1934156378600846,-0.6325239746990396,4.438584926389799,-5.2269887546855465,-1.396303901437368,12.186132227597323,-1.1934156378600846,True,False
TECK,rainbow_convergence,67.0999984741211,66.0791625760653,67.0999984741211,,,,,,True,,,,,,,1.4110183982911702,2.0,True,0.0,1.521365009344234,True,,False,21.45006330759259,,,,,,,,,,,,,,,,,,False,False
TENB,rainbow_convergence,39.470001220703125,35.49770727954863,39.470001220703125,,,,,,True,,,,,,,5.670917809778298,5.0,True,0.0,10.06408365417257,False,-200.0,False,20.783399711770834,,,-200.0,,200.0,,-150.00000000000006,,8.578014112699407,9.584882305958509,10.521314549210746,11.163954061861482,2.461287195964257,0.5853385175774273,3.2059103153224466,2.080511130431262,8.578014112699407,True,False
TER,rainbow_convergence,430.32000732421875,386.31384381636906,430.32000732421875,,,,,,True,,,,,,,9.7700078038411,11.0,True,0.0,10.226381009213418,False,-15.73033707865169,True,13.783390998020833,385.71428571428567,314.75409836065575,82.02247191011234,-15.73033707865169,-5.928853754940711,56.17283950617282,116.00000000000001,53.06122448979591,,,,,7.575783454696938,4.6785914362566405,-27.769080543721415,,,False,False
TRNS,rainbow_convergence,89.80000305175781,87.79062237732398,89.80000305175781,,,,,,True,,,,,,,2.0866627744587434,5.0,True,0.0,2.237617601500176,True,-148.0,True,25.78338892282407,-59.999999999999986,-59.18367346938776,-148.0,-59.999999999999986,-29.999999999999982,,-185.7142857142857,-59.999999999999986,21.617554694860264,8.714704280861874,23.246547023399344,21.29861704950904,10.838818927685544,1.9253208868144744,0.0,7.652046477546315,8.714704280861874,True,False
TSEM,rainbow_convergence,258.4100036621094,228.3101384123525,258.4100036621094,,,,,,True,,,,,,,6.932141027827175,8.0,True,0.0,11.648103720131022,False,,False,32.45005174760417,,,,,,,,,,,,,,,,,,False,False
TSM,rainbow_convergence,482.29998779296875,438.9573983006189,482.29998779296875,,,,,,True,,,,,,,7.186074993425215,14.0,True,0.0,8.986645363747146,True,,False,7.450045282210648,,,,,,,,,,,,,,,,,,False,False
TTC,rainbow_convergence,98.88999938964844,95.80373035761566,98.88999938964844,,,,,,True,,,,,,,2.266662707024368,8.0,True,0.0,3.120911165012948,True,-14.942528735632221,True,70.45005445114583,50.0,9.48905109489051,32.692307692307686,-14.942528735632221,-46.0,117.39130434782612,-6.756756756756732,37.03703703703698,8.35322195704058,8.103801502390162,4.1507537688442175,-0.9107806691449838,-13.960833859759948,37.47949435491653,-2.80435190395798,-5.754441792627951,-0.9107806691449838,True,False
TXN,rainbow_convergence,297.2300109863281,274.86420761432254,297.2300109863281,,,,,,True,,,,,,,5.367453937529415,8.0,True,0.0,7.524746003200317,True,-2.2900763358778775,True,13.78336413097222,51.77304964539009,31.25,-2.2900763358778775,0.6802721088435382,27.380952380952394,31.24999999999998,-13.513513513513498,4.964539007092195,22.819244604316545,18.57950356352913,10.381831794359876,14.237533124548296,13.22279792746115,9.088853719195122,-6.727119358920286,6.609712230215825,10.381831794359876,True,False
U,rainbow_convergence,44.95000076293945,41.49954052353031,44.95000076293945,,,,,,True,,,,,,,5.516272231712955,3.0,True,0.0,7.676218422345378,True,,False,27.450023756921297,,,,,,,,,23.931383577052866,16.83632183908046,10.061277753834519,5.39688298541825,7.522066433442598,1.023476959345171,6.900332543586574,6.728972386516197,5.39688298541825,True,False
UFCS,rainbow_convergence,54.869998931884766,53.623451352290616,54.869998931884766,,,,,,True,,,,,,,1.350205690046749,3.0,True,0.0,2.2718199450698107,True,18.852459016393432,True,26.78335902875,48.27586206896552,71.6417910447761,18.852459016393432,96.05263157894737,12.17391304347828,-20.68965517241381,-2.6845637583892468,71.26436781609196,14.383571852280209,11.575132506832976,9.793952127260441,9.615313161838479,3.8663714466682153,0.9939694810910726,3.3297741922727164,5.528015667430752,9.615313161838479,True,False
UFPT,rainbow_convergence,302.8699951171875,289.519724513209,302.8699951171875,,,,,,True,,,,,,,3.883666729627889,9.0,True,0.0,4.4079211606329585,True,0.0,True,25.783352583032407,21.26696832579187,1.3574660633484337,6.730769230769251,0.0,19.64285714285714,0.9009009009008917,5.2132701421801375,-4.52488687782806,15.0738212414669,4.086454086454094,2.5832673165019138,,12.815657384469725,3.550347513682306,-3.6510565612909107,2.2371275863893647,2.5832673165019138,False,False
VCTR,rainbow_convergence,113.8499984741211,108.92596559019523,113.8499984741211,,,,,,True,,,,,,,3.560272314086119,5.0,True,0.0,4.325017962161088,True,-10.483870967741925,True,28.78334833361111,147.05882352941174,38.54166666666667,12.711864406779693,-10.483870967741925,26.315789473684205,0.0,19.819819819819816,63.23529411764706,23.95960274705875,76.67826340379413,61.002018324145446,60.08429804811459,12.20962449966365,3.706544923848365,3.5789531970265465,2.8424427411364084,23.95960274705875,True,False
VIAV,rainbow_convergence,48.13999938964844,39.975311958997096,48.13999938964844,,,,,,True,,,,,,,12.2616135838823,7.0,True,0.0,16.960298159885305,False,-625.0,False,20.78334435835648,400.0000000000001,-66.66666666666667,-625.0,,400.0000000000001,,,-433.33333333333337,52.53012048192771,42.8370786516854,36.37370753323486,25.56675062972291,8.92330383480826,10.154346060113738,23.470411233701107,2.960413080895008,25.56675062972291,True,False
VSTS,rainbow_convergence,13.920000076293945,13.583477656694336,13.920000076293945,,,,,,True,,,,,,,2.0337778335871146,4.0,True,0.0,2.417546104562985,True,-600.0,False,42.78333149770833,,,-600.0,,300.0,,,,-1.8011306042306385,-0.8736578333826905,-2.982245751557522,4.052428753684523,0.3375606767591188,-0.5955790578062947,-6.828967529996022,5.6711274430505165,-2.982245751557522,True,False
W,rainbow_convergence,105.44999694824219,100.25056272613111,105.44999694824219,,,,,,True,,,,,,,3.2755573047476187,2.0,True,0.0,4.930710642564653,True,-109.09090909090908,False,27.449997493194445,-109.09090909090908,,,,,,,-790.9090909090909,7.5160403299725065,7.362637362637359,6.920858699134902,8.07905686546464,20.061412487205722,-12.166616721606239,7.058068655758731,-4.766269477543538,6.920858699134902,True,False
WAB,rainbow_convergence,291.1600036621094,286.5789521177605,291.1600036621094,,,,,,True,,,,,,,1.1864513150439995,9.0,True,0.0,1.5733794088233344,True,-4.838709677419395,True,13.449995253321758,18.877551020408177,12.765957446808528,-4.838709677419395,11.042944785276077,9.905660377358494,79.6610169491526,-34.80662983425417,-7.653061224489788,17.479674796747968,13.026819923371647,14.789005032907475,8.374014269620723,7.762711864406779,-0.5059021922428353,2.7373527373527384,6.651884700665178,8.374014269620723,True,False
WAT,rainbow_convergence,436.42999267578125,416.945666911025,436.42999267578125,,,,,,True,,,,,,,4.064505016451339,14.0,True,0.0,4.464479089829862,True,-156.27530364372467,True,26.449984987893515,-156.27530364372467,-142.85714285714286,-3.0927835051546615,-7.749077490774903,,-123.13829787234043,50.4,1.2145748987854255,113.35927367055771,91.38972809667673,6.839010259947709,8.04830441507216,29.834254143646397,35.88603162380053,16.56633999552437,3.7466926070038875,6.839010259947709,True,False
WCC,rainbow_convergence,384.0899963378906,355.5689111169698,384.0899963378906,,,,,,True,,,,,,,5.463843527388218,11.0,True,0.0,7.425625632756742,True,-0.5249343832021025,True,21.449969878333334,10.44386422976502,48.09523809523808,10.6312292358804,-0.5249343832021025,36.01286173633442,-6.606606606606613,-12.137203166226907,-1.0443864229765065,12.975455963116133,13.7807137376724,10.342382311762455,12.928553211644257,9.621552277100708,0.19115102578890486,-2.106757432530526,5.076615363753478,10.342382311762455,True,False
WEST,rainbow_convergence,8.25,8.002433242831293,8.25,,,,,,True,,,,,,,2.0130012215926136,8.0,True,0.0,3.000809177802512,True,,False,28.783315006516204,,,,,,,,,8.82969746385196,44.44844618234205,48.25593836935587,60.6560717196414,-1.0254998785720115,-9.027843238912192,-4.326921721975618,26.335634606688775,8.82969746385196,True,False
WKC,rainbow_convergence,36.52000045776367,35.54734677629431,36.52000045776367,,,,,,True,,,,,,,1.5254269190356833,4.0,True,0.0,2.6633452061268716,True,-19.298245614035082,False,14.783299921944444,,,,-19.298245614035082,87.99999999999999,,-1191.304347826087,,50.29027014474805,2.4596667548267614,-7.494493109984123,-10.4766988532919,40.33247289623127,7.265477904529849,-3.8629442705338746,3.8536817312264438,-10.4766988532919,True,False
WNC,rainbow_convergence,13.869999885559082,12.680744354034191,13.869999885559082,,,,,,True,,,,,,,5.9006640031400455,3.0,True,0.0,8.574300946917084,True,-1130.000000000004,False,21.449965683715277,-120.70895522388061,-1130.000000000004,,-135.9375,,-206.1855670103093,,-104.2910447761194,-20.389351256268217,-22.878550144668843,-17.766787345918456,-16.671328163309784,-5.6692580252789675,-15.760688688268976,-16.83049414144232,20.458925148993146,-22.878550144668843,True,False
WS,rainbow_convergence,38.189998626708984,35.559134485455296,38.189998626708984,,,,,,True,,,,,,,5.105638745681178,8.0,True,0.0,6.88888252384942,True,-200.90090090090092,True,69.78330028184028,-200.90090090090092,-25.92592592592593,48.0,28.57142857142856,-660.0,-45.945945945945944,-48.61111111111111,-35.13513513513513,11.562012246368102,11.987198137910958,17.983761840324753,4.664268585131892,20.706677058976354,-11.710058492946441,-0.11456065986940045,4.802497298595276,4.664268585131892,True,False
WSM,rainbow_convergence,242.25,230.50596646262616,242.25,,,,,,True,,,,,,,2.4876294019816694,4.0,True,0.0,4.8478982610418315,True,-7.0552147239263725,True,41.449966323356485,41.99999999999999,4.324324324324325,-7.0552147239263725,4.8128342245989275,47.1502590673575,-36.30363036303629,54.59183673469386,-2.0000000000000018,6.696411071669672,4.354802258580803,-4.268062373031145,4.5619736675500455,8.546372772307942,-23.404446680686554,25.191813955069374,2.5073498987347342,-4.268062373031145,True,False
WST,rainbow_convergence,372.6400146484375,358.6183353837091,372.6400146484375,,,,,,True,,,,,,,3.4996047154374286,14.0,True,0.0,3.7627948458398826,True,2.2471910112359605,True,14.449966364930555,18.13186813186811,56.09756097560976,2.2471910112359605,3.7837837837837673,11.979166666666675,5.494505494505475,-5.208333333333314,5.494505494505497,13.803000652315722,21.0458452722063,7.505341880341887,7.725264426295353,3.2429873357793904,4.956521739130437,0.0497141436738735,4.9706457925636105,7.505341880341887,True,False
WTBA,rainbow_convergence,29.530000686645508,28.764653278831823,29.530000686645508,,,,,,True,,,,,,,2.0771799014287744,3.0,True,0.0,2.5917622418471598,True,7.317073170731714,True,21.449966391597222,36.170212765957466,32.6086956521739,7.317073170731714,57.14285714285716,4.918032786885251,38.63636363636365,-20.000000000000018,17.021276595744705,,,,,,,,,,False,False
XERS,rainbow_convergence,10.069999694824219,8.713284440799555,10.069999694824219,,,,,,True,,,,,,,10.16199436321242,11.0,True,0.0,13.472843050054795,False,,False,28.449958178333333,,,,,-1900.0,-85.71428571428571,,,28.740966465843808,38.270762986742966,42.77608612456114,37.06051448367362,10.79432675304053,-3.123288309811556,15.36300080666846,3.9712604313731026,28.740966465843808,True,False
XMTR,rainbow_convergence,110.66000366210938,96.28430669997189,110.66000366210938,,,,,,True,,,,,,,9.247665614155109,14.0,True,0.0,12.990869769020083,False,,False,26.449955675104164,,,,,,,,,41.054587288599606,35.87907611395566,29.52082183296756,27.535321599457994,11.768663046339544,6.621690454162721,6.464875632902634,11.177074938325537,27.535321599457994,True,False
XOM,rainbow_convergence,164.47999572753906,160.73444006496882,164.47999572753906,,,,,,True,,,,,,,1.8248637570061348,4.0,True,0.0,2.2772104571152525,True,,False,22.44995131496528,,,,,112.19512195121952,,,,,,,,42.34166809805413,,,,,False,False
ABSI,vcp,10.5,9.25,10.270000457763672,,,,,,False,2.0,17%->12%,17.37005689762419,11.904761904761903,0.5884802536859178,10.0,,,,-2.1904718308221724,9.931844326185946,False,,False,39.78428152726852,,,,,,,,,-46.37436762225969,-81.76420695504665,-2.2556390977443663,-77.77777777777779,47.906976744186046,-66.92307692307693,71.95767195767195,-36.25632377740303,-81.76420695504665,True,False
AGEN,vcp,8.760000228881836,7.46999979019165,7.489999771118164,,,,,,False,2.0,22%->15%,21.629489865661427,14.726032020376406,0.8449216087252897,4.0,,,,-14.497721741792468,0.2670224504363092,False,,False,28.450948462627313,,,,,-100.98039215686273,1033.3333333333294,-95.36082474226802,,34.358335603907975,40.18116845341977,27.45090732943325,20.400605288308384,2.3179985771875744,-1.3682610221026792,13.127170497767482,17.687127787941304,20.400605288308384,True,False
AKAM,vcp,113.43000030517578,104.0,108.62000274658203,,,,,,False,2.0,18%->8%,17.678659136653817,8.313497557793353,0.3850209442086074,7.0,,,,-4.240498585605903,4.253362759860002,False,-38.04347826086958,True,28.784282106261575,-26.76056338028169,-13.414634146341465,-38.04347826086958,155.26315789473682,-26.76056338028169,24.56140350877196,-41.23711340206187,36.61971830985915,5.384602115584758,5.7599008608673286,7.350733720349933,4.971836775726368,2.4284423580257286,-1.9455444821136259,3.819538605956585,1.0671839033094654,4.971836775726368,True,False
ALAB,vcp,377.8699951171875,342.0,389.79998779296875,,,,,,True,2.0,22%->9%,21.770556575549104,9.492681499112747,0.8224076418460122,21.0,,,,3.157168557953759,12.262696072313979,False,-79.67479674796748,False,26.784285808958334,186.20689655172416,144.44444444444446,-79.67479674796748,,88.63636363636363,76.0,-50.0,72.41379310344828,104.45486518171161,93.40010787621831,91.77226852639338,103.8934969845958,27.253446447507955,13.961704911247196,17.351404098449528,20.13807476878988,91.77226852639338,True,False
ALGT,vcp,85.0,74.33000183105469,77.54000091552734,,,,,,False,3.0,32%->16%->13%,31.87552025783012,12.552939022288603,0.8161424212368359,43.0,,,,-8.7764695111443,4.139797583920141,False,32.94797687861271,False,27.78428797258102,,32.94797687861271,,,-109.13043478260869,26.373626373626323,,,33.10897415149181,8.925658694770977,7.570150008579657,1.0542159435079412,22.431114068344836,12.80388080853536,20.52073889392565,-20.029518957514714,1.0542159435079412,True,False
ALM,vcp,13.729999542236328,12.760000228881836,13.039999961853027,,,,,,False,4.0,32%->19%->9%->7%,31.87660935599087,7.064816793114763,0.7277597755956121,20.0,,,,-5.025488735529224,2.1472372223182314,False,,False,29.784288783159724,,,,,,,,,,,,,,,,,,False,False
ALMS,vcp,7.170000076293945,6.639999866485596,6.929999828338623,,,,,,False,5.0,64%->37%->16%->12%->7%,63.74559802353321,7.391913586733153,0.4445808127197289,28.0,,,,-3.3472837573437575,4.184703737901117,False,-244.1558441558442,False,35.78428784652778,-244.1558441558442,,-102.11386696730554,,,,,-237.66233766233765,-37.65941485371342,-89.98792339985047,,,-4.537622056289492,-9.745982374287198,-6.631171345595355,-22.505626406601653,-89.98792339985047,False,False
AMAT,vcp,474.0400085449219,411.510009765625,530.27001953125,,,,,,True,2.0,21%->13%,20.9748516895046,13.190869473493247,0.7910911492216578,35.0,,,,11.861870300552816,22.396138833307397,False,12.918660287081352,True,35.78428161741898,42.79279279279278,33.460076045627375,75.17241379310346,12.918660287081352,-9.686609686609682,38.188976377952756,7.627118644067776,6.3063063063063085,24.82881402355519,11.40845070422536,-2.149037119732067,-3.477643718949608,15.233881163084707,12.806617227609806,3.117647058823536,-6.874828814023559,-3.477643718949608,True,False
APEI,vcp,43.86000061035156,40.060001373291016,46.220001220703125,,,,,,True,3.0,19%->16%->9%,19.437197791342882,8.663928828500051,0.6638275832302247,41.0,,,,5.380758270656681,13.327563143059562,False,6.349206349206371,False,32.78422681166666,,129.2682926829268,6.349206349206371,650.0,-44.680851063829785,40.29850746268653,123.33333333333339,,5.507907056756323,6.190785835394497,-3.5220279081104144,6.5914760778986725,-1.7208620906728922,10.363165540327168,-2.9929847134148257,0.2758561370310719,-3.5220279081104144,True,False
ARCB,vcp,134.8699951171875,124.05999755859375,128.24000549316406,,,,,,False,2.0,12%->8%,11.543070909897278,8.015124156563532,0.66387372418704,20.0,,,,-4.915837372324875,3.259519460012134,False,-155.35714285714283,True,27.45090650605324,-155.35714285714283,-138.46153846153845,-128.92561983471077,-59.33806146572105,,,-120.34883720930235,53.571428571428555,15.874399367673075,3.2788495642022353,-2.8909443964678094,-1.409713260165324,18.597277094392584,2.683080288849049,-7.198391050024943,2.5317532985866587,-2.8909443964678094,True,False
ASTH,vcp,35.52000045776367,32.220001220703125,37.0,,,,,,True,2.0,19%->9%,19.349184967744083,9.290538272893688,0.6121130147279832,16.0,,,,4.166665324219729,12.918915619721282,False,-96.96969696969697,False,28.784224464328705,110.52631578947367,107.14285714285711,,-96.96969696969697,37.93103448275863,141.66666666666666,1100.0,-94.73684210526316,48.519871473775524,55.56343590322217,42.89088091111215,99.7133964195442,0.7688322453631713,1.5335767782578724,-0.5778998544006209,46.00432493188844,42.89088091111215,True,False
ATEX,vcp,86.43000030517578,77.55999755859375,83.41000366210938,,,,,,False,2.0,20%->10%,20.23021885293896,10.262643428512009,0.8419939466870875,23.0,,,,-3.4941532250411855,7.013554545823745,False,-185.36585365853657,False,34.78422403751157,-99.25925925925925,90.19607843137263,-185.36585365853657,,-98.96907216494846,,-112.23776223776223,111.85185185185182,38.0818053596615,40.964722822174224,0.4469987228607808,0.06447453255964408,0.0,24.47552447552448,1.3530927835051498,9.44992947813823,0.06447453255964408,True,False
ATI,vcp,193.1699981689453,178.25999450683594,194.69000244140625,,,,,,True,2.0,18%->8%,17.558759017178186,7.7185918121038535,0.6819494306713302,28.0,,,,0.7868738866640931,8.439060932014254,True,-25.531914893617003,True,19.450881068587965,55.71428571428574,26.86567164179103,-25.531914893617003,36.84210526315792,28.23529411764707,21.428571428571395,-10.256410256410241,11.428571428571432,10.584005612065939,0.6204124432016789,0.3752025240897128,7.068112633181123,9.518019973947034,-2.1748364624925687,4.584629053753897,-1.306559102069449,0.3752025240897128,True,False
BB,vcp,8.979999542236328,8.329999923706055,9.579999923706055,,,,,,True,2.0,14%->7%,13.991327563224623,7.2383034706525295,0.7595650315271989,10.0,,,,6.681519065203714,13.048016805374182,False,,False,70.78420121979167,,,,,149.99999999999994,0.0,,,26.003086419753085,25.636811832374697,10.091743119266061,-1.253481894150421,6.801831262262925,-1.9871794871794912,10.014104372355437,9.41358024691359,-1.253481894150421,True,False
BDSX,vcp,30.0,27.520999908447266,27.959999084472656,,,,,,False,2.0,18%->8%,17.64153741252193,8.263333638509113,0.8244363636363636,6.0,,,,-6.8000030517578125,1.570097247496639,False,-133.33333333333331,False,26.78420055710648,,,-133.33333333333331,,,,,,34.18423418922969,42.30426550840851,40.75578834010476,19.927276734064247,5.110545881432205,-11.128499391410184,32.097574421168694,8.742132081126996,19.927276734064247,True,False
BELFA,vcp,209.25,194.25,209.5800018310547,,,,,,True,3.0,23%->11%->7%,22.964141393069664,7.168458781362006,0.7469824433065106,35.0,,,,0.15770696824596775,7.314630068288869,True,,False,20.784185967685186,,,,,,,,,25.18493871027161,17.244708942576747,17.402358216723712,44.76131933547938,18.03676375839678,1.4510793575009284,-1.6996312437143835,6.3464429378665255,17.244708942576747,True,False
BGC,vcp,12.510000228881836,11.260000228881836,11.850000381469727,,,,,,False,3.0,20%->16%->10%,19.937939610047543,9.992006212071244,0.6623022207183682,72.0,,,,-5.275778060246297,4.978904080969442,False,-25.000000000000032,True,28.450848160555555,36.36363636363635,54.54545454545456,-25.000000000000032,100.0,-11.764705882352954,466.66666666666725,-50.00000000000004,-45.45454545454546,7.332583378469515,49.22311681120597,34.39048104078892,38.305892837250745,-12.805235017957761,24.91583071560335,2.868621392879356,-4.205456770348704,7.332583378469515,True,False
BJRI,vcp,63.400001525878906,56.86000061035156,61.33000183105469,,,,,,False,2.0,14%->10%,14.462081158412085,10.315458609031445,0.6638374244578035,30.0,,,,-3.2649836671995613,7.288441361891045,False,-29.31034482758621,False,21.784185475972222,-11.340206185567014,-29.31034482758621,,,109.75609756097562,-30.508474576271226,2850.0000000000014,-97.9381443298969,6.370675908172108,2.915456084236423,3.211951013390868,1.3678147509072813,8.592140020886973,0.7650556135498476,7.64545352665551,-9.693733810726012,1.3678147509072813,True,False
BNED,vcp,11.489999771118164,10.46500015258789,11.640000343322754,,,,,,True,2.0,16%->9%,16.3153792671806,8.92079755394568,0.5184477593690774,21.0,,,,1.305488034748606,10.094503059090528,False,-95.95959595959596,False,63.78417638758101,,-95.95959595959596,-67.79661016949152,-55.828220858895705,-408.3333333333332,-36.84210526315786,-73.61111111111111,,0.9774636277760207,-5.507721626563422,12.429497001165224,6.8856155547693865,25.75925505337271,-53.34075133789011,-21.127327982935785,118.18264710280508,-5.507721626563422,True,False
BSRR,vcp,42.13999938964844,38.43000030517578,39.47999954223633,,,,,,False,3.0,14%->11%->9%,14.459003802890416,8.803984665894433,0.7827294415865205,78.0,,,,-6.312292088133087,2.659572566451631,False,-2.7027027027027084,True,18.450840349641204,-1.2820512820512886,47.69230769230768,31.506849315068486,-2.7027027027027084,-19.791666666666664,0.0,33.33333333333333,-7.692307692307699,,,,,-3.3887836613686884,,,,,False,False
BSTZ,vcp,30.195972882416992,27.700000762939453,30.780000686645508,,,,,,True,2.0,11%->8%,10.912766821597518,8.26591058747087,0.8234379076126339,53.0,,,,1.9341248136058333,10.006497254700749,False,,False,,,,,,,,,,,,,,,,,,,False,False
BWEN,vcp,4.420000076293945,4.0,4.25,,,,,,False,3.0,25%->21%->10%,24.9122745083014,9.502264005526996,0.3181923710909387,38.0,,,,-3.8461555058724333,5.88235294117647,False,-300.0,False,39.450814589375,,,,-300.0,,-109.375,,,67.37603305785125,-7.549269775775014,81.856564656553,24.60637129256682,-28.640220806295325,-45.469538067408536,41.17633762065147,204.67630853994493,-7.549269775775014,True,False
BWMX,vcp,17.360000610351562,15.848999977111816,16.299999237060547,,,,,,False,3.0,18%->13%->9%,18.20349711504087,8.703920392368849,0.5265127508676626,60.0,,,,-6.1059984793949225,2.7668667549585804,False,,False,14.784146186296297,,,,,,,,,,,,,,,,,,False,False
CBLL,vcp,25.25,23.315000534057617,24.34000015258789,,,,,,False,2.0,10%->8%,9.509502469088666,7.663364221553991,0.6672029235933186,14.0,,,,-3.603959791731126,4.2111734268879735,False,-121.47239263803682,False,26.784156073981478,,,-121.47239263803682,,,,,,32.53927072031699,29.295788394905074,33.721808568037126,31.369584181448083,6.05042651166301,6.899612653324727,9.717118951702153,6.5569130619368865,29.295788394905074,True,False
CCSI,vcp,38.56999969482422,33.61000061035156,36.349998474121094,,,,,,False,2.0,19%->13%,18.74085014876668,12.859733273833154,0.5805599456393107,27.0,,,,-5.755771942619515,7.537821124587493,False,5.504587155963292,True,28.784144025740737,33.644859813084096,21.495327102803728,15.217391304347782,5.504587155963292,9.999999999999986,22.641509433962305,-7.826086956521761,7.47663551401867,4.445326228671842,1.7570699517062582,0.6147400233532441,0.12894177261004724,3.3637016425814625,1.4074251060973264,-0.7173033910941373,0.36392494756534166,0.12894177261004724,True,False
CDNL,vcp,31.80900001525879,28.399999618530273,28.719999313354492,,,,,,False,2.0,29%->11%,28.556154483401276,10.71709388881517,0.4715299803655037,17.0,,,,-9.711090258802546,1.114205092182653,False,,False,35.450818069259256,,,,,13.043478260869556,,,,,,,,35.47619695204398,57.86191785427075,29.717931623673554,,,False,False
CECO,vcp,75.08000183105469,68.23999786376953,75.44999694824219,,,,,,True,2.0,17%->9%,16.930113788014957,9.110287427371885,0.6998894033403941,20.0,,,,0.49280115631864857,9.555996522330718,True,-407.6923076923077,True,19.450799074004628,-407.6923076923077,-101.0204081632653,-35.71428571428565,-33.33333333333333,,-111.1111111111111,125.00000000000017,-84.61538461538461,53.708108807870936,16.537915188146933,35.397247833709635,45.81553061329908,38.38499604213308,-4.087212497787551,8.651359571657746,6.585001429411341,16.537915188146933,True,False
CEVA,vcp,29.309999465942383,26.8799991607666,36.16999816894531,,,,,,True,3.0,22%->12%->8%,21.936051532970822,8.290686965038644,0.4389853197761867,35.0,,,,23.40497723643464,25.684267289111666,False,-600.0,False,32.45078108358796,,-55.555555555555515,,-600.0,-362.4999999999998,,,,35.58585905758185,54.47582028123927,6.795874230577281,17.83718104495746,7.434132622853751,5.241841264896019,5.910497009692728,13.225610610376881,6.795874230577281,True,False
CGEM,vcp,15.779999732971191,14.489999771118164,16.25,,,,,,True,2.0,35%->8%,35.10054682850538,8.174904839558799,0.5507540151025773,10.0,,,,2.978455481509143,10.830770639272837,False,,False,37.78413170446759,,,,,,,,,,,,-100.0,,,,,-100.0,False,False
CGON,vcp,73.16000366210938,63.189998626708984,63.63999938964844,,,,,,False,2.0,18%->14%,18.132203417094555,13.627671591498295,0.7907238003530733,10.0,,,,-13.012580366219261,0.7071036569064603,False,,False,32.45079916961805,,,,,,,,,,1982.6923076923076,409.2105263157895,3774.418604651163,6.8328716528162525,-53.35917312661499,39.37575030012004,,409.2105263157895,False,False
CLDT,vcp,13.786958810576014,12.437047138481304,13.710000038146973,,,,,,False,2.0,12%->10%,12.175790293770362,9.791221477061267,0.6514018421736494,49.0,,,,-0.5581997704236684,9.284849716438943,False,-40.0,False,27.450786025185188,85.7142857142857,,,-40.0,,-360.0,66.66666666666667,-57.14285714285715,3.91820470959352,0.5026458076342166,2.37108764619538,1.2260774395835172,-13.841953726326894,0.8071323673955577,26.351854828105136,-5.305902210907886,0.5026458076342166,True,False
CLMT,vcp,55.58000183105469,51.33000183105469,56.209999084472656,,,,,,True,2.0,13%->8%,13.278772181012263,7.64663522847414,0.7109359161029913,11.0,,,,1.1334962804300683,8.681724484791905,True,,False,29.450771755138888,,,,,,,-111.91135734072022,,40.76563413208649,3.601972029379219,9.383886255924168,-2.035623409669207,40.34184713994367,-0.8569227806662805,-3.6549165120593696,5.006818624586007,-2.035623409669207,True,False
CLOV,vcp,4.690000057220459,4.110000133514404,4.599999904632568,,,,,,False,3.0,22%->16%->12%,22.254339057308567,12.366735962254833,0.7465452538460466,42.0,,,,-1.9189797759028058,10.652169158192699,False,,False,27.784104459270832,,,,,0.0,,,,55.597964909342146,62.04602330365041,44.73606894525513,50.051663816596474,-0.8038025117827363,53.61456776302165,-1.8006644518272386,3.9843390142791257,44.73606894525513,True,False
CNQ,vcp,51.84456626668263,46.58000183105469,48.099998474121094,,,,,,False,2.0,19%->10%,18.696740425365828,10.154515342162592,0.7411103536718056,86.0,,,,-7.222681299521143,3.160076281258511,False,,False,28.450796119074074,,,,,,,,,,,,,,,,,,False,False
COFS,vcp,34.702783123043154,31.899999618530273,33.02000045776367,,,,,,False,2.0,12%->8%,12.102087839908062,8.076538111007563,0.6652559553978713,57.0,,,,-4.849128841663683,3.3918862014130093,False,-7.777777777777784,False,22.45079571340278,-7.777777777777784,,81.01265822784806,14.117647058823524,-8.791208791208794,-36.36363636363635,47.4226804123711,7.777777777777772,1.0690635479972066,33.58020728239934,73.63178283284304,71.17947547159042,1.9122165576668904,-2.2746716320265703,-0.6168414384075449,2.1108898081473537,1.0690635479972066,True,False
CPAY,vcp,427.4599914550781,386.2300109863281,406.7900085449219,,,,,,False,2.0,12%->10%,11.831234755976244,9.645342556715713,0.38389098681388545,76.0,,,,-4.8355362661650325,5.054204165961787,False,-7.0351758793969825,True,27.784097505393518,-7.0351758793969825,49.117647058823536,9.037900874635518,0.2564102564102555,-27.02169625246549,35.56149732620322,-4.347826086956519,-1.7587939698492372,,,,,12.502473901539691,,,,,False,False
CRDO,vcp,231.58999633789062,206.05999755859375,220.8300018310547,,,,,,False,4.0,34%->16%->13%->11%,34.24282271735643,11.023791693510162,0.8461279925428491,27.0,,,,-4.646139590216611,6.688404723086803,False,97.05882352941175,False,53.78409921201389,97.05882352941175,313.63636363636357,412.5,,-26.373626373626347,10.975609756097526,86.36363636363636,29.411764705882337,114.14189837008628,151.11506967389744,192.38947716268444,248.83905562641536,11.418685912911354,7.368578813401072,51.85485044417166,17.879352960320883,114.14189837008628,True,False
CRSR,vcp,13.630000114440918,12.670000076293945,13.640000343322754,,,,,,True,2.0,23%->7%,23.11111126303056,7.043287087942556,0.7349922836762416,37.0,,,,0.07336925016780259,7.111438728838866,True,2199.9999999999723,False,28.784098183298614,,,2199.9999999999723,,-45.45454545454546,-52.17391304347826,,,-1.8046808616984045,-4.121162947937796,5.616708935431536,13.663424271611667,-11.333043733357407,-18.849046022135497,26.3452133397732,8.013132903483777,-4.121162947937796,True,False
CTRN,vcp,52.029998779296875,47.08000183105469,49.189998626708984,,,,,,False,2.0,32%->10%,32.290936954230126,9.513736429707217,0.6432312631066321,21.0,,,,-5.458389812067318,4.289483339218106,False,-123.91304347826086,False,54.45076383016204,-123.91304347826086,727.2727272727274,,,-112.08791208791209,-1.0869565217391242,,-286.95652173913044,,,,,5.539746442949656,,,,,False,False
CV,vcp,6.980000019073486,6.110000133514404,6.5,,,,,,False,2.0,15%->12%,14.905929894585174,12.464181707474614,0.5651156462585034,11.0,,,,-6.876791085413217,5.9999979459322414,False,,False,35.784096963564814,,,,,,-104.10958904109589,,,9.894419306184021,0.3233920229967602,32.097100472016194,24.44600773830461,30.479942693409747,-28.739152628892295,10.740531373657426,6.726998491704372,0.3233920229967602,True,False
CVU,vcp,5.349999904632568,4.940000057220459,5.179999828338623,,,,,,False,2.0,17%->8%,16.55518804009483,7.663548686367083,0.5504088914148589,36.0,,,,-3.177571576155396,4.633200368177213,False,-50.0,False,,,,-50.0,50.0,-44.44444444444444,124.99999999999996,-55.55555555555555,,15.827175088285816,12.722432776679993,-10.815211369165457,-0.776405455461382,1.2764560246175893,-10.577106238370737,0.7483690729334525,26.944890305807156,-10.815211369165457,True,False
DIBS,vcp,4.275000095367432,3.8299999237060547,4.119999885559082,,,,,,False,2.0,16%->10%,16.07929570941081,10.409360508403209,0.5321737014961684,15.0,,,,-3.625735821066163,7.038834221076064,False,,False,28.45073550115741,,,,,,,,,5.339959340411116,-0.6963850077622569,0.8695652173912993,3.690420009438422,4.149544398785054,-2.5252525252525304,4.533042053522673,-0.736390332053305,-0.6963850077622569,True,False
DRH,vcp,12.855589454258215,11.74546902647557,12.380000114440918,,,,,,False,2.0,13%->9%,13.05293895184913,8.635313314357086,0.767098774088747,45.0,,,,-3.699475169999036,5.12545300565212,False,-9.090909090909083,False,26.784058491180556,144.44444444444446,75.00000000000003,,-9.090909090909083,528.5714285714286,-41.666666666666664,19.999999999999996,-44.44444444444444,4.110297003794328,1.2983955456675078,-1.6187005242769281,0.08943320391823217,23.289252484873835,-5.9635600690624795,-3.801894990609145,-6.651838283396572,-1.6187005242769281,True,False
DSGN,vcp,12.944999694824219,11.779999732971191,11.970000267028809,,,,,,False,3.0,23%->11%->9%,22.888885982452877,8.999613667961906,0.6945967043969657,23.0,,,,-7.531861342455209,1.5873060135259218,False,,False,28.45072198234954,,,,,,,,,,,,,64.99999999999999,-35.483870967741936,-78.16901408450705,,,False,False
DVA,vcp,195.75,173.9499969482422,180.39999389648438,,,,,,False,2.0,31%->11%,30.744680555910925,11.136655454282407,0.6809424502619428,45.0,,,,-7.841637856202108,3.575386455912671,False,-18.399999999999995,True,20.784028066944444,55.81395348837208,43.50000000000001,4.545454545454541,-18.399999999999995,40.06968641114981,-10.869565217391298,57.843137254901954,-20.93023255813954,1.4005406250927166,4.13629230677639,0.5761470981307859,1.7011478637815935,-0.47224746140921425,1.7228558940625138,3.7535975154374457,-3.467319802930835,0.5761470981307859,True,False
EGBN,vcp,29.1299991607666,26.520000457763672,28.239999771118164,,,,,,False,2.0,14%->9%,14.387457392229871,8.959831027108905,0.5534274967375451,57.0,,,,-3.0552674743881307,6.090649175973377,False,-408.33333333333337,False,13.784027761041665,,700.0,-117.64705882352939,-408.33333333333337,-52.08333333333333,,,,,,,,,,,,,False,False
EXEL,vcp,59.720001220703125,54.54999923706055,58.33000183105469,,,,,,False,2.0,12%->9%,12.256364264666706,8.657069454061388,0.6340373032972816,43.0,,,,-2.3275273965777594,6.480374550548497,False,26.15384615384615,True,19.784028570590277,26.15384615384615,43.636363636363626,89.36170212765953,72.49999999999999,3.797468354430378,-11.235955056179737,28.985507246376784,6.153846153846132,10.63402204268813,9.96764767835636,5.62994592019479,10.789336140652628,2.926923505104684,2.0293554136467495,0.15190169885654914,5.190220690844516,5.62994592019479,True,False
EXFY,vcp,2.4000000953674316,2.2130000591278076,2.2300000190734863,,,,,,False,2.0,14%->8%,14.405011747714717,7.791667867037938,0.5760775312420301,9.0,,,,-7.083336230781229,0.762330035886807,False,,False,28.78402716003472,,,,,,,,,-5.307012638407338,-5.835227587736325,-4.8805534536806805,-0.971504419780278,-0.3032176396125852,-3.4916756633899704,0.37929559389704437,-1.9544793647243042,-5.835227587736325,True,False
FGI,vcp,8.229999542236328,7.5,7.670000076293945,,,,,,False,2.0,24%->9%,23.95240627374627,8.869982780557557,0.24434142350695393,12.0,,,,-6.804368129894389,2.216428612815443,False,-1241.6666666666672,False,35.784027239363425,,,-1241.6666666666672,,,,,,2.8623929214091293,-8.162842549749572,-14.399566381545249,-0.6934174320141762,4.537789338608711,0.10659036437152825,-15.007109988794342,15.647978305879096,-14.399566381545249,True,False
FIRY,vcp,12.949999809265137,12.020000457763672,12.479999542236328,,,,,,False,2.0,17%->7%,16.52892703586165,7.181462279529089,0.4850721962870481,9.0,,,,-3.629345744797191,3.685890235138804,False,,False,35.784010761307876,,,,,,,,,22.91584040612358,32.91775129013106,68.87625907377188,11.439504966617807,6.483422092423985,-3.018893072540063,9.633228611090816,8.566669310700403,11.439504966617807,True,False
FIX,vcp,1695.5699462890625,1545.2099609375,1817.9599609375,,,,,,True,2.0,20%->9%,20.065295986655666,8.867813780295029,0.8340248504778089,35.0,,,,7.218222693572815,15.00308069817699,False,91.88361408882082,True,14.784010399305556,91.88361408882082,121.26315789473682,129.1666666666666,101.71149144254281,19.219790675547088,12.406417112299483,13.333333333333307,26.339969372128635,-4.337759647837336,-2.865961444390097,1.0158179590843641,14.326574422345306,-4.177629367017621,-2.1198741350989203,-3.9502708926275276,6.18984161535483,-4.337759647837336,True,False
FLNG,vcp,32.974998474121094,30.56999969482422,31.1299991607666,,,,,,False,2.0,9%->7%,8.65905074493331,7.293400729599206,0.742583667096599,33.0,,,,-5.595146015859424,1.7989061388994667,False,,False,50.45067002141204,,,,,,,,,,,,,,,,,,False,False
FMAO,vcp,35.709999084472656,32.65999984741211,35.34000015258789,,,,,,False,2.0,13%->9%,12.548688074188115,8.541023005477312,0.654179780455976,48.0,,,,-1.0361213704025205,7.583475646871294,False,18.032786885245965,True,18.78400071642361,53.571428571428555,37.254901960784295,18.032786885245965,33.33333333333335,22.857142857142865,-2.7777777777778123,12.500000000000021,14.28571428571428,,,,,,,,,,False,False
FMX,vcp,125.0,113.29000091552734,116.9800033569336,,,,,,False,2.0,18%->9%,18.4703503621576,9.367999267578126,0.7223723364230256,49.0,,,,-6.415997314453124,3.154387361528091,False,,False,20.450666731793984,,,,,,,,,,,,,,,,,,False,False
FN,vcp,428.5,373.70001220703125,489.1600036621094,,,,,,True,3.0,31%->16%->13%,31.406593666832407,12.78879528424008,0.41604842056254493,35.0,,,,14.15636024786683,23.603726917712777,False,24.882629107981224,True,25.783995998368056,58.92116182572613,53.33333333333334,30.672268907563026,24.882629107981224,11.014492753623184,10.932475884244376,16.917293233082688,10.373443983402497,44.64104334214218,39.28589044034232,35.901766777670076,21.62322127555867,8.358361614536204,7.185617642697251,15.822060098473823,7.5229858017878515,21.62322127555867,True,True
FNKO,vcp,5.679999828338623,5.28000020980835,6.110000133514404,,,,,,True,2.0,29%->7%,29.047616050974735,7.042247017941754,0.6760249892505754,26.0,,,,7.570428136818352,13.584286506858845,False,-75.0,False,28.783973004664354,,,,-75.0,,,-100.0,,7.365521091234251,5.337136086484673,-7.024502177176917,-14.298157225078134,3.384448459329392,-26.42916776518147,8.844383332336946,29.687443466395138,-14.298157225078134,True,False
FNRN,vcp,18.0,16.530000686645508,17.649999618530273,,,,,,False,2.0,17%->8%,17.246751661424515,8.166662851969402,0.7842652302556711,48.0,,,,-1.9444465637207031,6.3456031506590405,False,-12.121212121212132,True,20.78398297886574,-12.121212121212132,63.636363636363626,-8.108108108108091,11.764705882352944,-19.444444444444443,5.882352941176472,-10.526315789473696,15.151515151515138,,,,,,,,,,False,False
FRST,vcp,16.8799991607666,14.84000015258789,15.479999542236328,,,,,,False,2.0,18%->12%,17.650563466325877,12.085302782005973,0.5781905944452508,70.0,,,,-8.29383701501732,4.134363104483526,False,-67.3913043478261,False,14.783971827858798,280.0,-67.3913043478261,,460.00000000000006,26.666666666666682,-74.78991596638656,325.0,180.00000000000003,,,,,,,,,,False,False
FSLY,vcp,27.260000228881836,25.010000228881836,25.510000228881836,,,,,,False,2.0,23%->8%,22.949251680710205,8.253851728204081,0.19753840544832074,9.0,,,,-6.419662455269841,1.9600156625397107,False,,False,27.783968428958335,,,,,,,,,23.27229690200323,19.75926464277309,22.78647593168255,15.317843243006868,5.950722744637926,0.2369476050332553,9.094126644040369,6.39772979443074,15.317843243006868,True,False
FTK,vcp,31.760000228881836,28.959999084472656,29.969999313354492,,,,,,False,2.0,13%->9%,13.13891096551437,8.816124446570127,0.790340553494833,10.0,,,,-5.636022993159669,3.3700375442844424,False,-40.00000000000002,True,26.783965394375,420.0,-29.41176470588236,-40.00000000000002,562.5,116.6666666666667,33.33333333333337,-83.01886792452831,960.0,70.29477292202229,26.532639716773243,33.02401639182773,12.643239113827342,41.849509642974404,3.7500555399220925,20.502935874783603,-3.974293059125966,12.643239113827342,True,False
GAIN,vcp,16.851238686716762,15.380000114440918,15.399999618530273,,,,,,False,2.0,14%->9%,13.7557560554631,8.730744366202407,0.6427509523371192,99.0,,,,-8.612061671943733,0.12986691288804172,False,-89.28571428571429,False,26.783967856192127,26.66666666666666,-89.28571428571429,,36.00000000000001,533.3333333333333,-85.0,-41.17647058823529,126.66666666666674,,,,,,,,,,False,False
GEV,vcp,983.3400268554688,868.25,1029.2099609375,,,,,,True,2.0,21%->12%,20.52089074493127,11.703990858940665,0.8266431702338861,35.0,,,,4.6647073066591656,15.639176363089483,False,32.79569892473118,False,20.450634926180555,32.79569892473118,1816.4835164835165,658.8571428571431,,-85.83715596330275,31.32530120481927,709.7560975609758,-11.827956989247323,21.8746570080123,16.272410358565747,3.7696533434362633,11.847862672500842,18.89923974729628,-14.759036144578308,9.900692145651524,9.417188014487987,3.7696533434362633,True,False
GILD,vcp,154.1999969482422,142.60000610351562,144.22999572753906,,,,,,False,2.0,9%->8%,9.245433757718075,7.522692006680224,0.8485217871294611,56.0,,,,-6.465629972774639,1.1301322001718743,False,-641.6666666666666,True,21.783958232789352,-641.6666666666666,54.807692307692314,22.377622377622398,143.00000000000003,-624.8447204968944,-7.9999999999999964,-27.98353909465021,55.769230769230774,10.180739903981916,4.394780260986941,4.703395428722423,2.96885354539429,12.112068965517242,-12.176656151419563,2.0079804350624286,9.700649534029937,2.96885354539429,True,False
GLW,vcp,160.7100067138672,149.25999450683594,168.97000122070312,,,,,,True,2.0,17%->7%,16.90017304873896,7.1246417327436165,0.6929735454920666,19.0,,,,5.13968898124824,11.66479645586474,False,18.518518518518512,False,19.450609009108796,18.518518518518512,138.88888888888889,69.44444444444449,,48.837209302325576,-29.508196721311485,22.00000000000002,-7.407407407407418,20.464557468962763,15.663157894736845,,,9.501274117218795,9.879999999999999,-4.104334484081318,4.405286343612325,15.663157894736845,False,False
GPRE,vcp,16.030000686645508,14.329999923706055,15.15999984741211,,,,,,False,2.0,19%->11%,18.998791514024134,10.60511971378587,0.7141501224555705,31.0,,,,-5.427328770847718,5.474933588787206,False,-75.36231884057972,False,27.450604590254628,,,,-75.36231884057972,97.61904761904762,61.53846153846152,52.941176470588225,,-30.69845442596202,19.115103498298282,2.3666917238536422,14.537027553006254,7.428919387324928,1.1441430771052863,-5.62051465492186,-32.422305821208965,-30.69845442596202,True,False
GPRK,vcp,11.510000228881836,10.260000228881836,11.4399995803833,,,,,,False,2.0,20%->11%,19.801982930755184,10.860121417403604,0.67403825717322,22.0,,,,-0.6081724335928664,10.314680024332034,False,,False,27.783936575324073,,,,,,,,,,,,,,,,,,False,False
GSL,vcp,46.56999969482422,43.25,45.5,,,,,,False,2.0,10%->7%,10.22599781246303,7.129052429848315,0.7664940777709242,46.0,,,,-2.2976158510542968,4.945054945054945,False,,False,32.45060343479167,,,,,,,,,,,,,,,,,,False,False
HAFC,vcp,32.70000076293945,30.170000076293945,31.68000030517578,,,,,,False,2.0,10%->8%,10.477608469657644,7.737004977421543,0.8364674892555108,66.0,,,,-3.119267382157646,4.766414817979458,False,20.68965517241377,True,12.783936506643519,58.00000000000001,29.31034482758621,20.68965517241377,48.979591836734706,5.3333333333333455,7.142857142857184,-4.109589041095929,46.0,5.394402646763896,7.292302946166895,9.553372235376,10.873724088454818,0.9390778290222723,-1.3591241704010493,0.05959644691659882,5.7894958058879675,5.394402646763896,True,False
HESM,vcp,41.31999969482422,36.959999084472656,38.689998626708984,,,,,,False,2.0,13%->11%,12.728159958402433,10.551792455355947,0.8173124101539971,95.0,,,,-6.364959069553601,4.471438624042888,False,,False,25.45060418946759,,,,,,,,,-3.8210399032648112,2.020997375328082,2.0506329113924027,11.1228813559322,2.315410342166202,-3.572314562143386,-3.9323164918970477,1.475211608222482,-3.8210399032648112,True,False
HLF,vcp,13.170000076293945,11.510000228881836,12.579999923706055,,,,,,False,2.0,20%->13%,19.923078096829926,12.604402716748012,0.7472371267680437,28.0,,,,-4.479879644419238,8.50556201362041,False,-152.08333333333334,True,25.783936646724538,-152.08333333333334,16.326530612244895,-53.714285714285694,-8.695652173913048,-143.859649122807,-29.62962962962966,92.85714285714293,-12.5,5.376856484790715,7.816976344438076,6.261388106675492,2.6928968797871544,0.728818706346801,2.6656274356975818,0.7301562377325821,1.1595584147406912,2.6928968797871544,True,False
HLT,vcp,335.6471570705618,300.0,322.6099853515625,,,,,,False,2.0,13%->11%,13.282120819718783,10.620425741627185,0.6804611043139083,76.0,,,,-3.8841895259248456,7.00845800756086,False,-38.04878048780485,True,19.450599226122684,14.130434782608692,34.959349593495936,-38.04878048780485,28.98550724637683,26.50602409638556,30.70866141732278,-28.651685393258397,-3.2608695652173947,6.503028371055142,8.979591836734691,10.923463887890762,8.824555284269264,13.75553285665645,-4.85908649173955,-1.057692307692304,-0.5419190309212674,6.503028371055142,True,False
HTFL,vcp,51.189998626708984,47.33000183105469,50.689998626708984,,,,,,False,3.0,12%->10%->8%,12.298659750339121,7.540529203375086,0.7591234306799262,23.0,,,,-0.9767532983271445,6.628520194679758,False,,False,34.78392749631944,,,,,,-106.98689956331877,,,47.57277081798084,41.34390538906061,49.17410578733224,49.01783989180137,21.859014585353798,7.038612632050323,6.165182816146597,6.567796610169485,41.34390538906061,True,False
IMMX,vcp,10.329999923706055,9.515000343322754,9.640000343322754,,,,,,False,3.0,22%->16%->8%,21.937984553432745,7.889637816095031,0.6894993216404859,10.0,,,,-6.679570043363101,1.2966804517448232,False,,False,29.783894877650464,,,,,,,,,,,,,,,,,,False,False
INGM,vcp,28.0049991607666,25.989999771118164,28.170000076293945,,,,,,True,2.0,13%->7%,13.228582865390035,7.195141760515873,0.4845666926377916,20.0,,,,0.5891837902944863,7.738730206856935,True,19.999999999999996,True,33.783895788263884,200.0,44.827586206896555,44.44444444444442,19.999999999999996,14.28571428571428,-19.23076923076922,23.809523809523792,162.5,13.57760648856381,13.697251890607177,11.488024806907937,7.150842481799136,4.068529492377015,-6.148312216618834,18.041877202468637,-1.4866472887666626,7.150842481799136,True,False
INNV,vcp,9.260000228881836,8.600000381469727,9.0,,,,,,False,2.0,27%->7%,26.573427214681516,7.12742798162766,0.657949974530572,17.0,,,,-2.8077777802952766,4.444440205891928,False,,False,26.783894310821758,,,,,,-375.0,33.33333333333335,,18.307168406980523,15.494952828891261,14.693371738620753,15.093447465657928,3.97232707398103,5.104126687469757,1.5260159674721052,6.634118582216275,14.693371738620753,True,False
INVX,vcp,29.049999237060547,26.6299991607666,27.6200008392334,,,,,,False,2.0,14%->8%,14.448667753823175,8.330465197419452,0.5105822916514017,22.0,,,,-4.922541946241525,3.584365128115886,False,-214.28571428571428,False,26.783892008726852,63.636363636363626,-214.28571428571428,,-71.35678391959799,,-220.00000000000003,-64.91228070175438,159.0909090909091,9.214481300783994,-0.5756712351558724,9.14088085939837,58.08506293761568,2.4536566386786696,-12.635507050387062,14.000833333333329,7.031047923151701,-0.5756712351558724,True,False
IRDM,vcp,50.80444194362045,45.81071216488614,49.040000915527344,,,,,,False,2.0,23%->10%,22.682756869318368,9.829317255912459,0.4380509307468205,66.0,,,,-3.473005431397464,6.585009564342659,False,-55.00000000000001,True,14.450529961527778,-55.00000000000001,-25.92592592592593,-19.999999999999986,66.66666666666666,-55.00000000000001,-16.666666666666664,-31.428571428571427,74.99999999999997,3.840834278443195,1.944824505067988,-0.023944673718612197,6.656922230943119,2.821183527575011,2.8726401803324864,-6.166964108665473,4.62366186274239,-0.023944673718612197,True,False
ISTR,vcp,31.14136232629932,28.34000015258789,29.299999237060547,,,,,,False,2.0,12%->9%,12.06839981835868,8.995631418942898,0.32748347073708267,117.0,,,,-5.912917585123485,3.276447472593743,False,-18.032786885245955,True,11.450532219421296,32.6086956521739,22.222222222222232,-18.032786885245955,0.0,-20.779220779220786,54.00000000000007,-7.407407407407451,17.391304347826097,,,,,,,,,,False,False
KDP,vcp,32.93121622142098,30.059999465942383,31.1299991607666,,,,,,False,2.0,14%->9%,13.518407456227296,8.718829988462256,0.7331826077488058,42.0,,,,-5.46963418703841,3.4371979558957015,False,-90.0,False,26.45052602318287,-90.0,-47.36842105263158,,8.888888888888879,-80.0,-23.076923076923073,-46.93877551020408,22.499999999999986,75.57050204179679,9.381017881705645,10.540540540540544,10.665638653302501,83.82796780684106,-11.624805512336078,4.482117974918709,3.435022820081679,9.381017881705645,True,False
KEX,vcp,143.57000732421875,127.62000274658203,138.5,,,,,,False,3.0,18%->15%->11%,18.460270251545037,11.109565900917886,0.7340461051053947,109.0,,,,-3.5313833430190913,7.8555936847783165,False,0.0,True,20.450524734456017,0.0,12.781954887218049,127.02702702702693,6.451612903225801,11.333333333333329,-10.714285714285698,1.8181818181818077,-1.19760479041916,7.825543132017465,7.43834157057961,6.164661012195949,4.81405861042965,9.276163104090873,-0.9011769540078096,-2.2253062292733494,1.835982021263538,4.81405861042965,True,False
KEYS,vcp,339.17999267578125,311.43499755859375,388.0299987792969,,,,,,True,2.0,16%->8%,16.254472672896224,8.180021144026812,0.45685005797209854,35.0,,,,14.402384326427784,19.739453511755084,False,35.570469798657726,False,47.783857714884256,109.09090909090904,35.570469798657726,68.04123711340206,,13.861386138613852,23.926380368098176,20.740740740740726,22.72727272727273,41.34762633996938,32.28043143297381,31.470829909613805,,7.513104251601632,7.312500000000011,18.343195266272193,3.522205206738138,31.470829909613805,False,False
KF,vcp,69.9000015258789,64.69509887695312,66.0199966430664,,,,,,False,2.0,11%->7%,11.067877752887659,7.446212496860652,0.6350637730820483,21.0,,,,-5.550793702595293,2.0068128347177456,False,,False,,,,,,,,,,,,,,,,,,,False,False
KLIC,vcp,86.3169900030361,78.10819124465867,97.91999816894531,,,,,,True,2.0,27%->10%,26.878808402826003,9.510061412114453,0.7954908220271348,35.0,,,,13.442322496997514,20.23264633860035,False,-78.80794701986756,False,41.78385206172454,,,-78.80794701986756,-31.428571428571452,62.12121212121213,106.25,122.2222222222221,,122.6280716648811,49.778993246329925,20.166261346945657,-2.074244839206041,36.18318282424027,21.5383844708829,12.42805167888803,19.63776758100706,-2.074244839206041,True,False
KRYS,vcp,373.30999755859375,319.6099853515625,326.80999755859375,,,,,,False,2.0,20%->14%,19.506778045075375,14.384830987175112,0.5038999716808982,48.0,,,,-12.456135732797106,2.2031187114281474,False,10.457516339869244,True,25.450473281817132,38.759689922480625,52.500000000000014,10.457516339869244,192.30769230769232,-2.1857923497267784,8.284023668639096,-36.46616541353386,106.20155038759691,24.135274150892315,31.949468718460473,17.51700680272108,16.64937202561991,2.4622498001839244,8.638252182437789,9.51431492842536,1.8304491784844057,16.64937202561991,True,False
LASR,vcp,41.650001525878906,38.244998931884766,40.029998779296875,,,,,,False,3.0,29%->12%->8%,28.532108691854212,8.175276036613033,0.5139174165905143,34.0,,,,-3.889562274266557,4.459155388071843,False,,False,28.783805458854168,,,,,-300.0,,,,33.78310520774277,55.18502748316172,71.34505392456892,18.908229257603026,3.005699604644496,-1.236681653014715,21.640046747175703,8.110472179476801,18.908229257603026,True,False
LEA,vcp,134.92999267578125,116.44000244140625,122.0,,,,,,False,2.0,21%->14%,20.806667262976354,13.703395270170937,0.5681024108201548,48.0,,,,-9.5827417013579,4.557375048027664,False,-16.182572614107894,True,22.450472656539354,23.8562091503268,124.16107382550337,-3.658536585365879,-16.182572614107894,13.473053892215582,111.39240506329111,-21.78217821782178,-33.98692810457516,2.968293977182279,4.72096829307771,4.794736289504087,1.7083303488288903,6.63941746238923,-2.7685936612897866,5.436811155322374,-5.813876359777126,1.7083303488288903,True,False
LPTH,vcp,10.380000114440918,9.550000190734863,10.869999885559082,,,,,,True,3.0,36%->21%->8%,36.22775860134466,7.99614561228509,0.45458180965950307,27.0,,,,4.7206143132548135,12.143511579773365,False,,False,35.783786139699075,,,,,,,,,,,,,17.112411638897406,78.36297222825492,23.472567516369747,,,False,False
MATX,vcp,240.8699951171875,218.10000610351562,224.77999877929688,,,,,,False,2.0,11%->9%,11.41075213947984,9.453227664406217,0.7085436364873138,44.0,,,,-6.679950456287657,2.971791401396032,False,-28.01358234295416,True,27.78378431601852,46.23287671232876,-15.13761467889908,21.138211382113848,-28.01358234295416,130.81081081081075,-58.61297539149888,5.4245283018868,45.205479452054796,16.72486453943407,-3.0946291560102313,-4.3131528698191595,-8.513513513513516,27.922934811295864,-11.045897405798799,-3.2041813430292,5.972305839855507,-8.513513513513516,True,False
MBX,vcp,61.119998931884766,55.34000015258789,56.91999816894531,,,,,,False,2.0,20%->9%,19.50769277719351,9.45680445076316,0.7725047630967777,13.0,,,,-6.8717291170442385,2.775822324638522,False,-102.31854838709677,False,28.450461135567128,,,-102.31854838709677,,,,,,,,,,,,,,,False,False
MGA,vcp,69.2300033569336,61.720001220703125,65.66000366210938,,,,,,False,2.0,14%->11%,14.01256755692245,10.847900869671587,0.7922113048756624,31.0,,,,-5.156723272737892,6.00061258248135,False,,False,22.45042255574074,,,,,,,,,,,,,,,,,,False,False
MGTX,vcp,11.600000381469727,10.524999618530273,10.600000381469727,,,,,,False,2.0,21%->9%,21.38084675091238,9.26724765161818,0.7570741658166983,11.0,,,,-8.620689371678274,0.7075543418900708,False,,False,35.45042256552084,,,,,,-400.0,,,5.959302325581395,-67.09731387675436,-40.81306586188532,-125.13069099895446,44.152542372881356,6.178764247150559,,-209.80066445182723,-125.13069099895446,True,False
MLI,vcp,64.48027897345447,57.81999969482422,63.130001068115234,,,,,,False,3.0,23%->16%->10%,23.185332562774917,10.329172554250562,0.6570228924631354,77.0,,,,-2.0940943910852625,8.411216986297363,False,1.8018018018017834,True,12.450422844155094,1.8018018018017834,55.395683453237424,104.95867768595045,27.027027027027017,-47.6851851851852,-12.903225806451623,31.914893617021313,69.36936936936935,25.457465604965158,19.280818664920286,4.206549609327626,8.01668819669863,19.691283775005132,23.96338263792557,-10.710375719969123,-5.3022695143884135,4.206549609327626,True,False
MOD,vcp,190.1699981689453,176.5,189.91000366210938,,,,,,False,2.0,14%->7%,14.317539176424276,7.188304306971181,0.5541900696472702,7.0,,,,-0.13671688980349084,7.061241326691062,False,-218.42105263157893,True,19.783755881273148,44.2105263157895,50.0,-218.42105263157893,-3.488372093023262,-0.7246376811594013,,-208.43373493975906,-12.631578947368416,28.01698886936146,47.46600741656366,30.512321660181584,12.294832826747726,-8.413663034367147,18.55900621118012,8.94573013939639,8.216168717047445,12.294832826747726,True,False
MPTI,vcp,81.25,72.48999786376953,76.37000274658203,,,,,,False,2.0,20%->11%,20.38576607503126,10.781541090745192,0.8279432155827006,36.0,,,,-6.0061504657451925,5.08053521444472,False,-22.222222222222232,True,34.783756591087965,-18.867924528301895,19.64285714285714,32.35294117647063,-22.222222222222232,-35.820895522388064,-25.555555555555543,42.85714285714284,18.867924528301884,13.755458515283836,15.34715677034244,11.15189379148771,7.234751021643704,2.880294157701213,3.1827443265650235,0.4446012702893354,6.685740099382631,7.234751021643704,True,False
MRNA,vcp,201.0,183.27999877929688,187.4600067138672,,,,,,False,2.0,12%->9%,11.643201898052155,8.815921005324938,0.7582809174885196,5.0,,,,-6.736315067727768,2.229813178738727,False,-1800.0,False,28.450421603900462,,,,-1800.0,,,,,2.1126760563380254,260.18518518518516,-29.81366459627329,-45.43501611170784,-62.724935732647815,-42.62536873156342,-33.26771653543307,615.4929577464789,-45.43501611170784,True,False
MRVL,vcp,267.4800109863281,248.13999938964844,287.010009765625,,,,,,True,3.0,21%->12%->7%,21.201889117151417,7.230451174786376,0.43175732143697915,27.0,,,,7.30147972825346,13.54308527696235,False,-80.0,False,54.78375249846064,50.0,-80.0,95.65217391304337,,725.0,-91.11111111111111,-79.54545454545456,900.0,36.54852699267235,27.568195008705754,22.080994827775946,36.83134357891959,13.297212341798325,8.973723351512142,6.951072547601833,3.409600717810668,22.080994827775946,True,False
MSGM,vcp,5.079999923706055,4.714000225067139,5.199999809265137,,,,,,True,3.0,18%->13%->7%,18.234161272732365,7.204718585348033,0.6288039631988677,17.0,,,,2.3622025071121953,9.3461461927761,True,-90.2439024390244,False,28.783745611423612,-90.2439024390244,-81.81818181818183,,,33.33333333333335,-57.14285714285712,-7.771561172376096e-14,-82.92682926829268,36.58103895302178,129.25201867778097,94.93030544216894,71.94181079189283,-12.187838678894025,4.774472935894636,24.11498900974123,19.60684301500093,36.58103895302178,True,False
MTC,vcp,5.590000152587891,4.940000057220459,5.010000228881836,,,,,,False,2.0,36%->12%,35.98666508992513,11.627908365378383,0.23565245270920168,12.0,,,,-10.375669192737744,1.3972089513656578,False,,False,,,,,,,,,,,,,,,,,,,False,False
MXL,vcp,94.95999908447266,88.25,109.30000305175781,,,,,,True,2.0,11%->7%,10.600711336763151,7.066132212684319,0.6488012565064448,7.0,,,,15.101099521419389,19.258922656927847,False,,False,14.78370873107639,,,,,,,,,55.171716614742714,43.00397152179125,48.03129102607224,55.92587112524969,23.077091290783457,0.5511741769034462,7.889513597292397,16.21681232940917,43.00397152179125,True,False
NECB,vcp,27.65999984741211,25.6299991607666,26.780000686645508,,,,,,False,2.0,10%->7%,10.211862940192102,7.339120382661305,0.48988991661756975,70.0,,,,-3.1814864989919185,4.294255027604918,False,-12.195121951219512,True,14.742044504305555,-12.195121951219512,-5.128205128205132,5.405405405405417,-8.42105263157894,-2.7027027027027084,-5.128205128205154,-10.344827586206872,6.0975609756097615,,,,,,,,,,False,False
NERV,vcp,3.559999942779541,3.2799999713897705,3.430000066757202,,,,,,False,4.0,29%->16%->9%->8%,28.54166811539061,7.8651678620858325,0.4102599621369534,21.0,,,,-3.651681969433934,4.37318053784311,False,-112.12121212121211,False,,,,,-112.12121212121211,,,,,,,,,,,,,,False,False
NEXA,vcp,13.354999542236328,11.6899995803833,12.449999809265137,,,,,,False,2.0,19%->12%,19.194857540218376,12.467240875503759,0.6241216042505784,19.0,,,,-6.7764864394719915,6.104419602611183,False,,False,21.78370986675926,,,,,,,,,,,,,,,,,,False,False
NRIX,vcp,23.985000610351562,22.100000381469727,22.600000381469727,,,,,,False,2.0,15%->8%,14.952563480144645,7.859079345064926,0.6024118271756749,13.0,,,,-5.774443167135425,2.2123893431876303,False,,False,0.7837097764583334,,,,,,,,,-79.47385146177592,-66.11933019021296,2.2056609454983445,-37.28948204639339,44.641714651311574,-53.95153568535023,71.99138586268052,-82.08189576902126,-79.47385146177592,True,False
NXG,vcp,62.09023689079536,53.54999923706055,56.70000076293945,,,,,,False,2.0,17%->14%,17.12185839061321,13.754558013291895,0.5040117143968962,68.0,,,,-8.681294190157919,5.555558171945963,False,,False,,,,,,,,,,,,,,,,,,,False,False
ODC,vcp,95.06999969482422,84.33999633789062,88.12999725341797,,,,,,False,2.0,17%->11%,16.95541288758438,11.286424099481462,0.6411250171423801,49.0,,,,-7.299886887223874,4.300466394693273,False,-17.567567567567565,True,0.7836681494328703,-17.567567567567565,110.00000000000001,283.33333333333337,37.83783783783781,-3.1746031746031744,36.95652173913042,-9.80392156862745,-31.081081081081074,9.374810607700358,0.7039362266281213,-5.829848763140411,10.122952982357392,7.2976209687693805,-2.281592882160588,-3.7743986199405777,8.407719413684722,-5.829848763140411,True,False
OFG,vcp,54.09226217658783,48.97999954223633,50.84000015258789,,,,,,False,2.0,13%->9%,13.049513074339874,9.451005427841373,0.7153973158092624,156.0,,,,-6.012434853219323,3.6585377749195063,False,15.454545454545432,True,13.450333986898148,20.869565217391294,26.0,15.454545454545432,15.999999999999993,10.317460317460302,-0.7874015748031815,9.482758620689701,0.8695652173912993,14.074154536896222,18.77990733473429,23.11709232473067,20.91033233374735,0.7311172452013848,2.3071974529238037,4.101612381455055,6.331016004055323,14.074154536896222,True,False
OSPN,vcp,16.8700008392334,15.0600004196167,18.3799991607666,,,,,,True,2.0,16%->11%,15.96319975420006,10.729106873588922,0.4437070772789706,43.0,,,,8.950789842413666,18.0631060540888,False,-19.047619047619037,True,21.78363340545139,-14.28571428571429,-18.918918918918926,54.794520547945204,-19.047619047619037,-40.0,-73.45132743362832,564.705882352941,-19.047619047619037,1.0410574336179756,4.073162263674535,2.8527055746280894,1.4473169517442486,-8.31121961575204,4.819200508622745,10.268858665171066,-4.657186304162564,1.0410574336179756,True,False
OVID,vcp,2.6050000190734863,2.2699999809265137,2.369999885559082,,,,,,False,2.0,17%->13%,17.398949701222556,12.859886207068868,0.7542862057761043,10.0,,,,-9.021118303023513,4.219405462501887,False,,False,34.45029846805556,,,,,-266.6666666666667,,,,-88.31313775510205,-100.0,844.7368421052632,-23.699421965317924,,-100.0,443.93939393939394,-97.8954081632653,-100.0,True,False
P,vcp,103.5,92.2699966430664,147.1999969482422,,,,,,True,2.0,20%->11%,20.45696621958549,10.850244789307819,0.5512092357964917,27.0,,,,42.222219273663946,37.31657706792618,False,-15.789473684210531,False,54.783632272326386,49.99999999999998,,123.07692307692308,-15.789473684210531,199.99999999999994,-75.86206896551724,81.25000000000003,14.28571428571428,37.73463940850312,35.24936254391542,20.351494927498347,16.049271302606762,12.632016837370452,-0.5672851998719475,9.793115890561799,12.015186956592427,16.049271302606762,True,False
PACS,vcp,45.849998474121094,40.61000061035156,42.810001373291016,,,,,,False,3.0,18%->16%->11%,18.479164441426597,11.428567149739644,0.7010114014510938,50.0,,,,-6.6303101461299505,5.1389878354734755,False,51.61290322580645,True,32.783633692222224,51.61290322580645,194.1176470588235,90.90909090909089,219.99999999999997,-6.000000000000005,19.04761904761907,31.24999999999998,3.2258064516129004,9.062397574722226,11.196216087111432,12.420872908954061,31.244117796375193,0.5308603980819226,4.5843132258047925,0.997915646930525,2.7062047657502752,9.062397574722226,True,False
PANL,vcp,8.65999984741211,7.889999866485596,8.40999984741211,,,,,,False,3.0,19%->15%->9%,19.158297599384255,8.891454901775948,0.5627174282650205,78.0,,,,-2.886836078579241,6.183115224271091,False,-5.263157894736848,False,28.78363251872685,,,-5.263157894736848,72.72727272727273,-23.809523809523803,16.666666666666675,-5.263157894736848,,19.420635781707716,38.90653246689793,24.940001098150134,10.158875027476078,9.695743932465707,-7.233062784671807,9.017816535205903,7.646249577187936,10.158875027476078,True,False
PDEX,vcp,74.19999694824219,63.45000076293945,64.91999816894531,,,,,,False,2.0,25%->14%,24.623375434380073,14.487866074713368,0.4629507409851803,21.0,,,,-12.506737413709178,2.2643213916617717,False,8.196721311475418,True,21.783625150150463,160.60606060606065,22.44897959183674,8.196721311475418,86.66666666666664,-28.3333333333333,81.81818181818181,-52.85714285714285,324.24242424242414,16.645707099577002,14.557252785115416,11.135592211040324,24.220687805859086,2.2908416461977943,6.89063923270643,0.7177549919050286,5.9220304104264265,11.135592211040324,True,False
PEB,vcp,18.77995899052324,17.40069479115968,18.979999542236328,,,,,,True,2.0,11%->7%,11.150712063797407,7.344340847919673,0.8028305473816463,45.0,,,,1.0651809826317078,8.320889300140447,True,-254.16666666666669,False,21.783608263043984,183.33333333333334,,,-254.16666666666669,,,,-716.6666666666667,-0.09692371490196416,7.927785028694889,3.382109004739342,-1.435493041307201,17.78820561483092,-0.9632741004761969,-12.466047857785977,-2.1627484130275265,-1.435493041307201,True,False
PEBK,vcp,45.47133841915521,41.90999984741211,43.779998779296875,,,,,,False,2.0,10%->8%,9.579127002545775,7.832051343891945,0.6427726286728456,71.0,,,,-3.719573029206993,4.271354463283059,False,-6.94444444444443,True,11.450273451828703,1.0526315789473717,1.2658227848101333,86.15384615384617,-6.94444444444443,19.999999999999996,-33.88429752066116,80.59701492537312,-29.473684210526308,,,,,,,,,,False,False
PEO,vcp,29.75,27.25,28.1299991607666,,,,,,False,2.0,13%->8%,12.673482833521286,8.403361344537815,0.6866254788252819,96.0,,,,-5.445380972213104,3.128329850766408,False,,False,,,,,,,,,,,,,,,,,,,False,False
PESI,vcp,16.31999969482422,15.010000228881836,15.470000267028809,,,,,,False,2.0,21%->8%,20.563672295203418,8.026957662001921,0.7741236586612161,13.0,,,,-5.208329924570905,2.97349728640516,False,,False,33.783603294826385,,,,,,,,,-11.661867544220483,-20.066096702349313,6.890219017820698,3.818700927908636,15.809814848103532,-29.201399936366524,-9.963332187464191,19.66269025092555,-20.066096702349313,True,False
PFAI,vcp,2.687999963760376,2.3399999141693115,2.3399999141693115,,,,,,False,2.0,28%->13%,28.333330154418945,12.946430590878059,0.21052631578947367,9.0,,,,-12.946430590878059,0.0,False,,False,,,,,,,,,,,,,,,,,,,False,False
PLAB,vcp,29.979999542236328,26.93000030517578,30.81999969482422,,,,,,True,2.0,29%->10%,28.62041789802432,10.17344657648729,0.2304300739800401,28.0,,,,2.801868463688548,12.62167238211137,False,8.823529411764696,True,62.45025565296296,25.64102564102564,260.00000000000006,8.823529411764696,96.29629629629632,-9.259259259259267,-27.027027027027017,-30.188679245283012,171.79487179487177,2.686863693831576,-0.49859710320770967,6.094146263281441,-3.0804750525540325,2.908926359912356,-6.720695262722931,4.308291236038375,2.5552059469376553,-3.0804750525540325,True,False
PLGO,vcp,25.72595284569501,23.440000534057617,23.770000457763672,,,,,,False,2.0,20%->9%,20.176110691110434,8.885782872061524,0.7560496959295602,42.0,,,,-7.6030318475012155,1.3883042379087178,False,,False,34.783597055416664,,,,,,,,,,,,,,,,,,False,False
PLXS,vcp,256.6700134277344,236.5800018310547,272.6300048828125,,,,,,True,2.0,22%->8%,21.805367693805056,7.8271751843485395,0.8174525426680598,42.0,,,,6.2180974091746295,13.223050436892878,False,-3.658536585365846,True,20.78358797204861,-3.658536585365846,29.078014184397173,12.686567164179108,26.351351351351404,-13.186813186813184,20.529801324503303,-19.25133689839572,14.024390243902452,28.13196007494785,18.73011824479427,9.602283321142234,-1.1102991717681365,12.117735919096507,8.77738229213012,-99.97345274731852,395653.68159731635,-1.1102991717681365,True,False
PMTS,vcp,25.290000915527344,23.469999313354492,24.860000610351562,,,,,,False,2.0,26%->7%,25.92592855426331,7.1965264384605945,0.4764465587672579,20.0,,,,-1.7002779343980696,5.591316423452869,False,-57.49999999999999,True,26.45025600123843,325.0,-57.49999999999999,10.714285714285744,72.72727272727273,0.0,-72.58064516129032,226.3157894736842,375.0,14.973064206607933,19.832845936413037,22.349235786915656,10.593101458104549,1.4091687739619774,-3.884903367438941,10.93602771697375,6.329718773361703,10.593101458104549,True,False
PNRG,vcp,214.25999450683594,197.5,210.25,,,,,,False,2.0,14%->8%,13.706105556417485,7.8222696427359475,0.7871551785586998,23.0,,,,-1.871555404482193,6.064209274673008,False,-51.075268817204304,True,39.741923931423614,106.76691729323306,-51.075268817204304,47.42268041237128,-50.227272727272734,51.098901098901095,27.272727272727295,-67.351598173516,229.32330827067665,1.1695209965938647,-21.280166213840502,-15.667646961636317,-33.813260384421575,7.791087199269109,-22.802343122465373,11.03545790733087,9.496701045661338,-33.813260384421575,True,False
POWL,vcp,194.0399932861328,180.2899932861328,204.69000244140625,,,,,,True,3.0,16%->10%->7%,15.695719721554847,7.086168045637967,0.7378318268655014,27.0,,,,5.488563968134577,11.92046942412739,False,-1.5748031496062964,True,40.78358794219907,7.575757575757569,-1.5748031496062964,18.881118881118873,149.60212201591517,13.59999999999999,-63.23529411764706,-63.8682252922423,612.8787878787879,8.896053766858913,6.4544146200530506,4.039663506343438,8.33263652326921,5.099202670127934,18.08674119370661,-15.705258353664476,4.09050102524513,4.039663506343438,True,False
PSMT,vcp,181.8300018310547,166.35000610351562,172.0,,,,,,False,2.0,17%->9%,16.56009227232749,8.5134441905369,0.6948915215304983,45.0,,,,-5.406149552914884,3.2848801723746366,False,6.6115702479338845,True,18.783560488518518,12.28070175438598,11.724137931034484,6.6115702479338845,8.510638297872353,-20.98765432098766,25.581395348837212,26.470588235294066,-10.526315789473639,12.488072093519342,9.651979710914249,9.919757954249153,8.558413435069667,-0.9184047373235416,8.157708415748854,3.8884276564172815,1.038951968778301,8.558413435069667,True,False
PWR,vcp,653.7580426629248,607.3460383017438,719.5599975585938,,,,,,True,2.0,18%->7%,18.08774624846319,7.099263233861418,0.7014115386176936,35.0,,,,10.065184762797047,15.594802328865203,False,2.4630541871920597,True,21.45022228070602,94.73684210526316,51.04166666666667,2.4630541871920597,14.871794871794886,104.13793103448276,-30.288461538461508,-7.142857142857184,47.36842105263159,41.10419493143886,26.33346777182164,19.661880464892988,17.52982789446198,21.36197461594833,0.41876074669202623,2.7588617985042863,12.673853725531359,17.52982789446198,True,False
QTTB,vcp,9.109999656677246,7.800000190734863,8.109999656677246,,,,,,False,2.0,25%->14%,25.48076649742004,14.379797094527971,0.298306223309822,4.0,,,,-10.976948822023742,3.822435006974993,False,78.70722433460071,False,,,,78.70722433460071,,,-111.48936170212767,,,-100.0,-100.0,-55.860349127182054,0.0,,-100.0,-55.860349127182054,0.0,-100.0,True,False
RCMT,vcp,41.77000045776367,38.84000015258789,41.310001373291016,,,,,,False,2.0,9%->7%,9.445346206571744,7.014604436354968,0.5991814461118691,25.0,,,,-1.1012666493451224,5.979184552388092,False,-14.28571428571428,True,27.783523632569445,36.00000000000001,-3.703703703703709,110.52631578947363,-14.28571428571428,30.76923076923077,-35.0,166.66666666666669,-40.0,20.021492720620216,-1.698767653569777,12.434990638651966,16.439990060465504,12.979599701341549,-3.9756695499329253,23.0292079841796,-10.077271447944113,-1.698767653569777,True,False
RCUS,vcp,26.350000381469727,23.959999084472656,24.280000686645508,,,,,,False,3.0,26%->13%->9%,25.92945670624582,9.070213519533024,0.6663094192047325,23.0,,,,-7.8557862043900295,1.3179637278546656,False,,False,19.783524162939816,,,,,,,,,312.5,-12.5,-52.17391304347826,-14.28571428571429,371.42857142857144,-36.36363636363637,83.33333333333333,-25.0,-52.17391304347826,True,False
RFAI,vcp,40.4900016784668,35.0,38.599998474121094,,,,,,False,3.0,40%->32%->14%,39.52467756916893,13.558907016263385,0.09246231155778895,15.0,,,,-4.667826935040202,9.326421286090644,False,,False,,,,,,,,,,,,,,,,,,,False,False
RHP,vcp,131.9600022293497,117.46390968315575,120.91000366210938,,,,,,False,2.0,17%->11%,16.877633098852083,10.985216960666147,0.8478365516060586,48.0,,,,-8.373748393877076,2.850131399039532,False,-43.617021276595736,True,25.78352416715278,26.785714285714256,3.0000000000000027,-4.440892098500626e-14,-43.617021276595736,37.8640776699029,-8.035714285714256,111.32075471698104,-52.67857142857143,13.564968196326088,13.161013485901108,13.923780906778994,7.72786285498166,12.700805932239101,-9.926159651291389,24.53338464498749,-10.167623177638108,7.72786285498166,True,False
RIO,vcp,106.83999633789062,91.68000030517578,95.88999938964844,,,,,,False,2.0,19%->14%,19.255126138315042,14.189438929565348,0.6387704783784621,78.0,,,,-10.248967917980721,4.390446460809067,False,,False,133.78352415347223,,,,,,,,,,,,,,,,,,False,False
RLJ,vcp,11.62023482060311,10.446374817664605,11.180000305175781,,,,,,False,2.0,17%->10%,17.145071009941233,10.101861288183335,0.6311187708260448,42.0,,,,-3.7885165164371486,6.561945147457146,False,-177.7777777777778,False,27.783523417939815,6.666666666666665,,,-177.7777777777778,,,,-146.66666666666669,5.476407520731041,3.613932750008386,-0.4230444045104531,-4.540642787727334,12.651149930730599,3.464468202304971,-0.4399400081807059,-9.104303737506992,-4.540642787727334,True,False
SAIC,vcp,136.0800018310547,124.05000305175781,124.58999633789062,,,,,,False,2.0,14%->9%,13.9913123520889,8.84038699105273,0.44861019192587687,25.0,,,,-8.443566533331675,0.43341624689380326,False,-20.657276995305164,True,56.45014607957176,-12.177121771217713,83.80281690140845,-5.0505050505050715,-20.657276995305164,-8.812260536398464,38.829787234042556,11.242603550295849,-37.63837638376384,6.274731486715668,1.5450186467767635,-4.787812840043526,-5.566801619433203,-1.364113326337879,8.914285714285718,-6.216505894962488,5.483323911814586,-5.566801619433203,True,False
SCSC,vcp,59.310001373291016,55.0,60.939998626708984,,,,,,True,2.0,20%->7%,20.020963127105855,7.266904861735397,0.41314508276533596,32.0,,,,2.7482670977512456,9.747290384915733,True,5.405405405405417,True,28.450143592847223,40.22988505747127,5.405405405405417,7.14285714285714,28.98550724637683,56.41025641025643,4.0000000000000036,-15.73033707865169,2.298850574712641,17.25014331652901,8.788148349925585,2.543822918352845,-4.632662007787724,24.298699774384126,0.03626818627757711,3.6317177043196036,-9.009381389272297,-4.632662007787724,True,False
SEI,vcp,71.4000015258789,64.2300033569336,79.69999694824219,,,,,,True,2.0,14%->10%,13.848995388971957,10.04201402761392,0.6627236600984207,17.0,,,,11.624643200259529,19.410281284395694,False,,False,25.783476850879634,,,,,,,,,46.068253070874235,26.08044174979536,-2.171723952738991,0.5939269527510893,25.097111416781303,3.9343512323440244,0.23960745649234116,12.075345633962066,-2.171723952738991,True,False
SHMD,vcp,4.718999862670898,4.349999904632568,4.429999828338623,,,,,,False,2.0,15%->8%,14.558230960959964,7.819452612348254,0.43794142836486594,4.0,,,,-6.124179757206112,1.8058674222580489,False,,False,137.78348636527778,,,,,,,,,,,,,,,,,,False,False
SILC,vcp,43.2400016784668,40.099998474121094,61.650001525878906,,,,,,True,3.0,20%->13%->7%,19.63317686289884,7.261801763318158,0.5788967049241022,27.0,,,,42.576316218276546,34.9553974345187,False,,False,21.450143525636573,,,,,,,,,,,,,,,,,,False,False
SKY,vcp,90.0199966430664,83.43000030517578,85.88999938964844,,,,,,False,2.0,17%->7%,16.782275286321497,7.320591628124888,0.8349536299019149,36.0,,,,-4.58786648237014,2.864127490923161,False,-21.238938053097336,True,19.45014159318287,-21.238938053097336,-15.873015873015817,-8.490566037735858,9.574468085106403,67.92452830188671,-45.360824742268015,-5.82524271844661,-8.849557522123884,1.2713205706968989,4.615679941805162,1.8124588130402852,10.950643321115884,14.31822791085473,-5.38154836783864,-4.063971573384528,-2.408180026749629,1.2713205706968989,True,False
SLS,vcp,12.0,11.109999656677246,11.34000015258789,,,,,,False,2.0,11%->7%,10.614524756982393,7.416669527689616,0.5541238734488863,4.0,,,,-5.499998728434244,2.0282230407038955,False,,False,34.7834552321875,,,,,,,,,,,,-100.0,,,,,-100.0,False,False
SMTC,vcp,185.0,167.11000061035156,197.1999969482422,,,,,,True,2.0,15%->10%,14.729333781449542,9.670269940350506,0.6819170808631255,11.0,,,,6.594592944995776,15.258619068735662,False,-141.97530864197532,False,46.78345655056713,22.72727272727273,-141.97530864197532,,,,,,-240.9090909090909,16.098779377080596,9.287853154462633,12.81177323131888,19.61647542958831,6.074734091842338,2.7741157226033764,3.7358882371628432,2.660393192511612,9.287853154462633,True,False
SNDK,vcp,1802.0,1650.0,1660.4599609375,,,,,,False,3.0,17%->13%->8%,16.77456057341938,8.435072142064373,0.8488000076478303,20.0,,,,-7.854608161071032,0.6299435809096101,False,-48.630136986301366,False,21.783444797743055,,,615.2777777777778,-48.630136986301366,94.65914025184543,347.18446601941747,586.6666666666667,,371.59389794844816,251.03244837758112,61.24733475479744,22.570366436537448,50.67226890756302,96.69421487603307,31.065857885615245,21.409784324039972,22.570366436537448,True,False
SNOW,vcp,348.6099853515625,316.6300048828125,335.95001220703125,,,,,,False,2.0,17%->9%,17.451109261913608,9.173569838081134,0.5363691521158561,22.0,,,,-3.631557808582005,5.750857753299523,False,,False,55.78343151949075,,,,,,,,,35.094749290155455,33.47910033260595,30.120899500390163,28.746069925081798,11.203989213135479,8.330023349018756,5.8607034822892645,5.933785106845679,28.746069925081798,True,False
SNX,vcp,280.6099853515625,254.24000549316406,278.3800048828125,,,,,,False,2.0,19%->9%,18.6564890330482,9.397377582754505,0.3824964466789707,9.0,,,,-0.7946903478706101,8.67159959991037,False,32.45614035087716,True,91.45010044458333,89.05109489051092,87.78280542986427,104.04040404040403,32.45614035087716,24.819277108433724,2.722772277227725,33.77483443708611,10.218978102189746,37.74526027984035,30.967485965604236,18.094852862089784,9.685196114275918,10.133394377764926,14.064373594430869,-1.2540436408245759,11.042261785949513,9.685196114275918,True,False
SRCE,vcp,91.23999786376953,82.9800033569336,85.7699966430664,,,,,,False,2.0,13%->9%,12.557710903001096,9.053041100646384,0.8490617203601257,77.0,,,,-5.995179031974974,3.2528779239008565,False,7.2368421052631415,True,14.78343264806713,29.13907284768211,7.2368421052631415,31.49606299212593,21.27659574468086,19.631901840490794,-2.395209580838331,-2.3391812865497075,13.245033112582782,,,,,,,,,,False,False
STAK,vcp,1.1399999856948853,1.031000018119812,1.1299999952316284,,,,,,False,2.0,18%->10%,18.461539872299337,9.561400784459877,0.3310227770477442,7.0,,,,-0.8771921569070334,8.761059958369584,False,,False,,,,,,,,,,,,,,,,,,,False,False
STM,vcp,52.777834790784475,47.447144300532784,58.720001220703125,,,,,,True,3.0,28%->15%->10%,28.032467062946232,10.100244754986578,0.4801961417557141,53.0,,,,11.258829494377459,19.197644219727685,False,,False,21.45009812383102,,,,,,,,,,,,,,,,,,False,False
STRL,vcp,520.5,483.739990234375,563.6900024414062,,,,,,True,4.0,27%->11%->9%->7%,26.661388405817533,7.062441837776176,0.7333749341320688,35.0,,,,8.297791055025217,14.183329819716253,False,-22.314049586776854,True,25.78343228712963,116.45021645021644,141.40625,-22.314049586776854,50.76142131979697,61.81229773462784,9.574468085106357,-5.05050505050505,28.57142857142858,90.1122597108393,91.59459704048507,51.47614532318432,16.04706429234295,41.48169679353258,9.272206804276784,9.665045521241078,12.132609021136975,16.04706429234295,True,False
STRZ,vcp,24.209999084472656,21.489999771118164,23.18000030517578,,,,,,False,2.0,26%->11%,26.44320402456949,11.235024437068207,0.6760040238334752,10.0,,,,-4.254435432661688,7.290770111337156,False,-1076.923076923077,False,21.78343372133102,,,,-1076.923076923077,,,,,-6.866303690260134,-68.37712519319939,-7.494955318535601,-8.026467203682397,0.325839035516462,-4.3627298223745665,0.3753518923991228,-3.2970356926799727,-68.37712519319939,True,False
STX,vcp,903.0,798.6199951171875,805.6300048828125,,,,,,False,2.0,16%->12%,16.33733333453723,11.559247495328073,0.8013824884792626,3.0,,,,-10.782945195701828,0.8701276917615153,False,67.74193548387098,True,19.78343341040509,150.00000000000006,108.28025477707004,67.74193548387098,72.3404255319149,71.25382262996939,25.769230769230766,6.995884773662553,8.482142857142904,48.48608837970541,44.07407407407406,21.505376344086024,21.26383763837638,16.613110539845756,10.159292035398227,7.455306200076084,7.569558101472995,21.26383763837638,True,True
SU,vcp,72.05999755859375,65.86000061035156,68.22000122070312,,,,,,False,3.0,19%->11%->9%,19.15058657138912,8.603937216623992,0.7073859763325897,86.0,,,,-5.328887688024455,3.459396904313392,False,,False,26.783431521516203,,,,,,,,,,,,,,,,,,False,False
SUNE,vcp,2.4200000762939453,2.25,2.3399999141693115,,,,,,False,5.0,40%->29%->13%->10%->7%,40.24640340424532,7.024796319605415,0.0018751267717029509,19.0,,,,-3.3057917191121846,3.8461503192516595,False,-99.79591122766577,False,33.4500985387963,,,-99.79591122766577,,,-101.13647125674781,,,-37.52427807971278,-43.06674765867313,76.9849851217093,29.047002843925963,13.4483961176179,-73.56051132117567,43.26377003328905,45.38630372618291,-43.06674765867313,True,False
TCMD,vcp,23.299999237060547,21.610000610351562,22.190000534057617,,,,,,False,3.0,24%->15%->7%,24.379420326572692,7.253213227667852,0.46193557716640754,44.0,,,,-4.763943087334468,2.6137895887648144,False,12.5,False,25.783417116851854,142.85714285714283,,12.5,71.42857142857142,,-117.77777777777779,25.0,157.1428571428571,8.609086876623785,22.848795456029247,21.042238710054328,17.323136278439797,13.858663159153405,-27.34424773635539,20.80228558101569,8.681325644762694,8.609086876623785,True,False
THC,vcp,283.04998779296875,248.86000061035156,258.4700012207031,,,,,,False,2.0,14%->12%,14.495508516305605,12.079133954114413,0.6718177640204918,64.0,,,,-8.683973726310198,3.718033259165634,False,-21.06339468302658,True,21.450062661284722,213.37579617834393,87.58782201405153,11.345646437994649,-21.06339468302658,22.846441947565555,89.81042654028433,9.326424870466333,22.92993630573248,6.7729083665338585,2.7761822707256467,9.164526960300211,3.1798673429574764,4.843517138599096,-2.8767866835534672,4.499905464170917,0.34149117814457064,2.7761822707256467,True,False
TIGO,vcp,97.19999694824219,82.69999694824219,90.45999908447266,,,,,,False,2.0,20%->15%,19.621018558735905,14.917695941617234,0.5724389758116273,42.0,,,,-6.934154398542315,8.578379631624895,False,,False,28.450056565185186,,,,,,,,,,,,,,,,,,False,False
TITN,vcp,24.59000015258789,22.229999542236328,25.200000762939453,,,,,,True,2.0,16%->10%,16.28252499211712,9.597399738540433,0.5084205310141264,21.0,,,,2.480685671274244,11.78571877295725,False,-28.57142857142857,False,47.4500550368287,,,,-28.57142857142857,,,-3279.9999999999995,,-9.158056168630335,-12.1067880794702,-15.539246842763921,-5.194579773588459,-4.976635827107034,-18.61132534062493,-0.41504398690478395,17.95009754294268,-15.539246842763921,True,False
TNK,vcp,103.16000366210938,92.54000091552734,101.23999786376953,,,,,,False,2.0,12%->10%,12.272346111464772,10.29469016050719,0.8119171986844651,31.0,,,,-1.8611920610517203,8.59343849448621,False,,False,27.783389479305555,,,,,,,,,,,,,,,,,,False,False
TRLV,vcp,11.300000190734863,10.390000343322754,10.649999618530273,,,,,,False,2.0,21%->8%,20.997680498902206,8.053095858867682,0.721977031679645,9.0,,,,-5.752217356045185,2.4413078358720175,False,,False,28.45005604224537,,,,,,,,,-10.306336606132028,-3.6962654486835,-2.6558634544820547,1.3729228517960879,-5.510646756453264,-2.1808171327013404,1.7211046993792278,-4.6010076600703105,-10.306336606132028,True,False
TRT,vcp,6.860000133514404,6.03000020980835,6.110000133514404,,,,,,False,2.0,50%->12%,49.79009155593849,12.09912401679273,0.16783274174685572,9.0,,,,-10.932944393628928,1.3093276916188807,False,,False,,,,,,,,,,39.92128197919595,123.60509209100758,81.5639865413621,58.3222777834473,-9.569377990430628,5.50833919100262,0.8701817713033355,45.38468747071502,39.92128197919595,True,False
TRV,vcp,383.989990234375,353.7900085449219,360.6400146484375,,,,,,False,2.0,10%->8%,9.987456387691163,7.86478357704586,0.7365441483232987,49.0,,,,-6.080881319767069,1.8994026800362718,False,22.321428571428605,True,8.450045736226851,57.1209800918836,357.64705882352945,22.321428571428605,52.02952029520296,31.87660668380463,-29.014598540145986,33.00970873786409,26.186830015313944,0.305381313965003,0.9652836579170154,3.530979347101937,4.754704301075274,1.9204964776920574,-4.086229086229087,-0.30473135525260764,2.921756355232752,0.305381313965003,True,False
TWIN,vcp,24.209999084472656,22.15999984741211,28.559999465942383,,,,,,True,2.0,11%->8%,11.309524980892455,8.467572550943778,0.5837473167739957,31.0,,,,17.967784163443635,22.408962668792178,False,20.000000000000128,False,27.450033761180556,20.000000000000128,,2114.285714285714,,-47.8260869565217,-85.16129032258064,,-140.0,18.33095430190943,19.01971886462668,0.2880306046418424,9.738398013635674,18.311374025275605,7.223331115546694,12.730636531826601,-17.255218353710255,0.2880306046418424,True,False
TWN,vcp,108.2699966430664,99.41000366210938,104.80000305175781,,,,,,False,2.0,13%->8%,12.606818882537329,8.183239360545805,0.716641301104148,25.0,,,,-3.204944766691107,5.143129038828812,False,,False,,,,,,,,,,,,,,,,,,,False,False
TYRA,vcp,22.6200008392334,19.600000381469727,20.239999771118164,,,,,,False,2.0,22%->13%,22.106822280662684,13.351018327663427,0.7299229426283788,11.0,,,,-10.521666577426588,3.1620523561551437,False,,False,27.783361953564814,,,,,,,,,,,,,,,,,,False,False
U,vcp,41.970001220703125,38.439998626708984,44.95000076293945,,,,,,True,2.0,12%->8%,12.340139191516975,8.410775533294117,0.5972401421056549,9.0,,,,7.10030844784999,14.482763127332046,False,,False,27.450023756921297,,,,,,,,,23.931383577052866,16.83632183908046,10.061277753834519,5.39688298541825,7.522066433442598,1.023476959345171,6.900332543586574,6.728972386516197,5.39688298541825,True,False
UMAC,vcp,23.360000610351562,21.610000610351562,22.360000610351562,,,,,,False,2.0,16%->7%,16.40807345585594,7.491438160427612,0.6918963495560967,4.0,,,,-4.280821805958635,3.3542038440409856,False,,False,28.450020671006943,,,,,-176.19047619047618,,-620.0,,687.3212427670824,296.4077755471772,144.42714030227305,39.400390788263806,106.55639516413129,65.27649361755641,129.47561777729476,0.499912898958077,39.400390788263806,True,False
VATE,vcp,7.659999847412109,7.039999961853027,7.190000057220459,,,,,,False,2.0,13%->8%,13.447436924589315,8.093993445294203,0.7209086694483079,10.0,,,,-6.135767618199592,2.0862321860038944,False,,False,35.78335653584491,,,,,,,,,-35.464961364241944,-15.103036876355747,-0.8493236866939258,-11.800635230881994,-22.644522516767807,-0.6662436548223405,-12.686980609418285,-3.8102851052491338,-35.464961364241944,True,False
VIR,vcp,11.720000267028809,10.329999923706055,11.600000381469727,,,,,,False,2.0,14%->12%,14.32160886300532,11.860070918540512,0.796176101999673,23.0,,,,-1.0238897851962572,10.94827944826983,False,,False,27.783345390671293,,,,,,,,,417.77921448197833,-89.91596638655463,-60.520325203252035,-94.62182489002412,26595.833333333332,-80.23064250411862,-59.96042216358839,-75.49700985938259,-94.62182489002412,True,False
VMD,vcp,9.390000343322754,8.595000267028809,9.329999923706055,,,,,,False,2.0,31%->8%,31.093117684024772,8.466454177067963,0.5744544828507704,49.0,,,,-0.6389820811813455,7.877809889469861,False,-12.49999999999999,True,27.78335479576389,-12.49999999999999,0.0,39.99999999999997,-10.000000000000009,16.666666666666675,-57.14285714285715,55.55555555555558,12.5,23.85340015224562,27.541477109371026,25.51445753356949,23.981104751396455,3.5576948577187295,-1.0068127223323398,5.933476096448542,14.047830499873125,23.85340015224562,True,False
VPG,vcp,73.30000305175781,68.08999633789062,77.91000366210938,,,,,,True,4.0,21%->14%->11%->7%,20.840953927344813,7.107785125449931,0.4589630234737272,35.0,,,,6.289222944638076,12.604295806232384,False,-750.0,False,27.450007362719905,-750.0,,-333.33333333333337,,,,-123.72881355932202,2849.9999999999995,11.674937800188934,17.57990549337198,10.8997563761992,5.28345240138921,-0.4943511196993544,4.692697214913366,1.0585992374071873,6.0762895650669835,5.28345240138921,True,False
VSH,vcp,33.54999923706055,31.100000381469727,37.84000015258789,,,,,,True,3.0,20%->11%->7%,19.928928337592886,7.302530287048301,0.6700593291858034,35.0,,,,12.786888265524766,17.811838646774458,False,1800.0,False,27.44999252226852,1800.0,,,,280.0,400.0000000000003,,-700.0,16.5726467694326,17.337773825702296,12.061574107757478,7.518429924131675,5.878280638957545,4.78448588002327,1.3004654457148712,3.7244998360117965,7.518429924131675,True,False
WASH,vcp,39.94241340158059,36.59000015258789,38.220001220703125,,,,,,False,2.0,18%->8%,18.238995318860795,8.393116398069317,0.3413312693498452,118.0,,,,-4.312238631052033,4.264785494649044,False,-12.49999999999999,False,11.783320928240741,22.058823529411754,4.761904761904767,,-12.49999999999999,25.757575757575736,-21.42857142857141,49.99999999999996,-17.647058823529406,-2.7379857186664913,-10.928033176553885,-2.311856490818387,-6.363445441180882,0.8482756271221081,-4.314803546592493,-1.706717932286661,2.543041135497437,-10.928033176553885,True,False
WAT,vcp,426.2200012207031,392.95001220703125,436.42999267578125,,,,,,True,2.0,10%->8%,9.989048460581818,7.805825376187396,0.780756697115878,64.0,,,,2.395474502800547,9.962647205379117,True,-156.27530364372467,True,26.449984987893515,-156.27530364372467,-142.85714285714286,-3.0927835051546615,-7.749077490774903,,-123.13829787234043,50.4,1.2145748987854255,113.35927367055771,91.38972809667673,6.839010259947709,8.04830441507216,29.834254143646397,35.88603162380053,16.56633999552437,3.7466926070038875,6.839010259947709,True,False
WATT,vcp,13.649999618530273,12.539999961853027,12.630000114440918,,,,,,False,2.0,10%->8%,10.035839696574326,8.13186584394031,0.7820411392405063,4.0,,,,-7.4725240483133515,0.712590275315881,False,-94.70712773465067,False,,,,-94.70712773465067,,,-157.33333333333331,,,216.82051282051282,798.5422740524781,610.2803738317757,453.04347826086956,0.2271252433484694,1.3815789473684115,138.99371069182388,30.461538461538453,216.82051282051282,True,False
WELL,vcp,243.0399932861328,222.22000122070312,225.77999877929688,,,,,,False,2.0,12%->9%,11.61833653292256,8.566488084501449,0.7670316247602277,49.0,,,,-7.101709588395034,1.576755061494042,False,-43.83561643835616,True,18.783300593495373,154.99999999999997,-35.00000000000011,-43.83561643835616,7.14285714285714,684.6153846153853,-68.29268292682929,-8.888888888888902,12.5,49.14916895946968,45.07542519970169,36.37692818638671,41.448309368032255,8.797903955005616,23.997729665222643,4.5826475715407655,5.712646082390727,36.37692818638671,True,False
WHWK,vcp,3.950000047683716,3.549999952316284,3.609999895095825,,,,,,False,2.0,14%->10%,13.615026548411057,10.126584570599997,0.7083599049220245,12.0,,,,-8.607598695783993,1.6620483247395872,False,-117.4863387978142,False,28.449967108425927,,-117.4863387978142,,,,,,,,-100.0,-100.0,-100.0,,,,,-100.0,False,False
WLY,vcp,49.63174570004176,45.65128338441383,48.45000076293945,,,,,,False,2.0,15%->8%,15.14323257486185,8.019992566218727,0.4364748026207485,23.0,,,,-2.3810263379498946,5.776506366262904,False,-204.54545454545453,False,56.44996543778935,-204.54545454545453,103.2,,13.513513513513509,-109.05511811023622,353.57142857142856,-33.33333333333333,281.8181818181818,-2.6307963709677473,1.2115351157646392,1.3370371651846291,-1.1355032290580103,-13.747346190681364,9.244310255684862,-2.7777053284995135,6.288054435483881,-2.6307963709677473,True,False
WST,vcp,360.2900085449219,331.989990234375,372.6400146484375,,,,,,True,2.0,16%->8%,15.733165792242696,7.85478854238567,0.28477729826561354,52.0,,,,3.427795889592591,10.908657904710864,False,2.2471910112359605,True,14.449966364930555,18.13186813186811,56.09756097560976,2.2471910112359605,3.7837837837837673,11.979166666666675,5.494505494505475,-5.208333333333314,5.494505494505497,13.803000652315722,21.0458452722063,7.505341880341887,7.725264426295353,3.2429873357793904,4.956521739130437,0.0497141436738735,4.9706457925636105,7.505341880341887,True,False
WTS,vcp,392.89207047582164,345.6000061035156,362.45001220703125,,,,,,False,2.0,15%->12%,15.314034693028706,12.036909860520167,0.7137475416193457,68.0,,,,-7.7481986928172875,4.648918619401483,False,17.27574750830565,True,27.783299732766206,17.27574750830565,34.389140271493225,23.762376237623783,18.93203883495147,18.855218855218837,18.80000000000002,2.0408163265306145,-18.604651162790688,18.564548702811877,21.37992831541218,15.673575129533667,12.527593818984538,12.682710763324966,8.35066389377699,2.190616315187177,-4.971259903681835,12.527593818984538,True,False
WYY,vcp,8.25,7.039999961853027,7.110000133514404,,,,,,False,2.0,67%->15%,67.12018098908213,14.666667129054215,0.25964413717048757,13.0,,,,-13.818180199825402,0.984531228507538,False,,False,35.78329586730324,,,,,0.0,,,,,,,,-39.31338028169014,62.10045662100456,-28.86723507917174,,,False,False
