ticker,pattern_type,entry_price,stop_price,last_close,pole_gain_pct,pole_len,flag_len,retracement_pct,volume_ratio,breakout,ribbon_width_pct,squeeze_days_ago,expanding,n_contractions,contraction_pcts,first_contraction_pct,final_contraction_pct,volume_dryup_ratio,base_len,extension_pct,risk_pct,is_lre,eps_min_yoy_pct,eps_full_history_available,days_to_earnings,eps_yoy_q1_pct,eps_yoy_q2_pct,eps_yoy_q3_pct,eps_yoy_q4_pct,eps_qoq_q1_pct,eps_qoq_q2_pct,eps_qoq_q3_pct,eps_qoq_q4_pct,revenue_yoy_q1_pct,revenue_yoy_q2_pct,revenue_yoy_q3_pct,revenue_yoy_q4_pct,revenue_qoq_q1_pct,revenue_qoq_q2_pct,revenue_qoq_q3_pct,revenue_qoq_q4_pct,revenue_min_yoy_pct,revenue_full_history_available,passes_growth
IPDN,bull_flag,6.289999961853027,2.950000047683716,3.0999999046325684,6469.697394427978,12.0,8.0,46.27634644259258,0.013543276313359073,False,,,,,,,,,,-50.715422520935725,4.838705211722626,False,,False,,,,,,,,,,-28.035138806815763,2.890496123186037,3.0689695209015655,2.223429028478341,-23.692635245298032,-7.239794331718896,-3.62988678582854,5.49939384339837,-28.035138806815763,True,False
GTBP,bull_flag,10.479999542236328,6.0,6.159999847412109,4515.079336264447,5.0,15.0,49.48145596606984,0.1243303200044368,False,,,,,,,,,,-41.22137293435772,2.5974001846660313,False,,False,,,,,,,-102.03703703703704,,,,,,,,,,,,False,False
NFE,bull_flag,8.25,5.445000171661377,5.869999885559082,3058.914747217959,9.0,9.0,34.2752099969652,0.4888428381828457,False,,,,,,,,,,-28.848486235647492,7.240199696481364,False,-3666.666666666667,False,33.79712607138889,,,,-3666.666666666667,,,,,19.44337273333099,-51.87759333404352,-7.211284110884197,-46.12283879761819,47.092552398846735,-43.224378565451026,35.74555380787123,5.361965557153381,-51.87759333404352,True,False
OPTT,bull_flag,1.659999966621399,0.9100000262260437,1.059999942779541,1418.1817873942948,11.0,6.0,48.71794560741696,0.20249319897258125,False,,,,,,,,,,-36.14458047628995,14.15093628780453,False,,False,68.79704857795139,,,,,-211.30434782608694,,,,-38.01652892561983,22.672064777327925,162.5,25.581395348837212,-0.990099009900991,-57.56302521008403,-5.555555555555558,56.19834710743801,-38.01652892561983,True,False
SWVL,bull_flag,5.989999771118164,3.640000104904175,3.799999952316284,277.39726609015094,15.0,15.0,46.17284039283845,0.03646776283429912,False,,,,,,,,,,-36.56093326349274,4.2105223531537606,False,,False,,,,,,,,,,,,,,,,,,,False,False
TJGC,bull_flag,35.79999923706055,26.309999465942383,32.880001068115234,231.06562712841318,15.0,4.0,34.93926054243162,0.06443007914341084,False,,,,,,,,,,-8.156419640150435,19.981756048493526,False,,False,,,,,,,,,,,,,,,,,,,False,False
KOD,bull_flag,104.0,87.58000183105469,93.80999755859375,200.7614266338238,5.0,3.0,11.409609552368082,0.3583885923271579,False,,,,,,,,,,-9.798079270582932,6.64107865864489,False,,False,36.79735492699074,,,,,,,,,,,,,,,,,,False,False
IGR,bull_flag,12.376939847710055,11.420000076293945,11.470000267028809,175.89286852260014,7.0,15.0,9.785442777576499,0.765012188122489,False,,,,,,,,,,-7.327656042935733,0.4359214435120091,False,,False,,,,,,,,,,,,,,,,,,,False,False
VNCE,bull_flag,11.640000343322754,9.609999656677246,11.4399995803833,128.62822107989865,11.0,6.0,29.21175277606569,0.3147441523257145,False,,,,,,,,,,-1.7182195622028729,15.996503416346627,False,-38.235294117647065,False,62.46316553289352,-13.978494623655912,,,-38.235294117647065,,,-233.33333333333334,-77.41935483870968,11.66969320462583,10.532856920925893,4.699186991869908,6.192460267957389,27.723900991645188,-23.501021419952927,-1.6669407701524808,16.22724976447618,4.699186991869908,True,False
SRZN,bull_flag,32.0,26.969999313354492,29.1299991607666,99.13366713508442,5.0,3.0,32.521852952235086,0.1881510296069896,False,,,,,,,,,,-8.96875262260437,7.415035735123809,False,-116.07843137254903,False,,-116.07843137254903,,,,,,,-427.84313725490193,408.64699898270607,408.64699898270607,-19.389312977099237,-90.16999999999999,0.0,846.9696969696969,-46.28687690742625,0.0,-90.16999999999999,True,False
GRAL,bull_flag,156.49000549316406,132.0399932861328,154.0800018310547,86.55304750174153,10.0,3.0,12.428860965685912,0.5822798867274982,False,,,,,,,,,,-1.5400367930938894,14.304262904337357,False,,False,35.797517841840275,,,,,,,,,25.723047490434393,28.105663222037247,13.973125588204539,26.322769789194478,9.56724285889421,-6.449985090717247,20.45366635353927,1.8287193337834795,13.973125588204539,True,False
IOVA,bull_flag,15.029999732971191,12.920000076293945,12.960000038146973,82.06387063584182,14.0,4.0,28.443110823105243,0.7051715989524883,False,,,,,,,,,,-13.772453304062788,0.3086416800562491,False,,False,29.464065137337965,,,,,,,,,65.6541900186816,44.81793852891087,17.744999592911228,15.19938519340791,39.03541929161416,-17.679870002650656,28.635386553998956,12.515012009607695,15.19938519340791,True,False
AOUT,bull_flag,17.68000030517578,15.699999809265137,16.600000381469727,75.32466369404833,15.0,6.0,24.535804657118625,0.2983917381475291,False,,,,,,,,,,-6.108596748100095,5.421690069412551,False,-3300.0,False,64.79806627489583,,,-3300.0,-33.33333333333333,,,-300.0,,25.425897245976703,-24.027315876142197,-3.297154089394072,-5.035529286757868,-20.83554686669925,-16.821620475113118,-1.0891798807671438,92.57625749107805,-24.027315876142197,True,False
VICR,bull_flag,313.55999755859375,293.07000732421875,299.2900085449219,73.31647910625747,15.0,3.0,11.889068340652775,0.7902881207316019,False,,,,,,,,,,-4.550959664746552,2.078252211272711,False,142.3076923076923,False,13.463184527488426,633.3333333333334,320.8333333333332,142.3076923076923,,-56.43564356435642,60.31746031746028,-30.76923076923077,1416.6666666666667,20.220713434360626,11.540461285693482,18.522851684090757,11.871316420900602,5.31865304295942,-2.860817039928276,14.968869083564119,2.2113911118678775,11.540461285693482,True,False
VRA,bull_flag,5.21999979019165,4.849999904632568,5.079999923706055,63.8157921567188,13.0,3.0,6.701036629203817,0.33882036515195846,False,,,,,,,,,,-2.681989887215219,4.527559498577561,False,,False,64.463164216875,,,,,,-269.99999999999983,,,1.1163171413248962,7.832584791698927,-39.162778697512415,-11.67657449314019,28.629133603820335,-34.381773631137506,36.359693508746574,-12.144006322504165,-39.162778697512415,True,False
SDGR,bull_flag,33.09000015258789,27.690000534057617,32.599998474121094,61.409043239050945,7.0,9.0,25.77054923147569,0.839801733670479,False,,,,,,,,,,-1.480814977960872,15.06134407939064,False,,False,28.796774001712965,,,,,,-280.0,,,7.542139191731034,-1.6187805410488476,-1.2251321942547855,53.935959195239434,0.5154727157901995,-32.84002980455093,60.5827994993005,-0.7943899632937068,-1.6187805410488476,True,False
SHMD,bull_flag,4.880000114440918,4.255000114440918,4.5,53.31230336108514,12.0,3.0,35.79881648457037,0.4642772337166551,False,,,,,,,,,,-7.78688740839206,5.444441901312934,False,,False,138.79676140841434,,,,,,,,,,,,,,,,,,False,False
CYPH,bull_flag,3.4210000038146973,2.880000114440918,3.1700000762939453,51.36362961501144,14.0,3.0,39.82299633953594,0.7633038453479187,False,,,,,,,,,,-7.3370338275611315,9.14826356067685,False,,False,35.46441986865741,,,,,,-150.0,,,0.0,0.0,0.0,0.0,0.0,0.0,0.0,0.0,0.0,True,False
FEIM,bull_flag,89.58999633789062,81.58000183105469,87.12999725341797,48.60577877277959,11.0,11.0,25.48951567629562,0.8327497922307713,False,,,,,,,,,,-2.745841260216951,6.369787211425127,False,-251.51515151515147,True,64.79765617173611,485.7142857142856,-251.51515151515147,-90.0,-35.71428571428572,,-412.5,-11.111111111111105,157.1428571428571,,,-100.0,-100.0,,,,,-100.0,False,False
ALAB,bull_flag,367.67999267578125,342.0,362.3399963378906,44.38109004939499,8.0,6.0,20.182008161709398,0.8202588820331487,False,,,,,,,,,,-1.4523489023781102,5.613511216940869,False,-79.67479674796748,False,27.79815280789352,186.20689655172416,144.44444444444446,-79.67479674796748,,88.63636363636363,76.0,-50.0,72.41379310344828,104.45486518171161,93.40010787621831,91.77226852639338,103.8934969845958,27.253446447507955,13.961704911247196,17.351404098449528,20.13807476878988,91.77226852639338,True,False
AXTI,bull_flag,88.36000061035156,80.70999908447266,84.05999755859375,43.37538659241578,13.0,3.0,4.44443896429489,0.6895771256776968,False,,,,,,,,,,-4.866458829849825,3.9852469324496327,False,,False,22.797969856238424,,,,,,,,,164.76577278290864,39.098987394089676,-8.221469826727745,18.227955170226263,76.75308275144852,16.852567162883545,-17.578250760150237,55.53021030377212,-8.221469826727745,True,False
LTRX,bull_flag,7.489999771118164,7.0,7.329999923706055,42.97028747519738,11.0,5.0,10.138241050676813,0.5779184459516035,False,,,,,,,,,,-2.1361796034904734,4.502045390734553,False,,False,28.79727107099537,,,,,,,,,8.027324109712541,5.884210526315781,-4.451076666345754,-13.447404351741564,3.237565032972123,1.3535299254383126,-0.06712760958582642,3.311487915669753,-13.447404351741564,True,False
BAND,bull_flag,67.13999938964844,59.0,62.529998779296875,42.77854265093131,15.0,4.0,17.57769992560727,0.7859724137093297,False,,,,,,,,,,-6.866250599135881,5.645288418693566,False,-500.0,False,22.46465260761574,,-137.037037037037,-500.0,,,,,,19.824840307390335,-1.0958760578942628,-1.0253606556531514,3.6929298049561687,0.5373962285956324,8.21959926001199,6.60063439862677,3.3126531642954316,-1.0958760578942628,True,False
SEI,bull_flag,75.87999725341797,64.2300033569336,74.75,40.60649366399034,12.0,11.0,26.99145207414106,0.6882380172553433,False,,,,,,,,,,-1.489189897627558,14.073574104436664,False,,False,26.79675960809028,,,,,,,,,46.068253070874235,26.08044174979536,-2.171723952738991,0.5939269527510893,25.097111416781303,3.9343512323440244,0.23960745649234116,12.075345633962066,-2.171723952738991,True,False
TTRX,bull_flag,14.630000114440918,12.0,12.359999656677246,39.71044593889581,14.0,8.0,39.32292106457865,0.5910109561752988,False,,,,,,,,,,-15.516065892050197,2.9126186624346984,False,,False,36.79659052091435,,,,,,-399.9999999999997,,,,,,,,,,,,False,False
RXT,bull_flag,4.275000095367432,3.700000047683716,3.9000000953674316,39.534877826319594,15.0,7.0,42.01679308529917,0.5679915764776022,False,,,,,,,,,,-8.771929628875696,5.1282062254635195,False,,False,29.796813909247685,,,,,-1000.0000000000002,,,,0.5703136725198954,1.908626390141266,-0.40840140023337135,-0.6806747558449233,-1.1797669960182833,-0.6883421206795526,1.728247914183556,0.7354044724598552,-0.6806747558449233,True,False
P,bull_flag,144.02999877929688,130.08099365234375,143.8800048828125,39.45404188698733,12.0,3.0,1.8892030458192568,0.4711547270435933,False,,,,,,,,,,-0.1041407330109173,9.590638561423305,False,-15.789473684210531,False,55.797031419907405,49.99999999999998,,123.07692307692308,-15.789473684210531,199.99999999999994,-75.86206896551724,81.25000000000003,14.28571428571428,37.73463940850312,35.24936254391542,20.351494927498347,16.049271302606762,12.632016837370452,-0.5672851998719475,9.793115890561799,12.015186956592427,16.049271302606762,True,False
DOCN,bull_flag,151.8300018310547,132.0,137.22999572753906,39.37255634035262,12.0,10.0,34.294026030850546,0.5829728115505467,False,,,,,,,,,,-9.616021818771657,3.811117022784776,False,-61.53846153846154,True,28.464414003831017,-25.64102564102565,-61.53846153846154,9.523809523809534,357.5757575757575,93.33333333333333,-34.78260869565217,-84.76821192052981,287.1794871794872,28.57064471879287,22.40214899645472,18.282298401854334,15.693960218455905,9.026191814815544,6.400841618878661,5.554926535269167,4.999542752629171,15.693960218455905,True,False
INTC,bull_flag,126.93000030517578,112.0,112.5,38.96585789701024,14.0,8.0,43.085103201867966,0.8408551700760819,False,,,,,,,,,,-11.36847102377843,0.4444444444444444,False,,False,22.797407646041666,,,,,,,-111.11111111111111,,25.421883505715837,7.184021473119118,-4.109396914446006,2.777777777777768,18.789128673491938,-0.7093754570718147,0.1538123489343013,6.174663659693591,-4.109396914446006,True,False
DELL,bull_flag,595.510009765625,520.1799926757812,552.2899780273438,38.447064568014696,11.0,12.0,41.75031918318986,0.5509062393692594,False,,,,,,,,,,-7.2576499184776715,5.81397212135773,False,39.02439024390243,True,51.79773306960649,272.94117647058823,282.4817518248175,55.60747663551404,39.02439024390243,20.992366412213737,57.357357357357365,46.05263157894739,34.11764705882352,57.747850617947336,87.53528958850201,39.48017216163136,10.830665681687602,7.13699192555084,31.346055903412328,23.603036474726903,-9.306152606125739,10.830665681687602,True,False
AMD,bull_flag,658.52001953125,596.0700073242188,649.4199829101562,38.24754468169858,15.0,7.0,19.808561538826172,0.7909549006459837,False,,,,,,,,,,-1.3818921750581508,8.21501909240113,False,59.5744680851064,True,27.798095663993056,155.55555555555554,90.90909090909089,206.6666666666666,59.5744680851064,64.28571428571428,-8.695652173913038,22.666666666666657,38.888888888888886,50.11060507482108,37.84619521376713,34.10812222512405,35.5917289925209,12.513410709060757,-0.16553067185978154,11.075059485182791,20.31229668184775,34.10812222512405,True,True
FIRY,bull_flag,13.258999824523926,11.614999771118164,12.569999694824219,36.88611075457664,9.0,8.0,42.06799777602112,0.649006703527915,False,,,,,,,,,,-5.1964713690193145,7.597453833664629,False,,False,36.79762799804398,,,,,,,,,22.91584040612358,32.91775129013106,68.87625907377188,11.439504966617807,6.483422092423985,-3.018893072540063,9.633228611090816,8.566669310700403,11.439504966617807,True,False
AEHR,bull_flag,109.4800033569336,91.73999786376953,92.13999938964844,36.869023186378215,15.0,7.0,44.98577628132169,0.7841360659413025,False,,,,,,,,,,-15.83851245487469,0.4341236471983793,False,-650.0,False,26.798150818437502,,,-650.0,-450.0,,,,,33.68585421250621,-43.666357131152026,-26.5293986471419,-16.388444241176913,82.63356928148937,4.340348037231889,-9.89151244416082,-22.144935765490803,-43.666357131152026,True,False
NRXS,bull_flag,7.980000019073486,7.0,7.150000095367432,36.37961600781712,13.0,4.0,36.714983857796575,0.38774833280960863,False,,,,,,,,,,-10.401001525341117,2.0979034037302804,False,,False,,,,,,,,,,115.71694445500769,79.5203510280186,27.190162448352197,21.71970748171761,19.952446788727784,66.08182604141813,19.3135686591555,-9.246537805088106,21.71970748171761,True,False
ILMN,bull_flag,309.3500061035156,262.8900146484375,273.5400085449219,36.0858489006159,10.0,8.0,15.158998789675115,0.6072718953531283,False,,,,,,,,,,-11.575883902394656,3.8933953219992636,False,-77.82805429864254,True,22.79745332210648,-9.395973154362414,6.0975609756097615,86.20689655172397,-77.82805429864254,55.17241379310347,-59.72222222222223,120.40816326530614,-34.228187919463096,9.442870632672328,4.8030739673391,4.98188405797102,0.37037037037037646,6.232813932172321,-5.867126833477132,6.918819188191883,2.3607176581680767,0.37037037037037646,True,False
TITN,bull_flag,25.950000762939453,22.229999542236328,25.200000762939453,35.89025547791363,11.0,15.0,31.82528805130857,0.43394702121181367,False,,,,,,,,,,-2.890173325432476,11.78571877295725,False,-28.57142857142857,False,48.46326286332176,,,,-28.57142857142857,,,-3279.9999999999995,,-9.158056168630335,-12.1067880794702,-15.539246842763921,-5.194579773588459,-4.976635827107034,-18.61132534062493,-0.41504398690478395,17.95009754294268,-15.539246842763921,True,False
CVI,bull_flag,58.560001373291016,49.7599983215332,57.41999816894531,35.03521351416048,15.0,12.0,28.21249259926839,0.8258953854330153,False,,,,,,,,,,-1.9467267377245214,13.340299706862229,False,-489.2857142857145,False,21.797787968854166,,,-489.2857142857145,,,,-129.30107526881721,,,,,,,,,,,False,False
RFAI,bull_flag,50.79999923706055,35.0,37.54999923706055,34.88532270041396,11.0,4.0,43.17959246015345,0.2598870056497175,False,,,,,,,,,,-26.082677557076845,6.790943512307149,False,,False,,,,,,,,,,,,,,,,,,,False,False
SMTC,bull_flag,201.99000549316406,167.11000061035156,197.1999969482422,34.638117628815635,15.0,7.0,32.38805858462884,0.8252151575410522,False,,,,,,,,,,-2.3714086908542527,15.258619068735662,False,-141.97530864197532,False,47.79670898894676,22.72727272727273,-141.97530864197532,,,,,,-240.9090909090909,16.098779377080596,9.287853154462633,12.81177323131888,19.61647542958831,6.074734091842338,2.7741157226033764,3.7358882371628432,2.660393192511612,9.287853154462633,True,False
BE,bull_flag,302.35400390625,251.3000030517578,286.6499938964844,34.04265375115838,15.0,9.0,35.92481455562115,0.8294792332381656,False,,,,,,,,,,-5.193915015802113,12.332109400808926,False,65.44129822818347,False,20.79797928667824,,65.44129822818347,,,-99.76979281353218,,,,133.78948951018285,36.28098998656175,59.520627975487585,21.377789349547417,-3.411645196146307,50.539320633275594,29.545293951384966,24.116243085616198,21.377789349547417,True,False
ABSI,bull_flag,11.800000190734863,10.552000045776367,11.529999732971191,33.955230209745494,10.0,3.0,7.9853616258991345,0.8138097269213345,False,,,,,,,,,,-2.2881394355880698,8.48221777835897,False,,False,40.79815335614584,,,,,,,,,-46.37436762225969,-81.76420695504665,-2.2556390977443663,-77.77777777777779,47.906976744186046,-66.92307692307693,71.95767195767195,-36.25632377740303,-81.76420695504665,True,False
MRNA,bull_flag,208.9029998779297,183.27999877929688,203.2100067138672,33.786577294854055,6.0,7.0,23.455296101070225,0.8327062219582486,False,,,,,,,,,,-2.725184974552372,9.807591789824135,False,-1800.0,False,29.46386320642361,,,,-1800.0,,,,,2.1126760563380254,260.18518518518516,-29.81366459627329,-45.43501611170784,-62.724935732647815,-42.62536873156342,-33.26771653543307,615.4929577464789,-45.43501611170784,True,False
RSKD,bull_flag,8.100000381469727,7.764999866485596,7.809999942779541,33.61486056540643,15.0,3.0,7.286432040393623,0.662386661510034,False,,,,,,,,,,-3.5802521608963875,0.5761853600978389,False,,False,35.463479346944446,,,,,,,,,,,,,,,,,,False,False
MTC,bull_flag,5.671999931335449,4.801000118255615,4.989999771118164,33.08270501473145,15.0,6.0,38.56059471711363,0.29451940696318507,False,,,,,,,,,,-12.023980403270404,3.787568367366831,False,,False,,,,,,,,,,,,,,,,,,,False,False
QMCO,bull_flag,35.650001525878906,29.850000381469727,33.470001220703125,32.94167186992123,7.0,7.0,23.31209980608218,0.7955066068273615,False,,,,,,,,,,-6.115007606923338,10.81565792413004,False,,False,33.796877684988424,,,,,,,,,25.692996920013698,27.310121933303954,8.59297653019626,-12.709127856804836,3.601559094289297,4.569222106025261,18.92848600813202,-2.4437669165914833,-12.709127856804836,True,False
BFLY,bull_flag,9.949999809265137,8.479999542236328,9.380000114440918,32.16292132950238,10.0,7.0,40.61136771475059,0.7606529053636173,False,,,,,,,,,,-5.728640258801336,9.594888712410567,False,,False,23.46465184070602,,,,,,,,,39.468844887311306,24.994110718492337,40.98514674302076,4.513399153737652,22.924990576705607,-15.812521816393232,46.647121783237935,-8.099901637942096,4.513399153737652,True,False
OBIO,bull_flag,6.5,5.75,6.03000020980835,31.856546451385736,11.0,10.0,33.11257776233935,0.6304030373831776,False,,,,,,,,,,-7.230766002948467,4.643452737412903,False,,False,29.79707638798611,,,,,,-217.8571428571429,,,-89.47368421052632,-87.32718894009217,12120.158102766798,-12.765957446808507,-19.999999999999996,-99.64420868777695,3490.8246225319394,2.9904306220095656,-89.47368421052632,True,False
FSLY,bull_flag,28.280000686645508,24.139999389648438,26.010000228881836,30.59226581810972,15.0,7.0,40.6400146484375,0.5613446254890435,False,,,,,,,,,,-8.026875539771893,7.189545646973603,False,,False,28.797566626238424,,,,,,,,,23.27229690200323,19.75926464277309,22.78647593168255,15.317843243006868,5.950722744637926,0.2369476050332553,9.094126644040369,6.39772979443074,15.317843243006868,True,False
VGZ,bull_flag,2.799999952316284,2.549999952316284,2.680000066757202,30.555547277132987,5.0,10.0,40.90909747709736,0.6823188217497425,False,,,,,,,,,,-4.285710271523855,4.8507504180109215,False,,False,22.796499831377314,,,,,,,,,,,,,,,,,,False,False
RBRK,bull_flag,124.26499938964844,111.41000366210938,122.68000030517578,30.513553775432012,11.0,5.0,6.353982622636625,0.7877227212662733,False,,,,,,,,,,-1.2754992091559856,9.186498708046493,False,-107.73286467486818,False,57.79688024666667,,,-107.73286467486818,,,,,,37.888078487058664,38.992606317845734,46.3324292909725,48.263597794883516,10.383705188752357,2.484616769574566,7.858558512248481,13.007809978700058,37.888078487058664,True,False
KRSA,bull_flag,32.63999938964844,29.5,30.719999313354492,30.293162442347544,14.0,3.0,33.6021481256071,0.6831279013926685,False,,,,,,,,,,-5.88235328491722,3.9713520202591224,False,-160.8695652173913,False,,,,-160.8695652173913,,,,,,-90.48640915593705,-75.42997542997543,,,-66.75,-46.59546061415221,-26.13412228796844,-27.467811158798284,-90.48640915593705,False,False
JWEL,bull_flag,2.700000047683716,2.3499999046325684,2.494999885559082,29.850741665639656,12.0,6.0,43.33333863152482,0.21801056742476455,False,,,,,,,,,,-7.592598463118545,5.8116227485927086,False,,False,,,,,,,,,,,,,,,,,,,False,False
MRAM,bull_flag,19.770000457763672,17.934999465942383,18.219999313354492,29.645089138021106,9.0,4.0,16.314549602602053,0.7803898267211083,False,,,,,,,,,,-7.840167468486299,1.5642143696636504,False,-100.0,False,35.79718992400463,,,-28.57142857142856,-100.0,,-120.0,,,41.9286417695629,13.19835591414218,11.779808200558794,16.265608203092707,25.98171059709522,0.4661217320813371,5.284495021337121,6.507082796757824,11.779808200558794,True,False
CRWD,bull_flag,274.2300109863281,246.50999450683594,272.6700134277344,29.038438991809755,14.0,8.0,27.052645799983523,0.6012012416350442,False,,,,,,,,,,-0.568864637748027,9.594021209754924,False,,False,55.797816778402776,,,,,-90.9090909090909,,,,25.83040193267132,25.574252741894842,23.318671601775275,22.180843376117878,6.153739565208283,6.147965144115686,5.763123012953675,5.585515915110295,22.180843376117878,True,False
PDFS,bull_flag,56.97999954223633,53.849998474121094,54.439998626708984,28.89908679348432,12.0,3.0,0.0,0.726223969531298,False,,,,,,,,,,-4.4577061002686955,1.083762247375276,False,-99.99999999999997,False,29.79700804662037,233.33333333333334,,-99.99999999999997,-50.0,-16.666666666666664,3.458764513820541e+18,-99.99999999999999,0.0,18.947185276832656,25.852903009753447,24.594189877208738,23.068801310090727,2.3266256444370637,-3.642453087191322,9.258513525343615,10.4140890813486,18.947185276832656,True,False
ANF,bull_flag,144.49000549316406,130.80999755859375,141.38999938964844,28.457297915101588,15.0,14.0,29.299782048936944,0.40599714568796774,False,,,,,,,,,,-2.145481338266188,7.482850185109541,False,-7.547169811320764,True,49.46473752167824,43.29896907216495,-7.547169811320764,1.4084507042253946,-5.600000000000005,183.6734693877551,-59.16666666666668,52.54237288135597,-18.900343642611695,4.809773614880508,1.5045871225204177,5.355800966233559,6.753953378341482,13.724646958532837,-33.29622314501959,29.37993319484682,6.789815979347313,1.5045871225204177,True,False
WATT,bull_flag,13.949999809265137,12.550000190734863,12.8100004196167,28.334866201773103,8.0,6.0,45.454534195108145,0.8013939551849921,False,,,,,,,,,,-8.172038747206914,2.0296660450040456,False,-94.70712773465067,False,,,,-94.70712773465067,,,-157.33333333333331,,,216.82051282051282,798.5422740524781,610.2803738317757,453.04347826086956,0.2271252433484694,1.3815789473684115,138.99371069182388,30.461538461538453,216.82051282051282,True,False
XERS,bull_flag,10.239999771118164,9.039999961853027,10.130000114440918,28.27762561824112,9.0,4.0,42.72726661902628,0.8077145391191206,False,,,,,,,,,,-1.0742154212493171,10.760119844757263,False,,False,29.46302349613426,,,,,-1900.0,-85.71428571428571,,,28.740966465843808,38.270762986742966,42.77608612456114,37.06051448367362,10.79432675304053,-3.123288309811556,15.36300080666846,3.9712604313731026,28.740966465843808,True,False
ALNT,bull_flag,121.41999816894531,116.70999908447266,117.23999786376953,28.050792976744464,13.0,3.0,0.0,0.7856198606349847,False,,,,,,,,,,-3.442596251203757,0.4520631089679161,False,52.380952380952394,True,28.798102853657408,79.41176470588233,52.380952380952394,123.52941176470584,200.0,90.625,-15.789473684210531,-2.564102564102566,14.705882352941169,10.167791485764234,4.60230567080564,17.493648061634293,10.805587279276118,10.69358960515423,-3.0965302677288364,3.3234109108207344,-0.5982318130364428,4.60230567080564,True,False
MOVE,bull_flag,12.039999961853027,10.010000228881836,11.350000381469727,27.939459556438194,14.0,15.0,40.83332075012855,0.3018230791321312,False,,,,,,,,,,-5.730893542935741,11.806168348466366,False,-195.37444933920702,False,,,,-195.37444933920702,,,,,,,,,,,,,,,False,False
CEVA,bull_flag,37.33000183105469,35.869998931884766,36.16999816894531,27.86176954574,13.0,3.0,0.0,0.7724452200891992,False,,,,,,,,,,-3.1074299630608975,0.8294145762996443,False,-600.0,False,33.464543838356484,,-55.555555555555515,,-600.0,-362.4999999999998,,,,35.58585905758185,54.47582028123927,6.795874230577281,17.83718104495746,7.434132622853751,5.241841264896019,5.910497009692728,13.225610610376881,6.795874230577281,True,False
DDOG,bull_flag,282.0,259.260009765625,276.4150085449219,27.812404351313468,14.0,5.0,16.14503126524215,0.7379744083716258,False,,,,,,,,,,-1.9804934237865692,6.206247218485935,False,-28.57142857142857,True,29.46442669903935,1100.0,114.28571428571428,-7.1428571428571725,-28.57142857142857,-19.999999999999996,15.384615384615397,29.99999999999996,900.0,35.64444336929702,32.154426546806334,29.20687462977498,28.35224110745258,11.429354964994953,5.584592433439584,7.626367496903397,7.123107068556767,28.35224110745258,True,False
AMAT,bull_flag,547.25,526.52001953125,530.27001953125,27.42548547619559,11.0,3.0,2.440281494697195,0.7645603877050245,False,,,,,,,,,,-3.1027830915943353,0.7071868787367874,False,12.918660287081352,True,36.798096981620375,42.79279279279278,33.460076045627375,75.17241379310346,12.918660287081352,-9.686609686609682,38.188976377952756,7.627118644067776,6.3063063063063085,24.82881402355519,11.40845070422536,-2.149037119732067,-3.477643718949608,15.233881163084707,12.806617227609806,3.117647058823536,-6.874828814023559,-3.477643718949608,True,False
GCTS,bull_flag,2.2699999809265137,2.0199999809265137,2.0899999141693115,27.167631412047122,13.0,9.0,38.297884212785014,0.8186789660988933,False,,,,,,,,,,-7.929518425975232,3.3492792400721187,False,,False,35.797557482546296,,,,,,,,,-17.85109983079526,287.0967741935484,-57.535014005602235,-83.52490421455938,-49.427083333333336,153.2981530343008,76.27906976744185,-63.62098138747885,-83.52490421455938,True,False
NET,bull_flag,366.1310119628906,342.1099853515625,359.489990234375,26.914517851939856,15.0,5.0,15.8252411791895,0.834266154771266,False,,,,,,,,,,-1.8138375367090533,4.834628322051843,False,,False,22.79712948903935,,,,,,,,,35.86555953747297,33.536288816018796,33.604162227739785,30.6790333006264,8.801181702370432,4.108659461975206,9.337629686829985,9.703190999305122,30.6790333006264,True,False
CTKB,bull_flag,6.105000019073486,5.65500020980835,6.090000152587891,26.71080585581267,12.0,5.0,7.0247596798963405,0.7883103507988444,False,,,,,,,,,,-0.24569805796449662,7.142856024308829,False,,False,28.797817487129628,,,,,,,-100.0,,5.56554537081706,6.459705236751323,8.116431206068619,1.5398058252427127,9.074430723915249,-28.97603836436491,18.83234849788691,14.67260207885619,1.5398058252427127,True,False
OKTA,bull_flag,219.67999267578125,190.5,218.2899932861328,26.65645548277351,15.0,7.0,37.11197367446962,0.7709721021287832,False,,,,,,,,,,-0.6327382720282104,12.730768308607674,False,19.999999999999996,False,55.797049389571754,75.67567567567568,19.999999999999996,133.3333333333334,,54.761904761904766,19.99999999999997,45.83333333333337,-35.13513513513513,10.576923076923084,11.191860465116289,11.58357771260996,11.578947368421044,5.228758169934644,0.5256241787122251,2.5606469002695365,1.9230769230769162,10.576923076923084,True,False
LRCX,bull_flag,352.55999755859375,330.8500061035156,333.8900146484375,26.457411162691578,11.0,3.0,12.99966118123373,0.7175466889238253,False,,,,,,,,,,-5.2955477193788525,0.9104820184942602,False,35.074626865671576,True,14.797279809976853,35.074626865671576,40.77669902912619,36.95652173913042,44.18604651162792,24.827586206896534,15.07936507936507,1.6129032258064502,-7.462686567164201,29.988921747003182,23.75575058128141,22.137422198618985,27.740010978949982,15.07749395359539,9.293104257958817,0.3872526305963353,2.9543297134833946,22.137422198618985,True,True
RVTY,bull_flag,166.25,148.30999755859375,153.3000030517578,26.418055484761148,14.0,4.0,14.334905378783356,0.8104079263269228,False,,,,,,,,,,-7.78947184856673,3.255058965314773,False,-48.051948051948045,True,27.463478017430553,2.1739130434782483,2.857142857142869,11.688311688311636,-48.051948051948045,30.555555555555557,-58.13953488372092,114.99999999999994,-13.043478260869568,1.3055961259725413,6.973322783191582,5.852157746664255,2.178206531988214,2.611380952247022,-7.892950770410434,10.459561427228593,-2.962026089709058,1.3055961259725413,True,False
VCYT,bull_flag,49.0,44.18000030517578,47.66999816894531,26.07792445591517,6.0,7.0,43.426296939959556,0.7597015722382845,False,,,,,,,,,,-2.7142894511320153,7.321162151927867,False,26.315789473684205,False,27.796520756909725,,288.88888888888886,614.2857142857144,26.315789473684205,-11.428571428571422,-29.999999999999993,108.3333333333333,,15.48584862173874,21.488036480218042,18.548115179715417,13.820127740376309,8.08939318765236,-1.1128018430558329,6.645838388740599,1.312190774714983,13.820127740376309,True,False
SLGL,bull_flag,79.01000213623047,70.75,78.94999694824219,25.303644245753,7.0,3.0,23.5333251953125,0.7073880162885398,True,,,,,,,,,,-0.07594631865066807,10.386316992029675,False,,False,43.463385583032405,,,,,,,,,,,,,,,,,,False,False
QLYS,bull_flag,198.89999389648438,184.3800048828125,198.67999267578125,24.567473029572273,13.0,3.0,7.638115398937588,0.8113812978085984,False,,,,,,,,,,-0.11060896302371058,7.197497644518433,False,10.077519379844958,True,27.796917593553243,16.279069767441868,10.077519379844958,23.529411764705888,12.096774193548377,5.633802816901423,-3.4013605442177353,5.7553956834532904,7.751937984496116,11.040338408650396,9.843088449583792,10.107983491529037,10.408339669974719,3.721859734226074,0.2031012882098615,3.1786769640103074,3.5474393826724127,9.843088449583792,True,False
JILL,bull_flag,25.135000228881836,22.860000610351562,24.6200008392334,24.509801597320745,9.0,12.0,24.966004873373695,0.8492779251399941,False,,,,,,,,,,-2.0489333000151237,7.148660312298502,False,-309.0909090909091,True,63.46404302850694,60.86956521739133,-59.210526315789465,-309.0909090909091,-25.00000000000001,258.0645161290323,,-138.3333333333333,-13.043478260869556,0.9411917014596982,-5.998233903851647,-3.084981725860003,-0.4342554397248177,7.712020114108897,4.192185622062761,-8.038651179721368,-2.194387804641229,-5.998233903851647,True,False
CBRL,bull_flag,57.20000076293945,51.650001525878906,56.31999969482422,24.317441056662293,8.0,6.0,19.790659833844682,0.5439107949936262,False,,,,,,,,,,-1.5384633852756822,8.291900202858992,False,-600.0,True,63.464547099930556,86.20689655172413,239.28571428571422,-93.93939393939394,-600.0,-71.57894736842105,3066.666666666667,,-479.3103448275862,-2.1505537384981066,-2.8959492027615052,-7.859588662357453,-5.668160394940647,6.51832844850615,-8.853280171738776,9.737853555246701,-8.159016784388184,-7.859588662357453,True,False
DBI,bull_flag,6.329999923706055,5.800000190734863,5.940000057220459,24.077664900610586,12.0,10.0,43.790190900477754,0.6869616036467769,False,,,,,,,,,,-6.16113540578466,2.3569000864809198,False,45.83333333333333,False,62.46440853832176,47.61904761904763,,,45.83333333333333,1450.0,,-202.85714285714283,66.66666666666666,-1.2292390232036432,1.3744178632104198,0.002382380474563739,-3.1887791207858007,4.957851655058509,-2.4158163873041816,-5.159680015310785,1.6812843763936325,-3.1887791207858007,True,False
XMTR,bull_flag,108.55000305175781,96.16000366210938,107.69999694824219,23.759580465117036,9.0,8.0,43.898793980651014,0.834974231205859,False,,,,,,,,,,-0.7830548867975,10.714943001974857,False,,False,27.463019890115742,,,,,,,,,41.054587288599606,35.87907611395566,29.52082183296756,27.535321599457994,11.768663046339544,6.621690454162721,6.464875632902634,11.177074938325537,27.535321599457994,True,False
AMBQ,bull_flag,72.26000213623047,63.314998626708984,65.91999816894531,23.675350944710473,15.0,6.0,48.465583779999335,0.8255821225323633,False,,,,,,,,,,-8.77387735933423,3.9517591240825225,False,,False,29.464770369583334,,,,,,-101.47058823529412,,,89.67716667599173,59.2931604373252,2.358630218099278,-10.305155046415171,35.27932960893854,20.80601619745468,14.197632810349582,1.633749230683157,-10.305155046415171,True,False
DSP,bull_flag,12.989999771118164,11.789999961853027,12.140000343322754,23.153688511327776,5.0,7.0,23.70690789149158,0.38444231072385676,False,,,,,,,,,,-6.543490706484002,2.8830343622043952,False,-250.0,False,33.797693158877316,-250.0,,218.18181818181813,-33.333333333333336,,-108.57142857142857,483.3333333333333,200.0,33.91134574133303,25.333371082358937,22.286628023186083,7.08190485723581,17.75057037656147,-19.601540082089286,28.67659087191232,9.927684225399158,7.08190485723581,True,False
HPE,bull_flag,70.29000091552734,60.68000030517578,68.36000061035156,22.864481435173722,15.0,7.0,24.025523906152884,0.6466771224273115,False,,,,,,,,,,-2.745767932903009,11.234640486549118,False,-87.25490196078431,False,57.797470076145835,404.7619047619048,,-29.54545454545454,-87.25490196078431,140.9090909090909,41.93548387096775,138.46153846153854,-38.095238095238116,32.95819935691318,39.10428662827896,18.10945273631841,14.328703703703694,14.110937356268982,14.479780960404387,-3.867179591010328,5.873526259378359,14.328703703703694,True,False
PRLB,bull_flag,99.41999816894531,93.61000061035156,98.68000030517578,22.51865724193469,9.0,5.0,18.472767867278563,0.8222932244145064,False,,,,,,,,,,-0.7443149038406198,5.137818888472679,False,3.4482758620689724,False,23.46358506480324,105.55555555555559,120.00000000000001,,3.4482758620689724,12.12121212121211,32.00000000000001,-16.666666666666664,66.66666666666667,10.571362993565959,10.40450061408027,12.10924024640656,7.7591765576863425,7.180484584027091,2.082890697691453,0.8325576584962358,0.22433975255991,7.7591765576863425,True,False
A,bull_flag,176.78643688258376,165.82277698871337,169.3300018310547,22.421750182503985,12.0,6.0,28.482393961088064,0.8405805939520657,False,,,,,,,,,,-4.217764203529601,2.0712365230117773,False,-3.603603603603611,True,49.79815254670139,8.47457627118644,59.999999999999986,-3.603603603603611,24.39024390243909,6.666666666666665,12.149532710280365,-30.065359477124186,29.661016949152575,8.055235903337167,10.011990407673865,6.960142772159439,9.406231628453842,2.3433242506812,2.057842046718572,-3.3852767329392797,7.077100115074808,6.960142772159439,True,False
KLIC,bull_flag,101.94000244140625,97.16999816894531,97.91999816894531,22.195843911247447,12.0,3.0,0.0,0.7596964435932774,False,,,,,,,,,,-3.943500270928071,0.7659313868715508,False,-78.80794701986756,False,42.79736658015047,,,-78.80794701986756,-31.428571428571452,62.12121212121213,106.25,122.2222222222221,,122.6280716648811,49.778993246329925,20.166261346945657,-2.074244839206041,36.18318282424027,21.5383844708829,12.42805167888803,19.63776758100706,-2.074244839206041,True,False
ASYS,bull_flag,18.25,16.559999465942383,17.760000228881836,22.042623286933562,11.0,5.0,1.6667042838083002,0.8092862889323067,False,,,,,,,,,,-2.684930252702269,6.756760965509316,False,-50.0,False,63.797991272094905,900.0,,-50.0,,25.0,700.0,-87.50000000000001,700.0000000000007,14.450069028992175,31.373555840821577,-22.193971703916336,-17.70902455209025,9.356068008598783,7.879618405101985,-4.379598830763031,1.4572787237306262,-22.193971703916336,True,False
TLYS,bull_flag,4.840000152587891,4.369999885559082,4.610000133514404,21.882948612910447,6.0,4.0,48.83722413095724,0.49734637949668054,False,,,,,,,,,,-4.752066359967118,5.206078980573903,False,-94.11764705882352,True,56.796575927141205,19.999999999999996,-37.5,-94.11764705882352,-33.333333333333336,259.99999999999994,150.0,-90.9090909090909,46.66666666666668,51.943574541636075,-13.053359546018594,-14.2938716867137,30.555171937577686,31.102166487596005,-10.652138093088903,-7.7147352832284355,40.55812138164314,-14.2938716867137,True,False
TER,bull_flag,451.8599853515625,401.239990234375,430.32000732421875,21.783107167681482,12.0,4.0,0.0,0.8461864080658816,False,,,,,,,,,,-4.766958510518454,6.7577655221440365,False,-15.73033707865169,True,14.79659791298611,385.71428571428567,314.75409836065575,82.02247191011234,-15.73033707865169,-5.928853754940711,56.17283950617282,116.00000000000001,53.06122448979591,,,,,7.575783454696938,4.6785914362566405,-27.769080543721415,,,False,False
FTRE,bull_flag,21.200000762939453,19.049999237060547,21.110000610351562,21.679566355962354,9.0,9.0,37.91212361298003,0.7825300948178937,False,,,,,,,,,,-0.4245290063631667,9.758414560541828,False,,False,22.464253432835648,,,,,,,,,-4.519217232155426,-2.2723783202825087,-5.236728837876614,3.9116906208327196,6.551453260015716,-3.6336109008327067,-5.8177670041351774,-1.2670702520061972,-5.236728837876614,True,False
OCC,bull_flag,18.81999969482422,16.530000686645508,16.729999542236328,21.498604383095255,15.0,3.0,26.71008213712467,0.8334395774519625,False,,,,,,,,,,-11.105208217206677,1.1954504546512745,False,,False,71.46375663766204,,,,,-280.0,-44.44444444444444,800.0,,21.99187032893992,26.57529897295392,4.372449637820708,1.762145465117393,9.378811564747181,35.19388252234883,-17.136447460172967,-0.44178519780092573,1.762145465117393,True,False
PAYS,bull_flag,14.90999984741211,13.75,14.359999656677246,21.48900192413077,11.0,3.0,24.015734875532356,0.8053939426893589,False,,,,,,,,,,-3.6888007804394807,4.247908574242917,False,0.0,True,35.79700817591435,450.0,79.99999999999999,0.0,33.33333333333335,22.222222222222232,349.9999999999999,-49.999999999999986,100.0,48.08443370347535,50.75921802755747,45.80637439089279,41.55655408529033,0.76197934662805,23.217677404316795,5.365310028792658,13.198859461296264,41.55655408529033,True,False
GNRC,bull_flag,227.14999389648438,201.9499969482422,223.6199951171875,21.24778763685007,10.0,5.0,27.614959930808226,0.48993074589774516,False,,,,,,,,,,-1.5540386855152406,9.690545855521195,False,-119.1588785046729,True,21.464166017986113,92.0,69.86301369863016,-119.1588785046729,-40.74074074074073,93.54838709677418,,-136.60714285714286,-10.399999999999988,10.586532399646043,12.444685979826374,-11.604865885272197,-5.0453192542709635,10.77485097204458,-2.9444692827511387,-2.0504274677772716,5.011831291716962,-11.604865885272197,True,False
ROG,bull_flag,162.7100067138672,156.10000610351562,156.60000610351562,21.245138561679223,11.0,3.0,0.0,0.739023259219486,False,,,,,,,,,,-3.755147414563304,0.3192847895992356,False,-1009.0909090909091,False,22.796815720092592,,,-17.24137931034483,-1009.0909090909091,24.99999999999989,-58.33333333333329,,,5.249343832021003,4.8387096774193505,2.710413694721825,-5.3221288515406195,-0.496277915632759,-6.7129629629629655,6.5088757396449815,6.45669291338582,-5.3221288515406195,True,False
TENB,bull_flag,38.72999954223633,35.40999984741211,38.5099983215332,20.85685370972017,13.0,3.0,15.605091285480336,0.5190748224352955,False,,,,,,,,,,-0.5680382734402216,8.049853568515225,False,-200.0,False,21.79659708759259,,,-200.0,,200.0,,-150.00000000000006,,8.578014112699407,9.584882305958509,10.521314549210746,11.163954061861482,2.461287195964257,0.5853385175774273,3.2059103153224466,2.080511130431262,8.578014112699407,True,False
ENTG,bull_flag,169.6300048828125,151.88999938964844,166.88999938964844,20.424835922313143,11.0,5.0,10.971447172619047,0.8126792677039623,False,,,,,,,,,,-1.6152835078068724,8.987956171644875,False,-50.74626865671641,True,22.46431759105324,74.28571428571429,46.34146341463414,-50.74626865671641,-9.80392156862745,1.6666666666666607,81.81818181818177,-28.260869565217384,31.428571428571452,11.45885916203937,5.005173305742372,-3.0486886449645145,-0.07428500680946026,8.78186968838528,-1.4564874377958503,2.0815264527320076,1.8551236749116518,-3.0486886449645145,True,False
BRKR,bull_flag,66.9800033569336,59.29999923706055,60.5,20.265056991603146,10.0,6.0,37.32571983806595,0.8399204849710673,False,,,,,,,,,,-9.67453423733339,1.9834723354371124,False,-919.9999999999999,True,27.46461030241898,-919.9999999999999,-81.81818181818181,11.111111111111116,-251.85185185185182,-2150.0,-80.0,,-919.9999999999999,5.1542513167795345,2.7451959071624676,-0.24499795835034588,-0.45118000925497004,1.8338596065095913,-15.738845681539093,13.561882626380006,7.913217958364682,-0.45118000925497004,True,False
PANW,bull_flag,409.5,387.0199890136719,406.760009765625,20.160291816904863,13.0,3.0,15.436555624989987,0.7253391337285066,False,,,,,,,,,,-0.6691062843406593,4.852989546176705,False,-227.77777777777771,True,43.7970099794213,-227.77777777777771,-159.45945945945948,60.52631578947367,-4.081632653061229,,-136.0655737704918,29.78723404255319,30.555555555555515,34.43721663709836,31.14897335080822,14.931324767390342,15.661524076671341,13.590939373750842,15.728604471858132,4.850444624090544,-2.464025231618372,14.931324767390342,True,False
BB,bull_flag,9.720000267028809,9.0,9.579999923706055,20.157074157104482,11.0,3.0,11.688328175339786,0.7587916979076279,False,,,,,,,,,,-1.44033271066513,6.0542790013058765,False,,False,71.79798604125,,,,,149.99999999999994,0.0,,,26.003086419753085,25.636811832374697,10.091743119266061,-1.253481894150421,6.801831262262925,-1.9871794871794912,10.014104372355437,9.41358024691359,-1.253481894150421,True,False
AGCC,bull_flag,15.5,13.880000114440918,15.0,19.61722524426117,6.0,6.0,45.52844992647792,0.36424523441524986,False,,,,,,,,,,-3.225806451612903,7.466665903727214,False,,False,,,,,,,,,,,,,,,,,,,False,False
AMKR,bull_flag,56.560001373291016,51.54999923706055,53.38999938964844,19.594269513384987,14.0,10.0,33.98927585583311,0.8039085711015628,False,,,,,,,,,,-5.6046709806827,3.4463385907897957,False,-18.518518518518523,True,19.79810284857639,266.6666666666667,58.13953488372094,4.081632653061229,-18.518518518518523,-51.470588235294116,33.33333333333333,131.81818181818184,144.44444444444446,27.476760683275646,15.893753552535795,6.735052688858811,3.415592750880281,-10.770129541335328,-4.978540167732948,31.46609218521734,14.362938160906502,3.415592750880281,True,False
NEWP,bull_flag,6.769999980926514,6.130000114440918,6.389999866485596,19.459457416037562,6.0,8.0,46.29629956678458,0.6100333781548604,False,,,,,,,,,,-5.613000229121312,4.068853794635112,False,,False,37.797122103125005,,,,,,,,,,,,,,,,,,False,False
TSEM,bull_flag,268.92999267578125,240.5399932861328,258.4100036621094,19.337293122474275,11.0,3.0,1.9437586879472755,0.848397976391231,False,,,,,,,,,,-3.911794630640044,6.915370969671497,False,,False,33.4632627362037,,,,,,,,,,,,,,,,,,False,False
MPWR,bull_flag,1491.6400146484375,1393.1300048828125,1473.68994140625,19.30223639273434,12.0,3.0,0.0,0.7660484926166252,False,,,,,,,,,,-1.2033783664899957,5.466545862867476,False,-88.11447811447812,True,22.797198481608795,85.76512455516013,39.5017793594306,-88.11447811447812,25.762711864406775,33.16326530612243,11.048158640226657,-4.85175202156336,32.02846975088966,47.55948923671405,26.135982206997376,20.829546459910087,18.876538212826887,21.942339138382327,7.059794583008827,1.8962907094099535,10.924592295214675,18.876538212826887,True,False
NBIS,bull_flag,250.47999572753906,228.3800048828125,232.57000732421875,19.300308734600847,15.0,7.0,38.33458004240231,0.810676102862826,False,,,,,,,,,,-7.150266970940863,1.801609110999896,False,,False,34.463854912962965,,,,,,,,,,,,,,,,,,False,False
AIP,bull_flag,25.149999618530273,22.540000915527344,23.969999313354492,18.520336672735425,6.0,8.0,43.6507756297403,0.8312290011199404,False,,,,,,,,,,-4.6918501911481885,5.96578405836853,False,,False,27.798152729722222,,,,,,,,,46.248939522482125,38.736994918945065,30.008393053134476,18.317134506898668,5.223229856993372,13.89978646273029,15.676700367647056,5.490243606835543,18.317134506898668,True,False
MU,bull_flag,1108.0,1045.260009765625,1045.56005859375,18.438295732150166,11.0,3.0,30.513929225095865,0.8440412894144833,False,,,,,,,,,,-5.635373773127257,0.028697426384913516,False,175.44910179640718,True,77.79718702597222,1368.452380952381,756.0283687943263,175.44910179640718,249.3827160493827,104.39105219552611,162.3913043478261,62.544169611307396,68.45238095238095,345.7155144608107,196.28709797590963,56.65403605465611,46.0,73.74685666387259,74.888221065748,20.574458683163943,21.65358563595312,46.0,True,True
FIVN,bull_flag,36.470001220703125,33.34000015258789,34.369998931884766,18.24793539756586,11.0,6.0,44.02174100833774,0.8324638984508159,False,,,,,,,,,,-5.758163472794839,2.9967960759560968,False,37.50000000000002,False,33.79761304075232,300.0,2000.0,37.50000000000002,,-80.95238095238095,-4.545454545454564,4.761904761904789,2000.0,10.299397392584432,9.157505228723117,7.75927653771622,8.195107918026201,2.3336248317333608,1.6774232221711483,5.055417168126741,0.9047936766818809,7.75927653771622,True,False
IDT,bull_flag,82.30999755859375,77.38135329263214,80.30999755859375,18.05167501347178,5.0,3.0,20.686883307168934,0.7700480325730827,False,,,,,,,,,,-2.4298384878170682,3.6466745797431823,False,1.1627906976744207,True,57.79748169038195,28.358208955223873,1.1627906976744207,4.999999999999982,30.88235294117647,-1.1494252873563315,3.571428571428581,-5.61797752808989,32.835820895522396,,,,,4.545921155024257,,,,,False,False
CLS,bull_flag,393.7200012207031,375.4100036621094,388.239990234375,18.036576875325427,13.0,3.0,0.0,0.6951526701180569,False,,,,,,,,,,-1.39185486369443,3.3046535377564643,False,74.17582417582416,True,19.79781874289352,74.17582417582416,147.29729729729732,77.51937984496129,208.0,73.22404371584699,-20.087336244541486,-0.8658008658008698,26.923076923076916,62.39026750535701,52.79770444763272,43.57151274698512,27.78555711142228,16.100815418828752,10.72806369531314,14.43018159048215,10.38916154005669,27.78555711142228,True,False
LPTH,bull_flag,11.3100004196167,10.640000343322754,10.869999885559082,17.934789200135715,14.0,3.0,12.727270625511878,0.8090123066333034,False,,,,,,,,,,-3.890367088708994,2.11591117440475,False,,False,36.79728405716435,,,,,,,,,,,,,17.112411638897406,78.36297222825492,23.472567516369747,,,False,False
KLAC,bull_flag,208.67999267578125,193.9499969482422,197.4600067138672,17.42949215019367,9.0,5.0,8.8447102948446,0.8444598784261093,False,,,,,,,,,,-5.376646710615023,1.7775800902869614,False,-350.11061946902646,True,21.79738069890046,-350.11061946902646,11.76470588235292,40.90909090909089,20.827389443651946,-347.9166666666667,5.069124423963123,2.4793388429751984,-6.305309734513298,15.208012244148428,11.493492226159141,7.159755217265973,12.956174132275411,7.100218501597921,3.576790351413006,2.724557092011204,1.1010346985785624,7.159755217265973,True,False
SWBI,bull_flag,14.800000190734863,13.850000381469727,14.520000457763672,17.386890631379792,15.0,7.0,19.411622609476982,0.5719177671572212,False,,,,,,,,,,-1.8918900632614695,4.6143254488377385,False,-60.00000000000001,False,57.796632494467595,,94.73684210526318,59.999999999999986,-60.00000000000001,-83.78378378378379,362.5,100.0,,32.335413801615,26.7300355917393,17.106614315916644,-3.862614609921422,-36.88680355851538,31.449645933578463,8.854576080853448,46.53784219001611,-3.862614609921422,True,False
BHE,bull_flag,88.61000061035156,85.87999725341797,85.95999908447266,17.359959004003844,13.0,3.0,0.0,0.7006255585344057,False,,,,,,,,,,-2.990634812803882,0.09306867369329531,False,-67.3469387755102,True,27.797952887164353,1733.3333333333335,259.99999999999994,-67.3469387755102,-7.14285714285714,52.77777777777779,124.99999999999996,-58.974358974358964,1200.0000000000002,16.796758812766456,6.585435902449754,6.184607822484378,3.330877346239758,11.436225104055598,-3.8768661034602525,3.305342859582705,5.548895718976921,3.330877346239758,True,False
AMRX,bull_flag,20.780000686645508,18.735000610351562,20.350000381469727,17.11711980039854,5.0,9.0,26.84208025452727,0.7753070647120182,False,,,,,,,,,,-2.069298801573792,7.936116662625461,False,157.1428571428571,False,22.464738193981482,157.1428571428571,375.0,,,-5.263157894736848,90.00000000000001,899.9999999999998,-85.71428571428572,9.894852782854024,3.8967818009260524,11.471449026581148,11.679535580268418,10.197378892458197,-11.27322339279816,3.7992996929305134,8.282172177532887,3.8967818009260524,True,False
GSIT,bull_flag,5.769999980926514,5.28000020980835,5.579999923706055,17.047820819463986,5.0,9.0,42.682906263719964,0.5133013028611003,False,,,,,,,,,,-3.2928952833367227,5.376339032249574,False,,False,22.797494600127315,,,,,,,,,0.46156294763648464,7.4111847696753275,12.22755818248984,41.62637362637363,-0.11077702168064141,3.999341672152723,-5.710738671632532,2.562470157568031,0.46156294763648464,True,False
SNDK,bull_flag,1802.0,1659.02001953125,1704.1600341796875,16.962840259648694,7.0,6.0,46.069112712012064,0.7066185187120837,False,,,,,,,,,,-5.429520855733213,2.6488131245353403,False,-48.630136986301366,False,22.796721835671296,,,615.2777777777778,-48.630136986301366,94.65914025184543,347.18446601941747,586.6666666666667,,371.59389794844816,251.03244837758112,61.24733475479744,22.570366436537448,50.67226890756302,96.69421487603307,31.065857885615245,21.409784324039972,22.570366436537448,True,False
VSXY,bull_flag,91.9739990234375,86.52999877929688,89.41000366210938,16.847543367192387,15.0,5.0,13.825621933334812,0.8155096742685661,False,,,,,,,,,,-2.7877393486769546,3.221121535456332,False,-8.298755186721984,False,57.46312252711805,990.0,,-8.298755186721984,,289.2857142857143,-74.6606334841629,,-330.0,10.418094585332426,15.299334811529942,7.68865685809208,9.279881217520414,3.26923076923078,-31.247245482591445,54.144021739130444,0.8910212474297463,7.68865685809208,True,False
NXDR,bull_flag,2.515000104904175,2.3399999141693115,2.4700000286102295,16.744180424526988,12.0,6.0,47.22225717557348,0.6301616703839514,False,,,,,,,,,,-1.7892673724425106,5.263162467008709,False,,False,28.797110125,,,,,,,,,14.53458897270059,13.830847607796803,6.5171398785797585,5.011431184270698,20.893804018226337,-11.240806574648454,0.8432755667798775,5.845482617178499,5.011431184270698,True,False
DT,bull_flag,60.67499923706055,55.64400100708008,60.209999084472656,16.683235706718747,12.0,7.0,36.18592990413697,0.737313511428042,False,,,,,,,,,,-0.7663785058671522,7.583454819500384,False,-89.07563025210084,True,28.46435490083333,-25.0,-50.0,-89.07563025210084,26.666666666666682,99.99999999999983,-53.84615384615381,-31.57894736842105,18.75,16.17244406084437,19.442453921579638,18.181943237598276,18.109243797966656,4.294021620564359,3.1510864778562686,4.37866635348052,3.456590461067277,16.17244406084437,True,False
PPLI,bull_flag,42.2400016784668,40.25,41.72999954223633,16.65275968998825,5.0,3.0,28.54757419556985,0.6513939177208589,False,,,,,,,,,,-1.2073913730227401,3.546608096025429,False,159.92217898832686,False,26.79692416814815,159.92217898832686,,,,,,,-110.50583657587549,-1.4689326718511309,-12.205669253414053,-53.92394639532139,-8.131931464174457,3.273404856547635,-51.85989620507636,48.94429062399859,33.06192709708131,-53.92394639532139,True,False
QUIK,bull_flag,12.180000305175781,11.380000114440918,11.489999771118164,16.48351229572935,11.0,3.0,16.96968470941826,0.7408396276128579,False,,,,,,,,,,-5.665028873311339,0.9573512521187922,False,,False,35.796885820729166,,,,,,,,,48.68456739896936,16.78612716763006,-39.18214402085369,-51.79377524352577,8.532963769550594,35.306723814626295,83.98225726959092,-44.96880933007865,-51.79377524352577,True,False
STAK,bull_flag,1.1299999952316284,1.0399999618530273,1.0499999523162842,15.957450653536398,5.0,3.0,33.333373069753705,0.03138759247331709,False,,,,,,,,,,-7.079649845391881,0.9523800873701953,False,,False,,,,,,,,,,,,,,,,,,,False,False
ADPT,bull_flag,29.959999084472656,27.145000457763672,29.84000015258789,15.950407360789164,7.0,9.0,23.70464548257172,0.822015865426289,False,,,,,,,,,,-0.40053049249576705,9.031500271592638,False,,False,28.798151963611108,,,,,,,-233.33333333333331,,21.525501452130634,35.14482390404821,51.03773783686971,102.37536341121998,0.9580382086519679,-1.1258213473584355,-23.721707298905002,59.60359381103619,21.525501452130634,True,False
BBCP,bull_flag,10.246252583622574,9.529999732971191,9.829999923706055,15.878372679010312,7.0,15.0,44.81434032568842,0.48432300124738165,False,,,,,,,,,,-4.062486811830604,3.0518839579172528,False,-43.750000000000014,False,98.79796745460649,28.57142857142856,,,-43.750000000000014,125.0,,-166.66666666666669,28.571428571428537,13.135228708886038,14.391858581590245,4.644486594555808,-3.152305944124445,9.30891180544866,19.354088081124775,-17.411445795318915,4.998991068299374,-3.152305944124445,True,False
KRT,bull_flag,55.36000061035156,51.76499938964844,54.68000030517578,15.800725502070678,10.0,7.0,32.40866922287539,0.8251664862683227,False,,,,,,,,,,-1.2283242371363532,5.331018469748293,False,-20.000000000000007,True,29.79730956137732,170.37037037037032,6.25,21.42857142857144,-20.000000000000007,329.4117647058823,-1.1102230246251565e-14,-5.555555555555525,-33.333333333333336,9.93337957511331,12.857060140507981,13.741404244016175,10.41491163508348,16.55023215644693,1.1503498620445196,-7.14687269105978,0.42746761731162763,9.93337957511331,True,False
FIGS,bull_flag,14.255000114440918,13.199999809265137,13.630000114440918,15.78946823296581,5.0,3.0,34.92063812437935,0.7533839883258693,False,,,,,,,,,,-4.384426481812852,3.154807788447471,False,275.0,False,29.79761980605324,275.0,,900.0,,400.0,-70.0,100.0,25.0,28.812237945492658,28.02299421141543,32.974162061766044,8.167806631528652,22.96218934097134,-20.79981772793914,33.12321559267048,-0.6413784067085926,8.167806631528652,True,False
NVMI,bull_flag,402.04998779296875,388.55999755859375,394.4800109863281,15.523685389069719,13.0,3.0,0.0,0.40830025413227483,False,,,,,,,,,,-1.8828446801343275,1.50071315728582,False,,False,29.46377672717593,,,,,,,,,,,,,,,,,,False,False
PPIH,bull_flag,32.58000183105469,30.5,32.43000030517578,15.083393252066092,15.0,7.0,29.80768789906457,0.6415679421615741,False,,,,,,,,,,-0.4604098141453369,5.951280564335228,False,-63.934426229508205,True,64.46361639608796,209.99999999999997,-63.934426229508205,165.21739130434767,148.38709677419354,40.90909090909092,-63.93442622950819,-20.779220779220797,670.0,,,,,11.893800408459976,7.586027111574567,14.258967703501968,,,False,False
GTBP,high_tight_flag,7.820000171661377,6.0,6.159999847412109,2739.99991763722,19.0,13.0,24.021233682234616,0.1264282484803492,False,,,,,,,,,,-21.22762516380606,2.5974001846660313,False,,False,,,,,,,-102.03703703703704,,,,,,,,,,,,False,False
NFE,high_tight_flag,7.130000114440918,5.445000171661377,5.869999885559082,2227.272711509516,20.0,8.0,15.591835261483553,0.34146215909568434,False,,,,,,,,,,-17.671812183142382,7.240199696481364,False,-3666.666666666667,False,33.79712607138889,,,,-3666.666666666667,,,,,19.44337273333099,-51.87759333404352,-7.211284110884197,-46.12283879761819,47.092552398846735,-43.224378565451026,35.74555380787123,5.361965557153381,-51.87759333404352,True,False
RFAI,high_tight_flag,50.79999923706055,31.0,37.54999923706055,303.7674755173119,24.0,10.0,23.06874096362273,0.051716819694837254,False,,,,,,,,,,-26.082677557076845,17.443407110900615,False,,False,,,,,,,,,,,,,,,,,,,False,False
MRNA,high_tight_flag,208.9029998779297,180.38800048828125,203.2100067138672,238.95283232415494,32.0,9.0,1.6876434512939322,0.6160962267088143,False,,,,,,,,,,-2.725184974552372,11.230749210948453,False,-1800.0,False,29.46386320642361,,,,-1800.0,,,,,2.1126760563380254,260.18518518518516,-29.81366459627329,-45.43501611170784,-62.724935732647815,-42.62536873156342,-33.26771653543307,615.4929577464789,-45.43501611170784,True,False
SWVL,high_tight_flag,4.570000171661377,3.640000104904175,3.799999952316284,217.03704697932054,33.0,10.0,21.843005606945514,0.05485819545266279,False,,,,,,,,,,-16.84901948406639,4.2105223531537606,False,,False,,,,,,,,,,,,,,,,,,,False,False
IGR,high_tight_flag,12.495190975791527,11.420000076293945,11.470000267028809,193.45505225101897,40.0,17.0,12.503960686740657,0.8279938584000425,False,,,,,,,,,,-8.204682191324219,0.4359214435120091,False,,False,,,,,,,,,,,,,,,,,,,False,False
RCEL,high_tight_flag,13.479999542236328,10.869999885559082,13.25,161.1363527745257,36.0,9.0,8.744709646174034,0.6054446565330616,False,,,,,,,,,,-1.7062281160743369,17.962265014648438,False,,False,29.79686792886574,,,,,,,,,17.90299572039944,4.0327421555252485,-4.288381287063469,-12.875116015262456,12.72031053294167,9.368366703000408,3.1603243179262552,-7.2917809722374605,-12.875116015262456,True,False
OABI,high_tight_flag,5.090000152587891,4.550000190734863,4.920000076293945,152.30769005047503,38.0,9.0,12.457908484674943,0.7054736355587234,False,,,,,,,,,,-3.339883520583251,7.520322760600226,False,,False,28.797100490752314,,,,,,,,,244.23915832691816,247.30380356283098,-22.473158089596446,-46.332694151486095,-7.014625355236714,72.24212034383955,274.09557838320677,-42.54554785732615,-46.332694151486095,True,False
REPL,high_tight_flag,13.829999923706055,12.069999694824219,13.149999618530273,151.77571041384743,39.0,9.0,17.241385587714984,0.4916431609165319,False,,,,,,,,,,-4.916849666862182,8.21292741472157,False,,False,29.463511680625,,,,,,,,,,,,,,,,,,False,False
TEAM,high_tight_flag,200.0,168.0500030517578,196.64999389648438,142.8945589139169,30.0,21.0,23.2515425493824,0.6005698432599842,False,,,,,,,,,,-1.6750030517578125,14.543601186065361,False,,False,29.796652890833336,,,,,,,,,27.603326918742745,31.712974565052665,23.308249051857686,20.607502561499125,-1.1473045729337494,12.64919010410921,10.733424871540521,3.4824436700704453,20.607502561499125,True,False
ABCL,high_tight_flag,15.015000343322754,11.779999732971191,13.779999732971191,142.47618175688243,37.0,12.0,12.700532986678647,0.7006539310623852,False,,,,,,,,,,-8.22511210198389,14.513788379941916,False,,False,33.798152061585654,,,,,,,,,-76.29360805431983,96.3400236127509,788.373935432759,37.6210235131397,-51.2928442573662,-81.46207696080617,400.88218872138464,-47.58253336455163,-76.29360805431983,True,False
AXTI,high_tight_flag,88.36000061035156,69.5999984741211,84.05999755859375,116.20231989717963,37.0,11.0,24.0456286107984,0.6293842472659027,False,,,,,,,,,,-4.866458829849825,17.2019979829209,False,,False,22.797969856238424,,,,,,,,,164.76577278290864,39.098987394089676,-8.221469826727745,18.227955170226263,76.75308275144852,16.852567162883545,-17.578250760150237,55.53021030377212,-8.221469826727745,True,False
HTFL,high_tight_flag,53.06999969482422,46.779998779296875,52.209999084472656,110.40629450331716,39.0,11.0,14.908003551693842,0.7794311581580511,False,,,,,,,,,,-1.6205023842037747,10.400307221592488,False,,False,35.79749120892361,,,,,,-106.98689956331877,,,47.57277081798084,41.34390538906061,49.17410578733224,49.01783989180137,21.859014585353798,7.038612632050323,6.165182816146597,6.567796610169485,41.34390538906061,True,False
OMER,high_tight_flag,21.239999771118164,16.5,18.510000228881836,104.55531522917508,34.0,23.0,24.481333260389782,0.6913388227897604,False,,,,,,,,,,-12.85310532794139,10.858996240019266,False,,False,36.797043430046294,,,,,-75.80645161290323,-56.64335664335665,,,-4.916011198506864,-65.6767165111196,-100.0,-100.0,188.37561912463357,,,-100.0,-100.0,True,False
RNG,high_tight_flag,81.9000015258789,67.97000122070312,79.05999755859375,103.17463861885243,31.0,21.0,21.63677583325996,0.7149854332718528,False,,,,,,,,,,-3.467648247097733,14.027316823114615,False,221.4285714285714,False,29.79681241480324,221.4285714285714,,,,28.57142857142858,34.61538461538463,36.842105263157876,35.7142857142857,5.901534176448031,5.251643640451209,4.803974535891897,4.909940617479647,1.9888264340677253,0.025775076742950986,0.8420821883489582,2.9427883390984455,4.803974535891897,True,False
AAMI,rainbow_convergence,96.16000366210938,90.95866216702186,96.16000366210938,,,,,,True,3.495767875252102,11.0,True,,,,,,,0.0,5.409048769761061,True,-12.61261261261264,True,22.464819321770833,171.4285714285714,25.92592592592593,-12.61261261261264,-6.666666666666677,11.764705882352944,-29.89690721649484,130.95238095238096,49.99999999999998,45.290423861852425,39.282735613010836,2.6221692491060766,17.140536149471973,10.838323353293422,-3.0197444831591147,19.41747572815533,13.186813186813184,2.6221692491060766,True,False
ABSI,rainbow_convergence,11.529999732971191,9.449680901869222,11.529999732971191,,,,,,True,12.665313957158924,11.0,True,,,,,,,0.0,18.04266157225563,False,,False,40.79815335614584,,,,,,,,,-46.37436762225969,-81.76420695504665,-2.2556390977443663,-77.77777777777779,47.906976744186046,-66.92307692307693,71.95767195767195,-36.25632377740303,-81.76420695504665,True,False
ACA,rainbow_convergence,146.75,145.24241391374034,146.75,,,,,,True,0.8626049980338847,12.0,True,,,,,,,0.0,1.0273159020508784,True,60.41666666666667,False,22.79815223931713,446.7213114754099,60.41666666666667,,335.2941176470588,766.2337662337663,-27.358490566037762,-28.378378378378343,21.311475409836067,1.7297297297297343,4.401022644265895,33.668567997598316,24.578388507183014,15.217771558509718,-35.80011229646266,11.619453497117082,23.212355212355206,1.7297297297297343,True,False
ADI,rainbow_convergence,420.54998779296875,384.63813941876674,420.54998779296875,,,,,,True,6.698563673210171,11.0,True,,,,,,,0.0,8.539257975649008,True,68.42105263157896,True,48.46481899363426,163.46153846153845,110.52631578947367,116.66666666666666,68.42105263157896,14.166666666666682,42.01183431952662,5.625000000000013,53.84615384615381,39.63239858517096,37.24892692157928,30.418327367328967,25.904989552657277,10.995938970019026,14.657071262739851,2.735461622558577,6.7967134526800255,25.904989552657277,True,True
ADX,rainbow_convergence,26.290000915527344,25.7960487566094,26.290000915527344,,,,,,True,0.6226895988862859,1.0,True,,,,,,,0.0,1.8788594207549272,True,,False,,,,,,,,,,,,,,,,,,,False,False
AEF,rainbow_convergence,9.649999618530273,9.388906493864933,9.649999618530273,,,,,,True,2.2988576329282084,2.0,True,,,,,,,0.0,2.705628341828944,True,,False,,,,,,,,,,,,,,,,,,,False,False
AIT,rainbow_convergence,344.989990234375,333.3037254107885,344.989990234375,,,,,,True,2.5393522813610683,7.0,True,,,,,,,0.0,3.3874214192844345,True,3.112840466926081,True,20.464819140208334,12.8571428571429,3.112840466926081,5.020920502092041,11.440677966101687,19.245283018867944,5.5776892430278835,-4.562737642585557,-6.071428571428539,10.447772162027547,7.259830520531829,8.389740550101997,9.152331692970716,8.089316977944838,7.603460980565302,-3.0428762099601214,-2.0581679227258287,7.259830520531829,True,False
ALNT,rainbow_convergence,117.23999786376953,103.84983313070911,117.23999786376953,,,,,,True,10.827358014721511,13.0,True,,,,,,,0.0,11.421157435212095,False,52.380952380952394,True,28.798102853657408,79.41176470588233,52.380952380952394,123.52941176470584,200.0,90.625,-15.789473684210531,-2.564102564102566,14.705882352941169,10.167791485764234,4.60230567080564,17.493648061634293,10.805587279276118,10.69358960515423,-3.0965302677288364,3.3234109108207344,-0.5982318130364428,4.60230567080564,True,False
AME,rainbow_convergence,253.72000122070312,243.62590442902763,253.72000122070312,,,,,,True,3.1343071186278193,10.0,True,,,,,,,0.0,3.978439517227874,True,3.5928143712575134,True,22.46474334175926,14.193548387096765,14.473684210526304,3.5928143712575134,8.843537414965997,1.724137931034475,0.5780346820809079,8.125000000000027,3.2258064516129004,14.979336983762037,11.343492471871652,13.444921156992319,10.773784300734413,6.013159880255348,-3.5032685363842297,5.59044213878912,6.444397701759685,10.773784300734413,True,False
AMG,rainbow_convergence,379.7200012207031,363.88047833733253,379.7200012207031,,,,,,True,3.0703456148804436,9.0,True,,,,,,,0.0,4.171369122629979,True,74.54545454545452,True,26.46474385363426,148.21428571428572,74.54545454545452,119.59595959595947,81.74603174603176,80.98958333333334,-64.67341306347745,58.22416302765643,145.35714285714286,29.90673154906731,9.72613773660893,6.160595079153164,2.2463206816421444,17.581207561020374,-2.1020481494789744,5.41666666666667,7.055961070559613,2.2463206816421444,True,False
AMN,rainbow_convergence,36.72999954223633,34.4923791032209,36.72999954223633,,,,,,True,4.950693694446266,9.0,True,,,,,,,0.0,6.092078592166493,True,322.22222222222223,False,29.79807271958333,,,,322.22222222222223,-66.66666666666667,,-125.0,,2.288449120674585,99.89775688763265,1.83963991185625,-7.710880875741266,-51.15669987760826,84.21744796017241,17.92430527536817,-3.597675390283739,-7.710880875741266,True,False
AMRX,rainbow_convergence,20.350000381469727,18.61041042458691,20.350000381469727,,,,,,True,7.79669119121306,12.0,True,,,,,,,0.0,8.548353436233104,True,157.1428571428571,False,22.464738193981482,157.1428571428571,375.0,,,-5.263157894736848,90.00000000000001,899.9999999999998,-85.71428571428572,9.894852782854024,3.8967818009260524,11.471449026581148,11.679535580268418,10.197378892458197,-11.27322339279816,3.7992996929305134,8.282172177532887,3.8967818009260524,True,False
ANET,rainbow_convergence,206.89999389648438,196.1508845940051,206.89999389648438,,,,,,True,4.638442597070047,14.0,True,,,,,,,0.0,5.195316394188602,True,15.517241379310365,True,27.79806110863426,35.71428571428572,25.0,17.46031746031751,15.517241379310365,18.74999999999998,8.108108108108091,10.44776119402988,-4.2857142857142705,37.68595791001452,35.125698324022345,28.871773673026844,27.46700535645259,12.059800664451824,8.891389983117604,7.776285578131081,4.694303338171268,27.46700535645259,True,False
AP,rainbow_convergence,9.420000076293945,8.801659450913569,9.420000076293945,,,,,,True,5.802544251384392,6.0,True,,,,,,,0.0,6.564125481659729,True,-1893.7499999999995,False,35.46472434483796,,-166.66666666666669,-1893.7499999999995,,,,,,-10.124571984614395,3.9354604639912916,11.451270168394757,12.681379789729785,-5.068311177046669,-1.1899629214451979,0.6024212514940119,-4.759806486555962,-10.124571984614395,True,False
APH,rainbow_convergence,88.62000274658203,82.06081574913964,88.62000274658203,,,,,,True,5.384725794267288,10.0,True,,,,,,,0.0,7.401474604101585,True,24.13793103448276,True,21.464737364537037,59.302325581395365,24.13793103448276,57.62711864406778,102.08333333333334,90.27777777777779,-22.580645161290303,-4.123711340206215,12.790697674418606,55.002389253667936,58.38910829349408,49.123416475601566,53.37228879865306,14.934187215390882,18.342910389812083,3.948727883249381,9.629577190591654,49.123416475601566,True,False
APLE,rainbow_convergence,16.399999618530273,15.930960367662642,16.399999618530273,,,,,,True,2.440023729822344,7.0,True,,,,,,,0.0,2.8599954986441958,True,-8.695652173913048,True,29.798050077476848,3.703703703703698,-7.692307692307699,0.0,-8.695652173913048,133.33333333333334,-7.692307692307699,-38.095238095238095,-22.222222222222232,4.730598121601592,3.063453991736398,-1.9817677368212494,-1.310569285957508,19.189852579343338,3.4631597005232218,-12.689165984626005,-2.7296615240523403,-1.9817677368212494,True,False
ARW,rainbow_convergence,240.39999389648438,221.0161689544594,240.39999389648438,,,,,,True,6.773671390283573,14.0,True,,,,,,,0.0,8.063155338669267,True,11.170212765957444,True,22.464715112048612,46.518105849582184,201.3245033112583,100.0,11.170212765957444,15.604395604395593,21.657754010695186,78.94736842105266,-41.78272980501393,31.824628852945814,39.03029593263416,20.095808291146476,13.032103584780375,5.475129275747581,8.313311831227143,13.405296646072928,1.7492734447879466,13.032103584780375,True,False
ASML,rainbow_convergence,1834.0999755859375,1745.3268868534751,1834.0999755859375,,,,,,True,4.752963852193153,9.0,True,,,,,,,0.0,4.840144480352122,True,,False,7.464700404780093,,,,,,,,,,,,,,,,,,False,False
ATKR,rainbow_convergence,94.77999877929688,92.11763400102224,94.77999877929688,,,,,,False,2.730181262312615,0.0,False,,,,,,,0.0,2.808994315851569,False,-174.51923076923077,False,43.4646599125,-98.4,,-66.41221374045801,-174.51923076923077,,-929.5454545454545,,-224.00000000000003,8.129434252324685,4.225586946453386,-0.9143028157624689,-4.603087415022511,8.67172470558959,11.567268910895923,-12.827338961797096,2.3081580039317373,-4.603087415022511,True,False
ATLO,rainbow_convergence,32.27000045776367,31.597356313234478,32.27000045776367,,,,,,True,1.3652137267670899,3.0,True,,,,,,,0.0,2.084425580996129,True,2.631578947368385,False,9.797975826111111,2.7027027027026973,2.631578947368385,15.151515151515138,,-2.564102564102544,2.631578947368385,11.764705882352944,-8.108108108108103,,,,,,,,,,False,False
AVT,rainbow_convergence,106.37000274658203,96.2746497926114,106.37000274658203,,,,,,True,8.114727548669597,13.0,True,,,,,,,0.0,9.490789408008194,True,-24.242424242424242,True,21.464640920266206,1577.7777777777803,12.871287128712861,-24.242424242424242,-7.57575757575758,32.456140350877185,51.99999999999998,22.95081967213115,577.7777777777789,47.66250815488995,33.94567092778882,11.575605680278777,5.253604827278058,16.51172037783757,12.673361339018863,7.12686053505831,4.997992984792066,5.253604827278058,True,False
AXTI,rainbow_convergence,84.05999755859375,72.454406450932,84.05999755859375,,,,,,True,12.770860113142362,12.0,True,,,,,,,0.0,13.806318635177348,False,,False,22.797969856238424,,,,,,,,,164.76577278290864,39.098987394089676,-8.221469826727745,18.227955170226263,76.75308275144852,16.852567162883545,-17.578250760150237,55.53021030377212,-8.221469826727745,True,False
BAND,rainbow_convergence,62.529998779296875,55.2113665636421,62.529998779296875,,,,,,True,11.203628178560988,10.0,True,,,,,,,0.0,11.704193760640063,False,-500.0,False,22.46465260761574,,-137.037037037037,-500.0,,,,,,19.824840307390335,-1.0958760578942628,-1.0253606556531514,3.6929298049561687,0.5373962285956324,8.21959926001199,6.60063439862677,3.3126531642954316,-1.0958760578942628,True,False
BB,rainbow_convergence,9.579999923706055,8.532859205774708,9.579999923706055,,,,,,True,7.179777203338822,7.0,True,,,,,,,0.0,10.930487748127844,False,,False,71.79798604125,,,,,149.99999999999994,0.0,,,26.003086419753085,25.636811832374697,10.091743119266061,-1.253481894150421,6.801831262262925,-1.9871794871794912,10.014104372355437,9.41358024691359,-1.253481894150421,True,False
BBCP,rainbow_convergence,9.829999923706055,9.737923277518451,9.829999923706055,,,,,,True,0.8053704318610898,3.0,True,,,,,,,0.0,0.936690202464307,True,-43.750000000000014,False,98.79796745460649,28.57142857142856,,,-43.750000000000014,125.0,,-166.66666666666669,28.571428571428537,13.135228708886038,14.391858581590245,4.644486594555808,-3.152305944124445,9.30891180544866,19.354088081124775,-17.411445795318915,4.998991068299374,-3.152305944124445,True,False
BCAL,rainbow_convergence,21.65999984741211,21.422272760553817,21.65999984741211,,,,,,True,0.99935303183156,3.0,True,,,,,,,0.0,1.097539651583588,True,-19.23076923076924,False,21.464647990416665,2.3255813953488413,-19.23076923076924,-7.407407407407396,,4.761904761904767,-16.000000000000004,4.166666666666674,11.627906976744185,,,,,,,,,,False,False
BFLY,rainbow_convergence,9.380000114440918,8.38603805616325,9.380000114440918,,,,,,True,7.241056865314896,10.0,True,,,,,,,0.0,10.596610300115252,False,,False,23.46465184070602,,,,,,,,,39.468844887311306,24.994110718492337,40.98514674302076,4.513399153737652,22.924990576705607,-15.812521816393232,46.647121783237935,-8.099901637942096,4.513399153737652,True,False
BHE,rainbow_convergence,85.95999908447266,79.49018933332631,85.95999908447266,,,,,,True,6.834121322429421,11.0,True,,,,,,,0.0,7.526535388615441,True,-67.3469387755102,True,27.797952887164353,1733.3333333333335,259.99999999999994,-67.3469387755102,-7.14285714285714,52.77777777777779,124.99999999999996,-58.974358974358964,1200.0000000000002,16.796758812766456,6.585435902449754,6.184607822484378,3.330877346239758,11.436225104055598,-3.8768661034602525,3.305342859582705,5.548895718976921,3.330877346239758,True,False
BOW,rainbow_convergence,33.79999923706055,33.28385125228053,33.79999923706055,,,,,,False,1.49319190243844,0.0,False,,,,,,,0.0,1.5270650781970456,False,2.220446049250313e-14,True,27.46461372127315,33.33333333333333,41.17647058823528,2.220446049250313e-14,25.0,0.0,9.090909090909038,-2.222222222222192,25.0,22.957610139348517,26.873431337396923,27.109084966772535,23.270612618939545,5.24297660796178,2.647714236738352,5.3817080287913655,8.005973150837065,22.957610139348517,True,False
BP,rainbow_convergence,45.0099983215332,43.94850073800982,45.0099983215332,,,,,,True,1.549573576407488,3.0,True,,,,,,,0.0,2.3583595270110314,True,,False,23.464593042858798,,,,,,,,,,,,,,,,,,False,False
BST,rainbow_convergence,51.040000915527344,48.21235251921295,51.040000915527344,,,,,,True,4.766926731030341,14.0,True,,,,,,,0.0,5.540063373028213,True,,False,,,,,,,,,,,,,,,,,,,False,False
BSTZ,rainbow_convergence,31.239999771118164,29.28877785353203,31.239999771118164,,,,,,True,4.691596635119547,12.0,True,,,,,,,0.0,6.245908872861352,True,,False,,,,,,,,,,,,,,,,,,,False,False
BTX,rainbow_convergence,9.380000114440918,8.840778088007008,9.380000114440918,,,,,,True,3.6725481901484947,11.0,True,,,,,,,0.0,5.748635606131327,True,,False,,,,,,,,,,,,,,,,,,,False,False
BZH,rainbow_convergence,33.40999984741211,32.96562568876992,33.40999984741211,,,,,,False,1.2608334224168893,0.0,False,,,,,,,0.0,1.3300633363415335,False,-1230.0,False,36.46456902491899,,-107.14285714285714,-1230.0,-40.23668639053256,,,-211.8811881188119,,-5.328705257193778,-27.504382326356403,-22.48882084132099,-1.7690102548262976,25.97561035120508,12.752722900979663,-54.098644266418816,45.204238613630835,-27.504382326356403,True,False
CAAP,rainbow_convergence,25.540000915527344,24.275936750540744,25.540000915527344,,,,,,True,2.714519267013842,9.0,True,,,,,,,0.0,4.949350507728827,True,,False,47.46454485288194,,,,,,,,,,,,,,,,,,False,False
CAKE,rainbow_convergence,108.2300033569336,103.40003450273029,108.2300033569336,,,,,,True,4.227391928181564,7.0,True,,,,,,,0.0,4.462689369300363,True,-28.915662650602382,True,20.797880640902775,23.684210526315795,52.23880597014925,-28.915662650602382,8.196721311475418,38.23529411764706,72.8813559322033,-10.606060606060563,-42.10526315789473,7.7219156226296715,5.569043040475763,4.407886093143798,4.8245406258557555,5.189853631824826,1.7965634938297947,5.988805435470335,-5.084508147411926,4.407886093143798,True,False
CBNK,rainbow_convergence,40.02000045776367,36.83924048573775,40.02000045776367,,,,,,True,5.8948714851503405,12.0,True,,,,,,,0.0,7.947925876169934,True,-10.97560975609756,True,19.797879636585648,11.538461538461542,-10.97560975609756,109.090909090909,43.5483870967742,19.17808219178083,-20.65217391304347,3.3707865168539186,14.102564102564097,,,,,,,,,,False,False
CLDT,rainbow_convergence,13.710000038146973,13.126263126269501,13.710000038146973,,,,,,True,3.524587095499524,11.0,True,,,,,,,0.0,4.257745516070535,True,-40.0,False,28.46454052787037,85.7142857142857,,,-40.0,,-360.0,66.66666666666667,-57.14285714285715,3.91820470959352,0.5026458076342166,2.37108764619538,1.2260774395835172,-13.841953726326894,0.8071323673955577,26.351854828105136,-5.305902210907886,0.5026458076342166,True,False
CLH,rainbow_convergence,318.05999755859375,314.39780746229616,318.05999755859375,,,,,,True,0.9354644413370697,2.0,True,,,,,,,0.0,1.1514148665057873,True,-4.0650406504065035,True,28.464512550601853,9.174311926605494,4.516129032258087,4.245283018867907,-4.0650406504065035,-26.543209876543216,-26.696832579185514,-6.355932203389825,116.51376146788989,1.9265337476867206,4.792064374935356,1.302125901157436,-0.18451503459415708,-2.6778093693655247,-3.2040156531471187,-0.03335798081626207,8.233807046335407,-0.18451503459415708,True,False
CLS,rainbow_convergence,388.239990234375,344.7693227946278,388.239990234375,,,,,,True,9.08452377250598,14.0,True,,,,,,,0.0,11.196854660310647,False,74.17582417582416,True,19.79781874289352,74.17582417582416,147.29729729729732,77.51937984496129,208.0,73.22404371584699,-20.087336244541486,-0.8658008658008698,26.923076923076916,62.39026750535701,52.79770444763272,43.57151274698512,27.78555711142228,16.100815418828752,10.72806369531314,14.43018159048215,10.38916154005669,27.78555711142228,True,False
COHU,rainbow_convergence,73.0999984741211,59.67272523818945,73.0999984741211,,,,,,True,16.344869241920136,14.0,True,,,,,,,0.0,18.368363223270347,False,,False,22.79781774238426,,,,,,,,,38.37481426448737,29.259171255307503,29.863368819192115,32.41698307146903,19.088228006937392,2.3635768632905174,-3.1833915516162548,17.244613670133724,29.259171255307503,True,False
COKE,rainbow_convergence,194.61000061035156,191.08233293771917,194.61000061035156,,,,,,True,0.7911828581632876,1.0,True,,,,,,,0.0,1.8126857106873409,True,-48.698884758364315,False,21.797815215925926,,-48.698884758364315,,,-178.2608695652174,-15.85365853658537,,,10.611640193390626,16.87942292830844,9.032204501014895,6.947291991853444,11.141797009532839,-3.0234602534761845,0.8433435699620295,1.7675917088426418,6.947291991853444,True,False
CON,rainbow_convergence,36.209999084472656,34.35166381597817,36.209999084472656,,,,,,True,3.221097584313425,2.0,True,,,,,,,0.0,5.132105262304094,True,2.7027027027026973,True,29.797819046423612,45.71428571428573,30.000000000000004,124.99999999999983,2.7027027027026973,30.76923076923077,44.44444444444444,-28.947368421052634,8.571428571428585,10.030229581415618,13.739935137553116,15.920961807668576,16.98438438193115,6.404122516701638,5.653149810788749,-5.886871508379887,3.997022431620323,10.030229581415618,True,False
CORT,rainbow_convergence,119.56999969482422,112.5677004120112,119.56999969482422,,,,,,True,4.736497802828659,3.0,True,,,,,,,0.0,5.856234256657039,True,-276.4705882352941,True,28.797816784375,24.13793103448276,-276.4705882352941,-20.000000000000018,-60.97560975609756,,-250.0,24.99999999999998,-44.82758620689654,31.742529445044497,4.890785807879716,11.124855682005608,13.745576457440855,55.33192240286715,-18.415337043908476,-2.655101667324866,6.793190351283229,4.890785807879716,True,False
CYRX,rainbow_convergence,17.799999237060547,16.588356114272493,17.799999237060547,,,,,,True,6.1913742455517315,14.0,True,,,,,,,0.0,6.806984127647311,True,-109.38967136150235,False,27.79775998508102,-109.38967136150235,,,,,,,-108.4507042253521,7.737492849914207,16.466861598440552,-59.80295043690522,15.439622099851235,2.454077576467628,5.166116611661176,2.75133949766011,-2.686232234786823,-59.80295043690522,True,False
DAC,rainbow_convergence,165.94000244140625,153.2677697737841,165.94000244140625,,,,,,True,5.948688458103405,4.0,True,,,,,,,0.0,7.636635218260134,True,,False,40.7977599665162,,,,,,,,,,,,,,,,,,False,False
DDI,rainbow_convergence,13.239999771118164,12.730262052892186,13.239999771118164,,,,,,True,3.6049396971579966,11.0,True,,,,,,,0.0,3.849982832612455,True,,False,33.79774989825231,,,,,,,,,,,,,,,,,,False,False
DDOG,rainbow_convergence,276.4150085449219,247.54618697660527,276.4150085449219,,,,,,True,9.417499329574031,10.0,True,,,,,,,0.0,10.444013774897812,False,-28.57142857142857,True,29.46442669903935,1100.0,114.28571428571428,-7.1428571428571725,-28.57142857142857,-19.999999999999996,15.384615384615397,29.99999999999996,900.0,35.64444336929702,32.154426546806334,29.20687462977498,28.35224110745258,11.429354964994953,5.584592433439584,7.626367496903397,7.123107068556767,28.35224110745258,True,False
DIOD,rainbow_convergence,107.73999786376953,95.46799876961441,107.73999786376953,,,,,,True,6.9247321393643775,10.0,True,,,,,,,0.0,11.390383643475001,False,1.0101010101010166,False,29.79772826921296,1.0101010101010166,,27.777777777777814,3.3333333333333437,212.5,39.13043478260872,-25.806451612903235,-68.68686868686868,21.658765960700354,21.558105657460523,15.408284163183982,12.023286172549618,8.96193306186337,4.419809080183268,-0.15095494300940704,7.088243967974828,12.023286172549618,True,False
DK,rainbow_convergence,75.66999816894531,70.67006637644313,75.66999816894531,,,,,,True,4.5825987456375055,3.0,True,,,,,,,0.0,6.6075484518171095,True,,False,30.46440573315972,,,,,,-371.54471544715454,-58.02047781569968,,47.83332127613398,0.423937317839429,2.3465475839406835,-5.107809623981064,54.046210093852466,9.20803490573805,-15.850363699341873,4.42740360269116,-5.107809623981064,True,False
DMAC,rainbow_convergence,8.420000076293945,7.247951101699001,8.420000076293945,,,,,,True,12.080228230669125,12.0,True,,,,,,,0.0,13.919821424880801,False,,False,35.79770889290509,,,,,,,,,,,,,,,,,,False,False
DSGR,rainbow_convergence,35.04999923706055,34.446825592973966,35.04999923706055,,,,,,False,1.5766769510630558,0.0,False,,,,,,,0.0,1.720894885066954,False,-85.71428571428572,False,22.464377919016204,63.636363636363626,-85.71428571428572,,-69.56521739130434,1700.0,,-200.0,27.272727272727295,14.887066616036115,18.562872773844564,6.6323543149035435,16.284287165594314,-0.5065946805477228,2.6588664135430484,6.480242801499769,5.6358541263104245,6.6323543149035435,True,False
DXPE,rainbow_convergence,191.64999389648438,185.28888290955274,191.64999389648438,,,,,,True,2.9009529663568223,3.0,True,,,,,,,0.0,3.3191292405505903,True,-2.400000000000002,True,29.797694994386575,23.076923076923084,-2.400000000000002,7.8125,3.149606299212593,44.26229508196722,-11.594202898550721,5.343511450381677,-8.391608391608385,15.596913463890827,9.46116931651031,11.992847951005924,8.62465243638133,10.5055419451058,-1.0868617152391957,2.660183289081286,3.016351101503556,8.62465243638133,True,False
EBF,rainbow_convergence,22.559999465942383,21.86148279552346,22.559999465942383,,,,,,True,2.9164670474706327,11.0,True,,,,,,,0.0,3.0962619102603917,True,-27.450980392156865,True,75.46435745738427,-27.450980392156865,2.6315789473684292,2.9411764705881804,7.692307692307687,-5.128205128205132,11.428571428571477,-16.666666666666696,-17.647058823529417,3.3746807734403417,1.4588927641799643,3.9503349478430705,0.3969089214300725,3.438624955635561,2.3369965650716473,-3.7976579112881437,1.5110057156755508,0.3969089214300725,True,False
EFSI,rainbow_convergence,45.7599983215332,44.25865875151931,45.7599983215332,,,,,,True,2.9170818060228227,1.0,True,,,,,,,0.0,3.280899530338067,True,-36.7816091954023,False,15.797700877395835,-6.122448979591832,,-36.7816091954023,7.216494845360821,33.33333333333335,-37.27272727272728,5.769230769230771,6.1224489795918435,,,,,,,,,,False,False
EFXT,rainbow_convergence,25.020000457763672,22.709310974814063,25.020000457763672,,,,,,True,6.691402703288209,9.0,True,,,,,,,0.0,9.235369467120075,True,,False,22.464345984398147,,,,,,,,,,,,,,,,,,False,False
EMR,rainbow_convergence,161.39999389648438,154.0786186768205,161.39999389648438,,,,,,True,3.875876542306695,10.0,True,,,,,,,0.0,4.536168213463205,True,-35.63218390804598,True,28.797661540983796,48.837209302325576,4.90196078431373,-35.63218390804598,82.4561403508772,19.626168224299057,-4.464285714285721,7.692307692307709,20.93023255813955,7.02833296727432,2.933212996389889,4.095808383233535,5.130980731760126,6.817185444980267,4.970087436723425,-10.502471169686988,6.654952778387879,2.933212996389889,True,False
ENTG,rainbow_convergence,166.88999938964844,147.07447799724713,166.88999938964844,,,,,,True,9.580600536560922,11.0,True,,,,,,,0.0,11.873402519546291,False,-50.74626865671641,True,22.46431759105324,74.28571428571429,46.34146341463414,-50.74626865671641,-9.80392156862745,1.6666666666666607,81.81818181818177,-28.260869565217384,31.428571428571452,11.45885916203937,5.005173305742372,-3.0486886449645145,-0.07428500680946026,8.78186968838528,-1.4564874377958503,2.0815264527320076,1.8551236749116518,-3.0486886449645145,True,False
ERO,rainbow_convergence,38.439998626708984,35.101301093108034,38.439998626708984,,,,,,True,6.151838000106358,10.0,True,,,,,,,0.0,8.68547776503079,True,,False,26.797656760659724,,,,,,,,,,,,,,,,,,False,False
ETN,rainbow_convergence,445.0899963378906,423.71988520948986,445.0899963378906,,,,,,True,3.1508538079289004,12.0,True,,,,,,,0.0,4.801301153526178,True,-15.936254980079678,True,27.464316794884258,-15.936254980079678,-9.387755102040817,18.367346938775487,2.371541501976293,-4.954954954954971,-23.448275862068947,11.969111969111946,3.1872509960159334,21.385885031303363,16.84177512937117,13.060897435897445,10.133963750985032,14.494698698161312,5.613040396881641,0.9587864911276389,-0.569151963574277,10.133963750985032,True,False
EXPD,rainbow_convergence,191.8000030517578,186.58543101485813,191.8000030517578,,,,,,True,2.3183675940184076,3.0,True,,,,,,,0.0,2.7187549290562387,True,-10.714285714285698,True,27.46432009765046,51.49253731343282,16.326530612244895,-10.714285714285698,0.6134969325153339,18.71345029239766,13.99999999999999,-8.536585365853655,22.388059701492512,32.06964102892849,4.370768435118411,-3.342161061764204,-3.512513286919805,25.849185148773145,-2.555783461498329,-1.340253444942241,9.158240270599972,-3.512513286919805,True,False
FBLA,rainbow_convergence,17.06999969482422,16.074760892115638,17.06999969482422,,,,,,True,4.394683674503168,14.0,True,,,,,,,0.0,5.830338725842781,True,-100.0,False,22.797664995115742,-100.0,-75.0,,,-100.0,,-233.33333333333331,19.999999999999996,,,,,11.523502276359032,-1.5932826964158542,9.293728516765022,,,False,False
FMAO,rainbow_convergence,35.34000015258789,34.51803843801074,35.34000015258789,,,,,,True,1.9985326711925693,3.0,True,,,,,,,0.0,2.3258678863275515,True,18.032786885245965,True,19.797608255555556,53.571428571428555,37.254901960784295,18.032786885245965,33.33333333333335,22.857142857142865,-2.7777777777778123,12.500000000000021,14.28571428571428,,,,,,,,,,False,False
FNGO,rainbow_convergence,161.72300720214844,151.91190940168514,161.72300720214844,,,,,,True,4.809554178666847,13.0,True,,,,,,,0.0,6.066606087901737,True,,False,,,,,,,,,,,,,,,,,,,False,False
FOSL,rainbow_convergence,7.059999942779541,5.716265816730889,7.059999942779541,,,,,,True,16.30132028209878,14.0,True,,,,,,,0.0,19.03306142973735,False,,False,36.79758751023148,,,,,,,,,-4.85507377897163,-3.657203602336978,-18.0463692242971,-6.121208120381216,-6.70623462255463,-19.8781565926623,3.820489191379761,22.602410294571396,-18.0463692242971,True,False
FRAF,rainbow_convergence,63.54999923706055,62.67080808188528,63.54999923706055,,,,,,True,0.5063296843547181,1.0,True,,,,,,,0.0,1.3834636754213274,True,11.363636363636353,True,20.464273303171296,11.363636363636353,68.18181818181819,938.4615384615394,25.263157894736832,-0.6756756756756799,9.62962962962961,13.445378151260524,-9.848484848484862,,,,,,,,,,False,False
FROG,rainbow_convergence,97.86000061035156,91.31899438256411,97.86000061035156,,,,,,True,4.542401065631824,4.0,True,,,,,,,0.0,6.684044744524092,True,,False,29.797574841273146,,,,,,,,,28.731331551642825,25.79100868414388,25.17962059994141,25.538255575117375,6.361339680601641,5.967406714106782,6.1348214481363295,7.614368809935534,25.17962059994141,True,False
FSLY,rainbow_convergence,26.010000228881836,24.389233098848035,26.010000228881836,,,,,,True,5.8834268599193695,13.0,True,,,,,,,0.0,6.231323013346539,True,,False,28.797566626238424,,,,,,,,,23.27229690200323,19.75926464277309,22.78647593168255,15.317843243006868,5.950722744637926,0.2369476050332553,9.094126644040369,6.39772979443074,15.317843243006868,True,False
FTK,rainbow_convergence,29.969999313354492,28.119932164635074,29.969999313354492,,,,,,True,5.812426343180936,14.0,True,,,,,,,0.0,6.173063700722332,True,-40.00000000000002,True,27.79756938738426,420.0,-29.41176470588236,-40.00000000000002,562.5,116.6666666666667,33.33333333333337,-83.01886792452831,960.0,70.29477292202229,26.532639716773243,33.02401639182773,12.643239113827342,41.849509642974404,3.7500555399220925,20.502935874783603,-3.974293059125966,12.643239113827342,True,False
FTRE,rainbow_convergence,21.110000610351562,18.99851852549706,21.110000610351562,,,,,,True,5.930428016767125,14.0,True,,,,,,,0.0,10.002283390835661,False,,False,22.464253432835648,,,,,,,,,-4.519217232155426,-2.2723783202825087,-5.236728837876614,3.9116906208327196,6.551453260015716,-3.6336109008327067,-5.8177670041351774,-1.2670702520061972,-5.236728837876614,True,False
GGB,rainbow_convergence,5.119999885559082,4.842381322571646,5.119999885559082,,,,,,True,3.337909130562702,2.0,True,,,,,,,0.0,5.42223767954481,True,,False,19.7975522078125,,,,,,,,,,,,,,,,,,False,False
GNK,rainbow_convergence,27.600000381469727,26.43574226464024,27.600000381469727,,,,,,True,2.5892248224120857,2.0,True,,,,,,,0.0,4.218326451948726,True,-104.08163265306123,False,28.797551548321756,,,24.13793103448274,-104.08163265306123,76.19047619047619,-41.666666666666664,,,-16.141798302981524,17.07938448996229,73.59933933150779,63.234875391508936,-6.728174775872575,-32.880153563678846,10.002295157218267,21.770578305440957,-16.141798302981524,True,False
GPRK,rainbow_convergence,11.4399995803833,10.74091500477368,11.4399995803833,,,,,,True,2.8885260644828077,2.0,True,,,,,,,0.0,6.11087938157248,True,,False,28.797503433449073,,,,,,,,,,,,,,,,,,False,False
GSAT,rainbow_convergence,83.62999725341797,82.34024039309006,83.62999725341797,,,,,,True,1.1297783519446278,14.0,True,,,,,,,0.0,1.5422179871890407,True,-276.9230769230769,False,29.464175775891203,-276.9230769230769,,,-116.66666666666667,,,,-107.6923076923077,-3.538452373860723,16.711087420042638,17.62753976167515,2.127041641888061,-7.55309431377027,-2.6361501368797002,-2.551289863904127,9.973491392148691,-3.538452373860723,True,False
GSL,rainbow_convergence,45.5,44.26648318216787,45.5,,,,,,True,2.40441916060475,4.0,True,,,,,,,0.0,2.7110259732574344,True,,False,33.46417821429398,,,,,,,,,,,,,,,,,,False,False
HBT,rainbow_convergence,36.310001373291016,35.57169163523397,36.310001373291016,,,,,,True,1.312589511979284,2.0,True,,,,,,,0.0,2.0333508954371315,True,-43.33333333333332,True,19.464154422638888,24.590163934426236,-43.33333333333332,-6.249999999999966,10.526315789473696,123.52941176470588,-43.333333333333336,-4.761904761904745,3.2786885245901676,,,,,,,,,,False,False
HUM,rainbow_convergence,404.2699890136719,387.497852103631,404.2699890136719,,,,,,True,2.0211794933804796,5.0,True,,,,,,,0.0,4.1487464728611565,True,-59.29648241206029,False,30.464137738506945,-4.563106796116512,,-59.29648241206029,-19.75088967971531,,-506.7901234567901,-64.07982261640798,-56.21359223300971,25.712143928035978,28.55917667238421,45.058930190389844,27.27272727272727,11.874583055370236,-6.312499999999998,14.28571428571428,4.94752623688155,25.712143928035978,True,False
HVT,rainbow_convergence,27.920000076293945,27.336685582859513,27.920000076293945,,,,,,True,1.5001462443146694,2.0,True,,,,,,,0.0,2.089235285961578,True,0.0,True,21.464151916203704,6.896551724137945,0.0,54.54545454545456,3800.0,6.896551724137945,70.58823529411762,-56.41025641025641,34.48275862068968,7.68733600331446,4.1213436362334654,9.528458989004784,10.556923024449594,3.1161068500396683,-6.373347728544609,3.822936591184889,7.43488468443585,4.1213436362334654,True,False
IBRX,rainbow_convergence,10.380000114440918,8.468660748403305,10.380000114440918,,,,,,True,12.450618294424034,13.0,True,,,,,,,0.0,18.41367384359186,False,,False,27.46414546829861,,,,,,,,,93.90728476821192,167.6394018284192,406.9518008474576,425.0736980019653,15.911867167352845,15.465587044534423,19.412993980225203,21.328287606433307,93.90728476821192,True,False
IDT,rainbow_convergence,80.30999755859375,70.43916217742637,80.30999755859375,,,,,,True,10.335981620424253,6.0,True,,,,,,,0.0,12.290917297022293,False,1.1627906976744207,True,57.79748169038195,28.358208955223873,1.1627906976744207,4.999999999999982,30.88235294117647,-1.1494252873563315,3.571428571428581,-5.61797752808989,32.835820895522396,,,,,4.545921155024257,,,,,False,False
IEX,rainbow_convergence,236.27999877929688,227.85398863696292,236.27999877929688,,,,,,True,2.2926770374238847,8.0,True,,,,,,,0.0,3.5661123183788703,True,6.211180124223636,True,21.46411576496528,10.919540229885062,27.77777777777779,6.211180124223636,8.280254777070063,19.875776397515523,-5.847953216374258,0.588235294117645,-2.298850574712641,6.378553270164078,8.915633059069151,4.195155869741574,10.085191681282879,3.7997519449768813,-1.3569124680235745,2.321611471491969,1.5368615669054675,4.195155869741574,True,False
IOSP,rainbow_convergence,98.55000305175781,93.79487173253119,98.55000305175781,,,,,,True,3.677096545966417,11.0,True,,,,,,,0.0,4.825095050204369,True,-60.902255639097746,False,27.797408077986113,32.97872340425532,-6.870229007633588,,-60.902255639097746,2.4590163934426146,-35.78947368421053,265.38461538461536,-44.680851063829785,11.758016829656581,2.8130671506352067,-2.3993144815766976,-0.3382949932341006,8.428949691085608,-0.5267778753292318,3.100248925096172,0.5003411416875103,-2.3993144815766976,True,False
IRDM,rainbow_convergence,49.040000915527344,47.83849071873626,49.040000915527344,,,,,,True,1.553070889114178,11.0,True,,,,,,,0.0,2.450061530098084,True,-55.00000000000001,True,15.46404802287037,-55.00000000000001,-25.92592592592593,-19.999999999999986,66.66666666666666,-55.00000000000001,-16.666666666666664,-31.428571428571427,74.99999999999997,3.840834278443195,1.944824505067988,-0.023944673718612197,6.656922230943119,2.821183527575011,2.8726401803324864,-6.166964108665473,4.62366186274239,-0.023944673718612197,True,False
ITGR,rainbow_convergence,126.47000122070312,123.00416472222413,126.47000122070312,,,,,,False,2.708853059485118,0.0,False,,,,,,,0.0,2.7404415790514247,False,-33.65384615384615,False,22.464047445798613,-33.65384615384615,,55.55555555555556,12.121212121212132,43.75,-65.71428571428571,26.126126126126103,6.730769230769229,-2.5989834079757523,0.5002377729816709,5.019610809415864,8.408106310136132,5.580326675462932,-6.880481294750663,0.9341637961816751,-1.847452433818686,-2.5989834079757523,True,False
JAKK,rainbow_convergence,27.43000030517578,25.050355002974207,27.43000030517578,,,,,,True,6.415954276185796,8.0,True,,,,,,,0.0,8.675338227220353,True,-62.5,False,15.797375647268519,,,,-62.5,,,-126.4367816091954,,16.91437016138513,-5.807351681633155,-2.774187133339967,-34.3264740085695,30.524204132138433,-16.07848073382948,-39.81629657686663,77.34730548978118,-34.3264740085695,True,False
JCI,rainbow_convergence,158.75999450683594,146.7257579477884,158.75999450683594,,,,,,True,5.335369705997081,10.0,True,,,,,,,0.0,7.580144227410747,True,-26.206896551724135,True,20.464044819143517,38.888888888888886,34.92063492063491,180.64516129032265,-26.206896551724135,17.647058823529417,-67.43295019157088,143.92523364485982,48.611111111111114,8.21000704721635,6.837449318098043,3.1049935979513554,2.611054594777884,5.951354148697607,-10.01241850357032,6.444150693985451,6.624383368569409,2.611054594777884,True,False
JOE,rainbow_convergence,65.9800033569336,65.46399539492796,65.9800033569336,,,,,,True,0.5136946689358756,2.0,True,,,,,,,0.0,0.7820671957443989,True,-19.999999999999996,True,21.79738086861111,39.2156862745098,-19.999999999999996,59.37499999999998,131.03448275862073,195.83333333333334,-52.94117647058824,-23.880597014925375,31.372549019607842,23.04504113664183,5.1455991167447035,23.538094370908524,62.684954197008416,60.36206130608619,-23.156775880395063,-19.981251086443663,24.78579507599821,5.1455991167447035,True,False
JWEL,rainbow_convergence,2.494999885559082,2.3730371999308644,2.494999885559082,,,,,,True,4.2734803527116085,8.0,True,,,,,,,0.0,4.888284217331263,True,,False,,,,,,,,,,,,,,,,,,,False,False
KEYS,rainbow_convergence,384.1700134277344,343.3020275222382,384.1700134277344,,,,,,True,8.346673105496507,11.0,True,,,,,,,0.0,10.637994761968535,False,35.570469798657726,False,48.79738072840278,109.09090909090904,35.570469798657726,68.04123711340206,,13.861386138613852,23.926380368098176,20.740740740740726,22.72727272727273,41.34762633996938,32.28043143297381,31.470829909613805,,7.513104251601632,7.312500000000011,18.343195266272193,3.522205206738138,31.470829909613805,False,False
KN,rainbow_convergence,39.400001525878906,36.62907103386922,39.400001525878906,,,,,,True,5.226432839563266,9.0,True,,,,,,,0.0,7.032818235272588,True,15.000000000000146,False,15.797356500497685,,15.000000000000146,1900.0,,-52.17391304347826,14.999999999999991,122.22222222222223,,-17.630057803468212,41.85724185724187,10.213243546576889,-42.50000000000001,-30.38593063019053,4.2260692464358485,81.68362627197038,-37.51445086705202,-42.50000000000001,True,False
KODK,rainbow_convergence,10.029999732971191,9.461646319420238,10.029999732971191,,,,,,True,3.5556458171710785,13.0,True,,,,,,,0.0,5.666534682774015,True,-654.5454545454544,False,29.797365149502316,,,-654.5454545454544,-153.33333333333331,,,,,18.250950570342205,7.287449392712553,9.022556390977442,3.065134099616862,17.35849056603773,-8.62068965517241,7.806691449814118,2.281368821292773,3.065134099616862,True,False
KOPN,rainbow_convergence,4.880000114440918,4.620671596767783,4.880000114440918,,,,,,True,4.236309002273206,13.0,True,,,,,,,0.0,5.314108844090566,True,99.99999999999983,False,34.797354033009256,,,99.99999999999983,,,-150.0,100.0,,45.01953893466541,-3.089757431538087,-43.15579459936415,-9.571949001541768,19.622335454911966,26.16128354069207,-31.082190649676377,39.43014524805024,-43.15579459936415,True,False
KRNT,rainbow_convergence,18.229999542236328,16.21955412584952,18.229999542236328,,,,,,True,5.62348875872859,4.0,True,,,,,,,0.0,11.02822527081743,False,,False,28.46400941540509,,,,,,,,,,,,,,,,,,False,False
KSS,rainbow_convergence,19.6299991607666,18.032834315909298,19.6299991607666,,,,,,True,5.503769606213638,6.0,True,,,,,,,0.0,8.136346984922287,True,-64.99999999999999,False,48.46395003760417,-5.185185185185192,,153.48837209302326,-64.99999999999999,,-111.92660550458714,1457.1428571428567,-94.81481481481482,-0.8742244782853903,-2.041447571914634,-4.150453955901423,-3.638814016172509,10.988317019261128,-38.77827179586314,44.69930069930071,0.8178228990411762,-4.150453955901423,True,False
LAUR,rainbow_convergence,38.5099983215332,37.24210899463285,38.5099983215332,,,,,,True,2.6201244548967377,7.0,True,,,,,,,0.0,3.2923640149612807,True,-58.92857142857143,False,22.463956876886574,50.76923076923077,,90.00000000000003,-58.92857142857143,,-113.1578947368421,395.6521739130434,-64.61538461538461,17.4961271071971,15.434320508803289,27.868604656655506,8.570358976863046,125.91191877100054,-49.64572543166823,35.271248101063414,-23.64410595318951,8.570358976863046,True,False
LCUT,rainbow_convergence,9.15999984741211,8.840127904319257,9.15999984741211,,,,,,True,1.8958353847708689,4.0,True,,,,,,,0.0,3.4920518386604904,True,-350.0,False,29.463947266377314,,,102.43902439024399,-350.0,,-126.50602409638554,,,7.3614839756715345,2.443516436449289,-5.173158865650285,-6.486724652817443,-1.3511441870836416,-29.678449974029032,18.708408953418033,30.372662328798295,-6.486724652817443,True,False
LEGH,rainbow_convergence,29.200000762939453,28.193661458939772,29.200000762939453,,,,,,True,3.2192359284704626,11.0,True,,,,,,,0.0,3.4463673894040565,True,-45.3125,True,30.797277853483795,65.00000000000001,12.195121951219523,-35.59322033898301,-45.3125,115.2173913043478,21.052631578947345,8.571428571428608,-41.666666666666664,40.04741188423164,-11.280362289007817,-30.58788258701044,-4.580861148861414,149.4663573085847,-15.384011308308466,-11.529509848195364,-25.00846640789851,-30.58788258701044,True,False
LFUS,rainbow_convergence,454.2799987792969,426.207690057527,454.2799987792969,,,,,,True,4.424665051668632,7.0,True,,,,,,,0.0,6.179516773180297,True,19.396551724137943,False,21.463943208611113,69.14285714285715,,19.396551724137943,26.37362637362637,,-450.5415162454874,20.434782608695667,31.428571428571427,18.520783609083047,12.167991176648329,10.090061509719938,9.834392441032858,10.613132098852729,-4.915791495901645,1.8302513966935718,10.66304412536736,9.834392441032858,True,False
LIND,rainbow_convergence,35.599998474121094,29.322566310627618,35.599998474121094,,,,,,True,11.679073062657192,6.0,True,,,,,,,0.0,17.63323717009922,False,-100.0,False,27.463953369675927,,,,-100.0,-122.22222222222223,,,,18.638244663431493,15.742178153916342,23.26373234460901,16.58551976893765,-4.214159691942331,13.555991068942742,-23.72924404177007,43.00634136175534,15.742178153916342,True,False
LITE,rainbow_convergence,1091.6700439453125,923.1908944032779,1091.6700439453125,,,,,,True,10.933553252461076,12.0,True,,,,,,,0.0,15.433156792793213,False,-3177.4193548387093,False,29.79728261872685,-3177.4193548387093,,,,-6459.999999999999,68.53932584269661,1680.0,-98.38709677419355,55.91955887122933,16.016371077762614,9.651035986913858,6.0768261964735615,13.052681091251173,5.718547986076583,19.382606114574052,9.27667855984431,6.0768261964735615,True,False
LTRX,rainbow_convergence,7.329999923706055,6.215978364816505,7.329999923706055,,,,,,True,13.076611146053748,12.0,True,,,,,,,0.0,15.198111466368196,False,,False,28.79727107099537,,,,,,,,,8.027324109712541,5.884210526315781,-4.451076666345754,-13.447404351741564,3.237565032972123,1.3535299254383126,-0.06712760958582642,3.311487915669753,-13.447404351741564,True,False
LXP,rainbow_convergence,60.95000076293945,60.41608172203792,60.95000076293945,,,,,,False,0.8490495195449612,0.0,False,,,,,,,0.0,0.8759951340741883,False,-110.00000000000001,True,22.46394332724537,-106.38297872340425,-110.00000000000001,745.4545454545457,500.0,,-103.2258064516129,675.0000000000002,-74.46808510638299,-0.6153846153846176,0.20618556701030855,2.935420743639927,6.8560235063663155,-0.30864197530864335,-7.604562737642584,-3.574702108157657,11.897435897435905,-0.6153846153846176,True,False
MCK,rainbow_convergence,921.6699829101562,878.5461193728667,921.6699829101562,,,,,,True,2.7152161210897385,3.0,True,,,,,,,0.0,4.678883367897778,True,-17.599999999999994,True,28.79727600866898,-17.599999999999994,37.57575757575764,37.98561151079136,377.0053475935828,-62.187958883994135,42.0229405630866,7.5112107623318325,42.72,7.720772383902186,6.024905585589546,11.400507901861602,10.142977651066198,9.434550080481863,-9.290868328340773,2.9161415414445058,5.441238103999924,6.024905585589546,True,False
MEOH,rainbow_convergence,60.810001373291016,58.787511992104406,60.810001373291016,,,,,,True,1.8015449127991394,2.0,True,,,,,,,0.0,3.3259156972736528,True,,False,22.797263610972223,,,,,,,,,,,,,,,,,,False,False
MFG,rainbow_convergence,11.149999618530273,10.811597176970729,11.149999618530273,,,,,,True,1.8220183705624602,2.0,True,,,,,,,0.0,3.0349995797053757,True,,False,37.79724993383102,,,,,,,,,,,,,,,,,,False,False
MPWR,rainbow_convergence,1473.68994140625,1323.0688935859648,1473.68994140625,,,,,,True,7.469475151953314,10.0,True,,,,,,,0.0,10.220674212959405,False,-88.11447811447812,True,22.797198481608795,85.76512455516013,39.5017793594306,-88.11447811447812,25.762711864406775,33.16326530612243,11.048158640226657,-4.85175202156336,32.02846975088966,47.55948923671405,26.135982206997376,20.829546459910087,18.876538212826887,21.942339138382327,7.059794583008827,1.8962907094099535,10.924592295214675,18.876538212826887,True,False
MRVI,rainbow_convergence,8.520000457763672,7.242454517458531,8.520000457763672,,,,,,True,8.37679966261384,10.0,True,,,,,,,0.0,14.994669855222886,False,,False,29.797198674363425,,,,,,,,,8.534295419541316,40.52721451440768,-11.832101559461083,-39.688518652662076,-21.864605009341254,32.02783459671921,19.783809752582272,-12.167436757600692,-39.688518652662076,True,False
MRVL,rainbow_convergence,287.010009765625,243.362281258918,287.010009765625,,,,,,True,10.727702755801797,14.0,True,,,,,,,0.0,15.207737368585208,False,-80.0,False,55.79719586320602,50.0,-80.0,95.65217391304337,,725.0,-91.11111111111111,-79.54545454545456,900.0,36.54852699267235,27.568195008705754,22.080994827775946,36.83134357891959,13.297212341798325,8.973723351512142,6.951072547601833,3.409600717810668,22.080994827775946,True,False
MRX,rainbow_convergence,75.20999908447266,71.01245673360347,75.20999908447266,,,,,,True,2.463858092089984,1.0,True,,,,,,,0.0,5.5810961334472085,True,,False,29.463859412488425,,,,,,,,,,,,,,,,,,False,False
MSGM,rainbow_convergence,5.380000114440918,4.443919289721418,5.380000114440918,,,,,,True,9.215925283699335,5.0,True,,,,,,,0.0,17.399271464825546,False,-90.2439024390244,False,29.79718802775463,-90.2439024390244,-81.81818181818183,,,33.33333333333335,-57.14285714285712,-7.771561172376096e-14,-82.92682926829268,36.58103895302178,129.25201867778097,94.93030544216894,71.94181079189283,-12.187838678894025,4.774472935894636,24.11498900974123,19.60684301500093,36.58103895302178,True,False
MSM,rainbow_convergence,130.32000732421875,122.63103278382602,130.32000732421875,,,,,,True,4.607527774171424,13.0,True,,,,,,,0.0,5.900072213212507,True,3.0303030303030054,True,15.463859961296297,41.17647058823528,8.571428571428585,12.048192771084354,3.0303030303030054,89.4736842105263,-18.279569892473123,-8.823529411764708,0.0,7.819429642329423,2.9221154245124836,4.006531076464426,2.7188317770749038,14.089416348687145,-4.961250264061534,-1.2769698673550267,0.7238877819481182,2.7188317770749038,True,False
MTRN,rainbow_convergence,312.1499938964844,262.01298132272075,312.1499938964844,,,,,,True,12.70333951629409,13.0,True,,,,,,,0.0,16.061833590933894,False,8.235294117647074,False,21.463854925324075,52.066115702479344,8.235294117647074,,14.018691588785037,100.0,206.66666666666643,-75.40983606557374,0.8264462809917328,42.22046156911259,30.807698712916043,12.104946311382548,1.8531536585645103,11.655002328017684,12.265341375466043,10.104584449919972,3.046393209438958,1.8531536585645103,True,False
MUR,rainbow_convergence,37.790000915527344,36.95411207065927,37.790000915527344,,,,,,True,1.8197723976930444,3.0,True,,,,,,,0.0,2.2119312638720228,True,-102.15053763440861,True,28.797195291631944,893.75,-26.0,-77.14285714285715,-102.15053763440861,329.72972972972974,362.5000000000003,,-112.5,35.61403380351798,8.862991095982053,-8.436707518511765,-4.275667214131229,26.486917528954578,19.454104168433695,-14.963535034939234,5.5486666715466315,-8.436707518511765,True,False
NDSN,rainbow_convergence,334.2200012207031,318.3496837794983,334.2200012207031,,,,,,True,4.139440341189031,11.0,True,,,,,,,0.0,4.748464299934221,True,6.091370558375631,True,63.797189274733796,22.97297297297296,6.091370558375631,44.242424242424235,25.94339622641513,30.622009569377994,-12.184873949579833,-10.861423220973787,20.270270270270263,10.270677766554414,8.47939344420723,8.781157583438958,0.9856517686122723,10.369212536461635,10.663205175506874,-10.954616796573646,1.3905427985364982,0.9856517686122723,True,False
NHC,rainbow_convergence,228.27000427246094,222.70612278655292,228.27000427246094,,,,,,True,1.8950090667512707,3.0,True,,,,,,,0.0,2.43741244218273,True,-8.424908424908429,True,30.463783750798612,67.10526315789474,9.661835748792269,315.78947368421063,-8.424908424908429,11.894273127753308,43.670886075949355,-36.8,64.4736842105263,4.131014534235677,2.2671021302131944,4.5731843825557394,12.874459190565734,2.313110963886378,-1.038572491343004,0.7269757324341208,2.1026616283517985,2.2671021302131944,True,False
NKSH,rainbow_convergence,43.18000030517578,41.68590294083579,43.18000030517578,,,,,,True,2.5592187815814174,3.0,True,,,,,,,0.0,3.460160615517417,True,52.941176470588246,True,15.797125707094908,119.44444444444446,52.941176470588246,86.00000000000003,64.28571428571428,1.2820512820512775,-16.129032258064523,34.782608695652215,91.66666666666666,5.743755193821176,4.028529267092962,6.873022151898733,2.7379908408847298,2.2837959241571726,-2.1513833626353285,2.4943095599393006,3.0845187466392865,2.7379908408847298,True,False
NTAP,rainbow_convergence,228.4499969482422,196.90315302945663,228.4499969482422,,,,,,True,10.636206348265794,14.0,True,,,,,,,0.0,13.809080472840993,False,6.338028169014098,True,55.7971257130787,63.478260869565226,23.170731707317003,15.972222222222232,6.338028169014098,-6.930693069306915,20.958083832335305,10.596026490066212,31.304347826086975,29.890955740859514,12.471131639722866,4.387568555758681,2.834740651387224,3.952772073921973,13.718622300058382,0.46920821114369016,9.364977549711352,2.834740651387224,True,False
NTCT,rainbow_convergence,40.9900016784668,39.31843625987616,40.9900016784668,,,,,,True,3.30624058394159,5.0,True,,,,,,,0.0,4.077983288955949,True,-10.714285714285799,False,29.463779814571758,,-10.714285714285799,11.940298507462677,169.2307692307692,15.999999999999993,-66.66666666666667,114.28571428571428,,12.678115311089332,-0.9522555088859241,-0.5301187608870772,14.603784247650541,3.638781490875953,-19.007272132533913,14.458238401585266,17.280063401286228,-0.9522555088859241,True,False
NVDA,rainbow_convergence,239.24000549316406,222.65100212087015,239.24000549316406,,,,,,True,5.226319500569758,13.0,True,,,,,,,0.0,6.934042380620127,True,66.66666666666667,True,41.79711102971065,127.77777777777777,214.47368421052633,97.75280898876404,66.66666666666667,2.9288702928870203,35.79545454545454,35.384615384615394,20.370370370370374,105.85114348672526,85.22763378875223,73.21451272533118,62.49358645459211,17.896220057587463,19.79831784754944,19.50847279233765,21.95622874013221,62.49358645459211,True,True
NVEC,rainbow_convergence,116.52999877929688,106.91533532831666,116.52999877929688,,,,,,True,5.429972126774471,9.0,True,,,,,,,0.0,8.250805416371797,True,-18.072289156626496,True,14.79711202394676,78.3783783783784,27.500000000000036,11.111111111111093,-18.072289156626496,29.41176470588236,45.71428571428573,2.941176470588225,-8.108108108108103,52.65767006334343,-18.68414192523077,334.9795723353842,-68.17458582789332,15.611191793097046,-41.9630488094651,114.24550955719911,6.194599997959949,-68.17458582789332,True,False
NVGS,rainbow_convergence,23.719999313354492,22.863932703547945,23.719999313354492,,,,,,True,3.089394346944072,3.0,True,,,,,,,0.0,3.6090498928664663,True,,False,28.797125641296297,,,,,,,,,,,,,,,,,,False,False
NVT,rainbow_convergence,167.1699981689453,159.13156665447679,167.1699981689453,,,,,,True,3.9297407827429542,10.0,True,,,,,,,0.0,4.808537179228015,True,-59.72222222222223,True,23.463776562858797,97.01492537313432,-59.72222222222223,957.1428571428552,19.354838709677423,51.7241379310345,17.56756756756768,-8.881784197001252e-14,10.447761194029837,52.76710621949954,53.46595823551217,41.81068864663653,34.78260869565217,18.462157809983903,16.433861441829944,1.204933586337753,9.438272245872703,34.78260869565217,True,False
NXDR,rainbow_convergence,2.4700000286102295,2.3957504849551743,2.4700000286102295,,,,,,True,2.4920080950251835,14.0,True,,,,,,,0.0,3.0060543641706943,True,,False,28.797110125,,,,,,,,,14.53458897270059,13.830847607796803,6.5171398785797585,5.011431184270698,20.893804018226337,-11.240806574648454,0.8432755667798775,5.845482617178499,5.011431184270698,True,False
ONTO,rainbow_convergence,325.4100036621094,287.49819515646107,325.4100036621094,,,,,,True,8.654186974941878,6.0,True,,,,,,,0.0,11.65047419532135,False,-77.55102040816328,True,29.797039251342596,75.36231884057972,-48.46153846153845,-77.55102040816328,-46.728971962616825,80.59701492537312,204.5454545454549,-61.40350877192986,-17.391304347826086,35.30483404772138,9.50537682806527,1.1093514385954295,-13.48756988224099,17.530459087032323,9.399099173367897,22.30731508343531,-13.960732973970513,-13.48756988224099,True,False
OPY,rainbow_convergence,120.58000183105469,117.41771789864838,120.58000183105469,,,,,,True,2.308593302554324,8.0,True,,,,,,,0.0,2.62256085950057,True,-170.95588235294116,True,23.463694888391203,24.607329842931946,-170.95588235294116,607.6086956521739,-12.037037037037045,,-129.64669738863287,242.6315789473684,-0.5235602094240788,21.975573526984647,21.187568997941852,26.045400899394423,15.338028724969966,-1.8892065286802762,-4.194451692977008,11.47885223700358,16.40534741706552,15.338028724969966,True,False
PACB,rainbow_convergence,2.700000047683716,1.6799726517791669,2.700000047683716,,,,,,True,31.74003227229259,13.0,True,,,,,,,0.0,37.77879177371175,False,,False,29.797026913946763,,,,,,,,,4.99017575969638,-6.97825706207621,6.7420098297836795,2.4632826591084678,4.919576093388556,-3.2855544860955765,-3.331992154101493,7.033079428309952,-6.97825706207621,True,False
PAGS,rainbow_convergence,10.949999809265137,9.170841260455791,10.949999809265137,,,,,,True,4.120336359425326,6.0,True,,,,,,,0.0,16.248023559817266,False,,False,34.797012611296296,,,,,,,,,,,,,,,,,,False,False
PANL,rainbow_convergence,8.529999732971191,8.060883431582202,8.529999732971191,,,,,,True,3.435493105421535,3.0,True,,,,,,,0.0,5.49960511224525,True,-5.263157894736848,False,29.79701424621528,,,-5.263157894736848,72.72727272727273,-23.809523809523803,16.666666666666675,-5.263157894736848,,19.420635781707716,38.90653246689793,24.940001098150134,10.158875027476078,9.695743932465707,-7.233062784671807,9.017816535205903,7.646249577187936,10.158875027476078,True,False
PANW,rainbow_convergence,406.760009765625,367.59633066410004,406.760009765625,,,,,,True,7.780217844335045,14.0,True,,,,,,,0.0,9.62820291111977,True,-227.77777777777771,True,43.7970099794213,-227.77777777777771,-159.45945945945948,60.52631578947367,-4.081632653061229,,-136.0655737704918,29.78723404255319,30.555555555555515,34.43721663709836,31.14897335080822,14.931324767390342,15.661524076671341,13.590939373750842,15.728604471858132,4.850444624090544,-2.464025231618372,14.931324767390342,True,False
PARR,rainbow_convergence,87.5199966430664,79.60977118623592,87.5199966430664,,,,,,True,5.192581430544295,3.0,True,,,,,,,0.0,9.038192139210006,True,699.1452991452992,False,27.797008182905092,699.1452991452992,,,3869.2307692307695,749.9999999999998,-21.42857142857144,-72.86821705426357,341.02564102564105,56.797793220586044,4.510737887355898,-1.0359558153738013,-6.110125642918874,62.789252912954076,0.5796254218967123,-9.920633343534025,6.311165192628443,-6.110125642918874,True,False
PCVX,rainbow_convergence,73.81999969482422,58.97663013698723,73.81999969482422,,,,,,True,4.634084442706414,9.0,True,,,,,,,0.0,20.107517771877895,False,,False,27.797009477986112,,,,,,,,,,,,,,,,,,False,False
PDFS,rainbow_convergence,54.439998626708984,48.85081072702327,54.439998626708984,,,,,,True,9.29829285427172,8.0,True,,,,,,,0.0,10.266693682360936,False,-99.99999999999997,False,29.79700804662037,233.33333333333334,,-99.99999999999997,-50.0,-16.666666666666664,3.458764513820541e+18,-99.99999999999999,0.0,18.947185276832656,25.852903009753447,24.594189877208738,23.068801310090727,2.3266256444370637,-3.642453087191322,9.258513525343615,10.4140890813486,18.947185276832656,True,False
PEB,rainbow_convergence,18.979999542236328,18.384107222017494,18.979999542236328,,,,,,True,2.882027814666146,9.0,True,,,,,,,0.0,3.1395802665473744,True,-254.16666666666669,False,22.79696014488426,183.33333333333334,,,-254.16666666666669,,,,-716.6666666666667,-0.09692371490196416,7.927785028694889,3.382109004739342,-1.435493041307201,17.78820561483092,-0.9632741004761969,-12.466047857785977,-2.1627484130275265,-1.435493041307201,True,False
PLPC,rainbow_convergence,421.5199890136719,409.6737419622447,421.5199890136719,,,,,,True,1.7782336238803615,12.0,True,,,,,,,0.0,2.8103642437329173,True,-65.5844155844156,True,21.796959097222224,75.390625,-8.154506437768239,-19.248826291079823,-65.5844155844156,109.81308411214954,24.418604651162813,224.52830188679238,-79.296875,25.40079362739607,18.67295898102208,3.585511946719966,21.16987473889762,20.65090368622289,1.8306384994425384,-2.795262989437741,5.0035082340316395,3.585511946719966,True,False
PLUS,rainbow_convergence,94.16000366210938,90.2516722444283,94.16000366210938,,,,,,True,2.8071146526180515,4.0,True,,,,,,,0.0,4.150734139418696,True,-27.95031055900622,True,33.796961183923614,-27.95031055900622,-18.94736842105256,46.15384615384617,12.820512820512842,50.649350649350545,-42.105263157894704,0.7575757575757569,-18.012422360248447,-11.969006112662894,-0.8352512112373311,-14.708669209793968,-4.694003060684504,-1.0406539716948715,-0.5412722675625425,-8.819987394390505,-1.9074010694399957,-14.708669209793968,True,False
PLXS,rainbow_convergence,272.6300048828125,257.8537625903675,272.6300048828125,,,,,,True,4.66203115483947,10.0,True,,,,,,,0.0,5.419888503760402,True,-3.658536585365846,True,21.796961315069446,-3.658536585365846,29.078014184397173,12.686567164179108,26.351351351351404,-13.186813186813184,20.529801324503303,-19.25133689839572,14.024390243902452,28.13196007494785,18.73011824479427,9.602283321142234,-1.1102991717681365,12.117735919096507,8.77738229213012,-99.97345274731852,395653.68159731635,-1.1102991717681365,True,False
PM,rainbow_convergence,190.39999389648438,188.00099031199454,190.39999389648438,,,,,,True,0.7131177784292162,2.0,True,,,,,,,0.0,1.2599809145971455,True,-9.302325581395344,False,14.463626816018518,-7.692307692307687,-9.302325581395344,,13.197969543147202,15.384615384615374,14.705882352941234,-39.01345291479823,14.358974358974352,10.374753451676533,9.085044618858195,6.758705955079325,9.423872464937944,10.309481569091261,-2.084539664157503,-4.453665283540797,6.952662721893499,6.758705955079325,True,False
PRLB,rainbow_convergence,98.68000030517578,86.85945500719261,98.68000030517578,,,,,,True,9.924742204628187,13.0,True,,,,,,,0.0,11.978663621227396,False,3.4482758620689724,False,23.46358506480324,105.55555555555559,120.00000000000001,,3.4482758620689724,12.12121212121211,32.00000000000001,-16.666666666666664,66.66666666666667,10.571362993565959,10.40450061408027,12.10924024640656,7.7591765576863425,7.180484584027091,2.082890697691453,0.8325576584962358,0.22433975255991,7.7591765576863425,True,False
PRSU,rainbow_convergence,52.72999954223633,49.53083685953778,52.72999954223633,,,,,,True,4.234005058327396,12.0,True,,,,,,,0.0,6.067063740700481,True,-107.73913043478261,False,28.79690786484954,170.00000000000003,,-107.73913043478261,57.57575757575759,,,-134.23076923076923,1200.0,14.347755325801126,37.42249660714761,24.616257996899506,32.24293168437975,158.49695983889083,-9.515883167171868,-76.32041888292356,106.45520502299925,14.347755325801126,True,False
PWR,rainbow_convergence,719.5599975585938,649.3012008603586,719.5599975585938,,,,,,True,4.919673928687237,7.0,True,,,,,,,0.0,9.764133211492766,True,2.4630541871920597,True,22.463560629247684,94.73684210526316,51.04166666666667,2.4630541871920597,14.871794871794886,104.13793103448276,-30.288461538461508,-7.142857142857184,47.36842105263159,41.10419493143886,26.33346777182164,19.661880464892988,17.52982789446198,21.36197461594833,0.41876074669202623,2.7588617985042863,12.673853725531359,17.52982789446198,True,False
QQQX,rainbow_convergence,30.959999084472656,30.100359451418285,30.959999084472656,,,,,,True,1.9073506674111538,14.0,True,,,,,,,0.0,2.776613883963277,True,,False,,,,,,,,,,,,,,,,,,,False,False
RAL,rainbow_convergence,73.95999908447266,67.85091554638299,73.95999908447266,,,,,,True,5.63058764439703,14.0,True,,,,,,,0.0,8.259983252720481,True,-1603.703703703704,True,19.796896208229164,21.42857142857144,-31.57894736842104,-1603.703703703704,-38.59649122807017,30.76923076923077,,-3580.0000000000005,-16.666666666666675,12.815418239618515,10.95890410958904,4.306940003761528,-0.8619074386359338,6.210250654695093,-3.606202668589975,4.819504819504816,5.126167295847406,-0.8619074386359338,True,False
RCKY,rainbow_convergence,46.560001373291016,44.77416014703147,46.560001373291016,,,,,,True,2.8701041673186434,8.0,True,,,,,,,0.0,3.835569530897789,True,-74.24242424242425,True,20.796893287581018,281.25000000000006,-74.24242424242425,32.30769230769228,37.142857142857146,976.470588235294,-80.23255813953489,-10.416666666666675,100.0,12.04104233911043,9.053851481069142,9.107095444109525,6.971384674476666,-4.849639472351508,-10.961521944516017,14.016647625265222,15.990042310713992,6.971384674476666,True,False
RELL,rainbow_convergence,19.049999237060547,17.709584356379775,19.049999237060547,,,,,,True,4.684060848982467,4.0,True,,,,,,,0.0,7.036298868049721,True,,False,0.796877007175926,,,,,,,,,27.57424502302992,3.1001412534384043,5.651532601887221,1.641693811074929,19.33407845399482,6.089351285189726,-4.246708297471025,5.238104415193967,1.641693811074929,True,False
RGA,rainbow_convergence,251.13999938964844,245.3849815951455,251.13999938964844,,,,,,True,1.7498800353605533,3.0,True,,,,,,,0.0,2.2915576206456576,True,16.627634660421563,True,22.79683223854167,159.62962962962962,16.627634660421563,212.6696832579185,63.519313304721024,40.76305220883532,-27.930535455861083,81.3648293963255,41.1111111111111,18.53902482586176,23.46007604562739,26.597977485212752,9.78587860555653,2.2020326455189476,-2.125094197437827,6.9471308833011,10.805500982318271,9.78587860555653,True,False
RLGT,rainbow_convergence,9.3100004196167,8.753870545949711,9.3100004196167,,,,,,True,4.299394326030042,7.0,True,,,,,,,0.0,5.973467761560899,True,-57.14285714285715,True,33.79681246013889,50.000000000000064,100.0,-15.384615384615385,-57.14285714285715,50.00000000000002,-9.090909090909083,266.6666666666667,-70.0,18.522078157584552,0.05981112767339258,-12.252782145881213,11.34281433448776,22.089336166437068,-7.752121655968636,2.4155655070481563,2.754102819838611,-12.252782145881213,True,False
ROG,rainbow_convergence,156.60000610351562,138.24230233153438,156.60000610351562,,,,,,True,10.544474885021877,11.0,True,,,,,,,0.0,11.722671172724255,False,-1009.0909090909091,False,22.796815720092592,,,-17.24137931034483,-1009.0909090909091,24.99999999999989,-58.33333333333329,,,5.249343832021003,4.8387096774193505,2.710413694721825,-5.3221288515406195,-0.496277915632759,-6.7129629629629655,6.5088757396449815,6.45669291338582,-5.3221288515406195,True,False
RRBI,rainbow_convergence,102.97000122070312,100.89671122054256,102.97000122070312,,,,,,True,1.0817693506934642,2.0,True,,,,,,,0.0,2.013489342120852,True,17.88079470198676,True,22.46347992709491,17.88079470198676,19.078947368421062,26.470588235294066,28.346456692913378,-1.6574585635359185,5.232558139534893,5.521472392638027,7.947019867549665,,,,,,,,,,False,False
RUSHB,rainbow_convergence,56.540000915527344,53.229257880821926,56.540000915527344,,,,,,True,4.704139902131355,14.0,True,,,,,,,0.0,5.855576549515411,True,-14.432989690721653,False,20.79681387366898,1.1111111111111072,5.47945205479452,,-14.432989690721653,18.181818181818187,-4.938271604938271,-2.409638554216853,-7.777777777777784,-1.7822868409209325,-9.580325086605136,-12.52115958429525,-1.0815139313471334,13.375396065601786,-5.1882081143810765,-6.066817681616554,-2.7276046850672864,-12.52115958429525,True,False
RVMD,rainbow_convergence,207.67999267578125,200.8582831370873,207.67999267578125,,,,,,True,2.3246770301778343,4.0,True,,,,,,,0.0,3.2847215809293777,True,,False,28.796815503171295,,,,,,,,,-100.0,,-100.0,-100.0,,,,-100.0,-100.0,False,False
SAFT,rainbow_convergence,103.94000244140625,101.09063958940342,103.94000244140625,,,,,,False,2.645705467857434,0.0,False,,,,,,,0.0,2.7413534587985877,False,-166.89189189189187,True,26.79681269966435,21.02564102564102,-166.89189189189187,142.85714285714272,10.404624277456653,,-172.7941176470588,-28.795811518324587,-2.051282051282055,2.8867760407857546,4.749619380689385,11.695791040283599,11.173978236794913,3.5819189111939487,-1.5276546817735381,-1.8635511492192558,2.785294899364543,2.8867760407857546,True,False
SANM,rainbow_convergence,228.07000732421875,210.67247606204808,228.07000732421875,,,,,,True,6.298883118622656,11.0,True,,,,,,,0.0,7.628153945485154,True,-23.275862068965512,True,26.796795275613427,68.25396825396825,46.551724137931046,-23.275862068965512,-19.266055045871553,24.705882352941178,91.01123595505618,1.1363636363636465,-30.15873015873016,69.67478822587803,102.27364823999032,58.98004732977529,3.91012661678658,-13.685968378412516,25.81997703227239,52.15155371705291,2.6856887030616727,3.91012661678658,True,False
SCCO,rainbow_convergence,204.25999450683594,198.52690353379484,204.25999450683594,,,,,,True,2.581464937278034,11.0,True,,,,,,,0.0,2.806761542749984,True,20.535714285714278,True,15.796796285138889,71.79487179487178,66.95652173913045,48.1132075471699,20.535714285714278,4.6875,22.29299363057322,16.29629629629632,15.384615384615397,40.57686004588659,36.17989045132772,38.98146817985921,15.230816472755816,0.8844145457966857,9.860974727376082,14.582654783406856,10.694854146181587,15.230816472755816,True,True
SCSC,rainbow_convergence,60.939998626708984,57.310208903278976,60.939998626708984,,,,,,True,5.487739342172661,11.0,True,,,,,,,0.0,5.956333779500828,True,5.405405405405417,True,29.46344307793981,40.22988505747127,5.405405405405417,7.14285714285714,28.98550724637683,56.41025641025643,4.0000000000000036,-15.73033707865169,2.298850574712641,17.25014331652901,8.788148349925585,2.543822918352845,-4.632662007787724,24.298699774384126,0.03626818627757711,3.6317177043196036,-9.009381389272297,-4.632662007787724,True,False
SHOO,rainbow_convergence,45.58000183105469,44.16134450712331,45.58000183105469,,,,,,True,2.90619031298273,8.0,True,,,,,,,0.0,3.112455609786338,True,-62.33766233766234,False,28.46338825167824,,75.43859649122808,-32.6530612244898,-62.33766233766234,-62.0,203.0303030303029,13.793103448275911,,19.2098401337913,17.82394057114669,29.547354963546525,6.927250189159162,2.0401440753625044,-13.360876766696094,12.894610057211686,19.44109766404718,6.927250189159162,True,False
SIBN,rainbow_convergence,19.809999465942383,18.521988384870596,19.809999465942383,,,,,,True,1.999270125913142,1.0,True,,,,,,,0.0,6.501822896493019,True,,False,33.796722044050924,,,,,,,,,15.175817396668734,11.203214210192435,14.993265580996695,20.614774417451653,6.5071879516239495,-6.674475145965319,15.810999671160797,0.05346493933786611,11.203214210192435,True,False
SIF,rainbow_convergence,23.010000228881836,22.1320289703874,23.010000228881836,,,,,,True,3.3872749178192003,6.0,True,,,,,,,0.0,3.8156073435949804,True,-101.78571428571428,False,,-101.78571428571428,,,,-102.32558139534885,48.27586206896552,,-112.5,18.32993890020367,38.981447416828715,14.796724608533252,5.319050697201955,-1.1306912721222195,10.307429191173402,5.0986409469530924,3.236026250282875,5.319050697201955,True,False
SILC,rainbow_convergence,61.650001525878906,47.99004699432522,61.650001525878906,,,,,,True,16.98960317483601,14.0,True,,,,,,,0.0,22.15726552061743,False,,False,22.46337874914352,,,,,,,,,,,,,,,,,,False,False
SITM,rainbow_convergence,710.0399780273438,627.9096660972021,710.0399780273438,,,,,,True,8.305123491803657,10.0,True,,,,,,,0.0,11.566998263720125,False,,False,28.796709868750003,,,,,,-145.45454545454544,,,126.5404207557487,88.29293364724609,66.32408862004668,44.835176262608755,38.624776563614425,0.24892969060335002,35.561884475929496,20.250669122514164,44.835176262608755,True,False
SLAB,rainbow_convergence,222.6199951171875,220.29846332414843,222.6199951171875,,,,,,True,0.9464946688422838,13.0,True,,,,,,,0.0,1.042822677188998,True,,False,27.796718097199072,,,,,,,,,18.327672483082267,20.136849094612685,25.237445037263374,23.801195949397513,6.880093676814991,2.5426740823991656,1.0713644240991416,6.8210220643522,18.327672483082267,True,False
SN,rainbow_convergence,182.69000244140625,173.33527988805255,182.69000244140625,,,,,,True,4.252050803080004,7.0,True,,,,,,,0.0,5.12054432554623,True,,False,29.46338809677083,,,,,8.235294117647074,-13.265306122448983,18.07228915662651,,,,,,24.96237983134273,-2.219567630717101,18.17692563129889,,,False,False
SND,rainbow_convergence,5.349999904632568,5.084527079258598,5.349999904632568,,,,,,True,3.2411542881728073,2.0,True,,,,,,,0.0,4.962108973947774,True,-70.00000000000004,False,35.796720531365736,-53.70370370370371,,-70.00000000000004,,,-433.3333333333338,-62.50000000000006,-85.18518518518519,13.533287366888835,-42.195923180592985,-46.84582625296326,-64.3644390318161,7.974499089253184,8.339582428858971,8.236148489897044,-10.330958400367729,-64.3644390318161,True,False
SNX,rainbow_convergence,278.3800048828125,263.2663424000588,278.3800048828125,,,,,,True,3.8555365609182752,4.0,True,,,,,,,0.0,5.4291480054812,True,32.45614035087716,True,92.46337204208334,89.05109489051092,87.78280542986427,104.04040404040403,32.45614035087716,24.819277108433724,2.722772277227725,33.77483443708611,10.218978102189746,37.74526027984035,30.967485965604236,18.094852862089784,9.685196114275918,10.133394377764926,14.064373594430869,-1.2540436408245759,11.042261785949513,9.685196114275918,True,False
STK,rainbow_convergence,56.2599983215332,52.691080572919695,56.2599983215332,,,,,,True,4.17490195047833,14.0,True,,,,,,,0.0,6.34361509969602,True,,False,,,,,,,,,,,,,,,,,,,False,False
STNG,rainbow_convergence,86.2300033569336,82.21258647063065,86.2300033569336,,,,,,True,3.9609886761397437,4.0,True,,,,,,,0.0,4.658954806801485,True,,False,22.463336970648147,,,,,,,,,,,,,,,,,,False,False
SXC,rainbow_convergence,10.039999961853027,9.613638918968856,10.039999961853027,,,,,,True,2.4956970802759817,3.0,True,,,,,,,0.0,4.2466239492443165,True,-457.14285714285694,True,28.463315025196756,650.0,-125.0,-457.14285714285694,-27.777777777777768,,,-484.6153846153846,1200.0,9.490900714121175,4.380733944954129,-1.1934156378600846,-0.6325239746990396,4.438584926389799,-5.2269887546855465,-1.396303901437368,12.186132227597323,-1.1934156378600846,True,False
TECK,rainbow_convergence,67.0999984741211,66.0788029098057,67.0999984741211,,,,,,True,1.4115544135933717,2.0,True,,,,,,,0.0,1.5219010246464353,True,,False,22.46327314633102,,,,,,,,,,,,,,,,,,False,False
TENB,rainbow_convergence,38.5099983215332,35.293935914040645,38.5099983215332,,,,,,True,4.090084281221212,4.0,True,,,,,,,0.0,8.351240061452478,True,-200.0,False,21.79659708759259,,,-200.0,,200.0,,-150.00000000000006,,8.578014112699407,9.584882305958509,10.521314549210746,11.163954061861482,2.461287195964257,0.5853385175774273,3.2059103153224466,2.080511130431262,8.578014112699407,True,False
TER,rainbow_convergence,430.32000732421875,386.3128207146682,430.32000732421875,,,,,,True,9.770245557532181,11.0,True,,,,,,,0.0,10.226618762904497,False,-15.73033707865169,True,14.79659791298611,385.71428571428567,314.75409836065575,82.02247191011234,-15.73033707865169,-5.928853754940711,56.17283950617282,116.00000000000001,53.06122448979591,,,,,7.575783454696938,4.6785914362566405,-27.769080543721415,,,False,False
TLYS,rainbow_convergence,4.610000133514404,4.2799879916693255,4.610000133514404,,,,,,True,6.182678292100334,6.0,True,,,,,,,0.0,7.15861458323855,True,-94.11764705882352,True,56.796575927141205,19.999999999999996,-37.5,-94.11764705882352,-33.333333333333336,259.99999999999994,150.0,-90.9090909090909,46.66666666666668,51.943574541636075,-13.053359546018594,-14.2938716867137,30.555171937577686,31.102166487596005,-10.652138093088903,-7.7147352832284355,40.55812138164314,-14.2938716867137,True,False
TRNS,rainbow_convergence,89.80000305175781,87.79044367354871,89.80000305175781,,,,,,True,2.086861776428903,5.0,True,,,,,,,0.0,2.2378166034703355,True,-148.0,True,26.79657640533565,-59.999999999999986,-59.18367346938776,-148.0,-59.999999999999986,-29.999999999999982,,-185.7142857142857,-59.999999999999986,21.617554694860264,8.714704280861874,23.246547023399344,21.29861704950904,10.838818927685544,1.9253208868144744,0.0,7.652046477546315,8.714704280861874,True,False
TSEM,rainbow_convergence,258.4100036621094,228.3095660429698,258.4100036621094,,,,,,True,6.932362524431247,8.0,True,,,,,,,0.0,11.648325216735095,False,,False,33.4632627362037,,,,,,,,,,,,,,,,,,False,False
TSM,rainbow_convergence,482.29998779296875,438.9575319296802,482.29998779296875,,,,,,True,7.186047286797654,14.0,True,,,,,,,0.0,8.986617657119586,True,,False,8.463230249583333,,,,,,,,,,,,,,,,,,False,False
TTC,rainbow_convergence,98.88999938964844,95.80352959205096,98.88999938964844,,,,,,True,2.266865726102069,8.0,True,,,,,,,0.0,3.121114184090649,True,-14.942528735632221,True,71.46324125275463,50.0,9.48905109489051,32.692307692307686,-14.942528735632221,-46.0,117.39130434782612,-6.756756756756732,37.03703703703698,8.35322195704058,8.103801502390162,4.1507537688442175,-0.9107806691449838,-13.960833859759948,37.47949435491653,-2.80435190395798,-5.754441792627951,-0.9107806691449838,True,False
TWN,rainbow_convergence,106.88999938964844,100.02282054706463,106.88999938964844,,,,,,True,4.543924567145763,12.0,True,,,,,,,0.0,6.424528844415776,True,,False,,,,,,,,,,,,,,,,,,,False,False
TXN,rainbow_convergence,297.2300109863281,274.86359375907176,297.2300109863281,,,,,,True,5.367660462855959,8.0,True,,,,,,,0.0,7.5249525285268595,True,-2.2900763358778775,True,14.796525437928242,51.77304964539009,31.25,-2.2900763358778775,0.6802721088435382,27.380952380952394,31.24999999999998,-13.513513513513498,4.964539007092195,22.819244604316545,18.57950356352913,10.381831794359876,14.237533124548296,13.22279792746115,9.088853719195122,-6.727119358920286,6.609712230215825,10.381831794359876,True,False
U,rainbow_convergence,45.68000030517578,41.32253258320214,45.68000030517578,,,,,,True,4.752899346497537,2.0,True,,,,,,,0.0,9.53911491432262,True,,False,28.46321249853009,,,,,,,,,23.931383577052866,16.83632183908046,10.061277753834519,5.39688298541825,7.522066433442598,1.023476959345171,6.900332543586574,6.728972386516197,5.39688298541825,True,False
UFCS,rainbow_convergence,54.869998931884766,53.62337685742424,54.869998931884766,,,,,,True,1.3503414561627054,3.0,True,,,,,,,0.0,2.271955711185767,True,18.852459016393432,True,27.796525400451387,48.27586206896552,71.6417910447761,18.852459016393432,96.05263157894737,12.17391304347828,-20.68965517241381,-2.6845637583892468,71.26436781609196,14.383571852280209,11.575132506832976,9.793952127260441,9.615313161838479,3.8663714466682153,0.9939694810910726,3.3297741922727164,5.528015667430752,9.615313161838479,True,False
UFPT,rainbow_convergence,302.8699951171875,289.51934768115257,302.8699951171875,,,,,,True,3.8837911500269025,9.0,True,,,,,,,0.0,4.408045581031972,True,0.0,True,26.796521330289355,21.26696832579187,1.3574660633484337,6.730769230769251,0.0,19.64285714285714,0.9009009009008917,5.2132701421801375,-4.52488687782806,15.0738212414669,4.086454086454094,2.5832673165019138,,12.815657384469725,3.550347513682306,-3.6510565612909107,2.2371275863893647,2.5832673165019138,False,False
VCTR,rainbow_convergence,115.27999877929688,108.67311657378748,115.27999877929688,,,,,,True,3.3578136522607105,4.0,True,,,,,,,0.0,5.731160891281969,True,-10.483870967741925,True,29.79652068731481,147.05882352941174,38.54166666666667,12.711864406779693,-10.483870967741925,26.315789473684205,0.0,19.819819819819816,63.23529411764706,23.95960274705875,76.67826340379413,61.002018324145446,60.08429804811459,12.20962449966365,3.706544923848365,3.5789531970265465,2.8424427411364084,23.95960274705875,True,False
VGZ,rainbow_convergence,2.680000066757202,2.4084651963951864,2.680000066757202,,,,,,True,9.572988460320602,13.0,True,,,,,,,0.0,10.131897895456872,False,,False,22.796499831377314,,,,,,,,,,,,,,,,,,False,False
VIAV,rainbow_convergence,48.13999938964844,39.97524980102261,48.13999938964844,,,,,,True,12.261742703066494,7.0,True,,,,,,,0.0,16.9604272790695,False,-625.0,False,21.79650355877315,400.0000000000001,-66.66666666666667,-625.0,,400.0000000000001,,,-433.33333333333337,52.53012048192771,42.8370786516854,36.37370753323486,25.56675062972291,8.92330383480826,10.154346060113738,23.470411233701107,2.960413080895008,25.56675062972291,True,False
VSTS,rainbow_convergence,14.010000228881836,13.566203760389053,14.010000228881836,,,,,,True,1.953358287045393,3.0,True,,,,,,,0.0,3.1677120716806964,True,-600.0,False,43.79648073322917,,,-600.0,,300.0,,,,-1.8011306042306385,-0.8736578333826905,-2.982245751557522,4.052428753684523,0.3375606767591188,-0.5955790578062947,-6.828967529996022,5.6711274430505165,-2.982245751557522,True,False
VSXY,rainbow_convergence,89.41000366210938,83.65361892820745,89.41000366210938,,,,,,True,5.994815515740563,6.0,True,,,,,,,0.0,6.438188679262289,True,-8.298755186721984,False,57.46312252711805,990.0,,-8.298755186721984,,289.2857142857143,-74.6606334841629,,-330.0,10.418094585332426,15.299334811529942,7.68865685809208,9.279881217520414,3.26923076923078,-31.247245482591445,54.144021739130444,0.8910212474297463,7.68865685809208,True,False
W,rainbow_convergence,106.05000305175781,99.98358473326948,106.05000305175781,,,,,,True,2.6858778092230255,1.0,True,,,,,,,0.0,5.720337712321998,True,-109.09090909090908,False,28.463105445300926,-109.09090909090908,,,,,,,-790.9090909090909,7.5160403299725065,7.362637362637359,6.920858699134902,8.07905686546464,20.061412487205722,-12.166616721606239,7.058068655758731,-4.766269477543538,6.920858699134902,True,False
WAB,rainbow_convergence,291.1600036621094,286.5782500958048,291.1600036621094,,,,,,True,1.1866924271290638,9.0,True,,,,,,,0.0,1.5736205209083989,True,-4.838709677419395,True,14.463101061168981,18.877551020408177,12.765957446808528,-4.838709677419395,11.042944785276077,9.905660377358494,79.6610169491526,-34.80662983425417,-7.653061224489788,17.479674796747968,13.026819923371647,14.789005032907475,8.374014269620723,7.762711864406779,-0.5059021922428353,2.7373527373527384,6.651884700665178,8.374014269620723,True,False
WAT,rainbow_convergence,436.42999267578125,416.94400289448475,436.42999267578125,,,,,,True,4.064886295595342,14.0,True,,,,,,,0.0,4.464860368973865,True,-156.27530364372467,True,27.463121708622687,-156.27530364372467,-142.85714285714286,-3.0927835051546615,-7.749077490774903,,-123.13829787234043,50.4,1.2145748987854255,113.35927367055771,91.38972809667673,6.839010259947709,8.04830441507216,29.834254143646397,35.88603162380053,16.56633999552437,3.7466926070038875,6.839010259947709,True,False
WBD,rainbow_convergence,30.950000762939453,29.18243394074984,30.950000762939453,,,,,,True,5.59475126519997,12.0,True,,,,,,,0.0,5.711039672432438,True,-220.00000000000003,False,29.463085599803243,-90.47619047619048,,,-220.00000000000003,,,,-109.52380952380953,-11.159804321239298,-0.9577903998218118,-5.654732222997905,-6.006442897225394,-1.9790846733385825,-5.993657505285411,4.588170259812041,-7.816958825927434,-11.159804321239298,True,False
WCC,rainbow_convergence,384.0899963378906,355.56771522043,384.0899963378906,,,,,,True,5.4641548858071305,11.0,True,,,,,,,0.0,7.425936991175655,True,-0.5249343832021025,True,22.463098519733794,10.44386422976502,48.09523809523808,10.6312292358804,-0.5249343832021025,36.01286173633442,-6.606606606606613,-12.137203166226907,-1.0443864229765065,12.975455963116133,13.7807137376724,10.342382311762455,12.928553211644257,9.621552277100708,0.19115102578890486,-2.106757432530526,5.076615363753478,10.342382311762455,True,False
WEST,rainbow_convergence,8.220000267028809,7.989711645877686,8.220000267028809,,,,,,True,1.679405292662312,7.0,True,,,,,,,0.0,2.801564643189023,True,,False,29.796417203298613,,,,,,,,,8.82969746385196,44.44844618234205,48.25593836935587,60.6560717196414,-1.0254998785720115,-9.027843238912192,-4.326921721975618,26.335634606688775,8.82969746385196,True,False
WKC,rainbow_convergence,36.52000045776367,35.547255562954334,36.52000045776367,,,,,,True,1.5256766817378593,4.0,True,,,,,,,0.0,2.663594968829047,True,-19.298245614035082,False,15.796416182060186,,,,-19.298245614035082,87.99999999999999,,-1191.304347826087,,50.29027014474805,2.4596667548267614,-7.494493109984123,-10.4766988532919,40.33247289623127,7.265477904529849,-3.8629442705338746,3.8536817312264438,-10.4766988532919,True,False
WNC,rainbow_convergence,13.869999885559082,12.680688248023714,13.869999885559082,,,,,,True,5.901068516557063,3.0,True,,,,,,,0.0,8.574705460334103,True,-1130.000000000004,False,22.46308274355324,-120.70895522388061,-1130.000000000004,,-135.9375,,-206.1855670103093,,-104.2910447761194,-20.389351256268217,-22.878550144668843,-17.766787345918456,-16.671328163309784,-5.6692580252789675,-15.760688688268976,-16.83049414144232,20.458925148993146,-22.878550144668843,True,False
WSM,rainbow_convergence,242.25,230.50472593608035,242.25,,,,,,True,2.4881414872431,4.0,True,,,,,,,0.0,4.848410346303262,True,-7.0552147239263725,True,42.463082960127316,41.99999999999999,4.324324324324325,-7.0552147239263725,4.8128342245989275,47.1502590673575,-36.30363036303629,54.59183673469386,-2.0000000000000018,6.696411071669672,4.354802258580803,-4.268062373031145,4.5619736675500455,8.546372772307942,-23.404446680686554,25.191813955069374,2.5073498987347342,-4.268062373031145,True,False
WST,rainbow_convergence,372.6400146484375,358.61773333173517,372.6400146484375,,,,,,True,3.4997662794000397,14.0,True,,,,,,,0.0,3.7629564098024946,True,2.2471910112359605,True,15.463090168321758,18.13186813186811,56.09756097560976,2.2471910112359605,3.7837837837837673,11.979166666666675,5.494505494505475,-5.208333333333314,5.494505494505497,13.803000652315722,21.0458452722063,7.505341880341887,7.725264426295353,3.2429873357793904,4.956521739130437,0.0497141436738735,4.9706457925636105,7.505341880341887,True,False
WTBA,rainbow_convergence,29.530000686645508,28.764506135731846,29.530000686645508,,,,,,True,2.0776781848576773,3.0,True,,,,,,,0.0,2.5922605252760627,True,7.317073170731714,True,22.463074415625,36.170212765957466,32.6086956521739,7.317073170731714,57.14285714285716,4.918032786885251,38.63636363636365,-20.000000000000018,17.021276595744705,,,,,,,,,,False,False
XERS,rainbow_convergence,10.130000114440918,8.643707938239498,10.130000114440918,,,,,,True,9.143021393185425,10.0,True,,,,,,,0.0,14.67218321234392,False,,False,29.46302349613426,,,,,-1900.0,-85.71428571428571,,,28.740966465843808,38.270762986742966,42.77608612456114,37.06051448367362,10.79432675304053,-3.123288309811556,15.36300080666846,3.9712604313731026,28.740966465843808,True,False
XMTR,rainbow_convergence,107.69999694824219,95.54710372342116,107.69999694824219,,,,,,True,8.263282644923734,13.0,True,,,,,,,0.0,11.28402374111616,False,,False,27.463019890115742,,,,,,,,,41.054587288599606,35.87907611395566,29.52082183296756,27.535321599457994,11.768663046339544,6.621690454162721,6.464875632902634,11.177074938325537,27.535321599457994,True,False
XOM,rainbow_convergence,164.47999572753906,160.73404017666135,164.47999572753906,,,,,,True,1.8251068797674779,4.0,True,,,,,,,0.0,2.277453579876596,True,,False,23.463019034386573,,,,,112.19512195121952,,,,,,,,42.34166809805413,,,,,False,False
XRPN,rainbow_convergence,38.650001525878906,14.149513391014748,38.650001525878906,,,,,,True,38.36012238511121,12.0,True,,,,,,,0.0,63.3906524388087,False,,False,,,,,,,,,,,,,,,,,,,False,False
ABSI,vcp,10.5,9.25,11.529999732971191,,,,,,True,,,,2.0,17%->12%,17.37005689762419,11.904761904761903,0.5884802536859178,9.0,9.809521266392299,19.774499442973127,False,,False,40.79815335614584,,,,,,,,,-46.37436762225969,-81.76420695504665,-2.2556390977443663,-77.77777777777779,47.906976744186046,-66.92307692307693,71.95767195767195,-36.25632377740303,-81.76420695504665,True,False
AGCC,vcp,15.5,14.180000305175781,15.0,,,,,,False,,,,3.0,23%->10%->9%,22.50692586179238,8.516127063382056,0.2394678492239468,15.0,-3.225806451612903,5.466664632161458,False,,False,,,,,,,,,,,,,,,,,,,False,False
AGEN,vcp,8.760000228881836,7.46999979019165,7.489999771118164,,,,,,False,,,,2.0,22%->15%,21.629489865661427,14.726032020376406,0.8449216087252897,4.0,-14.497721741792468,0.2670224504363092,False,,False,29.464817461898146,,,,,-100.98039215686273,1033.3333333333294,-95.36082474226802,,34.358335603907975,40.18116845341977,27.45090732943325,20.400605288308384,2.3179985771875744,-1.3682610221026792,13.127170497767482,17.687127787941304,20.400605288308384,True,False
AKAM,vcp,113.43000030517578,104.0,108.62000274658203,,,,,,False,,,,2.0,18%->8%,17.678659136653817,8.313497557793353,0.3850209442086074,7.0,-4.240498585605903,4.253362759860002,False,-38.04347826086958,True,29.79815214163194,-26.76056338028169,-13.414634146341465,-38.04347826086958,155.26315789473682,-26.76056338028169,24.56140350877196,-41.23711340206187,36.61971830985915,5.384602115584758,5.7599008608673286,7.350733720349933,4.971836775726368,2.4284423580257286,-1.9455444821136259,3.819538605956585,1.0671839033094654,4.971836775726368,True,False
ALAB,vcp,377.8699951171875,342.0,362.3399963378906,,,,,,False,,,,2.0,22%->9%,21.770556575549104,9.492681499112747,0.8224076418460122,20.0,-4.109878788994773,5.613511216940869,False,-79.67479674796748,False,27.79815280789352,186.20689655172416,144.44444444444446,-79.67479674796748,,88.63636363636363,76.0,-50.0,72.41379310344828,104.45486518171161,93.40010787621831,91.77226852639338,103.8934969845958,27.253446447507955,13.961704911247196,17.351404098449528,20.13807476878988,91.77226852639338,True,False
ALGT,vcp,85.0,74.33000183105469,77.54000091552734,,,,,,False,,,,3.0,32%->16%->13%,31.87552025783012,12.552939022288603,0.8161424212368359,43.0,-8.7764695111443,4.139797583920141,False,32.94797687861271,False,28.798150499016202,,32.94797687861271,,,-109.13043478260869,26.373626373626323,,,33.10897415149181,8.925658694770977,7.570150008579657,1.0542159435079412,22.431114068344836,12.80388080853536,20.52073889392565,-20.029518957514714,1.0542159435079412,True,False
ALM,vcp,13.729999542236328,12.760000228881836,13.520000457763672,,,,,,False,,,,4.0,32%->19%->9%->7%,31.87660935599087,7.064816793114763,0.7277597755956121,19.0,-1.529490833751709,5.62130327773337,False,,False,30.7981530537037,,,,,,,,,,,,,,,,,,False,False
ALMS,vcp,7.554999828338623,6.635000228881836,6.840000152587891,,,,,,False,,,,4.0,64%->37%->16%->12%,63.74559802353321,12.177360957784416,0.32501926751760474,27.0,-9.463927094594837,2.997074841123997,False,-244.1558441558442,False,36.79815288365741,-244.1558441558442,,-102.11386696730554,,,,,-237.66233766233765,-37.65941485371342,-89.98792339985047,,,-4.537622056289492,-9.745982374287198,-6.631171345595355,-22.505626406601653,-89.98792339985047,False,False
AMAT,vcp,474.0400085449219,411.510009765625,530.27001953125,,,,,,True,,,,2.0,21%->13%,20.9748516895046,13.190869473493247,0.7910911492216578,35.0,11.861870300552816,22.396138833307397,False,12.918660287081352,True,36.798096981620375,42.79279279279278,33.460076045627375,75.17241379310346,12.918660287081352,-9.686609686609682,38.188976377952756,7.627118644067776,6.3063063063063085,24.82881402355519,11.40845070422536,-2.149037119732067,-3.477643718949608,15.233881163084707,12.806617227609806,3.117647058823536,-6.874828814023559,-3.477643718949608,True,False
APEI,vcp,43.86000061035156,40.060001373291016,46.220001220703125,,,,,,True,,,,3.0,19%->16%->9%,19.437197791342882,8.663928828500051,0.6638275832302247,41.0,5.380758270656681,13.327563143059562,False,6.349206349206371,False,33.79805219199074,,129.2682926829268,6.349206349206371,650.0,-44.680851063829785,40.29850746268653,123.33333333333339,,5.507907056756323,6.190785835394497,-3.5220279081104144,6.5914760778986725,-1.7208620906728922,10.363165540327168,-2.9929847134148257,0.2758561370310719,-3.5220279081104144,True,False
ARCB,vcp,134.8699951171875,124.05999755859375,128.24000549316406,,,,,,False,,,,2.0,12%->8%,11.543070909897278,8.015124156563532,0.66387372418704,20.0,-4.915837372324875,3.259519460012134,False,-155.35714285714283,True,28.46473747020833,-155.35714285714283,-138.46153846153845,-128.92561983471077,-59.33806146572105,,,-120.34883720930235,53.571428571428555,15.874399367673075,3.2788495642022353,-2.8909443964678094,-1.409713260165324,18.597277094392584,2.683080288849049,-7.198391050024943,2.5317532985866587,-2.8909443964678094,True,False
ARMP,vcp,3.8499999046325684,3.2799999713897705,3.8499999046325684,,,,,,True,,,,3.0,40%->23%->15%,39.90963720231878,14.805193437977419,0.05014569327177939,16.0,0.0,14.805193437977419,False,-1805.0000000000011,False,35.798050725393516,,,-1805.0000000000011,,,,,,,,,,,,,,,False,False
ASA,vcp,59.77000045776367,53.349998474121094,57.060001373291016,,,,,,False,,,,2.0,18%->11%,18.21561338289963,10.741177738787632,0.6313699536730641,22.0,-4.534045614384211,6.501932719732674,False,,False,,,,,,,,,,,,,,,,,,,False,False
ASTH,vcp,35.52000045776367,32.220001220703125,37.0,,,,,,True,,,,2.0,19%->9%,19.349184967744083,9.290538272893688,0.6121130147279832,16.0,4.166665324219729,12.918915619721282,False,-96.96969696969697,False,29.798024041076392,110.52631578947367,107.14285714285711,,-96.96969696969697,37.93103448275863,141.66666666666666,1100.0,-94.73684210526316,48.519871473775524,55.56343590322217,42.89088091111215,99.7133964195442,0.7688322453631713,1.5335767782578724,-0.5778998544006209,46.00432493188844,42.89088091111215,True,False
ATEX,vcp,86.43000030517578,77.55999755859375,85.61000061035156,,,,,,False,,,,2.0,20%->10%,20.23021885293896,10.262643428512009,0.8419939466870875,22.0,-0.948744292408748,9.403110611337203,False,-185.36585365853657,False,35.79799375355324,-99.25925925925925,90.19607843137263,-185.36585365853657,,-98.96907216494846,,-112.23776223776223,111.85185185185182,38.0818053596615,40.964722822174224,0.4469987228607808,0.06447453255964408,0.0,24.47552447552448,1.3530927835051498,9.44992947813823,0.06447453255964408,True,False
ATI,vcp,193.1699981689453,178.25999450683594,194.69000244140625,,,,,,True,,,,2.0,18%->8%,17.558759017178186,7.7185918121038535,0.6819494306713302,28.0,0.7868738866640931,8.439060932014254,True,-25.531914893617003,True,20.46465566224537,55.71428571428574,26.86567164179103,-25.531914893617003,36.84210526315792,28.23529411764707,21.428571428571395,-10.256410256410241,11.428571428571432,10.584005612065939,0.6204124432016789,0.3752025240897128,7.068112633181123,9.518019973947034,-2.1748364624925687,4.584629053753897,-1.306559102069449,0.3752025240897128,True,False
BB,vcp,8.979999542236328,8.329999923706055,9.579999923706055,,,,,,True,,,,2.0,14%->7%,13.991327563224623,7.2383034706525295,0.7595650315271989,10.0,6.681519065203714,13.048016805374182,False,,False,71.79798604125,,,,,149.99999999999994,0.0,,,26.003086419753085,25.636811832374697,10.091743119266061,-1.253481894150421,6.801831262262925,-1.9871794871794912,10.014104372355437,9.41358024691359,-1.253481894150421,True,False
BELFA,vcp,209.25,194.25,209.5800018310547,,,,,,True,,,,3.0,23%->11%->7%,22.964141393069664,7.168458781362006,0.7469824433065106,35.0,0.15770696824596775,7.314630068288869,True,,False,21.79798543771991,,,,,,,,,25.18493871027161,17.244708942576747,17.402358216723712,44.76131933547938,18.03676375839678,1.4510793575009284,-1.6996312437143835,6.3464429378665255,17.244708942576747,True,False
BGC,vcp,12.510000228881836,11.260000228881836,11.850000381469727,,,,,,False,,,,3.0,20%->16%->10%,19.937939610047543,9.992006212071244,0.6623022207183682,72.0,-5.275778060246297,4.978904080969442,False,-25.000000000000032,True,29.464633488599535,36.36363636363635,54.54545454545456,-25.000000000000032,100.0,-11.764705882352954,466.66666666666725,-50.00000000000004,-45.45454545454546,7.332583378469515,49.22311681120597,34.39048104078892,38.305892837250745,-12.805235017957761,24.91583071560335,2.868621392879356,-4.205456770348704,7.332583378469515,True,False
BJRI,vcp,63.400001525878906,56.86000061035156,61.33000183105469,,,,,,False,,,,2.0,14%->10%,14.462081158412085,10.315458609031445,0.6638374244578035,30.0,-3.2649836671995613,7.288441361891045,False,-29.31034482758621,False,22.79795115013889,-11.340206185567014,-29.31034482758621,,,109.75609756097562,-30.508474576271226,2850.0000000000014,-97.9381443298969,6.370675908172108,2.915456084236423,3.211951013390868,1.3678147509072813,8.592140020886973,0.7650556135498476,7.64545352665551,-9.693733810726012,1.3678147509072813,True,False
BNED,vcp,11.489999771118164,10.46500015258789,11.539999961853027,,,,,,True,,,,2.0,16%->9%,16.3153792671806,8.92079755394568,0.5184477593690774,20.0,0.4351626782495353,9.315422988030232,True,-95.95959595959596,False,64.79794588239584,,-95.95959595959596,-67.79661016949152,-55.828220858895705,-408.3333333333332,-36.84210526315786,-73.61111111111111,,0.9774636277760207,-5.507721626563422,12.429497001165224,6.8856155547693865,25.75925505337271,-53.34075133789011,-21.127327982935785,118.18264710280508,-5.507721626563422,True,False
BOF,vcp,4.109000205993652,3.7899999618530273,3.9600000381469727,,,,,,False,,,,2.0,10%->8%,10.098518551490839,7.763451646347224,0.10599835661462613,6.0,-3.6261903231189536,4.29293117818995,False,,False,,,,,,,,,,36.13265684380751,-17.78910031748454,169.71153079397143,47.60643503652311,71.02499429375919,-35.77308845852406,26.04636544973069,-1.6769436809034421,-17.78910031748454,True,False
BSRR,vcp,42.13999938964844,38.43000030517578,39.47999954223633,,,,,,False,,,,3.0,14%->11%->9%,14.459003802890416,8.803984665894433,0.7827294415865205,78.0,-6.312292088133087,2.659572566451631,False,-2.7027027027027084,True,19.464589350254627,-1.2820512820512886,47.69230769230768,31.506849315068486,-2.7027027027027084,-19.791666666666664,0.0,33.33333333333333,-7.692307692307699,,,,,-3.3887836613686884,,,,,False,False
BSTZ,vcp,30.195972882416992,27.700000762939453,31.239999771118164,,,,,,True,,,,2.0,11%->8%,10.912766821597518,8.26591058747087,0.8234379076126339,52.0,3.4575037299397793,11.331623028536292,False,,False,,,,,,,,,,,,,,,,,,,False,False
BWEN,vcp,4.420000076293945,4.0,4.25,,,,,,False,,,,3.0,25%->21%->10%,24.9122745083014,9.502264005526996,0.3181923710909387,38.0,-3.8461555058724333,5.88235294117647,False,-300.0,False,40.464588105324076,,,,-300.0,,-109.375,,,67.37603305785125,-7.549269775775014,81.856564656553,24.60637129256682,-28.640220806295325,-45.469538067408536,41.17633762065147,204.67630853994493,-7.549269775775014,True,False
BWMX,vcp,17.360000610351562,15.848999977111816,16.31999969482422,,,,,,False,,,,3.0,18%->13%->9%,18.20349711504087,8.703920392368849,0.5265127508676626,59.0,-5.990788473286133,2.886027736028554,False,,False,15.79788112525463,,,,,,,,,,,,,,,,,,False,False
CBIO,vcp,15.619999885559082,13.630000114440918,13.9399995803833,,,,,,False,,,,2.0,40%->13%,39.81191389922451,12.740075452612185,0.562359031641355,21.0,-10.755443773907873,2.2238125916346614,False,,False,,,,,,,,,,,,,,-100.0,,,,,False,False
CBLL,vcp,25.25,23.315000534057617,24.860000610351562,,,,,,False,,,,2.0,10%->8%,9.509502469088666,7.663364221553991,0.6672029235933186,13.0,-1.5445520382116336,6.2148030505301595,False,-121.47239263803682,False,27.797891089930555,,,-121.47239263803682,,,,,,32.53927072031699,29.295788394905074,33.721808568037126,31.369584181448083,6.05042651166301,6.899612653324727,9.717118951702153,6.5569130619368865,29.295788394905074,True,False
CCSI,vcp,38.56999969482422,33.61000061035156,36.380001068115234,,,,,,False,,,,2.0,19%->13%,18.74085014876668,12.859733273833154,0.5805599456393107,26.0,-5.6779845580420485,7.614074701584881,False,5.504587155963292,True,29.797876693391203,33.644859813084096,21.495327102803728,15.217391304347782,5.504587155963292,9.999999999999986,22.641509433962305,-7.826086956521761,7.47663551401867,4.445326228671842,1.7570699517062582,0.6147400233532441,0.12894177261004724,3.3637016425814625,1.4074251060973264,-0.7173033910941373,0.36392494756534166,0.12894177261004724,True,False
CECO,vcp,75.08000183105469,68.23999786376953,75.44999694824219,,,,,,True,,,,2.0,17%->9%,16.930113788014957,9.110287427371885,0.6998894033403941,20.0,0.49280115631864857,9.555996522330718,True,-407.6923076923077,True,20.46454406730324,-407.6923076923077,-101.0204081632653,-35.71428571428565,-33.33333333333333,,-111.1111111111111,125.00000000000017,-84.61538461538461,53.708108807870936,16.537915188146933,35.397247833709635,45.81553061329908,38.38499604213308,-4.087212497787551,8.651359571657746,6.585001429411341,16.537915188146933,True,False
CEVA,vcp,29.309999465942383,26.8799991607666,36.16999816894531,,,,,,True,,,,3.0,22%->12%->8%,21.936051532970822,8.290686965038644,0.4389853197761867,35.0,23.40497723643464,25.684267289111666,False,-600.0,False,33.464543838356484,,-55.555555555555515,,-600.0,-362.4999999999998,,,,35.58585905758185,54.47582028123927,6.795874230577281,17.83718104495746,7.434132622853751,5.241841264896019,5.910497009692728,13.225610610376881,6.795874230577281,True,False
CGEM,vcp,15.779999732971191,14.489999771118164,16.040000915527344,,,,,,True,,,,2.0,35%->8%,35.10054682850538,8.174904839558799,0.5507540151025773,9.0,1.6476627817229825,9.663348229043542,True,,False,38.7978749709375,,,,,,,,,,,,-100.0,,,,,-100.0,False,False
CGON,vcp,73.16000366210938,65.70999908447266,68.70999908447266,,,,,,False,,,,2.0,18%->10%,18.132203417094555,10.183165944119796,0.8471754132562992,9.0,-6.082564727838362,4.366176742793686,False,,False,33.46454117697917,,,,,,,,,,1982.6923076923076,409.2105263157895,3774.418604651163,6.8328716528162525,-53.35917312661499,39.37575030012004,,409.2105263157895,False,False
CLDT,vcp,13.786958810576014,12.437047138481304,13.710000038146973,,,,,,False,,,,2.0,12%->10%,12.175790293770362,9.791221477061267,0.6514018421736494,49.0,-0.5581997704236684,9.284849716438943,False,-40.0,False,28.46454052787037,85.7142857142857,,,-40.0,,-360.0,66.66666666666667,-57.14285714285715,3.91820470959352,0.5026458076342166,2.37108764619538,1.2260774395835172,-13.841953726326894,0.8071323673955577,26.351854828105136,-5.305902210907886,0.5026458076342166,True,False
CLMT,vcp,55.58000183105469,51.33000183105469,56.209999084472656,,,,,,True,,,,2.0,13%->8%,13.278772181012263,7.64663522847414,0.7109359161029913,11.0,1.1334962804300683,8.681724484791905,True,,False,30.46450935900463,,,,,,,-111.91135734072022,,40.76563413208649,3.601972029379219,9.383886255924168,-2.035623409669207,40.34184713994367,-0.8569227806662805,-3.6549165120593696,5.006818624586007,-2.035623409669207,True,False
CLOV,vcp,4.690000057220459,4.110000133514404,4.679999828338623,,,,,,False,,,,3.0,22%->16%->12%,22.254339057308567,12.366735962254833,0.7465452538460466,41.0,-0.2132244938129617,12.179481105377857,False,,False,28.797829904675922,,,,,0.0,,,,55.597964909342146,62.04602330365041,44.73606894525513,50.051663816596474,-0.8038025117827363,53.61456776302165,-1.8006644518272386,3.9843390142791257,44.73606894525513,True,False
CNQ,vcp,51.84456626668263,46.58000183105469,48.099998474121094,,,,,,False,,,,2.0,19%->10%,18.696740425365828,10.154515342162592,0.7411103536718056,86.0,-7.222681299521143,3.160076281258511,False,,False,29.464484833356483,,,,,,,,,,,,,,,,,,False,False
COFS,vcp,34.702783123043154,31.899999618530273,33.02000045776367,,,,,,False,,,,2.0,12%->8%,12.102087839908062,8.076538111007563,0.6652559553978713,57.0,-4.849128841663683,3.3918862014130093,False,-7.777777777777784,False,23.464491577210648,-7.777777777777784,,81.01265822784806,14.117647058823524,-8.791208791208794,-36.36363636363635,47.4226804123711,7.777777777777772,1.0690635479972066,33.58020728239934,73.63178283284304,71.17947547159042,1.9122165576668904,-2.2746716320265703,-0.6168414384075449,2.1108898081473537,1.0690635479972066,True,False
COGT,vcp,32.7599983215332,29.93000030517578,30.8700008392334,,,,,,False,,,,2.0,19%->9%,19.42121427386457,8.63857802610832,0.8487377083210534,26.0,-5.769223379530841,3.04502918206257,False,,False,27.464482986145832,,,,,,,,,-100.0,-69.41176470588235,-83.17399617590821,130.29806747461512,-100.0,-40.90909090909091,-92.49039965865452,-54.00968079539508,-100.0,True,False
CPAY,vcp,427.4599914550781,386.2300109863281,406.7900085449219,,,,,,False,,,,2.0,12%->10%,11.831234755976244,9.645342556715713,0.38389098681388545,76.0,-4.8355362661650325,5.054204165961787,False,-7.0351758793969825,True,28.79781520556713,-7.0351758793969825,49.117647058823536,9.037900874635518,0.2564102564102555,-27.02169625246549,35.56149732620322,-4.347826086956519,-1.7587939698492372,,,,,12.502473901539691,,,,,False,False
CRDO,vcp,231.58999633789062,206.05999755859375,212.47999572753906,,,,,,False,,,,4.0,34%->16%->13%->11%,34.24282271735643,11.023791693510162,0.8461279925428491,26.0,-8.25165201974873,3.021460042373876,False,97.05882352941175,False,54.79781843539352,97.05882352941175,313.63636363636357,412.5,,-26.373626373626347,10.975609756097526,86.36363636363636,29.411764705882337,114.14189837008628,151.11506967389744,192.38947716268444,248.83905562641536,11.418685912911354,7.368578813401072,51.85485044417166,17.879352960320883,114.14189837008628,True,False
CRSR,vcp,13.630000114440918,12.670000076293945,13.529999732971191,,,,,,False,,,,2.0,23%->7%,23.11111126303056,7.043287087942556,0.7349922836762416,36.0,-0.7336785079244177,6.35624296859014,False,2199.9999999999723,False,29.79781837289352,,,2199.9999999999723,,-45.45454545454546,-52.17391304347826,,,-1.8046808616984045,-4.121162947937796,5.616708935431536,13.663424271611667,-11.333043733357407,-18.849046022135497,26.3452133397732,8.013132903483777,-4.121162947937796,True,False
CTRN,vcp,52.029998779296875,47.08000183105469,49.189998626708984,,,,,,False,,,,2.0,32%->10%,32.290936954230126,9.513736429707217,0.6432312631066321,21.0,-5.458389812067318,4.289483339218106,False,-123.91304347826086,False,55.46448356748842,-123.91304347826086,727.2727272727274,,,-112.08791208791209,-1.0869565217391242,,-286.95652173913044,,,,,5.539746442949656,,,,,False,False
CV,vcp,6.980000019073486,6.110000133514404,6.585000038146973,,,,,,False,,,,2.0,15%->12%,14.905929894585174,12.464181707474614,0.5651156462585034,10.0,-5.659025499242697,7.21336221535139,False,,False,36.797808483310185,,,,,,-104.10958904109589,,,9.894419306184021,0.3233920229967602,32.097100472016194,24.44600773830461,30.479942693409747,-28.739152628892295,10.740531373657426,6.726998491704372,0.3233920229967602,True,False
CVU,vcp,5.349999904632568,4.940000057220459,5.179999828338623,,,,,,False,,,,2.0,17%->8%,16.55518804009483,7.663548686367083,0.5504088914148589,36.0,-3.177571576155396,4.633200368177213,False,-50.0,False,,,,-50.0,50.0,-44.44444444444444,124.99999999999996,-55.55555555555555,,15.827175088285816,12.722432776679993,-10.815211369165457,-0.776405455461382,1.2764560246175893,-10.577106238370737,0.7483690729334525,26.944890305807156,-10.815211369165457,True,False
DAVE,vcp,339.6300048828125,310.8800048828125,368.94000244140625,,,,,,True,,,,2.0,12%->8%,12.360577887100078,8.465094245698355,0.508792965627498,9.0,8.6299788408586,15.73697543622005,False,-20.967741935483875,True,28.79775258394676,-20.967741935483875,104.06091370558373,322.01834862385306,21033.333333333336,-87.81094527363183,-12.608695652173918,-27.444794952681395,922.5806451612904,29.627268380427594,46.708156215560436,62.35719952399841,62.96532560628832,7.814334591639627,-3.2414900959559234,8.622325427102329,14.396199063427373,29.627268380427594,True,False
DFTX,vcp,38.95000076293945,35.900001525878906,36.22999954223633,,,,,,False,,,,3.0,16%->12%->8%,16.15261508083942,7.830549877582009,0.4554795754400882,15.0,-6.983314935621721,0.9108419004331361,False,-430.76923076923117,False,29.79773955094907,,,-430.76923076923117,,,,,,,,,,,,,,,False,False
DIBS,vcp,4.275000095367432,3.8299999237060547,4.03000020980835,,,,,,False,,,,2.0,16%->10%,16.07929570941081,10.409360508403209,0.5321737014961684,14.0,-5.7309913472183105,4.962785997269368,False,,False,30.464427288587963,,,,,,,,,5.339959340411116,-0.6963850077622569,0.8695652173912993,3.690420009438422,4.149544398785054,-2.5252525252525304,4.533042053522673,-0.736390332053305,-0.6963850077622569,True,False
DMAC,vcp,6.876999855041504,6.360000133514404,8.420000076293945,,,,,,True,,,,2.0,10%->8%,9.668349882782003,7.517809108983607,0.8146876490224129,18.0,22.43711289482249,24.46555729351309,False,,False,35.79770889290509,,,,,,,,,,,,,,,,,,False,False
DRH,vcp,12.855589454258215,11.74546902647557,12.380000114440918,,,,,,False,,,,2.0,13%->9%,13.05293895184913,8.635313314357086,0.767098774088747,45.0,-3.699475169999036,5.12545300565212,False,-9.090909090909083,False,27.797741371400463,144.44444444444446,75.00000000000003,,-9.090909090909083,528.5714285714286,-41.666666666666664,19.999999999999996,-44.44444444444444,4.110297003794328,1.2983955456675078,-1.6187005242769281,0.08943320391823217,23.289252484873835,-5.9635600690624795,-3.801894990609145,-6.651838283396572,-1.6187005242769281,True,False
DSGN,vcp,12.944999694824219,12.03499984741211,12.420000076293945,,,,,,False,,,,3.0,23%->11%->7%,22.888885982452877,7.029740199808219,0.6875371222020467,22.0,-4.055617079235493,3.099840793211313,False,,False,29.464366979444446,,,,,,,,,,,,,64.99999999999999,-35.483870967741936,-78.16901408450705,,,False,False
DVA,vcp,195.75,173.9499969482422,180.39999389648438,,,,,,False,,,,2.0,31%->11%,30.744680555910925,11.136655454282407,0.6809424502619428,45.0,-7.841637856202108,3.575386455912671,False,-18.399999999999995,True,21.797696112604164,55.81395348837208,43.50000000000001,4.545454545454541,-18.399999999999995,40.06968641114981,-10.869565217391298,57.843137254901954,-20.93023255813954,1.4005406250927166,4.13629230677639,0.5761470981307859,1.7011478637815935,-0.47224746140921425,1.7228558940625138,3.7535975154374457,-3.467319802930835,0.5761470981307859,True,False
EGBN,vcp,29.1299991607666,26.520000457763672,28.239999771118164,,,,,,False,,,,2.0,14%->9%,14.387457392229871,8.959831027108905,0.5534274967375451,57.0,-3.0552674743881307,6.090649175973377,False,-408.33333333333337,False,14.797690152233796,,700.0,-117.64705882352939,-408.33333333333337,-52.08333333333333,,,,,,,,,,,,,False,False
EXEL,vcp,59.720001220703125,54.54999923706055,58.33000183105469,,,,,,False,,,,2.0,12%->9%,12.256364264666706,8.657069454061388,0.6340373032972816,43.0,-2.3275273965777594,6.480374550548497,False,26.15384615384615,True,20.797660744918982,26.15384615384615,43.636363636363626,89.36170212765953,72.49999999999999,3.797468354430378,-11.235955056179737,28.985507246376784,6.153846153846132,10.63402204268813,9.96764767835636,5.62994592019479,10.789336140652628,2.926923505104684,2.0293554136467495,0.15190169885654914,5.190220690844516,5.62994592019479,True,False
EXTR,vcp,22.920000076293945,20.760000228881836,24.540000915527344,,,,,,True,,,,3.0,28%->16%->9%,27.52237000397948,9.424083072522272,0.5577943858277973,44.0,7.068066465274396,15.40342520628744,False,0.0,False,21.464312321481483,,166.66666666666669,0.0,,62.5,33.33333333333335,50.0,,10.275469620818045,11.377304441046721,13.806804961429009,15.245315819972948,6.840258273004407,-0.33058111189746553,2.4754629405792095,1.0560157392598857,10.275469620818045,True,False
FIRY,vcp,12.949999809265137,12.020000457763672,12.569999694824219,,,,,,False,,,,2.0,17%->7%,16.52892703586165,7.181462279529089,0.4850721962870481,8.0,-2.9343638612955436,4.37549125229504,False,,False,36.79762799804398,,,,,,,,,22.91584040612358,32.91775129013106,68.87625907377188,11.439504966617807,6.483422092423985,-3.018893072540063,9.633228611090816,8.566669310700403,11.439504966617807,True,False
FISI,vcp,42.63478810807591,38.099998474121094,39.279998779296875,,,,,,False,,,,2.0,17%->11%,16.943903245546522,10.63636020064055,0.8466411107323929,166.0,-7.868666592818291,3.0040741900371914,False,17.85714285714286,False,22.797616199594906,22.352941176470598,28.395061728395056,,17.85714285714286,0.0,8.333333333333348,-3.0303030303030276,16.470588235294127,,,,,,,,,,False,False
FIX,vcp,1695.5699462890625,1545.2099609375,1817.9599609375,,,,,,True,,,,2.0,20%->9%,20.065295986655666,8.867813780295029,0.8340248504778089,35.0,7.218222693572815,15.00308069817699,False,91.88361408882082,True,15.797610589710649,91.88361408882082,121.26315789473682,129.1666666666666,101.71149144254281,19.219790675547088,12.406417112299483,13.333333333333307,26.339969372128635,-4.337759647837336,-2.865961444390097,1.0158179590843641,14.326574422345306,-4.177629367017621,-2.1198741350989203,-3.9502708926275276,6.18984161535483,-4.337759647837336,True,False
FLNG,vcp,32.974998474121094,30.56999969482422,31.40999984741211,,,,,,False,,,,2.0,9%->7%,8.65905074493331,7.293400729599206,0.742583667096599,32.0,-4.7460157668762335,2.67430804415333,False,,False,51.4642892021875,,,,,,,,,,,,,,,,,,False,False
FMAO,vcp,35.709999084472656,32.65999984741211,35.34000015258789,,,,,,False,,,,2.0,13%->9%,12.548688074188115,8.541023005477312,0.654179780455976,48.0,-1.0361213704025205,7.583475646871294,False,18.032786885245965,True,19.797608255555556,53.571428571428555,37.254901960784295,18.032786885245965,33.33333333333335,22.857142857142865,-2.7777777777778123,12.500000000000021,14.28571428571428,,,,,,,,,,False,False
FMX,vcp,125.0,113.29000091552734,116.9800033569336,,,,,,False,,,,2.0,18%->9%,18.4703503621576,9.367999267578126,0.7223723364230256,49.0,-6.415997314453124,3.154387361528091,False,,False,21.464272478761576,,,,,,,,,,,,,,,,,,False,False
FN,vcp,428.5,373.70001220703125,489.1600036621094,,,,,,True,,,,3.0,31%->16%->13%,31.406593666832407,12.78879528424008,0.41604842056254493,35.0,14.15636024786683,23.603726917712777,False,24.882629107981224,True,26.797587219259263,58.92116182572613,53.33333333333334,30.672268907563026,24.882629107981224,11.014492753623184,10.932475884244376,16.917293233082688,10.373443983402497,44.64104334214218,39.28589044034232,35.901766777670076,21.62322127555867,8.358361614536204,7.185617642697251,15.822060098473823,7.5229858017878515,21.62322127555867,True,True
FNKO,vcp,5.679999828338623,5.28000020980835,6.070000171661377,,,,,,True,,,,2.0,29%->7%,29.047616050974735,7.042247017941754,0.6760249892505754,25.0,6.866203435024178,13.014826021607872,False,-75.0,False,29.797575026481482,,,,-75.0,,,-100.0,,7.365521091234251,5.337136086484673,-7.024502177176917,-14.298157225078134,3.384448459329392,-26.42916776518147,8.844383332336946,29.687443466395138,-14.298157225078134,True,False
FNRN,vcp,18.0,16.530000686645508,17.649999618530273,,,,,,False,,,,2.0,17%->8%,17.246751661424515,8.166662851969402,0.7842652302556711,48.0,-1.9444465637207031,6.3456031506590405,False,-12.121212121212132,True,21.797614801145833,-12.121212121212132,63.636363636363626,-8.108108108108091,11.764705882352944,-19.444444444444443,5.882352941176472,-10.526315789473696,15.151515151515138,,,,,,,,,,False,False
FRST,vcp,16.8799991607666,14.84000015258789,15.479999542236328,,,,,,False,,,,2.0,18%->12%,17.650563466325877,12.085302782005973,0.5781905944452508,70.0,-8.29383701501732,4.134363104483526,False,-67.3913043478261,False,15.797561868472222,280.0,-67.3913043478261,,460.00000000000006,26.666666666666682,-74.78991596638656,325.0,180.00000000000003,,,,,,,,,,False,False
FSLY,vcp,27.260000228881836,25.010000228881836,26.010000228881836,,,,,,False,,,,2.0,23%->8%,22.949251680710205,8.253851728204081,0.19753840544832074,8.0,-4.585473182335601,3.844675091119712,False,,False,28.797566626238424,,,,,,,,,23.27229690200323,19.75926464277309,22.78647593168255,15.317843243006868,5.950722744637926,0.2369476050332553,9.094126644040369,6.39772979443074,15.317843243006868,True,False
FTK,vcp,31.760000228881836,28.959999084472656,29.969999313354492,,,,,,False,,,,2.0,13%->9%,13.13891096551437,8.816124446570127,0.790340553494833,10.0,-5.636022993159669,3.3700375442844424,False,-40.00000000000002,True,27.79756938738426,420.0,-29.41176470588236,-40.00000000000002,562.5,116.6666666666667,33.33333333333337,-83.01886792452831,960.0,70.29477292202229,26.532639716773243,33.02401639182773,12.643239113827342,41.849509642974404,3.7500555399220925,20.502935874783603,-3.974293059125966,12.643239113827342,True,False
GAIN,vcp,16.851238686716762,15.380000114440918,15.399999618530273,,,,,,False,,,,2.0,14%->9%,13.755771842600787,8.730744366202407,0.6427509523371192,99.0,-8.612061671943733,0.12986691288804172,False,-89.28571428571429,False,27.79755352934028,26.66666666666666,-89.28571428571429,,36.00000000000001,533.3333333333333,-85.0,-41.17647058823529,126.66666666666674,,,,,,,,,,False,False
GEV,vcp,983.3400268554688,868.25,990.0,,,,,,True,,,,2.0,21%->12%,20.52089074493127,11.703990858940665,0.8266431702338861,34.0,0.6772807942974269,12.297979797979798,False,32.79569892473118,False,21.464220416377312,32.79569892473118,1816.4835164835165,658.8571428571431,,-85.83715596330275,31.32530120481927,709.7560975609758,-11.827956989247323,21.8746570080123,16.272410358565747,3.7696533434362633,11.847862672500842,18.89923974729628,-14.759036144578308,9.900692145651524,9.417188014487987,3.7696533434362633,True,False
GILD,vcp,154.1999969482422,142.60000610351562,144.22999572753906,,,,,,False,,,,2.0,9%->8%,9.245433757718075,7.522692006680224,0.8485217871294611,56.0,-6.465629972774639,1.1301322001718743,False,-641.6666666666666,True,22.79755144193287,-641.6666666666666,54.807692307692314,22.377622377622398,143.00000000000003,-624.8447204968944,-7.9999999999999964,-27.98353909465021,55.769230769230774,10.180739903981916,4.394780260986941,4.703395428722423,2.96885354539429,12.112068965517242,-12.176656151419563,2.0079804350624286,9.700649534029937,2.96885354539429,True,False
GLW,vcp,160.7100067138672,149.25999450683594,168.97000122070312,,,,,,True,,,,2.0,17%->7%,16.90017304873896,7.1246417327436165,0.6929735454920666,19.0,5.13968898124824,11.66479645586474,False,18.518518518518512,False,20.46421664125,18.518518518518512,138.88888888888889,69.44444444444449,,48.837209302325576,-29.508196721311485,22.00000000000002,-7.407407407407418,20.464557468962763,15.663157894736845,,,9.501274117218795,9.879999999999999,-4.104334484081318,4.405286343612325,15.663157894736845,False,False
GPRE,vcp,16.030000686645508,14.329999923706055,15.15999984741211,,,,,,False,,,,2.0,19%->11%,18.998791514024134,10.60511971378587,0.7141501224555705,31.0,-5.427328770847718,5.474933588787206,False,-75.36231884057972,False,28.46417880636574,,,,-75.36231884057972,97.61904761904762,61.53846153846152,52.941176470588225,,-30.69845442596202,19.115103498298282,2.3666917238536422,14.537027553006254,7.428919387324928,1.1441430771052863,-5.62051465492186,-32.422305821208965,-30.69845442596202,True,False
GPRK,vcp,11.510000228881836,10.260000228881836,11.4399995803833,,,,,,False,,,,2.0,20%->11%,19.801982930755184,10.860121417403604,0.67403825717322,22.0,-0.6081724335928664,10.314680024332034,False,,False,28.797503433449073,,,,,,,,,,,,,,,,,,False,False
GSIT,vcp,5.869999885559082,5.28000020980835,5.579999923706055,,,,,,False,,,,2.0,19%->10%,18.664385686785927,10.05110199750095,0.5315804857309879,19.0,-4.940374233506592,5.376339032249574,False,,False,22.797494600127315,,,,,,,,,0.46156294763648464,7.4111847696753275,12.22755818248984,41.62637362637363,-0.11077702168064141,3.999341672152723,-5.710738671632532,2.562470157568031,0.46156294763648464,True,False
GSL,vcp,46.56999969482422,43.25,45.5,,,,,,False,,,,2.0,10%->7%,10.22599781246303,7.129052429848315,0.7664940777709242,46.0,-2.2976158510542968,4.945054945054945,False,,False,33.46417821429398,,,,,,,,,,,,,,,,,,False,False
HAFC,vcp,32.70000076293945,30.170000076293945,31.68000030517578,,,,,,False,,,,2.0,10%->8%,10.477608469657644,7.737004977421543,0.8364674892555108,66.0,-3.119267382157646,4.766414817979458,False,20.68965517241377,True,13.797485880208333,58.00000000000001,29.31034482758621,20.68965517241377,48.979591836734706,5.3333333333333455,7.142857142857184,-4.109589041095929,46.0,5.394402646763896,7.292302946166895,9.553372235376,10.873724088454818,0.9390778290222723,-1.3591241704010493,0.05959644691659882,5.7894958058879675,5.394402646763896,True,False
HESM,vcp,41.31999969482422,36.959999084472656,38.40999984741211,,,,,,False,,,,2.0,13%->11%,12.728159958402433,10.551792455355947,0.8173124101539971,94.0,-7.0425940680164585,3.7750605797962464,False,,False,26.464148918449073,,,,,,,,,-3.8210399032648112,2.020997375328082,2.0506329113924027,11.1228813559322,2.315410342166202,-3.572314562143386,-3.9323164918970477,1.475211608222482,-3.8210399032648112,True,False
HLF,vcp,13.170000076293945,11.510000228881836,12.579999923706055,,,,,,False,,,,2.0,20%->13%,19.923078096829926,12.604402716748012,0.7472371267680437,28.0,-4.479879644419238,8.50556201362041,False,-152.08333333333334,True,26.797481678425925,-152.08333333333334,16.326530612244895,-53.714285714285694,-8.695652173913048,-143.859649122807,-29.62962962962966,92.85714285714293,-12.5,5.376856484790715,7.816976344438076,6.261388106675492,2.6928968797871544,0.728818706346801,2.6656274356975818,0.7301562377325821,1.1595584147406912,2.6928968797871544,True,False
HLT,vcp,335.6471570705618,300.0,316.1199951171875,,,,,,False,,,,2.0,13%->11%,13.282120819718783,10.620425741627185,0.6804611043139083,75.0,-5.817764739556294,5.099327902751525,False,-38.04878048780485,True,20.46414089875,14.130434782608692,34.959349593495936,-38.04878048780485,28.98550724637683,26.50602409638556,30.70866141732278,-28.651685393258397,-3.2608695652173947,6.503028371055142,8.979591836734691,10.923463887890762,8.824555284269264,13.75553285665645,-4.85908649173955,-1.057692307692304,-0.5419190309212674,6.503028371055142,True,False
HTFL,vcp,51.189998626708984,47.33000183105469,52.209999084472656,,,,,,True,,,,3.0,12%->10%->8%,12.298659750339121,7.540529203375086,0.7591234306799262,22.0,1.9925776228317278,9.346863319270367,True,,False,35.79749120892361,,,,,,-106.98689956331877,,,47.57277081798084,41.34390538906061,49.17410578733224,49.01783989180137,21.859014585353798,7.038612632050323,6.165182816146597,6.567796610169485,41.34390538906061,True,False
IKT,vcp,2.0950000286102295,1.9320000410079956,2.0,,,,,,False,,,,2.0,26%->8%,25.67049290439789,7.780428896240349,0.7683176585210665,21.0,-4.534607508967441,3.3999979496002197,False,-111.36363636363636,False,37.797463082662034,,,-111.36363636363636,,,,,,,,,,,,,,,False,False
IMNM,vcp,22.55500030517578,20.670000076293945,21.170000076293945,,,,,,False,,,,2.0,20%->8%,19.641484640733538,8.357349604864682,0.5747708403321016,8.0,-6.140546265317561,2.361832773727277,False,,False,29.797427509768518,,,,,,,,,-100.0,-100.0,-100.0,-100.0,,,,-100.0,-100.0,True,False
INGM,vcp,28.0049991607666,25.989999771118164,27.579999923706055,,,,,,False,,,,2.0,13%->7%,13.228582865390035,7.195141760515873,0.4845666926377916,19.0,-1.517583466511745,5.765047704808821,False,19.999999999999996,True,34.79743899109954,200.0,44.827586206896555,44.44444444444442,19.999999999999996,14.28571428571428,-19.23076923076922,23.809523809523792,162.5,13.57760648856381,13.697251890607177,11.488024806907937,7.150842481799136,4.068529492377015,-6.148312216618834,18.041877202468637,-1.4866472887666626,7.150842481799136,True,False
INNV,vcp,9.260000228881836,8.600000381469727,9.0,,,,,,False,,,,2.0,27%->7%,26.573427214681516,7.12742798162766,0.657949974530572,16.0,-2.8077777802952766,4.444440205891928,False,,False,27.797422064699074,,,,,,-375.0,33.33333333333335,,18.307168406980523,15.494952828891261,14.693371738620753,15.093447465657928,3.97232707398103,5.104126687469757,1.5260159674721052,6.634118582216275,14.693371738620753,True,False
INVX,vcp,29.049999237060547,26.6299991607666,27.6200008392334,,,,,,False,,,,2.0,14%->8%,14.448667753823175,8.330465197419452,0.5105822916514017,22.0,-4.922541946241525,3.584365128115886,False,-214.28571428571428,False,27.797430273645833,63.636363636363626,-214.28571428571428,,-71.35678391959799,,-220.00000000000003,-64.91228070175438,159.0909090909091,9.214481300783994,-0.5756712351558724,9.14088085939837,58.08506293761568,2.4536566386786696,-12.635507050387062,14.000833333333329,7.031047923151701,-0.5756712351558724,True,False
IRDM,vcp,50.80444194362045,45.81071216488614,49.040000915527344,,,,,,False,,,,2.0,23%->10%,22.682756869318368,9.829317255912459,0.4380509307468205,66.0,-3.473005431397464,6.585009564342659,False,-55.00000000000001,True,15.46404802287037,-55.00000000000001,-25.92592592592593,-19.999999999999986,66.66666666666666,-55.00000000000001,-16.666666666666664,-31.428571428571427,74.99999999999997,3.840834278443195,1.944824505067988,-0.023944673718612197,6.656922230943119,2.821183527575011,2.8726401803324864,-6.166964108665473,4.62366186274239,-0.023944673718612197,True,False
ISTR,vcp,31.14136232629932,28.34000015258789,29.360000610351562,,,,,,False,,,,2.0,12%->9%,12.068405987196847,8.995631418942898,0.32748347073708267,116.0,-5.720243376903815,3.4741159283356646,False,-18.032786885245955,True,12.464068101712964,32.6086956521739,22.222222222222232,-18.032786885245955,0.0,-20.779220779220786,54.00000000000007,-7.407407407407451,17.391304347826097,,,,,,,,,,False,False
KDP,vcp,32.93121622142098,30.059999465942383,31.1299991607666,,,,,,False,,,,2.0,14%->9%,13.518407456227296,8.718829988462256,0.7331826077488058,42.0,-5.46963418703841,3.4371979558957015,False,-90.0,False,27.46404227438658,-90.0,-47.36842105263158,,8.888888888888879,-80.0,-23.076923076923073,-46.93877551020408,22.499999999999986,75.57050204179679,9.381017881705645,10.540540540540544,10.665638653302501,83.82796780684106,-11.624805512336078,4.482117974918709,3.435022820081679,9.381017881705645,True,False
KEX,vcp,143.57000732421875,127.62000274658203,138.5,,,,,,False,,,,3.0,18%->15%->11%,18.460270251545037,11.109565900917886,0.7340461051053947,109.0,-3.5313833430190913,7.8555936847783165,False,0.0,True,21.46404235828704,0.0,12.781954887218049,127.02702702702693,6.451612903225801,11.333333333333329,-10.714285714285698,1.8181818181818077,-1.19760479041916,7.825543132017465,7.43834157057961,6.164661012195949,4.81405861042965,9.276163104090873,-0.9011769540078096,-2.2253062292733494,1.835982021263538,4.81405861042965,True,False
KEYS,vcp,339.17999267578125,311.43499755859375,384.1700134277344,,,,,,True,,,,2.0,16%->8%,16.254472672896224,8.180021144026812,0.45685005797209854,34.0,13.264349821175516,18.933027911305913,False,35.570469798657726,False,48.79738072840278,109.09090909090904,35.570469798657726,68.04123711340206,,13.861386138613852,23.926380368098176,20.740740740740726,22.72727272727273,41.34762633996938,32.28043143297381,31.470829909613805,,7.513104251601632,7.312500000000011,18.343195266272193,3.522205206738138,31.470829909613805,False,False
KLIC,vcp,86.3169900030361,78.10819124465867,97.91999816894531,,,,,,True,,,,2.0,27%->10%,26.878808402826003,9.510061412114453,0.7954908220271348,35.0,13.442322496997514,20.23264633860035,False,-78.80794701986756,False,42.79736658015047,,,-78.80794701986756,-31.428571428571452,62.12121212121213,106.25,122.2222222222221,,122.6280716648811,49.778993246329925,20.166261346945657,-2.074244839206041,36.18318282424027,21.5383844708829,12.42805167888803,19.63776758100706,-2.074244839206041,True,False
KRYS,vcp,373.30999755859375,320.2900085449219,334.8500061035156,,,,,,False,,,,2.0,20%->14%,19.506778045075375,14.202670531305554,0.4952808194838993,47.0,-10.302427394552042,4.348214810571832,False,10.457516339869244,True,26.463955856678243,38.759689922480625,52.500000000000014,10.457516339869244,192.30769230769232,-2.1857923497267784,8.284023668639096,-36.46616541353386,106.20155038759691,24.135274150892315,31.949468718460473,17.51700680272108,16.64937202561991,2.4622498001839244,8.638252182437789,9.51431492842536,1.8304491784844057,16.64937202561991,True,False
LASR,vcp,41.650001525878906,38.244998931884766,39.5,,,,,,False,,,,3.0,29%->12%->8%,28.532108691854212,8.175276036613033,0.5139174165905143,33.0,-5.162068300388943,3.1772178939626188,False,,False,29.797279818530093,,,,,-300.0,,,,33.78310520774277,55.18502748316172,71.34505392456892,18.908229257603026,3.005699604644496,-1.236681653014715,21.640046747175703,8.110472179476801,18.908229257603026,True,False
LEA,vcp,134.92999267578125,116.44000244140625,122.0,,,,,,False,,,,2.0,21%->14%,20.806667262976354,13.703395270170937,0.5681024108201548,48.0,-9.5827417013579,4.557375048027664,False,-16.182572614107894,True,23.463943745243053,23.8562091503268,124.16107382550337,-3.658536585365879,-16.182572614107894,13.473053892215582,111.39240506329111,-21.78217821782178,-33.98692810457516,2.968293977182279,4.72096829307771,4.794736289504087,1.7083303488288903,6.63941746238923,-2.7685936612897866,5.436811155322374,-5.813876359777126,1.7083303488288903,True,False
LPTH,vcp,10.380000114440918,9.550000190734863,10.869999885559082,,,,,,True,,,,3.0,36%->21%->8%,36.22775860134466,7.99614561228509,0.45458180965950307,27.0,4.7206143132548135,12.143511579773365,False,,False,36.79728405716435,,,,,,,,,,,,,17.112411638897406,78.36297222825492,23.472567516369747,,,False,False
MATX,vcp,240.8699951171875,218.10000610351562,224.77999877929688,,,,,,False,,,,2.0,11%->9%,11.41075213947984,9.453227664406217,0.7085436364873138,44.0,-6.679950456287657,2.971791401396032,False,-28.01358234295416,True,28.797270376655092,46.23287671232876,-15.13761467889908,21.138211382113848,-28.01358234295416,130.81081081081075,-58.61297539149888,5.4245283018868,45.205479452054796,16.72486453943407,-3.0946291560102313,-4.3131528698191595,-8.513513513513516,27.922934811295864,-11.045897405798799,-3.2041813430292,5.972305839855507,-8.513513513513516,True,False
MGA,vcp,69.2300033569336,61.720001220703125,65.66000366210938,,,,,,False,,,,2.0,14%->11%,14.01256755692245,10.847900869671587,0.7922113048756624,31.0,-5.156723272737892,6.00061258248135,False,,False,23.463916138692127,,,,,,,,,,,,,,,,,,False,False
MLI,vcp,64.48027897345447,57.81999969482422,63.130001068115234,,,,,,False,,,,3.0,23%->16%->10%,23.185332562774917,10.329172554250562,0.6570228924631354,77.0,-2.0940943910852625,8.411216986297363,False,1.8018018018017834,True,13.463874154085648,1.8018018018017834,55.395683453237424,104.95867768595045,27.027027027027017,-47.6851851851852,-12.903225806451623,31.914893617021313,69.36936936936935,25.457465604965158,19.280818664920286,4.206549609327626,8.01668819669863,19.691283775005132,23.96338263792557,-10.710375719969123,-5.3022695143884135,4.206549609327626,True,False
MOD,vcp,190.1699981689453,176.5,189.91000366210938,,,,,,False,,,,2.0,14%->7%,14.317539176424276,7.188304306971181,0.5541900696472702,7.0,-0.13671688980349084,7.061241326691062,False,-218.42105263157893,True,20.797204323206017,44.2105263157895,50.0,-218.42105263157893,-3.488372093023262,-0.7246376811594013,,-208.43373493975906,-12.631578947368416,28.01698886936146,47.46600741656366,30.512321660181584,12.294832826747726,-8.413663034367147,18.55900621118012,8.94573013939639,8.216168717047445,12.294832826747726,True,False
MPTI,vcp,81.25,72.48999786376953,75.94000244140625,,,,,,False,,,,2.0,20%->11%,20.38576607503126,10.781541090745192,0.8279432155827006,35.0,-6.535381610576923,4.543066192681086,False,-22.222222222222232,True,35.797210738842594,-18.867924528301895,19.64285714285714,32.35294117647063,-22.222222222222232,-35.820895522388064,-25.555555555555543,42.85714285714284,18.867924528301884,13.755458515283836,15.34715677034244,11.15189379148771,7.234751021643704,2.880294157701213,3.1827443265650235,0.4446012702893354,6.685740099382631,7.234751021643704,True,False
MRNA,vcp,201.0,183.27999877929688,203.2100067138672,,,,,,True,,,,2.0,12%->9%,11.643201898052155,8.815921005324938,0.7582809174885196,4.0,1.0995058277946206,9.807591789824135,True,-1800.0,False,29.46386320642361,,,,-1800.0,,,,,2.1126760563380254,260.18518518518516,-29.81366459627329,-45.43501611170784,-62.724935732647815,-42.62536873156342,-33.26771653543307,615.4929577464789,-45.43501611170784,True,False
MRVL,vcp,267.4800109863281,248.13999938964844,287.010009765625,,,,,,True,,,,3.0,21%->12%->7%,21.201889117151417,7.230451174786376,0.43175732143697915,27.0,7.30147972825346,13.54308527696235,False,-80.0,False,55.79719586320602,50.0,-80.0,95.65217391304337,,725.0,-91.11111111111111,-79.54545454545456,900.0,36.54852699267235,27.568195008705754,22.080994827775946,36.83134357891959,13.297212341798325,8.973723351512142,6.951072547601833,3.409600717810668,22.080994827775946,True,False
MSGM,vcp,5.079999923706055,4.714000225067139,5.380000114440918,,,,,,True,,,,3.0,18%->13%->7%,18.234161272732365,7.204718585348033,0.6288039631988677,16.0,5.905515654338862,12.379179836560079,False,-90.2439024390244,False,29.79718802775463,-90.2439024390244,-81.81818181818183,,,33.33333333333335,-57.14285714285712,-7.771561172376096e-14,-82.92682926829268,36.58103895302178,129.25201867778097,94.93030544216894,71.94181079189283,-12.187838678894025,4.774472935894636,24.11498900974123,19.60684301500093,36.58103895302178,True,False
MTC,vcp,5.590000152587891,4.940000057220459,4.989999771118164,,,,,,False,,,,2.0,36%->12%,35.98666508992513,11.627908365378383,0.23565245270920168,11.0,-10.733459125076344,1.0019983204628704,False,,False,,,,,,,,,,,,,,,,,,,False,False
MXL,vcp,94.95999908447266,88.25,109.30000305175781,,,,,,True,,,,2.0,11%->7%,10.600711336763151,7.066132212684319,0.6488012565064448,7.0,15.101099521419389,19.258922656927847,False,,False,15.797197119641202,,,,,,,,,55.171716614742714,43.00397152179125,48.03129102607224,55.92587112524969,23.077091290783457,0.5511741769034462,7.889513597292397,16.21681232940917,43.00397152179125,True,False
NECB,vcp,27.65999984741211,25.6299991607666,26.780000686645508,,,,,,False,,,,2.0,10%->7%,10.211862940192102,7.339120382661305,0.48988991661756975,70.0,-3.1814864989919185,4.294255027604918,False,-12.195121951219512,True,15.755499373761575,-12.195121951219512,-5.128205128205132,5.405405405405417,-8.42105263157894,-2.7027027027027084,-5.128205128205154,-10.344827586206872,6.0975609756097615,,,,,,,,,,False,False
NERV,vcp,3.5,3.1700000762939453,3.319999933242798,,,,,,False,,,,3.0,29%->16%->9%,28.54166811539061,9.42856924874442,0.31060011389696945,20.0,-5.142859050205776,4.51806807123459,False,-112.12121212121211,False,,,,,-112.12121212121211,,,,,,,,,,,,,,False,False
NEXA,vcp,13.354999542236328,11.6899995803833,12.470000267028809,,,,,,False,,,,2.0,19%->12%,19.194857540218376,12.467240875503759,0.6241216042505784,18.0,-6.626726361229992,6.255017401305609,False,,False,22.797117220127316,,,,,,,,,,,,,,,,,,False,False
NXDR,vcp,2.5299999713897705,2.3399999141693115,2.4700000286102295,,,,,,False,,,,2.0,12%->8%,12.075477741332225,7.509883769527825,0.6688142041851617,9.0,-2.3715392671163573,5.263162467008709,False,,False,28.797110125,,,,,,,,,14.53458897270059,13.830847607796803,6.5171398785797585,5.011431184270698,20.893804018226337,-11.240806574648454,0.8432755667798775,5.845482617178499,5.011431184270698,True,False
NXG,vcp,62.09023689079536,53.54999923706055,57.9900016784668,,,,,,False,,,,2.0,17%->14%,17.12185930577694,13.754558013291895,0.5040117143968962,67.0,-6.603671394490053,7.65649648714347,False,,False,,,,,,,,,,,,,,,,,,,False,False
ODC,vcp,95.06999969482422,84.33999633789062,88.12999725341797,,,,,,False,,,,2.0,17%->11%,16.95541288758438,11.286424099481462,0.6411250171423801,49.0,-7.299886887223874,4.300466394693273,False,-17.567567567567565,True,1.7970729405671297,-17.567567567567565,110.00000000000001,283.33333333333337,37.83783783783781,-3.1746031746031744,36.95652173913042,-9.80392156862745,-31.081081081081074,9.374810607700358,0.7039362266281213,-5.829848763140411,10.122952982357392,7.2976209687693805,-2.281592882160588,-3.7743986199405777,8.407719413684722,-5.829848763140411,True,False
OFG,vcp,54.09226217658783,48.97999954223633,50.84000015258789,,,,,,False,,,,2.0,13%->9%,13.049513074339874,9.451005427841373,0.7153973158092624,156.0,-6.012434853219323,3.6585377749195063,False,15.454545454545432,True,14.46371981550926,20.869565217391294,26.0,15.454545454545432,15.999999999999993,10.317460317460302,-0.7874015748031815,9.482758620689701,0.8695652173912993,14.074154536896222,18.77990733473429,23.11709232473067,20.91033233374735,0.7311172452013848,2.3071974529238037,4.101612381455055,6.331016004055323,14.074154536896222,True,False
OSPN,vcp,16.8700008392334,15.0600004196167,18.3799991607666,,,,,,True,,,,2.0,16%->11%,15.96319975420006,10.729106873588922,0.4437070772789706,43.0,8.950789842413666,18.0631060540888,False,-19.047619047619037,True,22.797043673287035,-14.28571428571429,-18.918918918918926,54.794520547945204,-19.047619047619037,-40.0,-73.45132743362832,564.705882352941,-19.047619047619037,1.0410574336179756,4.073162263674535,2.8527055746280894,1.4473169517442486,-8.31121961575204,4.819200508622745,10.268858665171066,-4.657186304162564,1.0410574336179756,True,False
OVID,vcp,2.6050000190734863,2.2899999618530273,2.3399999141693115,,,,,,False,,,,2.0,17%->12%,17.398949701222556,12.092132626259797,0.7355955771325905,9.0,-10.17274867423712,2.1367501773620328,False,,False,35.46369472649306,,,,,-266.6666666666667,,,,-88.31313775510205,-100.0,844.7368421052632,-23.699421965317924,,-100.0,443.93939393939394,-97.8954081632653,-100.0,True,False
P,vcp,103.5,92.2699966430664,143.8800048828125,,,,,,True,,,,2.0,20%->11%,20.45696621958549,10.850244789307819,0.5512092357964917,26.0,39.014497471316425,35.870174095268794,False,-15.789473684210531,False,55.797031419907405,49.99999999999998,,123.07692307692308,-15.789473684210531,199.99999999999994,-75.86206896551724,81.25000000000003,14.28571428571428,37.73463940850312,35.24936254391542,20.351494927498347,16.049271302606762,12.632016837370452,-0.5672851998719475,9.793115890561799,12.015186956592427,16.049271302606762,True,False
PACS,vcp,45.849998474121094,40.61000061035156,42.709999084472656,,,,,,False,,,,3.0,18%->16%->11%,18.479164441426597,11.428567149739644,0.7010114014510938,49.0,-6.848417653537618,4.916877825184862,False,51.61290322580645,True,33.79703660011574,51.61290322580645,194.1176470588235,90.90909090909089,219.99999999999997,-6.000000000000005,19.04761904761907,31.24999999999998,3.2258064516129004,9.062397574722226,11.196216087111432,12.420872908954061,31.244117796375193,0.5308603980819226,4.5843132258047925,0.997915646930525,2.7062047657502752,9.062397574722226,True,False
PANL,vcp,8.65999984741211,7.889999866485596,8.529999732971191,,,,,,False,,,,3.0,19%->15%->9%,19.158297599384255,8.891454901775948,0.5627174282650205,77.0,-1.5011560823498886,7.502929501999753,False,-5.263157894736848,False,29.79701424621528,,,-5.263157894736848,72.72727272727273,-23.809523809523803,16.666666666666675,-5.263157894736848,,19.420635781707716,38.90653246689793,24.940001098150134,10.158875027476078,9.695743932465707,-7.233062784671807,9.017816535205903,7.646249577187936,10.158875027476078,True,False
PDEX,vcp,74.19999694824219,63.45000076293945,64.91999816894531,,,,,,False,,,,2.0,25%->14%,24.623375434380073,14.487866074713368,0.4629507409851803,21.0,-12.506737413709178,2.2643213916617717,False,8.196721311475418,True,22.79700937917824,160.60606060606065,22.44897959183674,8.196721311475418,86.66666666666664,-28.3333333333333,81.81818181818181,-52.85714285714285,324.24242424242414,16.645707099577002,14.557252785115416,11.135592211040324,24.220687805859086,2.2908416461977943,6.89063923270643,0.7177549919050286,5.9220304104264265,11.135592211040324,True,False
PEB,vcp,18.77995899052324,17.40069479115968,18.979999542236328,,,,,,True,,,,2.0,11%->7%,11.150712063797407,7.344340847919673,0.8028305473816463,45.0,1.0651809826317078,8.320889300140447,True,-254.16666666666669,False,22.79696014488426,183.33333333333334,,,-254.16666666666669,,,,-716.6666666666667,-0.09692371490196416,7.927785028694889,3.382109004739342,-1.435493041307201,17.78820561483092,-0.9632741004761969,-12.466047857785977,-2.1627484130275265,-1.435493041307201,True,False
PEBK,vcp,45.47133841915521,41.90999984741211,44.029998779296875,,,,,,False,,,,2.0,10%->8%,9.579127002545775,7.832051343891945,0.6427726286728456,70.0,-3.16977614903712,4.814896640155256,False,-6.94444444444443,True,12.463676032210648,1.0526315789473717,1.2658227848101333,86.15384615384617,-6.94444444444443,19.999999999999996,-33.88429752066116,80.59701492537312,-29.473684210526308,,,,,,,,,,False,False
PEO,vcp,29.75,27.25,28.229999542236328,,,,,,False,,,,2.0,13%->8%,12.673482833521286,8.403361344537815,0.6866254788252819,95.0,-5.10924523618041,3.471482671369163,False,,False,,,,,,,,,,,,,,,,,,,False,False
PESI,vcp,16.31999969482422,15.010000228881836,15.470000267028809,,,,,,False,,,,2.0,21%->8%,20.563672295203418,8.026957662001921,0.7741236586612161,13.0,-5.208329924570905,2.97349728640516,False,,False,34.79698583866898,,,,,,,,,-11.661867544220483,-20.066096702349313,6.890219017820698,3.818700927908636,15.809814848103532,-29.201399936366524,-9.963332187464191,19.66269025092555,-20.066096702349313,True,False
PLAB,vcp,29.979999542236328,26.93000030517578,30.81999969482422,,,,,,True,,,,2.0,29%->10%,28.62041789802432,10.17344657648729,0.2304300739800401,28.0,2.801868463688548,12.62167238211137,False,8.823529411764696,True,63.46362898246527,25.64102564102564,260.00000000000006,8.823529411764696,96.29629629629632,-9.259259259259267,-27.027027027027017,-30.188679245283012,171.79487179487177,2.686863693831576,-0.49859710320770967,6.094146263281441,-3.0804750525540325,2.908926359912356,-6.720695262722931,4.308291236038375,2.5552059469376553,-3.0804750525540325,True,False
PLGO,vcp,25.72595284569501,23.440000534057617,24.530000686645508,,,,,,False,,,,2.0,20%->9%,20.176110691110434,8.885782872061524,0.7560496959295602,41.0,-4.648815794007147,4.4435390219181805,False,,False,35.79697827047454,,,,,,,,,,,,,,,,,,False,False
PLXS,vcp,256.6700134277344,236.5800018310547,272.6300048828125,,,,,,True,,,,2.0,22%->8%,21.805367693805056,7.8271751843485395,0.8174525426680598,42.0,6.2180974091746295,13.223050436892878,False,-3.658536585365846,True,21.796961315069446,-3.658536585365846,29.078014184397173,12.686567164179108,26.351351351351404,-13.186813186813184,20.529801324503303,-19.25133689839572,14.024390243902452,28.13196007494785,18.73011824479427,9.602283321142234,-1.1102991717681365,12.117735919096507,8.77738229213012,-99.97345274731852,395653.68159731635,-1.1102991717681365,True,False
PMTS,vcp,25.290000915527344,23.469999313354492,24.690000534057617,,,,,,False,,,,2.0,26%->7%,25.92592855426331,7.1965264384605945,0.4764465587672579,19.0,-2.372480663301769,4.941276607184532,False,-57.49999999999999,True,27.463608500347224,325.0,-57.49999999999999,10.714285714285744,72.72727272727273,0.0,-72.58064516129032,226.3157894736842,375.0,14.973064206607933,19.832845936413037,22.349235786915656,10.593101458104549,1.4091687739619774,-3.884903367438941,10.93602771697375,6.329718773361703,10.593101458104549,True,False
PNRG,vcp,214.25999450683594,197.5,210.25,,,,,,False,,,,2.0,14%->8%,13.706105556417485,7.8222696427359475,0.7871551785586998,23.0,-1.871555404482193,6.064209274673008,False,-51.075268817204304,True,40.75529488761574,106.76691729323306,-51.075268817204304,47.42268041237128,-50.227272727272734,51.098901098901095,27.272727272727295,-67.351598173516,229.32330827067665,1.1695209965938647,-21.280166213840502,-15.667646961636317,-33.813260384421575,7.791087199269109,-22.802343122465373,11.03545790733087,9.496701045661338,-33.813260384421575,True,False
POWL,vcp,194.0399932861328,180.2899932861328,204.69000244140625,,,,,,True,,,,3.0,16%->10%->7%,15.695719721554847,7.086168045637967,0.7378318268655014,27.0,5.488563968134577,11.92046942412739,False,-1.5748031496062964,True,41.796932816747685,7.575757575757569,-1.5748031496062964,18.881118881118873,149.60212201591517,13.59999999999999,-63.23529411764706,-63.8682252922423,612.8787878787879,8.896053766858913,6.4544146200530506,4.039663506343438,8.33263652326921,5.099202670127934,18.08674119370661,-15.705258353664476,4.09050102524513,4.039663506343438,True,False
POWW,vcp,2.390000104904175,2.2100000381469727,2.240000009536743,,,,,,False,,,,3.0,19%->10%->8%,18.726591225196433,7.531383215751747,0.3206081019654903,39.0,-6.276154342405177,1.3392844313413568,False,,False,40.463591586412036,,,,,,-200.00000000000009,0.0,,22.123596316756753,10.10391236614392,6.968593421412317,0.010790267329086056,4.258050636740962,3.6938989351198437,11.76663929199453,1.0705403961213777,0.010790267329086056,True,False
PSMT,vcp,181.8300018310547,166.35000610351562,172.0,,,,,,False,,,,2.0,17%->9%,16.56009227232749,8.5134441905369,0.6948915215304983,45.0,-5.406149552914884,3.2848801723746366,False,6.6115702479338845,True,19.796905420694447,12.28070175438598,11.724137931034484,6.6115702479338845,8.510638297872353,-20.98765432098766,25.581395348837212,26.470588235294066,-10.526315789473639,12.488072093519342,9.651979710914249,9.919757954249153,8.558413435069667,-0.9184047373235416,8.157708415748854,3.8884276564172815,1.038951968778301,8.558413435069667,True,False
PWR,vcp,653.7580426629248,607.3460383017438,719.5599975585938,,,,,,True,,,,2.0,18%->7%,18.08774624846319,7.099263233861418,0.7014115386176936,35.0,10.065184762797047,15.594802328865203,False,2.4630541871920597,True,22.463560629247684,94.73684210526316,51.04166666666667,2.4630541871920597,14.871794871794886,104.13793103448276,-30.288461538461508,-7.142857142857184,47.36842105263159,41.10419493143886,26.33346777182164,19.661880464892988,17.52982789446198,21.36197461594833,0.41876074669202623,2.7588617985042863,12.673853725531359,17.52982789446198,True,False
QTTB,vcp,9.109999656677246,7.809999942779541,8.369999885559082,,,,,,False,,,,2.0,25%->14%,25.48076649742004,14.270030328100617,0.3660812820881916,3.0,-8.12293961587337,6.690560937112071,False,78.70722433460071,False,,,,78.70722433460071,,,-111.48936170212767,,,-100.0,-100.0,-55.860349127182054,0.0,,-100.0,-55.860349127182054,0.0,-100.0,True,False
RCMT,vcp,41.77000045776367,38.84000015258789,41.310001373291016,,,,,,False,,,,2.0,9%->7%,9.445346206571744,7.014604436354968,0.5991814461118691,25.0,-1.1012666493451224,5.979184552388092,False,-14.28571428571428,True,28.79686047239583,36.00000000000001,-3.703703703703709,110.52631578947363,-14.28571428571428,30.76923076923077,-35.0,166.66666666666669,-40.0,20.021492720620216,-1.698767653569777,12.434990638651966,16.439990060465504,12.979599701341549,-3.9756695499329253,23.0292079841796,-10.077271447944113,-1.698767653569777,True,False
RCUS,vcp,26.350000381469727,24.09000015258789,24.739999771118164,,,,,,False,,,,3.0,26%->13%->9%,25.92945670624582,8.576850839331106,0.6992005247329925,22.0,-6.110059153865413,2.6273226537742027,False,,False,20.796858407488426,,,,,,,,,312.5,-12.5,-52.17391304347826,-14.28571428571429,371.42857142857144,-36.36363636363637,83.33333333333333,-25.0,-52.17391304347826,True,False
RFAI,vcp,40.4900016784668,35.0,37.54999923706055,,,,,,False,,,,3.0,40%->32%->14%,39.52467756916893,13.558907016263385,0.09246231155778895,14.0,-7.261057840286009,6.790943512307149,False,,False,,,,,,,,,,,,,,,,,,,False,False
RHP,vcp,131.9600022293497,117.46390968315575,120.91000366210938,,,,,,False,,,,2.0,17%->11%,16.877633098852083,10.985216960666147,0.8478365516060586,48.0,-8.373748393877076,2.850131399039532,False,-43.617021276595736,True,26.79681460982639,26.785714285714256,3.0000000000000027,-4.440892098500626e-14,-43.617021276595736,37.8640776699029,-8.035714285714256,111.32075471698104,-52.67857142857143,13.564968196326088,13.161013485901108,13.923780906778994,7.72786285498166,12.700805932239101,-9.926159651291389,24.53338464498749,-10.167623177638108,7.72786285498166,True,False
RIO,vcp,106.83999633789062,91.68000030517578,95.88999938964844,,,,,,False,,,,2.0,19%->14%,19.255126138315042,14.189438929565348,0.6387704783784621,78.0,-10.248967917980721,4.390446460809067,False,,False,134.79683484372686,,,,,,,,,,,,,,,,,,False,False
RLJ,vcp,11.62023482060311,10.446374817664605,11.180000305175781,,,,,,False,,,,2.0,17%->10%,17.145071009941233,10.101861288183335,0.6311187708260448,42.0,-3.7885165164371486,6.561945147457146,False,-177.7777777777778,False,28.796814208275464,6.666666666666665,,,-177.7777777777778,,,,-146.66666666666669,5.476407520731041,3.613932750008386,-0.4230444045104531,-4.540642787727334,12.651149930730599,3.464468202304971,-0.4399400081807059,-9.104303737506992,-4.540642787727334,True,False
RYOJ,vcp,3.2899999618530273,2.799999952316284,2.799999952316284,,,,,,False,,,,2.0,28%->15%,28.198431990071825,14.893617483836088,0.7185483870967742,6.0,-14.893617483836088,0.0,False,,False,,,,,,,,,,,,,,,,,,,False,False
SAIC,vcp,136.0800018310547,124.05000305175781,126.9000015258789,,,,,,False,,,,2.0,14%->9%,13.9913123520889,8.84038699105273,0.44861019192587687,24.0,-6.746031879521053,2.245861654729681,False,-20.657276995305164,True,57.463479035960646,-12.177121771217713,83.80281690140845,-5.0505050505050715,-20.657276995305164,-8.812260536398464,38.829787234042556,11.242603550295849,-37.63837638376384,6.274731486715668,1.5450186467767635,-4.787812840043526,-5.566801619433203,-1.364113326337879,8.914285714285718,-6.216505894962488,5.483323911814586,-5.566801619433203,True,False
SCSC,vcp,59.310001373291016,55.0,60.939998626708984,,,,,,True,,,,2.0,20%->7%,20.020963127105855,7.266904861735397,0.41314508276533596,32.0,2.7482670977512456,9.747290384915733,True,5.405405405405417,True,29.46344307793981,40.22988505747127,5.405405405405417,7.14285714285714,28.98550724637683,56.41025641025643,4.0000000000000036,-15.73033707865169,2.298850574712641,17.25014331652901,8.788148349925585,2.543822918352845,-4.632662007787724,24.298699774384126,0.03626818627757711,3.6317177043196036,-9.009381389272297,-4.632662007787724,True,False
SEI,vcp,71.4000015258789,64.2300033569336,74.75,,,,,,True,,,,2.0,14%->10%,13.848995388971957,10.04201402761392,0.6627236600984207,16.0,4.691874513345617,14.073574104436664,False,,False,26.79675960809028,,,,,,,,,46.068253070874235,26.08044174979536,-2.171723952738991,0.5939269527510893,25.097111416781303,3.9343512323440244,0.23960745649234116,12.075345633962066,-2.171723952738991,True,False
SEPN,vcp,39.849998474121094,36.81999969482422,37.869998931884766,,,,,,False,,,,2.0,10%->8%,10.002435130418734,7.603510402301722,0.7685797981989801,9.0,-4.968631412927546,2.7726413168089548,False,-101.5840220385675,False,33.796760419456014,,,-101.5840220385675,,,,-227.77777777777777,,22375.63025210084,12010.95890410959,11276.415094339623,12113.068181818182,0.8407797006371842,9.97180529065429,12.20283786927192,17963.025210084033,11276.415094339623,True,False
SHMD,vcp,4.718999862670898,4.380000114440918,4.5,,,,,,False,,,,2.0,15%->7%,14.558230960959964,7.1837202393583155,0.4227368280556575,3.0,-4.640810956645104,2.6666641235351562,False,,False,138.79676140841434,,,,,,,,,,,,,,,,,,False,False
SILC,vcp,43.2400016784668,40.099998474121094,61.650001525878906,,,,,,True,,,,3.0,20%->13%->7%,19.63317686289884,7.261801763318158,0.5788967049241022,27.0,42.576316218276546,34.9553974345187,False,,False,22.46337874914352,,,,,,,,,,,,,,,,,,False,False
SKY,vcp,90.0199966430664,83.43000030517578,85.88999938964844,,,,,,False,,,,2.0,17%->7%,16.782275286321497,7.320591628124888,0.8349536299019149,36.0,-4.58786648237014,2.864127490923161,False,-21.238938053097336,True,20.46338629292824,-21.238938053097336,-15.873015873015817,-8.490566037735858,9.574468085106403,67.92452830188671,-45.360824742268015,-5.82524271844661,-8.849557522123884,1.2713205706968989,4.615679941805162,1.8124588130402852,10.950643321115884,14.31822791085473,-5.38154836783864,-4.063971573384528,-2.408180026749629,1.2713205706968989,True,False
SLS,vcp,12.0,11.109999656677246,11.34000015258789,,,,,,False,,,,2.0,11%->7%,10.614524756982393,7.416669527689616,0.5527805482923147,4.0,-5.499998728434244,2.0282230407038955,False,,False,35.7967203486574,,,,,,,,,,,,-100.0,,,,,-100.0,False,False
SMTC,vcp,185.0,167.11000061035156,197.1999969482422,,,,,,True,,,,2.0,15%->10%,14.729333781449542,9.670269940350506,0.6819170808631255,11.0,6.594592944995776,15.258619068735662,False,-141.97530864197532,False,47.79670898894676,22.72727272727273,-141.97530864197532,,,,,,-240.9090909090909,16.098779377080596,9.287853154462633,12.81177323131888,19.61647542958831,6.074734091842338,2.7741157226033764,3.7358882371628432,2.660393192511612,9.287853154462633,True,False
SNOW,vcp,348.6099853515625,316.6300048828125,338.989990234375,,,,,,False,,,,2.0,17%->9%,17.451109261913608,9.173569838081134,0.5363691521158561,21.0,-2.7595294229699214,6.596060649490855,False,,False,56.79670947181713,,,,,,,,,35.094749290155455,33.47910033260595,30.120899500390163,28.746069925081798,11.203989213135479,8.330023349018756,5.8607034822892645,5.933785106845679,28.746069925081798,True,False
SNX,vcp,280.6099853515625,254.24000549316406,278.3800048828125,,,,,,False,,,,2.0,19%->9%,18.6564890330482,9.397377582754505,0.3824964466789707,9.0,-0.7946903478706101,8.67159959991037,False,32.45614035087716,True,92.46337204208334,89.05109489051092,87.78280542986427,104.04040404040403,32.45614035087716,24.819277108433724,2.722772277227725,33.77483443708611,10.218978102189746,37.74526027984035,30.967485965604236,18.094852862089784,9.685196114275918,10.133394377764926,14.064373594430869,-1.2540436408245759,11.042261785949513,9.685196114275918,True,False
SRCE,vcp,91.23999786376953,82.9800033569336,85.7699966430664,,,,,,False,,,,2.0,13%->9%,12.557710903001096,9.053041100646384,0.8490617203601257,77.0,-5.995179031974974,3.2528779239008565,False,7.2368421052631415,True,15.796701087106483,29.13907284768211,7.2368421052631415,31.49606299212593,21.27659574468086,19.631901840490794,-2.395209580838331,-2.3391812865497075,13.245033112582782,,,,,,,,,,False,False
STAK,vcp,1.1399999856948853,1.0399999618530273,1.0499999523162842,,,,,,False,,,,2.0,18%->9%,18.461539872299337,8.77193202602569,0.16855453350854138,6.0,-7.894739869118656,0.9523800873701953,False,,False,,,,,,,,,,,,,,,,,,,False,False
STM,vcp,52.777834790784475,47.447144300532784,58.720001220703125,,,,,,True,,,,3.0,28%->15%->10%,28.032467062946232,10.100244754986578,0.4801961417557141,53.0,11.258829494377459,19.197644219727685,False,,False,22.46333714074074,,,,,,,,,,,,,,,,,,False,False
STRL,vcp,520.5,483.739990234375,563.6900024414062,,,,,,True,,,,4.0,27%->11%->9%->7%,26.661388405817533,7.062441837776176,0.7333749341320688,35.0,8.297791055025217,14.183329819716253,False,-22.314049586776854,True,26.796665135243057,116.45021645021644,141.40625,-22.314049586776854,50.76142131979697,61.81229773462784,9.574468085106357,-5.05050505050505,28.57142857142858,90.1122597108393,91.59459704048507,51.47614532318432,16.04706429234295,41.48169679353258,9.272206804276784,9.665045521241078,12.132609021136975,16.04706429234295,True,False
STRZ,vcp,24.209999084472656,21.489999771118164,23.030000686645508,,,,,,False,,,,2.0,26%->11%,26.44320402456949,11.235024437068207,0.6760040238334752,9.0,-4.874012566914772,6.686933867181123,False,-1076.923076923077,False,22.796665852534723,,,,-1076.923076923077,,,,,-6.866303690260134,-68.37712519319939,-7.494955318535601,-8.026467203682397,0.325839035516462,-4.3627298223745665,0.3753518923991228,-3.2970356926799727,-68.37712519319939,True,False
STX,vcp,903.0,798.6199951171875,805.6300048828125,,,,,,False,,,,2.0,16%->12%,16.33733333453723,11.559247495328073,0.8002490970232906,3.0,-10.782945195701828,0.8701276917615153,False,67.74193548387098,True,20.796625120543982,150.00000000000006,108.28025477707004,67.74193548387098,72.3404255319149,71.25382262996939,25.769230769230766,6.995884773662553,8.482142857142904,48.48608837970541,44.07407407407406,21.505376344086024,21.26383763837638,16.613110539845756,10.159292035398227,7.455306200076084,7.569558101472995,21.26383763837638,True,True
SU,vcp,72.05999755859375,65.86000061035156,68.22000122070312,,,,,,False,,,,3.0,19%->11%->9%,19.15058657138912,8.603937216623992,0.7073859763325897,86.0,-5.328887688024455,3.459396904313392,False,,False,27.796630032488427,,,,,,,,,,,,,,,,,,False,False
SUNE,vcp,2.4200000762939453,2.25,2.3399999141693115,,,,,,False,,,,5.0,40%->29%->13%->10%->7%,40.24640340424532,7.024796319605415,0.0018751267717029509,19.0,-3.3057917191121846,3.8461503192516595,False,-99.79591122766577,False,34.463323234513894,,,-99.79591122766577,,,-101.13647125674781,,,-37.52427807971278,-43.06674765867313,76.9849851217093,29.047002843925963,13.4483961176179,-73.56051132117567,43.26377003328905,45.38630372618291,-43.06674765867313,True,False
SWVL,vcp,4.099999904632568,3.640000104904175,3.799999952316284,,,,,,False,,,,2.0,15%->11%,14.639641598886522,11.219507571418287,0.16749513723795115,3.0,-7.317072177911903,4.2105223531537606,False,,False,,,,,,,,,,,,,,,,,,,False,False
TCMD,vcp,23.299999237060547,21.610000610351562,22.469999313354492,,,,,,False,,,,3.0,24%->15%->7%,24.379420326572692,7.253213227667852,0.46193557716640754,43.0,-3.5622315488571874,3.8273196674813006,False,12.5,False,26.79661136681713,142.85714285714283,,12.5,71.42857142857142,,-117.77777777777779,25.0,157.1428571428571,8.609086876623785,22.848795456029247,21.042238710054328,17.323136278439797,13.858663159153405,-27.34424773635539,20.80228558101569,8.681325644762694,8.609086876623785,True,False
THC,vcp,283.04998779296875,248.86000061035156,258.4700012207031,,,,,,False,,,,2.0,14%->12%,14.495508516305605,12.079133954114413,0.6718177640204918,64.0,-8.683973726310198,3.718033259165634,False,-21.06339468302658,True,22.463272342002316,213.37579617834393,87.58782201405153,11.345646437994649,-21.06339468302658,22.846441947565555,89.81042654028433,9.326424870466333,22.92993630573248,6.7729083665338585,2.7761822707256467,9.164526960300211,3.1798673429574764,4.843517138599096,-2.8767866835534672,4.499905464170917,0.34149117814457064,2.7761822707256467,True,False
TIGO,vcp,97.19999694824219,82.69999694824219,91.16999816894531,,,,,,False,,,,2.0,20%->15%,19.621018558735905,14.917695941617234,0.5724389758116273,41.0,-6.20370264261199,9.290338259092135,False,,False,29.46326010501157,,,,,,,,,,,,,,,,,,False,False
TITN,vcp,24.59000015258789,22.229999542236328,25.200000762939453,,,,,,True,,,,2.0,16%->10%,16.28252499211712,9.597399738540433,0.5084205310141264,21.0,2.480685671274244,11.78571877295725,False,-28.57142857142857,False,48.46326286332176,,,,-28.57142857142857,,,-3279.9999999999995,,-9.158056168630335,-12.1067880794702,-15.539246842763921,-5.194579773588459,-4.976635827107034,-18.61132534062493,-0.41504398690478395,17.95009754294268,-15.539246842763921,True,False
TJGC,vcp,34.91999816894531,30.0,32.880001068115234,,,,,,False,,,,2.0,28%->14%,28.427636922576898,14.089342574252234,0.6095791001451379,4.0,-5.841916402631049,8.759127051574405,False,,False,,,,,,,,,,,,,,,,,,,False,False
TNK,vcp,103.16000366210938,92.54000091552734,101.23999786376953,,,,,,False,,,,2.0,12%->10%,12.272346111464772,10.29469016050719,0.8119171986844651,31.0,-1.8611920610517203,8.59343849448621,False,,False,28.79659710460648,,,,,,,,,,,,,,,,,,False,False
TRT,vcp,6.860000133514404,6.03000020980835,6.110000133514404,,,,,,False,,,,2.0,50%->12%,49.79009155593849,12.09912401679273,0.16783274174685572,9.0,-10.932944393628928,1.3093276916188807,False,,False,,,,,,,,,,39.92128197919595,123.60509209100758,81.5639865413621,58.3222777834473,-9.569377990430628,5.50833919100262,0.8701817713033355,45.38468747071502,39.92128197919595,True,False
TRV,vcp,383.989990234375,353.7900085449219,360.6400146484375,,,,,,False,,,,2.0,10%->8%,9.987456387691163,7.86478357704586,0.7365441483232987,49.0,-6.080881319767069,1.8994026800362718,False,22.321428571428605,True,9.463231490486113,57.1209800918836,357.64705882352945,22.321428571428605,52.02952029520296,31.87660668380463,-29.014598540145986,33.00970873786409,26.186830015313944,0.305381313965003,0.9652836579170154,3.530979347101937,4.754704301075274,1.9204964776920574,-4.086229086229087,-0.30473135525260764,2.921756355232752,0.305381313965003,True,False
TWIN,vcp,24.209999084472656,22.15999984741211,28.559999465942383,,,,,,True,,,,2.0,11%->8%,11.309524980892455,8.467572550943778,0.5837473167739957,31.0,17.967784163443635,22.408962668792178,False,20.000000000000128,False,28.46322696903935,20.000000000000128,,2114.285714285714,,-47.8260869565217,-85.16129032258064,,-140.0,18.33095430190943,19.01971886462668,0.2880306046418424,9.738398013635674,18.311374025275605,7.223331115546694,12.730636531826601,-17.255218353710255,0.2880306046418424,True,False
TYRA,vcp,22.6200008392334,19.937999725341797,20.93000030517578,,,,,,False,,,,2.0,22%->12%,22.106822280662684,11.856768410192933,0.738035037023659,10.0,-7.471266451619159,4.739610919110557,False,,False,28.796536516041662,,,,,,,,,,,,,,,,,,False,False
U,vcp,41.970001220703125,38.439998626708984,45.68000030517578,,,,,,True,,,,2.0,12%->8%,12.340139191516975,8.410775533294117,0.5972401421056549,8.0,8.839644928679615,15.849390608796618,False,,False,28.46321249853009,,,,,,,,,23.931383577052866,16.83632183908046,10.061277753834519,5.39688298541825,7.522066433442598,1.023476959345171,6.900332543586574,6.728972386516197,5.39688298541825,True,False
UMAC,vcp,23.360000610351562,21.610000610351562,21.829999923706055,,,,,,False,,,,2.0,16%->7%,16.40807345585594,7.491438160427612,0.6918963495560967,3.0,-6.549660302523774,1.0077843065660586,False,,False,29.463214881412036,,,,,-176.19047619047618,,-620.0,,687.3212427670824,296.4077755471772,144.42714030227305,39.400390788263806,106.55639516413129,65.27649361755641,129.47561777729476,0.499912898958077,39.400390788263806,True,False
VATE,vcp,7.659999847412109,7.039999961853027,7.190000057220459,,,,,,False,,,,2.0,13%->8%,13.447436924589315,8.093993445294203,0.7209086694483079,10.0,-6.135767618199592,2.0862321860038944,False,,False,36.79651618553241,,,,,,,,,-35.464961364241944,-15.103036876355747,-0.8493236866939258,-11.800635230881994,-22.644522516767807,-0.6662436548223405,-12.686980609418285,-3.8102851052491338,-35.464961364241944,True,False
VIR,vcp,11.720000267028809,10.329999923706055,11.779999732971191,,,,,,True,,,,2.0,14%->12%,14.32160886300532,11.860070918540512,0.796176101999673,22.0,0.5119408240217861,12.308996962085777,False,,False,28.79650429184028,,,,,,,,,417.77921448197833,-89.91596638655463,-60.520325203252035,-94.62182489002412,26595.833333333332,-80.23064250411862,-59.96042216358839,-75.49700985938259,-94.62182489002412,True,False
VMD,vcp,9.390000343322754,8.595000267028809,9.239999771118164,,,,,,False,,,,2.0,31%->8%,31.093117684024772,8.466454177067963,0.5744544828507704,48.0,-1.5974501248155495,6.980514286433817,False,-12.49999999999999,True,28.796500997326387,-12.49999999999999,0.0,39.99999999999997,-10.000000000000009,16.666666666666675,-57.14285714285715,55.55555555555558,12.5,23.85340015224562,27.541477109371026,25.51445753356949,23.981104751396455,3.5576948577187295,-1.0068127223323398,5.933476096448542,14.047830499873125,23.85340015224562,True,False
VMI,vcp,511.0230166790752,458.3599853515625,486.8900146484375,,,,,,False,,,,2.0,22%->10%,22.196769707589922,10.30541279133526,0.7172236000339504,71.0,-4.722488272146333,5.859645595212158,False,21.16788321167884,False,13.463164232245369,,27.54629629629628,134.28571428571422,21.16788321167884,11.433756805807626,-38.91352549889135,81.12449799196784,,6.486233851285239,6.1778742492113015,0.09312692447849269,2.529467983434208,8.6953226641741,-0.8729027411245704,-0.7380638253121519,-0.43482068406203167,0.09312692447849269,True,False
VPG,vcp,73.30000305175781,68.08999633789062,77.91000366210938,,,,,,True,,,,4.0,21%->14%->11%->7%,20.840953927344813,7.107785125449931,0.4589630234737272,35.0,6.289222944638076,12.604295806232384,False,-750.0,False,28.463164983449076,-750.0,,-333.33333333333337,,,,-123.72881355932202,2849.9999999999995,11.674937800188934,17.57990549337198,10.8997563761992,5.28345240138921,-0.4943511196993544,4.692697214913366,1.0585992374071873,6.0762895650669835,5.28345240138921,True,False
VSH,vcp,33.54999923706055,31.100000381469727,37.84000015258789,,,,,,True,,,,3.0,20%->11%->7%,19.928928337592886,7.302530287048301,0.6700593291858034,35.0,12.786888265524766,17.811838646774458,False,1800.0,False,28.46316665300926,1800.0,,,,280.0,400.0000000000003,,-700.0,16.5726467694326,17.337773825702296,12.061574107757478,7.518429924131675,5.878280638957545,4.78448588002327,1.3004654457148712,3.7244998360117965,7.518429924131675,True,False
VSXY,vcp,78.48999786376953,71.72000122070312,89.41000366210938,,,,,,True,,,,2.0,22%->9%,22.3109708218574,8.625298544174623,0.8288882742634374,27.0,13.912608097267446,19.785260839781184,False,-8.298755186721984,False,57.46312252711805,990.0,,-8.298755186721984,,289.2857142857143,-74.6606334841629,,-330.0,10.418094585332426,15.299334811529942,7.68865685809208,9.279881217520414,3.26923076923078,-31.247245482591445,54.144021739130444,0.8910212474297463,7.68865685809208,True,False
WASH,vcp,39.94241340158059,36.59000015258789,38.220001220703125,,,,,,False,,,,2.0,18%->8%,18.238995318860795,8.393116398069317,0.3413312693498452,118.0,-4.312238631052033,4.264785494649044,False,-12.49999999999999,False,12.796438571342593,22.058823529411754,4.761904761904767,,-12.49999999999999,25.757575757575736,-21.42857142857141,49.99999999999996,-17.647058823529406,-2.7379857186664913,-10.928033176553885,-2.311856490818387,-6.363445441180882,0.8482756271221081,-4.314803546592493,-1.706717932286661,2.543041135497437,-10.928033176553885,True,False
WAT,vcp,426.2200012207031,392.95001220703125,436.42999267578125,,,,,,True,,,,2.0,10%->8%,9.989048460581818,7.805825376187396,0.780756697115878,64.0,2.395474502800547,9.962647205379117,True,-156.27530364372467,True,27.463121708622687,-156.27530364372467,-142.85714285714286,-3.0927835051546615,-7.749077490774903,,-123.13829787234043,50.4,1.2145748987854255,113.35927367055771,91.38972809667673,6.839010259947709,8.04830441507216,29.834254143646397,35.88603162380053,16.56633999552437,3.7466926070038875,6.839010259947709,True,False
WELL,vcp,243.0399932861328,222.22000122070312,225.77999877929688,,,,,,False,,,,2.0,12%->9%,11.61833653292256,8.566488084501449,0.7670316247602277,49.0,-7.101709588395034,1.576755061494042,False,-43.83561643835616,True,19.796417257858796,154.99999999999997,-35.00000000000011,-43.83561643835616,7.14285714285714,684.6153846153853,-68.29268292682929,-8.888888888888902,12.5,49.14916895946968,45.07542519970169,36.37692818638671,41.448309368032255,8.797903955005616,23.997729665222643,4.5826475715407655,5.712646082390727,36.37692818638671,True,False
WERN,vcp,35.46897151371725,32.689998626708984,32.810001373291016,,,,,,False,,,,2.0,20%->8%,19.53568387147713,7.834940705663053,0.8269112505051569,20.0,-7.496609083795694,0.3657505076477061,False,-409.0909090909092,False,20.796415613043983,-84.72222222222221,,-342.1052631578946,-409.0909090909092,,,,-147.22222222222223,24.5521234206314,13.942195364668208,-2.275266522494046,3.5629859196039337,15.728930523858885,9.749714179343961,-4.300805096462678,2.4701835643496928,-2.275266522494046,True,False
WHWK,vcp,3.950000047683716,3.609999895095825,3.700000047683716,,,,,,False,,,,2.0,14%->9%,13.615026548411057,8.607598695783993,0.6278721471776141,11.0,-6.329113847646667,2.432436525081473,False,-117.4863387978142,False,29.463084748333333,,-117.4863387978142,,,,,,,,-100.0,-100.0,-100.0,,,,,-100.0,False,False
WLY,vcp,49.63174570004176,45.65128338441383,48.45000076293945,,,,,,False,,,,2.0,15%->8%,15.14323257486185,8.019992566218727,0.4364748026207485,23.0,-2.3810263379498946,5.776506366262904,False,-204.54545454545453,False,57.46307858958334,-204.54545454545453,103.2,,13.513513513513509,-109.05511811023622,353.57142857142856,-33.33333333333333,281.8181818181818,-2.6307963709677473,1.2115351157646392,1.3370371651846291,-1.1355032290580103,-13.747346190681364,9.244310255684862,-2.7777053284995135,6.288054435483881,-2.6307963709677473,True,False
WST,vcp,360.2900085449219,331.989990234375,372.6400146484375,,,,,,True,,,,2.0,16%->8%,15.733165792242696,7.85478854238567,0.28477729826561354,52.0,3.427795889592591,10.908657904710864,False,2.2471910112359605,True,15.463090168321758,18.13186813186811,56.09756097560976,2.2471910112359605,3.7837837837837673,11.979166666666675,5.494505494505475,-5.208333333333314,5.494505494505497,13.803000652315722,21.0458452722063,7.505341880341887,7.725264426295353,3.2429873357793904,4.956521739130437,0.0497141436738735,4.9706457925636105,7.505341880341887,True,False
WTS,vcp,392.89207047582164,345.6000061035156,362.45001220703125,,,,,,False,,,,2.0,15%->12%,15.314034693028706,12.036909860520167,0.7137475416193457,68.0,-7.7481986928172875,4.648918619401483,False,17.27574750830565,True,21.79640084054398,17.27574750830565,34.389140271493225,23.762376237623783,18.93203883495147,18.855218855218837,18.80000000000002,2.0408163265306145,-18.604651162790688,18.564548702811877,21.37992831541218,15.673575129533667,12.527593818984538,12.682710763324966,8.35066389377699,2.190616315187177,-4.971259903681835,12.527593818984538,True,False
WYY,vcp,8.25,7.039999961853027,7.110000133514404,,,,,,False,,,,2.0,67%->15%,67.12018098908213,14.666667129054215,0.25964413717048757,13.0,-13.818180199825402,0.984531228507538,False,,False,36.796354887766206,,,,,0.0,,,,,,,,-39.31338028169014,62.10045662100456,-28.86723507917174,,,False,False
YETI,vcp,44.099998474121094,40.09000015258789,40.52000045776367,,,,,,False,,,,2.0,28%->9%,27.690313573192693,9.09296703011535,0.8334414250948612,42.0,-8.117909615026967,1.0612050846939038,False,-35.0,True,29.463019038587966,54.0983606557377,-35.0,19.354838709677402,-27.27272727272728,623.076923076923,-82.43243243243242,54.16666666666663,-21.311475409836067,8.516860585074415,8.340548176163676,6.800600139056612,1.94925173480478,27.19510848706934,-34.82803045358296,19.66967767331056,9.391063306809722,1.94925173480478,True,False
