ticker,pattern_type,entry_price,stop_price,last_close,ribbon_width_pct,squeeze_days_ago,expanding,breakout,n_contractions,contraction_pcts,first_contraction_pct,final_contraction_pct,volume_dryup_ratio,base_len,pole_gain_pct,pole_len,flag_len,retracement_pct,volume_ratio,extension_pct,risk_pct,is_lre,eps_min_yoy_pct,eps_full_history_available,days_to_earnings,eps_yoy_q1_pct,eps_yoy_q2_pct,eps_yoy_q3_pct,eps_yoy_q4_pct,eps_qoq_q1_pct,eps_qoq_q2_pct,eps_qoq_q3_pct,eps_qoq_q4_pct,revenue_yoy_q1_pct,revenue_yoy_q2_pct,revenue_yoy_q3_pct,revenue_yoy_q4_pct,revenue_qoq_q1_pct,revenue_qoq_q2_pct,revenue_qoq_q3_pct,revenue_qoq_q4_pct,revenue_min_yoy_pct,revenue_full_history_available,passes_growth
GTBP,bull_flag,10.479999542236328,6.329999923706055,7.099999904632568,,,,False,,,,,,,4515.079336264447,5.0,6.0,46.58112268689564,0.19433558870833564,-32.25190634772205,10.845070299565897,False,,False,,,,,,,-102.03703703703704,,,,,,,,,,,,False,False
BURU,bull_flag,1.25,0.8799999952316284,1.059999942779541,,,,False,,,,,,,3548.6486660641767,11.0,7.0,35.7958888230398,0.5594031699218035,-15.200004577636719,16.981128043829436,False,,False,,,,,,,,,,,,-100.0,,28.77093738654315,,,,-100.0,False,False
OPTT,bull_flag,2.380000114440918,2.013700008392334,2.200000047683716,,,,False,,,,,,,1818.1817332082537,5.0,3.0,4.8149945862960974,0.029633643808082376,-7.563027651344701,8.468183420610789,False,,False,81.837582709375,,,,,-211.30434782608694,,,,-38.01652892561983,22.672064777327925,162.5,25.581395348837212,-0.990099009900991,-57.56302521008403,-5.555555555555558,56.19834710743801,-38.01652892561983,True,False
SWVL,bull_flag,5.989999771118164,3.7049999237060547,3.8299999237060547,,,,False,,,,,,,277.39726609015094,15.0,6.0,44.56790667084557,0.060352744064584254,-36.060098997447845,3.2637076368149174,False,,False,,,,,,,,,,,,,,,,,,,False,False
INDP,bull_flag,4.2195000648498535,2.9000000953674316,3.7699999809265137,,,,False,,,,,,,247.78761799477945,11.0,4.0,36.78571232423495,0.44670013012105203,-10.652922787414031,23.076920158107566,False,-101.90114068441063,False,,,,-101.90114068441063,,,,,,,,,,,,,,,False,False
RFAI,bull_flag,54.70000076293945,25.0,34.224998474121094,,,,False,,,,,,,220.00000000000003,15.0,9.0,31.818181818181817,0.08189400557427515,-37.43144790354493,26.953977751369333,False,,False,,,,,,,,,,,,,,,,,,,False,False
IGR,bull_flag,12.73169280374991,12.020000457763672,12.050000190734863,,,,False,,,,,,,191.1669203969298,14.0,9.0,8.736281799535375,0.7620032202324851,-5.3542967421760705,0.24896043565424947,False,,False,,,,,,,,,,,,,,,,,,,False,False
CAPR,bull_flag,11.0,8.180000305175781,8.670000076293945,,,,False,,,,,,,157.40259981533399,15.0,15.0,28.547847501180485,0.2400019427704516,-21.181817488236863,5.651669744017096,False,,False,47.83817714723379,,,,,,,,,-7.921690517003965,-63.4382475774409,1.3777014586210834,64.29114312270147,392.14278829275366,-43.0523150556549,-19.06383632603793,-59.40733891022807,-63.4382475774409,True,False
MRNA,bull_flag,192.30999755859375,130.3800048828125,182.11000061035156,,,,False,,,,,,,154.69705307864396,15.0,15.0,25.496262777504963,0.3749802411766634,-5.30393483320305,28.405906075538507,False,-1800.0,False,42.504393420312496,,,,-1800.0,,,,,2.1126760563380254,260.18518518518516,-29.81366459627329,-45.43501611170784,-62.724935732647815,-42.62536873156342,-33.26771653543307,615.4929577464789,-45.43501611170784,True,False
QMCO,bull_flag,29.149999618530273,21.719999313354492,25.969999313354492,,,,False,,,,,,,106.5365065807982,15.0,15.0,20.796817296293078,0.428736377239726,-10.909092098767289,16.365037013360766,False,,False,46.837514276828706,,,,,,,,,25.692996920013698,27.310121933303954,8.59297653019626,-12.709127856804836,3.601559094289297,4.569222106025261,18.92848600813202,-2.4437669165914833,-12.709127856804836,True,False
PURR,bull_flag,14.760000228881836,10.545000076293945,13.9399995803833,,,,False,,,,,,,78.60140262148394,13.0,13.0,39.59075156573543,0.8115957341871513,-5.555559863027559,24.35437307234126,False,,False,53.50418359368055,,,,,1306192.0792079207,,,,,,,,425.2,,,,,False,False
HTFL,bull_flag,52.22100067138672,45.40999984741211,47.38999938964844,,,,False,,,,,,,71.68653742663125,15.0,15.0,23.669200460990957,0.8493335498795664,-9.251069913689562,4.178095732722939,False,,False,48.83791492056713,,,,,,-106.98689956331877,,,47.57277081798084,41.34390538906061,49.17410578733224,49.01783989180137,21.859014585353798,7.038612632050323,6.165182816146597,6.567796610169485,41.34390538906061,True,False
ARX,bull_flag,19.899999618530273,19.510000228881836,19.719999313354492,,,,False,,,,,,,63.87042861086325,15.0,15.0,2.860849484513581,0.23238511204719606,-0.904524163951091,1.0649041165556417,False,-1525.0000000000007,False,48.50494836577546,800.0,-166.66666666666669,-1525.0000000000007,,,,,-17575.0,62.89365586490187,53.53932584269663,61.6135328562134,105.53420445810913,30.5890962312477,10.024154589371982,-7.10545998504114,22.0447284345048,53.53932584269663,True,False
AMLX,bull_flag,35.310001373291016,30.530000686645508,30.604999542236328,,,,False,,,,,,,60.94260936681724,12.0,13.0,30.321597055264327,0.30634749750026075,-13.324841824032378,0.24505426143633294,False,,False,42.505010827013884,,,,,,,,,,-100.0,,-100.0,,,,,-100.0,False,False
AOUT,bull_flag,16.989999771118164,15.8100004196167,16.510000228881836,,,,False,,,,,,,60.05025624127136,10.0,3.0,1.924682238930276,0.28185872522852967,-2.8251886327408577,4.239853419508676,False,-3300.0,False,77.83828023313657,,,-3300.0,-33.33333333333333,,,-300.0,,25.425897245976703,-24.027315876142197,-3.297154089394072,-5.035529286757868,-20.83554686669925,-16.821620475113118,-1.0891798807671438,92.57625749107805,-24.027315876142197,True,False
FGI,bull_flag,10.300000190734863,6.5,8.40999984741211,,,,False,,,,,,,57.802187414392,15.0,14.0,25.855510343650966,0.009168898637575553,-18.349517556542004,22.71105686166982,False,-1241.6666666666672,False,49.83800616336805,,,-1241.6666666666672,,,,,,2.8623929214091293,-8.162842549749572,-14.399566381545249,-0.6934174320141762,4.537789338608711,0.10659036437152825,-15.007109988794342,15.647978305879096,-14.399566381545249,True,False
ETON,bull_flag,62.38999938964844,53.599998474121094,55.61000061035156,,,,False,,,,,,,51.86274569385652,14.0,13.0,39.50850978561798,0.5510536087624375,-10.867124291752745,3.6144616331047397,False,150.0,False,49.838037067731484,,150.0,,,599.9999999999999,,,,98.58939137785292,40.411989353084145,82.71657937666352,117.5416505230531,54.90398087859556,14.026596494525624,-5.245113317600958,18.65490278951818,40.411989353084145,True,False
AVAH,bull_flag,14.710000038146973,12.6899995803833,12.789999961853027,,,,False,,,,,,,50.39106508374487,15.0,14.0,17.073180015216497,0.75234827526505,-13.05234582810925,0.7818638136668017,False,38.46153846153846,False,42.50494716821759,38.46153846153846,533.3333333333334,453.3333333333334,,-5.263157894736848,-77.10843373493977,1283.3333333333335,-53.846153846153854,13.727349364688157,15.859655522652826,27.43136772128525,22.18347697451786,3.48317294706868,-2.1985569375679304,6.517971129140654,5.493823286456001,13.727349364688157,True,False
IRD,bull_flag,5.619999885559082,4.644999980926514,4.829999923706055,,,,False,,,,,,,49.44751432158056,11.0,4.0,42.73742361947648,0.41381569172572524,-14.056939109251202,3.8302266190843066,False,,False,48.504526979363426,,,,,,,,,-73.8029146426093,-50.64073226544623,-10.1580660158066,-20.37755365916731,-64.99768196569309,-44.191461836998705,25.527768756089642,6.835530881332419,-73.8029146426093,True,False
TITN,bull_flag,26.440000534057617,22.520000457763672,24.219999313354492,,,,False,,,,,,,48.135582955760945,13.0,11.0,43.42722400358367,0.6023046662582515,-8.3963735849533,7.018988042057747,False,-28.57142857142857,False,61.5039962387037,,,,-28.57142857142857,,,-3279.9999999999995,,-9.158056168630335,-12.1067880794702,-15.539246842763921,-5.194579773588459,-4.976635827107034,-18.61132534062493,-0.41504398690478395,17.95009754294268,-15.539246842763921,True,False
ANF,bull_flag,150.0,130.80499267578125,132.25,,,,False,,,,,,,47.10776346632819,15.0,9.0,43.68584631518295,0.48772500524802026,-11.833333333333334,1.092633137405482,False,-7.547169811320764,True,62.50494750297454,43.29896907216495,-7.547169811320764,1.4084507042253946,-5.600000000000005,183.6734693877551,-59.16666666666668,52.54237288135597,-18.900343642611695,4.809773614880508,1.5045871225204177,5.355800966233559,6.753953378341482,13.724646958532837,-33.29622314501959,29.37993319484682,6.789815979347313,1.5045871225204177,True,False
RCMT,bull_flag,42.5099983215332,38.84000015258789,40.33000183105469,,,,False,,,,,,,46.98456345057285,14.0,14.0,22.985063749580455,0.7187247757389585,-5.128197074932018,3.694524202375498,False,-14.28571428571428,True,41.83745872109954,36.00000000000001,-3.703703703703709,110.52631578947363,-14.28571428571428,30.76923076923077,-35.0,166.66666666666669,-40.0,20.021492720620216,-1.698767653569777,12.434990638651966,16.439990060465504,12.979599701341549,-3.9756695499329253,23.0292079841796,-10.077271447944113,-1.698767653569777,True,False
CNH,bull_flag,14.359999656677246,13.279999732971191,13.75,,,,False,,,,,,,43.569292142588665,13.0,11.0,25.62928867023971,0.6198165680764534,-4.247908574242917,3.418183760209517,False,-90.0,True,46.50478843461806,-35.29411764705883,-90.0,-42.8571428571429,-75.0,1000.0,-87.5,33.33333333333328,-64.70588235294117,3.0340711265854248,-0.06305170239596647,7.7984984257689405,-7.380535401551159,30.69400630914827,-28.780049427095033,20.232306861156136,-7.933349912956977,-7.380535401551159,True,False
KRSA,bull_flag,35.474998474121094,31.530000686645508,32.29999923706055,,,,False,,,,,,,43.3673493385182,7.0,3.0,21.47059186519609,0.6823259493781767,-8.949962998241421,2.3838964972220618,False,-160.8695652173913,False,,,,-160.8695652173913,,,,,,-90.48640915593705,-75.42997542997543,,,-66.75,-46.59546061415221,-26.13412228796844,-27.467811158798284,-90.48640915593705,False,False
FEIM,bull_flag,89.5999984741211,82.51000213623047,84.22000122070312,,,,False,,,,,,,42.761731292951175,6.0,6.0,11.675118283913566,0.8295402680321132,-6.004461322587922,2.0303954638892843,False,-251.51515151515147,True,77.83803489491899,485.7142857142856,-251.51515151515147,-90.0,-35.71428571428572,,-412.5,-11.111111111111105,157.1428571428571,,,-100.0,-100.0,,,,,-100.0,False,False
RCEL,bull_flag,11.600000381469727,9.600000381469727,10.949999809265137,,,,False,,,,,,,42.67515853924549,15.0,11.0,47.76117830877669,0.6744369248872668,-5.603453024388905,12.328762112426098,False,,False,42.83747341828704,,,,,,,,,17.90299572039944,4.0327421555252485,-4.288381287063469,-12.875116015262456,12.72031053294167,9.368366703000408,3.1603243179262552,-7.2917809722374605,-12.875116015262456,True,False
VRA,bull_flag,4.579999923706055,4.010000228881836,4.039999961853027,,,,False,,,,,,,39.34426447359092,5.0,3.0,19.999980131785865,0.1684512484566223,-11.790392376602247,0.7425676548133289,False,,False,77.50393854494213,,,,,,-269.99999999999983,,,1.1163171413248962,7.832584791698927,-39.162778697512415,-11.67657449314019,28.629133603820335,-34.381773631137506,36.359693508746574,-12.144006322504165,-39.162778697512415,True,False
DELL,bull_flag,595.510009765625,542.2302856445312,549.8300170898438,,,,False,,,,,,,38.447064568014696,11.0,4.0,28.255649859962812,0.7030596959858323,-7.670734652094183,1.3821965351285437,False,39.02439024390243,True,64.83806313682871,272.94117647058823,282.4817518248175,55.60747663551404,39.02439024390243,20.992366412213737,57.357357357357365,46.05263157894739,34.11764705882352,57.747850617947336,87.53528958850201,39.48017216163136,10.830665681687602,7.13699192555084,31.346055903412328,23.603036474726903,-9.306152606125739,10.830665681687602,True,False
GORO,bull_flag,3.950000047683716,3.369999885559082,3.6500000953674316,,,,False,,,,,,,35.689046561549056,13.0,10.0,46.53465673743764,0.8357384937791456,-7.594935409993337,7.671238424451686,False,,False,68.83794809939815,,,,,,,,,,,,,,,,,,False,False
PRE,bull_flag,25.010000228881836,21.549999237060547,22.709999084472656,,,,False,,,,,,,35.058438425911916,13.0,9.0,43.17461470807732,0.5386008670837449,-9.196325963056617,5.107881524333604,False,,False,47.50418083091435,,,,,,,,,,,,,,,,,,False,False
NRXS,bull_flag,7.809999942779541,6.940000057220459,7.309999942779541,,,,False,,,,,,,34.094904001954276,5.0,3.0,35.56701220973461,0.35343833642165945,-6.402048702474797,5.061557981605044,False,,False,,,,,,,,,,115.71694445500769,79.5203510280186,27.190162448352197,21.71970748171761,19.952446788727784,66.08182604141813,19.3135686591555,-9.246537805088106,21.71970748171761,True,False
HBIO,bull_flag,8.369999885559082,7.849999904632568,8.050000190734863,,,,False,,,,,,,32.90112978718997,15.0,13.0,17.24137688039466,0.6718043102092182,-3.8231744229330302,2.4844755448886198,False,106799.99999999991,False,42.504561096354166,,,106799.99999999991,,,-107.20299345182414,,,11.134474327628352,-4.679893450904748,-3.3433784003909395,-6.276741010468823,9.501324981932058,-12.555298082999789,15.268806760235055,0.6894865525672422,-6.276741010468823,True,False
EPRX,bull_flag,8.770000457763672,7.929999828338623,8.140000343322754,,,,False,,,,,,,32.807568984947586,7.0,7.0,23.557705092712737,0.48720657156819397,-7.1835813176407335,2.5798587976276237,False,,False,40.838062632199076,,,,,,,,,,,,,,,,,,False,False
CMDB,bull_flag,24.760000228881836,22.280000686645508,22.31999969482422,,,,False,,,,,,,31.37685882794836,15.0,11.0,29.195799298949492,0.7971084405048711,-9.854606266164028,0.1792070283405349,False,,False,50.50482863208333,,,,,,,,,,,,,,,,,,False,False
MGRT,bull_flag,121.9800033569336,116.98999786376953,120.0,,,,False,,,,,,,29.85476160419045,11.0,8.0,13.369366070171735,0.305890603085554,-1.6232196281711666,2.5083351135253906,False,,False,,,,,,,,,,,,,,,,,,,False,False
MOVE,bull_flag,11.710000038146973,10.010000228881836,11.420000076293945,,,,False,,,,,,,29.56926561971953,13.0,7.0,44.09448434566114,0.4064549765884276,-2.476515464631184,12.346758651421016,False,-195.37444933920702,False,,,,-195.37444933920702,,,,,,,,,,,,,,,False,False
UMC,bull_flag,25.799999237060547,24.415000915527344,24.68000030517578,,,,False,,,,,,,29.050870499127246,15.0,3.0,3.519849505397727,0.795473597690093,-4.341081259707702,1.0737414358656348,False,,False,34.504000033171295,,,,,,,,,,,,,,,,,,False,False
BE,bull_flag,284.25,265.3599853515625,275.19000244140625,,,,False,,,,,,,28.759089167909323,13.0,3.0,0.455114651806172,0.6121835254728349,-3.1873342334542656,3.5720836522528714,False,65.44129822818347,False,33.83823639320602,,65.44129822818347,,,-99.76979281353218,,,,133.78948951018285,36.28098998656175,59.520627975487585,21.377789349547417,-3.411645196146307,50.539320633275594,29.545293951384966,24.116243085616198,21.377789349547417,True,False
OABI,bull_flag,4.994999885559082,3.890000104904175,4.789999961853027,,,,False,,,,,,,28.106502281059086,15.0,11.0,46.31577969918094,0.42395209882239443,-4.1041026707272765,18.789141213284783,False,,False,41.8376291409375,,,,,,,,,244.23915832691816,247.30380356283098,-22.473158089596446,-46.332694151486095,-7.014625355236714,72.24212034383955,274.09557838320677,-42.54554785732615,-46.332694151486095,True,False
GPRK,bull_flag,12.170000076293945,10.75,11.109999656677246,,,,False,,,,,,,27.848503832246372,14.0,10.0,46.10065130504648,0.698930783817952,-8.70994587486884,3.240321042322282,False,,False,41.83790942949074,,,,,,,,,,,,,,,,,,False,False
DBI,bull_flag,6.639999866485596,5.949999809265137,6.21999979019165,,,,False,,,,,,,26.796118230798992,6.0,6.0,42.02901104672658,0.8114235243449947,-6.325302481011073,4.3408358526358475,False,45.83333333333333,False,75.50477017024306,47.61904761904763,,,45.83333333333333,1450.0,,-202.85714285714283,66.66666666666666,-1.2292390232036432,1.3744178632104198,0.002382380474563739,-3.1887791207858007,4.957851655058509,-2.4158163873041816,-5.159680015310785,1.6812843763936325,-3.1887791207858007,True,False
FDMT,bull_flag,15.970000267028809,12.9399995803833,15.0,,,,False,,,,,,,26.660675240774935,15.0,15.0,39.39395107039531,0.6562982722888785,-6.073890111520177,13.733336130777996,False,,False,47.83803831012732,,,,,,-334.88372093023247,,,25106.666666666668,21664.285714285714,8508900.0,2900.0,24.089268132589424,-96.41908567399224,94444.44444444445,500.0,2900.0,True,False
MRVI,bull_flag,7.514999866485596,6.485000133514404,7.369999885559082,,,,False,,,,,,,26.584511875302375,15.0,11.0,46.68872959232008,0.4720188564495341,-1.929474165038451,12.008137934693366,False,,False,42.83771370982639,,,,,,,,,8.534295419541316,40.52721451440768,-11.832101559461083,-39.688518652662076,-21.864605009341254,32.02783459671921,19.783809752582272,-12.167436757600692,-39.688518652662076,True,False
MLAB,bull_flag,136.30999755859375,119.06999969482422,133.00999450683594,,,,False,,,,,,,25.987675438428347,15.0,15.0,33.36374375641425,0.6979372012243353,-2.4209545234121834,10.480411538769957,False,-42.352941176470594,False,42.83771149104167,-42.352941176470594,,,-28.57142857142857,,-213.84615384615384,44.44444444444444,-47.05882352941176,0.9992778328266949,2.5573348354389625,3.6378103119032446,5.021354589939997,-5.627393132885572,-2.152750053741981,7.226237713420147,2.0052734998236676,0.9992778328266949,True,False
JILL,bull_flag,24.329999923706055,23.059999465942383,24.149999618530273,,,,False,,,,,,,25.8737562062209,10.0,3.0,21.572578474336158,0.8180100902632392,-0.739828630251647,4.513458260063634,False,-309.0909090909091,True,,60.86956521739133,-59.210526315789465,-309.0909090909091,-25.00000000000001,258.0645161290323,,-138.3333333333333,-13.043478260869556,0.9411917014596982,-5.998233903851647,-3.084981725860003,-0.4342554397248177,7.712020114108897,4.192185622062761,-8.038651179721368,-2.194387804641229,-5.998233903851647,True,False
FCEL,bull_flag,18.8700008392334,17.1200008392334,17.18000030517578,,,,False,,,,,,,25.763896459046908,11.0,3.0,26.684622815482317,0.6141531210895655,-8.956017270247637,0.34924019136546175,False,,False,84.50470325284722,,,,,,,,,-29.399054403867964,-4.85750949045608,60.714849713112606,11.535498520050268,-7.271909859788139,16.566768202810266,-44.50523484077359,17.698906788182178,-29.399054403867964,True,False
CBLL,bull_flag,25.62700080871582,23.040000915527344,23.6200008392334,,,,False,,,,,,,24.24870720299863,15.0,15.0,20.08543943190358,0.8316584497729483,-7.8315835101540054,2.4555457370799947,False,-121.47239263803682,False,40.838176179189816,,,-121.47239263803682,,,,,,32.53927072031699,29.295788394905074,33.721808568037126,31.369584181448083,6.05042651166301,6.899612653324727,9.717118951702153,6.5569130619368865,29.295788394905074,True,False
PSNL,bull_flag,17.350000381469727,15.914999961853027,16.350000381469727,,,,False,,,,,,,23.830096024496463,14.0,11.0,38.82177154633805,0.5775774828930466,-5.763688634082263,2.6605529631039455,False,,False,40.83751433023148,,,,,,,,,29.95989071673546,-24.91142926474157,3.2440476190476186,-43.61896612081372,44.49974146845914,-10.79850100893629,19.6619523973784,-15.741440446433764,-43.61896612081372,True,False
VBNK,bull_flag,23.739999771118164,22.639999389648438,23.059999465942383,,,,False,,,,,,,23.754279591460303,11.0,3.0,18.423975101580623,0.7758135821565789,-2.8643652558205264,1.8213360191714183,False,,False,76.50399124130787,,,,,,,,,,,,,,,,,,False,False
PBR,bull_flag,21.43000030517578,20.540000915527344,21.139999389648438,,,,False,,,,,,,22.57882982659345,13.0,5.0,30.673303541912915,0.8417789962988012,-1.3532473700306138,2.8382142452420944,False,,False,47.83757891674769,,,,,,,,,,,,,,,,,,False,False
HAFN,bull_flag,10.119999885559082,9.0600004196167,9.100000381469727,,,,False,,,,,,,21.64414837550206,11.0,4.0,37.622234838270934,0.8276993134463397,-10.079046597074198,0.4395600019366923,False,,False,55.83791824472222,,,,,,,,,,,,,,,,,,False,False
BDSX,bull_flag,29.989999771118164,25.420000076293945,29.290000915527344,,,,False,,,,,,,21.57564754656398,11.0,13.0,36.099582599281064,0.4209666970224441,-2.334107572301329,13.212703032664697,False,-133.33333333333331,False,40.838238372187504,,,-133.33333333333331,,,,,,34.18423418922969,42.30426550840851,40.75578834010476,19.927276734064247,5.110545881432205,-11.128499391410184,32.097574421168694,8.742132081126996,19.927276734064247,True,False
INTG,bull_flag,39.5,35.79999923706055,36.33000183105469,,,,False,,,,,,,21.212125184523025,12.0,9.0,44.18261554486117,0.4493792048273742,-8.025311820114716,1.4588565022892381,False,,False,,,,,,,,,,21.08892058963385,19.80472266463542,5.95646516029813,20.71354089080888,17.750419050921916,-3.4165131468765653,10.526315789473696,-3.6673799334284385,5.95646516029813,True,False
TNK,bull_flag,103.16000366210938,92.54000091552734,94.54000091552734,,,,False,,,,,,,21.189910492160145,11.0,7.0,47.022113553747616,0.8203881337094981,-8.355954285166582,2.1155066433593803,False,,False,41.837329374166664,,,,,,,,,,,,,,,,,,False,False
TII,bull_flag,3.2100000381469727,2.7249999046325684,3.190000057220459,,,,False,,,,,,,21.13821027898075,14.0,8.0,49.0384853450513,0.5059477313274507,-0.6230523579077277,14.576807029685728,False,,False,41.50401650695602,,,,,,,,,,,,,,,,,,False,False
TBBB,bull_flag,52.97999954223633,49.029998779296875,51.72999954223633,,,,False,,,,,,,20.41506558766453,15.0,14.0,10.283716884628895,0.4586566311663189,-2.359380918838031,5.219409988076582,False,,False,55.83739541930555,,,,,,,,,,,,,,,,,,False,False
HPE,bull_flag,63.86000061035156,59.64500045776367,62.33000183105469,,,,False,,,,,,,20.295639155558565,11.0,4.0,13.545872074480794,0.5855789548048858,-2.3958640223515215,4.307719066924954,False,-87.25490196078431,False,70.83792053452547,404.7619047619048,,-29.54545454545454,-87.25490196078431,140.9090909090909,41.93548387096775,138.46153846153854,-38.095238095238116,32.95819935691318,39.10428662827896,18.10945273631841,14.328703703703694,14.110937356268982,14.479780960404387,-3.867179591010328,5.873526259378359,14.328703703703694,True,False
DE,bull_flag,721.10498046875,665.4500122070312,709.47998046875,,,,False,,,,,,,20.277972072445394,10.0,13.0,27.959899473938492,0.7814546625842301,-1.6121092371936245,6.205949353585476,False,-24.13793103448276,True,62.50470819758102,7.36842105263158,-1.3554216867469826,-24.13793103448276,-14.22319474835887,-22.137404580152676,170.6611570247934,-38.26530612244898,-17.47368421052632,4.909302712597774,4.748099976494546,12.964268923366241,11.225771715721455,-5.6922731692722,39.1010300697118,-22.460669624848727,3.1369612248294265,4.748099976494546,True,False
IOVA,bull_flag,10.845000267028809,10.029999732971191,10.1899995803833,,,,False,,,,,,,19.186041224899242,5.0,3.0,13.333352599485593,0.8102373374213504,-6.039655790851885,1.5701653974561882,False,,False,42.504541479386575,,,,,,,,,65.6541900186816,44.81793852891087,17.744999592911228,15.19938519340791,39.03541929161416,-17.679870002650656,28.635386553998956,12.515012009607695,15.19938519340791,True,False
HAE,bull_flag,110.44999694824219,100.52999877929688,106.81999969482422,,,,False,,,,,,,19.004732673452217,15.0,15.0,15.431355144627092,0.7946955434538102,-3.2865526063518287,5.88841128393311,False,-135.04273504273505,True,42.50456119688657,2.857142857142869,-135.04273504273505,28.37837837837838,22.72727272727273,,-143.15789473684214,17.28395061728394,15.714285714285726,5.596246351829848,4.764684708665179,-2.7471581617136476,-5.266402516851853,-2.0126981010593292,2.1783831464419867,3.559873516337464,1.8422870370946587,-5.266402516851853,True,False
AEHR,bull_flag,100.0,87.1500015258789,97.37999725341797,,,,False,,,,,,,18.722967139385062,9.0,3.0,23.809523809523807,0.6844238743397076,-2.6200027465820312,10.505233123920627,False,-650.0,False,39.83833057354167,,,-650.0,-450.0,,,,,33.68585421250621,-43.666357131152026,-26.5293986471419,-16.388444241176913,82.63356928148937,4.340348037231889,-9.89151244416082,-22.144935765490803,-43.666357131152026,True,False
PDEX,bull_flag,73.5,68.97000122070312,71.94000244140625,,,,False,,,,,,,18.369024005003464,5.0,4.0,25.829577081704674,0.8073882777586799,-2.12244565795068,4.128441923701815,False,8.196721311475418,True,35.83758108434028,160.60606060606065,22.44897959183674,8.196721311475418,86.66666666666664,-28.3333333333333,81.81818181818181,-52.85714285714285,324.24242424242414,16.645707099577002,14.557252785115416,11.135592211040324,24.220687805859086,2.2908416461977943,6.89063923270643,0.7177549919050286,5.9220304104264265,11.135592211040324,True,False
EZPW,bull_flag,33.869998931884766,29.420000076293945,30.190000534057617,,,,False,,,,,,,17.908787714779173,15.0,14.0,49.275345721753766,0.5669483482036631,-10.865067947678163,2.5505148861956037,False,37.5,True,55.83802388409722,41.17647058823528,84.84848484848484,37.5,74.99999999999977,-21.311475409836067,10.90909090909089,57.14285714285721,2.9411764705881804,34.653885607159275,45.88888598701995,19.317550051535125,14.347939745578863,-6.295411977685339,16.97873665969494,13.4216909679852,8.306616802955812,14.347939745578863,True,False
ADPT,bull_flag,28.780000686645508,27.600000381469727,27.889999389648438,,,,False,,,,,,,17.82913651027458,5.0,3.0,21.990715803267573,0.6708098097672639,-3.0924297281551096,1.0397956777523132,False,,False,41.83833134284722,,,,,,,-233.33333333333331,,21.525501452130634,35.14482390404821,51.03773783686971,102.37536341121998,0.9580382086519679,-1.1258213473584355,-23.721707298905002,59.60359381103619,21.525501452130634,True,False
SHMD,bull_flag,3.8499999046325684,3.509999990463257,3.680000066757202,,,,False,,,,,,,17.803654809898273,13.0,3.0,5.60747288712058,0.8477164950107485,-4.415580313932253,4.619567206794878,False,,False,151.8374205511574,,,,,,,,,,,,,,,,,,False,False
BRKR,bull_flag,63.4382920893406,59.3650016784668,59.66999816894531,,,,False,,,,,,,17.718442899485765,5.0,3.0,38.32044638977841,0.8160831140635508,-5.940093587463502,0.5111387629256676,False,-919.9999999999999,True,40.50484576858796,-919.9999999999999,-81.81818181818181,11.111111111111116,-251.85185185185182,-2150.0,-80.0,,-919.9999999999999,5.1542513167795345,2.7451959071624676,-0.24499795835034588,-0.45118000925497004,1.8338596065095913,-15.738845681539093,13.561882626380006,7.913217958364682,-0.45118000925497004,True,False
SGMT,bull_flag,11.449000358581543,10.149999618530273,10.420000076293945,,,,False,,,,,,,17.672418001219835,15.0,12.0,46.951237595694515,0.8070160554881004,-8.987686698047096,2.5911751994890797,False,,False,49.504067269594906,,,,,,,,,,,,,,,,,,False,False
BBCP,bull_flag,10.360713919298393,9.59000015258789,9.6850004196167,,,,False,,,,,,,17.454957026338192,6.0,7.0,45.87584092863338,0.648900139125058,-6.521881647779841,0.980901010973507,False,-43.750000000000014,False,111.8382422033449,28.57142857142856,,,-43.750000000000014,125.0,,-166.66666666666669,28.571428571428537,13.135228708886038,14.391858581590245,4.644486594555808,-3.152305944124445,9.30891180544866,19.354088081124775,-17.411445795318915,4.998991068299374,-3.152305944124445,True,False
WPM,bull_flag,160.99000549316406,144.05999755859375,145.4499969482422,,,,False,,,,,,,17.04253157467872,14.0,10.0,48.9251536146308,0.5572644238354868,-9.652778442560978,0.9556544646357492,False,,False,42.837235846944445,,,,,,,,,,,,,,,,,,False,False
KB,bull_flag,133.2899932861328,125.29000091552734,125.38999938964844,,,,False,,,,,,,16.575412395933785,15.0,7.0,35.80178366089876,0.811982947447439,-5.926921970447928,0.0797499598116667,False,,False,35.504511271111106,,,,,,,,,,,,,,,,,,False,False
LB,bull_flag,89.1500015258789,81.75,82.11000061035156,,,,False,,,,,,,16.49681227441293,12.0,15.0,47.00864690886542,0.7382419714837763,-7.896804032564976,0.4384369841378096,False,14.999999999999991,False,46.837788042256946,66.66666666666667,14.999999999999991,,,73.91304347826086,-4.1666666666666625,-7.692307692307699,8.333333333333348,40.6180969011003,16.049691702122825,55.55616438356164,78.43577772317197,31.04597588471718,-10.167670576631792,11.699553422124298,6.938337575999842,16.049691702122825,True,False
EFXT,bull_flag,23.270000457763672,21.719999313354492,23.110000610351562,,,,False,,,,,,,16.227184961271245,12.0,7.0,37.50001490115764,0.7318753684417371,-0.687579906594836,6.014717699204444,False,,False,35.83804193451389,,,,,,,,,,,,,,,,,,False,False
PPIH,bull_flag,31.149999618530273,29.25,30.84000015258789,,,,False,,,,,,,16.028530614091817,9.0,7.0,38.8758704789812,0.840265744589922,-0.9951828884067553,5.15564249261026,False,-63.934426229508205,True,,209.99999999999997,-63.934426229508205,165.21739130434767,148.38709677419354,40.90909090909092,-63.93442622950819,-20.779220779220797,670.0,,,,,11.893800408459976,7.586027111574567,14.258967703501968,,,False,False
CIFR,bull_flag,19.7450008392334,18.290000915527344,18.350000381469727,,,,False,,,,,,,15.056465717591184,6.0,3.0,2.0833010474917772,0.8217376660607079,-7.065081785115958,0.32697255964622063,False,-4875.000000000002,False,39.50484314873842,,,-4875.000000000002,,,,,,-42.988637667852636,-28.842500868073284,41.418184401866284,197.51472906812714,-28.70715884953212,-41.65564133911674,-16.729189618865657,64.59772753357053,-42.988637667852636,True,False
IGR,high_tight_flag,12.73169280374991,12.020000457763672,12.050000190734863,,,,False,,,,,,,203.9258720545333,40.0,9.0,8.548554572554158,0.7769115421049033,-5.3542967421760705,0.24896043565424947,False,,False,,,,,,,,,,,,,,,,,,,False,False
MRNA,high_tight_flag,192.30999755859375,130.3800048828125,182.11000061035156,,,,False,,,,,,,185.3153414891331,27.0,15.0,23.84231367089215,0.5941338155931924,-5.30393483320305,28.405906075538507,False,-1800.0,False,42.504393420312496,,,,-1800.0,,,,,2.1126760563380254,260.18518518518516,-29.81366459627329,-45.43501611170784,-62.724935732647815,-42.62536873156342,-33.26771653543307,615.4929577464789,-45.43501611170784,True,False
RCEL,high_tight_flag,11.600000381469727,9.600000381469727,10.949999809265137,,,,False,,,,,,,183.54429554584,39.0,11.0,22.068958350509064,0.5113581257675474,-5.603453024388905,12.328762112426098,False,,False,42.83747341828704,,,,,,,,,17.90299572039944,4.0327421555252485,-4.288381287063469,-12.875116015262456,12.72031053294167,9.368366703000408,3.1603243179262552,-7.2917809722374605,-12.875116015262456,True,False
REPL,high_tight_flag,16.329999923706055,12.399999618530273,12.960000038146973,,,,False,,,,,,,174.95327664229626,19.0,20.0,24.679491310534438,0.26236145370403197,-20.63686406187238,4.320990879385587,False,,False,42.50412439814815,,,,,,,,,,,,,,,,,,False,False
AGEN,high_tight_flag,8.729999542236328,6.659999847412109,8.399999618530273,,,,False,,,,,,,161.4583302289249,37.0,24.0,18.709684829103104,0.16047100764909286,-3.780068052804502,20.714283930201027,False,,False,42.50499483181713,,,,,-100.98039215686273,1033.3333333333294,-95.36082474226802,,34.358335603907975,40.18116845341977,27.45090732943325,20.400605288308384,2.3179985771875744,-1.3682610221026792,13.127170497767482,17.687127787941304,20.400605288308384,True,False
QMCO,high_tight_flag,29.149999618530273,21.799999237060547,25.969999313354492,,,,False,,,,,,,157.60415166202577,36.0,11.0,19.365502099785477,0.7690310619351058,-10.909092098767289,16.056989551592387,False,,False,46.837514276828706,,,,,,,,,25.692996920013698,27.310121933303954,8.59297653019626,-12.709127856804836,3.601559094289297,4.569222106025261,18.92848600813202,-2.4437669165914833,-12.709127856804836,True,False
CAPR,high_tight_flag,11.0,8.180000305175781,8.670000076293945,,,,False,,,,,,,149.09091922440268,20.0,16.0,24.564456210857717,0.29238714298075336,-21.181817488236863,5.651669744017096,False,,False,47.83817714723379,,,,,,,,,-7.921690517003965,-63.4382475774409,1.3777014586210834,64.29114312270147,392.14278829275366,-43.0523150556549,-19.06383632603793,-59.40733891022807,-63.4382475774409,True,False
ENTX,high_tight_flag,3.559999942779541,2.680000066757202,2.809999942779541,,,,False,,,,,,,139.6694218132895,40.0,25.0,13.017752731444476,0.1026838371255006,-21.067416068957083,4.626330201763212,False,-12.49999999999999,True,50.838063429594904,133.33333333333334,16.666666666666675,0.0,-12.49999999999999,100.0,16.666666666666675,-14.285714285714302,16.666666666666675,,-100.0,-100.0,-100.0,,,,,-100.0,False,False
OABI,high_tight_flag,4.994999885559082,3.890000104904175,4.789999961853027,,,,False,,,,,,,122.0512727089106,27.0,11.0,18.487388307651745,0.6140640280788973,-4.1041026707272765,18.789141213284783,False,,False,41.8376291409375,,,,,,,,,244.23915832691816,247.30380356283098,-22.473158089596446,-46.332694151486095,-7.014625355236714,72.24212034383955,274.09557838320677,-42.54554785732615,-46.332694151486095,True,False
ABCL,high_tight_flag,13.180000305175781,10.319999694824219,12.3100004196167,,,,False,,,,,,,120.38094656808033,28.0,12.0,19.77848196770786,0.48889418333064366,-6.6009094492769735,16.165724264487423,False,,False,42.83833031798611,,,,,,,,,-76.29360805431983,96.3400236127509,788.373935432759,37.6210235131397,-51.2928442573662,-81.46207696080617,400.88218872138464,-47.58253336455163,-76.29360805431983,True,False
OMER,high_tight_flag,20.969999313354492,16.5,20.739999771118164,,,,False,,,,,,,114.87888116294145,38.0,22.0,21.385535708403903,0.6932606910202412,-1.0968028124343128,20.44358639300781,False,,False,49.83762646900463,,,,,-75.80645161290323,-56.64335664335665,,,-4.916011198506864,-65.6767165111196,-100.0,-100.0,188.37561912463357,,,-100.0,-100.0,True,False
FGI,high_tight_flag,10.300000190734863,8.100000381469727,8.40999984741211,,,,False,,,,,,,104.34783359856921,30.0,8.0,8.333325054910777,0.024068903618867113,-18.349517556542004,3.6860817070974687,False,-1241.6666666666672,False,49.83800616336805,,,-1241.6666666666672,,,,,,2.8623929214091293,-8.162842549749572,-14.399566381545249,-0.6934174320141762,4.537789338608711,0.10659036437152825,-15.007109988794342,15.647978305879096,-14.399566381545249,True,False
BOLD,high_tight_flag,3.1640000343322754,2.684999942779541,2.700000047683716,,,,False,,,,,,,104.28571027152387,40.0,24.0,11.986298769359978,0.05523958427525812,-14.664980455554302,0.5555594310838305,False,-105.74018126888218,False,,,,-105.74018126888218,,,,,,,,,,,,,,,False,False
AMLX,high_tight_flag,35.474998474121094,30.530000686645508,30.604999542236328,,,,False,,,,,,,104.11281283262332,31.0,16.0,23.758468971788467,0.5206761307128334,-13.727975028490603,0.24505426143633294,False,,False,42.505010827013884,,,,,,,,,,-100.0,,-100.0,,,,,-100.0,False,False
RNG,high_tight_flag,81.90160369873047,67.97000122070312,79.2300033569336,,,,False,,,,,,,103.17463861885243,31.0,12.0,21.63677583325996,0.6993684208514483,-3.261963406265129,14.21179055805894,False,221.4285714285714,False,42.83745672868056,221.4285714285714,,,,28.57142857142858,34.61538461538463,36.842105263157876,35.7142857142857,5.901534176448031,5.251643640451209,4.803974535891897,4.909940617479647,1.9888264340677253,0.025775076742950986,0.8420821883489582,2.9427883390984455,4.803974535891897,True,False
A,rainbow_convergence,165.32000732421875,148.90092629784394,165.32000732421875,6.295548012984012,5.0,True,True,,,,,,,,,,,,0.0,9.931696285359092,True,-3.603603603603611,True,62.838328796689815,8.47457627118644,59.999999999999986,-3.603603603603611,24.39024390243909,6.666666666666665,12.149532710280365,-30.065359477124186,29.661016949152575,8.055235903337167,10.011990407673865,6.960142772159439,9.406231628453842,2.3433242506812,2.057842046718572,-3.3852767329392797,7.077100115074808,6.960142772159439,True,False
AAPL,rainbow_convergence,337.0199890136719,322.3992778177148,337.0199890136719,4.305602397786555,10.0,True,True,,,,,,,,,,,,0.0,4.338232648676506,True,18.333333333333336,True,35.83832905521991,28.6624203821656,21.818181818181802,18.333333333333336,89.69072164948457,0.4975124378109541,-29.225352112676063,54.347826086956516,17.19745222929936,16.356501765281383,16.59518241592299,15.652453740949323,7.938480985989682,-1.5892574471146892,-22.65783689028632,40.29629340464154,8.964651835467263,7.938480985989682,True,False
ABBV,rainbow_convergence,265.0799865722656,256.21956816948926,265.0799865722656,2.838750270895693,7.0,True,True,,,,,,,,,,,,0.0,3.3425452133712286,True,-88.63636363636364,False,35.504998743136575,290.38461538461536,-45.83333333333333,,-88.63636363636364,420.51282051282044,-61.764705882352935,919.9999999999998,-80.76923076923077,7.313606409096773,17.741243745532522,19.210829493087566,21.352095442031207,0.8377853326857698,-0.5073689296931638,4.335770103352665,2.51970538829307,7.313606409096773,True,False
ABSI,rainbow_convergence,9.744999885559082,8.82321125038066,9.744999885559082,5.78338473851752,9.0,True,True,,,,,,,,,,,,0.0,9.459093340210307,True,,False,53.83833191783565,,,,,,,,,-46.37436762225969,-81.76420695504665,-2.2556390977443663,-77.77777777777779,47.906976744186046,-66.92307692307693,71.95767195767195,-36.25632377740303,-81.76420695504665,True,False
ACA,rainbow_convergence,146.5,144.54753900481822,146.5,0.9747553339230861,3.0,True,True,,,,,,,,,,,,0.0,1.3327378806701575,True,60.41666666666667,False,35.83832820837963,446.7213114754099,60.41666666666667,,335.2941176470588,766.2337662337663,-27.358490566037762,-28.378378378378343,21.311475409836067,1.7297297297297343,4.401022644265895,33.668567997598316,24.578388507183014,15.217771558509718,-35.80011229646266,11.619453497117082,23.212355212355206,1.7297297297297343,True,False
AEF,rainbow_convergence,9.59000015258789,9.255515817989368,9.59000015258789,3.3498781866216194,3.0,True,True,,,,,,,,,,,,0.0,3.487844935104212,True,,False,,,,,,,,,,,,,,,,,,,False,False
ALNT,rainbow_convergence,113.5999984741211,96.70720707866235,113.5999984741211,7.595426536099314,3.0,True,True,,,,,,,,,,,,0.0,14.870415160531051,False,52.380952380952394,True,41.838331381631946,79.41176470588233,52.380952380952394,123.52941176470584,200.0,90.625,-15.789473684210531,-2.564102564102566,14.705882352941169,10.167791485764234,4.60230567080564,17.493648061634293,10.805587279276118,10.69358960515423,-3.0965302677288364,3.3234109108207344,-0.5982318130364428,4.60230567080564,True,False
AMD,rainbow_convergence,614.6099853515625,512.3992700942166,614.6099853515625,13.01192729062835,11.0,True,True,,,,,,,,,,,,0.0,16.630174857780816,False,59.5744680851064,True,40.83833067741898,155.55555555555554,90.90909090909089,206.6666666666666,59.5744680851064,64.28571428571428,-8.695652173913038,22.666666666666657,38.888888888888886,50.11060507482108,37.84619521376713,34.10812222512405,35.5917289925209,12.513410709060757,-0.16553067185978154,11.075059485182791,20.31229668184775,34.10812222512405,True,True
AMRX,rainbow_convergence,19.329999923706055,17.7650460020411,19.329999923706055,6.026255879999897,3.0,True,True,,,,,,,,,,,,0.0,8.095985141446981,True,157.1428571428571,False,35.504996553055555,157.1428571428571,375.0,,,-5.263157894736848,90.00000000000001,899.9999999999998,-85.71428571428572,9.894852782854024,3.8967818009260524,11.471449026581148,11.679535580268418,10.197378892458197,-11.27322339279816,3.7992996929305134,8.282172177532887,3.8967818009260524,True,False
ANET,rainbow_convergence,203.47000122070312,190.94072674574636,203.47000122070312,4.972541482251796,5.0,True,True,,,,,,,,,,,,0.0,6.157799380640053,True,15.517241379310365,True,40.8382810712037,35.71428571428572,25.0,17.46031746031751,15.517241379310365,18.74999999999998,8.108108108108091,10.44776119402988,-4.2857142857142705,37.68595791001452,35.125698324022345,28.871773673026844,27.46700535645259,12.059800664451824,8.891389983117604,7.776285578131081,4.694303338171268,27.46700535645259,True,False
APPS,rainbow_convergence,11.539999961853027,10.92841238833287,11.539999961853027,4.175949920671626,2.0,True,True,,,,,,,,,,,,0.0,5.299719025492548,True,,False,40.838280947962964,,,,,,-199.99999999999991,,,26.776194186028746,19.636262924667648,12.44977235083966,18.234114951822654,16.439259482704195,-5.84548114584641,7.8517135998062315,7.218581488779918,12.44977235083966,True,False
ARW,rainbow_convergence,226.82000732421875,213.12892743853152,226.82000732421875,3.1808032383862104,11.0,True,True,,,,,,,,,,,,0.0,6.036098864116985,True,11.170212765957444,True,35.50494747916667,46.518105849582184,201.3245033112583,100.0,11.170212765957444,15.604395604395593,21.657754010695186,78.94736842105266,-41.78272980501393,31.824628852945814,39.03029593263416,20.095808291146476,13.032103584780375,5.475129275747581,8.313311831227143,13.405296646072928,1.7492734447879466,13.032103584780375,True,False
AVT,rainbow_convergence,101.1500015258789,91.83042928330678,101.1500015258789,4.884220908629662,12.0,True,True,,,,,,,,,,,,0.0,9.213615523463673,True,-24.242424242424242,True,34.504913852962964,1577.7777777777803,12.871287128712861,-24.242424242424242,-7.57575757575758,32.456140350877185,51.99999999999998,22.95081967213115,577.7777777777789,47.66250815488995,33.94567092778882,11.575605680278777,5.253604827278058,16.51172037783757,12.673361339018863,7.12686053505831,4.997992984792066,5.253604827278058,True,False
BAP,rainbow_convergence,385.3800048828125,379.31470289595444,385.3800048828125,1.269771607304766,4.0,True,True,,,,,,,,,,,,0.0,1.5738496834319196,True,,False,46.838238559363425,,,,,,,,,,,,,,,,,,False,False
BATRA,rainbow_convergence,58.09000015258789,55.8118680272182,58.09000015258789,1.8190262430126343,3.0,True,True,,,,,,,,,,,,0.0,3.921728558074719,True,-141.30434782608697,False,41.50491831451389,-141.30434782608697,,,193.74999999999994,,,-236.17021276595747,2.1739130434782483,-2.3431698886186125,52.52165808815743,17.623469818488815,7.1778005600776185,323.73519241184886,17.460809422051128,-80.32246467525631,-0.2886954295224675,-2.3431698886186125,True,False
BE,rainbow_convergence,275.19000244140625,245.26473659290195,275.19000244140625,10.087834781937266,13.0,True,True,,,,,,,,,,,,0.0,10.874401534581917,False,65.44129822818347,False,33.83823639320602,,65.44129822818347,,,-99.76979281353218,,,,133.78948951018285,36.28098998656175,59.520627975487585,21.377789349547417,-3.411645196146307,50.539320633275594,29.545293951384966,24.116243085616198,21.377789349547417,True,False
BFLY,rainbow_convergence,9.199999809265137,8.036755444999413,9.199999809265137,7.877494992395455,2.0,True,True,,,,,,,,,,,,0.0,12.643960743284405,False,,False,36.50487822679398,,,,,,,,,39.468844887311306,24.994110718492337,40.98514674302076,4.513399153737652,22.924990576705607,-15.812521816393232,46.647121783237935,-8.099901637942096,4.513399153737652,True,False
BIIB,rainbow_convergence,227.52999877929688,214.1694891748001,227.52999877929688,2.9172760000464963,2.0,True,True,,,,,,,,,,,,0.0,5.871977179350494,True,-119.2307692307693,True,34.50486284628472,31.09756097560976,-119.2307692307693,19.172932330827063,8.250000000000002,,-111.04100946372245,-26.78983833718245,164.02439024390247,1.9251336898395754,-7.141402208009129,2.794224997972261,7.326869244188394,8.704044924102838,-10.072197893241807,-4.188244188244184,8.823529411764696,-7.141402208009129,True,False
BMEZ,rainbow_convergence,16.700000762939453,16.216672594548964,16.700000762939453,2.276014706296082,2.0,True,True,,,,,,,,,,,,0.0,2.8941805168242176,True,,False,,,,,,,,,,,,,,,,,,,False,False
BOW,rainbow_convergence,33.84000015258789,32.99211935459811,33.84000015258789,2.3040348107208755,0.0,False,False,,,,,,,,,,,,0.0,2.5055579023835786,False,2.220446049250313e-14,True,40.5048445662963,33.33333333333333,41.17647058823528,2.220446049250313e-14,25.0,0.0,9.090909090909038,-2.222222222222192,25.0,22.957610139348517,26.873431337396923,27.109084966772535,23.270612618939545,5.24297660796178,2.647714236738352,5.3817080287913655,8.005973150837065,22.957610139348517,True,False
BST,rainbow_convergence,49.43000030517578,47.01423733319409,49.43000030517578,3.5890240051927758,4.0,True,True,,,,,,,,,,,,0.0,4.887240455324739,True,,False,,,,,,,,,,,,,,,,,,,False,False
BSTZ,rainbow_convergence,29.600000381469727,28.66710241285752,29.600000381469727,1.7028115280623743,2.0,True,True,,,,,,,,,,,,0.0,3.151682285775312,True,,False,,,,,,,,,,,,,,,,,,,False,False
BTX,rainbow_convergence,8.979999542236328,8.70333338663193,8.979999542236328,1.7151971778576591,2.0,True,True,,,,,,,,,,,,0.0,3.0809150301526413,True,,False,,,,,,,,,,,,,,,,,,,False,False
BZH,rainbow_convergence,33.349998474121094,32.69967496652022,33.349998474121094,1.9081924973907003,0.0,False,False,,,,,,,,,,,,0.0,1.949995614259206,False,-1230.0,False,49.50484385510417,,-107.14285714285714,-1230.0,-40.23668639053256,,,-211.8811881188119,,-5.328705257193778,-27.504382326356403,-22.48882084132099,-1.7690102548262976,25.97561035120508,12.752722900979663,-54.098644266418816,45.204238613630835,-27.504382326356403,True,False
CNXN,rainbow_convergence,88.56999969482422,82.08556492968765,88.56999969482422,5.4111102618466145,14.0,True,True,,,,,,,,,,,,0.0,7.3212541351239295,True,-4.90196078431373,True,34.83812038302083,35.05154639175259,33.33333333333335,5.128205128205066,-4.90196078431373,92.64705882352942,-17.0731707317073,-15.463917525773208,0.0,12.41330379508565,2.9698479129757427,-0.8404606028802442,-2.159325640215426,18.30395114882817,2.69255226982712,-0.8643740797779631,-6.663876065726548,-2.159325640215426,True,False
CODA,rainbow_convergence,10.970000267028809,10.373250058937383,10.970000267028809,4.650736450996243,6.0,True,True,,,,,,,,,,,,0.0,5.439837680633467,True,0.0,True,126.50479416503472,9.090909090909083,87.5,0.0,399.9999999999995,-19.999999999999996,87.5,-19.999999999999986,-9.090909090909117,9.975263125869361,32.521874997000786,32.73556509987245,29.000972145937286,11.782381027147704,2.889668607617879,-5.020428759787087,0.674546156949396,9.975263125869361,True,False
COHU,rainbow_convergence,64.4800033569336,53.55853777093276,64.4800033569336,8.669799401338626,5.0,True,True,,,,,,,,,,,,0.0,16.937755920303378,False,,False,35.83811817420139,,,,,,,,,38.37481426448737,29.259171255307503,29.863368819192115,32.41698307146903,19.088228006937392,2.3635768632905174,-3.1833915516162548,17.244613670133724,29.259171255307503,True,False
CPIX,rainbow_convergence,7.940000057220459,6.90041939784602,7.940000057220459,7.008582236983915,3.0,True,True,,,,,,,,,,,,0.0,13.09295531338274,False,-375.0,False,40.83812118332176,,-375.0,,,,,,,-18.787983755826943,-22.041542535230985,31.077193778317213,-8.732986962330113,-3.614768822503922,-33.24402384416416,64.95482228103404,-23.48358175323646,-22.041542535230985,True,False
CRON,rainbow_convergence,3.4000000953674316,3.1800277099364207,3.4000000953674316,4.718287008365437,4.0,True,True,,,,,,,,,,,,0.0,6.469775860616231,True,-108.33333333333333,False,42.50478650422453,,100.0,-108.33333333333333,250.00000000000006,125.0,,-114.28571428571428,,58.4426842026603,40.133903663753024,46.96214646381307,6.055918748540745,17.246184472461845,1.5247804899957362,22.543273067503232,8.62053504707816,6.055918748540745,True,False
CTKB,rainbow_convergence,5.679999828338623,4.752803791463071,5.679999828338623,9.946784721827441,7.0,True,True,,,,,,,,,,,,0.0,16.323874381995413,False,,False,41.83812038803241,,,,,,,-100.0,,5.56554537081706,6.459705236751323,8.116431206068619,1.5398058252427127,9.074430723915249,-28.97603836436491,18.83234849788691,14.67260207885619,1.5398058252427127,True,False
CYRX,rainbow_convergence,17.489999771118164,15.970503776632178,17.489999771118164,6.461557885973687,6.0,True,True,,,,,,,,,,,,0.0,8.687798824304057,True,-109.38967136150235,False,40.83810332436342,-109.38967136150235,,,,,,,-108.4507042253521,7.737492849914207,16.466861598440552,-59.80295043690522,15.439622099851235,2.454077576467628,5.166116611661176,2.75133949766011,-2.686232234786823,-59.80295043690522,True,False
DBRG,rainbow_convergence,15.989999771118164,15.895864446100017,15.989999771118164,0.21766589735551395,1.0,True,True,,,,,,,,,,,,0.0,0.5887137358699559,True,1049.9999999999998,False,35.83806527555555,1049.9999999999998,,,,3733.333333333333,-89.28571428571429,211.11111111111117,-10.000000000000009,3.0201027421359994,-3.139595513595672,4.130929286762308,21.83019508500692,0.604748651341791,-17.43517485294952,13.339764201500536,9.427411977199696,-3.139595513595672,True,False
DDD,rainbow_convergence,3.509999990463257,3.29171477252173,3.509999990463257,4.918238279552474,5.0,True,True,,,,,,,,,,,,0.0,6.218952095003202,True,-115.78947368421053,False,40.838066531006945,-115.78947368421053,,,,,-174.99999999999983,,-124.56140350877195,-0.27309728168033454,1.055637825259148,-4.277453523562469,-19.20577297680184,-1.003789068224159,-10.103034580098802,16.467029775668784,-3.784348046141839,-19.20577297680184,True,False
DDI,rainbow_convergence,13.0,12.491872835687307,13.0,3.1850935366082265,2.0,True,True,,,,,,,,,,,,0.0,3.908670494713025,True,,False,46.838064140613426,,,,,,,,,,,,,,,,,,False,False
DHR,rainbow_convergence,221.55999755859375,206.38788410145844,221.55999755859375,3.862456101152631,4.0,True,True,,,,,,,,,,,,0.0,6.847857747029851,True,9.84848484848484,True,27.50473184489583,59.74025974025974,9.84848484848484,12.666666666666625,13.392857142857139,-15.172413793103445,-14.201183431952636,33.070866141732246,64.93506493506493,5.542452830188682,3.6578993206758392,4.588559192413588,4.398068299413582,5.276424130398261,-12.971629131324946,12.968775813646127,1.9710242587601012,3.6578993206758392,True,False
DXPE,rainbow_convergence,191.0800018310547,182.54414079319218,191.0800018310547,2.4641059009620303,2.0,True,True,,,,,,,,,,,,0.0,4.467166085443924,True,-2.400000000000002,True,42.83803748021991,23.076923076923084,-2.400000000000002,7.8125,3.149606299212593,44.26229508196722,-11.594202898550721,5.343511450381677,-8.391608391608385,15.596913463890827,9.46116931651031,11.992847951005924,8.62465243638133,10.5055419451058,-1.0868617152391957,2.660183289081286,3.016351101503556,8.62465243638133,True,False
EMBJ,rainbow_convergence,75.43000030517578,72.76334251972472,75.43000030517578,3.5308832334854166,3.0,True,True,,,,,,,,,,,,0.0,3.5352747907493867,True,,False,47.50473093944444,,,,,,,,,,,,,,,,,,False,False
FFIV,rainbow_convergence,455.989990234375,409.0686558980611,455.989990234375,7.072075930987164,8.0,True,True,,,,,,,,,,,,0.0,10.289992179915341,False,4.0322580645161255,True,32.8380376965162,11.384615384615394,4.0322580645161255,9.929078014184412,16.487455197132572,40.31007751937985,-16.774193548387096,-4.61538461538461,0.0,10.854722759716552,11.020990996043079,7.302909761262066,8.493130871036092,6.575951706295435,-1.308870286273578,1.527608043550721,3.8084498378974097,7.302909761262066,True,False
FIRY,rainbow_convergence,13.100000381469727,9.946566946297747,13.100000381469727,10.336199689954276,7.0,True,True,,,,,,,,,,,,0.0,24.072010254538537,False,,False,49.83798318825231,,,,,,,,,22.91584040612358,32.91775129013106,68.87625907377188,11.439504966617807,6.483422092423985,-3.018893072540063,9.633228611090816,8.566669310700403,11.439504966617807,True,False
FNGO,rainbow_convergence,160.19900512695312,147.47345953955463,160.19900512695312,5.71009057908237,4.0,True,True,,,,,,,,,,,,0.0,7.943585902617728,True,,False,,,,,,,,,,,,,,,,,,,False,False
FOSL,rainbow_convergence,6.170000076293945,5.167524493710206,6.170000076293945,9.01742388075542,4.0,True,True,,,,,,,,,,,,0.0,16.247578122979263,False,,False,49.83797934123843,,,,,,,,,-4.85507377897163,-3.657203602336978,-18.0463692242971,-6.121208120381216,-6.70623462255463,-19.8781565926623,3.820489191379761,22.602410294571396,-18.0463692242971,True,False
FSLY,rainbow_convergence,29.649999618530273,23.717831394444865,29.649999618530273,10.465685829139451,7.0,True,True,,,,,,,,,,,,0.0,20.007312986196464,False,,False,41.83797252755787,,,,,,,,,23.27229690200323,19.75926464277309,22.78647593168255,15.317843243006868,5.950722744637926,0.2369476050332553,9.094126644040369,6.39772979443074,15.317843243006868,True,False
FTK,rainbow_convergence,30.43000030517578,27.146779699564988,30.43000030517578,9.358220118251682,6.0,True,True,,,,,,,,,,,,0.0,10.789420219139323,False,-40.00000000000002,True,40.83796948446759,420.0,-29.41176470588236,-40.00000000000002,562.5,116.6666666666667,33.33333333333337,-83.01886792452831,960.0,70.29477292202229,26.532639716773243,33.02401639182773,12.643239113827342,41.849509642974404,3.7500555399220925,20.502935874783603,-3.974293059125966,12.643239113827342,True,False
FTNT,rainbow_convergence,178.74000549316406,161.66903502236738,178.74000549316406,6.785963643186402,7.0,True,True,,,,,,,,,,,,0.0,9.550727283293925,True,-11.428571428571422,True,41.83797353064815,43.85964912280702,28.57142857142856,-1.4705882352940902,-11.428571428571422,13.888888888888884,7.462686567164178,8.064516129032251,8.771929824561408,25.638036809815958,20.127297525491983,14.752123366062285,14.375704528877398,10.721237024221452,-2.9081364829396272,10.441184996231655,5.822085889570561,14.375704528877398,True,False
GEF-B,rainbow_convergence,111.0199966430664,105.06740994792254,111.0199966430664,3.590382746294696,4.0,True,True,,,,,,,,,,,,0.0,5.36172480195767,True,,False,34.83797253849537,,,,,,,,,-0.5192878338278972,-21.40938536893664,11.606176846660766,-18.79395218002813,7.840772014475261,-12.329250022032257,-18.11358879988454,28.495919881305642,-21.40938536893664,True,False
GH,rainbow_convergence,176.30999755859375,163.55660982188783,176.30999755859375,6.808684542664575,7.0,True,True,,,,,,,,,,,,0.0,7.233502304636772,True,,False,34.83796330837963,,,,,,,,,44.332322222605214,48.259457121653696,39.3689238605845,38.500908730075835,11.043044436709604,7.252565187402671,6.059669074948348,14.265278687394446,38.500908730075835,True,False
IGR,rainbow_convergence,12.050000190734863,7.5058382136823365,12.050000190734863,37.50496299448482,10.0,True,True,,,,,,,,,,,,0.0,37.71088717945823,False,,False,,,,,,,,,,,,,,,,,,,False,False
INTC,rainbow_convergence,122.5999984741211,102.35941083951992,122.5999984741211,12.29472756733597,6.0,True,True,,,,,,,,,,,,0.0,16.509451783454658,False,,False,28.837861025775464,,,,,,,-111.11111111111111,,25.421883505715837,7.184021473119118,-4.109396914446006,2.777777777777768,18.789128673491938,-0.7093754570718147,0.1538123489343013,6.174663659693591,-4.109396914446006,True,False
IOSP,rainbow_convergence,96.5999984741211,91.66865117660505,96.5999984741211,2.4926351812307663,1.0,True,True,,,,,,,,,,,,0.0,5.10491446729902,True,-60.902255639097746,False,40.83785667498843,32.97872340425532,-6.870229007633588,,-60.902255639097746,2.4590163934426146,-35.78947368421053,265.38461538461536,-44.680851063829785,11.758016829656581,2.8130671506352067,-2.3993144815766976,-0.3382949932341006,8.428949691085608,-0.5267778753292318,3.100248925096172,0.5003411416875103,-2.3993144815766976,True,False
ITT,rainbow_convergence,211.94000244140625,202.78780530717552,211.94000244140625,1.4067533776815178,1.0,True,True,,,,,,,,,,,,0.0,4.3182962295006035,True,-37.5,True,33.50450763818287,-37.5,-33.08270676691729,7.189542483660083,-17.76649746192893,6.741573033707859,-45.73170731707316,1.2345679012345512,6.578947368421062,61.347207009857605,36.65990076680199,10.093663911845741,6.786734021524277,21.552933410347386,21.29916925232709,2.7457836281365777,6.506024096385543,6.786734021524277,True,False
JNJ,rainbow_convergence,269.1700134277344,264.72549995938857,269.1700134277344,1.6246472128718616,0.0,False,False,,,,,,,,,,,,0.0,1.6511919034915261,False,-52.863436123348016,True,19.504496381944445,-0.8733624454148492,-52.863436123348016,47.51773049645389,90.990990990991,6.074766355140171,2.8846153846153966,-1.8867924528301883,-7.423580786026196,6.5998399528282015,9.907276298360213,9.07637655417406,6.7731743135597045,5.186601280026593,-2.0436411007979105,2.379860792731203,1.0529419197237155,6.5998399528282015,True,False
KEYS,rainbow_convergence,353.3599853515625,329.5613084599441,353.3599853515625,2.8733065581016315,9.0,True,True,,,,,,,,,,,,0.0,6.734966571820744,True,35.570469798657726,False,61.837827082488424,109.09090909090904,35.570469798657726,68.04123711340206,,13.861386138613852,23.926380368098176,20.740740740740726,22.72727272727273,41.34762633996938,32.28043143297381,31.470829909613805,,7.513104251601632,7.312500000000011,18.343195266272193,3.522205206738138,31.470829909613805,False,False
KF,rainbow_convergence,66.27999877929688,64.42282764676308,66.27999877929688,2.0855496578228876,4.0,True,True,,,,,,,,,,,,0.0,2.8020083988201527,True,,False,,,,,,,,,,,,,,,,,,,False,False
KODK,rainbow_convergence,9.65999984741211,9.32798782089524,9.65999984741211,2.7406169837283634,4.0,True,True,,,,,,,,,,,,0.0,3.4369775544646055,True,-654.5454545454544,False,42.83783919642361,,,-654.5454545454544,-153.33333333333331,,,,,18.250950570342205,7.287449392712553,9.022556390977442,3.065134099616862,17.35849056603773,-8.62068965517241,7.806691449814118,2.281368821292773,3.065134099616862,True,False
KOPN,rainbow_convergence,4.869999885559082,4.495325743806553,4.869999885559082,4.892473524027029,3.0,True,True,,,,,,,,,,,,0.0,7.6935143851551935,True,99.99999999999983,False,47.83777510822917,,,99.99999999999983,,,-150.0,100.0,,45.01953893466541,-3.089757431538087,-43.15579459936415,-9.571949001541768,19.622335454911966,26.16128354069207,-31.082190649676377,39.43014524805024,-43.15579459936415,True,False
LITE,rainbow_convergence,937.0,884.4335516209294,937.0,5.106556183648287,4.0,True,True,,,,,,,,,,,,0.0,5.610079869698037,True,-3177.4193548387093,False,42.837771751990736,-3177.4193548387093,,,,-6459.999999999999,68.53932584269661,1680.0,-98.38709677419355,55.91955887122933,16.016371077762614,9.651035986913858,6.0768261964735615,13.052681091251173,5.718547986076583,19.382606114574052,9.27667855984431,6.0768261964735615,True,False
LXFR,rainbow_convergence,17.270000457763672,17.150045892285753,17.270000457763672,0.538477206254797,2.0,True,True,,,,,,,,,,,,0.0,0.6945834527988877,True,-192.30769230769224,True,33.837771657557866,79.99999999999999,-35.0,-192.30769230769224,-78.72340425531914,38.46153846153846,,-220.00000000000003,0.0,-10.22514071294559,-13.505154639175254,-14.79690522243714,-6.539235412474853,14.06436233611441,-4.76730987514189,-5.166846071044128,-12.851782363977481,-14.79690522243714,True,False
LXP,rainbow_convergence,60.880001068115234,60.089230923806646,60.880001068115234,1.2542106166477403,0.0,False,False,,,,,,,,,,,,0.0,1.2988996886249062,False,-110.00000000000001,True,35.5044403625926,-106.38297872340425,-110.00000000000001,745.4545454545457,500.0,,-103.2258064516129,675.0000000000002,-74.46808510638299,-0.6153846153846176,0.20618556701030855,2.935420743639927,6.8560235063663155,-0.30864197530864335,-7.604562737642584,-3.574702108157657,11.897435897435905,-0.6153846153846176,True,False
MDB,rainbow_convergence,428.3599853515625,387.74211409409526,428.3599853515625,3.6004280927479324,1.0,True,True,,,,,,,,,,,,0.0,9.482181493710588,True,,False,68.83773079136574,,,,,900.0,,,,30.498882316935006,25.245622151711977,26.74590352262407,18.68883116883118,12.23895313663439,-1.0726946273191817,10.625822644590489,6.240594384192133,18.68883116883118,True,False
MEDP,rainbow_convergence,617.1500244140625,590.3605603517273,617.1500244140625,4.083455018117348,6.0,True,True,,,,,,,,,,,,0.0,4.340834967602865,True,16.621253405994562,True,27.837727508298613,37.09677419354838,16.621253405994562,26.702997275204375,28.239202657807304,-0.7009345794392607,-7.95698924731183,20.46632124352332,24.51612903225806,17.241522199993042,26.502318420251726,32.02842398931025,23.735601902808277,0.10288648238616638,-0.26056884748394404,7.356687270704931,9.380236726994863,17.241522199993042,True,False
MET,rainbow_convergence,97.19999694824219,95.56593457636009,97.19999694824219,1.5774112202908888,0.0,False,False,,,,,,,,,,,,0.0,1.681134180232756,False,-32.59668508287293,True,46.837712075914354,5.825242718446599,35.9375,-32.571428571428584,-32.59668508287293,-37.35632183908045,47.4576271186441,-3.27868852459019,18.446601941747566,19.86754966887416,20.130932896890343,7.913669064748197,12.09386281588447,-1.3623978201634857,22.33333333333334,-3.3816425120772986,2.81456953642385,7.913669064748197,True,False
MRVI,rainbow_convergence,7.369999885559082,6.974445326361452,7.369999885559082,3.6641783183560768,2.0,True,True,,,,,,,,,,,,0.0,5.367090438802954,True,,False,42.83771370982639,,,,,,,,,8.534295419541316,40.52721451440768,-11.832101559461083,-39.688518652662076,-21.864605009341254,32.02783459671921,19.783809752582272,-12.167436757600692,-39.688518652662076,True,False
MRVL,rainbow_convergence,260.8999938964844,229.58726742502088,260.8999938964844,9.032065958816746,11.0,True,True,,,,,,,,,,,,0.0,12.00181188347871,False,-80.0,False,68.83771111613426,50.0,-80.0,95.65217391304337,,725.0,-91.11111111111111,-79.54545454545456,900.0,36.54852699267235,27.568195008705754,22.080994827775946,36.83134357891959,13.297212341798325,8.973723351512142,6.951072547601833,3.409600717810668,22.080994827775946,True,False
MSM,rainbow_convergence,124.0999984741211,120.56253004490699,124.0999984741211,1.3432823921671504,3.0,True,True,,,,,,,,,,,,0.0,2.8504983664055232,True,3.0303030303030054,True,28.50437860003472,41.17647058823528,8.571428571428585,12.048192771084354,3.0303030303030054,89.4736842105263,-18.279569892473123,-8.823529411764708,0.0,7.819429642329423,2.9221154245124836,4.006531076464426,2.7188317770749038,14.089416348687145,-4.961250264061534,-1.2769698673550267,0.7238877819481182,2.7188317770749038,True,False
MTD,rainbow_convergence,1492.3399658203125,1365.579935129964,1492.3399658203125,3.9297317990407103,3.0,True,True,,,,,,,,,,,,0.0,8.494045163540918,True,6.124497991967859,True,42.83771217230324,18.340163934426236,6.658130601792589,16.79261125104954,6.124497991967859,38.65546218487397,-40.11502516175411,31.59886471144746,8.29918032786885,4.484546200701578,7.172099612557492,8.09547547809979,7.874410053062486,8.466340839190512,-16.16379062346479,9.715072074460585,4.72711628413145,4.484546200701578,True,False
MTRN,rainbow_convergence,254.72999572753906,248.03918177781026,254.72999572753906,1.6081217529437701,3.0,True,True,,,,,,,,,,,,0.0,2.626629789169135,True,8.235294117647074,False,34.50436937060185,52.066115702479344,8.235294117647074,,14.018691588785037,100.0,206.66666666666643,-75.40983606557374,0.8264462809917328,42.22046156911259,30.807698712916043,12.104946311382548,1.8531536585645103,11.655002328017684,12.265341375466043,10.104584449919972,3.046393209438958,1.8531536585645103,True,False
MU,rainbow_convergence,1071.8800048828125,963.3066933452839,1071.8800048828125,7.577082252061423,5.0,True,True,,,,,,,,,,,,0.0,10.129241243696756,False,175.44910179640718,True,6.837669225208334,1368.452380952381,756.0283687943263,175.44910179640718,249.3827160493827,104.39105219552611,162.3913043478261,62.544169611307396,68.45238095238095,345.7155144608107,196.28709797590963,56.65403605465611,46.0,73.74685666387259,74.888221065748,20.574458683163943,21.65358563595312,46.0,True,True
NET,rainbow_convergence,352.3299865722656,301.00968163485095,352.3299865722656,10.952330775774028,10.0,True,True,,,,,,,,,,,,0.0,14.565977036668857,False,,False,35.837645905069444,,,,,,,,,35.86555953747297,33.536288816018796,33.604162227739785,30.6790333006264,8.801181702370432,4.108659461975206,9.337629686829985,9.703190999305122,30.6790333006264,True,False
NHC,rainbow_convergence,224.8699951171875,221.82795915878293,224.8699951171875,1.0713702870936506,1.0,True,True,,,,,,,,,,,,0.0,1.3527976272776003,True,-8.424908424908429,True,43.50433225379629,67.10526315789474,9.661835748792269,315.78947368421063,-8.424908424908429,11.894273127753308,43.670886075949355,-36.8,64.4736842105263,4.131014534235677,2.2671021302131944,4.5731843825557394,12.874459190565734,2.313110963886378,-1.038572491343004,0.7269757324341208,2.1026616283517985,2.2671021302131944,True,False
NRGV,rainbow_convergence,4.429999828338623,3.9114262615109827,4.429999828338623,11.241472992432026,12.0,True,True,,,,,,,,,,,,0.0,11.705950043391319,False,,False,46.83764662923611,,,,,,,,,-10.96504955659885,-72.16294214023736,-99.3114102593554,-86.85884455032758,-74.50330136536105,2691.576313594662,-78.26323422770123,-42.45174752217006,-99.3114102593554,True,False
NTAP,rainbow_convergence,196.3300018310547,186.7724694059392,196.3300018310547,4.595347050476263,8.0,True,True,,,,,,,,,,,,0.0,4.8680957245341965,True,6.338028169014098,True,68.83763102216435,63.478260869565226,23.170731707317003,15.972222222222232,6.338028169014098,-6.930693069306915,20.958083832335305,10.596026490066212,31.304347826086975,29.890955740859514,12.471131639722866,4.387568555758681,2.834740651387224,3.952772073921973,13.718622300058382,0.46920821114369016,9.364977549711352,2.834740651387224,True,False
NUAI,rainbow_convergence,6.989999771118164,5.607688136039166,6.989999771118164,15.807325892593443,13.0,True,True,,,,,,,,,,,,0.0,19.775560519909355,False,,False,49.83767338459491,,,,,,,,,,,,,-0.8371530720419407,,,,,False,False
NVDA,rainbow_convergence,225.50999450683594,217.66636371020502,225.50999450683594,3.0095911973528113,4.0,True,True,,,,,,,,,,,,0.0,3.478174354881266,True,66.66666666666667,True,54.83763046229166,127.77777777777777,214.47368421052633,97.75280898876404,66.66666666666667,2.9288702928870203,35.79545454545454,35.384615384615394,20.370370370370374,105.85114348672526,85.22763378875223,73.21451272533118,62.49358645459211,17.896220057587463,19.79831784754944,19.50847279233765,21.95622874013221,62.49358645459211,True,True
PANW,rainbow_convergence,393.29998779296875,353.2901435670809,393.29998779296875,5.882540866595653,6.0,True,True,,,,,,,,,,,,0.0,10.172856716931511,False,-227.77777777777771,True,56.837582222384256,-227.77777777777771,-159.45945945945948,60.52631578947367,-4.081632653061229,,-136.0655737704918,29.78723404255319,30.555555555555515,34.43721663709836,31.14897335080822,14.931324767390342,15.661524076671341,13.590939373750842,15.728604471858132,4.850444624090544,-2.464025231618372,14.931324767390342,True,False
PDEX,rainbow_convergence,71.94000244140625,65.40234688927394,71.94000244140625,7.7803473444060485,6.0,True,True,,,,,,,,,,,,0.0,9.08764988916577,True,8.196721311475418,True,35.83758108434028,160.60606060606065,22.44897959183674,8.196721311475418,86.66666666666664,-28.3333333333333,81.81818181818181,-52.85714285714285,324.24242424242414,16.645707099577002,14.557252785115416,11.135592211040324,24.220687805859086,2.2908416461977943,6.89063923270643,0.7177549919050286,5.9220304104264265,11.135592211040324,True,False
PFE,rainbow_convergence,28.18000030517578,27.22691320809633,28.18000030517578,2.197862125381266,1.0,True,True,,,,,,,,,,,,0.0,3.3821401233427175,True,-514.2857142857149,True,40.50424872908565,-107.84313725490196,-9.615384615384626,-514.2857142857149,-20.512820512820518,-108.51063829787235,,-146.77419354838705,21.568627450980383,-33.92063092541321,-5.812356979405031,46.79083549394147,76.77734913199228,-30.417881438289605,-18.398096748612215,8.109582635127243,7.647453645440061,-33.92063092541321,True,False
PLPC,rainbow_convergence,427.2799987792969,404.89330075688997,427.2799987792969,2.9565861354821887,2.0,True,True,,,,,,,,,,,,0.0,5.239350797220516,True,-65.5844155844156,True,34.83757120466436,75.390625,-8.154506437768239,-19.248826291079823,-65.5844155844156,109.81308411214954,24.418604651162813,224.52830188679238,-79.296875,25.40079362739607,18.67295898102208,3.585511946719966,21.16987473889762,20.65090368622289,1.8306384994425384,-2.795262989437741,5.0035082340316395,3.585511946719966,True,False
PLUS,rainbow_convergence,92.02999877929688,89.27431415339161,92.02999877929688,2.819193062477064,13.0,True,True,,,,,,,,,,,,0.0,2.9943330027786343,True,-27.95031055900622,True,46.837567542847225,-27.95031055900622,-18.94736842105256,46.15384615384617,12.820512820512842,50.649350649350545,-42.105263157894704,0.7575757575757569,-18.012422360248447,-11.969006112662894,-0.8352512112373311,-14.708669209793968,-4.694003060684504,-1.0406539716948715,-0.5412722675625425,-8.819987394390505,-1.9074010694399957,-14.708669209793968,True,False
PM,rainbow_convergence,190.83999633789062,188.65874631624143,190.83999633789062,0.6521567627087264,7.0,True,True,,,,,,,,,,,,0.0,1.1429732045200798,True,-9.302325581395344,False,27.50418371502315,-7.692307692307687,-9.302325581395344,,13.197969543147202,15.384615384615374,14.705882352941234,-39.01345291479823,14.358974358974352,10.374753451676533,9.085044618858195,6.758705955079325,9.423872464937944,10.309481569091261,-2.084539664157503,-4.453665283540797,6.952662721893499,6.758705955079325,True,False
PPIH,rainbow_convergence,30.84000015258789,28.180669249441806,30.84000015258789,7.23001583549609,14.0,True,True,,,,,,,,,,,,0.0,8.62299250969015,True,-63.934426229508205,True,,209.99999999999997,-63.934426229508205,165.21739130434767,148.38709677419354,40.90909090909092,-63.93442622950819,-20.779220779220797,670.0,,,,,11.893800408459976,7.586027111574567,14.258967703501968,,,False,False
PRLB,rainbow_convergence,89.12999725341797,81.95193707559683,89.12999725341797,5.329681073950296,4.0,True,True,,,,,,,,,,,,0.0,8.053472903642295,True,3.4482758620689724,False,36.504183037835645,105.55555555555559,120.00000000000001,,3.4482758620689724,12.12121212121211,32.00000000000001,-16.666666666666664,66.66666666666667,10.571362993565959,10.40450061408027,12.10924024640656,7.7591765576863425,7.180484584027091,2.082890697691453,0.8325576584962358,0.22433975255991,7.7591765576863425,True,False
QQQX,rainbow_convergence,30.530000686645508,29.777233400617696,30.530000686645508,1.84235614571738,4.0,True,True,,,,,,,,,,,,0.0,2.465664163437404,True,,False,,,,,,,,,,,,,,,,,,,False,False
QRVO,rainbow_convergence,119.58999633789062,103.28250676711774,119.58999633789062,11.74301363226678,14.0,True,True,,,,,,,,,,,,0.0,13.636165289860502,False,-3.0303030303029277,False,46.837484424733795,-3.0303030303029277,306.9767441860465,,,-81.7142857142857,36.71875,374.074074074074,-18.181818181818166,-7.038393327460046,8.364135992238486,1.1460962113082562,-7.657067841397769,-18.59915666205755,-6.1921411654005665,29.27838803680607,-5.8306516353565545,-7.657067841397769,True,False
RAL,rainbow_convergence,69.98999786376953,66.14508399749437,69.98999786376953,3.2634146716788983,5.0,True,True,,,,,,,,,,,,0.0,5.493519050763526,True,-1603.703703703704,True,32.83750861193287,21.42857142857144,-31.57894736842104,-1603.703703703704,-38.59649122807017,30.76923076923077,,-3580.0000000000005,-16.666666666666675,12.815418239618515,10.95890410958904,4.306940003761528,-0.8619074386359338,6.210250654695093,-3.606202668589975,4.819504819504816,5.126167295847406,-0.8619074386359338,True,False
RIOT,rainbow_convergence,24.690000534057617,21.526403422771963,24.690000534057617,9.404393663923226,5.0,True,True,,,,,,,,,,,,0.0,12.813272753565794,False,-373.9130434782608,False,35.837458297511574,-217.24137931034483,,-373.9130434782608,,,,-826.9230769230768,-55.172413793103445,13.888017360838756,3.6136739638260806,7.206189761360293,112.56929210011086,4.195695465228244,9.414320393113961,-15.201771080125837,17.805971710199486,3.6136739638260806,True,False
RNR,rainbow_convergence,328.79998779296875,324.44203530813695,328.79998779296875,1.028533183038535,1.0,True,True,,,,,,,,,,,,0.0,1.3254113888762715,True,-14.235190097259077,False,40.83745659799769,100.91743119266057,,-14.235190097259077,82.78427205100955,-59.344059405940605,-16.701030927835024,12.790697674418606,425.99388379204896,-13.659269525126149,-36.754831020882364,29.622774292456523,-19.517788500858757,26.136991119477916,-26.16683569894427,-7.047034846672262,-0.2624899465134223,-36.754831020882364,True,False
RUSHB,rainbow_convergence,54.81999969482422,51.8905374126985,54.81999969482422,4.578835074353648,6.0,True,True,,,,,,,,,,,,0.0,5.343783835158069,True,-14.432989690721653,False,34.83745690561343,1.1111111111111072,5.47945205479452,,-14.432989690721653,18.181818181818187,-4.938271604938271,-2.409638554216853,-7.777777777777784,-1.7822868409209325,-9.580325086605136,-12.52115958429525,-1.0815139313471334,13.375396065601786,-5.1882081143810765,-6.066817681616554,-2.7276046850672864,-12.52115958429525,True,False
RYAM,rainbow_convergence,9.140000343322754,8.493599700060457,9.140000343322754,1.5983224170014292,9.0,True,True,,,,,,,,,,,,0.0,7.0722168378749135,True,,False,40.83745792256945,,,,,,,,,10.614383851691533,-9.506670750799806,-0.37301421998371387,-12.033318125269565,17.888831429332576,-24.1996255891744,19.298146169477693,3.7609396320519517,-12.033318125269565,True,False
S,rainbow_convergence,24.100000381469727,21.026628413783136,24.100000381469727,9.530285099265694,6.0,True,True,,,,,,,,,,,,0.0,12.752580576926789,False,,False,70.83742570722222,,,,,,,,,20.5621368964791,20.79561976867559,20.234035854754097,22.912631498993584,5.538988711653792,2.029850305915848,4.727456713258893,6.9079993228261305,20.234035854754097,True,False
SCL,rainbow_convergence,64.87000274658203,61.610674752917525,64.87000274658203,2.011988807696394,1.0,True,True,,,,,,,,,,,,0.0,5.024399345869056,True,-310.4651162790698,True,34.50409299769676,100.0,-310.4651162790698,57.142857142856826,-54.36893203883495,,-922.7272727272738,-53.19148936170217,-6.000000000000005,15.036430806690548,1.8969920186092004,5.379854606751411,7.944159373274173,13.167711316125974,9.13960634498796,-6.166184412926656,-0.7407233024320226,1.8969920186092004,True,False
SCSC,rainbow_convergence,58.48500061035156,55.79673617919933,58.48500061035156,3.2111225112576,1.0,True,True,,,,,,,,,,,,0.0,4.596502356326255,True,5.405405405405417,True,42.5040632690625,40.22988505747127,5.405405405405417,7.14285714285714,28.98550724637683,56.41025641025643,4.0000000000000036,-15.73033707865169,2.298850574712641,17.25014331652901,8.788148349925585,2.543822918352845,-4.632662007787724,24.298699774384126,0.03626818627757711,3.6317177043196036,-9.009381389272297,-4.632662007787724,True,False
SILC,rainbow_convergence,48.58000183105469,43.389767223189025,48.58000183105469,6.709056522605334,4.0,True,True,,,,,,,,,,,,0.0,10.683891338488614,False,,False,35.504061223831016,,,,,,,,,,,,,,,,,,False,False
SLAB,rainbow_convergence,221.25,219.21051015990568,221.25,0.6313593749980799,14.0,True,True,,,,,,,,,,,,0.0,0.9218033175567544,True,,False,40.83739391175926,,,,,,,,,18.327672483082267,20.136849094612685,25.237445037263374,23.801195949397513,6.880093676814991,2.5426740823991656,1.0713644240991416,6.8210220643522,18.327672483082267,True,False
SNDK,rainbow_convergence,1816.5699462890625,1605.88660894445,1816.5699462890625,9.412225423247301,14.0,True,True,,,,,,,,,,,,0.0,11.597865404247274,False,-48.630136986301366,False,43.83740048672453,,,615.2777777777778,-48.630136986301366,94.65914025184543,347.18446601941747,586.6666666666667,,371.59389794844816,251.03244837758112,61.24733475479744,22.570366436537448,50.67226890756302,96.69421487603307,31.065857885615245,21.409784324039972,22.570366436537448,True,False
SNX,rainbow_convergence,287.8900146484375,259.6027123975423,287.8900146484375,5.435874265571174,13.0,True,True,,,,,,,,,,,,0.0,9.825732332341849,True,31.73076923076923,True,0.5040584688425925,87.78280542986427,104.04040404040403,32.45614035087716,31.73076923076923,2.722772277227725,33.77483443708611,10.218978102189746,23.98190045248869,30.967485965604236,18.094852862089784,9.685196114275918,6.579713650495833,14.064373594430869,-1.2540436408245759,11.042261785949513,4.714265690238695,6.579713650495833,True,False
SPNT,rainbow_convergence,25.420000076293945,24.24157229198469,25.420000076293945,2.9139510248672824,7.0,True,True,,,,,,,,,,,,0.0,4.635829192653028,True,15.999999999999993,False,35.83739600707176,15.999999999999993,67.3469387755102,,2333.333333333333,-29.268292682926834,-57.29166666666667,163.01369863013701,46.0,-0.5479818230419653,6.503506118520552,58.893603133159274,34.45393098541445,-3.937516137361219,-20.44777652254288,28.813335097235093,1.0291365944934405,-0.5479818230419653,True,False
STK,rainbow_convergence,53.70000076293945,51.75050046587352,53.70000076293945,2.45810036260301,4.0,True,True,,,,,,,,,,,,0.0,3.630354319122022,True,,False,,,,,,,,,,,,,,,,,,,False,False
TECH,rainbow_convergence,72.5199966430664,71.33401417116002,72.5199966430664,1.5103351456307443,0.0,False,False,,,,,,,,,,,,0.0,1.635386826813617,False,9.090909090909083,False,46.50403882166667,,128.57142857142856,9.090909090909083,14.28571428571428,12.499999999999956,33.33333333333335,0.0,,1.3335857271307594,-1.5073644526394703,-0.38851163683252254,-1.0029088848814038,3.1395404845623975,5.251506538189865,3.253127671825662,-9.594119224520059,-1.5073644526394703,True,False
TENB,rainbow_convergence,36.22999954223633,34.91260293295669,36.22999954223633,2.7781899965128964,5.0,True,True,,,,,,,,,,,,0.0,3.6362037701486627,True,-200.0,False,34.837349183854165,,,-200.0,,200.0,,-150.00000000000006,,8.578014112699407,9.584882305958509,10.521314549210746,11.163954061861482,2.461287195964257,0.5853385175774273,3.2059103153224466,2.080511130431262,8.578014112699407,True,False
TEO,rainbow_convergence,13.979999542236328,13.496204717249928,13.979999542236328,2.914125590837351,7.0,True,True,,,,,,,,,,,,0.0,3.4606211790262313,True,,False,46.504014433113426,,,,,,,,,,,,,,,,,,False,False
TGB,rainbow_convergence,9.0600004196167,8.315386875348072,9.0600004196167,3.6771496496680904,2.0,True,True,,,,,,,,,,,,0.0,8.218692160945066,True,,False,48.83733847811343,,,,,,,,,,,,,,,,,,False,False
THM,rainbow_convergence,2.809999942779541,2.492086191055954,2.809999942779541,7.821093229801239,3.0,True,True,,,,,,,,,,,,0.0,11.313656875349224,False,,False,43.837348448252314,,,,,-200.0,,,,,,,,,,,,,False,False
TSM,rainbow_convergence,446.57000732421875,424.3646683800692,446.57000732421875,3.9052983126753267,13.0,True,True,,,,,,,,,,,,0.0,4.972420579071277,True,,False,21.504015137604167,,,,,,,,,,,,,,,,,,False,False
TTE,rainbow_convergence,91.66999816894531,88.85378246336298,91.66999816894531,2.2381360937929884,1.0,True,True,,,,,,,,,,,,0.0,3.0721236629590942,True,,False,35.83732631325231,,,,,,,,,,,,,,,,,,False,False
TWIN,rainbow_convergence,25.850000381469727,23.756734274694193,25.850000381469727,5.524452118687777,11.0,True,True,,,,,,,,,,,,0.0,8.097741105938503,True,20.000000000000128,False,41.503999749340274,20.000000000000128,,2114.285714285714,,-47.8260869565217,-85.16129032258064,,-140.0,18.33095430190943,19.01971886462668,0.2880306046418424,9.738398013635674,18.311374025275605,7.223331115546694,12.730636531826601,-17.255218353710255,0.2880306046418424,True,False
UMC,rainbow_convergence,24.68000030517578,21.528819338477692,24.68000030517578,12.719849118783836,13.0,True,True,,,,,,,,,,,,0.0,12.768156109127911,False,,False,34.504000033171295,,,,,,,,,,,,,,,,,,False,False
UTMD,rainbow_convergence,75.01000213623047,71.23906148485356,75.01000213623047,3.8050852867436786,6.0,True,True,,,,,,,,,,,,0.0,5.027250425254297,True,-19.60784313725491,True,28.503998568738425,-10.638297872340418,-10.869565217391308,-8.045977011494232,-19.60784313725491,2.4390243902439046,2.499999999999969,-2.43902439024386,-12.765957446808507,-14.307244047020994,-10.175077239958807,-1.2338938632889263,-1.9290354822588673,-2.212795230451736,-3.571033720287453,-7.816958825927434,-1.4166582939817096,-14.307244047020994,True,False
VBNK,rainbow_convergence,23.059999465942383,21.062119064549776,23.059999465942383,7.841789672997264,12.0,True,True,,,,,,,,,,,,0.0,8.663835419178142,True,,False,76.50399124130787,,,,,,,,,,,,,,,,,,False,False
VGZ,rainbow_convergence,2.740000009536743,2.252107022621064,2.740000009536743,12.858893345024313,4.0,True,True,,,,,,,,,,,,0.0,17.806313329107173,False,,False,35.837301227210645,,,,,,,,,,,,,,,,,,False,False
VLGEA,rainbow_convergence,44.65999984741211,43.520229754642486,44.65999984741211,1.9446307394406652,7.0,True,True,,,,,,,,,,,,0.0,2.5521050082038217,True,,False,12.503992670775462,,,,,,,,,1.5821341957780177,6.88867357846481,4.464072785042772,3.707130467265163,-10.667140955973785,10.018314672507223,-2.8482189459922314,6.387436598429219,1.5821341957780177,True,False
VNCE,rainbow_convergence,11.109999656677246,7.184046979666478,11.109999656677246,23.407343849204654,6.0,True,True,,,,,,,,,,,,0.0,35.33710889586952,False,-38.235294117647065,False,75.50393379327546,-13.978494623655912,,,-38.235294117647065,,,-233.33333333333334,-77.41935483870968,11.66969320462583,10.532856920925893,4.699186991869908,6.192460267957389,27.723900991645188,-23.501021419952927,-1.6669407701524808,16.22724976447618,4.699186991869908,True,False
VTRS,rainbow_convergence,17.1200008392334,16.675336740236915,17.1200008392334,1.9987587421993545,7.0,True,True,,,,,,,,,,,,0.0,2.5973368995254944,True,-237.5,False,42.50392479703704,,,,-237.5,-166.66666666666669,,,,4.9565704679181755,8.217192895905278,4.986630255447455,0.2541466024612138,6.729919936176887,-4.904218711897467,-1.5156771180787176,5.001400952647805,0.2541466024612138,True,False
WBD,rainbow_convergence,30.760000228881836,28.06285836649867,30.760000228881836,4.844138515273939,2.0,True,True,,,,,,,,,,,,0.0,8.768341489967572,True,-220.00000000000003,False,42.503936429421294,-90.47619047619048,,,-220.00000000000003,,,,-109.52380952380953,-11.159804321239298,-0.9577903998218118,-5.654732222997905,-6.006442897225394,-1.9790846733385825,-5.993657505285411,4.588170259812041,-7.816958825927434,-11.159804321239298,True,False
WCC,rainbow_convergence,365.8500061035156,345.90578686223176,365.8500061035156,1.8147562232580974,6.0,True,True,,,,,,,,,,,,0.0,5.4514743497477856,True,-0.5249343832021025,True,35.503928938668984,10.44386422976502,48.09523809523808,10.6312292358804,-0.5249343832021025,36.01286173633442,-6.606606606606613,-12.137203166226907,-1.0443864229765065,12.975455963116133,13.7807137376724,10.342382311762455,12.928553211644257,9.621552277100708,0.19115102578890486,-2.106757432530526,5.076615363753478,10.342382311762455,True,False
WST,rainbow_convergence,375.8699951171875,350.1298654711168,375.8699951171875,4.189351466583139,7.0,True,True,,,,,,,,,,,,0.0,6.848146960505734,True,2.2471910112359605,True,28.50391921255787,18.13186813186811,56.09756097560976,2.2471910112359605,3.7837837837837673,11.979166666666675,5.494505494505475,-5.208333333333314,5.494505494505497,13.803000652315722,21.0458452722063,7.505341880341887,7.725264426295353,3.2429873357793904,4.956521739130437,0.0497141436738735,4.9706457925636105,7.505341880341887,True,False
XMTR,rainbow_convergence,105.01000213623047,91.1573722687291,105.01000213623047,7.011438431651157,4.0,True,True,,,,,,,,,,,,0.0,13.191724203119449,False,,False,40.50389977177083,,,,,,,,,41.054587288599606,35.87907611395566,29.52082183296756,27.535321599457994,11.768663046339544,6.621690454162721,6.464875632902634,11.177074938325537,27.535321599457994,True,False
ABBV,vcp,266.9700012207031,246.77000427246094,265.0799865722656,,,,False,2.0,10%->8%,9.821663795030315,7.566392049997754,0.6741745065486073,38.0,,,,,,-0.7079501965747199,6.907342397504254,False,-88.63636363636364,False,35.504998743136575,290.38461538461536,-45.83333333333333,,-88.63636363636364,420.51282051282044,-61.764705882352935,919.9999999999998,-80.76923076923077,7.313606409096773,17.741243745532522,19.210829493087566,21.352095442031207,0.8377853326857698,-0.5073689296931638,4.335770103352665,2.51970538829307,7.313606409096773,True,False
AEM,vcp,208.63999938964844,192.6999969482422,195.57000732421875,,,,False,3.0,16%->14%->8%,16.300217963308075,7.639955180232379,0.665861284820921,57.0,,,,,,-6.264375049685773,1.4675104916361834,False,,False,34.83832976636574,,,,,,,,,,,,,,,,,,False,False
ALM,vcp,15.229999542236328,13.399999618530273,13.619999885559082,,,,False,2.0,32%->12%,31.87660935599087,12.015758231843932,0.7848057407110793,10.0,,,,,,-10.571239035249757,1.615273633460665,False,,False,43.83833220694444,,,,,,,,,,,,,,,,,,False,False
AMAT,vcp,474.0400085449219,411.510009765625,474.3800048828125,,,,True,2.0,21%->13%,20.9748516895046,13.190869473493247,0.7910911492216578,26.0,,,,,,0.07172313133109853,13.25308707577556,False,12.918660287081352,True,49.8383297896412,42.79279279279278,33.460076045627375,75.17241379310346,12.918660287081352,-9.686609686609682,38.188976377952756,7.627118644067776,6.3063063063063085,24.82881402355519,11.40845070422536,-2.149037119732067,-3.477643718949608,15.233881163084707,12.806617227609806,3.117647058823536,-6.874828814023559,-3.477643718949608,True,False
ANDE,vcp,72.69000244140625,66.23500061035156,67.38999938964844,,,,False,3.0,18%->11%->9%,17.517775700530823,8.880178310982885,0.815531164665023,34.0,,,,,,-7.291240712269921,1.7139023442019656,False,-78.0952380952381,True,40.83828161363426,16400.0,-25.954198473282418,-26.250000000000007,-78.0952380952381,70.10309278350515,64.40677966101696,156.52173913043475,2200.0,3.604358447284528,1.7215562847384902,-3.4684260682986134,23.992535137341807,46.52457393246119,14.999348920874201,10.941227062293812,-44.57838055232818,-3.4684260682986134,True,False
AROW,vcp,39.970001220703125,36.900001525878906,36.970001220703125,,,,False,3.0,12%->9%->8%,12.154575303603046,7.680759572341622,0.8316588226687476,47.0,,,,,,-7.505628992690899,0.18934187858511364,False,1.538461538461533,True,35.50495372943287,1.538461538461533,115.78947368421053,214.81481481481475,45.28301886792452,-19.512195121951216,-3.52941176470587,10.389610389610372,18.461538461538463,,,,,,,,,,False,False
ASM,vcp,6.460000038146973,5.949999809265137,6.039999961853027,,,,False,2.0,26%->8%,25.63775752247095,7.894740338548475,0.6989871419242327,12.0,,,,,,-6.5015491302446,1.4900687608660057,False,,False,42.5049451096875,,,,,,,,,,,,,,,,,,False,False
ASTI,vcp,3.1500000953674316,2.7149999141693115,2.9100000858306885,,,,False,2.0,17%->14%,17.487680299467836,13.809529143756407,0.572983975187387,12.0,,,,,,-7.619047691131843,6.701036629203817,False,-100.33497536945812,False,,,,-100.33497536945812,,,,,,461.3053475620541,232.46287762416796,,233.906432748538,83.28007084552596,232.1439989769167,-45.22049809100144,68.32144331112553,232.46287762416796,False,False
ATEN,vcp,27.219999313354492,24.09000015258789,26.75,,,,False,2.0,15%->11%,14.75467016719612,11.498895076132431,0.7246130897920028,30.0,,,,,,-1.726669086005099,9.94392466322284,False,-45.83333333333337,True,40.83827836386574,-14.285714285714302,30.76923076923077,-45.83333333333337,0.0,-29.41176470588236,30.76923076923088,-23.529411764705955,21.42857142857142,15.499473934537278,13.400970712309302,8.289310549296536,11.931775602883654,6.8493333333333295,-6.664177711405639,7.596207921587528,7.6373174985227,8.289310549296536,True,False
AVBH,vcp,34.04999923706055,31.09000015258789,31.1200008392334,,,,False,2.0,12%->9%,11.702750041796492,8.693095890736313,0.4845013913156021,56.0,,,,,,-8.604988145309832,0.09640323212229979,False,-995.6521739130435,True,28.838263762881947,-5.333333333333334,18.309859154929576,-46.753246753246735,-995.6521739130435,-15.476190476190476,104.87804878048772,,-649.3333333333334,,,,,13.213386942813333,,,,,False,False
AVTR,vcp,16.049999237060547,14.720000267028809,14.760000228881836,,,,False,2.0,11%->8%,10.533515553404099,8.286598338027828,0.6950878324004363,38.0,,,,,,-8.037377380056286,0.27100244737636836,False,-1400.0,True,34.50491372813657,-33.333333333333336,-89.04109589041094,-1400.0,-35.71428571428572,-25.000000000000068,,-1255.5555555555557,0.0,0.1635940351097931,-1.4183979753987441,-6.059039742706185,-1.5284477247631822,-4.961194029850747,2.4026410711010637,-3.4643531633616664,6.612974265399862,-6.059039742706185,True,False
B,vcp,45.810001373291016,41.880001068115234,42.4900016784668,,,,False,2.0,13%->9%,12.566737142781085,8.578913310112062,0.6434416582434472,20.0,,,,,,-7.247325027935725,1.4356332931394078,False,,False,46.50490605292824,,,,,,,,,,,,,,,,,,False,False
BALL,vcp,67.33545870591831,58.6349983215332,58.81999969482422,,,,False,2.0,20%->13%,20.20994007983195,12.921067965666655,0.650915756294688,108.0,,,,,,-12.64632212321388,0.31452120749890883,False,9.210526315789469,True,40.50490531469907,9.210526315789469,22.222222222222232,217.3913043478255,81.53846153846152,7.792207792207795,5.47945205479452,-38.13559322033898,55.263157894736835,,,,,11.34649910233394,-2.4518388791593737,15.446825717751711,,,False,False
BBGI,vcp,17.889999389648438,16.139999389648438,16.600000381469727,,,,False,3.0,25%->12%->10%,24.525477966122363,9.78200145167467,0.13845670281313846,14.0,,,,,,-7.210726954664592,2.771090248496498,False,,False,46.83823629194444,,,,,2496.045197740113,,,,-16.74350450703401,-12.928667569708463,-21.15625014676269,-12.395696203802032,3.6088580700976536,-19.72024530255707,4.067240381092296,-3.8163698666205947,-21.15625014676269,True,False
BCX,vcp,13.27641773223877,12.140000343322754,12.289999961853027,,,,False,3.0,18%->14%->9%,18.008681681433373,8.559668819070703,0.5605371853150888,141.0,,,,,,-7.429848851399504,1.2205013750680047,False,,False,,,,,,,,,,,,,,,,,,,False,False
BELFA,vcp,210.4199981689453,188.00999450683594,204.16000366210938,,,,False,2.0,23%->11%,22.964141393069664,10.650130147856233,0.5561651629683817,25.0,,,,,,-2.974999791516876,7.910466724913546,False,,False,34.83823853158565,,,,,,,,,25.18493871027161,17.244708942576747,17.402358216723712,44.76131933547938,18.03676375839678,1.4510793575009284,-1.6996312437143835,6.3464429378665255,17.244708942576747,True,False
BLZE,vcp,14.1899995803833,12.149999618530273,14.0600004196167,,,,False,2.0,35%->14%,34.59787553976422,14.37632150936204,0.6362720999536738,24.0,,,,,,-0.9161322382723427,13.584642561045499,False,,False,42.83819846350694,,,,,,,,,17.673150035814643,11.709473319273101,11.768188006866742,14.032342201356297,10.466559768271866,2.393940998887767,1.6145524998654626,2.380296435065299,11.709473319273101,True,False
BMA,vcp,80.7699966430664,72.0,72.0,,,,False,2.0,26%->11%,25.752684415918132,10.857988123761121,0.6211075113008901,36.0,,,,,,-10.857988123761121,0.0,False,,False,62.83817796116899,,,,,,,,,,,,,,,,,,False,False
BOW,vcp,33.20000076293945,30.049999237060547,33.84000015258789,,,,True,3.0,17%->13%->9%,17.278206565235365,9.487956185215497,0.6628332462101412,87.0,,,,,,1.9277089606662208,11.19976624833882,False,2.220446049250313e-14,True,40.5048445662963,33.33333333333333,41.17647058823528,2.220446049250313e-14,25.0,0.0,9.090909090909038,-2.222222222222192,25.0,22.957610139348517,26.873431337396923,27.109084966772535,23.270612618939545,5.24297660796178,2.647714236738352,5.3817080287913655,8.005973150837065,22.957610139348517,True,False
BPOP,vcp,178.26144933737996,158.00999450683594,158.8800048828125,,,,False,2.0,16%->11%,16.154306766705513,11.360535273229969,0.8498701625541942,153.0,,,,,,-10.872482259406453,0.5475895954423396,False,39.84063745019923,True,28.504843909699073,40.77669902912622,47.65625,39.84063745019923,45.370370370370374,15.07936507936507,7.692307692307643,11.783439490445913,1.6181229773462924,,,,,3.1305828553258586,2.6266043927379634,,,,False,False
BRUN,vcp,17.954999923706055,16.059999465942383,16.510000228881836,,,,False,2.0,30%->11%,30.407852564812675,10.554165780093909,0.6428433440657266,10.0,,,,,,-8.047895856108472,2.7256254191459215,False,,False,53.504846640208335,,,,,,,,,,,,,269.6782619019352,,,,,False,False
BSTZ,vcp,30.195972882416992,27.700000762939453,29.600000381469727,,,,False,2.0,11%->8%,10.912766821597518,8.26591058747087,0.8234379076126339,42.0,,,,,,-1.9736820643864676,6.418917547446103,False,,False,,,,,,,,,,,,,,,,,,,False,False
BURU,vcp,1.100000023841858,0.9900000095367432,1.059999942779541,,,,False,2.0,55%->10%,54.871796219855185,10.00000108372079,0.2634985505868935,7.0,,,,,,-3.6363709268489552,6.603767643538114,False,,False,,,,,,,,,,,,-100.0,,28.77093738654315,,,,-100.0,False,False
BWMX,vcp,17.475358920304394,15.152000427246094,16.510000228881836,,,,False,2.0,18%->13%,18.20349711504087,13.295054503051269,0.7540751471253961,50.0,,,,,,-5.5241136724289,8.225316673588653,False,,False,28.838177922777778,,,,,,,,,,,,,,,,,,False,False
CCSI,vcp,38.56999969482422,34.36000061035156,35.79999923706055,,,,False,2.0,19%->11%,18.74085014876668,10.915216794874913,0.7552700092382632,17.0,,,,,,-7.181748715791106,4.022342618427439,False,5.504587155963292,True,41.83817818784723,33.644859813084096,21.495327102803728,15.217391304347782,5.504587155963292,9.999999999999986,22.641509433962305,-7.826086956521761,7.47663551401867,4.445326228671842,1.7570699517062582,0.6147400233532441,0.12894177261004724,3.3637016425814625,1.4074251060973264,-0.7173033910941373,0.36392494756534166,0.12894177261004724,True,False
CEVA,vcp,29.309999465942383,26.8799991607666,33.619998931884766,,,,True,3.0,22%->12%->8%,21.936051532970822,8.290686965038644,0.4389853197761867,25.0,,,,,,14.70487732676527,20.047590675935556,False,-600.0,False,46.50484457315972,,-55.555555555555515,,-600.0,-362.4999999999998,,,,35.58585905758185,54.47582028123927,6.795874230577281,17.83718104495746,7.434132622853751,5.241841264896019,5.910497009692728,13.225610610376881,6.795874230577281,True,False
CLBK,vcp,12.0,11.15999984741211,11.180000305175781,,,,False,2.0,10%->7%,10.483926627769796,7.000001271565755,0.2997569204588821,45.0,,,,,,-6.833330790201823,0.17889496616930023,False,,False,26.838160131620374,,,,,16.666666666666675,,,,,,,,,,,,,False,False
CLDT,vcp,13.890000343322754,12.529999732971191,13.079999923706055,,,,False,2.0,12%->10%,12.17579625449225,9.791220854831343,0.6514018421736494,39.0,,,,,,-5.831536354180764,4.20489444910507,False,-40.0,False,41.50482807086806,85.7142857142857,,,-40.0,,-360.0,66.66666666666667,-57.14285714285715,3.91820470959352,0.5026458076342166,2.37108764619538,1.2260774395835172,-13.841953726326894,0.8071323673955577,26.351854828105136,-5.305902210907886,0.5026458076342166,True,False
CLS,vcp,353.9599914550781,328.9200134277344,361.8399963378906,,,,True,2.0,11%->7%,11.3314447592068,7.074239640589896,0.836119995141897,7.0,,,,,,2.22624168636092,9.097939211621913,True,74.17582417582416,True,32.838161177060186,74.17582417582416,147.29729729729732,77.51937984496129,208.0,73.22404371584699,-20.087336244541486,-0.8658008658008698,26.923076923076916,62.39026750535701,52.79770444763272,43.57151274698512,27.78555711142228,16.100815418828752,10.72806369531314,14.43018159048215,10.38916154005669,27.78555711142228,True,False
CNQ,vcp,51.84456626668263,47.494998931884766,47.63999938964844,,,,False,2.0,19%->8%,18.696740425365828,8.38963009628468,0.8499778412194544,76.0,,,,,,-8.109947058687634,0.30436704370566936,False,,False,42.50478937716435,,,,,,,,,,,,,,,,,,False,False
COHR,vcp,332.8599853515625,298.47918701171875,300.6000061035156,,,,False,2.0,15%->10%,15.09210808071679,10.328907003805575,0.8020440165859599,8.0,,,,,,-9.691756494543583,0.7055286256602877,False,72.72727272727273,False,41.838126233217594,,,72.72727272727273,,23.711340206185593,27.631578947368407,-36.1344537815126,,33.744269129273796,20.546519445162126,17.492864187806912,17.30116049208721,13.28569743376451,7.119716141570898,6.5924149697289325,3.3961538763308763,17.30116049208721,True,False
CON,vcp,35.83495432698202,33.31999969482422,34.790000915527344,,,,False,2.0,8%->7%,8.323188023870019,7.018160562476735,0.7649576744928924,38.0,,,,,,-2.91601714326137,4.225355510258235,False,2.7027027027026973,True,42.83812913994213,45.71428571428573,30.000000000000004,124.99999999999983,2.7027027027026973,30.76923076923077,44.44444444444444,-28.947368421052634,8.571428571428585,10.030229581415618,13.739935137553116,15.920961807668576,16.98438438193115,6.404122516701638,5.653149810788749,-5.886871508379887,3.997022431620323,10.030229581415618,True,False
CPAY,vcp,427.4599914550781,391.05499267578125,395.1600036621094,,,,False,2.0,12%->9%,11.831234755976244,8.51658623193574,0.35253746543281544,66.0,,,,,,-7.556259869612421,1.0388224891905327,False,-7.0351758793969825,True,41.838119933622686,-7.0351758793969825,49.117647058823536,9.037900874635518,0.2564102564102555,-27.02169625246549,35.56149732620322,-4.347826086956519,-1.7587939698492372,,,,,12.502473901539691,,,,,False,False
CPIX,vcp,6.900000095367432,6.239999771118164,7.940000057220459,,,,True,2.0,31%->10%,31.441044602390683,9.565221958364653,0.27655579399141633,16.0,,,,,,15.072463006939223,21.41058279409397,False,-375.0,False,40.83812118332176,,-375.0,,,,,,,-18.787983755826943,-22.041542535230985,31.077193778317213,-8.732986962330113,-3.614768822503922,-33.24402384416416,64.95482228103404,-23.48358175323646,-22.041542535230985,True,False
CRSR,vcp,13.630000114440918,12.670000076293945,13.520000457763672,,,,False,2.0,23%->7%,23.11111126303056,7.043287087942556,0.7349922836762416,27.0,,,,,,-0.8070407612154162,6.286984857175989,False,2199.9999999999723,False,40.83812262719907,,,2199.9999999999723,,-45.45454545454546,-52.17391304347826,,,-1.8046808616984045,-4.121162947937796,5.616708935431536,13.663424271611667,-11.333043733357407,-18.849046022135497,26.3452133397732,8.013132903483777,-4.121162947937796,True,False
CURR,vcp,3.3499999046325684,2.930000066757202,3.0899999141693115,,,,False,3.0,42%->20%->13%,41.73228183854894,12.537308950205247,0.053444500072675594,12.0,,,,,,-7.761193966116663,5.177988733217241,False,,False,42.50478968396991,,,,,,,,,,,,,-10.69429282230564,-14.075012879534176,2.885994139541892,,,False,False
CVU,vcp,5.349999904632568,4.940000057220459,5.099999904632568,,,,False,2.0,17%->8%,16.55518804009483,7.663548686367083,0.5504088914148589,26.0,,,,,,-4.672897279559292,3.137251968706392,False,-50.0,False,,,,-50.0,50.0,-44.44444444444444,124.99999999999996,-55.55555555555555,,15.827175088285816,12.722432776679993,-10.815211369165457,-0.776405455461382,1.2764560246175893,-10.577106238370737,0.7483690729334525,26.944890305807156,-10.815211369165457,True,False
DGXX,vcp,3.9049999713897705,3.559999942779541,4.21999979019165,,,,True,3.0,22%->12%->9%,21.779861145465595,8.83482794207155,0.5547126436781609,17.0,,,,,,8.066576724961486,15.639807588287477,False,,False,49.5047275509375,,,,,,,,,,,,,-2.3962701944504117,-16.27458515128798,-12.55996413336069,,,False,False
DRH,vcp,12.970000267028809,11.850000381469727,12.239999771118164,,,,False,2.0,13%->9%,13.052938330051953,8.635311198923002,0.767098774088747,35.0,,,,,,-5.628376876493885,3.186269582853185,False,-9.090909090909083,False,40.83803883695602,144.44444444444446,75.00000000000003,,-9.090909090909083,528.5714285714286,-41.666666666666664,19.999999999999996,-44.44444444444444,4.110297003794328,1.2983955456675078,-1.6187005242769281,0.08943320391823217,23.289252484873835,-5.9635600690624795,-3.801894990609145,-6.651838283396572,-1.6187005242769281,True,False
EGBN,vcp,29.1299991607666,26.520000457763672,28.059999465942383,,,,False,2.0,14%->9%,14.387457392229871,8.959831027108905,0.5534274967375451,47.0,,,,,,-3.673188210267219,5.48823605662528,False,-408.33333333333337,False,27.83803934232639,,700.0,-117.64705882352939,-408.33333333333337,-52.08333333333333,,,,,,,,,,,,,False,False
ESTA,vcp,76.41999816894531,67.08999633789062,67.76000213623047,,,,False,3.0,24%->17%->12%,24.346752124644564,12.208848540441483,0.3809329200265495,35.0,,,,,,-11.332107092661504,0.98879246932845,False,,False,41.50470309422454,,,,,,,,,31.6608187134503,44.710829687990916,45.16107292087883,33.69627364705296,12.801242547221815,-7.335530897441844,20.14614555055594,4.838206627680308,31.6608187134503,True,False
EXEL,vcp,59.720001220703125,54.54999923706055,56.72999954223633,,,,False,2.0,12%->9%,12.256364264666706,8.657069454061388,0.6340373032972816,33.0,,,,,,-5.0067006318651135,3.842764538633107,False,26.15384615384615,True,33.83803764474537,26.15384615384615,43.636363636363626,89.36170212765953,72.49999999999999,3.797468354430378,-11.235955056179737,28.985507246376784,6.153846153846132,10.63402204268813,9.96764767835636,5.62994592019479,10.789336140652628,2.926923505104684,2.0293554136467495,0.15190169885654914,5.190220690844516,5.62994592019479,True,False
FCEL,vcp,18.8700008392334,17.1200008392334,17.18000030517578,,,,False,3.0,30%->20%->9%,30.292339630339686,9.27397944975976,0.5846011478310583,18.0,,,,,,-8.956017270247637,0.34924019136546175,False,,False,84.50470325284722,,,,,,,,,-29.399054403867964,-4.85750949045608,60.714849713112606,11.535498520050268,-7.271909859788139,16.566768202810266,-44.50523484077359,17.698906788182178,-29.399054403867964,True,False
FIRY,vcp,10.399999618530273,9.5,13.100000381469727,,,,True,2.0,15%->9%,15.284244730793638,8.653842803289075,0.6845867134400351,21.0,,,,,,25.9615467497586,27.480918142277428,False,,False,49.83798318825231,,,,,,,,,22.91584040612358,32.91775129013106,68.87625907377188,11.439504966617807,6.483422092423985,-3.018893072540063,9.633228611090816,8.566669310700403,11.439504966617807,True,False
FIX,vcp,1695.5699462890625,1545.2099609375,1625.9000244140625,,,,False,2.0,20%->9%,20.065295986655666,8.867813780295029,0.8340248504778089,25.0,,,,,,-4.1089382379936685,4.962793669041328,False,91.88361408882082,True,28.837983373321755,91.88361408882082,121.26315789473682,129.1666666666666,101.71149144254281,19.219790675547088,12.406417112299483,13.333333333333307,26.339969372128635,-4.337759647837336,-2.865961444390097,1.0158179590843641,14.326574422345306,-4.177629367017621,-2.1198741350989203,-3.9502708926275276,6.18984161535483,-4.337759647837336,True,False
FMAO,vcp,35.709999084472656,32.65999984741211,34.58000183105469,,,,False,2.0,13%->9%,12.548688074188115,8.541023005477312,0.654179780455976,38.0,,,,,,-3.1643721153420907,5.552347836830691,False,18.032786885245965,True,32.83798278921296,53.571428571428555,37.254901960784295,18.032786885245965,33.33333333333335,22.857142857142865,-2.7777777777778123,12.500000000000021,14.28571428571428,,,,,,,,,,False,False
FMX,vcp,125.0,115.5,119.72000122070312,,,,False,2.0,18%->8%,18.4703503621576,7.6,0.566756384384732,39.0,,,,,,-4.2239990234375,3.5248923969885175,False,,False,34.50464147267361,,,,,,,,,,,,,,,,,,False,False
FNRN,vcp,18.0,16.530000686645508,17.079999923706055,,,,False,2.0,17%->8%,17.246751661424515,8.166662851969402,0.7842652302556711,38.0,,,,,,-5.111111534966363,3.2201360627477498,False,-12.121212121212132,True,34.837992158587966,-12.121212121212132,63.636363636363626,-8.108108108108091,11.764705882352944,-19.444444444444443,5.882352941176472,-10.526315789473696,15.151515151515138,,,,,,,,,,False,False
FROG,vcp,96.80999755859375,88.5199966430664,92.33000183105469,,,,False,3.0,17%->14%->9%,16.79273995603143,8.563166123942793,0.6721012432116129,16.0,,,,,,-4.627616816979639,4.126508298959881,False,,False,42.83797108952546,,,,,,,,,28.731331551642825,25.79100868414388,25.17962059994141,25.538255575117375,6.361339680601641,5.967406714106782,6.1348214481363295,7.614368809935534,25.17962059994141,True,False
FRST,vcp,16.8799991607666,15.470000267028809,15.489999771118164,,,,False,2.0,18%->8%,17.650563466325877,8.353074430329285,0.6030872558979569,60.0,,,,,,-8.234593949975713,0.12911235884357783,False,-67.3913043478261,False,28.837972665231483,280.0,-67.3913043478261,,460.00000000000006,26.666666666666682,-74.78991596638656,325.0,180.00000000000003,,,,,,,,,,False,False
FSTR,vcp,39.13999938964844,36.290000915527344,37.27000045776367,,,,False,2.0,15%->7%,15.450746711020201,7.281549613091838,0.41318219352901436,33.0,,,,,,-4.77771834707625,2.629459431713491,False,-87.76758409785933,False,39.504628291469906,7.407407407407396,,,-87.76758409785933,107.14285714285711,-36.36363636363633,-45.00000000000003,48.14814814814814,-3.488485490185156,23.87925392670156,25.11253442344148,0.5965111372994159,14.368024829954429,-24.461100060483997,15.971971132291053,-3.6723832875910745,-3.488485490185156,True,False
FTK,vcp,28.729999542236328,25.90999984741211,30.43000030517578,,,,True,3.0,41%->14%->10%,40.81169491805757,9.815522936846909,0.445122462674048,28.0,,,,,,5.917162513143312,14.85376408949583,False,-40.00000000000002,True,40.83796948446759,420.0,-29.41176470588236,-40.00000000000002,562.5,116.6666666666667,33.33333333333337,-83.01886792452831,960.0,70.29477292202229,26.532639716773243,33.02401639182773,12.643239113827342,41.849509642974404,3.7500555399220925,20.502935874783603,-3.974293059125966,12.643239113827342,True,False
GAIN,vcp,16.851238686716762,15.539999961853027,15.640000343322754,,,,False,2.0,14%->8%,13.755771842600787,7.781260174644242,0.6888910796409577,89.0,,,,,,-7.187829725234292,0.6393886142874677,False,-89.28571428571429,False,40.83797248131944,26.66666666666666,-89.28571428571429,,36.00000000000001,533.3333333333333,-85.0,-41.17647058823529,126.66666666666674,,,,,,,,,,False,False
GEV,vcp,983.3400268554688,868.25,951.8200073242188,,,,False,2.0,21%->12%,20.52089074493127,11.703990858940665,0.8266431702338861,25.0,,,,,,-3.2054038959488844,8.780022134558081,False,32.79569892473118,False,34.50462896584491,32.79569892473118,1816.4835164835165,658.8571428571431,,-85.83715596330275,31.32530120481927,709.7560975609758,-11.827956989247323,21.8746570080123,16.272410358565747,3.7696533434362633,11.847862672500842,18.89923974729628,-14.759036144578308,9.900692145651524,9.417188014487987,3.7696533434362633,True,False
GORO,vcp,3.700000047683716,3.369999885559082,3.6500000953674316,,,,False,2.0,14%->9%,13.924049257640004,8.918923185723237,0.6527482576244378,9.0,,,,,,-1.3513500451867637,7.671238424451686,False,,False,68.83794809939815,,,,,,,,,,,,,,,,,,False,False
GPRE,vcp,16.030000686645508,14.329999923706055,15.109999656677246,,,,False,2.0,19%->11%,18.998791514024134,10.60511971378587,0.7141501224555705,21.0,,,,,,-5.739245106425408,5.162142625373935,False,-75.36231884057972,False,41.504614425659724,,,,-75.36231884057972,97.61904761904762,61.53846153846152,52.941176470588225,,-30.69845442596202,19.115103498298282,2.3666917238536422,14.537027553006254,7.428919387324928,1.1441430771052863,-5.62051465492186,-32.422305821208965,-30.69845442596202,True,False
GSAT,vcp,84.69999694824219,78.36000061035156,82.5,,,,False,3.0,20%->9%->7%,20.080376921720777,7.485237976767367,0.7496570129113497,124.0,,,,,,-2.5973990879675526,5.018181078361742,False,-276.9230769230769,False,42.504588148055554,-276.9230769230769,,,-116.66666666666667,,,,-107.6923076923077,-3.538452373860723,16.711087420042638,17.62753976167515,2.127041641888061,-7.55309431377027,-2.6361501368797002,-2.551289863904127,9.973491392148691,-3.538452373860723,True,False
GTBP,vcp,7.820000171661377,6.824999809265137,7.099999904632568,,,,False,2.0,47%->13%,47.161935178802,12.723789521156112,0.2074219696263859,6.0,,,,,,-9.20716433789851,3.873240831848478,False,,False,,,,,,,-102.03703703703704,,,,,,,,,,,,False,False
HAFN,vcp,10.119999885559082,9.0600004196167,9.100000381469727,,,,False,2.0,16%->10%,15.584409855613856,10.474303141593591,0.8119146622558141,62.0,,,,,,-10.079046597074198,0.4395600019366923,False,,False,55.83791824472222,,,,,,,,,,,,,,,,,,False,False
HCSG,vcp,23.649999618530273,21.010000228881836,21.25,,,,False,3.0,17%->14%->11%,16.920671738519573,11.162788296960233,0.5734545454545454,45.0,,,,,,-10.147990094045596,1.1294106876148897,False,60.86956521739128,False,27.504560118136574,,60.86956521739128,186.66666666666666,210.52631578947367,-13.513513513513509,-13.953488372093037,-27.118644067796595,,2.686421325609434,3.3739741143988145,6.594154568627619,8.45243127976476,1.7378113344541202,-0.8391152862120221,0.5048046896872549,1.2752703978922142,2.686421325609434,True,False
HLF,vcp,13.170000076293945,11.510000228881836,11.989999771118164,,,,False,2.0,20%->13%,19.923078096829926,12.604402716748012,0.7472371267680437,18.0,,,,,,-8.959759288838477,4.003332371970215,False,-152.08333333333334,True,41.837917284374996,-152.08333333333334,16.326530612244895,-53.714285714285694,-8.695652173913048,-143.859649122807,-29.62962962962966,92.85714285714293,-12.5,5.376856484790715,7.816976344438076,6.261388106675492,2.6928968797871544,0.728818706346801,2.6656274356975818,0.7301562377325821,1.1595584147406912,2.6928968797871544,True,False
HPE,vcp,61.99319960164336,54.8811870199367,62.33000183105469,,,,True,2.0,18%->11%,18.078335798204662,11.472246355095592,0.8340144012528748,18.0,,,,,,0.5432889923016617,11.950609004164615,False,-87.25490196078431,False,70.83792053452547,404.7619047619048,,-29.54545454545454,-87.25490196078431,140.9090909090909,41.93548387096775,138.46153846153854,-38.095238095238116,32.95819935691318,39.10428662827896,18.10945273631841,14.328703703703694,14.110937356268982,14.479780960404387,-3.867179591010328,5.873526259378359,14.328703703703694,True,False
HSBC,vcp,107.43000030517578,99.87000274658203,100.25,,,,False,2.0,10%->7%,9.925738792982814,7.0371381710119225,0.6298949295828282,77.0,,,,,,-6.683422028092336,0.37904962934460723,False,,False,33.504579646655095,,,,,,,,,,,,,,,,,,False,False
HUM,vcp,419.9700012207031,369.1322021484375,374.7799987792969,,,,False,2.0,18%->12%,17.531710871424565,12.105102489344063,0.5721512587701197,47.0,,,,,,-10.760292951890616,1.5069631915403494,False,-59.29648241206029,False,43.504540803101854,-4.563106796116512,,-59.29648241206029,-19.75088967971531,,-506.7901234567901,-64.07982261640798,-56.21359223300971,25.712143928035978,28.55917667238421,45.058930190389844,27.27272727272727,11.874583055370236,-6.312499999999998,14.28571428571428,4.94752623688155,25.712143928035978,True,False
IAG,vcp,21.0,19.149999618530273,19.889999389648438,,,,False,2.0,14%->9%,13.7544791075249,8.809525626046318,0.7727024485309947,19.0,,,,,,-5.285717192150298,3.720461507421111,False,,False,40.837885212465274,,,,,,,,,,,,,,,,,,False,False
IBIO,vcp,1.350000023841858,1.1699999570846558,1.2450000047683716,,,,False,2.0,18%->13%,18.24324171938456,13.333338042836045,0.38491090839336717,19.0,,,,,,-7.7777790532680955,6.024100192487095,False,,False,,,,,,,,,,-100.0,,300.0,,-100.0,-50.0,,-100.0,-100.0,False,False
INCY,vcp,130.8000030517578,119.97000122070312,124.63999938964844,,,,False,2.0,13%->8%,12.692314242663528,8.279817720469957,0.4910910729527779,39.0,,,,,,-4.709482812222757,3.7467893066542843,False,62.22222222222222,False,33.50453412270833,83.74999999999999,62.22222222222222,290.7407407407407,,0.6849315068493178,-30.805687203791464,3.4313725490195957,154.99999999999997,20.8736268850354,27.83893753955635,20.04700005536655,16.456864084525268,-15.539790355281102,10.311644387179907,12.377409341940826,15.44603560838751,16.456864084525268,True,False
INTG,vcp,39.13999938964844,36.314998626708984,36.33000183105469,,,,False,2.0,9%->7%,9.367090539087224,7.217682184447341,0.6436036755892929,8.0,,,,,,-7.1793500317144225,0.04129700960509853,False,,False,,,,,,,,,,21.08892058963385,19.80472266463542,5.95646516029813,20.71354089080888,17.750419050921916,-3.4165131468765653,10.526315789473696,-3.6673799334284385,5.95646516029813,True,False
IPAR,vcp,118.20002381519946,108.19999694824219,117.4000015258789,,,,False,2.0,15%->8%,14.873537791664331,8.460257912123497,0.6797629127857747,39.0,,,,,,-0.6768376718530543,7.8364603561003605,False,-4.040404040404044,True,41.83785291074074,-4.040404040404044,2.2727272727272707,12.820512820512885,6.217616580310881,-29.62962962962964,53.409090909090786,-57.07317073170728,107.07070707070704,2.126455368693403,1.790336433316897,6.824544126759324,1.165723490388082,-1.1157342302506645,-10.692043762542891,-10.10384585838693,28.64111686071582,1.165723490388082,True,False
IQV,vcp,271.79998779296875,252.52999877929688,267.8599853515625,,,,False,3.0,15%->10%->7%,14.925525775255025,7.0897681674474216,0.7302144848631205,72.0,,,,,,-1.4495962539951868,5.723134253197704,False,-21.82741116751269,True,40.504521107291666,15.000000000000014,23.23651452282156,24.51612903225806,-21.82741116751269,-45.791245791245785,53.88601036269429,25.324675324675326,10.000000000000009,8.40950639853748,10.257705912076798,5.236139630390135,5.322496067121141,-4.880843263061408,6.439024390243908,2.066218571072942,4.909898145729952,5.236139630390135,True,False
IRDM,vcp,50.80444194362045,45.81071216488614,48.29999923706055,,,,False,2.0,23%->10%,22.682756869318368,9.829317255912459,0.4380509307468205,56.0,,,,,,-4.929574286711343,5.153803543467508,False,-55.00000000000001,True,28.504516693217592,-55.00000000000001,-25.92592592592593,-19.999999999999986,66.66666666666666,-55.00000000000001,-16.666666666666664,-31.428571428571427,74.99999999999997,3.840834278443195,1.944824505067988,-0.023944673718612197,6.656922230943119,2.821183527575011,2.8726401803324864,-6.166964108665473,4.62366186274239,-0.023944673718612197,True,False
JNJ,vcp,281.07000732421875,260.67999267578125,269.1700134277344,,,,False,2.0,9%->7%,8.897774329519706,7.254425629596718,0.7366176935866429,39.0,,,,,,-4.2338184745402385,3.1541480582615087,False,-52.863436123348016,True,19.504496381944445,-0.8733624454148492,-52.863436123348016,47.51773049645389,90.990990990991,6.074766355140171,2.8846153846153966,-1.8867924528301883,-7.423580786026196,6.5998399528282015,9.907276298360213,9.07637655417406,6.7731743135597045,5.186601280026593,-2.0436411007979105,2.379860792731203,1.0529419197237155,6.5998399528282015,True,False
KDP,vcp,33.16999816894531,30.559999465942383,31.760000228881836,,,,False,2.0,14%->8%,13.518405626874255,7.868552448237649,0.7534143170666927,32.0,,,,,,-4.250823086820536,3.7783399064594434,False,-90.0,False,32.50449677836805,-90.0,-47.36842105263158,,8.888888888888879,-80.0,-23.076923076923073,-46.93877551020408,22.499999999999986,75.57050204179679,9.381017881705645,10.540540540540544,10.665638653302501,83.82796780684106,-11.624805512336078,4.482117974918709,3.435022820081679,9.381017881705645,True,False
KEX,vcp,143.57000732421875,129.9199981689453,130.0399932861328,,,,False,3.0,18%->15%->10%,18.460270251545037,9.507563180970058,0.708993537568909,99.0,,,,,,-9.423983665008539,0.09227554858717146,False,0.0,True,35.50449440465278,0.0,12.781954887218049,127.02702702702693,6.451612903225801,11.333333333333329,-10.714285714285698,1.8181818181818077,-1.19760479041916,7.825543132017465,7.43834157057961,6.164661012195949,4.81405861042965,9.276163104090873,-0.9011769540078096,-2.2253062292733494,1.835982021263538,4.81405861042965,True,False
KEYS,vcp,339.17999267578125,311.43499755859375,353.3599853515625,,,,True,2.0,16%->8%,16.254472672896224,8.180021144026812,0.45685005797209854,25.0,,,,,,4.180668961018513,11.864667628185751,False,35.570469798657726,False,61.837827082488424,109.09090909090904,35.570469798657726,68.04123711340206,,13.861386138613852,23.926380368098176,20.740740740740726,22.72727272727273,41.34762633996938,32.28043143297381,31.470829909613805,,7.513104251601632,7.312500000000011,18.343195266272193,3.522205206738138,31.470829909613805,False,False
KINS,vcp,20.469999313354492,18.540000915527344,18.56999969482422,,,,False,2.0,11%->9%,11.483251567724569,9.428424340825602,0.5109906204774031,32.0,,,,,,-9.281874363770624,0.1615443176621924,False,-248.14814814814815,True,42.837814787094906,34.61538461538463,-248.14814814814815,147.72727272727272,34.545454545454525,,-136.69724770642202,47.29729729729728,-5.128205128205132,25.92757299920896,18.370665427032627,34.00742411191124,36.49774667387167,10.167687437591733,5.9454169906211,1.3813703573730463,6.420738483281485,18.370665427032627,True,False
KLIC,vcp,86.3169900030361,78.10819124465867,90.8499984741211,,,,True,2.0,27%->10%,26.878808402826003,9.510061412114453,0.7954908220271348,25.0,,,,,,5.251583113504716,14.025104505744121,False,-78.80794701986756,False,55.83779970623843,,,-78.80794701986756,-31.428571428571452,62.12121212121213,106.25,122.2222222222221,,122.6280716648811,49.778993246329925,20.166261346945657,-2.074244839206041,36.18318282424027,21.5383844708829,12.42805167888803,19.63776758100706,-2.074244839206041,True,False
KNSA,vcp,81.56600189208984,74.47000122070312,76.08000183105469,,,,False,2.0,14%->9%,13.89558860215956,8.699703929064198,0.48823097123521175,38.0,,,,,,-6.725841568516527,2.116194231864996,False,145.45454545454547,False,33.504487119756945,145.45454545454547,,,,50.000000000000064,-21.739130434782638,0.0,109.09090909090908,55.50749355880538,64.95315662335967,61.16972926729285,44.339092892452435,6.005630123635131,11.76190871139864,15.34340580495801,13.798308959610983,44.339092892452435,True,False
KOP,vcp,47.72708411901884,44.07419821889442,46.2599983215332,,,,False,2.0,17%->8%,16.79245794743866,7.653695941313064,0.6567218627077782,32.0,,,,,,-3.073906199312554,4.725032818735164,False,-1051.8518518518517,False,43.50444126321759,-1051.8518518518517,,,7.339449541284382,-2302.8571428571427,-75.69444444444446,23.07692307692313,44.44444444444442,3.030903328050716,-0.2628696604600189,-9.287211740041935,-12.448132780082988,14.232374258730518,5.223018257453194,-10.838656501133315,-3.8629160063391454,-12.448132780082988,True,False
KRSA,vcp,35.474998474121094,31.530000686645508,32.29999923706055,,,,False,2.0,15%->11%,15.2441616775035,11.120501641045735,0.5255224525043178,5.0,,,,,,-8.949962998241421,2.3838964972220618,False,-160.8695652173913,False,,,,-160.8695652173913,,,,,,-90.48640915593705,-75.42997542997543,,,-66.75,-46.59546061415221,-26.13412228796844,-27.467811158798284,-90.48640915593705,False,False
KRYS,vcp,373.30999755859375,331.7950134277344,341.75,,,,False,2.0,20%->11%,19.506778045075375,11.120780156535533,0.4149592373722124,38.0,,,,,,-8.454099211109442,2.912944132338149,False,10.457516339869244,True,39.504438923877316,38.759689922480625,52.500000000000014,10.457516339869244,192.30769230769232,-2.1857923497267784,8.284023668639096,-36.46616541353386,106.20155038759691,24.135274150892315,31.949468718460473,17.51700680272108,16.64937202561991,2.4622498001839244,8.638252182437789,9.51431492842536,1.8304491784844057,16.64937202561991,True,False
KYN,vcp,14.985250224588276,13.83937798914401,14.180000305175781,,,,False,2.0,10%->8%,9.863634385597857,7.64666734469393,0.7468474797578751,85.0,,,,,,-5.373616772119125,2.4021319372429217,False,,False,,,,,,,,,,,,,,,,,,,False,False
LASR,vcp,42.435001373291016,37.33000183105469,40.97999954223633,,,,False,2.0,29%->12%,28.532108691854212,12.030162311835019,0.737017290107057,24.0,,,,,,-3.4287776221694175,8.906778311258263,False,,False,42.83777048087963,,,,,-300.0,,,,33.78310520774277,55.18502748316172,71.34505392456892,18.908229257603026,3.005699604644496,-1.236681653014715,21.640046747175703,8.110472179476801,18.908229257603026,True,False
LB,vcp,88.41999816894531,82.0,82.11000061035156,,,,False,3.0,16%->11%->7%,15.909092911334705,7.2607988033188295,0.5975114485418173,29.0,,,,,,-7.136391867524303,0.13396737246850632,False,14.999999999999991,False,46.837788042256946,66.66666666666667,14.999999999999991,,,73.91304347826086,-4.1666666666666625,-7.692307692307699,8.333333333333348,40.6180969011003,16.049691702122825,55.55616438356164,78.43577772317197,31.04597588471718,-10.167670576631792,11.699553422124298,6.938337575999842,16.049691702122825,True,False
LEA,vcp,134.92999267578125,119.36000061035156,121.69000244140625,,,,False,2.0,21%->12%,20.806667262976354,11.53931142858823,0.6147531917963021,38.0,,,,,,-9.812488663057241,1.9147027564376817,False,-16.182572614107894,True,28.50444105576389,23.8562091503268,124.16107382550337,-3.658536585365879,-16.182572614107894,13.473053892215582,111.39240506329111,-21.78217821782178,-33.98692810457516,2.968293977182279,4.72096829307771,4.794736289504087,1.7083303488288903,6.63941746238923,-2.7685936612897866,5.436811155322374,-5.813876359777126,1.7083303488288903,True,False
LIND,vcp,28.450000762939453,26.320600509643555,27.229999542236328,,,,False,2.0,9%->7%,9.07209100217651,7.484710707177812,0.5150049590875279,3.0,,,,,,-4.288229131762858,3.3396953649676298,False,-100.0,False,40.50444112773148,,,,-100.0,-122.22222222222223,,,,18.638244663431493,15.742178153916342,23.26373234460901,16.58551976893765,-4.214159691942331,13.555991068942742,-23.72924404177007,43.00634136175534,15.742178153916342,True,False
LIVN,vcp,83.5199966430664,76.69999694824219,77.16000366210938,,,,False,2.0,13%->8%,12.93144087108183,8.165708775073803,0.5142460664788588,34.0,,,,,,-7.6149344307774465,0.5961724883808954,False,-45.19230769230775,False,41.50444105887732,286.0,,-45.19230769230775,-18.333333333333336,382.49999999999994,-29.8245614035087,16.32653061224478,-2.0000000000000018,10.797279050504361,14.329267330482388,12.146474846968891,12.45850622406639,7.8201171540725145,0.3704411768780336,0.8855271653906538,1.4833032644585797,10.797279050504361,True,False
LSTR,vcp,193.57854562417273,165.05999755859375,166.97999572753906,,,,False,2.0,23%->15%,22.574384680828512,14.732287596037082,0.6281130732906398,47.0,,,,,,-13.740443090358784,1.1498372368377408,False,-60.2836879432624,True,33.83777285959491,36.47058823529412,-46.15384615384613,-60.2836879432624,-18.918918918918926,65.71428571428567,25.00000000000002,-53.33333333333332,41.176470588235304,1.5712308623821558,-2.9359882356044364,-0.7464347271982308,-1.1025841995215946,-0.27761406464696936,-2.5783921389857967,-0.5277702796120831,5.104402733327573,-2.9359882356044364,True,False
LVLU,vcp,11.670000076293945,10.5600004196167,10.5600004196167,,,,False,2.0,31%->10%,30.907028644830913,9.511565119284471,0.3121886912325286,10.0,,,,,,-9.511565119284471,0.0,False,-102.30326295585412,False,48.837772873240745,,,-102.30326295585412,,,,,,-16.82163886162905,-10.324994154781386,-4.7303732595582515,-8.599639818667326,17.861674575446273,-8.70703608492811,-14.367245994754796,-9.72644749754662,-16.82163886162905,True,False
MATX,vcp,240.8699951171875,220.7899932861328,221.91000366210938,,,,False,2.0,11%->8%,11.41075213947984,8.336447975301121,0.7722144752057684,34.0,,,,,,-7.871462548024612,0.5047137837381784,False,-28.01358234295416,True,41.837736164027774,46.23287671232876,-15.13761467889908,21.138211382113848,-28.01358234295416,130.81081081081075,-58.61297539149888,5.4245283018868,45.205479452054796,16.72486453943407,-3.0946291560102313,-4.3131528698191595,-8.513513513513516,27.922934811295864,-11.045897405798799,-3.2041813430292,5.972305839855507,-8.513513513513516,True,False
MEDP,vcp,629.6900024414062,577.6400146484375,617.1500244140625,,,,False,2.0,17%->8%,16.883022287239953,8.265970174397376,0.40329503043018006,42.0,,,,,,-1.9914526161641921,6.402010565119362,False,16.621253405994562,True,27.837727508298613,37.09677419354838,16.621253405994562,26.702997275204375,28.239202657807304,-0.7009345794392607,-7.95698924731183,20.46632124352332,24.51612903225806,17.241522199993042,26.502318420251726,32.02842398931025,23.735601902808277,0.10288648238616638,-0.26056884748394404,7.356687270704931,9.380236726994863,17.241522199993042,True,False
MEI,vcp,14.65999984741211,12.9399995803833,14.829999923706055,,,,True,2.0,20%->12%,20.059168438864454,11.7326076734744,0.6244610720146867,11.0,,,,,,1.159618540677918,12.744439332744367,False,,False,69.83771265234954,,,,,-3299.9999999999973,,,,10.353430353430348,15.94710229482692,-2.5844101709045386,-15.61859193438141,-10.969473331096946,27.556696619597766,-5.34629404617254,2.6611226611226613,-15.61859193438141,True,False
MFC,vcp,44.517941593801226,41.33454669996313,43.599998474121094,,,,False,2.0,9%->7%,8.51273738851591,7.150813312269949,0.6905932922803283,90.0,,,,,,-2.061962181575682,5.195990489546994,False,,False,41.837712179583335,,,,,,,,,,,,,,,,,,False,False
MGA,vcp,69.2300033569336,62.361000061035156,63.72999954223633,,,,False,2.0,14%->10%,14.01256755692245,9.922003413005015,0.7994382836152967,21.0,,,,,,-7.944537841982386,2.148124103302218,False,,False,36.50437858761574,,,,,,,,,,,,,,,,,,False,False
MLI,vcp,64.48027897345447,57.81999969482422,60.33000183105469,,,,False,3.0,23%->16%->10%,23.185332562774917,10.329172554250562,0.6570228924631354,67.0,,,,,,-6.4365061821590315,4.160454268274948,False,1.8018018018017834,True,26.504378213807872,1.8018018018017834,55.395683453237424,104.95867768595045,27.027027027027017,-47.6851851851852,-12.903225806451623,31.914893617021313,69.36936936936935,25.457465604965158,19.280818664920286,4.206549609327626,8.01668819669863,19.691283775005132,23.96338263792557,-10.710375719969123,-5.3022695143884135,4.206549609327626,True,False
MPTI,vcp,81.25,72.54000091552734,73.51000213623047,,,,False,2.0,20%->11%,20.38576607503126,10.719998873197117,0.8308207329151536,26.0,,,,,,-9.526151216947115,1.3195499830152309,False,-22.222222222222232,True,48.837712741817136,-18.867924528301895,19.64285714285714,32.35294117647063,-22.222222222222232,-35.820895522388064,-25.555555555555543,42.85714285714284,18.867924528301884,13.755458515283836,15.34715677034244,11.15189379148771,7.234751021643704,2.880294157701213,3.1827443265650235,0.4446012702893354,6.685740099382631,7.234751021643704,True,False
MRVL,vcp,241.8800048828125,213.6300048828125,260.8999938964844,,,,True,2.0,21%->12%,21.201889117151417,11.679344894046423,0.5624418816799285,18.0,,,,,,7.863398639704343,18.11804910674965,False,-80.0,False,68.83771111613426,50.0,-80.0,95.65217391304337,,725.0,-91.11111111111111,-79.54545454545456,900.0,36.54852699267235,27.568195008705754,22.080994827775946,36.83134357891959,13.297212341798325,8.973723351512142,6.951072547601833,3.409600717810668,22.080994827775946,True,False
NEM,vcp,130.7100067138672,120.0,123.55000305175781,,,,False,2.0,10%->8%,10.155955847293727,8.193715984815224,0.7063382985213458,19.0,,,,,,-5.477777747944803,2.87333303445621,False,-3.252032520325243,True,28.837681662118055,11.351351351351347,78.57142857142858,-3.252032520325243,108.74999999999999,-31.333333333333336,152.10084033613458,-28.742514970059908,-9.72972972972974,15.064886214030459,45.84830339321358,20.629865534324132,19.95656894679696,-16.27206788011496,7.172191258433558,23.425054308472127,3.8931728418281075,15.064886214030459,True,False
NEOG,vcp,12.260000228881836,11.369999885559082,13.569999694824219,,,,True,2.0,13%->7%,13.229577528969806,7.259382762702654,0.44049396646363304,35.0,,,,,,10.685150419951176,16.212231825651745,False,,False,12.83766992503472,,,,,,,-141.1764705882353,,-0.05278589773730635,-4.434389140271488,-2.8396855460135484,-3.583543813720247,6.685606060606064,-6.004245830941157,7.410523497889465,-7.20815830446373,-4.434389140271488,True,False
NERV,vcp,3.809999942779541,3.450000047683716,3.490000009536743,,,,False,2.0,29%->9%,28.54166811539061,9.448816286154363,0.6327215219097752,11.0,,,,,,-8.39894850521561,1.1461307089892208,False,-112.12121212121211,False,,,,,-112.12121212121211,,,,,,,,,,,,,,False,False
NUE,vcp,268.4700012207031,242.07000732421875,246.97999572753906,,,,False,3.0,21%->15%->10%,20.58432061490983,9.833498631670782,0.5495202035967287,68.0,,,,,,-8.004620775301301,1.9880105629027804,False,27.55905511811012,True,32.837640755300924,93.84615384615384,382.08955223880594,27.55905511811012,150.47619047619048,56.03715170278638,99.38271604938281,-38.40304182509509,1.1538461538461497,22.95411542100283,21.27713920817369,8.634821933295655,14.468027941966689,9.488205560235885,23.53323793417459,-9.787583616946371,0.7686849574266796,8.634821933295655,True,False
NUVB,vcp,6.179999828338623,5.690000057220459,5.710000038146973,,,,False,2.0,21%->8%,21.037867825022033,7.928799105644818,0.7385636671572353,12.0,,,,,,-7.605174809818741,0.3502623606462204,False,,False,39.504295158796296,,,,,-1900.0,,,,555.6383198841299,2598.702983138781,633.0590089301348,1704.6767537826686,-61.92747633008122,98.80090767944584,219.09298780487805,171.46699772398097,555.6383198841299,True,False
NWE,vcp,73.43835485182716,67.3499984741211,68.69999694824219,,,,False,2.0,11%->8%,11.163878020708095,8.290431328411742,0.7052403860954156,94.0,,,,,,-6.45215693236227,1.9650633683989356,False,-45.03816793893128,True,34.8376290309838,14.285714285714302,-17.599999999999994,-45.03816793893128,-18.42105263157895,-61.165048543689316,43.055555555555515,16.129032258064548,77.14285714285715,3.280168522419502,-0.907441016333943,-14.53396524486572,25.447445493003574,4.761904761904767,-24.30683918669131,12.269779507133594,16.009629852542883,-14.53396524486572,True,False
NXG,vcp,62.09023689079536,53.70000076293945,55.84000015258789,,,,False,2.0,17%->14%,17.12185930577694,13.51297168122051,0.5733934137358891,57.0,,,,,,-10.066376053936498,3.832377119986916,False,,False,,,,,,,,,,,,,,,,,,,False,False
OCC,vcp,15.199999809265137,14.020000457763672,14.15999984741211,,,,False,2.0,23%->8%,23.13527128960401,7.763153725713852,0.35604197688435085,8.0,,,,,,-6.842105098048074,0.988696265233533,False,,False,,,,,,-280.0,-44.44444444444444,800.0,,21.99187032893992,26.57529897295392,4.372449637820708,1.762145465117393,9.378811564747181,35.19388252234883,-17.136447460172967,-0.44178519780092573,1.762145465117393,True,False
ODC,vcp,95.06999969482422,84.33999633789062,90.06999969482422,,,,False,2.0,17%->11%,16.95541288758438,11.286424099481462,0.6411250171423801,39.0,,,,,,-5.2592826507311,6.361722411844155,False,-17.567567567567565,True,14.837628569537038,-17.567567567567565,110.00000000000001,283.33333333333337,37.83783783783781,-3.1746031746031744,36.95652173913042,-9.80392156862745,-31.081081081081074,9.374810607700358,0.7039362266281213,-5.829848763140411,10.122952982357392,7.2976209687693805,-2.281592882160588,-3.7743986199405777,8.407719413684722,-5.829848763140411,True,False
OIS,vcp,9.079999923706055,8.1899995803833,8.3100004196167,,,,False,3.0,19%->13%->10%,19.00000042385525,9.801765977983568,0.7824515710377477,42.0,,,,,,-8.4801708211367,1.444053347459801,False,-929.1666666666667,False,35.504293147210646,100.0,-60.00000000000001,-929.1666666666667,,400.0,,-6733.333333333334,-40.0,-5.28819994437929,-9.112906251172326,8.426136881436253,-5.258448620001377,7.77089080440001,-18.547718307333692,8.042135851798049,-0.13663349576193973,-9.112906251172326,True,False
OOMA,vcp,23.809999465942383,21.738800048828125,22.049999237060547,,,,False,2.0,18%->9%,17.831233222851797,8.698863769723655,0.7171383170119474,17.0,,,,,,-7.391853290040283,1.4113342358278802,False,150.0,False,74.83762854686343,150.0,,,,11.111111111111116,-40.000000000000014,200.00000000000006,25.0,25.4113676089446,24.78894031893464,14.573636265880152,3.8355827844058554,2.5619539365857813,8.802155958382496,10.290573012939008,1.9001265746489082,3.8355827844058554,True,False
OPRT,vcp,7.730000019073486,7.079999923706055,8.479999542236328,,,,True,2.0,14%->8%,13.734943579824435,8.408798108196388,0.36575433319674383,32.0,,,,,,9.702451763418447,16.509430355005282,False,-76.19047619047619,False,40.83762653795139,21.42857142857142,-76.19047619047619,-73.07692307692307,,240.0,-28.57142857142857,-36.36363636363635,-21.42857142857143,6.650144568360172,-9.754163362410784,6.504809894640395,-22.329026158209896,13.444639718804918,-2.107526881720434,-5.660377358490565,1.7967781908302394,-22.329026158209896,True,False
P,vcp,103.5,92.2699966430664,109.6500015258789,,,,True,2.0,20%->11%,20.45696621958549,10.850244789307819,0.5512092357964917,17.0,,,,,,5.942030459786383,15.850437429050631,False,-15.789473684210531,False,68.83758230587964,49.99999999999998,,123.07692307692308,-15.789473684210531,199.99999999999994,-75.86206896551724,81.25000000000003,14.28571428571428,37.73463940850312,35.24936254391542,20.351494927498347,16.049271302606762,12.632016837370452,-0.5672851998719475,9.793115890561799,12.015186956592427,16.049271302606762,True,False
PACS,vcp,45.849998474121094,40.779998779296875,41.04999923706055,,,,False,3.0,18%->16%->11%,18.479164441426597,11.057796867072648,0.731052861273253,40.0,,,,,,-10.468919076997981,0.6577355975196011,False,51.61290322580645,True,46.837586232777774,51.61290322580645,194.1176470588235,90.90909090909089,219.99999999999997,-6.000000000000005,19.04761904761907,31.24999999999998,3.2258064516129004,9.062397574722226,11.196216087111432,12.420872908954061,31.244117796375193,0.5308603980819226,4.5843132258047925,0.997915646930525,2.7062047657502752,9.062397574722226,True,False
PANL,vcp,7.679248755376118,6.528595977521186,8.220000267028809,,,,True,2.0,19%->15%,19.158297599384255,14.983923747090222,0.5528960589775112,68.0,,,,,,7.041724117533225,20.576693851118275,False,-5.263157894736848,False,42.837580362997684,,,-5.263157894736848,72.72727272727273,-23.809523809523803,16.666666666666675,-5.263157894736848,,19.420635781707716,38.90653246689793,24.940001098150134,10.158875027476078,9.695743932465707,-7.233062784671807,9.017816535205903,7.646249577187936,10.158875027476078,True,False
PEB,vcp,18.790000915527344,17.40999984741211,18.219999313354492,,,,False,2.0,11%->7%,11.15070618517054,7.344337418178909,0.8028305473816463,35.0,,,,,,-3.0335368515167227,4.44566134175805,False,-254.16666666666669,False,35.83757982643518,183.33333333333334,,,-254.16666666666669,,,,-716.6666666666667,-0.09692371490196416,7.927785028694889,3.382109004739342,-1.435493041307201,17.78820561483092,-0.9632741004761969,-12.466047857785977,-2.1627484130275265,-1.435493041307201,True,False
PENG,vcp,53.237998962402344,46.189998626708984,53.880001068115234,,,,True,3.0,25%->16%->13%,25.36882175692134,13.238665000671396,0.6979875795927993,25.0,,,,,,1.2059095349663393,14.272461560801622,False,-60.00000000000001,False,12.837579742858798,,544.4444444444445,-60.00000000000001,,17.24137931034484,1349.9999999999998,-60.00000000000001,,47.63655316406117,-6.161102432431697,0.5772466886737604,8.604908275161648,39.56687920372946,-0.02098690941525483,1.5237244097750402,4.2161782076231,-6.161102432431697,True,False
PFAI,vcp,3.0199999809265137,2.640000104904175,3.0,,,,False,3.0,22%->16%->13%,21.824099428160405,12.582777431202425,0.75,17.0,,,,,,-0.6622510282393388,11.999996503194172,False,,False,,,,,,,,,,,,,,,,,,,False,False
PGC,vcp,47.99804207260118,44.22999954223633,44.380001068115234,,,,False,2.0,14%->8%,13.695561997560926,7.850408824312797,0.6215102019516777,56.0,,,,,,-7.537892897825596,0.33799351570244707,False,25.581395348837212,True,34.83758039452546,91.1111111111111,86.046511627907,30.769230769230795,25.581395348837212,7.499999999999996,17.64705882352939,25.925925925925952,19.999999999999996,16.85780967677173,17.80841915277631,16.339644058864078,16.74772210381772,4.911513895303643,3.1111885472021372,5.480308014628865,2.413546476611117,16.339644058864078,True,True
PKOH,vcp,47.34000015258789,44.0,46.810001373291016,,,,False,3.0,13%->9%->7%,13.17435828492821,7.055344617284091,0.6475000000000001,27.0,,,,,,-1.1195580430683671,6.0029935715711265,False,-47.945205479452056,False,41.83758180373842,30.303030303030297,-5.000000000000004,,-47.945205479452056,50.877192982456144,850.0000000000026,-84.21052631578951,-42.42424242424243,9.997500624843791,3.848051307350775,1.6992790937178093,-4.549808429118773,4.536817102137758,6.582278481012649,-0.9031610637230347,-0.37490627343164107,-4.549808429118773,True,False
PLAB,vcp,29.979999542236328,26.93000030517578,30.350000381469727,,,,True,2.0,29%->10%,28.62041789802432,10.17344657648729,0.2304300739800401,18.0,,,,,,1.234158922224582,11.268533882398351,False,8.823529411764696,True,76.50424838777778,25.64102564102564,260.00000000000006,8.823529411764696,96.29629629629632,-9.259259259259267,-27.027027027027017,-30.188679245283012,171.79487179487177,2.686863693831576,-0.49859710320770967,6.094146263281441,-3.0804750525540325,2.908926359912356,-6.720695262722931,4.308291236038375,2.5552059469376553,-3.0804750525540325,True,False
PLGO,vcp,25.72595284569501,23.440000534057617,23.90999984741211,,,,False,2.0,20%->9%,20.176110691110434,8.885782872061524,0.7727671414508709,32.0,,,,,,-7.058836689840165,1.965701866808512,False,,False,48.837580999363425,,,,,,,,,,,,,,,,,,False,False
PLPC,vcp,428.5,390.6499938964844,427.2799987792969,,,,False,3.0,17%->12%->9%,16.538139336997478,8.833140280867124,0.7916252237915258,25.0,,,,,,-0.2847144038980455,8.572833970104229,False,-65.5844155844156,True,34.83757120466436,75.390625,-8.154506437768239,-19.248826291079823,-65.5844155844156,109.81308411214954,24.418604651162813,224.52830188679238,-79.296875,25.40079362739607,18.67295898102208,3.585511946719966,21.16987473889762,20.65090368622289,1.8306384994425384,-2.795262989437741,5.0035082340316395,3.585511946719966,True,False
PLXS,vcp,256.6700134277344,236.5800018310547,263.8999938964844,,,,True,2.0,22%->8%,21.805367693805056,7.8271751843485395,0.8174525426680598,32.0,,,,,,2.8168387776180976,10.352403447249053,False,-3.658536585365846,True,34.837551799687496,-3.658536585365846,29.078014184397173,12.686567164179108,26.351351351351404,-13.186813186813184,20.529801324503303,-19.25133689839572,14.024390243902452,28.13196007494785,18.73011824479427,9.602283321142234,-1.1102991717681365,12.117735919096507,8.77738229213012,-99.97345274731852,395653.68159731635,-1.1102991717681365,True,False
PMTS,vcp,25.290000915527344,23.469999313354492,24.389999389648438,,,,False,2.0,26%->7%,25.92592855426331,7.1965264384605945,0.4764465587672579,10.0,,,,,,-3.558724765906714,3.772038127579495,False,-57.49999999999999,True,40.5041819456713,325.0,-57.49999999999999,10.714285714285744,72.72727272727273,0.0,-72.58064516129032,226.3157894736842,375.0,14.973064206607933,19.832845936413037,22.349235786915656,10.593101458104549,1.4091687739619774,-3.884903367438941,10.93602771697375,6.329718773361703,10.593101458104549,True,False
POWL,vcp,185.0,167.30999755859375,192.6199951171875,,,,True,2.0,16%->10%,15.695719721554847,9.562163481841218,0.7458726583216904,17.0,,,,,,4.1189162795608105,13.139859931569136,False,-1.5748031496062964,True,54.8375156166088,7.575757575757569,-1.5748031496062964,18.881118881118873,149.60212201591517,13.59999999999999,-63.23529411764706,-63.8682252922423,612.8787878787879,8.896053766858913,6.4544146200530506,4.039663506343438,8.33263652326921,5.099202670127934,18.08674119370661,-15.705258353664476,4.09050102524513,4.039663506343438,True,False
POWW,vcp,2.3399999141693115,2.0999999046325684,2.299999952316284,,,,False,2.0,19%->10%,18.726591225196433,10.256411040166299,0.3693163739340715,30.0,,,,,,-1.7094001418896263,8.695654427396825,False,,False,53.50418249625,,,,,,-200.00000000000009,0.0,,22.123596316756753,10.10391236614392,6.968593421412317,0.010790267329086056,4.258050636740962,3.6938989351198437,11.76663929199453,1.0705403961213777,0.010790267329086056,True,False
PSMT,vcp,181.8300018310547,166.35000610351562,172.63999938964844,,,,False,2.0,17%->9%,16.56009227232749,8.5134441905369,0.6948915215304983,35.0,,,,,,-5.0541727706437785,3.6434159571191254,False,6.6115702479338845,True,32.83751653796296,12.28070175438598,11.724137931034484,6.6115702479338845,8.510638297872353,-20.98765432098766,25.581395348837212,26.470588235294066,-10.526315789473639,12.488072093519342,9.651979710914249,9.919757954249153,8.558413435069667,-0.9184047373235416,8.157708415748854,3.8884276564172815,1.038951968778301,8.558413435069667,True,False
PWR,vcp,653.8699951171875,607.4500122070312,634.9000244140625,,,,False,2.0,18%->7%,18.087745280617305,7.099267936562343,0.7014115386176936,25.0,,,,,,-2.901183850732465,4.323517270670191,False,2.4630541871920597,True,35.504182919050926,94.73684210526316,51.04166666666667,2.4630541871920597,14.871794871794886,104.13793103448276,-30.288461538461508,-7.142857142857184,47.36842105263159,41.10419493143886,26.33346777182164,19.661880464892988,17.52982789446198,21.36197461594833,0.41876074669202623,2.7588617985042863,12.673853725531359,17.52982789446198,True,False
RBRK,vcp,94.61000061035156,85.77999877929688,115.56999969482422,,,,True,2.0,20%->9%,20.285428853830393,9.33305334963561,0.43072607393141815,17.0,,,,,,22.154105220647637,25.77658647935558,False,-107.73286467486818,False,70.8375030280787,,,-107.73286467486818,,,,,,37.888078487058664,38.992606317845734,46.3324292909725,48.263597794883516,10.383705188752357,2.484616769574566,7.858558512248481,13.007809978700058,37.888078487058664,True,False
RCMT,vcp,41.77000045776367,38.84000015258789,40.33000183105469,,,,False,2.0,9%->7%,9.445346206571744,7.014604436354968,0.5991814461118691,15.0,,,,,,-3.4474469976725506,3.694524202375498,False,-14.28571428571428,True,41.83745872109954,36.00000000000001,-3.703703703703709,110.52631578947363,-14.28571428571428,30.76923076923077,-35.0,166.66666666666669,-40.0,20.021492720620216,-1.698767653569777,12.434990638651966,16.439990060465504,12.979599701341549,-3.9756695499329253,23.0292079841796,-10.077271447944113,-1.698767653569777,True,False
RGLD,vcp,271.42999267578125,240.75999450683594,252.77999877929688,,,,False,2.0,18%->11%,18.005051278148347,11.299413843915227,0.7889408117509711,66.0,,,,,,-6.871014405088789,4.755124745037936,False,-36.19631901840484,True,41.837459121284716,38.3084577114428,91.86046511627906,-36.19631901840484,31.506849315068486,-15.75757575757576,217.30769230769204,-45.83333333333328,-4.477611940298498,114.90772408332259,142.52207448458404,85.29028436018957,30.041220200477724,-3.9618438582467386,24.992006906033183,48.89791643524764,20.236783484304265,30.041220200477724,True,False
RHP,vcp,133.27000427246094,118.62999725341797,120.73999786376953,,,,False,2.0,17%->11%,16.877639636617495,10.985222893151956,0.8478365516060586,38.0,,,,,,-9.401970441206492,1.7475572699050965,False,-43.617021276595736,True,39.83745680868056,26.785714285714256,3.0000000000000027,-4.440892098500626e-14,-43.617021276595736,37.8640776699029,-8.035714285714256,111.32075471698104,-52.67857142857143,13.564968196326088,13.161013485901108,13.923780906778994,7.72786285498166,12.700805932239101,-9.926159651291389,24.53338464498749,-10.167623177638108,7.72786285498166,True,False
RIO,vcp,106.83999633789062,94.87999725341797,95.25,,,,False,2.0,19%->11%,19.255126138315042,11.194308774261033,0.6266668968478458,68.0,,,,,,-10.847993949041584,0.3884543271202428,False,,False,147.837459045625,,,,,,,,,,,,,,,,,,False,False
RLJ,vcp,11.779999732971191,10.59000015258789,10.90999984741211,,,,False,2.0,17%->10%,17.14507353982959,10.101864239033858,0.6311187708260448,32.0,,,,,,-7.385398177251466,2.933086153068314,False,-177.7777777777778,False,41.837457457881946,6.666666666666665,,,-177.7777777777778,,,,-146.66666666666669,5.476407520731041,3.613932750008386,-0.4230444045104531,-4.540642787727334,12.651149930730599,3.464468202304971,-0.4399400081807059,-9.104303737506992,-4.540642787727334,True,False
RLYB,vcp,17.09000015258789,15.850000381469727,16.860000610351562,,,,False,2.0,11%->7%,11.289400930361586,7.255703686640367,0.37120545534535854,78.0,,,,,,-1.3458135762596815,5.990511223716828,False,,False,,,,,,,,-111.11111111111111,,-100.0,0.0,11000.0,-29.096989966555185,-100.0,-4.504504504504503,4.716981132075482,0.0,-100.0,True,False
RMR,vcp,20.530000686645508,18.670000076293945,18.81999969482422,,,,False,2.0,14%->9%,13.597197580708755,9.059914993385599,0.49838420188039567,47.0,,,,,,-8.329278785332054,0.7970224280690376,False,-76.19047619047619,True,48.837458454861114,-28.000000000000004,-76.19047619047619,86.84210526315788,-44.117647058823486,259.99999999999994,-92.95774647887323,273.68421052631567,-23.99999999999998,3.308523191431423,-7.63212833754533,40.76426401080351,-5.675396989069914,8.312714122573283,-36.99389905712701,45.854650400104944,3.7895978941635544,-7.63212833754533,True,False
RYAM,vcp,8.859999656677246,8.100000381469727,9.140000343322754,,,,True,2.0,18%->9%,18.080808392180177,8.577870255725733,0.6463335644539167,33.0,,,,,,3.1602787527704725,11.378554953915309,False,,False,40.83745792256945,,,,,,,,,10.614383851691533,-9.506670750799806,-0.37301421998371387,-12.033318125269565,17.888831429332576,-24.1996255891744,19.298146169477693,3.7609396320519517,-12.033318125269565,True,False
RYOJ,vcp,4.0,3.609999895095825,3.7100000381469727,,,,False,2.0,32%->10%,31.92307515962583,9.75000262260437,0.4186225402504472,10.0,,,,,,-7.249999046325684,2.6954216178686177,False,,False,,,,,,,,,,,,,,,,,,,False,False
SCSC,vcp,59.310001373291016,55.0,58.48500061035156,,,,False,2.0,20%->7%,20.020963127105855,7.266904861735397,0.41314508276533596,22.0,,,,,,-1.3909977134328215,5.9587938342856654,False,5.405405405405417,True,42.5040632690625,40.22988505747127,5.405405405405417,7.14285714285714,28.98550724637683,56.41025641025643,4.0000000000000036,-15.73033707865169,2.298850574712641,17.25014331652901,8.788148349925585,2.543822918352845,-4.632662007787724,24.298699774384126,0.03626818627757711,3.6317177043196036,-9.009381389272297,-4.632662007787724,True,False
SEI,vcp,71.4000015258789,64.2300033569336,67.43000030517578,,,,False,2.0,14%->10%,13.848995388971957,10.04201402761392,0.6691265674223238,7.0,,,,,,-5.5602256804773305,4.745657620880305,False,,False,39.83739267694444,,,,,,,,,46.068253070874235,26.08044174979536,-2.171723952738991,0.5939269527510893,25.097111416781303,3.9343512323440244,0.23960745649234116,12.075345633962066,-2.171723952738991,True,False
SI,vcp,18.690000534057617,17.0,17.3700008392334,,,,False,2.0,21%->9%,21.045450730757278,9.042271191903046,0.8395924825007192,13.0,,,,,,-7.062598486387767,2.1301141125893457,False,,False,42.83741191527778,,,,,,-100.19190264451206,,,55.95205666031053,64.90327674694039,93.39951703783204,42.32445520581114,2.795068230787656,15.899001109877918,22.626743790404902,6.746572232815762,42.32445520581114,True,False
SILC,vcp,43.2400016784668,40.099998474121094,48.58000183105469,,,,True,3.0,20%->13%->7%,19.63317686289884,7.261801763318158,0.5788967049241022,17.0,,,,,,12.349676099219883,17.45574935633857,False,,False,35.504061223831016,,,,,,,,,,,,,,,,,,False,False
SLGL,vcp,65.44000244140625,58.29999923706055,59.709999084472656,,,,False,3.0,20%->16%->11%,19.515756708928627,10.910762435772718,0.4860565790798349,19.0,,,,,,-8.756117272556844,2.3614132792354607,False,,False,56.50406043673611,,,,,,,,,,,,,,,,,,False,False
SNDA,vcp,41.0099983215332,37.41999816894531,37.77000045776367,,,,False,2.0,11%->9%,11.489559267486598,8.753963178542442,0.7354854986431479,18.0,,,,,,-7.900507184532849,0.9266674201122916,False,,False,46.504058314548615,,,,,,,,,-28.179041206907296,-39.6957929476435,-43.29552509435636,-41.9122011891189,-0.5524480353566785,0.6638629175211186,-6.660394497793931,-23.136961536063836,-43.29552509435636,True,False
SOLV,vcp,94.16000366210938,86.52999877929688,88.37000274658203,,,,False,2.0,10%->8%,9.75555419921875,8.103233417654236,0.5742780331280894,32.0,,,,,,-6.149108634600956,2.0821590020334404,False,-91.02564102564102,True,42.837395485798616,3.9215686274509887,-91.02564102564102,105.55555555555642,931.4285714285714,657.1428571428571,-81.08108108108112,-94.8753462603878,1315.6862745098038,2.2211938917167995,-3.04347826086957,-3.710843373493977,0.672430355427478,10.06477329347284,0.45045045045044585,-4.67557251908397,-3.007866728366493,-3.710843373493977,True,False
STM,vcp,52.777834790784475,47.447144300532784,52.459999084472656,,,,False,3.0,28%->15%->10%,28.032467062946232,10.100244754986578,0.4801961417557141,43.0,,,,,,-0.6022143719456178,9.555575431612235,False,,False,35.50405839543981,,,,,,,,,,,,,,,,,,False,False
TCMD,vcp,24.899999618530273,21.288999557495117,22.43000030517578,,,,False,2.0,24%->15%,24.379420326572692,14.502008499421398,0.7255413759444705,34.0,,,,,,-9.919676109217082,5.086940401946295,False,12.5,False,39.83739040467593,142.85714285714283,,12.5,71.42857142857142,,-117.77777777777779,25.0,157.1428571428571,8.609086876623785,22.848795456029247,21.042238710054328,17.323136278439797,13.858663159153405,-27.34424773635539,20.80228558101569,8.681325644762694,8.609086876623785,True,False
THC,vcp,283.04998779296875,253.50999450683594,256.44000244140625,,,,False,2.0,14%->10%,14.495508516305605,10.43631674972523,0.6745650910368878,54.0,,,,,,-9.40116110198381,1.1425705454201855,False,-21.06339468302658,True,33.837348410300926,213.37579617834393,87.58782201405153,11.345646437994649,-21.06339468302658,22.846441947565555,89.81042654028433,9.326424870466333,22.92993630573248,6.7729083665338585,2.7761822707256467,9.164526960300211,3.1798673429574764,4.843517138599096,-2.8767866835534672,4.499905464170917,0.34149117814457064,2.7761822707256467,True,False
TNK,vcp,103.16000366210938,92.54000091552734,94.54000091552734,,,,False,2.0,12%->10%,12.272346111464772,10.29469016050719,0.7476223640936351,21.0,,,,,,-8.355954285166582,2.1155066433593803,False,,False,41.837329374166664,,,,,,,,,,,,,,,,,,False,False
TRDA,vcp,7.070000171661377,6.369999885559082,6.5,,,,False,2.0,18%->10%,18.31168678362182,9.900993905319837,0.7484589660080156,10.0,,,,,,-8.062237027180053,2.000001760629507,False,,False,42.504002967164354,,,,,,,,,-53.94871794871795,-95.7437493919642,-96.52655222204396,-91.7526826775677,2.6285714285714246,-32.640492686682066,-19.516728624535318,-17.230769230769226,-96.52655222204396,True,False
TRGP,vcp,307.94000244140625,281.0899963378906,283.010009765625,,,,False,2.0,12%->9%,11.945508622671156,8.719232931948993,0.7900682279209296,41.0,,,,,,-8.095730492346425,0.6784259784042395,False,23.344947735191624,True,42.503999927083335,23.344947735191624,142.85714285714283,74.30555555555549,25.714285714285733,60.18099547511313,-11.95219123505975,14.090909090909065,-23.344947735191635,12.064274157964405,4.900310379294015,-10.933600822038459,-33.39744225240408,-23.5801509490735,9.548138991896726,8.377243904617316,23.51448742462128,-33.39744225240408,True,False
TWIN,vcp,24.209999084472656,22.15999984741211,25.850000381469727,,,,True,2.0,11%->8%,11.309524980892455,8.467572550943778,0.5837473167739957,21.0,,,,,,6.774065919105725,14.274663364039064,False,20.000000000000128,False,41.503999749340274,20.000000000000128,,2114.285714285714,,-47.8260869565217,-85.16129032258064,,-140.0,18.33095430190943,19.01971886462668,0.2880306046418424,9.738398013635674,18.311374025275605,7.223331115546694,12.730636531826601,-17.255218353710255,0.2880306046418424,True,False
UMC,vcp,19.770000457763672,17.8799991607666,24.68000030517578,,,,True,2.0,13%->10%,12.805755527308705,9.559945641047609,0.7988076979016541,35.0,,,,,,24.83560816248719,27.55267852643873,False,,False,34.504000033171295,,,,,,,,,,,,,,,,,,False,False
UNM,vcp,94.55000305175781,86.54000091552734,94.45999908447266,,,,True,2.0,11%->8%,11.38969443607741,8.471710076884605,0.7195958802496597,68.0,,,,,,-0.09519192425185538,8.384499519063834,True,-93.35260115606935,True,40.837322347766204,-16.145833333333325,33.01886792452828,-44.50261780104717,-93.35260115606935,14.184397163120588,33.01886792452835,360.86956521739114,-88.02083333333334,0.25584577854464996,8.5263294087204,0.23172464932337267,5.0170966739198075,0.44110634239389324,3.4246786473906443,-3.975254558370822,0.5057416552626925,0.23172464932337267,True,False
UTMD,vcp,74.6960224819888,67.86473733469442,75.01000213623047,,,,True,2.0,12%->9%,12.122883289239347,9.145447000128534,0.6865530303030304,47.0,,,,,,0.42034320410751747,9.525749364143559,True,-19.60784313725491,True,28.503998568738425,-10.638297872340418,-10.869565217391308,-8.045977011494232,-19.60784313725491,2.4390243902439046,2.499999999999969,-2.43902439024386,-12.765957446808507,-14.307244047020994,-10.175077239958807,-1.2338938632889263,-1.9290354822588673,-2.212795230451736,-3.571033720287453,-7.816958825927434,-1.4166582939817096,-14.307244047020994,True,False
UVE,vcp,45.11000061035156,41.720001220703125,42.470001220703125,,,,False,2.0,17%->8%,16.765237863569695,7.514961968035358,0.7178364134885874,56.0,,,,,,-5.8523594633750164,1.765952386256096,False,30.555555555555557,False,28.837301901574072,68.59504132231406,30.555555555555557,895.652173913044,,8.510638297872353,-17.903930131004408,65.94202898550732,14.049586776859503,6.7206309775804,-0.32973127660705925,6.007395876915567,3.464549456333832,8.503804962331518,-3.520491461686681,1.7320022644464528,0.209926001084626,-0.32973127660705925,True,False
VERA,vcp,36.22999954223633,32.630001068115234,33.04999923706055,,,,False,2.0,16%->10%,16.020460294485595,9.936512612770738,0.39313424804016195,5.0,,,,,,-8.77725737056273,1.270796304510496,False,,False,42.837303109039354,,,,,,,,,,,,,,,,,,False,False
VMD,vcp,9.390000343322754,8.595000267028809,8.800000190734863,,,,False,2.0,31%->8%,31.093117684024772,8.466454177067963,0.5744544828507704,39.0,,,,,,-6.283281480468111,2.329544537077285,False,-12.49999999999999,True,41.83729513738426,-12.49999999999999,0.0,39.99999999999997,-10.000000000000009,16.666666666666675,-57.14285714285715,55.55555555555558,12.5,23.85340015224562,27.541477109371026,25.51445753356949,23.981104751396455,3.5576948577187295,-1.0068127223323398,5.933476096448542,14.047830499873125,23.85340015224562,True,False
VMI,vcp,511.8699951171875,461.9700012207031,471.010009765625,,,,False,2.0,22%->10%,22.196768592078282,9.748567873188243,0.6529621294015489,61.0,,,,,,-7.982492769908895,1.9192816198152967,False,21.16788321167884,False,26.50393970708333,,27.54629629629628,134.28571428571422,21.16788321167884,11.433756805807626,-38.91352549889135,81.12449799196784,,6.486233851285239,6.1778742492113015,0.09312692447849269,2.529467983434208,8.6953226641741,-0.8729027411245704,-0.7380638253121519,-0.43482068406203167,0.09312692447849269,True,False
VPG,vcp,66.80000305175781,59.470001220703125,69.83000183105469,,,,True,3.0,21%->14%->11%,20.840953927344813,10.973056132011362,0.40184041709713847,25.0,,,,,,4.535926109088916,14.836030844473328,False,-750.0,False,40.50396064712963,-750.0,,-333.33333333333337,,,,-123.72881355932202,2849.9999999999995,11.674937800188934,17.57990549337198,10.8997563761992,5.28345240138921,-0.4943511196993544,4.692697214913366,1.0585992374071873,6.0762895650669835,5.28345240138921,True,False
VSH,vcp,34.040000915527344,30.190000534057617,32.599998474121094,,,,False,2.0,20%->11%,19.928928337592886,11.310224083200742,0.791173140290836,25.0,,,,,,-4.230324332187056,7.39263206400641,False,1800.0,False,41.50392665975694,1800.0,,,,280.0,400.0000000000003,,-700.0,16.5726467694326,17.337773825702296,12.061574107757478,7.518429924131675,5.878280638957545,4.78448588002327,1.3004654457148712,3.7244998360117965,7.518429924131675,True,False
VSXY,vcp,78.48999786376953,71.72000122070312,83.33999633789062,,,,True,2.0,22%->9%,22.3109708218574,8.625298544174623,0.8288882742634374,18.0,,,,,,6.179129323635542,13.942879323003348,False,-8.298755186721984,False,70.50393861938657,990.0,,-8.298755186721984,,289.2857142857143,-74.6606334841629,,-330.0,10.418094585332426,15.299334811529942,7.68865685809208,9.279881217520414,3.26923076923078,-31.247245482591445,54.144021739130444,0.8910212474297463,7.68865685809208,True,False
WAT,vcp,426.2200012207031,392.95001220703125,420.57000732421875,,,,False,2.0,10%->8%,9.989048460581818,7.805825376187396,0.780756697115878,54.0,,,,,,-1.3256050584915473,6.567276466744135,False,-156.27530364372467,True,36.5039199393287,-156.27530364372467,-142.85714285714286,-3.0927835051546615,-7.749077490774903,,-123.13829787234043,50.4,1.2145748987854255,113.35927367055771,91.38972809667673,6.839010259947709,8.04830441507216,29.834254143646397,35.88603162380053,16.56633999552437,3.7466926070038875,6.839010259947709,True,False
WATT,vcp,11.770000457763672,10.5,12.979999542236328,,,,True,3.0,39%->21%->11%,39.004150362777104,10.79014790459044,0.44812235422640995,29.0,,,,,,10.280365653465395,19.106314558536944,False,-94.70712773465067,False,,,,-94.70712773465067,,,-157.33333333333331,,,216.82051282051282,798.5422740524781,610.2803738317757,453.04347826086956,0.2271252433484694,1.3815789473684115,138.99371069182388,30.461538461538453,216.82051282051282,True,False
WLY,vcp,50.0,45.9900016784668,47.75,,,,False,2.0,15%->8%,15.143227228237974,8.019996643066406,0.436473223645217,14.0,,,,,,-4.5,3.6858603592318393,False,-204.54545454545453,False,70.50393609997685,-204.54545454545453,103.2,,13.513513513513509,-109.05511811023622,353.57142857142856,-33.33333333333333,281.8181818181818,-2.6307963709677473,1.2115351157646392,1.3370371651846291,-1.1355032290580103,-13.747346190681364,9.244310255684862,-2.7777053284995135,6.288054435483881,-2.6307963709677473,True,False
WSFS,vcp,82.73689545294805,76.33999633789062,76.98999786376953,,,,False,2.0,15%->8%,14.883385184493699,7.731616082567781,0.8172904635738246,155.0,,,,,,-6.945991335203942,0.8442674943686267,False,23.148148148148096,True,28.83723625887731,28.346456692913378,46.428571428571395,23.148148148148096,26.851851851851862,-0.6097560975609762,23.308270676691766,-2.91970802919711,7.874015748031504,43.70771279639085,47.88475209833509,73.99897604761748,66.63709538649792,14.414229307240056,9.20635391044069,8.403532967247319,6.098365604906353,43.70771279639085,True,False
WST,vcp,360.2900085449219,331.989990234375,375.8699951171875,,,,True,2.0,16%->8%,15.733165792242696,7.85478854238567,0.28477729826561354,42.0,,,,,,4.324290488983425,11.674250526204343,False,2.2471910112359605,True,28.50391921255787,18.13186813186811,56.09756097560976,2.2471910112359605,3.7837837837837673,11.979166666666675,5.494505494505475,-5.208333333333314,5.494505494505497,13.803000652315722,21.0458452722063,7.505341880341887,7.725264426295353,3.2429873357793904,4.956521739130437,0.0497141436738735,4.9706457925636105,7.505341880341887,True,False
WTS,vcp,392.89207047582164,345.6000061035156,357.2900085449219,,,,False,2.0,15%->12%,15.314034693028706,12.036909860520167,0.7137475416193457,58.0,,,,,,-9.061537405879179,3.2718526020400795,False,17.27574750830565,True,34.83723416505787,17.27574750830565,34.389140271493225,23.762376237623783,18.93203883495147,18.855218855218837,18.80000000000002,2.0408163265306145,-18.604651162790688,18.564548702811877,21.37992831541218,15.673575129533667,12.527593818984538,12.682710763324966,8.35066389377699,2.190616315187177,-4.971259903681835,12.527593818984538,True,False
WULF,vcp,17.93000030517578,16.290000915527344,16.350000381469727,,,,False,2.0,17%->9%,17.201839803936817,9.146677979559351,0.8380155590731094,8.0,,,,,,-8.812046273362096,0.36696920209484035,False,,False,46.50390122292824,,,,,,,,,51.307056112567075,65.26525993424916,-12.117836252627823,-14.819197533152694,11.575246251306638,38.326834575819426,-27.301438994418824,34.85252237331993,-14.819197533152694,True,False
XOM,vcp,168.63999938964844,155.32000732421875,161.22999572753906,,,,False,2.0,13%->8%,12.884913649225721,7.898477296986579,0.7625333607264012,76.0,,,,,,-4.393977519525667,3.665563828028342,False,,False,36.50389966819444,,,,,112.19512195121952,,,,,,,,42.34166809805413,,,,,False,False
ZIM,vcp,29.03499984741211,26.850000381469727,30.09000015258789,,,,True,2.0,10%->8%,10.317994899068283,7.525398579043325,0.24173282316625305,24.0,,,,,,3.633546790839103,10.767696094011178,False,,False,56.5039007940162,,,,,,,,,,,,,,,,,,False,False
