ticker,pattern_type,entry_price,stop_price,last_close,ribbon_width_pct,squeeze_days_ago,expanding,breakout,n_contractions,contraction_pcts,first_contraction_pct,final_contraction_pct,volume_dryup_ratio,base_len,pole_gain_pct,pole_len,flag_len,retracement_pct,volume_ratio,extension_pct,risk_pct,is_lre,eps_min_yoy_pct,eps_full_history_available,days_to_earnings,eps_yoy_q1_pct,eps_yoy_q2_pct,eps_yoy_q3_pct,eps_yoy_q4_pct,eps_qoq_q1_pct,eps_qoq_q2_pct,eps_qoq_q3_pct,eps_qoq_q4_pct,revenue_yoy_q1_pct,revenue_yoy_q2_pct,revenue_yoy_q3_pct,revenue_yoy_q4_pct,revenue_qoq_q1_pct,revenue_qoq_q2_pct,revenue_qoq_q3_pct,revenue_qoq_q4_pct,revenue_min_yoy_pct,revenue_full_history_available,passes_growth
OPTT,bull_flag,2.5999999046325684,1.75,2.109999895095825,,,,False,,,,,,,1505.8823472694542,7.0,4.0,38.28125048657966,0.04711793723087273,-18.846154904224502,17.061607250908224,False,,False,83.82029250032407,,,,,-211.30434782608694,,,,-38.01652892561983,22.672064777327925,162.5,25.581395348837212,-0.990099009900991,-57.56302521008403,-5.555555555555558,56.19834710743801,-38.01652892561983,True,False
SWVL,bull_flag,5.989999771118164,3.880000114440918,4.269999980926514,,,,False,,,,,,,277.39726609015094,15.0,4.0,40.24691451051903,0.06215490316470383,-28.714521801568864,9.13348637535527,False,,False,,,,,,,,,,,,,,,,,,,False,False
INDP,bull_flag,4.090000152587891,2.9000000953674316,3.549999952316284,,,,False,,,,,,,232.42009221899758,14.0,3.0,29.076620328213842,0.6642842041924835,-13.202938389377048,18.309855371258365,False,-101.90114068441063,False,,,,-101.90114068441063,,,,,,,,,,,,,,,False,False
RFAI,bull_flag,54.70000076293945,25.0,40.5,,,,False,,,,,,,220.00000000000003,15.0,7.0,31.818181818181817,0.09670000534845162,-25.95978165426332,38.2716049382716,False,,False,,,,,,,,,,,,,,,,,,,False,False
IGR,bull_flag,12.920000076293945,12.100000381469727,12.210000038146973,,,,False,,,,,,,191.1669081152696,14.0,8.0,9.887213411541733,0.7917898798303488,-5.495356299956257,0.9008980862701126,False,,False,,,,,,,,,,,,,,,,,,,False,False
MRNA,bull_flag,161.9600067138672,130.3800048828125,154.0399932861328,,,,False,,,,,,,165.07612821122288,15.0,15.0,13.935439072452386,0.4232010379649414,-4.890104408137354,15.35963998607254,False,-1800.0,False,44.48704532766204,,,,-1800.0,,,,,2.1126760563380254,260.18518518518516,-29.81366459627329,-45.43501611170784,-62.724935732647815,-42.62536873156342,-33.26771653543307,615.4929577464789,-45.43501611170784,True,False
CAPR,bull_flag,11.0,8.180000305175781,9.0600004196167,,,,False,,,,,,,161.29871867040458,13.0,15.0,30.27375134518362,0.2387954192180003,-17.63635982166637,9.713025095843738,False,,False,49.82074022446759,,,,,,,,,-7.921690517003965,-63.4382475774409,1.3777014586210834,64.29114312270147,392.14278829275366,-43.0523150556549,-19.06383632603793,-59.40733891022807,-63.4382475774409,True,False
RCEL,bull_flag,11.390000343322754,9.600000381469727,11.020000457763672,,,,False,,,,,,,117.26315146998357,15.0,15.0,12.92637976306414,0.29609732360097324,-3.248462461864541,12.885662589002386,False,,False,44.82020757480324,,,,,,,,,17.90299572039944,4.0327421555252485,-4.288381287063469,-12.875116015262456,12.72031053294167,9.368366703000408,3.1603243179262552,-7.2917809722374605,-12.875116015262456,True,False
QMCO,bull_flag,26.389999389648438,21.719999313354492,25.09000015258789,,,,False,,,,,,,106.5365065807982,15.0,13.0,20.796817296293078,0.3662120368823858,-4.926105597298633,13.431649337338891,False,,False,48.820224276782405,,,,,,,,,25.692996920013698,27.310121933303954,8.59297653019626,-12.709127856804836,3.601559094289297,4.569222106025261,18.92848600813202,-2.4437669165914833,-12.709127856804836,True,False
OABI,bull_flag,5.429999828338623,3.890000104904175,4.46999979019165,,,,False,,,,,,,105.80357651283241,15.0,15.0,30.379746453423223,0.587657575855346,-17.67955927248522,12.975385067358319,False,,False,43.820327234988426,,,,,,,,,244.23915832691816,247.30380356283098,-22.473158089596446,-46.332694151486095,-7.014625355236714,72.24212034383955,274.09557838320677,-42.54554785732615,-46.332694151486095,True,False
ABCL,bull_flag,13.180000305175781,10.319999694824219,12.630000114440918,,,,False,,,,,,,89.8927905071875,15.0,15.0,35.43441453529777,0.36023649003840896,-4.172990728375616,18.289789379934255,False,,False,44.820841209282406,,,,,,,,,-76.29360805431983,96.3400236127509,788.373935432759,37.6210235131397,-51.2928442573662,-81.46207696080617,400.88218872138464,-47.58253336455163,-76.29360805431983,True,False
AMLX,bull_flag,37.68000030517578,31.3700008392334,32.40999984741211,,,,False,,,,,,,73.49509928003152,8.0,15.0,36.888885498046875,0.2614752940807264,-13.986200676967025,3.2088831011264363,False,,False,44.48750646512731,,,,,,,,,,-100.0,,-100.0,,,,,-100.0,False,False
HTFL,bull_flag,52.22100067138672,45.40999984741211,50.75,,,,False,,,,,,,70.58225398754658,14.0,13.0,23.88489163880504,0.8386691721551167,-2.816875686935504,10.522167788350524,False,,False,50.820502692152786,,,,,,-106.98689956331877,,,47.57277081798084,41.34390538906061,49.17410578733224,49.01783989180137,21.859014585353798,7.038612632050323,6.165182816146597,6.567796610169485,41.34390538906061,True,False
IRD,bull_flag,6.579999923706055,5.110000133514404,5.179999828338623,,,,False,,,,,,,67.67956805401695,7.0,6.0,39.18367045067723,0.3253249524289232,-21.276597440732328,1.3513455047095957,False,,False,50.48711184878473,,,,,,,,,-73.8029146426093,-50.64073226544623,-10.1580660158066,-20.37755365916731,-64.99768196569309,-44.191461836998705,25.527768756089642,6.835530881332419,-73.8029146426093,True,False
FGI,bull_flag,10.300000190734863,6.5,9.265000343322754,,,,False,,,,,,,64.6153726843793,12.0,15.0,33.67346640876369,0.005774041208963201,-10.04854202180618,29.843499631551314,False,-1241.6666666666672,False,51.82059384230324,,,-1241.6666666666672,,,,,,2.8623929214091293,-8.162842549749572,-14.399566381545249,-0.6934174320141762,4.537789338608711,0.10659036437152825,-15.007109988794342,15.647978305879096,-14.399566381545249,True,False
ARX,bull_flag,19.899999618530273,19.604999542236328,19.65999984741211,,,,False,,,,,,,63.87042861086325,15.0,13.0,1.625487734991131,0.2142744168083713,-1.2060290237125613,0.2797574038792328,False,-1525.0000000000007,False,50.487468641817124,800.0,-166.66666666666669,-1525.0000000000007,,,,,-17575.0,62.89365586490187,53.53932584269663,61.6135328562134,105.53420445810913,30.5890962312477,10.024154589371982,-7.10545998504114,22.0447284345048,53.53932584269663,True,False
AOUT,bull_flag,16.760000228881836,14.920000076293945,16.420000076293945,,,,False,,,,,,,57.58794578644155,6.0,5.0,13.263528151947435,0.10266850701633311,-2.0286405008633714,9.135200931975609,False,-3300.0,False,79.82079456340279,,,-3300.0,-33.33333333333333,,,-300.0,,25.425897245976703,-24.027315876142197,-3.297154089394072,-5.035529286757868,-20.83554686669925,-16.821620475113118,-1.0891798807671438,92.57625749107805,-24.027315876142197,True,False
AVAH,bull_flag,14.710000038146973,12.970000267028809,13.670000076293945,,,,False,,,,,,,54.41340770217229,12.0,15.0,17.45378742853562,0.6995027531077257,-7.070020116628339,5.120700843879678,False,38.46153846153846,False,44.48746157586806,38.46153846153846,533.3333333333334,453.3333333333334,,-5.263157894736848,-77.10843373493977,1283.3333333333335,-53.846153846153854,13.727349364688157,15.859655522652826,27.43136772128525,22.18347697451786,3.48317294706868,-2.1985569375679304,6.517971129140654,5.493823286456001,13.727349364688157,True,False
ETON,bull_flag,62.90999984741211,54.130001068115234,55.5,,,,False,,,,,,,53.60293956088906,10.0,15.0,39.04891411942148,0.5820848222342537,-11.778731307240545,2.4684665439365148,False,150.0,False,51.82060840114583,,150.0,,,599.9999999999999,,,,98.58939137785292,40.411989353084145,82.71657937666352,117.5416505230531,54.90398087859556,14.026596494525624,-5.245113317600958,18.65490278951818,40.411989353084145,True,False
JWEL,bull_flag,2.690000057220459,2.009999990463257,2.2799999713897705,,,,False,,,,,,,52.90322312703357,15.0,14.0,43.90242980534866,0.012255274794179202,-15.241638554251038,11.842104575200306,False,,False,,,,,,,,,,,,,,,,,,,False,False
VREX,bull_flag,18.540000915527344,18.450000762939453,18.489999771118164,,,,False,,,,,,,50.93877364178092,15.0,15.0,0.6410097699657992,0.44118748580259337,-0.26969332222256515,0.21632779163789054,False,-211.76470588235296,False,56.82006700732639,,-211.76470588235296,,,,-480.0,-82.75862068965517,,3.6945812807881673,1.4560826679192118,4.904904904904894,11.278561011181342,-2.546296296296291,3.053435114503822,-8.43162953254697,12.758620689655164,1.4560826679192118,True,False
HZO,bull_flag,52.560001373291016,52.08000183105469,52.560001373291016,,,,True,,,,,,,48.56247378277987,15.0,15.0,0.644764427875826,0.8043445414855348,0.0,0.9132411143357496,True,-185.7142857142857,False,51.48715830769675,,-185.7142857142857,-146.75324675324674,-52.941176470588246,,,-550.0000000000008,,-6.984763200382249,-16.484644070212106,7.837792260188148,-1.947890510404493,15.897628419527798,4.401220955781926,-8.507605681758502,-15.978781390804963,-16.484644070212106,True,False
TITN,bull_flag,26.440000534057617,22.520000457763672,23.719999313354492,,,,False,,,,,,,48.135582955760945,13.0,9.0,43.42722400358367,0.6453900709219859,-10.287447676861676,5.059017244217263,False,-28.57142857142857,False,63.48679337675926,,,,-28.57142857142857,,,-3279.9999999999995,,-9.158056168630335,-12.1067880794702,-15.539246842763921,-5.194579773588459,-4.976635827107034,-18.61132534062493,-0.41504398690478395,17.95009754294268,-15.539246842763921,True,False
ANF,bull_flag,150.0,133.89999389648438,135.75999450683594,,,,False,,,,,,,47.10776346632819,15.0,7.0,37.33060826634637,0.5218541389842821,-9.493336995442709,1.3700653252883757,False,-7.547169811320764,True,64.48746985457176,43.29896907216495,-7.547169811320764,1.4084507042253946,-5.600000000000005,183.6734693877551,-59.16666666666668,52.54237288135597,-18.900343642611695,4.809773614880508,1.5045871225204177,5.355800966233559,6.753953378341482,13.724646958532837,-33.29622314501959,29.37993319484682,6.789815979347313,1.5045871225204177,True,False
RCMT,bull_flag,42.5099983215332,38.84000015258789,39.38999938964844,,,,False,,,,,,,46.98456345057285,14.0,12.0,22.985063749580455,0.7643972320713713,-7.3394473184543685,1.396291560250912,False,-14.28571428571428,True,43.82021625111111,36.00000000000001,-3.703703703703709,110.52631578947363,-14.28571428571428,30.76923076923077,-35.0,166.66666666666669,-40.0,20.021492720620216,-1.698767653569777,12.434990638651966,16.439990060465504,12.979599701341549,-3.9756695499329253,23.0292079841796,-10.077271447944113,-1.698767653569777,True,False
OMER,bull_flag,19.549999237060547,16.5,17.8700008392334,,,,False,,,,,,,46.387836946199855,15.0,15.0,45.0819643938681,0.5663590162615214,-8.593342523729662,7.6664844705859,False,,False,51.820292253217595,,,,,-75.80645161290323,-56.64335664335665,,,-4.916011198506864,-65.6767165111196,-100.0,-100.0,188.37561912463357,,,-100.0,-100.0,True,False
CNH,bull_flag,14.359999656677246,13.279999732971191,13.449999809265137,,,,False,,,,,,,43.569292142588665,13.0,9.0,25.62928867023971,0.6322712686629814,-6.337046442678494,1.2639411056113135,False,-90.0,True,48.48736701320602,-35.29411764705883,-90.0,-42.8571428571429,-75.0,1000.0,-87.5,33.33333333333328,-64.70588235294117,3.0340711265854248,-0.06305170239596647,7.7984984257689405,-7.380535401551159,30.69400630914827,-28.780049427095033,20.232306861156136,-7.933349912956977,-7.380535401551159,True,False
FDMT,bull_flag,15.6899995803833,12.9399995803833,15.220000267028809,,,,False,,,,,,,41.327010216608805,15.0,15.0,45.18349592096402,0.7440417413893625,-2.995534263379568,14.980293341943554,False,,False,49.82059399737268,,,,,,-334.88372093023247,,,25106.666666666668,21664.285714285714,8508900.0,2900.0,24.089268132589424,-96.41908567399224,94444.44444444445,500.0,2900.0,True,False
FEIM,bull_flag,87.0,82.51000213623047,85.52999877929688,,,,False,,,,,,,40.92632698275609,5.0,4.0,12.04187532531699,0.8351785538289693,-1.6896565755208333,3.5309209472330982,False,-251.51515151515147,True,79.82059463400462,485.7142857142856,-251.51515151515147,-90.0,-35.71428571428572,,-412.5,-11.111111111111105,157.1428571428571,,,-100.0,-100.0,,,,,-100.0,False,False
OKTA,bull_flag,192.58999633789062,181.36000061035156,182.3699951171875,,,,False,,,,,,,38.70703726234481,12.0,4.0,9.782810796290029,0.8374324457109168,-5.306610631412332,0.5538161615823558,False,19.999999999999996,False,70.82030329493055,75.67567567567568,19.999999999999996,133.3333333333334,,54.761904761904766,19.99999999999997,45.83333333333337,-35.13513513513513,10.576923076923084,11.191860465116289,11.58357771260996,11.578947368421044,5.228758169934644,0.5256241787122251,2.5606469002695365,1.9230769230769162,10.576923076923084,True,False
KRSA,bull_flag,35.474998474121094,29.940000534057617,34.9900016784668,,,,False,,,,,,,36.39456295361363,5.0,3.0,25.000011141053314,0.4940375204114858,-1.3671509979291487,14.432697634070141,False,-160.8695652173913,False,,,,-160.8695652173913,,,,,,-90.48640915593705,-75.42997542997543,,,-66.75,-46.59546061415221,-26.13412228796844,-27.467811158798284,-90.48640915593705,False,False
PRE,bull_flag,24.93000030517578,21.549999237060547,24.190000534057617,,,,False,,,,,,,35.058438425911916,13.0,7.0,43.17461470807732,0.5449456700691472,-2.9683103171263534,10.913605782191514,False,,False,49.48691594368056,,,,,,,,,,,,,,,,,,False,False
AGRO,bull_flag,12.789999961853027,11.279999732971191,11.460000038146973,,,,False,,,,,,,34.904609019211776,12.0,12.0,23.794230854148573,0.7571017808932311,-10.398748457176406,1.5706832860088404,False,,False,50.8208399827199,,,,,,,,,,,,,,,,,,False,False
GORO,bull_flag,3.75,3.369999885559082,3.5899999141693115,,,,False,,,,,,,34.57248358944569,15.0,7.0,26.881725391993545,0.7545410767241005,-4.266668955485026,6.128134648190798,False,,False,70.82053335556714,,,,,,,,,,,,,,,,,,False,False
IAG,bull_flag,21.709999084472656,19.149999618530273,20.350000381469727,,,,False,,,,,,,34.37305048571946,15.0,15.0,43.375702317930426,0.8031666317244791,-6.2643885783285125,5.896809535355823,False,,False,42.820474731504625,,,,,,,,,,,,,,,,,,False,False
FSM,bull_flag,12.9399995803833,11.270000457763672,11.949999809265137,,,,False,,,,,,,33.995814407404666,15.0,15.0,47.38461421086238,0.7258482522547168,-7.650693997076921,5.690371233096123,False,,False,43.820557031805556,,,,,,,,,,,,,,,,,,False,False
MTW,bull_flag,22.3799991607666,18.729999542236328,22.350000381469727,,,,False,,,,,,,33.77903010449814,15.0,15.0,5.833347406651679,0.8361357577004518,-0.13404280796160417,16.196871487459674,False,-87.5,False,43.82034396938657,875.0,,-87.5,,,-185.0,42.85714285714284,250.00000000000006,10.268767377201105,5.032915693353157,13.60738255033558,5.449695121951215,20.279013344116457,-26.953182690887612,22.352728586917237,2.5764596848934174,5.032915693353157,True,False
DELL,bull_flag,595.510009765625,525.8499755859375,568.0599975585938,,,,False,,,,,,,33.479994829963246,7.0,5.0,29.12362698758922,0.7182429101125872,-4.609496357220722,7.430557010538734,False,39.02439024390243,True,66.82065382725693,272.94117647058823,282.4817518248175,55.60747663551404,39.02439024390243,20.992366412213737,57.357357357357365,46.05263157894739,34.11764705882352,57.747850617947336,87.53528958850201,39.48017216163136,10.830665681687602,7.13699192555084,31.346055903412328,23.603036474726903,-9.306152606125739,10.830665681687602,True,False
HBIO,bull_flag,8.369999885559082,7.849999904632568,7.949999809265137,,,,False,,,,,,,32.90112978718997,15.0,11.0,17.24137688039466,0.6332031976203756,-5.0179221270788705,1.2578604658081358,False,106799.99999999991,False,44.48717543503472,,,106799.99999999991,,,-107.20299345182414,,,11.134474327628352,-4.679893450904748,-3.3433784003909395,-6.276741010468823,9.501324981932058,-12.555298082999789,15.268806760235055,0.6894865525672422,-6.276741010468823,True,False
EPRX,bull_flag,8.71500015258789,7.929999828338623,8.579999923706055,,,,False,,,,,,,32.807568984947586,7.0,5.0,23.557705092712737,0.4275354292230005,-1.5490559554579935,7.575758754630267,False,,False,42.820633881574075,,,,,,,,,,,,,,,,,,False,False
CMDB,bull_flag,24.760000228881836,22.829999923706055,23.90999984741211,,,,False,,,,,,,31.37685882794836,15.0,9.0,19.58043007367966,0.8238515885892845,-3.432957890195111,4.516938229185928,False,,False,52.48738375115741,,,,,,,,,,,,,,,,,,False,False
MGRT,bull_flag,121.9800033569336,116.98999786376953,121.9800033569336,,,,True,,,,,,,29.85476160419045,11.0,6.0,13.369366070171735,0.3534361851332398,0.0,4.0908389537935035,True,,False,,,,,,,,,,,,,,,,,,,False,False
MOVE,bull_flag,11.5,10.010000228881836,11.010000228881836,,,,False,,,,,,,29.56926561971953,13.0,5.0,44.09448434566114,0.4684680710268005,-4.260867574940557,9.08265194560817,False,-195.37444933920702,False,,,,-195.37444933920702,,,,,,,,,,,,,,,False,False
PSNL,bull_flag,17.375999450683594,15.914999961853027,16.399999618530273,,,,False,,,,,,,28.93322779239762,15.0,15.0,23.4747849236466,0.6870096908773317,-5.616942121363403,2.957315048527486,False,,False,42.820242909583335,,,,,,,,,29.95989071673546,-24.91142926474157,3.2440476190476186,-43.61896612081372,44.49974146845914,-10.79850100893629,19.6619523973784,-15.741440446433764,-43.61896612081372,True,False
VRA,bull_flag,4.539999961853027,3.9700000286102295,4.25,,,,False,,,,,,,28.616354299597834,8.0,3.0,13.186825566958019,0.8322115384615385,-6.387664411668016,6.5882346209357765,False,,False,79.48673372769676,,,,,,-269.99999999999983,,,1.1163171413248962,7.832584791698927,-39.162778697512415,-11.67657449314019,28.629133603820335,-34.381773631137506,36.359693508746574,-12.144006322504165,-39.162778697512415,True,False
AEM,bull_flag,215.8407418723856,192.6999969482422,199.49000549316406,,,,False,,,,,,,28.299192116733572,15.0,15.0,46.95309958160773,0.6379201071997682,-7.575370728149551,3.4036835720847924,False,,False,36.820839503807875,,,,,,,,,,,,,,,,,,False,False
CBLL,bull_flag,25.62700080871582,23.040000915527344,24.3700008392334,,,,False,,,,,,,28.054799119087104,15.0,15.0,6.4453099534152525,0.8237183850153821,-4.9049827518439555,5.45752924868546,False,-121.47239263803682,False,42.82073330584491,,,-121.47239263803682,,,,,,32.53927072031699,29.295788394905074,33.721808568037126,31.369584181448083,6.05042651166301,6.899612653324727,9.717118951702153,6.5569130619368865,29.295788394905074,True,False
GPRK,bull_flag,12.170000076293945,11.010000228881836,11.039999961853027,,,,False,,,,,,,27.848503832246372,14.0,8.0,36.11216647499142,0.7361761579128836,-9.285128244510496,0.27173671263451754,False,,False,43.82053145530092,,,,,,,,,,,,,,,,,,False,False
PEPG,bull_flag,3.4800000190734863,2.8350000381469727,2.8499999046325684,,,,False,,,,,,,27.385884809403137,15.0,15.0,35.606052943386416,0.5410260423240355,-18.103451465171226,0.5263111223693019,False,,False,50.4869574121412,,,,,,-1399.9999999999989,,,,,,,,,,,,False,False
MLAB,bull_flag,132.6999969482422,119.06999969482422,126.54000091552734,,,,False,,,,,,,27.363611792448616,15.0,15.0,34.125308359804976,0.7629491411894167,-4.642046853337507,5.9032726147123835,False,-42.352941176470594,False,44.82038757163194,-42.352941176470594,,,-28.57142857142857,,-213.84615384615384,44.44444444444444,-47.05882352941176,0.9992778328266949,2.5573348354389625,3.6378103119032446,5.021354589939997,-5.627393132885572,-2.152750053741981,7.226237713420147,2.0052734998236676,0.9992778328266949,True,False
MRVI,bull_flag,7.514999866485596,6.485000133514404,6.96999979019165,,,,False,,,,,,,26.584511875302375,15.0,8.0,46.68872959232008,0.5242629059785779,-7.252163486049611,6.958388397080717,False,,False,44.82038143497685,,,,,,,,,8.534295419541316,40.52721451440768,-11.832101559461083,-39.688518652662076,-21.864605009341254,32.02783459671921,19.783809752582272,-12.167436757600692,-39.688518652662076,True,False
SNDK,bull_flag,1807.3800048828125,1504.199951171875,1791.8199462890625,,,,False,,,,,,,26.559058384637236,15.0,13.0,19.009677485227584,0.7549480815460788,-0.8609179337888542,16.051835772498297,False,-48.630136986301366,False,45.82016333177083,,,615.2777777777778,-48.630136986301366,94.65914025184543,347.18446601941747,586.6666666666667,,371.59389794844816,251.03244837758112,61.24733475479744,22.570366436537448,50.67226890756302,96.69421487603307,31.065857885615245,21.409784324039972,22.570366436537448,True,False
WPM,bull_flag,160.99000549316406,144.02999877929688,151.00999450683594,,,,False,,,,,,,26.256385124401582,15.0,15.0,42.48879650070464,0.7191475399538992,-6.199149416608905,4.62220778852031,False,,False,44.82005158511574,,,,,,,,,,,,,,,,,,False,False
BSIN,bull_flag,1.6699999570846558,1.440000057220459,1.5700000524520874,,,,False,,,,,,,25.833327538437544,15.0,15.0,22.580627794689264,0.6113900238039001,-5.988018395350124,8.28025419671734,False,,False,,,,,,,,,,5.226824457593682,-26.85818513451892,-67.00591715976331,-64.93847084930403,33.04239401496258,15.064562410329984,-19.792865362485614,-14.299802761341219,-67.00591715976331,True,False
JILL,bull_flag,24.503999710083008,23.19499969482422,23.940000534057617,,,,False,,,,,,,25.612935982634276,6.0,5.0,18.024445140223147,0.7659669799834413,-2.301661698899359,3.111949969147003,False,-309.0909090909091,True,78.48711117819444,60.86956521739133,-59.210526315789465,-309.0909090909091,-25.00000000000001,258.0645161290323,,-138.3333333333333,-13.043478260869556,0.9411917014596982,-5.998233903851647,-3.084981725860003,-0.4342554397248177,7.712020114108897,4.192185622062761,-8.038651179721368,-2.194387804641229,-5.998233903851647,True,False
TWLO,bull_flag,249.4459991455078,221.86000061035156,243.83999633789062,,,,False,,,,,,,24.91718434268144,15.0,15.0,40.46530115188961,0.6503588772578458,-2.2473813277506496,9.01410599476931,False,375.0,False,37.820119100266204,4671.428571428571,375.0,,,1071.9298245614036,,-221.73913043478262,64.28571428571428,22.033416773510805,19.99585487985549,14.319550398172144,14.70940299863539,6.552103301781842,2.9999341108255972,5.039057153095738,5.859291369029451,14.319550398172144,True,False
CLS,bull_flag,353.9599914550781,313.0,332.6300048828125,,,,False,,,,,,,24.761493861711426,6.0,5.0,48.77869786044175,0.7213592998501932,-6.026100996494307,5.901453445165978,False,74.17582417582416,True,34.82071386027778,74.17582417582416,147.29729729729732,77.51937984496129,208.0,73.22404371584699,-20.087336244541486,-0.8658008658008698,26.923076923076916,62.39026750535701,52.79770444763272,43.57151274698512,27.78555711142228,16.100815418828752,10.72806369531314,14.43018159048215,10.38916154005669,27.78555711142228,True,False
HALO,bull_flag,112.66000366210938,103.47000122070312,112.44999694824219,,,,False,,,,,,,24.6735022220522,15.0,15.0,16.3043364606886,0.7704208793416263,-0.18640751556962576,7.985767871271994,False,-206.60377358490564,True,41.82051016549769,42.85714285714284,31.182795698924725,-206.60377358490564,36.190476190476176,55.73770491803278,,-179.020979020979,7.5187969924811915,47.6729942066628,42.22856517192037,51.59559474913424,22.124625970408562,27.684838123958077,-16.61453802513242,27.522694939367256,8.76368894660735,22.124625970408562,True,False
PUSA,bull_flag,4.139999866485596,3.424999952316284,3.490000009536743,,,,False,,,,,,,24.26229577396417,15.0,15.0,49.32432497740662,0.7799125302015475,-15.70048014278394,1.8624658178464297,False,,False,,,,,,,,,,17.638717304958895,10.61503149346079,5.704014925146739,-22.893391836557186,-51.78517712937038,110.84609468270732,106.86895552692665,-44.061756930883774,-22.893391836557186,True,False
HAE,bull_flag,110.44999694824219,100.52999877929688,108.4000015258789,,,,False,,,,,,,23.500357734444833,15.0,15.0,22.37237472310992,0.7585747881261925,-1.8560393653283003,7.260150033026691,False,-135.04273504273505,True,44.48717974494213,2.857142857142869,-135.04273504273505,28.37837837837838,22.72727272727273,,-143.15789473684214,17.28395061728394,15.714285714285726,5.596246351829848,4.764684708665179,-2.7471581617136476,-5.266402516851853,-2.0126981010593292,2.1783831464419867,3.559873516337464,1.8422870370946587,-5.266402516851853,True,False
SGMT,bull_flag,11.449000358581543,10.149999618530273,11.09000015258789,,,,False,,,,,,,22.997714891526645,15.0,15.0,29.85076184809725,0.7400182169134131,-3.1356467355210227,8.476109297782694,False,,False,51.48684284412037,,,,,,,,,,,,,,,,,,False,False
IMPP,bull_flag,6.001999855041504,5.630000114440918,5.659999847412109,,,,False,,,,,,,22.68041085076895,12.0,4.0,29.090883869767957,0.6828217152952792,-5.698100897855314,0.5300306321546637,False,,False,,,,,,,,,,,,,,,,,,,False,False
PBR,bull_flag,21.43000030517578,20.579999923706055,20.799999237060547,,,,False,,,,,,,22.57882982659345,13.0,3.0,29.67582209813094,0.7183960962409632,-2.93980895540667,1.0576890453077847,False,,False,49.82029193756944,,,,,,,,,,,,,,,,,,False,False
BDSX,bull_flag,29.959999084472656,25.420000076293945,29.200000762939453,,,,False,,,,,,,21.57564754656398,11.0,11.0,36.099582599281064,0.3932264348868575,-2.5367100959862405,12.945207492744565,False,-133.33333333333331,False,42.820760349456016,,,-133.33333333333331,,,,,,34.18423418922969,42.30426550840851,40.75578834010476,19.927276734064247,5.110545881432205,-11.128499391410184,32.097574421168694,8.742132081126996,19.927276734064247,True,False
INTG,bull_flag,39.5,35.79999923706055,37.22999954223633,,,,False,,,,,,,21.212125184523025,12.0,7.0,44.18261554486117,0.48182227655878,-5.746836601933347,3.8409893171056537,False,,False,,,,,,,,,,21.08892058963385,19.80472266463542,5.95646516029813,20.71354089080888,17.750419050921916,-3.4165131468765653,10.526315789473696,-3.6673799334284385,5.95646516029813,True,False
TII,bull_flag,3.0999999046325684,2.7249999046325684,2.930000066757202,,,,False,,,,,,,21.13821027898075,14.0,6.0,49.0384853450513,0.50412266743816,-5.483865906618977,6.9965924045701176,False,,False,43.48679431591435,,,,,,,,,,,,,,,,,,False,False
VBNK,bull_flag,23.739999771118164,21.975000381469727,22.790000915527344,,,,False,,,,,,,20.959664379055187,8.0,4.0,24.276731068666944,0.8060317560728745,-4.001680137952566,3.576132081251207,False,,False,78.48674145207175,,,,,,,,,,,,,,,,,,False,False
ROIV,bull_flag,41.83000183105469,39.165000915527344,39.77000045776367,,,,False,,,,,,,20.69862040986412,6.0,7.0,36.88981486752576,0.7382531298612499,-4.9246982622928455,1.5212460026970493,False,-265.21739130434787,False,48.486864482615744,,,-265.21739130434787,,-176.47058823529412,,,,-33.54838709677419,-66.7107001321004,-77.83322244400088,-64.89385474860335,-42.77777777777778,26.063031515757885,27.243793761935066,-27.6036866359447,-77.83322244400088,True,False
TBBB,bull_flag,52.220001220703125,48.099998474121094,51.349998474121094,,,,False,,,,,,,20.516604771289913,14.0,14.0,10.671501055902695,0.5019503182098132,-1.6660335623223048,6.329114112121942,False,,False,57.82014493136574,,,,,,,,,,,,,,,,,,False,False
DE,bull_flag,705.8800048828125,665.4500122070312,683.989990234375,,,,False,,,,,,,20.277972072445394,10.0,11.0,27.959899473938492,0.7807130488833637,-3.1010957240631285,2.710562770222831,False,-24.13793103448276,True,64.48732077597222,7.36842105263158,-1.3554216867469826,-24.13793103448276,-14.22319474835887,-22.137404580152676,170.6611570247934,-38.26530612244898,-17.47368421052632,4.909302712597774,4.748099976494546,12.964268923366241,11.225771715721455,-5.6922731692722,39.1010300697118,-22.460669624848727,3.1369612248294265,4.748099976494546,True,False
DBI,bull_flag,6.340000152587891,5.96999979019165,6.019999980926514,,,,False,,,,,,,20.192312100935418,5.0,3.0,26.666681804351477,0.8337684424089626,-5.047321198103723,0.8305679550378994,False,45.83333333333333,False,77.48732533820602,47.61904761904763,,,45.83333333333333,1450.0,,-202.85714285714283,66.66666666666666,-1.2292390232036432,1.3744178632104198,0.002382380474563739,-3.1887791207858007,4.957851655058509,-2.4158163873041816,-5.159680015310785,1.6812843763936325,-3.1887791207858007,True,False
HNST,bull_flag,6.010000228881836,5.21999979019165,5.329999923706055,,,,False,,,,,,,19.368422658819906,8.0,14.0,48.91307052006344,0.8482254276568205,-11.314480520449093,2.063792403169849,False,-100.0,False,43.82050618506944,200.0,-100.0,,,,,-2200.0,-66.66666666666666,-10.866797205191581,-19.692544987146533,-11.819265402606248,-6.717252637625082,6.663337558739557,-11.288435544146214,-4.897862181460722,-0.9501492633133268,-19.692544987146533,True,False
PDS,bull_flag,94.58000183105469,85.29000091552734,87.6500015258789,,,,False,,,,,,,19.23432302947092,14.0,15.0,34.522984795145256,0.8307835495317316,-7.327130652370492,2.6925277458834564,False,,False,36.82029093375,,,,,,,,,,,,,,,,,,False,False
EZPW,bull_flag,33.869998931884766,29.420000076293945,30.649999618530273,,,,False,,,,,,,17.908787714779173,15.0,12.0,49.275345721753766,0.6038629850715387,-9.50693656598621,4.013049127389545,False,37.5,True,57.82059598805555,41.17647058823528,84.84848484848484,37.5,74.99999999999977,-21.311475409836067,10.90909090909089,57.14285714285721,2.9411764705881804,34.653885607159275,45.88888598701995,19.317550051535125,14.347939745578863,-6.295411977685339,16.97873665969494,13.4216909679852,8.306616802955812,14.347939745578863,True,False
BBCP,bull_flag,10.360713919298393,9.620663153966337,9.760000228881836,,,,False,,,,,,,17.454957026338192,6.0,5.0,43.87098804268505,0.7509661462358943,-5.797995148747779,1.4276339308186907,False,-43.750000000000014,False,113.82078676290509,28.57142857142856,,,-43.750000000000014,125.0,,-166.66666666666669,28.571428571428537,13.135228708886038,14.391858581590245,4.644486594555808,-3.152305944124445,9.30891180544866,19.354088081124775,-17.411445795318915,4.998991068299374,-3.152305944124445,True,False
TARS,bull_flag,83.33999633789062,77.08000183105469,78.08999633789062,,,,False,,,,,,,17.154982102509898,9.0,7.0,46.947170828003664,0.5778988013813426,-6.299496317127964,1.293372460239021,False,,False,43.48680049167824,,,,,,,,,69.40580557179037,106.8730452543563,128.38814600650522,146.67899746456627,7.317313981759166,6.847851887016376,27.7774501461705,15.621468926553671,69.40580557179037,True,False
KB,bull_flag,133.2899932861328,125.31999969482422,126.93000030517578,,,,False,,,,,,,16.575412395933785,15.0,5.0,35.64196062061092,0.8484059448649073,-4.771545728345918,1.2684161399831906,False,,False,37.48711151046296,,,,,,,,,,,,,,,,,,False,False
LB,bull_flag,89.1500015258789,81.75,85.95999908447266,,,,False,,,,,,,16.49681227441293,12.0,13.0,47.00864690886542,0.7279382370577654,-3.5782416004561037,4.89762579026496,False,14.999999999999991,False,48.8203941534375,66.66666666666667,14.999999999999991,,,73.91304347826086,-4.1666666666666625,-7.692307692307699,8.333333333333348,40.6180969011003,16.049691702122825,55.55616438356164,78.43577772317197,31.04597588471718,-10.167670576631792,11.699553422124298,6.938337575999842,16.049691702122825,True,False
NTR,bull_flag,81.44000244140625,76.73500061035156,77.08999633789062,,,,False,,,,,,,16.311238394718263,15.0,7.0,35.20318655285479,0.8281470490578566,-5.3413629335845485,0.46049519315462467,False,,False,43.82032988905093,,,,,,,,,,,,,,,,,,False,False
GOLD,bull_flag,48.41999816894531,43.89799880981445,45.459999084472656,,,,False,,,,,,,16.248800085126035,5.0,5.0,47.3528225045646,0.6425992576763019,-6.113174713771641,3.4359883548517733,False,-110.8108108108108,False,44.82053644969908,18.604651162790773,,70.37037037037037,-110.8108108108108,-75.5980861244019,354.34782608695645,,-109.30232558139534,,,,,20.324105334233632,335.5882352941176,,,,False,False
EFXT,bull_flag,23.079999923706055,21.719999313354492,22.739999771118164,,,,False,,,,,,,16.227184961271245,12.0,5.0,37.50001490115764,0.8149931224209078,-1.4731375810736802,4.48549018482913,False,,False,37.82063977667824,,,,,,,,,,,,,,,,,,False,False
FLXS,bull_flag,85.51000213623047,77.55999755859375,79.69000244140625,,,,False,,,,,,,15.918711095310156,8.0,15.0,40.60285750616168,0.8268207471109916,-6.806220967638467,2.672863367495353,False,-27.160493827160504,False,27.82057899145833,28.42105263157899,,-27.160493827160504,77.02702702702705,114.03508771929829,-3.3898305084745783,-9.92366412213741,-31.052631578947356,0.6578775161197425,1.0116519846979921,9.00233216264299,6.184199140442481,0.20846905537459381,-2.641882806619933,7.071777180162808,-3.6401392536492994,0.6578775161197425,True,False
PYXS,bull_flag,3.4719998836517334,3.240000009536743,3.3299999237060547,,,,False,,,,,,,15.878379140307718,14.0,4.0,40.425541628642286,0.5208806718170936,-4.089860734566843,2.70270018712637,False,,False,41.486891023703706,,,,,,,,,,,,,-82.53437383872166,,,,,False,False
HPE,bull_flag,62.13999938964844,54.8811870199367,60.7599983215332,,,,False,,,,,,,15.785339245494967,5.0,7.0,48.31881748424373,0.6768336939365139,-2.220793501238948,9.675463238966334,False,-87.25490196078431,False,72.82050049390047,404.7619047619048,,-29.54545454545454,-87.25490196078431,140.9090909090909,41.93548387096775,138.46153846153854,-38.095238095238116,32.95819935691318,39.10428662827896,18.10945273631841,14.328703703703694,14.110937356268982,14.479780960404387,-3.867179591010328,5.873526259378359,14.328703703703694,True,False
HAFN,bull_flag,10.119999885559082,9.229999542236328,10.119999885559082,,,,True,,,,,,,15.458013183774021,7.0,5.0,11.944293831131848,0.827532406647758,0.0,8.79446989513069,True,,False,57.8205186438426,,,,,,,,,,,,,,,,,,False,False
IGR,high_tight_flag,12.920000076293945,12.100000381469727,12.210000038146973,,,,False,,,,,,,203.92587191884303,40.0,8.0,9.674754490760137,0.8072809670992881,-5.495356299956257,0.9008980862701126,False,,False,,,,,,,,,,,,,,,,,,,False,False
MRNA,high_tight_flag,161.9600067138672,130.3800048828125,154.0399932861328,,,,False,,,,,,,186.4277804014937,18.0,12.0,23.79244947549339,0.3844194050378307,-4.890104408137354,15.35963998607254,False,-1800.0,False,44.48704532766204,,,,-1800.0,,,,,2.1126760563380254,260.18518518518516,-29.81366459627329,-45.43501611170784,-62.724935732647815,-42.62536873156342,-33.26771653543307,615.4929577464789,-45.43501611170784,True,False
RCEL,high_tight_flag,11.25,9.600000381469727,11.020000457763672,,,,False,,,,,,,183.54429554584,39.0,9.0,22.068958350509064,0.5326345858616959,-2.0444403754340277,12.885662589002386,False,,False,44.82020757480324,,,,,,,,,17.90299572039944,4.0327421555252485,-4.288381287063469,-12.875116015262456,12.72031053294167,9.368366703000408,3.1603243179262552,-7.2917809722374605,-12.875116015262456,True,False
REPL,high_tight_flag,16.329999923706055,12.399999618530273,13.069999694824219,,,,False,,,,,,,174.95327664229626,19.0,18.0,24.679491310534438,0.2675272042233373,-19.963259302587836,5.1262440087069665,False,,False,44.486865899236115,,,,,,,,,,,,,,,,,,False,False
AGEN,high_tight_flag,8.729999542236328,6.659999847412109,7.849999904632568,,,,False,,,,,,,161.4583302289249,37.0,22.0,18.709684829103104,0.16154624696120815,-10.08017965346117,15.159236581878135,False,,False,44.48750637344908,,,,,-100.98039215686273,1033.3333333333294,-95.36082474226802,,34.358335603907975,40.18116845341977,27.45090732943325,20.400605288308384,2.3179985771875744,-1.3682610221026792,13.127170497767482,17.687127787941304,20.400605288308384,True,False
QMCO,high_tight_flag,26.389999389648438,21.799999237060547,25.09000015258789,,,,False,,,,,,,157.60415166202577,36.0,9.0,19.365502099785477,0.6360179360038455,-4.926105597298633,13.112797511035481,False,,False,48.820224276782405,,,,,,,,,25.692996920013698,27.310121933303954,8.59297653019626,-12.709127856804836,3.601559094289297,4.569222106025261,18.92848600813202,-2.4437669165914833,-12.709127856804836,True,False
CAPR,high_tight_flag,11.0,8.180000305175781,9.0600004196167,,,,False,,,,,,,149.09091922440268,20.0,14.0,24.564456210857717,0.29931681037725916,-17.63635982166637,9.713025095843738,False,,False,49.82074022446759,,,,,,,,,-7.921690517003965,-63.4382475774409,1.3777014586210834,64.29114312270147,392.14278829275366,-43.0523150556549,-19.06383632603793,-59.40733891022807,-63.4382475774409,True,False
ENTX,high_tight_flag,3.559999942779541,2.680000066757202,2.9600000381469727,,,,False,,,,,,,143.2203400960362,40.0,25.0,11.242593240889464,0.09708498057489205,-16.853930176305184,9.459458370988969,False,-12.49999999999999,True,52.820621843912036,133.33333333333334,16.666666666666675,0.0,-12.49999999999999,100.0,16.666666666666675,-14.285714285714302,16.666666666666675,,-100.0,-100.0,-100.0,,,,,-100.0,False,False
OABI,high_tight_flag,4.534999847412109,3.890000104904175,4.46999979019165,,,,False,,,,,,,122.0512727089106,27.0,9.0,18.487388307651745,0.6201581964577741,-1.4332978921168247,12.975385067358319,False,,False,43.820327234988426,,,,,,,,,244.23915832691816,247.30380356283098,-22.473158089596446,-46.332694151486095,-7.014625355236714,72.24212034383955,274.09557838320677,-42.54554785732615,-46.332694151486095,True,False
ABCL,high_tight_flag,13.180000305175781,10.319999694824219,12.630000114440918,,,,False,,,,,,,120.38094656808033,28.0,10.0,19.77848196770786,0.4910987366789459,-4.172990728375616,18.289789379934255,False,,False,44.820841209282406,,,,,,,,,-76.29360805431983,96.3400236127509,788.373935432759,37.6210235131397,-51.2928442573662,-81.46207696080617,400.88218872138464,-47.58253336455163,-76.29360805431983,True,False
OMER,high_tight_flag,19.649999618530273,16.5,17.8700008392334,,,,False,,,,,,,114.87888116294145,38.0,20.0,21.385535708403903,0.7083176486531252,-9.05851813665333,7.6664844705859,False,,False,51.820292253217595,,,,,-75.80645161290323,-56.64335664335665,,,-4.916011198506864,-65.6767165111196,-100.0,-100.0,188.37561912463357,,,-100.0,-100.0,True,False
BOLD,high_tight_flag,3.1640000343322754,2.759999990463257,2.809999942779541,,,,False,,,,,,,104.28571027152387,40.0,22.0,6.849308916765538,0.053050226970828916,-11.188371925142595,1.7793577699089274,False,-105.74018126888218,False,,,,-105.74018126888218,,,,,,,,,,,,,,,False,False
AMLX,high_tight_flag,35.474998474121094,31.3700008392334,32.40999984741211,,,,False,,,,,,,104.11281283262332,31.0,14.0,19.018062116700452,0.5314158842459004,-8.639883745012398,3.2088831011264363,False,,False,44.48750646512731,,,,,,,,,,-100.0,,-100.0,,,,,-100.0,False,False
RNG,high_tight_flag,76.43000030517578,67.97000122070312,71.86000061035156,,,,False,,,,,,,103.17463861885243,31.0,10.0,21.63677583325996,0.6692172177969029,-5.979327066043125,5.413302750637712,False,221.4285714285714,False,44.8201986653125,221.4285714285714,,,,28.57142857142858,34.61538461538463,36.842105263157876,35.7142857142857,5.901534176448031,5.251643640451209,4.803974535891897,4.909940617479647,1.9888264340677253,0.025775076742950986,0.8420821883489582,2.9427883390984455,4.803974535891897,True,False
SLN,high_tight_flag,15.279999732971191,12.100000381469727,12.199999809265137,,,,False,,,,,,,102.95857695996288,40.0,24.0,23.275860297127096,0.6591523390444712,-20.15706791578032,0.8196674537606702,False,-212.49999999999991,False,44.48682988731482,,,-212.49999999999991,,,,,,-100.0,197.1830985915493,-99.86563920173879,-89.38584779706275,-100.0,1141.1764705882354,-78.61635220125787,-29.01785714285714,-100.0,True,False
A,rainbow_convergence,156.47000122070312,147.34569606363254,156.47000122070312,3.923392552008096,3.0,True,True,,,,,,,,,,,,0.0,5.831344721599778,True,-3.603603603603611,True,64.8208400578125,8.47457627118644,59.999999999999986,-3.603603603603611,24.39024390243909,6.666666666666665,12.149532710280365,-30.065359477124186,29.661016949152575,8.055235903337167,10.011990407673865,6.960142772159439,9.406231628453842,2.3433242506812,2.057842046718572,-3.3852767329392797,7.077100115074808,6.960142772159439,True,False
AAPL,rainbow_convergence,336.1300048828125,319.78612945728116,336.1300048828125,4.116023502799086,14.0,True,True,,,,,,,,,,,,0.0,4.8623672948296965,True,18.333333333333336,True,37.82083941755787,28.6624203821656,21.818181818181802,18.333333333333336,89.69072164948457,0.4975124378109541,-29.225352112676063,54.347826086956516,17.19745222929936,16.356501765281383,16.59518241592299,15.652453740949323,7.938480985989682,-1.5892574471146892,-22.65783689028632,40.29629340464154,8.964651835467263,7.938480985989682,True,False
ABBV,rainbow_convergence,263.9599914550781,255.31896364894703,263.9599914550781,2.6732182609158257,5.0,True,True,,,,,,,,,,,,0.0,3.273612701113328,True,-88.63636363636364,False,37.487506289687495,290.38461538461536,-45.83333333333333,,-88.63636363636364,420.51282051282044,-61.764705882352935,919.9999999999998,-80.76923076923077,7.313606409096773,17.741243745532522,19.210829493087566,21.352095442031207,0.8377853326857698,-0.5073689296931638,4.335770103352665,2.51970538829307,7.313606409096773,True,False
ACA,rainbow_convergence,145.83999633789062,144.356283690826,145.83999633789062,0.7567990652922394,1.0,True,True,,,,,,,,,,,,0.0,1.0173564758100262,True,60.41666666666667,False,37.820840819803244,446.7213114754099,60.41666666666667,,335.2941176470588,766.2337662337663,-27.358490566037762,-28.378378378378343,21.311475409836067,1.7297297297297343,4.401022644265895,33.668567997598316,24.578388507183014,15.217771558509718,-35.80011229646266,11.619453497117082,23.212355212355206,1.7297297297297343,True,False
AEF,rainbow_convergence,10.050000190734863,9.483689349313144,10.050000190734863,3.3893053222647453,2.0,True,True,,,,,,,,,,,,0.0,5.634933638546632,True,,False,,,,,,,,,,,,,,,,,,,False,False
AMD,rainbow_convergence,559.8200073242188,495.31514922331996,559.8200073242188,6.594292598934186,8.0,True,True,,,,,,,,,,,,0.0,11.522428147792315,False,59.5744680851064,True,42.820839461851854,155.55555555555554,90.90909090909089,206.6666666666666,59.5744680851064,64.28571428571428,-8.695652173913038,22.666666666666657,38.888888888888886,50.11060507482108,37.84619521376713,34.10812222512405,35.5917289925209,12.513410709060757,-0.16553067185978154,11.075059485182791,20.31229668184775,34.10812222512405,True,True
AMRX,rainbow_convergence,18.709999084472656,17.557811336989868,18.709999084472656,2.4426063695560614,1.0,True,True,,,,,,,,,,,,0.0,6.158138983763947,True,157.1428571428571,False,37.487506216689816,157.1428571428571,375.0,,,-5.263157894736848,90.00000000000001,899.9999999999998,-85.71428571428572,9.894852782854024,3.8967818009260524,11.471449026581148,11.679535580268418,10.197378892458197,-11.27322339279816,3.7992996929305134,8.282172177532887,3.8967818009260524,True,False
AMTB,rainbow_convergence,29.799999237060547,28.580829392711415,29.799999237060547,3.437902595544605,12.0,True,True,,,,,,,,,,,,0.0,4.091174079068165,True,-84.90566037735852,False,35.820839754270835,-3.6363636363636376,57.14285714285714,-84.90566037735852,,20.45454545454546,450.0000000000011,-77.14285714285718,-36.363636363636374,,,,,,,,,,False,False
ANET,rainbow_convergence,199.38999938964844,189.52289405618157,199.38999938964844,3.784497280596449,3.0,True,True,,,,,,,,,,,,0.0,4.948646052295002,True,15.517241379310365,True,42.82081986665509,35.71428571428572,25.0,17.46031746031751,15.517241379310365,18.74999999999998,8.108108108108091,10.44776119402988,-4.2857142857142705,37.68595791001452,35.125698324022345,28.871773673026844,27.46700535645259,12.059800664451824,8.891389983117604,7.776285578131081,4.694303338171268,27.46700535645259,True,False
ARW,rainbow_convergence,219.30999755859375,212.0845398928433,219.30999755859375,1.8346674364346105,9.0,True,True,,,,,,,,,,,,0.0,3.2946321399780194,True,11.170212765957444,True,37.48746087032407,46.518105849582184,201.3245033112583,100.0,11.170212765957444,15.604395604395593,21.657754010695186,78.94736842105266,-41.78272980501393,31.824628852945814,39.03029593263416,20.095808291146476,13.032103584780375,5.475129275747581,8.313311831227143,13.405296646072928,1.7492734447879466,13.032103584780375,True,False
AUPH,rainbow_convergence,16.899999618530273,16.142750164336555,16.899999618530273,3.3748868930915514,5.0,True,True,,,,,,,,,,,,0.0,4.4807661022868945,True,56.25,False,48.48746032732639,75.00000000000003,56.25,,129.99999999999997,12.00000000000001,-83.55263157894737,560.8695652173913,43.75,18.87212889955434,24.397662691107016,28.808859638866146,8.406250461111675,7.097355382536508,0.7663978006587691,4.962704851091626,4.942292309450358,8.406250461111675,True,False
AVBC,rainbow_convergence,22.59000015258789,21.745403069820945,22.59000015258789,2.292950143324245,3.0,True,True,,,,,,,,,,,,0.0,3.7388095487471227,True,,False,50.820794019386575,,,,,21.875,,,,,,,,,,,,,False,False
AVT,rainbow_convergence,96.12000274658203,91.14084503356301,96.12000274658203,3.1117294773709916,10.0,True,True,,,,,,,,,,,,0.0,5.180147285416173,True,-24.242424242424242,True,36.487457143784724,1577.7777777777803,12.871287128712861,-24.242424242424242,-7.57575757575758,32.456140350877185,51.99999999999998,22.95081967213115,577.7777777777789,47.66250815488995,33.94567092778882,11.575605680278777,5.253604827278058,16.51172037783757,12.673361339018863,7.12686053505831,4.997992984792066,5.253604827278058,True,False
BBY,rainbow_convergence,92.8499984741211,85.89759479996721,92.8499984741211,6.99662230830072,11.0,True,True,,,,,,,,,,,,0.0,7.48778006290613,True,-47.61904761904761,True,63.48743803195602,70.11494252873563,37.89473684210527,365.45454545454527,-47.61904761904761,12.977099236641209,-48.828125,287.8787878787879,-24.13793103448275,3.6130536130536184,1.9276833580472275,-0.9607112130771478,2.4033880359978887,9.433751119068944,-35.31200231649052,42.82464846980976,2.4793388429751984,-0.9607112130771478,True,False
BFH,rainbow_convergence,108.52999877929688,106.41503382724864,108.52999877929688,1.5811944652287655,5.0,True,True,,,,,,,,,,,,0.0,1.9487376539542443,True,20.74829931972788,True,30.48741890609954,20.74829931972788,49.280575539568375,1412.4999999999995,7819.999999999999,-14.457831325301218,242.97520661157,-69.44444444444441,34.6938775510204,697.0246734397679,724.7145187601957,546.4477611940299,-34.02523402523403,8.624270596380178,-6.621721462874031,567.9827267119063,17.634252539912907,-34.02523402523403,True,False
BMEZ,rainbow_convergence,16.75,16.191858014457996,16.75,2.1092071992377193,1.0,True,True,,,,,,,,,,,,0.0,3.332190958459728,True,,False,,,,,,,,,,,,,,,,,,,False,False
BOW,rainbow_convergence,33.7400016784668,32.90623008874175,33.7400016784668,2.4016924347841235,0.0,False,False,,,,,,,,,,,,0.0,2.4711664144852947,False,2.220446049250313e-14,True,42.48741779645833,33.33333333333333,41.17647058823528,2.220446049250313e-14,25.0,0.0,9.090909090909038,-2.222222222222192,25.0,22.957610139348517,26.873431337396923,27.109084966772535,23.270612618939545,5.24297660796178,2.647714236738352,5.3817080287913655,8.005973150837065,22.957610139348517,True,False
BRKR,rainbow_convergence,61.38999938964844,57.54672291500379,61.38999938964844,3.4898317569588695,11.0,True,True,,,,,,,,,,,,0.0,6.260427615011019,True,-919.9999999999999,True,42.48740721201389,-919.9999999999999,-81.81818181818181,11.111111111111116,-251.85185185185182,-2150.0,-80.0,,-919.9999999999999,5.1542513167795345,2.7451959071624676,-0.24499795835034588,-0.45118000925497004,1.8338596065095913,-15.738845681539093,13.561882626380006,7.913217958364682,-0.45118000925497004,True,False
BST,rainbow_convergence,49.61000061035156,46.89033353884548,49.61000061035156,3.1790045434687206,3.0,True,True,,,,,,,,,,,,0.0,5.482094412509638,True,,False,,,,,,,,,,,,,,,,,,,False,False
BZH,rainbow_convergence,33.31999969482422,32.630694899463,33.31999969482422,2.049623350578617,0.0,False,False,,,,,,,,,,,,0.0,2.0687419017842616,False,-1230.0,False,51.48739312937501,,-107.14285714285714,-1230.0,-40.23668639053256,,,-211.8811881188119,,-5.328705257193778,-27.504382326356403,-22.48882084132099,-1.7690102548262976,25.97561035120508,12.752722900979663,-54.098644266418816,45.204238613630835,-27.504382326356403,True,False
CFFN,rainbow_convergence,8.899999618530273,8.686631203133633,8.899999618530273,1.9698769110350782,11.0,True,True,,,,,,,,,,,,0.0,2.3973980285616667,True,33.33333333333335,True,36.48739168427083,35.7142857142857,33.33333333333335,33.33333333333335,55.55555555555563,18.75,0.0,14.28571428571428,0.0,,,,,-3.0961358840419284,,,,,False,False
CNXN,rainbow_convergence,86.68000030517578,81.54024816706304,86.68000030517578,5.258615764925994,12.0,True,True,,,,,,,,,,,,0.0,5.929570973716112,True,-4.90196078431373,True,36.82070381216435,35.05154639175259,33.33333333333335,5.128205128205066,-4.90196078431373,92.64705882352942,-17.0731707317073,-15.463917525773208,0.0,12.41330379508565,2.9698479129757427,-0.8404606028802442,-2.159325640215426,18.30395114882817,2.69255226982712,-0.8643740797779631,-6.663876065726548,-2.159325640215426,True,False
CRON,rainbow_convergence,3.3499999046325684,3.1604791290922654,3.3499999046325684,4.194989706001029,2.0,True,True,,,,,,,,,,,,0.0,5.657336744345067,True,-108.33333333333333,False,44.48734968027778,,100.0,-108.33333333333333,250.00000000000006,125.0,,-114.28571428571428,,58.4426842026603,40.133903663753024,46.96214646381307,6.055918748540745,17.246184472461845,1.5247804899957362,22.543273067503232,8.62053504707816,6.055918748540745,True,False
CTKB,rainbow_convergence,5.300000190734863,4.675697331710629,5.300000190734863,7.345476564981645,5.0,True,True,,,,,,,,,,,,0.0,11.779298802962352,False,,False,43.820682323993054,,,,,,,-100.0,,5.56554537081706,6.459705236751323,8.116431206068619,1.5398058252427127,9.074430723915249,-28.97603836436491,18.83234849788691,14.67260207885619,1.5398058252427127,True,False
CUE,rainbow_convergence,37.04999923706055,29.49288672905606,37.04999923706055,14.151733916512407,8.0,True,True,,,,,,,,,,,,0.0,20.397065218952076,False,,False,,,,,,,-114.5748987854251,,,166.65538253215976,1250.5938242280286,1292.258883248731,-35.58153477218225,38.53323953570171,-74.08622732658827,921.0330386226152,-27.251184834123222,-35.58153477218225,True,False
CVEO,rainbow_convergence,34.33000183105469,33.4864426806212,34.33000183105469,1.1061673080631007,1.0,True,True,,,,,,,,,,,,0.0,2.457206832043939,True,,False,37.48734951689815,,,,,,,,,10.647596100655221,19.871011635333645,7.067856456731003,-3.3157912645033982,4.2567485390954785,6.835168914738277,-5.20320720741857,4.792432419142689,-3.3157912645033982,True,False
CYRX,rainbow_convergence,17.020000457763672,15.803931318367235,17.020000457763672,4.377123647854031,4.0,True,True,,,,,,,,,,,,0.0,7.144941872441178,True,-109.38967136150235,False,42.820681947743054,-109.38967136150235,,,,,,,-108.4507042253521,7.737492849914207,16.466861598440552,-59.80295043690522,15.439622099851235,2.454077576467628,5.166116611661176,2.75133949766011,-2.686232234786823,-59.80295043690522,True,False
DCOM,rainbow_convergence,40.72999954223633,40.39896905329701,40.72999954223633,0.7095031835622466,11.0,True,True,,,,,,,,,,,,0.0,0.8127436598570209,True,17.1875,False,30.487330288634258,17.1875,66.66666666666666,,103.44827586206895,0.0,10.294117647058831,15.254237288135597,-7.812500000000011,5.54090782382457,7.580416556561853,9.722296001180464,7.267397006634768,1.4531345949868824,-3.6401878459577097,2.84644153315039,4.971194945177482,5.54090782382457,True,False
DDD,rainbow_convergence,3.630000114440918,3.2702389719013976,3.630000114440918,4.188350583125041,3.0,True,True,,,,,,,,,,,,0.0,9.910774964119518,True,-115.78947368421053,False,42.820657839421294,-115.78947368421053,,,,,-174.99999999999983,,-124.56140350877195,-0.27309728168033454,1.055637825259148,-4.277453523562469,-19.20577297680184,-1.003789068224159,-10.103034580098802,16.467029775668784,-3.784348046141839,-19.20577297680184,True,False
DE,rainbow_convergence,683.989990234375,646.4519138700119,683.989990234375,5.090045369782156,14.0,True,True,,,,,,,,,,,,0.0,5.488103174068428,True,-24.13793103448276,True,64.48732077597222,7.36842105263158,-1.3554216867469826,-24.13793103448276,-14.22319474835887,-22.137404580152676,170.6611570247934,-38.26530612244898,-17.47368421052632,4.909302712597774,4.748099976494546,12.964268923366241,11.225771715721455,-5.6922731692722,39.1010300697118,-22.460669624848727,3.1369612248294265,4.748099976494546,True,False
DGX,rainbow_convergence,246.4499969482422,235.1526751864993,246.4499969482422,3.90128118195643,4.0,True,True,,,,,,,,,,,,0.0,4.584021871225863,True,8.5427135678392,True,28.48733366708333,14.979757085020218,15.463917525773208,11.794871794871774,8.5427135678392,26.785714285714256,2.7522935779816793,0.9259259259259078,-12.550607287449388,10.314875135722046,9.032743695897638,6.887366818873675,12.89547456948339,5.2122885743872915,3.132787468850129,-0.3547357218871894,2.0267824828085423,6.887366818873675,True,False
ECPG,rainbow_convergence,99.54000091552734,96.98680753027517,99.54000091552734,2.4742656070647477,5.0,True,True,,,,,,,,,,,,0.0,2.564992326470731,True,12.851405622489942,False,43.82065695306713,12.851405622489942,100.0,,151.58730158730157,-27.2020725388601,16.265060240963834,4.731861198738185,27.30923694779115,-18.260089686098656,-8.466758327050162,4.097442143727159,-2.6216406112770096,-11.677488128694646,-3.407282598521011,-3.6482525366403618,-0.5605381165919243,-18.260089686098656,True,False
EGBN,rainbow_convergence,28.31999969482422,27.835265652357293,28.31999969482422,1.1825448973813433,4.0,True,True,,,,,,,,,,,,0.0,1.7116315243305453,True,-408.33333333333337,False,29.820630375636576,,700.0,-117.64705882352939,-408.33333333333337,-52.08333333333333,,,,,,,,,,,,,False,False
EMBJ,rainbow_convergence,75.06999969482422,72.40074501558416,75.06999969482422,2.9663033015440115,1.0,True,True,,,,,,,,,,,,0.0,3.555687611683965,True,,False,49.48729982008102,,,,,,,,,,,,,,,,,,False,False
EPRX,rainbow_convergence,8.579999923706055,7.354917687824289,8.579999923706055,11.233808820546825,12.0,True,True,,,,,,,,,,,,0.0,14.278347864513766,False,,False,42.820633881574075,,,,,,,,,,,,,,,,,,False,False
ESEA,rainbow_convergence,77.58999633789062,74.17874261421244,77.58999633789062,2.000249430372178,1.0,True,True,,,,,,,,,,,,0.0,4.396512288546559,True,,False,56.48727533297454,,,,,,,,,,,,,,,,,,False,False
ESP,rainbow_convergence,64.69999694824219,61.75215225907197,64.69999694824219,2.7549576919028045,7.0,True,True,,,,,,,,,,,,0.0,4.556174386728943,True,24.590163934426236,True,,57.14285714285714,39.43661971830987,24.590163934426236,46.57534246575344,0.0,30.263157894736835,-28.971962616822434,69.84126984126986,,,,,,,,,,False,False
EWTX,rainbow_convergence,45.31999969482422,43.066194160621684,45.31999969482422,4.808321664740089,6.0,True,True,,,,,,,,,,,,0.0,4.973092562619613,True,,False,44.48726426721065,,,,,,,,,,,,,,,,,,False,False
EXEL,rainbow_convergence,58.36000061035156,55.731791382105854,58.36000061035156,3.4118800751004077,13.0,True,True,,,,,,,,,,,,0.0,4.503442770320211,True,26.15384615384615,True,35.82059494207176,26.15384615384615,43.636363636363626,89.36170212765953,72.49999999999999,3.797468354430378,-11.235955056179737,28.985507246376784,6.153846153846132,10.63402204268813,9.96764767835636,5.62994592019479,10.789336140652628,2.926923505104684,2.0293554136467495,0.15190169885654914,5.190220690844516,5.62994592019479,True,False
FBLA,rainbow_convergence,16.104999542236328,15.706272743518713,16.104999542236328,2.2556050575653908,11.0,True,True,,,,,,,,,,,,0.0,2.4757951570996926,True,-100.0,False,37.820615009166666,-100.0,-75.0,,,-100.0,,-233.33333333333331,19.999999999999996,,,,,11.523502276359032,-1.5932826964158542,9.293728516765022,,,False,False
FFIV,rainbow_convergence,432.0299987792969,404.4329684491621,432.0299987792969,4.973478215764766,6.0,True,True,,,,,,,,,,,,0.0,6.387757889061022,True,4.0322580645161255,True,34.82060810814815,11.384615384615394,4.0322580645161255,9.929078014184412,16.487455197132572,40.31007751937985,-16.774193548387096,-4.61538461538461,0.0,10.854722759716552,11.020990996043079,7.302909761262066,8.493130871036092,6.575951706295435,-1.308870286273578,1.527608043550721,3.8084498378974097,7.302909761262066,True,False
FIRY,rainbow_convergence,10.34000015258789,9.737927639682583,10.34000015258789,4.965597084196502,5.0,True,True,,,,,,,,,,,,0.0,5.8227514895598995,True,,False,51.820592260138895,,,,,,,,,22.91584040612358,32.91775129013106,68.87625907377188,11.439504966617807,6.483422092423985,-3.018893072540063,9.633228611090816,8.566669310700403,11.439504966617807,True,False
FLNG,rainbow_convergence,32.41999816894531,30.92921430001355,32.41999816894531,4.057395136122259,14.0,True,True,,,,,,,,,,,,0.0,4.598346554996918,True,,False,66.48725614328704,,,,,,,,,,,,,,,,,,False,False
FOSL,rainbow_convergence,5.46999979019165,5.077987386005317,5.46999979019165,4.447650748113945,2.0,True,True,,,,,,,,,,,,0.0,7.166589016863541,True,,False,51.82057611505787,,,,,,,,,-4.85507377897163,-3.657203602336978,-18.0463692242971,-6.121208120381216,-6.70623462255463,-19.8781565926623,3.820489191379761,22.602410294571396,-18.0463692242971,True,False
FRAF,rainbow_convergence,63.790000915527344,62.70215799218068,63.790000915527344,1.3238925228084302,11.0,True,True,,,,,,,,,,,,0.0,1.7053502237556288,True,11.363636363636353,True,35.48724479131944,11.363636363636353,68.18181818181819,938.4615384615394,25.263157894736832,-0.6756756756756799,9.62962962962961,13.445378151260524,-9.848484848484862,,,,,,,,,,False,False
FROG,rainbow_convergence,92.80999755859375,89.70900750540459,92.80999755859375,3.175906963860569,4.0,True,True,,,,,,,,,,,,0.0,3.34122415123588,True,,False,44.82056823152778,,,,,,,,,28.731331551642825,25.79100868414388,25.17962059994141,25.538255575117375,6.361339680601641,5.967406714106782,6.1348214481363295,7.614368809935534,25.17962059994141,True,False
FTK,rainbow_convergence,31.399999618530273,26.78673262104045,31.399999618530273,8.036182758726035,4.0,True,True,,,,,,,,,,,,0.0,14.691933291513063,False,-40.00000000000002,True,42.8205489006713,420.0,-29.41176470588236,-40.00000000000002,562.5,116.6666666666667,33.33333333333337,-83.01886792452831,960.0,70.29477292202229,26.532639716773243,33.02401639182773,12.643239113827342,41.849509642974404,3.7500555399220925,20.502935874783603,-3.974293059125966,12.643239113827342,True,False
FTNT,rainbow_convergence,169.83999633789062,160.0531929583667,169.83999633789062,5.489228440696364,5.0,True,True,,,,,,,,,,,,0.0,5.762366692503584,True,-11.428571428571422,True,43.82054893984954,43.85964912280702,28.57142857142856,-1.4705882352940902,-11.428571428571422,13.888888888888884,7.462686567164178,8.064516129032251,8.771929824561408,25.638036809815958,20.127297525491983,14.752123366062285,14.375704528877398,10.721237024221452,-2.9081364829396272,10.441184996231655,5.822085889570561,14.375704528877398,True,False
FTRE,rainbow_convergence,19.93000030517578,18.242657350949553,19.93000030517578,6.201483930600827,3.0,True,True,,,,,,,,,,,,0.0,8.466346855940731,True,,False,44.48721909193287,,,,,,,,,-4.519217232155426,-2.2723783202825087,-5.236728837876614,3.9116906208327196,6.551453260015716,-3.6336109008327067,-5.8177670041351774,-1.2670702520061972,-5.236728837876614,True,False
GASS,rainbow_convergence,9.460000038146973,9.250576465780577,9.460000038146973,2.0334429097432825,2.0,True,True,,,,,,,,,,,,0.0,2.2137798258129524,True,,False,64.48721238878473,,,,,,,,,,,,,,,,,,False,False
GEF-B,rainbow_convergence,108.23999786376953,104.51110671332236,108.23999786376953,2.5583553111955486,2.0,True,True,,,,,,,,,,,,0.0,3.4450214560613137,True,,False,36.82054561850695,,,,,,,,,-0.5192878338278972,-21.40938536893664,11.606176846660766,-18.79395218002813,7.840772014475261,-12.329250022032257,-18.11358879988454,28.495919881305642,-21.40938536893664,True,False
GEO,rainbow_convergence,31.760000228881836,31.01516969870904,31.760000228881836,2.0090441116337496,2.0,True,True,,,,,,,,,,,,0.0,2.3451842720563416,True,64.28571428571428,True,44.487209832673614,71.42857142857142,107.14285714285711,64.28571428571428,552.6315789473684,24.13793103448276,26.086956521739136,-81.45161290322581,490.4761904761905,15.07508225015679,16.632183736957273,16.56552359639307,13.134259067357522,3.8086365395986643,-0.44876283187839094,3.8178857785183595,7.257819856044545,13.134259067357522,True,False
GFR,rainbow_convergence,6.659999847412109,6.344090789752838,6.659999847412109,4.105035931208112,6.0,True,True,,,,,,,,,,,,0.0,4.74337935280922,True,,False,42.77887855026621,,,,,,,,,,,,,,,,,,False,False
GH,rainbow_convergence,179.3800048828125,162.33864419561766,179.3800048828125,7.52933035905474,5.0,True,True,,,,,,,,,,,,0.0,9.50014506819075,True,,False,36.820543406550925,,,,,,,,,44.332322222605214,48.259457121653696,39.3689238605845,38.500908730075835,11.043044436709604,7.252565187402671,6.059669074948348,14.265278687394446,38.500908730075835,True,False
GSAT,rainbow_convergence,82.83999633789062,81.86002151158782,82.83999633789062,0.6257314510612846,2.0,True,True,,,,,,,,,,,,0.0,1.1829730439697907,True,-276.9230769230769,False,44.48717807944444,-276.9230769230769,,,-116.66666666666667,,,,-107.6923076923077,-3.538452373860723,16.711087420042638,17.62753976167515,2.127041641888061,-7.55309431377027,-2.6361501368797002,-2.551289863904127,9.973491392148691,-3.538452373860723,True,False
HAFC,rainbow_convergence,32.31999969482422,31.68255900618909,32.31999969482422,1.454634650470321,7.0,True,True,,,,,,,,,,,,0.0,1.9722793770236582,True,20.68965517241377,True,28.820510027291668,58.00000000000001,29.31034482758621,20.68965517241377,48.979591836734706,5.3333333333333455,7.142857142857184,-4.109589041095929,46.0,5.394402646763896,7.292302946166895,9.553372235376,10.873724088454818,0.9390778290222723,-1.3591241704010493,0.05959644691659882,5.7894958058879675,5.394402646763896,True,False
HESM,rainbow_convergence,40.15999984741211,39.68120862681219,40.15999984741211,0.83212362708538,1.0,True,True,,,,,,,,,,,,0.0,1.1922092191710238,True,,False,41.48717966505787,,,,,,,,,-3.8210399032648112,2.020997375328082,2.0506329113924027,11.1228813559322,2.315410342166202,-3.572314562143386,-3.9323164918970477,1.475211608222482,-3.8210399032648112,True,False
IBRX,rainbow_convergence,8.479999542236328,7.93798828282913,8.479999542236328,4.050078451319053,5.0,True,True,,,,,,,,,,,,0.0,6.391642555021416,True,,False,42.487136797280094,,,,,,,,,93.90728476821192,167.6394018284192,406.9518008474576,425.0736980019653,15.911867167352845,15.465587044534423,19.412993980225203,21.328287606433307,93.90728476821192,True,False
IGR,rainbow_convergence,12.210000038146973,7.371547663183582,12.210000038146973,38.97386628300514,9.0,True,True,,,,,,,,,,,,0.0,39.62696445411059,False,,False,,,,,,,,,,,,,,,,,,,False,False
INCY,rainbow_convergence,125.30999755859375,122.5804476346999,125.30999755859375,1.9293407932587905,2.0,True,True,,,,,,,,,,,,0.0,2.178237951538978,True,62.22222222222222,False,35.48713553105324,83.74999999999999,62.22222222222222,290.7407407407407,,0.6849315068493178,-30.805687203791464,3.4313725490195957,154.99999999999997,20.8736268850354,27.83893753955635,20.04700005536655,16.456864084525268,-15.539790355281102,10.311644387179907,12.377409341940826,15.44603560838751,16.456864084525268,True,False
INTG,rainbow_convergence,37.22999954223633,35.83294665781721,37.22999954223633,3.3884088715620555,11.0,True,True,,,,,,,,,,,,0.0,3.752492349171809,True,,False,,,,,,,,,,21.08892058963385,19.80472266463542,5.95646516029813,20.71354089080888,17.750419050921916,-3.4165131468765653,10.526315789473696,-3.6673799334284385,5.95646516029813,True,False
IRWD,rainbow_convergence,4.360000133514404,4.163359701881933,4.360000133514404,1.4600591794866664,1.0,True,True,,,,,,,,,,,,0.0,4.510101504835696,True,-66.66666666666673,False,48.48711116409722,121.4285714285714,,-66.66666666666673,1050.0,29.166666666666675,2300.0000000000045,-95.65217391304348,64.28571428571428,32.616525299452135,158.8678511532946,-47.30907283671103,33.264913966285256,6.13580455561189,123.24089794378419,-60.913485171227265,43.19736270955783,-47.30907283671103,True,False
JNJ,rainbow_convergence,269.989990234375,264.24291972759113,269.989990234375,1.7098176559118043,2.0,True,True,,,,,,,,,,,,0.0,2.1286235470414696,True,-52.863436123348016,True,21.487111171956016,-0.8733624454148492,-52.863436123348016,47.51773049645389,90.990990990991,6.074766355140171,2.8846153846153966,-1.8867924528301883,-7.423580786026196,6.5998399528282015,9.907276298360213,9.07637655417406,6.7731743135597045,5.186601280026593,-2.0436411007979105,2.379860792731203,1.0529419197237155,6.5998399528282015,True,False
KF,rainbow_convergence,67.32499694824219,64.32712112945018,67.32499694824219,1.840187366584757,3.0,True,True,,,,,,,,,,,,0.0,4.452842116126206,True,,False,,,,,,,,,,,,,,,,,,,False,False
KO,rainbow_convergence,88.25,87.05316731725077,88.25,1.2433457280420988,0.0,False,False,,,,,,,,,,,,0.0,1.3561843430586198,False,6.00000000000005,True,28.487103963483797,18.181818181818187,6.00000000000005,30.303030303030297,57.14285714285714,71.69811320754708,-38.37209302325578,-2.2727272727272707,14.28571428571428,12.067571210351336,2.4081774081774032,5.070018559136158,1.3912480789452397,5.498223650820511,-5.0822962665596165,-0.6382130035899491,12.633659807709584,1.3912480789452397,True,False
KODK,rainbow_convergence,9.550000190734863,9.28793952431217,9.550000190734863,1.7874990711720748,2.0,True,True,,,,,,,,,,,,0.0,2.7440906930759725,True,-654.5454545454544,False,44.820438146134265,,,-654.5454545454544,-153.33333333333331,,,,,18.250950570342205,7.287449392712553,9.022556390977442,3.065134099616862,17.35849056603773,-8.62068965517241,7.806691449814118,2.281368821292773,3.065134099616862,True,False
KOPN,rainbow_convergence,4.739999771118164,4.456905571889636,4.739999771118164,2.450849464063086,1.0,True,True,,,,,,,,,,,,0.0,5.972451748911082,True,99.99999999999983,False,49.82042579927083,,,99.99999999999983,,,-150.0,100.0,,45.01953893466541,-3.089757431538087,-43.15579459936415,-9.571949001541768,19.622335454911966,26.16128354069207,-31.082190649676377,39.43014524805024,-43.15579459936415,True,False
LITE,rainbow_convergence,930.9099731445312,874.5584315925322,930.9099731445312,3.359162523022141,1.0,True,True,,,,,,,,,,,,0.0,6.053382515781687,True,-3177.4193548387093,False,44.82039048502315,-3177.4193548387093,,,,-6459.999999999999,68.53932584269661,1680.0,-98.38709677419355,55.91955887122933,16.016371077762614,9.651035986913858,6.0768261964735615,13.052681091251173,5.718547986076583,19.382606114574052,9.27667855984431,6.0768261964735615,True,False
MEDP,rainbow_convergence,612.3300170898438,587.1756234521786,612.3300170898438,3.7358059346284924,4.0,True,True,,,,,,,,,,,,0.0,4.107979836953578,True,16.621253405994562,True,27.82038927021991,37.09677419354838,16.621253405994562,26.702997275204375,28.239202657807304,-0.7009345794392607,-7.95698924731183,20.46632124352332,24.51612903225806,17.241522199993042,26.502318420251726,32.02842398931025,23.735601902808277,0.10288648238616638,-0.26056884748394404,7.356687270704931,9.380236726994863,17.241522199993042,True,False
MFC,rainbow_convergence,44.380001068115234,43.12073455383363,44.380001068115234,1.9296869957402585,11.0,True,True,,,,,,,,,,,,0.0,2.8374639116138387,True,,False,43.82038965146991,,,,,,,,,,,,,,,,,,False,False
MRVL,rainbow_convergence,244.25,224.62063169500382,244.25,4.419503462594187,8.0,True,True,,,,,,,,,,,,0.0,8.036588865914505,True,-80.0,False,70.82037811728009,50.0,-80.0,95.65217391304337,,725.0,-91.11111111111111,-79.54545454545456,900.0,36.54852699267235,27.568195008705754,22.080994827775946,36.83134357891959,13.297212341798325,8.973723351512142,6.951072547601833,3.409600717810668,22.080994827775946,True,False
MSBI,rainbow_convergence,33.540000915527344,32.708421803737295,33.540000915527344,2.396125520126353,12.0,True,True,,,,,,,,,,,,0.0,2.4793652030136624,True,-71.08433734939759,False,37.82036615498843,86.36363636363636,,,-71.08433734939759,10.81081081081081,,-191.66666666666657,-45.45454545454546,,,,,,,,,,False,False
MU,rainbow_convergence,1015.7999877929688,945.8506555249544,1015.7999877929688,2.899446073809912,2.0,True,True,,,,,,,,,,,,0.0,6.886132418646061,True,175.44910179640718,True,8.820350382233796,1368.452380952381,756.0283687943263,175.44910179640718,249.3827160493827,104.39105219552611,162.3913043478261,62.544169611307396,68.45238095238095,345.7155144608107,196.28709797590963,56.65403605465611,46.0,73.74685666387259,74.888221065748,20.574458683163943,21.65358563595312,46.0,True,True
NBBK,rainbow_convergence,22.780000686645508,22.427134743213493,22.780000686645508,1.4894700815977628,11.0,True,True,,,,,,,,,,,,0.0,1.549016386285177,True,-52.49999999999997,True,29.820350459421295,35.897435897435905,9.090909090909083,-52.49999999999997,104.76190476190474,47.22222222222223,89.47368421052614,-55.81395348837206,10.256410256410241,,,,,,,,,,False,False
NBN,rainbow_convergence,133.44000244140625,130.78501732144414,133.44000244140625,1.3598435431501668,6.0,True,True,,,,,,,,,,,,0.0,1.9896470858713562,True,,False,35.48700977525463,,,,,,,,,,,,,,,,,,False,False
NECB,rainbow_convergence,27.290000915527344,26.70839354054139,27.290000915527344,1.7437903605512843,11.0,True,True,,,,,,,,,,,,0.0,2.13121053673191,True,-12.195121951219512,True,30.778676042025463,-12.195121951219512,-5.128205128205132,5.405405405405417,-8.42105263157894,-2.7027027027027084,-5.128205128205154,-10.344827586206872,6.0975609756097615,,,,,,,,,,False,False
NFJ,rainbow_convergence,15.329999923706055,15.151595637888912,15.329999923706055,0.7294996894610154,1.0,True,True,,,,,,,,,,,,0.0,1.1637592087737811,True,,False,,,,,,,,,,,,,,,,,,,False,False
NKSH,rainbow_convergence,42.59000015258789,41.01870276223106,42.59000015258789,3.656617607144705,11.0,True,True,,,,,,,,,,,,0.0,3.6893575598199573,True,52.941176470588246,True,30.82034957045139,119.44444444444446,52.941176470588246,86.00000000000003,64.28571428571428,1.2820512820512775,-16.129032258064523,34.782608695652215,91.66666666666666,5.743755193821176,4.028529267092962,6.873022151898733,2.7379908408847298,2.2837959241571726,-2.1513833626353285,2.4943095599393006,3.0845187466392865,2.7379908408847298,True,False
NRGV,rainbow_convergence,4.489999771118164,3.84291502148167,4.489999771118164,9.037596632933896,10.0,True,True,,,,,,,,,,,,0.0,14.411687808958348,False,,False,48.82033216554398,,,,,,,,,-10.96504955659885,-72.16294214023736,-99.3114102593554,-86.85884455032758,-74.50330136536105,2691.576313594662,-78.26323422770123,-42.45174752217006,-99.3114102593554,True,False
NTAP,rainbow_convergence,197.7899932861328,185.6737109589893,197.7899932861328,4.318442947847608,6.0,True,True,,,,,,,,,,,,0.0,6.125831810720327,True,6.338028169014098,True,70.82032949733795,63.478260869565226,23.170731707317003,15.972222222222232,6.338028169014098,-6.930693069306915,20.958083832335305,10.596026490066212,31.304347826086975,29.890955740859514,12.471131639722866,4.387568555758681,2.834740651387224,3.952772073921973,13.718622300058382,0.46920821114369016,9.364977549711352,2.834740651387224,True,False
NUAI,rainbow_convergence,5.860000133514404,5.3509202402953635,5.860000133514404,6.555855613418959,10.0,True,True,,,,,,,,,,,,0.0,8.687369993517926,True,,False,51.82034407083333,,,,,,,,,,,,,-0.8371530720419407,,,,,False,False
NVGS,rainbow_convergence,25.0,22.44360286116185,25.0,8.27648624946707,14.0,True,True,,,,,,,,,,,,0.0,10.225588555352601,False,,False,43.820325886875004,,,,,,,,,,,,,,,,,,False,False
OBT,rainbow_convergence,38.4900016784668,37.91229407088759,38.4900016784668,1.1684487724834518,10.0,True,True,,,,,,,,,,,,0.0,1.5009290267254127,True,10.389610389610393,True,36.82032299302083,17.24137931034484,10.389610389610393,46.87499999999996,167.85714285714283,19.999999999999996,-9.57446808510638,25.333333333333318,-13.793103448275856,,,,,,,,,,False,False
PDEX,rainbow_convergence,72.55000305175781,64.6844250576824,72.55000305175781,6.68437593799477,4.0,True,True,,,,,,,,,,,,0.0,10.841595676383413,False,8.196721311475418,True,37.820291214351855,160.60606060606065,22.44897959183674,8.196721311475418,86.66666666666664,-28.3333333333333,81.81818181818181,-52.85714285714285,324.24242424242414,16.645707099577002,14.557252785115416,11.135592211040324,24.220687805859086,2.2908416461977943,6.89063923270643,0.7177549919050286,5.9220304104264265,11.135592211040324,True,False
PFG,rainbow_convergence,117.66999816894531,113.049013715118,117.66999816894531,3.1949721374768867,14.0,True,True,,,,,,,,,,,,0.0,3.927071068015754,True,-41.326530612244895,False,34.82028600233796,819.047619047619,-41.326530612244895,,20.134228187919454,-16.086956521739125,142.10526315789474,-46.92737430167598,752.3809523809524,-4.513109120917768,-3.6889730639730667,22.24731039978749,-14.834833441588568,-22.889855135796534,24.31279878313777,0.280554571949998,-0.6656024243080205,-14.834833441588568,True,False
PPIH,rainbow_convergence,30.549999237060547,27.931555301915033,30.549999237060547,7.338325952173588,14.0,True,True,,,,,,,,,,,,0.0,8.571011458386717,True,-63.934426229508205,True,79.48691812418981,209.99999999999997,-63.934426229508205,165.21739130434767,148.38709677419354,40.90909090909092,-63.93442622950819,-20.779220779220797,670.0,,,,,11.893800408459976,7.586027111574567,14.258967703501968,,,False,False
PRAA,rainbow_convergence,21.0,19.019246558294324,21.0,5.723571021758796,5.0,True,True,,,,,,,,,,,,0.0,9.432159246217507,True,-1611.5942028985507,True,48.82025023429398,39.81481481481482,711.1111111111111,212.76595744680847,-1611.5942028985507,106.84931506849318,-50.340136054421755,,-1065.7407407407406,-1.401191818328229,163.63636363636363,-16.093535075653364,31.96440793976729,-5.334776557909382,253.38797814207652,-52.54149377593361,-37.89660170719923,-16.093535075653364,True,False
PRLB,rainbow_convergence,87.75,81.2708338432819,87.75,3.557608914555215,2.0,True,True,,,,,,,,,,,,0.0,7.383665135861076,True,3.4482758620689724,False,38.486917128668985,105.55555555555559,120.00000000000001,,3.4482758620689724,12.12121212121211,32.00000000000001,-16.666666666666664,66.66666666666667,10.571362993565959,10.40450061408027,12.10924024640656,7.7591765576863425,7.180484584027091,2.082890697691453,0.8325576584962358,0.22433975255991,7.7591765576863425,True,False
QQQX,rainbow_convergence,30.90999984741211,29.738613649619474,30.90999984741211,1.636826678708747,3.0,True,True,,,,,,,,,,,,0.0,3.7896674331129385,True,,False,,,,,,,,,,,,,,,,,,,False,False
QRVO,rainbow_convergence,117.18000030517578,101.68884939078609,117.18000030517578,11.944956939656532,13.0,True,True,,,,,,,,,,,,0.0,13.219961490054253,False,-3.0303030303029277,False,48.820214555613425,-3.0303030303029277,306.9767441860465,,,-81.7142857142857,36.71875,374.074074074074,-18.181818181818166,-7.038393327460046,8.364135992238486,1.1460962113082562,-7.657067841397769,-18.59915666205755,-6.1921411654005665,29.27838803680607,-5.8306516353565545,-7.657067841397769,True,False
RBB,rainbow_convergence,26.700000762939453,26.50569909838838,26.700000762939453,0.6188740083888943,5.0,True,True,,,,,,,,,,,,0.0,0.7277215692846373,True,13.461538461538458,True,27.820216133368056,13.461538461538458,407.6923076923077,136.0,51.28205128205128,-10.60606060606062,11.86440677966103,0.0,13.461538461538458,4.722412118159247,10.15360437052144,5.1816450465342,5.424185294909778,-1.1294924926965155,0.570530559256599,-0.2963417126507273,5.630914258986075,4.722412118159247,True,False
RLYB,rainbow_convergence,17.190000534057617,16.613746561764536,17.190000534057617,2.711362031774846,4.0,True,True,,,,,,,,,,,,0.0,3.352262678243554,True,,False,,,,,,,,-111.11111111111111,,-100.0,0.0,11000.0,-29.096989966555185,-100.0,-4.504504504504503,4.716981132075482,0.0,-100.0,True,False
RUSHB,rainbow_convergence,55.41999816894531,51.644279933441574,55.41999816894531,5.1194394687783715,4.0,True,True,,,,,,,,,,,,0.0,6.812916564871828,True,-14.432989690721653,False,36.820198117106486,1.1111111111111072,5.47945205479452,,-14.432989690721653,18.181818181818187,-4.938271604938271,-2.409638554216853,-7.777777777777784,-1.7822868409209325,-9.580325086605136,-12.52115958429525,-1.0815139313471334,13.375396065601786,-5.1882081143810765,-6.066817681616554,-2.7276046850672864,-12.52115958429525,True,False
SILC,rainbow_convergence,45.9900016784668,42.83595869200977,45.9900016784668,2.879649653969895,2.0,True,True,,,,,,,,,,,,0.0,6.858105830280495,True,,False,37.48684371571759,,,,,,,,,,,,,,,,,,False,False
SLAB,rainbow_convergence,220.5,219.0131260244679,220.5,0.4449025693371289,14.0,True,True,,,,,,,,,,,,0.0,0.6743192632798602,True,,False,42.820170181469905,,,,,,,,,18.327672483082267,20.136849094612685,25.237445037263374,23.801195949397513,6.880093676814991,2.5426740823991656,1.0713644240991416,6.8210220643522,18.327672483082267,True,False
SLF,rainbow_convergence,81.2699966430664,79.54995024182438,81.2699966430664,1.3742249086595422,6.0,True,True,,,,,,,,,,,,0.0,2.1164592989912183,True,,False,43.82016551418981,,,,,,,,,,,,,,,,,,False,False
SLP,rainbow_convergence,18.440000534057617,18.269996119938526,18.440000534057617,0.8764964158464675,0.0,False,False,,,,,,,,,,,,0.0,0.9219328047475007,False,-175.00000000000065,False,37.82016165854167,,46.66666666666668,200.0,-175.00000000000065,-18.181818181818187,633.3333333333334,,,7.479251583754842,8.287268188302432,-2.6580004227436005,-6.450921560222889,-9.900786299452468,31.865805330872377,5.504009163802981,-14.256249079212303,-6.450921560222889,True,False
SMTC,rainbow_convergence,185.0,145.2956821499818,185.0,14.214009672743803,12.0,True,True,,,,,,,,,,,,0.0,21.461793432442278,False,-141.97530864197532,False,62.820162605266205,22.72727272727273,-141.97530864197532,,,,,,-240.9090909090909,16.098779377080596,9.287853154462633,12.81177323131888,19.61647542958831,6.074734091842338,2.7741157226033764,3.7358882371628432,2.660393192511612,9.287853154462633,True,False
SNDK,rainbow_convergence,1791.8199462890625,1570.533856355883,1791.8199462890625,4.696262569521627,14.0,True,True,,,,,,,,,,,,0.0,12.349794988691395,False,-48.630136986301366,False,45.82016333177083,,,615.2777777777778,-48.630136986301366,94.65914025184543,347.18446601941747,586.6666666666667,,371.59389794844816,251.03244837758112,61.24733475479744,22.570366436537448,50.67226890756302,96.69421487603307,31.065857885615245,21.409784324039972,22.570366436537448,True,False
SNX,rainbow_convergence,266.1600036621094,257.0528739711658,266.1600036621094,2.461576841594549,13.0,True,True,,,,,,,,,,,,0.0,3.421674769175719,True,31.73076923076923,True,2.486829210787037,87.78280542986427,104.04040404040403,32.45614035087716,31.73076923076923,2.722772277227725,33.77483443708611,10.218978102189746,23.98190045248869,30.967485965604236,18.094852862089784,9.685196114275918,6.579713650495833,14.064373594430869,-1.2540436408245759,11.042261785949513,4.714265690238695,6.579713650495833,True,False
SPNT,rainbow_convergence,24.75,24.130516491874076,24.75,1.7359812662586005,14.0,True,True,,,,,,,,,,,,0.0,2.5029636691956534,True,15.999999999999993,False,37.82016214274306,15.999999999999993,67.3469387755102,,2333.333333333333,-29.268292682926834,-57.29166666666667,163.01369863013701,46.0,-0.5479818230419653,6.503506118520552,58.893603133159274,34.45393098541445,-3.937516137361219,-20.44777652254288,28.813335097235093,1.0291365944934405,-0.5479818230419653,True,False
STK,rainbow_convergence,53.91999816894531,51.6503660683899,53.91999816894531,2.0500448009932204,3.0,True,True,,,,,,,,,,,,0.0,4.209258489668468,True,,False,,,,,,,,,,,,,,,,,,,False,False
STNG,rainbow_convergence,87.16000366210938,80.59896223672189,87.16000366210938,6.568986298072615,14.0,True,True,,,,,,,,,,,,0.0,7.5275827784754155,True,,False,37.486825135023146,,,,,,,,,,,,,,,,,,False,False
TD,rainbow_convergence,122.33000183105469,120.31311585536777,122.33000183105469,1.0114941212415887,6.0,True,True,,,,,,,,,,,,0.0,1.6487255338002553,True,,False,72.48680393515046,,,,,,,,,,,,,,,,,,False,False
TECH,rainbow_convergence,72.37000274658203,71.21104106155096,72.37000274658203,1.5612911856765384,0.0,False,False,,,,,,,,,,,,0.0,1.6014393271331056,False,9.090909090909083,False,48.486793330625005,,128.57142857142856,9.090909090909083,14.28571428571428,12.499999999999956,33.33333333333335,0.0,,1.3335857271307594,-1.5073644526394703,-0.38851163683252254,-1.0029088848814038,3.1395404845623975,5.251506538189865,3.253127671825662,-9.594119224520059,-1.5073644526394703,True,False
TEVA,rainbow_convergence,38.97999954223633,36.484867756485116,38.97999954223633,5.628274880891664,5.0,True,True,,,,,,,,,,,,0.0,6.401056477816633,True,-304.16666666666663,False,43.82012676784722,-304.16666666666663,72.22222222222223,,,-258.06451612903226,-26.190476190476176,13.513513513513487,54.16666666666667,-0.8141762452107293,2.338730403495237,11.397493497280674,3.416435826408115,4.018081366147674,-15.474421566546381,5.156249999999996,7.279693486590033,-0.8141762452107293,True,False
TGTX,rainbow_convergence,56.869998931884766,53.59711613184819,56.869998931884766,3.886786458788183,3.0,True,True,,,,,,,,,,,,0.0,5.755025253221168,True,-70.58823529411764,True,41.48679343105324,-70.58823529411764,300.0,-12.500000000000199,12050.0,-58.33333333333333,-14.285714285714091,-94.23868312757203,1329.4117647058824,70.27162977867204,69.55550407096047,78.00434441003836,92.78842141656433,17.283498765359795,6.41000342725393,19.086754602403076,14.56697934083373,69.55550407096047,True,False
TMP,rainbow_convergence,99.33999633789062,97.3640379411245,99.33999633789062,1.2430763066608204,1.0,True,True,,,,,,,,,,,,0.0,1.989086440113401,True,26.923076923076916,True,31.48679296304398,36.00000000000001,32.84671532846715,383.4532374100721,26.923076923076916,12.08791208791209,-72.91666666666667,307.2727272727273,9.999999999999986,7.283871840980716,10.784513915831173,14.879540631631505,15.788948954271543,2.266171469647671,-1.7449020247020885,5.655106433867485,1.0547788928205515,7.283871840980716,True,False
TSM,rainbow_convergence,434.6700134277344,420.5497772113033,434.6700134277344,1.513641336511094,13.0,True,True,,,,,,,,,,,,0.0,3.248495589811054,True,,False,23.486790754583332,,,,,,,,,,,,,,,,,,False,False
TWIN,rainbow_convergence,24.8799991607666,23.562613491657547,24.8799991607666,4.202965475198385,9.0,True,True,,,,,,,,,,,,0.0,5.294958655731976,True,20.000000000000128,False,43.48678637534722,20.000000000000128,,2114.285714285714,,-47.8260869565217,-85.16129032258064,,-140.0,18.33095430190943,19.01971886462668,0.2880306046418424,9.738398013635674,18.311374025275605,7.223331115546694,12.730636531826601,-17.255218353710255,0.2880306046418424,True,False
TWN,rainbow_convergence,102.7300033569336,97.67868548508787,102.7300033569336,2.6920612910575525,1.0,True,True,,,,,,,,,,,,0.0,4.9170813849728106,True,,False,,,,,,,,,,,,,,,,,,,False,False
UMC,rainbow_convergence,24.610000610351562,20.921470519321232,24.610000610351562,10.263276313152794,10.0,True,True,,,,,,,,,,,,0.0,14.987931733243617,False,,False,36.486761895659725,,,,,,,,,,,,,,,,,,False,False
UNM,rainbow_convergence,95.19000244140625,91.89933221554153,95.19000244140625,3.4099122855610413,14.0,True,True,,,,,,,,,,,,0.0,3.4569494079908987,True,-93.35260115606935,True,42.82009562951389,-16.145833333333325,33.01886792452828,-44.50261780104717,-93.35260115606935,14.184397163120588,33.01886792452835,360.86956521739114,-88.02083333333334,0.25584577854464996,8.5263294087204,0.23172464932337267,5.0170966739198075,0.44110634239389324,3.4246786473906443,-3.975254558370822,0.5057416552626925,0.23172464932337267,True,False
USCB,rainbow_convergence,23.1299991607666,22.309298331707215,23.1299991607666,3.436219410052175,12.0,True,True,,,,,,,,,,,,0.0,3.5482095064295125,True,-71.4285714285714,False,30.820090368379628,22.499999999999986,34.210526315789465,-71.4285714285714,,-3.9215686274509887,409.99999999999955,-77.77777777777776,12.5,,,,,,,,,,False,False
VBNK,rainbow_convergence,22.790000915527344,20.86579850381845,22.790000915527344,8.348757066118004,10.0,True,True,,,,,,,,,,,,0.0,8.443187075073311,True,,False,78.48674145207175,,,,,,,,,,,,,,,,,,False,False
VLGEA,rainbow_convergence,44.7400016784668,43.41883707834531,44.7400016784668,1.8121200870488903,5.0,True,True,,,,,,,,,,,,0.0,2.9529829024511556,True,,False,14.486738062905093,,,,,,,,,1.5821341957780177,6.88867357846481,4.464072785042772,3.707130467265163,-10.667140955973785,10.018314672507223,-2.8482189459922314,6.387436598429219,1.5821341957780177,True,False
VNCE,rainbow_convergence,10.699999809265137,6.872621876554604,10.699999809265137,20.98350155026358,4.0,True,True,,,,,,,,,,,,0.0,35.76988785921663,False,-38.235294117647065,False,77.48673335092593,-13.978494623655912,,,-38.235294117647065,,,-233.33333333333334,-77.41935483870968,11.66969320462583,10.532856920925893,4.699186991869908,6.192460267957389,27.723900991645188,-23.501021419952927,-1.6669407701524808,16.22724976447618,4.699186991869908,True,False
VTRS,rainbow_convergence,16.950000762939453,16.629594211438732,16.950000762939453,1.5919441122483498,5.0,True,True,,,,,,,,,,,,0.0,1.89030405356251,True,-237.5,False,44.48673332399306,,,,-237.5,-166.66666666666669,,,,4.9565704679181755,8.217192895905278,4.986630255447455,0.2541466024612138,6.729919936176887,-4.904218711897467,-1.5156771180787176,5.001400952647805,0.2541466024612138,True,False
W,rainbow_convergence,102.45999908447266,98.65682743075682,102.45999908447266,3.6077263330795377,5.0,True,True,,,,,,,,,,,,0.0,3.7118599333387943,True,-109.09090909090908,False,35.48673335503472,-109.09090909090908,,,,,,,-790.9090909090909,7.5160403299725065,7.362637362637359,6.920858699134902,8.07905686546464,20.061412487205722,-12.166616721606239,7.058068655758731,-4.766269477543538,6.920858699134902,True,False
WABC,rainbow_convergence,60.70000076293945,59.01884163969009,60.70000076293945,1.8029919648167465,6.0,True,True,,,,,,,,,,,,0.0,2.7696196081035334,True,-14.50381679389312,True,23.77839763755787,4.464285714285698,-2.5862068965517238,-5.882352941176572,-14.50381679389312,3.539823008849563,0.8928571428572063,-7.771561172376096e-14,0.0,,,,,,,,,,False,False
WAT,rainbow_convergence,421.6300048828125,403.8909460623491,421.6300048828125,3.765409836019763,4.0,True,True,,,,,,,,,,,,0.0,4.20725721960746,True,-156.27530364372467,True,38.486717834988426,-156.27530364372467,-142.85714285714286,-3.0927835051546615,-7.749077490774903,,-123.13829787234043,50.4,1.2145748987854255,113.35927367055771,91.38972809667673,6.839010259947709,8.04830441507216,29.834254143646397,35.88603162380053,16.56633999552437,3.7466926070038875,6.839010259947709,True,False
WST,rainbow_convergence,362.30999755859375,348.1441092150201,362.30999755859375,3.390812162025545,5.0,True,True,,,,,,,,,,,,0.0,3.9098806102590986,True,2.2471910112359605,True,30.48670619518519,18.13186813186811,56.09756097560976,2.2471910112359605,3.7837837837837673,11.979166666666675,5.494505494505475,-5.208333333333314,5.494505494505497,13.803000652315722,21.0458452722063,7.505341880341887,7.725264426295353,3.2429873357793904,4.956521739130437,0.0497141436738735,4.9706457925636105,7.505341880341887,True,False
WTTR,rainbow_convergence,20.780000686645508,19.985996022255016,20.780000686645508,2.531993173128108,11.0,True,True,,,,,,,,,,,,0.0,3.8210040334636166,True,,False,42.82003920087963,,,,,,,,,8.673997501475771,-2.250630368819184,-0.7291281689858375,-13.223679072785977,8.15640046125512,5.614974805340234,7.5281697352618915,-11.52396249468034,-13.223679072785977,True,False
WYY,rainbow_convergence,12.65999984741211,10.998690279500805,12.65999984741211,9.130970535352168,5.0,True,True,,,,,,,,,,,,0.0,13.122508593480758,False,,False,51.820035002210645,,,,,0.0,,,,,,,,-39.31338028169014,62.10045662100456,-28.86723507917174,,,False,False
XMTR,rainbow_convergence,97.18000030517578,89.98048770380497,97.18000030517578,3.259106919630861,2.0,True,True,,,,,,,,,,,,0.0,7.40843031360576,True,,False,42.48670081025463,,,,,,,,,41.054587288599606,35.87907611395566,29.52082183296756,27.535321599457994,11.768663046339544,6.621690454162721,6.464875632902634,11.177074938325537,27.535321599457994,True,False
ABBV,vcp,266.9700012207031,246.77000427246094,263.9599914550781,,,,False,2.0,10%->8%,9.821663795030315,7.566392049997754,0.6741745065486073,36.0,,,,,,-1.1274711585054216,6.51234571112746,False,-88.63636363636364,False,37.487506289687495,290.38461538461536,-45.83333333333333,,-88.63636363636364,420.51282051282044,-61.764705882352935,919.9999999999998,-80.76923076923077,7.313606409096773,17.741243745532522,19.210829493087566,21.352095442031207,0.8377853326857698,-0.5073689296931638,4.335770103352665,2.51970538829307,7.313606409096773,True,False
ACHC,vcp,29.799999237060547,26.969999313354492,28.329999923706055,,,,False,2.0,18%->9%,18.314568743643864,9.496644282415103,0.7028363075412825,16.0,,,,,,-4.932883728152377,4.800566939689744,False,-3705.555555555557,True,43.82084037672454,-44.44444444444444,-3705.555555555557,-45.945945945945944,-61.1764705882353,,-3344.9999999999995,21.212121212121215,266.6666666666667,7.566076793791088,6.0990289807526965,4.406265555383904,9.194512838550818,0.893897321716608,-3.5362793324823616,-2.031563495131339,12.813284793739177,4.406265555383904,True,False
AEM,vcp,208.63999938964844,192.6999969482422,199.49000549316406,,,,False,3.0,16%->14%->8%,16.300217963308075,7.639955180232379,0.665861284820921,55.0,,,,,,-4.38554156597565,3.4036835720847924,False,,False,36.820839503807875,,,,,,,,,,,,,,,,,,False,False
ALTO,vcp,4.230000019073486,3.880000114440918,4.0,,,,False,2.0,13%->8%,12.500004063952966,8.274229386628472,0.6691094202167036,19.0,,,,,,-5.437352672255169,2.999997138977051,False,,False,43.82083980288194,,,,,199.99999999999994,-82.14285714285714,47.36842105263159,,128.34768804274427,49.25046525372814,40.56885804011807,-29.75876995799669,26.16083467514956,2.4977357351313234,36.288825696965255,29.567937068322102,-29.75876995799669,True,False
AMAT,vcp,474.0400085449219,411.510009765625,444.57000732421875,,,,False,2.0,21%->13%,20.9748516895046,13.190869473493247,0.7910911492216578,23.0,,,,,,-6.216775101148542,7.436398545546405,False,12.918660287081352,True,51.82085132648149,42.79279279279278,33.460076045627375,75.17241379310346,12.918660287081352,-9.686609686609682,38.188976377952756,7.627118644067776,6.3063063063063085,24.82881402355519,11.40845070422536,-2.149037119732067,-3.477643718949608,15.233881163084707,12.806617227609806,3.117647058823536,-6.874828814023559,-3.477643718949608,True,False
AMLX,vcp,35.474998474121094,31.3700008392334,32.40999984741211,,,,False,2.0,20%->12%,19.834710667169606,11.57152307668816,0.5322946526159493,19.0,,,,,,-8.639883745012398,3.2088831011264363,False,,False,44.48750646512731,,,,,,,,,,-100.0,,-100.0,,,,,-100.0,False,False
ANDE,vcp,71.19999694824219,63.369998931884766,69.58999633789062,,,,False,2.0,18%->11%,17.517775700530823,10.997188696580038,0.8234311620138391,32.0,,,,,,-2.26123690921213,8.938062556872376,False,-78.0952380952381,True,42.82083623179398,16400.0,-25.954198473282418,-26.250000000000007,-78.0952380952381,70.10309278350515,64.40677966101696,156.52173913043475,2200.0,3.604358447284528,1.7215562847384902,-3.4684260682986134,23.992535137341807,46.52457393246119,14.999348920874201,10.941227062293812,-44.57838055232818,-3.4684260682986134,True,False
APEI,vcp,47.52000045776367,43.279998779296875,43.880001068115234,,,,False,2.0,19%->9%,19.437197791342882,8.922562368734317,0.6799920785509842,29.0,,,,,,-7.6599313017341215,1.3673707251897547,False,6.349206349206371,False,48.82079347475695,,129.2682926829268,6.349206349206371,650.0,-44.680851063829785,40.29850746268653,123.33333333333339,,5.507907056756323,6.190785835394497,-3.5220279081104144,6.5914760778986725,-1.7208620906728922,10.363165540327168,-2.9929847134148257,0.2758561370310719,-3.5220279081104144,True,False
AROW,vcp,40.803119951084696,36.95000076293945,37.91999816894531,,,,False,2.0,12%->9%,12.154575303603046,9.443197463244015,0.7864359799713878,45.0,,,,,,-7.065934628517885,2.5580101604547054,False,1.538461538461533,True,37.487467378287036,1.538461538461533,115.78947368421053,214.81481481481475,45.28301886792452,-19.512195121951216,-3.52941176470587,10.389610389610372,18.461538461538463,,,,,,,,,,False,False
ASTI,vcp,3.1500000953674316,2.7149999141693115,2.880000114440918,,,,False,2.0,17%->14%,17.487680299467836,13.809529143756407,0.572983975187387,10.0,,,,,,-8.571427706417879,5.729173392884994,False,-100.33497536945812,False,,,,-100.33497536945812,,,,,,461.3053475620541,232.46287762416796,,233.906432748538,83.28007084552596,232.1439989769167,-45.22049809100144,68.32144331112553,232.46287762416796,False,False
ATEN,vcp,27.219999313354492,24.09000015258789,26.149999618530273,,,,False,2.0,15%->11%,14.75467016719612,11.498895076132431,0.7246130897920028,28.0,,,,,,-3.9309321154143553,7.877627135729045,False,-45.83333333333337,True,42.820793657384264,-14.285714285714302,30.76923076923077,-45.83333333333337,0.0,-29.41176470588236,30.76923076923088,-23.529411764705955,21.42857142857142,15.499473934537278,13.400970712309302,8.289310549296536,11.931775602883654,6.8493333333333295,-6.664177711405639,7.596207921587528,7.6373174985227,8.289310549296536,True,False
AVBH,vcp,34.04999923706055,31.09000015258789,31.299999237060547,,,,False,2.0,12%->9%,11.702750041796492,8.693095890736313,0.4845013913156021,55.0,,,,,,-8.076358477585096,0.6709236089182018,False,-995.6521739130435,True,30.820793359641204,-5.333333333333334,18.309859154929576,-46.753246753246735,-995.6521739130435,-15.476190476190476,104.87804878048772,,-649.3333333333334,,,,,13.213386942813333,,,,,False,False
B,vcp,45.810001373291016,41.880001068115234,43.33000183105469,,,,False,2.0,13%->9%,12.566737142781085,8.578913310112062,0.6434416582434472,17.0,,,,,,-5.413663977059522,3.346412881755835,False,,False,48.48744835565972,,,,,,,,,,,,,,,,,,False,False
BALL,vcp,67.33545870591831,59.34000015258789,60.150001525878906,,,,False,2.0,20%->12%,20.20994007983195,11.874068591779977,0.6236441217551417,106.0,,,,,,-10.671134225759504,1.346635665408123,False,9.210526315789469,True,42.48745473011574,9.210526315789469,22.222222222222232,217.3913043478255,81.53846153846152,7.792207792207795,5.47945205479452,-38.13559322033898,55.263157894736835,,,,,11.34649910233394,-2.4518388791593737,15.446825717751711,,,False,False
BBGI,vcp,18.5,16.329999923706055,17.219999313354492,,,,False,2.0,25%->12%,24.525477966122363,11.729730142129434,0.3138980564723139,12.0,,,,,,-6.918922630516258,5.168405488600823,False,,False,48.82078091138889,,,,,2496.045197740113,,,,-16.74350450703401,-12.928667569708463,-21.15625014676269,-12.395696203802032,3.6088580700976536,-19.72024530255707,4.067240381092296,-3.8163698666205947,-21.15625014676269,True,False
BCX,vcp,13.27641773223877,12.140000343322754,12.270000457763672,,,,False,3.0,18%->14%->9%,18.00867571477594,8.559668819070703,0.5605484920506726,140.0,,,,,,-7.58048816158625,1.0594955956881176,False,,False,,,,,,,,,,,,,,,,,,,False,False
BDSX,vcp,27.899999618530273,25.600000381469727,29.200000762939453,,,,True,2.0,23%->8%,23.123602346252074,8.243724976730688,0.4599867285998673,16.0,,,,,,4.659502373418533,12.32876810756401,False,-133.33333333333331,False,42.820760349456016,,,-133.33333333333331,,,,,,34.18423418922969,42.30426550840851,40.75578834010476,19.927276734064247,5.110545881432205,-11.128499391410184,32.097574421168694,8.742132081126996,19.927276734064247,True,False
BELFA,vcp,210.4199981689453,188.00999450683594,198.8300018310547,,,,False,2.0,23%->11%,22.964141393069664,10.650130147856233,0.5561651629683817,23.0,,,,,,-5.50802986348525,5.441838366733246,False,,False,36.82075353173611,,,,,,,,,25.18493871027161,17.244708942576747,17.402358216723712,44.76131933547938,18.03676375839678,1.4510793575009284,-1.6996312437143835,6.3464429378665255,17.244708942576747,True,False
BFH,vcp,114.28087504517413,100.7699966430664,108.52999877929688,,,,False,2.0,17%->12%,17.086710585955725,11.822519206968796,0.6079775253687244,56.0,,,,,,-5.032229814134681,7.150098796196396,False,20.74829931972788,True,30.48741890609954,20.74829931972788,49.280575539568375,1412.4999999999995,7819.999999999999,-14.457831325301218,242.97520661157,-69.44444444444441,34.6938775510204,697.0246734397679,724.7145187601957,546.4477611940299,-34.02523402523403,8.624270596380178,-6.621721462874031,567.9827267119063,17.634252539912907,-34.02523402523403,True,False
BKD,vcp,12.789999961853027,11.420000076293945,11.449999809265137,,,,False,3.0,17%->13%->11%,16.72263712142285,10.711492491361941,0.6269311877658149,30.0,,,,,,-10.476936329824275,0.26200640585964163,False,,False,44.82075361571759,,,,,,,,,-11.607318585290006,-6.021644893987199,-3.4387692906569955,3.6979367915252803,-6.0498969740709345,1.4272775373859625,-7.264454323538272,0.027185144364194613,-11.607318585290006,True,False
BKU,vcp,48.400001525878906,43.810001373291016,44.77000045776367,,,,False,2.0,13%->9%,12.558572495598582,9.483471090664475,0.6250398094757075,59.0,,,,,,-7.500001970401418,2.1442909865018343,False,-2.1978021978022455,True,29.487417850740744,6.593406593406592,6.41025641025641,-2.1978021978022455,17.28395061728394,16.867469879518083,-6.741573033707837,-6.315789473684241,4.39560439560438,-5.724653780641342,-4.570706845702166,-5.240435032644363,-7.853879993244495,1.0305668701345638,-4.41442245476249,-2.2078990375488994,-0.17272850042038268,-7.853879993244495,True,False
BLZE,vcp,14.1899995803833,12.149999618530273,13.15999984741211,,,,False,2.0,35%->14%,34.59787553976422,14.37632150936204,0.6362720999536738,22.0,,,,,,-7.258631172865539,7.674773864685498,False,,False,44.82075215511574,,,,,,,,,17.673150035814643,11.709473319273101,11.768188006866742,14.032342201356297,10.466559768271866,2.393940998887767,1.6145524998654626,2.380296435065299,11.709473319273101,True,False
BMA,vcp,80.7699966430664,74.25,75.05999755859375,,,,False,2.0,26%->8%,25.752684415918132,8.072300252628656,0.6215828729753257,34.0,,,,,,-7.069455641685759,1.0791334731411966,False,,False,64.82074865164351,,,,,,,,,,,,,,,,,,False,False
BOW,vcp,33.20000076293945,30.049999237060547,33.7400016784668,,,,True,3.0,17%->13%->9%,17.278206565235365,9.487956185215497,0.6628332462101412,85.0,,,,,,1.6265087443315267,10.936580491521571,False,2.220446049250313e-14,True,42.48741779645833,33.33333333333333,41.17647058823528,2.220446049250313e-14,25.0,0.0,9.090909090909038,-2.222222222222192,25.0,22.957610139348517,26.873431337396923,27.109084966772535,23.270612618939545,5.24297660796178,2.647714236738352,5.3817080287913655,8.005973150837065,22.957610139348517,True,False
BPOP,vcp,178.26144933737996,158.00999450683594,162.02999877929688,,,,False,2.0,16%->11%,16.154306766705513,11.360535273229969,0.8498701625541942,151.0,,,,,,-9.105418259762505,2.481024688481691,False,39.84063745019923,True,30.48741370199074,40.77669902912622,47.65625,39.84063745019923,45.370370370370374,15.07936507936507,7.692307692307643,11.783439490445913,1.6181229773462924,,,,,3.1305828553258586,2.6266043927379634,,,,False,False
BSTZ,vcp,30.195972882416992,27.700000762939453,29.459999084472656,,,,False,2.0,11%->8%,10.912766821597518,8.26591058747087,0.8234379076126339,41.0,,,,,,-2.4373243439123993,5.974196796431121,False,,False,,,,,,,,,,,,,,,,,,,False,False
BWMX,vcp,17.475358920304394,15.152000427246094,17.309999465942383,,,,False,2.0,18%->13%,18.20349711504087,13.295054503051269,0.7540751471253961,48.0,,,,,,-0.9462435370633938,12.466777037989957,False,,False,30.820732393009262,,,,,,,,,,,,,,,,,,False,False
CCSI,vcp,38.56999969482422,34.779998779296875,34.93000030517578,,,,False,2.0,19%->10%,18.74085014876668,9.826292314012983,0.8376375241454607,15.0,,,,,,-9.437385062092432,0.4294346537886507,False,5.504587155963292,True,43.82072554141204,33.644859813084096,21.495327102803728,15.217391304347782,5.504587155963292,9.999999999999986,22.641509433962305,-7.826086956521761,7.47663551401867,4.445326228671842,1.7570699517062582,0.6147400233532441,0.12894177261004724,3.3637016425814625,1.4074251060973264,-0.7173033910941373,0.36392494756534166,0.12894177261004724,True,False
CFR,vcp,169.7119796060328,157.5500030517578,159.8000030517578,,,,False,3.0,13%->9%->7%,13.036752045982421,7.166245177569457,0.7919430695485786,150.0,,,,,,-5.840469586934594,1.4080099856263737,False,8.474576271186486,True,37.487388380266204,12.970711297071125,15.217391304347828,8.474576271186486,19.19642857142856,1.8867924528301883,3.515624999999978,-4.119850187265895,11.715481171548102,-0.3436807271010256,-0.5888506170385388,2.756115952542304,2.513330532702085,3.08396325992748,-5.542886425246197,-0.8622581709628707,3.2381094232533547,-0.5888506170385388,True,False
CHRN,vcp,19.530000686645508,17.780000686645508,20.420000076293945,,,,True,3.0,29%->19%->9%,29.011084771038732,8.960573161662195,0.38864898210980875,15.0,,,,,,4.557088368445442,12.928498431854926,False,-142.23602484472048,False,,,-142.23602484472048,,,,,,,-36.56296296296296,-38.31041257367387,2.3734560426253326,-58.44444444444444,-31.81528662420382,-25.715637568015136,105.49343704423917,-39.05185185185185,-58.44444444444444,True,False
CLDT,vcp,13.890000343322754,12.529999732971191,12.979999542236328,,,,False,2.0,12%->10%,12.17579625449225,9.791220854831343,0.6514018421736494,37.0,,,,,,-6.5514814873556455,3.4668707637535565,False,-40.0,False,43.48739120659722,85.7142857142857,,,-40.0,,-360.0,66.66666666666667,-57.14285714285715,3.91820470959352,0.5026458076342166,2.37108764619538,1.2260774395835172,-13.841953726326894,0.8071323673955577,26.351854828105136,-5.305902210907886,0.5026458076342166,True,False
CLMT,vcp,51.5,45.72999954223633,59.0,,,,True,2.0,14%->11%,14.368070424558057,11.20388438400713,0.6228819237424574,33.0,,,,,,14.563106796116504,22.49152619959944,False,,False,45.487387276111114,,,,,,,-111.91135734072022,,40.76563413208649,3.601972029379219,9.383886255924168,-2.035623409669207,40.34184713994367,-0.8569227806662805,-3.6549165120593696,5.006818624586007,-2.035623409669207,True,False
CLS,vcp,353.9599914550781,328.9200134277344,332.6300048828125,,,,False,2.0,11%->7%,11.3314447592068,7.074239640589896,0.836119995141897,5.0,,,,,,-6.026100996494307,1.1153508103952248,False,74.17582417582416,True,34.82071386027778,74.17582417582416,147.29729729729732,77.51937984496129,208.0,73.22404371584699,-20.087336244541486,-0.8658008658008698,26.923076923076916,62.39026750535701,52.79770444763272,43.57151274698512,27.78555711142228,16.100815418828752,10.72806369531314,14.43018159048215,10.38916154005669,27.78555711142228,True,False
CMDB,vcp,24.760000228881836,22.829999923706055,23.90999984741211,,,,False,2.0,16%->8%,16.186694774963158,7.794831532046961,0.7771186440677966,31.0,,,,,,-3.432957890195111,4.516938229185928,False,,False,52.48738375115741,,,,,,,,,,,,,,,,,,False,False
CON,vcp,35.83495432698202,33.31999969482422,35.470001220703125,,,,False,2.0,8%->7%,8.323188023870019,7.018160562476735,0.7649576744928924,36.0,,,,,,-1.018427714317203,6.06146448234119,False,2.7027027027026973,True,44.82071063601852,45.71428571428573,30.000000000000004,124.99999999999983,2.7027027027026973,30.76923076923077,44.44444444444444,-28.947368421052634,8.571428571428585,10.030229581415618,13.739935137553116,15.920961807668576,16.98438438193115,6.404122516701638,5.653149810788749,-5.886871508379887,3.997022431620323,10.030229581415618,True,False
CPAY,vcp,427.4599914550781,396.3900146484375,397.760009765625,,,,False,2.0,12%->7%,11.831234755976244,7.268511071849815,0.34925156689842113,64.0,,,,,,-6.948014383370498,0.34442756525341806,False,-7.0351758793969825,True,43.82069168925926,-7.0351758793969825,49.117647058823536,9.037900874635518,0.2564102564102555,-27.02169625246549,35.56149732620322,-4.347826086956519,-1.7587939698492372,,,,,12.502473901539691,,,,,False,False
CPIX,vcp,6.900000095367432,6.239999771118164,7.320000171661377,,,,True,2.0,31%->10%,31.441044602390683,9.565221958364653,0.27655579399141633,14.0,,,,,,6.08695754331841,14.754103486558959,False,-375.0,False,42.820684756736114,,-375.0,,,,,,,-18.787983755826943,-22.041542535230985,31.077193778317213,-8.732986962330113,-3.614768822503922,-33.24402384416416,64.95482228103404,-23.48358175323646,-22.041542535230985,True,False
CRSR,vcp,13.630000114440918,12.670000076293945,13.380000114440918,,,,False,2.0,23%->7%,23.11111126303056,7.043287087942556,0.7349922836762416,25.0,,,,,,-1.8341892729342404,5.306427743454768,False,2199.9999999999723,False,42.8206838399074,,,2199.9999999999723,,-45.45454545454546,-52.17391304347826,,,-1.8046808616984045,-4.121162947937796,5.616708935431536,13.663424271611667,-11.333043733357407,-18.849046022135497,26.3452133397732,8.013132903483777,-4.121162947937796,True,False
CSTM,vcp,28.100000381469727,25.040000915527344,25.549999237060547,,,,False,2.0,17%->11%,16.52032495514164,10.889677666909463,0.8261185465854537,26.0,,,,,,-9.074737045522438,1.996079595937698,False,-50.98039215686274,False,36.48734919700232,446.1538461538461,,1139.9999999999998,-50.98039215686274,79.74683544303795,27.419354838709676,148.0,-3.8461538461538547,24.355735219807983,27.89076118535736,20.199778024417302,8.850931677018625,11.812812358019077,1.6158818097876226,2.9957203994293913,6.265790803436078,8.850931677018625,True,False
CVS,vcp,101.0,88.1500015258789,88.83999633789062,,,,False,2.0,15%->13%,15.0,12.722770766456529,0.7978862103674214,36.0,,,,,,-12.039607586246905,0.7766713647616768,False,-4571.428571428571,True,36.48735009415509,188.74999999999997,63.120567375886516,77.69230769230762,-4571.428571428571,0.43478260869567187,-0.43290043290041824,,-491.24999999999994,36.552497408449504,35.17598698295794,34.36850283413215,,2.231619626849124,2.835643435347013,13.176279747092124,14.766548900971044,34.36850283413215,False,False
CVU,vcp,5.349999904632568,4.940000057220459,5.110000133514404,,,,False,2.0,17%->8%,16.55518804009483,7.663548686367083,0.5504088914148589,24.0,,,,,,-4.485977110211686,3.3268115822342987,False,-50.0,False,,,,-50.0,50.0,-44.44444444444444,124.99999999999996,-55.55555555555555,,15.827175088285816,12.722432776679993,-10.815211369165457,-0.776405455461382,1.2764560246175893,-10.577106238370737,0.7483690729334525,26.944890305807156,-10.815211369165457,True,False
DAR,vcp,68.58999633789062,63.689998626708984,65.36000061035156,,,,False,2.0,16%->7%,15.747361737399915,7.143895571947674,0.4979892828077213,20.0,,,,,,-4.709135296679906,2.5550825704522517,False,-44.44444444444443,False,37.48734937153935,2912.5,,-44.44444444444443,9.090909090909083,190.36144578313255,137.1428571428571,191.66666666666669,50.0,16.372396420428224,12.329982601691736,20.604319835112396,9.991975474913328,11.17195343627666,-9.298051993245993,9.324563321709034,5.565102820215473,9.991975474913328,True,False
DGXX,vcp,3.9049999713897705,3.559999942779541,4.090000152587891,,,,True,3.0,22%->12%->9%,21.779861145465595,8.83482794207155,0.5547126436781609,15.0,,,,,,4.737520679988108,12.958439854164784,False,,False,51.48732672013889,,,,,,,,,,,,,-2.3962701944504117,-16.27458515128798,-12.55996413336069,,,False,False
DINO,vcp,98.38999938964844,91.37999725341797,115.9000015258789,,,,True,2.0,15%->7%,14.561664743768898,7.124710010891603,0.5983510175682728,37.0,,,,,,17.796526318580998,21.156172519105574,False,348.18181818181813,False,37.48732296056713,348.18181818181813,,,,38.48314606741572,,-106.9767441860465,95.45454545454544,53.15448113207548,11.821036106750382,-0.5538461538461492,0.6105175523796413,45.86550610697739,10.194925742574256,-10.853675355123427,6.883844339622636,-0.5538461538461492,True,False
DRH,vcp,12.970000267028809,11.850000381469727,12.239999771118164,,,,False,2.0,13%->9%,13.052938330051953,8.635311198923002,0.767098774088747,33.0,,,,,,-5.628376876493885,3.186269582853185,False,-9.090909090909083,False,42.820638691180555,144.44444444444446,75.00000000000003,,-9.090909090909083,528.5714285714286,-41.666666666666664,19.999999999999996,-44.44444444444444,4.110297003794328,1.2983955456675078,-1.6187005242769281,0.08943320391823217,23.289252484873835,-5.9635600690624795,-3.801894990609145,-6.651838283396572,-1.6187005242769281,True,False
EGBN,vcp,29.1299991607666,26.520000457763672,28.31999969482422,,,,False,2.0,14%->9%,14.387457392229871,8.959831027108905,0.5534274967375451,45.0,,,,,,-2.7806367637432725,6.355929577885963,False,-408.33333333333337,False,29.820630375636576,,700.0,-117.64705882352939,-408.33333333333337,-52.08333333333333,,,,,,,,,,,,,False,False
ELV,vcp,394.28389763807013,361.4070000897202,410.95001220703125,,,,True,2.0,16%->8%,16.24334785811254,8.338381999695308,0.4566243791788239,47.0,,,,,,4.226932590653157,12.055727131199575,False,-16.753381893860553,True,29.487291151921294,-13.082901554404147,-16.753381893860553,36.17021276595764,22.018348623853214,-16.125,212.49999999999974,-51.87969924812026,-31.088082901554404,1.402282224365159,2.638522427440626,9.473614717662082,12.426284751474315,0.5838863314800324,0.8724144169497627,-1.900968231744593,1.8784153005464432,1.402282224365159,True,False
ENTX,vcp,2.940000057220459,2.680000066757202,2.9600000381469727,,,,True,2.0,11%->9%,10.526313725600916,8.843536918467496,0.42724555607991194,7.0,,,,,,0.680271446845552,9.459458370988969,True,-12.49999999999999,True,52.820621843912036,133.33333333333334,16.666666666666675,0.0,-12.49999999999999,100.0,16.666666666666675,-14.285714285714302,16.666666666666675,,-100.0,-100.0,-100.0,,,,,-100.0,False,False
EQBK,vcp,52.27000045776367,48.59000015258789,49.029998779296875,,,,False,3.0,12%->9%->7%,12.186593340573495,7.040367845700277,0.7466407295850067,156.0,,,,,,-6.198587430824403,0.8974069705561071,False,-221.09375,True,21.820621752303243,47.67441860465116,-5.88235294117646,0.9433962264151052,-221.09375,58.74999999999999,-25.233644859813086,,-280.2325581395349,,,,,,,,,,False,False
ESTA,vcp,76.41999816894531,68.31999969482422,69.30000305175781,,,,False,3.0,24%->17%->11%,24.346752124644564,10.599317807119078,0.3826593454278418,33.0,,,,,,-9.316926573914579,1.4141461959268062,False,,False,43.48727451892361,,,,,,,,,31.6608187134503,44.710829687990916,45.16107292087883,33.69627364705296,12.801242547221815,-7.335530897441844,20.14614555055594,4.838206627680308,31.6608187134503,True,False
EXEL,vcp,59.720001220703125,54.54999923706055,58.36000061035156,,,,False,2.0,12%->9%,12.256364264666706,8.657069454061388,0.6340373032972816,31.0,,,,,,-2.2772950143210835,6.5284464246822145,False,26.15384615384615,True,35.82059494207176,26.15384615384615,43.636363636363626,89.36170212765953,72.49999999999999,3.797468354430378,-11.235955056179737,28.985507246376784,6.153846153846132,10.63402204268813,9.96764767835636,5.62994592019479,10.789336140652628,2.926923505104684,2.0293554136467495,0.15190169885654914,5.190220690844516,5.62994592019479,True,False
FF,vcp,5.539528527530404,5.150000095367432,5.559999942779541,,,,True,2.0,28%->7%,27.610874479959328,7.031797565931651,0.4704764838775929,27.0,,,,,,0.3695515809224185,7.3740980509280964,True,-416.66666666666686,False,48.8206013521412,,,-416.66666666666686,,,,,,120.6879152300059,82.18725054168092,-67.74130615031946,-55.633554947203756,146.38833249874813,61.032154016732186,-12.547930715324608,-36.39727525018922,-67.74130615031946,True,False
FIRY,vcp,10.399999618530273,9.5,10.34000015258789,,,,False,2.0,15%->9%,15.284244730793638,8.653842803289075,0.6845867134400351,19.0,,,,,,-0.5769179629149057,8.123792458336238,False,,False,51.820592260138895,,,,,,,,,22.91584040612358,32.91775129013106,68.87625907377188,11.439504966617807,6.483422092423985,-3.018893072540063,9.633228611090816,8.566669310700403,11.439504966617807,True,False
FIX,vcp,1695.5699462890625,1545.2099609375,1651.3699951171875,,,,False,2.0,20%->9%,20.065295986655666,8.867813780295029,0.8340248504778089,23.0,,,,,,-2.6067901986946254,6.428603795247835,False,91.88361408882082,True,30.820593040891204,91.88361408882082,121.26315789473682,129.1666666666666,101.71149144254281,19.219790675547088,12.406417112299483,13.333333333333307,26.339969372128635,-4.337759647837336,-2.865961444390097,1.0158179590843641,14.326574422345306,-4.177629367017621,-2.1198741350989203,-3.9502708926275276,6.18984161535483,-4.337759647837336,True,False
FMAO,vcp,35.709999084472656,32.65999984741211,35.529998779296875,,,,False,2.0,13%->9%,12.548688074188115,8.541023005477312,0.654179780455976,36.0,,,,,,-0.5040613547762554,8.077678104388502,False,18.032786885245965,True,34.820576285057875,53.571428571428555,37.254901960784295,18.032786885245965,33.33333333333335,22.857142857142865,-2.7777777777778123,12.500000000000021,14.28571428571428,,,,,,,,,,False,False
FMX,vcp,125.0,115.5,118.72000122070312,,,,False,2.0,18%->8%,18.4703503621576,7.6,0.566756384384732,37.0,,,,,,-5.0239990234375,2.712265151275623,False,,False,36.487244551747686,,,,,,,,,,,,,,,,,,False,False
FNRN,vcp,18.0,16.530000686645508,17.260000228881836,,,,False,2.0,17%->8%,17.246751661424515,8.166662851969402,0.7842652302556711,36.0,,,,,,-4.111109839545356,4.229429504959051,False,-12.121212121212132,True,36.8205816165625,-12.121212121212132,63.636363636363626,-8.108108108108091,11.764705882352944,-19.444444444444443,5.882352941176472,-10.526315789473696,15.151515151515138,,,,,,,,,,False,False
FRST,vcp,16.8799991607666,15.520000457763672,15.90999984741211,,,,False,2.0,18%->8%,17.650563466325877,8.056864754850885,0.5676744302717889,58.0,,,,,,-5.746441715524587,2.451284685033319,False,-67.3913043478261,False,30.820555445798615,280.0,-67.3913043478261,,460.00000000000006,26.666666666666682,-74.78991596638656,325.0,180.00000000000003,,,,,,,,,,False,False
FSTR,vcp,39.13999938964844,36.290000915527344,37.40999984741211,,,,False,2.0,15%->7%,15.450746711020201,7.281549613091838,0.41318219352901436,31.0,,,,,,-4.420029558543811,2.9938490683053107,False,-87.76758409785933,False,41.48721806141204,7.407407407407396,,,-87.76758409785933,107.14285714285711,-36.36363636363633,-45.00000000000003,48.14814814814814,-3.488485490185156,23.87925392670156,25.11253442344148,0.5965111372994159,14.368024829954429,-24.461100060483997,15.971971132291053,-3.6723832875910745,-3.488485490185156,True,False
FTK,vcp,28.729999542236328,25.90999984741211,31.399999618530273,,,,True,3.0,41%->14%->10%,40.81169491805757,9.815522936846909,0.445122462674048,26.0,,,,,,9.293421924245928,17.484075916607072,False,-40.00000000000002,True,42.8205489006713,420.0,-29.41176470588236,-40.00000000000002,562.5,116.6666666666667,33.33333333333337,-83.01886792452831,960.0,70.29477292202229,26.532639716773243,33.02401639182773,12.643239113827342,41.849509642974404,3.7500555399220925,20.502935874783603,-3.974293059125966,12.643239113827342,True,False
GAIN,vcp,16.93667086750071,15.699999809265137,15.859999656677246,,,,False,2.0,14%->7%,13.75575862716572,7.301736379659976,0.7077790470919721,87.0,,,,,,-6.357041588907866,1.008826298080956,False,-89.28571428571429,False,42.82054668474537,26.66666666666666,-89.28571428571429,,36.00000000000001,533.3333333333333,-85.0,-41.17647058823529,126.66666666666674,,,,,,,,,,False,False
GEV,vcp,983.3400268554688,868.25,940.3300170898438,,,,False,2.0,21%->12%,20.52089074493127,11.703990858940665,0.8266431702338861,23.0,,,,,,-4.373869525393235,7.665395741903332,False,32.79569892473118,False,36.4872123553125,32.79569892473118,1816.4835164835165,658.8571428571431,,-85.83715596330275,31.32530120481927,709.7560975609758,-11.827956989247323,21.8746570080123,16.272410358565747,3.7696533434362633,11.847862672500842,18.89923974729628,-14.759036144578308,9.900692145651524,9.417188014487987,3.7696533434362633,True,False
GHRS,vcp,28.6200008392334,26.520000457763672,28.260000228881836,,,,False,2.0,13%->7%,13.444555614593032,7.337527323168228,0.8079930495221547,21.0,,,,,,-1.2578637309404261,6.157111666757445,False,,False,44.4872006203125,,,,,,,,,,,,,,,,,,False,False
GORO,vcp,3.700000047683716,3.369999885559082,3.5899999141693115,,,,False,2.0,14%->9%,13.924049257640004,8.918923185723237,0.6527482576244378,7.0,,,,,,-2.9729765431561788,6.128134648190798,False,,False,70.82053335556714,,,,,,,,,,,,,,,,,,False,False
GPRE,vcp,16.030000686645508,14.329999923706055,15.149999618530273,,,,False,2.0,19%->11%,18.998791514024134,10.60511971378587,0.7141501224555705,19.0,,,,,,-5.48971322782511,5.412539376048963,False,-75.36231884057972,False,43.48719920108797,,,,-75.36231884057972,97.61904761904762,61.53846153846152,52.941176470588225,,-30.69845442596202,19.115103498298282,2.3666917238536422,14.537027553006254,7.428919387324928,1.1441430771052863,-5.62051465492186,-32.422305821208965,-30.69845442596202,True,False
GSAT,vcp,84.69999694824219,78.36000061035156,82.83999633789062,,,,False,3.0,20%->9%->7%,20.080376921720777,7.485237976767367,0.7496570129113497,122.0,,,,,,-2.195986632075273,5.408010533059299,False,-276.9230769230769,False,44.48717807944444,-276.9230769230769,,,-116.66666666666667,,,,-107.6923076923077,-3.538452373860723,16.711087420042638,17.62753976167515,2.127041641888061,-7.55309431377027,-2.6361501368797002,-2.551289863904127,9.973491392148691,-3.538452373860723,True,False
HCSG,vcp,23.649999618530273,21.010000228881836,21.469999313354492,,,,False,3.0,17%->14%->11%,16.920671738519573,11.162788296960233,0.5734545454545454,43.0,,,,,,-9.217760424265315,2.1425202570292283,False,60.86956521739128,False,29.487179106886572,,60.86956521739128,186.66666666666666,210.52631578947367,-13.513513513513509,-13.953488372093037,-27.118644067796595,,2.686421325609434,3.3739741143988145,6.594154568627619,8.45243127976476,1.7378113344541202,-0.8391152862120221,0.5048046896872549,1.2752703978922142,2.686421325609434,True,False
HLF,vcp,13.170000076293945,11.510000228881836,11.890000343322754,,,,False,2.0,20%->13%,19.923078096829926,12.604402716748012,0.7472371267680437,16.0,,,,,,-9.719056382354896,3.195963864326718,False,-152.08333333333334,True,43.820511480891206,-152.08333333333334,16.326530612244895,-53.714285714285694,-8.695652173913048,-143.859649122807,-29.62962962962966,92.85714285714293,-12.5,5.376856484790715,7.816976344438076,6.261388106675492,2.6928968797871544,0.728818706346801,2.6656274356975818,0.7301562377325821,1.1595584147406912,2.6928968797871544,True,False
HPE,vcp,61.99319960164336,54.8811870199367,60.7599983215332,,,,False,2.0,18%->11%,18.078335798204662,11.472246355095592,0.8340144012528748,15.0,,,,,,-1.9892525116214002,9.675463238966334,False,-87.25490196078431,False,72.82050049390047,404.7619047619048,,-29.54545454545454,-87.25490196078431,140.9090909090909,41.93548387096775,138.46153846153854,-38.095238095238116,32.95819935691318,39.10428662827896,18.10945273631841,14.328703703703694,14.110937356268982,14.479780960404387,-3.867179591010328,5.873526259378359,14.328703703703694,True,False
HPQ,vcp,36.22999954223633,32.560001373291016,34.400001525878906,,,,False,2.0,13%->10%,13.298736473151507,10.129721819805408,0.5473877091646436,16.0,,,,,,-5.051057243939628,5.348837415613688,False,-11.250000000000004,True,63.82050011071759,-11.250000000000004,16.666666666666675,-1.6949152542372947,-9.677419354838745,44.89795918367348,-15.517241379310342,-30.952380952380942,4.999999999999982,12.525122021246048,8.986384266263236,6.916469194312791,4.155104944859489,8.807606885063857,-0.20778501177448616,-1.3730446068720537,5.074648291702566,4.155104944859489,True,False
HRTG,vcp,34.959999084472656,32.439998626708984,34.41999816894531,,,,False,2.0,13%->7%,12.520547109107449,7.208239484430994,0.33085990948321226,30.0,,,,,,-1.5446250848650136,5.75246847056122,False,20.2020202020202,True,43.82050049643519,32.258064516129025,20.2020202020202,225.75757575757595,503.70370370370364,72.2689075630252,-44.65116279069768,31.901840490797582,5.161290322580636,2.9610402095801236,0.5380105900151255,2.403180778358527,0.2879409390650789,0.7227567267631629,-1.234464693752435,1.3447300420316388,2.1265652414257152,0.2879409390650789,True,False
HSBC,vcp,107.43000030517578,99.87000274658203,101.83000183105469,,,,False,2.0,10%->7%,9.925738792982814,7.0371381710119225,0.6298949295828282,75.0,,,,,,-5.212695204517556,1.9247756547470896,False,,False,35.48716925523148,,,,,,,,,,,,,,,,,,False,False
HSHP,vcp,16.828079496306888,15.595073617114851,19.229999542236328,,,,True,2.0,10%->7%,9.869643165071217,7.327074247911853,0.7804625391471934,31.0,,,,,,14.273286779139408,18.902371355432482,False,,False,50.487172535937496,,,,,,,,,,,,,,,,,,False,False
HUM,vcp,419.9700012207031,380.0400085449219,386.2200012207031,,,,False,2.0,18%->10%,17.531710871424565,9.507820215662784,0.5846695880167998,45.0,,,,,,-8.036288282948966,1.6001223800550222,False,-59.29648241206029,False,45.48716202263889,-4.563106796116512,,-59.29648241206029,-19.75088967971531,,-506.7901234567901,-64.07982261640798,-56.21359223300971,25.712143928035978,28.55917667238421,45.058930190389844,27.27272727272727,11.874583055370236,-6.312499999999998,14.28571428571428,4.94752623688155,25.712143928035978,True,False
IAG,vcp,21.0,19.149999618530273,20.350000381469727,,,,False,2.0,14%->9%,13.7544791075249,8.809525626046318,0.7727024485309947,17.0,,,,,,-3.095236278715588,5.896809535355823,False,,False,42.820474731504625,,,,,,,,,,,,,,,,,,False,False
IBIO,vcp,1.350000023841858,1.1699999570846558,1.2799999713897705,,,,False,2.0,18%->13%,18.24324171938456,13.333338042836045,0.38491090839336717,17.0,,,,,,-5.18518897895126,8.593751309672399,False,,False,,,,,,,,,,-100.0,,300.0,,-100.0,-50.0,,-100.0,-100.0,False,False
IMMX,vcp,13.289999961853027,11.75,12.5,,,,False,2.0,21%->12%,21.125830817675286,11.587659640883135,0.7792845298878692,17.0,,,,,,-5.944318766896953,6.0,False,,False,45.82047086436342,,,,,,,,,,,,,,,,,,False,False
IMPP,vcp,5.510000228881836,5.059999942779541,5.659999847412109,,,,True,2.0,11%->8%,10.800743688389664,8.166974000173772,0.8302657537426018,19.0,,,,,,2.722316012693041,10.600705314628286,False,,False,,,,,,,,,,,,,,,,,,,False,False
INBX,vcp,115.11000061035156,99.05500030517578,109.3499984741211,,,,False,3.0,28%->17%->14%,27.625503182869554,13.947528642209036,0.5364834943639292,12.0,,,,,,-5.003911133428042,9.41472182222457,False,,False,52.82047001847222,,,,,,,,,,-100.0,,1200.0,,,-100.0,,-100.0,False,False
INCY,vcp,130.8000030517578,119.97000122070312,125.30999755859375,,,,False,2.0,13%->8%,12.692314242663528,8.279817720469957,0.4910910729527779,37.0,,,,,,-4.19725180816063,4.261428810094497,False,62.22222222222222,False,35.48713553105324,83.74999999999999,62.22222222222222,290.7407407407407,,0.6849315068493178,-30.805687203791464,3.4313725490195957,154.99999999999997,20.8736268850354,27.83893753955635,20.04700005536655,16.456864084525268,-15.539790355281102,10.311644387179907,12.377409341940826,15.44603560838751,16.456864084525268,True,False
INNV,vcp,11.4399995803833,10.489999771118164,10.920000076293945,,,,False,2.0,15%->8%,14.770492409416768,8.30419444152905,0.3556803170409511,7.0,,,,,,-4.545450377297415,3.937731704867494,False,,False,42.82046985675926,,,,,,-375.0,33.33333333333335,,18.307168406980523,15.494952828891261,14.693371738620753,15.093447465657928,3.97232707398103,5.104126687469757,1.5260159674721052,6.634118582216275,14.693371738620753,True,False
INSW,vcp,97.4190883791096,88.64413617676314,111.1500015258789,,,,True,2.0,12%->9%,12.320708369762901,9.007425904252397,0.8194991347094379,33.0,,,,,,14.094684496877049,20.248191669053423,False,-22.826086956521753,True,44.487133339895834,372.79999999999995,475.0,260.5633802816898,-22.826086956521753,2.7826086956521667,124.60937499999996,80.28169014084511,13.59999999999999,138.849218722047,77.4736359968156,37.64702255245025,-12.79008836982104,43.57034005579521,21.501125508158523,36.402937042996506,0.38182180626760154,-12.79008836982104,True,False
INVX,vcp,31.559999465942383,28.65999984741211,28.799999237060547,,,,False,3.0,17%->12%->9%,17.472558735136428,9.18884558809887,0.6768622187687635,32.0,,,,,,-8.745248021503482,0.48610900471234336,False,-214.28571428571428,False,42.82046388627315,63.636363636363626,-214.28571428571428,,-71.35678391959799,,-220.00000000000003,-64.91228070175438,159.0909090909091,9.214481300783994,-0.5756712351558724,9.14088085939837,58.08506293761568,2.4536566386786696,-12.635507050387062,14.000833333333329,7.031047923151701,-0.5756712351558724,True,False
IQV,vcp,271.79998779296875,252.52999877929688,266.4200134277344,,,,False,3.0,15%->10%->7%,14.925525775255025,7.0897681674474216,0.7302144848631205,70.0,,,,,,-1.9793872725749808,5.213577790095384,False,-21.82741116751269,True,42.487112333217596,15.000000000000014,23.23651452282156,24.51612903225806,-21.82741116751269,-45.791245791245785,53.88601036269429,25.324675324675326,10.000000000000009,8.40950639853748,10.257705912076798,5.236139630390135,5.322496067121141,-4.880843263061408,6.439024390243908,2.066218571072942,4.909898145729952,5.236139630390135,True,False
IRDM,vcp,50.80444194362045,45.81071216488614,46.77000045776367,,,,False,2.0,23%->10%,22.682756869318368,9.829317255912459,0.4380509307468205,54.0,,,,,,-7.941119578350941,2.0510760818654052,False,-55.00000000000001,True,30.48711117527778,-55.00000000000001,-25.92592592592593,-19.999999999999986,66.66666666666666,-55.00000000000001,-16.666666666666664,-31.428571428571427,74.99999999999997,3.840834278443195,1.944824505067988,-0.023944673718612197,6.656922230943119,2.821183527575011,2.8726401803324864,-6.166964108665473,4.62366186274239,-0.023944673718612197,True,False
JNJ,vcp,281.07000732421875,260.67999267578125,269.989990234375,,,,False,2.0,9%->7%,8.897774329519706,7.254425629596718,0.7366176935866429,37.0,,,,,,-3.9420844633425345,3.448275082536154,False,-52.863436123348016,True,21.487111171956016,-0.8733624454148492,-52.863436123348016,47.51773049645389,90.990990990991,6.074766355140171,2.8846153846153966,-1.8867924528301883,-7.423580786026196,6.5998399528282015,9.907276298360213,9.07637655417406,6.7731743135597045,5.186601280026593,-2.0436411007979105,2.379860792731203,1.0529419197237155,6.5998399528282015,True,False
JWEL,vcp,2.4000000953674316,2.0850000381469727,2.2799999713897705,,,,False,3.0,22%->16%->13%,21.75438267739221,13.125001862645075,0.3186306780776827,14.0,,,,,,-5.000004967053534,8.552628758321253,False,,False,,,,,,,,,,,,,,,,,,,False,False
KARO,vcp,68.80000305175781,63.029998779296875,66.66999816894531,,,,False,2.0,10%->8%,10.47065660292626,8.386633744943586,0.481624531835206,31.0,,,,,,-3.095937192343016,5.459726248116111,False,,False,21.820444792847223,,,,,,,,,,,,,,,,,,False,False
KDP,vcp,33.16999816894531,30.760000228881836,30.959999084472656,,,,False,2.0,14%->7%,13.518405626874255,7.265595637927362,0.7551248114453168,30.0,,,,,,-6.662644577839378,0.6459911547320606,False,-90.0,False,34.48711116880787,-90.0,-47.36842105263158,,8.888888888888879,-80.0,-23.076923076923073,-46.93877551020408,22.499999999999986,75.57050204179679,9.381017881705645,10.540540540540544,10.665638653302501,83.82796780684106,-11.624805512336078,4.482117974918709,3.435022820081679,9.381017881705645,True,False
KEYS,vcp,339.17999267578125,311.43499755859375,335.0,,,,False,2.0,16%->8%,16.254472672896224,8.180021144026812,0.45685005797209854,23.0,,,,,,-1.2323818521267742,7.03432908698694,False,35.570469798657726,False,63.82044439932871,109.09090909090904,35.570469798657726,68.04123711340206,,13.861386138613852,23.926380368098176,20.740740740740726,22.72727272727273,41.34762633996938,32.28043143297381,31.470829909613805,,7.513104251601632,7.312500000000011,18.343195266272193,3.522205206738138,31.470829909613805,False,False
KINS,vcp,20.469999313354492,18.959999084472656,19.110000610351562,,,,False,2.0,11%->7%,11.483251567724569,7.376650119849891,0.519891075121312,30.0,,,,,,-6.64386296347199,0.7849373160022454,False,-248.14814814814815,True,44.820442777997684,34.61538461538463,-248.14814814814815,147.72727272727272,34.545454545454525,,-136.69724770642202,47.29729729729728,-5.128205128205132,25.92757299920896,18.370665427032627,34.00742411191124,36.49774667387167,10.167687437591733,5.9454169906211,1.3813703573730463,6.420738483281485,18.370665427032627,True,False
KLIC,vcp,86.3169900030361,78.10819124465867,83.13999938964844,,,,False,2.0,27%->10%,26.878808402826003,9.510061412114453,0.7954908220271348,23.0,,,,,,-3.6806086649637715,6.052210947714134,False,-78.80794701986756,False,57.820441158113425,,,-78.80794701986756,-31.428571428571452,62.12121212121213,106.25,122.2222222222221,,122.6280716648811,49.778993246329925,20.166261346945657,-2.074244839206041,36.18318282424027,21.5383844708829,12.42805167888803,19.63776758100706,-2.074244839206041,True,False
KNSA,vcp,81.56600189208984,74.47000122070312,77.23999786376953,,,,False,2.0,14%->9%,13.89558860215956,8.699703929064198,0.48823097123521175,36.0,,,,,,-5.303685270786629,3.586220507090033,False,145.45454545454547,False,35.487100374282406,145.45454545454547,,,,50.000000000000064,-21.739130434782638,0.0,109.09090909090908,55.50749355880538,64.95315662335967,61.16972926729285,44.339092892452435,6.005630123635131,11.76190871139864,15.34340580495801,13.798308959610983,44.339092892452435,True,False
KOP,vcp,47.72708411901884,44.07419821889442,45.33000183105469,,,,False,2.0,17%->8%,16.79245794743866,7.653695941313064,0.6567218627077782,30.0,,,,,,-5.0224779749512,2.770358617766342,False,-1051.8518518518517,False,45.487098137881944,-1051.8518518518517,,,7.339449541284382,-2302.8571428571427,-75.69444444444446,23.07692307692313,44.44444444444442,3.030903328050716,-0.2628696604600189,-9.287211740041935,-12.448132780082988,14.232374258730518,5.223018257453194,-10.838656501133315,-3.8629160063391454,-12.448132780082988,True,False
KRNY,vcp,10.239999771118164,9.449999809265137,9.5600004196167,,,,False,2.0,10%->8%,10.34836105226032,7.714843549911161,0.8049125434163182,45.0,,,,,,-6.640618815435889,1.1506339489886015,False,0.0,True,30.48708761033565,0.0,45.45454545454546,49.99999999999998,49.99999999999998,-31.25000000000001,6.666666666666665,0.0,36.363636363636374,41.4049766380528,29.261614555732194,12.747997855153681,8.90380724664337,6.704475572258284,12.260865563106949,10.085963756734383,7.231337607301969,8.90380724664337,True,False
KRYS,vcp,373.30999755859375,331.7950134277344,336.6700134277344,,,,False,2.0,20%->11%,19.506778045075375,11.120780156535533,0.4149592373722124,36.0,,,,,,-9.814894958742288,1.4480054075402264,False,10.457516339869244,True,41.48708283591435,38.759689922480625,52.500000000000014,10.457516339869244,192.30769230769232,-2.1857923497267784,8.284023668639096,-36.46616541353386,106.20155038759691,24.135274150892315,31.949468718460473,17.51700680272108,16.64937202561991,2.4622498001839244,8.638252182437789,9.51431492842536,1.8304491784844057,16.64937202561991,True,False
KYN,vcp,14.985251194892745,13.83937798914401,14.420000076293945,,,,False,2.0,10%->8%,9.863627786752144,7.64667332463049,0.7468474797578751,84.0,,,,,,-3.7720496723568324,4.026505437433809,False,,False,,,,,,,,,,,,,,,,,,,False,False
LASR,vcp,42.435001373291016,37.33000183105469,39.84000015258789,,,,False,2.0,29%->12%,28.532108691854212,12.030162311835019,0.737017290107057,22.0,,,,,,-6.11523774413365,6.300196566063921,False,,False,44.82039083375,,,,,-300.0,,,,33.78310520774277,55.18502748316172,71.34505392456892,18.908229257603026,3.005699604644496,-1.236681653014715,21.640046747175703,8.110472179476801,18.908229257603026,True,False
LB,vcp,91.56579933648786,81.75,85.95999908447266,,,,False,2.0,16%->11%,15.909092911334705,10.71994064117385,0.5810771002383439,27.0,,,,,,-6.122155097903849,4.89762579026496,False,14.999999999999991,False,48.8203941534375,66.66666666666667,14.999999999999991,,,73.91304347826086,-4.1666666666666625,-7.692307692307699,8.333333333333348,40.6180969011003,16.049691702122825,55.55616438356164,78.43577772317197,31.04597588471718,-10.167670576631792,11.699553422124298,6.938337575999842,16.049691702122825,True,False
LEA,vcp,134.92999267578125,119.36000061035156,120.63999938964844,,,,False,2.0,21%->12%,20.806667262976354,11.53931142858823,0.6147531917963021,36.0,,,,,,-10.590672246214195,1.0610069510715745,False,-16.182572614107894,True,30.487055185208334,23.8562091503268,124.16107382550337,-3.658536585365879,-16.182572614107894,13.473053892215582,111.39240506329111,-21.78217821782178,-33.98692810457516,2.968293977182279,4.72096829307771,4.794736289504087,1.7083303488288903,6.63941746238923,-2.7685936612897866,5.436811155322374,-5.813876359777126,1.7083303488288903,True,False
LIVN,vcp,83.5199966430664,76.77999877929688,78.01000213623047,,,,False,2.0,13%->8%,12.93144087108183,8.069921138256017,0.5269332006880971,32.0,,,,,,-6.597215910320994,1.5767251932458783,False,-45.19230769230775,False,43.48705520881945,286.0,,-45.19230769230775,-18.333333333333336,382.49999999999994,-29.8245614035087,16.32653061224478,-2.0000000000000018,10.797279050504361,14.329267330482388,12.146474846968891,12.45850622406639,7.8201171540725145,0.3704411768780336,0.8855271653906538,1.4833032644585797,10.797279050504361,True,False
LSTR,vcp,193.57854562417273,165.05999755859375,170.2899932861328,,,,False,2.0,23%->15%,22.574384680828512,14.732287596037082,0.6281130732906398,45.0,,,,,,-12.03054411993258,3.071229040893359,False,-60.2836879432624,True,35.82038770552083,36.47058823529412,-46.15384615384613,-60.2836879432624,-18.918918918918926,65.71428571428567,25.00000000000002,-53.33333333333332,41.176470588235304,1.5712308623821558,-2.9359882356044364,-0.7464347271982308,-1.1025841995215946,-0.27761406464696936,-2.5783921389857967,-0.5277702796120831,5.104402733327573,-2.9359882356044364,True,False
MDGL,vcp,552.0800170898438,513.3599853515625,531.52001953125,,,,False,3.0,21%->9%->7%,21.04807383725374,7.0134818395319805,0.3495218491358978,38.0,,,,,,-3.724097399317368,3.4166228010946638,False,,False,43.487060062951386,,,,,,,,,71.16944389620399,126.83934426229509,210.76558265582656,362.0313630880579,16.996052509017566,-3.0353522297972835,11.771238007714047,34.99309217018638,71.16944389620399,True,False
MEDP,vcp,629.6900024414062,577.6400146484375,612.3300170898438,,,,False,2.0,17%->8%,16.883022287239953,8.265970174397376,0.40329503043018006,40.0,,,,,,-2.7569097943837653,5.665246104751448,False,16.621253405994562,True,27.82038927021991,37.09677419354838,16.621253405994562,26.702997275204375,28.239202657807304,-0.7009345794392607,-7.95698924731183,20.46632124352332,24.51612903225806,17.241522199993042,26.502318420251726,32.02842398931025,23.735601902808277,0.10288648238616638,-0.26056884748394404,7.356687270704931,9.380236726994863,17.241522199993042,True,False
MEI,vcp,14.65999984741211,12.9399995803833,13.270000457763672,,,,False,2.0,20%->12%,20.059168438864454,11.7326076734744,0.6244610720146867,9.0,,,,,,-9.481578472825225,2.4868188846768473,False,,False,71.82039255292824,,,,,-3299.9999999999973,,,,10.353430353430348,15.94710229482692,-2.5844101709045386,-15.61859193438141,-10.969473331096946,27.556696619597766,-5.34629404617254,2.6611226611226613,-15.61859193438141,True,False
MFC,vcp,44.517941593801226,41.33454669996313,44.380001068115234,,,,False,2.0,9%->7%,8.51273738851591,7.150813312269949,0.6905932922803283,88.0,,,,,,-0.3098537819753963,6.862222385884778,False,,False,43.82038965146991,,,,,,,,,,,,,,,,,,False,False
MGA,vcp,69.2300033569336,62.56999969482422,63.150001525878906,,,,False,2.0,14%->10%,14.01256755692245,9.620111713373701,0.8073290115431931,19.0,,,,,,-8.78232202258843,0.9184510166907953,False,,False,38.48705509556713,,,,,,,,,,,,,,,,,,False,False
MLI,vcp,64.48027897345447,57.81999969482422,60.06999969482422,,,,False,3.0,23%->16%->10%,23.185332562774917,10.329172554250562,0.6570228924631354,65.0,,,,,,-6.839733557055327,3.745630117247804,False,1.8018018018017834,True,28.48705399613426,1.8018018018017834,55.395683453237424,104.95867768595045,27.027027027027017,-47.6851851851852,-12.903225806451623,31.914893617021313,69.36936936936935,25.457465604965158,19.280818664920286,4.206549609327626,8.01668819669863,19.691283775005132,23.96338263792557,-10.710375719969123,-5.3022695143884135,4.206549609327626,True,False
MRVL,vcp,241.8800048828125,213.6300048828125,244.25,,,,True,2.0,21%->12%,21.201889117151417,11.679344894046423,0.5624418816799285,15.0,,,,,,0.9798226679942932,12.536333722492325,False,-80.0,False,70.82037811728009,50.0,-80.0,95.65217391304337,,725.0,-91.11111111111111,-79.54545454545456,900.0,36.54852699267235,27.568195008705754,22.080994827775946,36.83134357891959,13.297212341798325,8.973723351512142,6.951072547601833,3.409600717810668,22.080994827775946,True,False
MS,vcp,222.0,200.25999450683594,202.5800018310547,,,,False,2.0,13%->10%,12.620022320353403,9.79279526719102,0.6639530900393488,46.0,,,,,,-8.74774692294834,1.1452301822731559,False,20.179372197309455,True,22.487035290173612,62.44131455399062,31.92307692307692,20.179372197309455,48.93617021276595,0.8746355685131046,27.985074626865615,-4.285714285714226,31.45539906103285,,,,,,,,,,False,False
MTC,vcp,4.849999904632568,4.431000232696533,6.889999866485596,,,,True,2.0,12%->9%,11.899995803833008,8.639168663401824,0.20642570281124498,8.0,,,,,,42.061855710646164,35.68940031116912,False,,False,,,,,,,,,,,,,,,,,,,False,False
MTCH,vcp,43.470001220703125,40.11000061035156,43.20000076293945,,,,False,2.0,13%->8%,12.560387853340929,7.729469786054022,0.5475310931508324,32.0,,,,,,-0.6211190480369272,7.152778004667883,False,21.568627450980383,True,42.82035696596065,42.85714285714286,54.54545454545456,40.67796610169487,21.568627450980383,2.941176470588225,-18.072289156626486,33.87096774193545,26.530612244897966,-1.2310445991724372,3.940912776805927,2.072831606554937,2.098418285530501,-1.253452231304708,-1.6027225326478378,-3.9669683629105057,5.850964065492081,-1.2310445991724372,True,False
NBN,vcp,137.02000427246094,126.8499984741211,133.44000244140625,,,,False,3.0,14%->10%->7%,13.707140415500405,7.422278120877179,0.7289014615747289,38.0,,,,,,-2.6127585165856084,4.9385520434015575,False,,False,35.48700977525463,,,,,,,,,,,,,,,,,,False,False
NEM,vcp,130.7100067138672,120.0,123.41000366210938,,,,False,2.0,10%->8%,10.155955847293727,8.193715984815224,0.7063382985213458,17.0,,,,,,-5.584884612344944,2.7631501182398472,False,-3.252032520325243,True,30.82034858761574,11.351351351351347,78.57142857142858,-3.252032520325243,108.74999999999999,-31.333333333333336,152.10084033613458,-28.742514970059908,-9.72972972972974,15.064886214030459,45.84830339321358,20.629865534324132,19.95656894679696,-16.27206788011496,7.172191258433558,23.425054308472127,3.8931728418281075,15.064886214030459,True,False
NEOG,vcp,12.260000228881836,11.369999885559082,13.0,,,,True,2.0,13%->7%,13.229577528969806,7.259382762702654,0.44049396646363304,33.0,,,,,,6.035887090563743,12.538462418776291,False,,False,14.820336214467593,,,,,,,-141.1764705882353,,-0.05278589773730635,-4.434389140271488,-2.8396855460135484,-3.583543813720247,6.685606060606064,-6.004245830941157,7.410523497889465,-7.20815830446373,-4.434389140271488,True,False
NUE,vcp,268.4700012207031,246.64999389648438,248.3800048828125,,,,False,3.0,21%->15%->8%,20.58432061490983,8.127540218648495,0.5253332434156737,66.0,,,,,,-7.483143832288023,0.6965178163775126,False,27.55905511811012,True,34.82032964875,93.84615384615384,382.08955223880594,27.55905511811012,150.47619047619048,56.03715170278638,99.38271604938281,-38.40304182509509,1.1538461538461497,22.95411542100283,21.27713920817369,8.634821933295655,14.468027941966689,9.488205560235885,23.53323793417459,-9.787583616946371,0.7686849574266796,8.634821933295655,True,False
NVGS,vcp,22.47609971783167,19.655373832494675,25.0,,,,True,2.0,21%->13%,20.98446157237198,12.549890420263349,0.6828281551762129,68.0,,,,,,11.229262700618674,21.3785046700213,False,,False,43.820325886875004,,,,,,,,,,,,,,,,,,False,False
NWE,vcp,73.43835485182716,67.3499984741211,68.47000122070312,,,,False,2.0,11%->8%,11.163867505147087,8.290431328411742,0.7052403860954156,92.0,,,,,,-6.765338958298327,1.6357568666778093,False,-45.03816793893128,True,36.82032860604166,14.285714285714302,-17.599999999999994,-45.03816793893128,-18.42105263157895,-61.165048543689316,43.055555555555515,16.129032258064548,77.14285714285715,3.280168522419502,-0.907441016333943,-14.53396524486572,25.447445493003574,4.761904761904767,-24.30683918669131,12.269779507133594,16.009629852542883,-14.53396524486572,True,False
NXG,vcp,62.09023689079536,53.70000076293945,55.709999084472656,,,,False,2.0,17%->14%,17.12185839061321,13.51297168122051,0.5733934137358891,56.0,,,,,,-10.275750465478655,3.6079668902622988,False,,False,,,,,,,,,,,,,,,,,,,False,False
ODC,vcp,95.06999969482422,84.33999633789062,88.87999725341797,,,,False,2.0,17%->11%,16.95541288758438,11.286424099481462,0.6411250171423801,37.0,,,,,,-6.51099448961421,5.108011988999869,False,-17.567567567567565,True,16.820319718645834,-17.567567567567565,110.00000000000001,283.33333333333337,37.83783783783781,-3.1746031746031744,36.95652173913042,-9.80392156862745,-31.081081081081074,9.374810607700358,0.7039362266281213,-5.829848763140411,10.122952982357392,7.2976209687693805,-2.281592882160588,-3.7743986199405777,8.407719413684722,-5.829848763140411,True,False
OIS,vcp,9.079999923706055,8.270000457763672,8.40999984741211,,,,False,3.0,19%->13%->9%,19.00000042385525,8.92069903907859,0.703195168533526,40.0,,,,,,-7.37885552779257,1.6646776716829257,False,-929.1666666666667,False,37.48698366660879,100.0,-60.00000000000001,-929.1666666666667,,400.0,,-6733.333333333334,-40.0,-5.28819994437929,-9.112906251172326,8.426136881436253,-5.258448620001377,7.77089080440001,-18.547718307333692,8.042135851798049,-0.13663349576193973,-9.112906251172326,True,False
OKE,vcp,99.8499984741211,91.75,93.45999908447266,,,,False,2.0,12%->8%,11.894698548270824,8.1121668481752,0.7621281397710296,39.0,,,,,,-6.399598885627007,1.8296587858160525,False,-1.273885350318471,True,35.82029641273148,14.179104477611926,18.26923076923077,-1.273885350318471,26.271186440677962,24.390243902439025,-20.645161290322577,4.026845637583887,11.194029850746269,52.770381640674536,19.582245430809397,29.499999999999993,71.8893091777822,25.275525057184446,6.1003861003861015,4.99189251795229,9.471281856219104,19.582245430809397,True,False
OOMA,vcp,23.809999465942383,21.959999084472656,22.729999542236328,,,,False,2.0,18%->8%,17.831233222851797,7.769846379526178,0.7302931385540222,15.0,,,,,,-4.535909063126512,3.3875955709232457,False,150.0,False,76.82029181284722,150.0,,,,11.111111111111116,-40.000000000000014,200.00000000000006,25.0,25.4113676089446,24.78894031893464,14.573636265880152,3.8355827844058554,2.5619539365857813,8.802155958382496,10.290573012939008,1.9001265746489082,3.8355827844058554,True,False
PACS,vcp,45.849998474121094,41.470001220703125,42.119998931884766,,,,False,3.0,18%->16%->10%,18.479164441426597,9.55288418578716,0.6982415943847399,38.0,,,,,,-8.135222827415435,1.5432044816354291,False,51.61290322580645,True,48.82030430643518,51.61290322580645,194.1176470588235,90.90909090909089,219.99999999999997,-6.000000000000005,19.04761904761907,31.24999999999998,3.2258064516129004,9.062397574722226,11.196216087111432,12.420872908954061,31.244117796375193,0.5308603980819226,4.5843132258047925,0.997915646930525,2.7062047657502752,9.062397574722226,True,False
PANL,vcp,7.679248755376118,6.528595977521186,8.380000114440918,,,,True,2.0,19%->15%,19.158297599384255,14.983923747090222,0.5528960589775112,66.0,,,,,,9.125259271933531,22.09312782382045,False,-5.263157894736848,False,44.82029194736111,,,-5.263157894736848,72.72727272727273,-23.809523809523803,16.666666666666675,-5.263157894736848,,19.420635781707716,38.90653246689793,24.940001098150134,10.158875027476078,9.695743932465707,-7.233062784671807,9.017816535205903,7.646249577187936,10.158875027476078,True,False
PEB,vcp,18.790000915527344,17.40999984741211,18.040000915527344,,,,False,2.0,11%->7%,11.15070618517054,7.344337418178909,0.8028305473816463,33.0,,,,,,-3.991484637875821,3.4922452114344487,False,-254.16666666666669,False,37.82029185059027,183.33333333333334,,,-254.16666666666669,,,,-716.6666666666667,-0.09692371490196416,7.927785028694889,3.382109004739342,-1.435493041307201,17.78820561483092,-0.9632741004761969,-12.466047857785977,-2.1627484130275265,-1.435493041307201,True,False
PENG,vcp,53.237998962402344,46.189998626708984,53.29999923706055,,,,True,3.0,25%->16%->13%,25.36882175692134,13.238665000671396,0.6979875795927993,23.0,,,,,,0.11645868715311569,13.339588578094835,False,-60.00000000000001,False,14.820289890150462,,544.4444444444445,-60.00000000000001,,17.24137931034484,1349.9999999999998,-60.00000000000001,,47.63655316406117,-6.161102432431697,0.5772466886737604,8.604908275161648,39.56687920372946,-0.02098690941525483,1.5237244097750402,4.2161782076231,-6.161102432431697,True,False
PFAI,vcp,3.0199999809265137,2.640000104904175,2.809999942779541,,,,False,3.0,22%->16%->13%,21.824099428160405,12.582777431202425,0.75,15.0,,,,,,-6.953643691168045,6.049816417690353,False,,False,,,,,,,,,,,,,,,,,,,False,False
PFG,vcp,114.0329094812437,105.47795640271507,117.66999816894531,,,,True,2.0,12%->8%,12.16908120248647,7.502179079220786,0.8157241462823928,141.0,,,,,,3.1895079273583207,10.361215225588309,False,-41.326530612244895,False,34.82028600233796,819.047619047619,-41.326530612244895,,20.134228187919454,-16.086956521739125,142.10526315789474,-46.92737430167598,752.3809523809524,-4.513109120917768,-3.6889730639730667,22.24731039978749,-14.834833441588568,-22.889855135796534,24.31279878313777,0.280554571949998,-0.6656024243080205,-14.834833441588568,True,False
PGC,vcp,47.99804207260118,44.22999954223633,45.279998779296875,,,,False,2.0,14%->8%,13.695561997560926,7.850408824312797,0.6215102019516777,54.0,,,,,,-5.662821181732851,2.318902971217906,False,25.581395348837212,True,36.820280960335644,91.1111111111111,86.046511627907,30.769230769230795,25.581395348837212,7.499999999999996,17.64705882352939,25.925925925925952,19.999999999999996,16.85780967677173,17.80841915277631,16.339644058864078,16.74772210381772,4.911513895303643,3.1111885472021372,5.480308014628865,2.413546476611117,16.339644058864078,True,True
PGEN,vcp,7.269999980926514,6.539999961853027,7.78000020980835,,,,True,2.0,15%->10%,14.507770932611358,10.041265763255925,0.5686624482234665,16.0,,,,,,7.015133840713432,15.93830609916999,False,,False,51.82028053157408,,,,,,,,,3011.375212224109,1156.185845488925,-51.44639818491208,-91.98062432723358,136.44417684500257,2616.355140186916,-36.16703952274422,-24.10865874363328,-91.98062432723358,True,False
PHVS,vcp,40.599998474121094,36.07500076293945,36.369998931884766,,,,False,2.0,14%->11%,14.450867052023122,11.145314978437563,0.3713955281418658,8.0,,,,,,-10.418718475894964,0.8111030453913327,False,,False,51.48693901667824,,,,,,,,,,,,,,,,,,False,False
PKOH,vcp,47.34000015258789,44.0,46.060001373291016,,,,False,3.0,13%->9%->7%,13.17435828492821,7.055344617284091,0.6475000000000001,25.0,,,,,,-2.7038419416373882,4.472430116959476,False,-47.945205479452056,False,43.82025746527778,30.303030303030297,-5.000000000000004,,-47.945205479452056,50.877192982456144,850.0000000000026,-84.21052631578951,-42.42424242424243,9.997500624843791,3.848051307350775,1.6992790937178093,-4.549808429118773,4.536817102137758,6.582278481012649,-0.9031610637230347,-0.37490627343164107,-4.549808429118773,True,False
PLGO,vcp,25.72595284569501,23.540000915527344,23.540000915527344,,,,False,2.0,20%->8%,20.176110691110434,8.497068867688075,0.7499608252807523,30.0,,,,,,-8.497068867688075,0.0,False,,False,50.820267385937505,,,,,,,,,,,,,,,,,,False,False
PLPC,vcp,428.5,390.6499938964844,412.3800048828125,,,,False,3.0,17%->12%->9%,16.538139336997478,8.833140280867124,0.7916252237915258,23.0,,,,,,-3.7619591872082845,5.26941430938273,False,-65.5844155844156,True,36.82025355578703,75.390625,-8.154506437768239,-19.248826291079823,-65.5844155844156,109.81308411214954,24.418604651162813,224.52830188679238,-79.296875,25.40079362739607,18.67295898102208,3.585511946719966,21.16987473889762,20.65090368622289,1.8306384994425384,-2.795262989437741,5.0035082340316395,3.585511946719966,True,False
PLXS,vcp,256.6700134277344,236.5800018310547,246.72999572753906,,,,False,2.0,22%->8%,21.805367693805056,7.8271751843485395,0.8174525426680598,30.0,,,,,,-3.8726836717113944,4.113806214179524,False,-3.658536585365846,True,36.820250051076385,-3.658536585365846,29.078014184397173,12.686567164179108,26.351351351351404,-13.186813186813184,20.529801324503303,-19.25133689839572,14.024390243902452,28.13196007494785,18.73011824479427,9.602283321142234,-1.1102991717681365,12.117735919096507,8.77738229213012,-99.97345274731852,395653.68159731635,-1.1102991717681365,True,False
PMTS,vcp,25.290000915527344,23.469999313354492,24.139999389648438,,,,False,2.0,26%->7%,25.92592855426331,7.1965264384605945,0.4764465587672579,8.0,,,,,,-4.5472577471234406,2.7754767739606923,False,-57.49999999999999,True,42.48691589458333,325.0,-57.49999999999999,10.714285714285744,72.72727272727273,0.0,-72.58064516129032,226.3157894736842,375.0,14.973064206607933,19.832845936413037,22.349235786915656,10.593101458104549,1.4091687739619774,-3.884903367438941,10.93602771697375,6.329718773361703,10.593101458104549,True,False
PNRG,vcp,223.5500030517578,205.52000427246094,211.2100067138672,,,,False,3.0,12%->10%->8%,12.296272412581882,8.065309117943714,0.4412444933920705,23.0,,,,,,-5.520016179571952,2.6940023012804857,False,-51.075268817204304,True,55.778587507881944,106.76691729323306,-51.075268817204304,47.42268041237128,-50.227272727272734,51.098901098901095,27.272727272727295,-67.351598173516,229.32330827067665,1.1695209965938647,-21.280166213840502,-15.667646961636317,-33.813260384421575,7.791087199269109,-22.802343122465373,11.03545790733087,9.496701045661338,-33.813260384421575,True,False
POWL,vcp,185.0,167.30999755859375,183.9600067138672,,,,False,2.0,16%->10%,15.695719721554847,9.562163481841218,0.7458726583216904,15.0,,,,,,-0.5621585330447636,9.050885272672875,False,-1.5748031496062964,True,56.820250528715285,7.575757575757569,-1.5748031496062964,18.881118881118873,149.60212201591517,13.59999999999999,-63.23529411764706,-63.8682252922423,612.8787878787879,8.896053766858913,6.4544146200530506,4.039663506343438,8.33263652326921,5.099202670127934,18.08674119370661,-15.705258353664476,4.09050102524513,4.039663506343438,True,False
POWW,vcp,2.3399999141693115,2.0999999046325684,2.190000057220459,,,,False,2.0,19%->10%,18.726591225196433,10.256411040166299,0.3693163739340715,28.0,,,,,,-6.410250532086098,4.109595901203698,False,,False,55.486919661724535,,,,,,-200.00000000000009,0.0,,22.123596316756753,10.10391236614392,6.968593421412317,0.010790267329086056,4.258050636740962,3.6938989351198437,11.76663929199453,1.0705403961213777,0.010790267329086056,True,False
PRM,vcp,32.564998626708984,29.65999984741211,32.18000030517578,,,,False,2.0,21%->9%,21.08985516342336,8.920616925542472,0.626917320641473,29.0,,,,,,-1.1822457785010847,7.830952249426669,False,-189.0,False,37.48691656771991,,22.222222222222232,-189.0,,-352.2727272727273,,,,31.46293324479368,73.63459669582117,19.156683791211982,9.370460132377767,70.95363359425598,21.72165450121655,-67.42676172874337,93.95286493399493,9.370460132377767,True,False
PSMT,vcp,181.8300018310547,166.35000610351562,168.66000366210938,,,,False,2.0,17%->9%,16.56009227232749,8.5134441905369,0.6948915215304983,33.0,,,,,,-7.243028123148824,1.3696178752738322,False,6.6115702479338845,True,34.820241996203706,12.28070175438598,11.724137931034484,6.6115702479338845,8.510638297872353,-20.98765432098766,25.581395348837212,26.470588235294066,-10.526315789473639,12.488072093519342,9.651979710914249,9.919757954249153,8.558413435069667,-0.9184047373235416,8.157708415748854,3.8884276564172815,1.038951968778301,8.558413435069667,True,False
PWR,vcp,653.8699951171875,607.4500122070312,636.7100219726562,,,,False,2.0,18%->7%,18.087745280617305,7.099267936562343,0.7014115386176936,23.0,,,,,,-2.624370788180274,4.595500110862333,False,2.4630541871920597,True,37.48690257896991,94.73684210526316,51.04166666666667,2.4630541871920597,14.871794871794886,104.13793103448276,-30.288461538461508,-7.142857142857184,47.36842105263159,41.10419493143886,26.33346777182164,19.661880464892988,17.52982789446198,21.36197461594833,0.41876074669202623,2.7588617985042863,12.673853725531359,17.52982789446198,True,False
PYXS,vcp,3.515000104904175,3.240000009536743,3.3299999237060547,,,,False,3.0,25%->11%->8%,24.530122951596663,7.82361556643335,0.20785554467906586,8.0,,,,,,-5.263162892655548,2.70270018712637,False,,False,41.486891023703706,,,,,,,,,,,,,-82.53437383872166,,,,,False,False
RBRK,vcp,94.61000061035156,85.77999877929688,106.70999908447266,,,,True,2.0,20%->9%,20.285428853830393,9.33305334963561,0.43072607393141815,15.0,,,,,,12.789344039806712,19.613907304607313,False,-107.73286467486818,False,72.82022140008102,,,-107.73286467486818,,,,,,37.888078487058664,38.992606317845734,46.3324292909725,48.263597794883516,10.383705188752357,2.484616769574566,7.858558512248481,13.007809978700058,37.888078487058664,True,False
RCMT,vcp,41.77000045776367,38.84000015258789,39.38999938964844,,,,False,2.0,9%->7%,9.445346206571744,7.014604436354968,0.5991814461118691,13.0,,,,,,-5.6978717788662845,1.396291560250912,False,-14.28571428571428,True,43.82021625111111,36.00000000000001,-3.703703703703709,110.52631578947363,-14.28571428571428,30.76923076923077,-35.0,166.66666666666669,-40.0,20.021492720620216,-1.698767653569777,12.434990638651966,16.439990060465504,12.979599701341549,-3.9756695499329253,23.0292079841796,-10.077271447944113,-1.698767653569777,True,False
RFAI,vcp,45.5,39.11000061035156,40.5,,,,False,2.0,40%->14%,39.52467756916893,14.043954702524038,0.19798994974874373,3.0,,,,,,-10.989010989010989,3.4320972583912033,False,,False,,,,,,,,,,,,,,,,,,,False,False
RGLD,vcp,271.42999267578125,240.75999450683594,249.64999389648438,,,,False,2.0,18%->11%,18.005051278148347,11.299413843915227,0.7889408117509711,64.0,,,,,,-8.024168060643442,3.5609852221084424,False,-36.19631901840484,True,43.82019765540509,38.3084577114428,91.86046511627906,-36.19631901840484,31.506849315068486,-15.75757575757576,217.30769230769204,-45.83333333333328,-4.477611940298498,114.90772408332259,142.52207448458404,85.29028436018957,30.041220200477724,-3.9618438582467386,24.992006906033183,48.89791643524764,20.236783484304265,30.041220200477724,True,False
RHP,vcp,133.27000427246094,118.62999725341797,121.94000244140625,,,,False,2.0,17%->11%,16.877639636617495,10.985222893151956,0.8478365516060586,36.0,,,,,,-8.501539332055032,2.714453929569816,False,-43.617021276595736,True,41.82019766695602,26.785714285714256,3.0000000000000027,-4.440892098500626e-14,-43.617021276595736,37.8640776699029,-8.035714285714256,111.32075471698104,-52.67857142857143,13.564968196326088,13.161013485901108,13.923780906778994,7.72786285498166,12.700805932239101,-9.926159651291389,24.53338464498749,-10.167623177638108,7.72786285498166,True,False
RIO,vcp,106.83999633789062,94.95999908447266,97.37000274658203,,,,False,2.0,19%->11%,19.255126138315042,11.119428735140033,0.6415370790893679,66.0,,,,,,-8.863715758056495,2.4750986896670013,False,,False,149.82020214445603,,,,,,,,,,,,,,,,,,False,False
RLJ,vcp,11.779999732971191,10.59000015258789,10.789999961853027,,,,False,2.0,17%->10%,17.14507353982959,10.101864239033858,0.6311187708260448,30.0,,,,,,-8.404072950419863,1.8535663574811507,False,-177.7777777777778,False,43.82019908724537,6.666666666666665,,,-177.7777777777778,,,,-146.66666666666669,5.476407520731041,3.613932750008386,-0.4230444045104531,-4.540642787727334,12.651149930730599,3.464468202304971,-0.4399400081807059,-9.104303737506992,-4.540642787727334,True,False
RLYB,vcp,17.09000015258789,15.850000381469727,17.190000534057617,,,,True,2.0,11%->7%,11.289400930361586,7.255703686640367,0.37120545534535854,76.0,,,,,,0.5851397342122538,7.795230430231929,True,,False,,,,,,,,-111.11111111111111,,-100.0,0.0,11000.0,-29.096989966555185,-100.0,-4.504504504504503,4.716981132075482,0.0,-100.0,True,False
RMR,vcp,20.530000686645508,18.68000030517578,18.729999542236328,,,,False,2.0,14%->9%,13.597197580708755,9.01120467410957,0.5006526829905799,45.0,,,,,,-8.76766236827287,0.2669473480113981,False,-76.19047619047619,True,50.82019844940972,-28.000000000000004,-76.19047619047619,86.84210526315788,-44.117647058823486,259.99999999999994,-92.95774647887323,273.68421052631567,-23.99999999999998,3.308523191431423,-7.63212833754533,40.76426401080351,-5.675396989069914,8.312714122573283,-36.99389905712701,45.854650400104944,3.7895978941635544,-7.63212833754533,True,False
SCSC,vcp,59.310001373291016,55.0,56.880001068115234,,,,False,2.0,20%->7%,20.020963127105855,7.266904861735397,0.41314508276533596,20.0,,,,,,-4.097117263379595,3.305205753888587,False,5.405405405405417,True,44.48686143877315,40.22988505747127,5.405405405405417,7.14285714285714,28.98550724637683,56.41025641025643,4.0000000000000036,-15.73033707865169,2.298850574712641,17.25014331652901,8.788148349925585,2.543822918352845,-4.632662007787724,24.298699774384126,0.03626818627757711,3.6317177043196036,-9.009381389272297,-4.632662007787724,True,False
SEPN,vcp,39.400001525878906,36.599998474121094,38.689998626708984,,,,False,3.0,24%->14%->7%,23.757338066842753,7.106606455125898,0.7099525147785638,26.0,,,,,,-1.8020377453629646,5.401913225050089,False,-101.5840220385675,False,48.82018905672454,,,-101.5840220385675,,,,-227.77777777777777,,22375.63025210084,12010.95890410959,11276.415094339623,12113.068181818182,0.8407797006371842,9.97180529065429,12.20283786927192,17963.025210084033,11276.415094339623,True,False
SEZL,vcp,126.0,112.56999969482422,116.55000305175781,,,,False,2.0,15%->11%,14.776338996399666,10.65873040093316,0.68240243047441,14.0,,,,,,-7.49999757796999,3.4148462056806164,False,-89.78540772532189,True,43.820189879780095,49.99999999999998,47.0,-89.78540772532189,70.45454545454545,-20.408163265306122,23.529411764705888,58.666666666666664,-3.8461538461538547,62.87488465087665,52.13826032800499,61.577561909022016,61.667838559977504,15.604830456437192,-6.298346779864728,36.06409074302812,10.50638265149184,52.13826032800499,True,False
SFST,vcp,65.08999633789062,60.290000915527344,61.68000030517578,,,,False,2.0,9%->7%,9.397435017945632,7.374398052576131,0.6625463535228677,45.0,,,,,,-5.238894184312304,2.2535657956729906,False,48.14814814814814,True,35.48684497822917,48.14814814814814,83.07692307692307,72.46376811594205,98.14814814814814,0.8403361344537785,0.0,11.214953271028016,32.09876543209877,10.330877577152187,9.854907873352792,7.790091264667542,7.537058152793619,5.971053757307865,-0.20455717817819963,-0.6485703177464441,5.008629168445089,7.537058152793619,True,False
SILC,vcp,43.2400016784668,40.099998474121094,45.9900016784668,,,,True,3.0,20%->13%->7%,19.63317686289884,7.261801763318158,0.5788967049241022,15.0,,,,,,6.359851742025903,12.807138485284053,False,,False,37.48684371571759,,,,,,,,,,,,,,,,,,False,False
SLGL,vcp,65.44000244140625,60.0,60.0,,,,False,3.0,20%->16%->8%,19.515756708928627,8.312961855826833,0.5490788281485955,17.0,,,,,,-8.312961855826833,0.0,False,,False,58.486829050601855,,,,,,,,,,,,,,,,,,False,False
SND,vcp,5.46999979019165,5.0,5.380000114440918,,,,False,2.0,12%->9%,11.567877951569573,8.592318248977175,0.7175722910708612,23.0,,,,,,-1.6453323437436391,7.063199002931751,False,-70.00000000000004,False,50.820161709456016,-53.70370370370371,,-70.00000000000004,,,-433.3333333333338,-62.50000000000006,-85.18518518518519,13.533287366888835,-42.195923180592985,-46.84582625296326,-64.3644390318161,7.974499089253184,8.339582428858971,8.236148489897044,-10.330958400367729,-64.3644390318161,True,False
SOLV,vcp,94.16000366210938,86.52999877929688,88.83999633789062,,,,False,2.0,10%->8%,9.75555419921875,8.103233417654236,0.5742780331280894,30.0,,,,,,-5.6499650778577415,2.6001774581439583,False,-91.02564102564102,True,44.82016273185185,3.9215686274509887,-91.02564102564102,105.55555555555642,931.4285714285714,657.1428571428571,-81.08108108108112,-94.8753462603878,1315.6862745098038,2.2211938917167995,-3.04347826086957,-3.710843373493977,0.672430355427478,10.06477329347284,0.45045045045044585,-4.67557251908397,-3.007866728366493,-3.710843373493977,True,False
STM,vcp,52.869998931884766,47.529998779296875,50.18000030517578,,,,False,3.0,28%->15%->10%,28.032463630504733,10.100246378797353,0.4801961417557141,41.0,,,,,,-5.087949084649411,5.2809914503041036,False,,False,37.486822521712966,,,,,,,,,,,,,,,,,,False,False
SYRE,vcp,92.0999984741211,85.26000213623047,90.25,,,,False,2.0,24%->7%,23.75766038278335,7.426706244531128,0.7877068107480345,21.0,,,,,,-2.008684587156556,5.5290835055618075,False,-103.37899543378994,False,42.820153981134254,-103.37899543378994,,,,,,,-105.47945205479452,,,-100.0,-100.0,,,,,-100.0,False,False
TCMD,vcp,24.899999618530273,21.288999557495117,22.200000762939453,,,,False,2.0,24%->15%,24.379420326572692,14.502008499421398,0.7255413759444705,32.0,,,,,,-10.843369064076267,4.103608892505787,False,12.5,False,41.8201339349537,142.85714285714283,,12.5,71.42857142857142,,-117.77777777777779,25.0,157.1428571428571,8.609086876623785,22.848795456029247,21.042238710054328,17.323136278439797,13.858663159153405,-27.34424773635539,20.80228558101569,8.681325644762694,8.609086876623785,True,False
TDAY,vcp,6.730000019073486,6.210000038146973,6.239999771118164,,,,False,3.0,28%->15%->8%,28.230183429572293,7.726597020100777,0.4451680262736197,31.0,,,,,,-7.280835758790684,0.4807649690957547,False,-119.14893617021276,False,44.48679353309028,-85.71428571428572,,-119.14893617021276,,-50.0,,,-164.28571428571428,-8.296672200745137,-4.039379046945879,-5.839443080761342,-8.432349997305854,-2.2148281174507956,-6.241239256336795,4.315294688264548,-4.114652883334669,-8.432349997305854,True,False
THC,vcp,283.04998779296875,253.50999450683594,261.989990234375,,,,False,2.0,14%->10%,14.495508516305605,10.43631674972523,0.6745650910368878,52.0,,,,,,-7.440381016372862,3.2367632518909972,False,-21.06339468302658,True,35.82012654252315,213.37579617834393,87.58782201405153,11.345646437994649,-21.06339468302658,22.846441947565555,89.81042654028433,9.326424870466333,22.92993630573248,6.7729083665338585,2.7761822707256467,9.164526960300211,3.1798673429574764,4.843517138599096,-2.8767866835534672,4.499905464170917,0.34149117814457064,2.7761822707256467,True,False
THG,vcp,235.0688712762226,216.0797295150364,227.30999755859375,,,,False,2.0,10%->8%,9.734111500008298,8.078118407635785,0.7523917194729193,52.0,,,,,,-3.3006810623222123,4.9405077489662625,False,18.695652173913068,True,36.82012649888889,25.116279069767455,48.57142857142858,18.695652173913068,75.00000000000003,3.4615384615384492,-4.761904761904779,11.428571428571432,13.953488372093027,4.339941972920691,6.125249500997998,5.522943886890119,6.36938606018016,1.4576231338897294,1.7705467161143629,0.40840840840841164,0.6407156673114089,4.339941972920691,True,False
THM,vcp,2.630000114440918,2.2699999809265137,2.5999999046325684,,,,False,2.0,19%->14%,19.243991913431937,13.688217408725576,0.6933968096945715,19.0,,,,,,-1.14069233851448,12.692305223476161,False,,False,45.82012662172454,,,,,-200.0,,,,,,,,,,,,,False,False
TRGP,vcp,307.94000244140625,281.0899963378906,292.19000244140625,,,,False,2.0,12%->9%,11.945508622671156,8.719232931948993,0.7900682279209296,39.0,,,,,,-5.114632680110099,3.7989000344875055,False,23.344947735191624,True,44.48679310983796,23.344947735191624,142.85714285714283,74.30555555555549,25.714285714285733,60.18099547511313,-11.95219123505975,14.090909090909065,-23.344947735191635,12.064274157964405,4.900310379294015,-10.933600822038459,-33.39744225240408,-23.5801509490735,9.548138991896726,8.377243904617316,23.51448742462128,-33.39744225240408,True,False
TWIN,vcp,24.209999084472656,22.15999984741211,24.8799991607666,,,,True,2.0,11%->8%,11.309524980892455,8.467572550943778,0.5837473167739957,19.0,,,,,,2.7674518861244284,10.932473493181114,False,20.000000000000128,False,43.48678637534722,20.000000000000128,,2114.285714285714,,-47.8260869565217,-85.16129032258064,,-140.0,18.33095430190943,19.01971886462668,0.2880306046418424,9.738398013635674,18.311374025275605,7.223331115546694,12.730636531826601,-17.255218353710255,0.2880306046418424,True,False
UMC,vcp,19.770000457763672,17.8799991607666,24.610000610351562,,,,True,2.0,13%->10%,12.805755527308705,9.559945641047609,0.7988076979016541,32.0,,,,,,24.481537888317167,27.34661228230185,False,,False,36.486761895659725,,,,,,,,,,,,,,,,,,False,False
UNM,vcp,94.55000305175781,86.54000091552734,95.19000244140625,,,,True,2.0,11%->8%,11.38969443607741,8.471710076884605,0.7195958802496597,66.0,,,,,,0.6768898667280784,9.087090349854096,True,-93.35260115606935,True,42.82009562951389,-16.145833333333325,33.01886792452828,-44.50261780104717,-93.35260115606935,14.184397163120588,33.01886792452835,360.86956521739114,-88.02083333333334,0.25584577854464996,8.5263294087204,0.23172464932337267,5.0170966739198075,0.44110634239389324,3.4246786473906443,-3.975254558370822,0.5057416552626925,0.23172464932337267,True,False
UVE,vcp,45.11000061035156,41.720001220703125,44.15999984741211,,,,False,2.0,17%->8%,16.765237863569695,7.514961968035358,0.7178364134885874,54.0,,,,,,-2.1059648638564923,5.525359228125031,False,30.555555555555557,False,30.82008775396991,68.59504132231406,30.555555555555557,895.652173913044,,8.510638297872353,-17.903930131004408,65.94202898550732,14.049586776859503,6.7206309775804,-0.32973127660705925,6.007395876915567,3.464549456333832,8.503804962331518,-3.520491461686681,1.7320022644464528,0.209926001084626,-0.32973127660705925,True,False
VAC,vcp,106.75890896026921,98.48486269284969,103.0199966430664,,,,False,2.0,18%->8%,18.158338427989136,7.75021620958935,0.8319648962231136,16.0,,,,,,-3.5022016931572955,4.402188019797366,False,-1030.2325581395348,True,43.486753085671296,19.774011299435035,-56.16438356164384,-1030.2325581395348,-103.30188679245282,231.25,,,-103.954802259887,6.228373702422152,4.766187050359716,-0.7258064516128981,-3.6945812807881784,5.407725321888401,-5.361494719740046,4.944586530264283,1.4705882352941124,-3.6945812807881784,True,False
VERA,vcp,36.22999954223633,33.08000183105469,34.0,,,,False,2.0,16%->9%,16.020460294485595,8.694445903896373,0.5605032739190512,3.0,,,,,,-6.155118880519532,2.7058769674862133,False,,False,44.82007484243056,,,,,,,,,,,,,,,,,,False,False
VMD,vcp,9.390000343322754,8.595000267028809,8.90999984741211,,,,False,2.0,31%->8%,31.093117684024772,8.466454177067963,0.5744544828507704,37.0,,,,,,-5.111826180623877,3.535348886395231,False,-12.49999999999999,True,43.820067234629626,-12.49999999999999,0.0,39.99999999999997,-10.000000000000009,16.666666666666675,-57.14285714285715,55.55555555555558,12.5,23.85340015224562,27.541477109371026,25.51445753356949,23.981104751396455,3.5576948577187295,-1.0068127223323398,5.933476096448542,14.047830499873125,23.85340015224562,True,False
VMI,vcp,511.8699951171875,461.9700012207031,474.6400146484375,,,,False,2.0,22%->10%,22.196768592078282,9.748567873188243,0.6529621294015489,59.0,,,,,,-7.273327372944877,2.6693942855026593,False,21.16788321167884,False,28.48673472241898,,27.54629629629628,134.28571428571422,21.16788321167884,11.433756805807626,-38.91352549889135,81.12449799196784,,6.486233851285239,6.1778742492113015,0.09312692447849269,2.529467983434208,8.6953226641741,-0.8729027411245704,-0.7380638253121519,-0.43482068406203167,0.09312692447849269,True,False
VPG,vcp,66.80000305175781,59.470001220703125,62.650001525878906,,,,False,3.0,21%->14%->11%,20.840953927344813,10.973056132011362,0.40184041709713847,23.0,,,,,,-6.2125768507277055,5.075818400199424,False,-750.0,False,42.48673330848379,-750.0,,-333.33333333333337,,,,-123.72881355932202,2849.9999999999995,11.674937800188934,17.57990549337198,10.8997563761992,5.28345240138921,-0.4943511196993544,4.692697214913366,1.0585992374071873,6.0762895650669835,5.28345240138921,True,False
VSH,vcp,34.040000915527344,30.190000534057617,32.5099983215332,,,,False,2.0,20%->11%,19.928928337592886,11.310224083200742,0.791173140290836,23.0,,,,,,-4.494719602948748,7.136259327146506,False,1800.0,False,43.486733359062505,1800.0,,,,280.0,400.0000000000003,,-700.0,16.5726467694326,17.337773825702296,12.061574107757478,7.518429924131675,5.878280638957545,4.78448588002327,1.3004654457148712,3.7244998360117965,7.518429924131675,True,False
VSXY,vcp,78.48999786376953,71.72000122070312,77.93000030517578,,,,False,2.0,22%->9%,22.3109708218574,8.625298544174623,0.8288882742634374,16.0,,,,,,-0.7134635926041236,7.968688643852366,False,-8.298755186721984,False,72.48673354748843,990.0,,-8.298755186721984,,289.2857142857143,-74.6606334841629,,-330.0,10.418094585332426,15.299334811529942,7.68865685809208,9.279881217520414,3.26923076923078,-31.247245482591445,54.144021739130444,0.8910212474297463,7.68865685809208,True,False
W,vcp,107.91999816894531,93.0,102.45999908447266,,,,False,2.0,16%->14%,16.295169120663353,13.825054134627143,0.496433225632111,32.0,,,,,,-5.059302425047489,9.232870553388747,False,-109.09090909090908,False,35.48673335503472,-109.09090909090908,,,,,,,-790.9090909090909,7.5160403299725065,7.362637362637359,6.920858699134902,8.07905686546464,20.061412487205722,-12.166616721606239,7.058068655758731,-4.766269477543538,6.920858699134902,True,False
WAT,vcp,426.2200012207031,392.95001220703125,421.6300048828125,,,,False,2.0,10%->8%,9.989048460581818,7.805825376187396,0.780756697115878,52.0,,,,,,-1.0769077764405186,6.802170705036172,False,-156.27530364372467,True,38.486717834988426,-156.27530364372467,-142.85714285714286,-3.0927835051546615,-7.749077490774903,,-123.13829787234043,50.4,1.2145748987854255,113.35927367055771,91.38972809667673,6.839010259947709,8.04830441507216,29.834254143646397,35.88603162380053,16.56633999552437,3.7466926070038875,6.839010259947709,True,False
WATT,vcp,11.770000457763672,10.5,12.210000038146973,,,,True,3.0,39%->21%->11%,39.004150362777104,10.79014790459044,0.44812235422640995,27.0,,,,,,3.73831404647967,14.004914273583308,False,-94.70712773465067,False,,,,-94.70712773465067,,,-157.33333333333331,,,216.82051282051282,798.5422740524781,610.2803738317757,453.04347826086956,0.2271252433484694,1.3815789473684115,138.99371069182388,30.461538461538453,216.82051282051282,True,False
WHWK,vcp,4.300000190734863,3.9600000381469727,4.199999809265137,,,,False,2.0,17%->8%,17.047815862736723,7.9069799420121685,0.5477600888559793,11.0,,,,,,-2.325590163581752,5.714280524221172,False,-117.4863387978142,False,44.486719806122686,,-117.4863387978142,,,,,,,,-100.0,-100.0,-100.0,,,,,-100.0,False,False
WSFS,vcp,82.73689545294805,76.33999633789062,78.80000305175781,,,,False,2.0,15%->8%,14.883385184493699,7.731616082567781,0.8172904635738246,153.0,,,,,,-4.758327442234186,3.1218358104014206,False,23.148148148148096,True,30.82004715277778,28.346456692913378,46.428571428571395,23.148148148148096,26.851851851851862,-0.6097560975609762,23.308270676691766,-2.91970802919711,7.874015748031504,43.70771279639085,47.88475209833509,73.99897604761748,66.63709538649792,14.414229307240056,9.20635391044069,8.403532967247319,6.098365604906353,43.70771279639085,True,False
WST,vcp,360.2900085449219,331.989990234375,362.30999755859375,,,,True,2.0,16%->8%,15.733165792242696,7.85478854238567,0.28477729826561354,40.0,,,,,,0.5606564061628752,8.368526269914845,True,2.2471910112359605,True,30.48670619518519,18.13186813186811,56.09756097560976,2.2471910112359605,3.7837837837837673,11.979166666666675,5.494505494505475,-5.208333333333314,5.494505494505497,13.803000652315722,21.0458452722063,7.505341880341887,7.725264426295353,3.2429873357793904,4.956521739130437,0.0497141436738735,4.9706457925636105,7.505341880341887,True,False
WTS,vcp,392.89207047582164,345.6000061035156,350.6600036621094,,,,False,2.0,15%->12%,15.314034693028706,12.036909860520167,0.7137475416193457,56.0,,,,,,-10.749024983519286,1.4429925014971157,False,17.27574750830565,True,36.82003549454861,17.27574750830565,34.389140271493225,23.762376237623783,18.93203883495147,18.855218855218837,18.80000000000002,2.0408163265306145,-18.604651162790688,18.564548702811877,21.37992831541218,15.673575129533667,12.527593818984538,12.682710763324966,8.35066389377699,2.190616315187177,-4.971259903681835,12.527593818984538,True,False
WYY,vcp,11.399999618530273,10.59000015258789,12.65999984741211,,,,True,3.0,28%->11%->7%,28.230448223803116,7.105258710936788,0.3312721576387171,28.0,,,,,,11.052633956528846,16.35070868699384,False,,False,51.820035002210645,,,,,0.0,,,,,,,,-39.31338028169014,62.10045662100456,-28.86723507917174,,,False,False
XOM,vcp,168.63999938964844,155.32000732421875,163.5399932861328,,,,False,2.0,13%->8%,12.884913649225721,7.898477296986579,0.7625333607264012,74.0,,,,,,-3.0241971785898123,5.026284884048033,False,,False,38.486701119375,,,,,112.19512195121952,,,,,,,,42.34166809805413,,,,,False,False
ZIM,vcp,29.03499984741211,26.850000381469727,30.100000381469727,,,,True,2.0,10%->8%,10.317994899068283,7.525398579043325,0.24173282316625305,22.0,,,,,,3.667988770981656,10.797342055851857,False,,False,58.48669957684027,,,,,,,,,,,,,,,,,,False,False
