ticker,pattern_type,entry_price,stop_price,last_close,ribbon_width_pct,squeeze_days_ago,expanding,breakout,n_contractions,contraction_pcts,first_contraction_pct,final_contraction_pct,volume_dryup_ratio,base_len,pole_gain_pct,pole_len,flag_len,retracement_pct,volume_ratio,extension_pct,risk_pct,is_lre,eps_yoy_q1_pct,eps_yoy_q2_pct,eps_yoy_q3_pct,eps_yoy_q4_pct,eps_qoq_q1_pct,eps_qoq_q2_pct,eps_qoq_q3_pct,eps_qoq_q4_pct,eps_min_yoy_pct,eps_full_history_available,days_to_earnings,revenue_yoy_q1_pct,revenue_yoy_q2_pct,revenue_yoy_q3_pct,revenue_yoy_q4_pct,revenue_qoq_q1_pct,revenue_qoq_q2_pct,revenue_qoq_q3_pct,revenue_qoq_q4_pct,revenue_min_yoy_pct,revenue_full_history_available,passes_growth
OPTT,bull_flag,2.5999999046325684,1.75,1.9299999475479126,,,,False,,,,,,,1505.8823472694542,7.0,3.0,38.28125048657966,0.04837816159836194,-25.76923006385033,9.326422406208074,False,,,,,-211.30434782608694,,,,,False,87.84283694357639,-38.01652892561983,22.672064777327925,162.5,25.581395348837212,-0.990099009900991,-57.56302521008403,-5.555555555555558,56.19834710743801,-38.01652892561983,True,False
SWVL,bull_flag,5.989999771118164,3.9000000953674316,4.429999828338623,,,,False,,,,,,,277.39726609015094,15.0,3.0,39.75308784423226,0.07426913583810857,-26.043405715996098,11.963877054369018,False,,,,,,,,,,False,,,,,,,,,,,False,False
RFAI,bull_flag,54.70000076293945,25.0,41.119998931884766,,,,False,,,,,,,220.00000000000003,15.0,6.0,31.818181818181817,0.10893173592911519,-24.82632841251341,39.202333051096446,False,,,,,,,,,,False,,,,,,,,,,,False,False
IGR,bull_flag,12.920000076293945,12.229999542236328,12.380000114440918,,,,False,,,,,,,191.1669081152696,14.0,6.0,8.357057850104159,0.8145165724159598,-4.179566243531512,1.2116362747817622,False,,,,,,,,,,False,,,,,,,,,,,False,False
INDP,bull_flag,3.9800000190734863,2.9000000953674316,3.930000066757202,,,,False,,,,,,,186.75799295543882,13.0,3.0,11.735941348798557,0.839427075280123,-1.2562802029313505,26.208650226300477,False,,,-101.90114068441063,,,,,,-101.90114068441063,False,,,,,,,,,,,False,False
MRNA,bull_flag,161.95989990234375,130.3800048828125,158.07000732421875,,,,False,,,,,,,177.86855173808823,14.0,15.0,20.125259045013266,0.42374170357044516,-2.40176276996372,17.517556246208713,False,,,,-1800.0,,,,,-1800.0,False,48.50958432987269,2.1126760563380254,260.18518518518516,-29.81366459627329,-45.43501611170784,-62.724935732647815,-42.62536873156342,-33.26771653543307,615.4929577464789,-45.43501611170784,True,False
CAPR,bull_flag,11.0,8.180000305175781,9.420000076293945,,,,False,,,,,,,161.29871867040458,13.0,14.0,30.27375134518362,0.2401264813688588,-14.363635670055041,13.163479416934463,False,,,,,,,,,,False,53.843386584097225,-7.921690517003965,-63.4382475774409,1.3777014586210834,64.29114312270147,392.14278829275366,-43.0523150556549,-19.06383632603793,-59.40733891022807,-63.4382475774409,True,False
OABI,bull_flag,5.429999828338623,3.890000104904175,4.440000057220459,,,,False,,,,,,,136.94581332858533,15.0,15.0,33.09351968861504,0.584748286561898,-18.232040560138785,12.3873861537875,False,,,,,,,,,,False,47.84285620946759,244.23915832691816,247.30380356283098,-22.473158089596446,-46.332694151486095,-7.014625355236714,72.24212034383955,274.09557838320677,-42.54554785732615,-46.332694151486095,True,False
RCEL,bull_flag,11.390000343322754,9.600000381469727,11.220000267028809,,,,False,,,,,,,136.91276621142404,15.0,15.0,16.176465890445424,0.2902507462420983,-1.49253793827676,14.438501310197182,False,,,,,,,,,,False,48.84272935018519,17.90299572039944,4.0327421555252485,-4.288381287063469,-12.875116015262456,12.72031053294167,9.368366703000408,3.1603243179262552,-7.2917809722374605,-12.875116015262456,True,False
ABCL,bull_flag,13.180000305175781,10.319999694824219,12.729999542236328,,,,False,,,,,,,106.7567502259338,15.0,15.0,30.37974950958201,0.352917365899703,-3.4142697459782148,18.931656984087645,False,,,,,,,,,,False,48.843526877337965,-76.29360805431983,96.3400236127509,788.373935432759,37.6210235131397,-51.2928442573662,-81.46207696080617,400.88218872138464,-47.58253336455163,-76.29360805431983,True,False
QMCO,bull_flag,26.389999389648438,21.719999313354492,24.940000534057617,,,,False,,,,,,,106.5365065807982,15.0,12.0,20.796817296293078,0.3414972590848164,-5.494501285057199,12.910990985368862,False,,,,,,,,,,False,52.842740066990736,25.692996920013698,27.310121933303954,8.59297653019626,-12.709127856804836,3.601559094289297,4.569222106025261,18.92848600813202,-2.4437669165914833,-12.709127856804836,True,False
HTFL,bull_flag,51.77799987792969,45.40999984741211,49.56999969482422,,,,False,,,,,,,80.12513245964084,15.0,15.0,16.21497020829878,0.7766003235177313,-4.264359744121029,8.392172428934813,False,,,,,,-106.98689956331877,,,,False,54.843085285775466,47.57277081798084,41.34390538906061,49.17410578733224,49.01783989180137,21.859014585353798,7.038612632050323,6.165182816146597,6.567796610169485,41.34390538906061,True,False
AMLX,bull_flag,37.68000030517578,31.3700008392334,33.939998626708984,,,,False,,,,,,,73.49509928003152,8.0,14.0,36.888885498046875,0.25622961347895834,-9.925694395371501,7.572179998419721,False,,,,,,,,,,False,48.51014913024305,,-100.0,,-100.0,,,,,-100.0,False,False
FGI,bull_flag,10.300000190734863,6.5,9.899999618530273,,,,False,,,,,,,68.30356986052833,15.0,15.0,33.9869274934805,0.007207362431627889,-3.883500629100973,34.34343181353605,False,,,-1241.6666666666672,,,,,,-1241.6666666666672,False,55.843193210671295,2.8623929214091293,-8.162842549749572,-14.399566381545249,-0.6934174320141762,4.537789338608711,0.10659036437152825,-15.007109988794342,15.647978305879096,-14.399566381545249,True,False
IRD,bull_flag,6.579999923706055,5.230000019073486,5.28000020980835,,,,False,,,,,,,67.67956805401695,7.0,5.0,34.28571651002731,0.2739812793821357,-19.756834786792915,0.9469732717430737,False,,,,,,,,,,False,54.509688266666664,-73.8029146426093,-50.64073226544623,-10.1580660158066,-20.37755365916731,-64.99768196569309,-44.191461836998705,25.527768756089642,6.835530881332419,-73.8029146426093,True,False
PEPG,bull_flag,3.4800000190734863,2.8399999141693115,2.9700000286102295,,,,False,,,,,,,62.626262504632905,15.0,15.0,30.645170283739258,0.5297730858051165,-14.65517205942542,4.377108188168932,False,,,,,,-1399.9999999999989,,,,False,54.50948363496527,,,,,,,,,,False,False
AOUT,bull_flag,16.0,14.920000076293945,15.925000190734863,,,,False,,,,,,,57.58794578644155,6.0,4.0,13.263528151947435,0.09232171612606395,-0.4687488079071045,6.310832668156734,False,,,-3300.0,-33.33333333333333,,,-300.0,,-3300.0,False,83.84347986740741,25.425897245976703,-24.027315876142197,-3.297154089394072,-5.035529286757868,-20.83554686669925,-16.821620475113118,-1.0891798807671438,92.57625749107805,-24.027315876142197,True,False
AVAH,bull_flag,14.710000038146973,12.970000267028809,13.970000267028809,,,,False,,,,,,,54.41340770217229,12.0,14.0,17.45378742853562,0.6511248211313717,-5.030589865391885,7.158195997749138,False,38.46153846153846,533.3333333333334,453.3333333333334,,-5.263157894736848,-77.10843373493977,1283.3333333333335,-53.846153846153854,38.46153846153846,False,48.51010992210648,13.727349364688157,15.859655522652826,27.43136772128525,22.18347697451786,3.48317294706868,-2.1985569375679304,6.517971129140654,5.493823286456001,13.727349364688157,True,False
ETON,bull_flag,62.90999984741211,54.130001068115234,57.06999969482422,,,,False,,,,,,,53.60293956088906,10.0,14.0,39.04891411942148,0.5478060406837342,-9.283103110400226,5.151565870738244,False,,150.0,,,599.9999999999999,,,,150.0,False,55.8432145724537,98.58939137785292,40.411989353084145,82.71657937666352,117.5416505230531,54.90398087859556,14.026596494525624,-5.245113317600958,18.65490278951818,40.411989353084145,True,False
JWEL,bull_flag,2.690000057220459,2.009999990463257,2.2100000381469727,,,,False,,,,,,,52.90322312703357,15.0,13.0,43.90242980534866,0.01300971415291657,-17.843866500488627,9.049775757081463,False,,,,,,,,,,False,,,,,,,,,,,False,False
FDMT,bull_flag,15.770000457763672,12.9399995803833,14.680000305175781,,,,False,,,,,,,51.361875717864905,15.0,15.0,49.621221562717984,0.6828686429073683,-6.911858725097732,11.852865726297036,False,,,,,,-334.88372093023247,,,,False,53.84321590222222,25106.666666666668,21664.285714285714,8508900.0,2900.0,24.089268132589424,-96.41908567399224,94444.44444444445,500.0,2900.0,True,False
VREX,bull_flag,18.540000915527344,18.450000762939453,18.540000915527344,,,,True,,,,,,,50.93877364178092,15.0,14.0,0.6410097699657992,0.4390315279528546,0.0,0.4854376922522967,True,,-211.76470588235296,,,,-480.0,-82.75862068965517,,-211.76470588235296,False,60.84252829190972,3.6945812807881673,1.4560826679192118,4.904904904904894,11.278561011181342,-2.546296296296291,3.053435114503822,-8.43162953254697,12.758620689655164,1.4560826679192118,True,False
SGHT,bull_flag,8.789999961853027,7.699999809265137,8.079999923706055,,,,False,,,,,,,50.81080356595138,15.0,15.0,23.75887052483206,0.46808562782530727,-8.077361106123337,4.7029717577846615,False,,,,,,,,,,False,48.84267982248842,19.546105090983446,12.508567511994517,6.873230575652722,-1.2452249838765694,18.7328662808407,-3.3701250919793924,2.40630965538029,1.748108771212431,-1.2452249838765694,True,False
SUNE,bull_flag,3.2699999809265137,2.759999990463257,2.759999990463257,,,,False,,,,,,,49.99999448105164,10.0,3.0,44.444449350176875,0.02551636294374368,-15.596330074557208,0.0,False,,,-99.79591122766577,,,-101.13647125674781,,,-99.79591122766577,False,53.509298265844905,-37.52427807971278,-43.06674765867313,76.9849851217093,29.047002843925963,13.4483961176179,-73.56051132117567,43.26377003328905,45.38630372618291,-43.06674765867313,True,False
HNST,bull_flag,6.010000228881836,5.21999979019165,5.320000171661377,,,,False,,,,,,,48.57142680208841,15.0,15.0,26.737969550758173,0.5410245831492638,-11.480865739481576,1.8797063579510669,False,200.0,-100.0,,,,,-2200.0,-66.66666666666666,-100.0,False,47.84308808267361,-10.866797205191581,-19.692544987146533,-11.819265402606248,-6.717252637625082,6.663337558739557,-11.288435544146214,-4.897862181460722,-0.9501492633133268,-19.692544987146533,True,False
HZO,bull_flag,52.5,52.08000183105469,52.31999969482422,,,,False,,,,,,,48.56247378277987,15.0,14.0,0.644764427875826,0.7813900486776534,-0.34285772414434523,0.4587115159965744,False,,-185.7142857142857,-146.75324675324674,-52.941176470588246,,,-550.0000000000008,,-185.7142857142857,False,55.509724956064815,-6.984763200382249,-16.484644070212106,7.837792260188148,-1.947890510404493,15.897628419527798,4.401220955781926,-8.507605681758502,-15.978781390804963,-16.484644070212106,True,False
TITN,bull_flag,26.440000534057617,22.520000457763672,24.0,,,,False,,,,,,,48.135582955760945,13.0,8.0,43.42722400358367,0.630115942303324,-9.228443588397925,6.166664759318033,False,,,,-28.57142857142857,,,-3279.9999999999995,,-28.57142857142857,False,67.50925568439814,-9.158056168630335,-12.1067880794702,-15.539246842763921,-5.194579773588459,-4.976635827107034,-18.61132534062493,-0.41504398690478395,17.95009754294268,-15.539246842763921,True,False
ANF,bull_flag,150.0,134.6999969482422,138.60000610351562,,,,False,,,,,,,47.10776346632819,15.0,6.0,35.687891682033815,0.5084571576318816,-7.599995930989584,2.813859295475538,False,43.29896907216495,-7.547169811320764,1.4084507042253946,-5.600000000000005,183.6734693877551,-59.16666666666668,52.54237288135597,-18.900343642611695,-7.547169811320764,True,68.51014857965278,4.809773614880508,1.5045871225204177,5.355800966233559,6.753953378341482,13.724646958532837,-33.29622314501959,29.37993319484682,6.789815979347313,1.5045871225204177,True,False
RCMT,bull_flag,42.5099983215332,38.84000015258789,40.619998931884766,,,,False,,,,,,,46.98456345057285,14.0,11.0,22.985063749580455,0.7575216016969419,-4.446011442656466,4.3820749042404845,False,36.00000000000001,-3.703703703703709,110.52631578947363,-14.28571428571428,30.76923076923077,-35.0,166.66666666666669,-40.0,-14.28571428571428,True,47.84272785673611,20.021492720620216,-1.698767653569777,12.434990638651966,16.439990060465504,12.979599701341549,-3.9756695499329253,23.0292079841796,-10.077271447944113,-1.698767653569777,True,False
OMER,bull_flag,19.549999237060547,16.5,18.450000762939453,,,,False,,,,,,,46.387836946199855,15.0,14.0,45.0819643938681,0.5478433078741348,-5.626590880043865,10.569109389179122,False,,,,,-75.80645161290323,-56.64335664335665,,,,False,55.84283657152778,-4.916011198506864,-65.6767165111196,-100.0,-100.0,188.37561912463357,,,-100.0,-100.0,True,False
FRNM,bull_flag,17.174999237060547,14.25,16.290000915527344,,,,False,,,,,,,46.19376301969578,14.0,9.0,49.62546846578961,0.6385368286944973,-5.152828884111602,12.523025174190447,False,,,,,,,,,,False,,,,,,,,,,,False,False
FEIM,bull_flag,87.0,82.51000213623047,83.81999969482422,,,,False,,,,,,,44.74352537958723,7.0,3.0,11.31289379207461,0.8312138844503403,-3.6551727645698633,1.5628699157280486,False,485.7142857142856,-251.51515151515147,-90.0,-35.71428571428572,,-412.5,-11.111111111111105,157.1428571428571,-251.51515151515147,True,83.84321427365741,,,-100.0,-100.0,,,,,-100.0,False,False
CNH,bull_flag,14.359999656677246,13.279999732971191,13.550000190734863,,,,False,,,,,,,43.569292142588665,13.0,8.0,25.62928867023971,0.5973333370479214,-5.6406649394712325,1.992623276480034,False,-35.29411764705883,-90.0,-42.8571428571429,-75.0,1000.0,-87.5,33.33333333333328,-64.70588235294117,-90.0,True,52.50999215671297,3.0340711265854248,-0.06305170239596647,7.7984984257689405,-7.380535401551159,30.69400630914827,-28.780049427095033,20.232306861156136,-7.933349912956977,-7.380535401551159,True,False
OKTA,bull_flag,192.55499267578125,183.0,190.02000427246094,,,,False,,,,,,,42.75323181758335,13.0,3.0,6.1783617021858,0.7669258325953866,-1.3165009995812758,3.6943501287344866,False,75.67567567567568,19.999999999999996,133.3333333333334,,54.761904761904766,19.99999999999997,45.83333333333337,-35.13513513513513,19.999999999999996,False,74.8428370594213,10.576923076923084,11.191860465116289,11.58357771260996,11.578947368421044,5.228758169934644,0.5256241787122251,2.5606469002695365,1.9230769230769162,10.576923076923084,True,False
EOLS,bull_flag,9.3100004196167,7.590000152587891,8.010000228881836,,,,False,,,,,,,42.07119703644926,15.0,15.0,45.7692163089318,0.7125168007171088,-13.963481548246648,5.243446495538685,False,,,,,,-1699.9999999999986,,,,False,47.84322772491898,21.18120108954127,6.735063191383794,14.38053377582429,12.903331423426367,14.967800155871846,-19.00664451827242,30.932184958023413,-0.6053007047429615,6.735063191383794,True,False
KRO,bull_flag,9.028054572714085,7.909999847412109,8.220000267028809,,,,False,,,,,,,41.54588722824724,15.0,15.0,32.34449220011978,0.7670872848298321,-8.950480961064383,3.77129452002745,False,,-125.0,,-151.61290322580646,,,,,-151.61290322580646,False,48.842991800243055,12.884304207119746,4.083299305839128,-1.1344835736232572,-5.735506498865273,9.474303648489602,21.87425292852021,-8.448238126504704,-7.584951456310685,-5.735506498865273,True,False
TTRX,bull_flag,14.460000038146973,13.21500015258789,13.819999694824219,,,,False,,,,,,,37.24489334174772,5.0,3.0,6.438347431166916,0.8205221981336601,-4.426005128868375,4.377710243097247,False,,,,,,-399.9999999999997,,,,False,55.84256661518519,,,,,,,,,,False,False
MTW,bull_flag,22.0,18.729999542236328,21.850000381469727,,,,False,,,,,,,36.87544483269258,14.0,15.0,13.740479410556555,0.7491478358478211,-0.6818164478648793,14.279179792964076,False,875.0,,-87.5,,,-185.0,42.85714285714284,250.00000000000006,-87.5,False,47.842914450393515,10.268767377201105,5.032915693353157,13.60738255033558,5.449695121951215,20.279013344116457,-26.953182690887612,22.352728586917237,2.5764596848934174,5.032915693353157,True,False
SSRM,bull_flag,39.439998626708984,34.150001525878906,36.14500045776367,,,,False,,,,,,,35.72054478869939,15.0,14.0,47.33556570080393,0.8348928398199462,-8.354458122911602,5.5194325815985845,False,11.904761904761907,-285.71428571428567,2700.0000000000186,519.9999999999999,,-161.9047619047619,170.9677419354839,-26.190476190476186,-285.71428571428567,True,46.84263198045139,35.24840311119961,131.28904679313678,-5.8066292637593335,-11.487539598138675,7.519655413996218,28.025486170629787,-4.31894321295302,2.688517741214258,-11.487539598138675,True,False
IAG,bull_flag,21.799999237060547,19.149999618530273,20.15999984741211,,,,False,,,,,,,35.55695689194125,15.0,15.0,42.30090362742227,0.6200983332813281,-7.522933243320473,5.009921808166517,False,,,,,,,,,,False,46.84306206295139,,,,,,,,,,False,False
PRE,bull_flag,24.93000030517578,21.549999237060547,24.190000534057617,,,,False,,,,,,,35.058438425911916,13.0,6.0,43.17461470807732,0.5762630336955329,-2.9683103171263534,10.913605782191514,False,,,,,,,,,,False,53.5094391590625,,,,,,,,,,False,False
AGRO,bull_flag,12.789999961853027,11.279999732971191,11.829999923706055,,,,False,,,,,,,34.904609019211776,12.0,11.0,23.794230854148573,0.7590376969124654,-7.5058642768587385,4.649198599170925,False,,,,,,,,,,False,54.84353714119213,,,,,,,,,,False,False
FSM,bull_flag,12.9399995803833,11.270000457763672,11.920000076293945,,,,False,,,,,,,33.995814407404666,15.0,14.0,47.38461421086238,0.7076182569869853,-7.882531199117254,5.4530168990767764,False,,,,,,,,,,False,47.84318556403935,,,,,,,,,,False,False
DELL,bull_flag,593.9799194335938,525.8499755859375,588.4000244140625,,,,False,,,,,,,33.479994829963246,7.0,4.0,29.12362698758922,0.6969580854095891,-0.9394080232294917,10.63053131080565,False,272.94117647058823,282.4817518248175,55.60747663551404,39.02439024390243,20.992366412213737,57.357357357357365,46.05263157894739,34.11764705882352,39.02439024390243,True,70.84328592024306,57.747850617947336,87.53528958850201,39.48017216163136,10.830665681687602,7.13699192555084,31.346055903412328,23.603036474726903,-9.306152606125739,10.830665681687602,True,False
HBIO,bull_flag,8.369999885559082,7.849999904632568,8.029999732971191,,,,False,,,,,,,32.90112978718997,15.0,10.0,17.24137688039466,0.6180858895705522,-4.062128521345612,2.2415919592069655,False,,,106799.99999999991,,,-107.20299345182414,,,106799.99999999991,False,48.50978454912037,11.134474327628352,-4.679893450904748,-3.3433784003909395,-6.276741010468823,9.501324981932058,-12.555298082999789,15.268806760235055,0.6894865525672422,-6.276741010468823,True,False
EPRX,bull_flag,8.425000190734863,7.929999828338623,8.380000114440918,,,,False,,,,,,,32.807568984947586,7.0,4.0,23.557705092712737,0.3535663788890699,-0.5341255225540859,5.369931741729066,False,,,,,,,,,,False,46.84323319297454,,,,,,,,,,False,False
AII,bull_flag,26.8700008392334,25.170000076293945,26.770000457763672,,,,False,,,,,,,31.896971056764635,11.0,15.0,22.6707980715635,0.8430034971088258,-0.3721636708090984,5.976841068770711,False,7.407407407407396,-63.30935251798561,,103.03030303030303,70.58823529411764,75.86206896551721,-13.432835820895516,-58.64197530864197,-63.30935251798561,False,53.84352819813658,54.59402139626035,26.493336671952818,1.4213349225268068,33.26601207485551,26.657575524298636,33.57669594852661,9.750749685615713,-16.74250661082699,1.4213349225268068,True,False
BSIN,bull_flag,1.6699999570846558,1.440000057220459,1.5700000524520874,,,,False,,,,,,,31.666665010982165,14.0,15.0,36.842101960961465,0.6253954465481473,-5.988018395350124,8.28025419671734,False,,,,,,,,,,False,,5.226824457593682,-26.85818513451892,-67.00591715976331,-64.93847084930403,33.04239401496258,15.064562410329984,-19.792865362485614,-14.299802761341219,-67.00591715976331,True,False
CMDB,bull_flag,24.760000228881836,22.829999923706055,24.15999984741211,,,,False,,,,,,,31.37685882794836,15.0,8.0,19.58043007367966,0.8269365680290505,-2.4232648462169366,5.504966606398871,False,,,,,,,,,,False,56.51002121938658,,,,,,,,,,False,False
NRGV,bull_flag,4.460000038146973,3.7899999618530273,4.230000019073486,,,,False,,,,,,,31.192660149114417,5.0,6.0,49.01960875977925,0.816564147591696,-5.156951056194297,10.401892558781451,False,,,,,,,,,,False,52.84291318892361,-10.96504955659885,-72.16294214023736,-99.3114102593554,-86.85884455032758,-74.50330136536105,2691.576313594662,-78.26323422770123,-42.45174752217006,-99.3114102593554,True,False
PSNL,bull_flag,17.639999389648438,15.914999961853027,16.229999542236328,,,,False,,,,,,,31.082120289586168,14.0,15.0,28.76542980215615,0.7284725024494993,-7.993196690468879,1.940847746566831,False,,,,,,,,,,False,46.842729858576384,29.95989071673546,-24.91142926474157,3.2440476190476186,-43.61896612081372,44.49974146845914,-10.79850100893629,19.6619523973784,-15.741440446433764,-43.61896612081372,True,False
MGRT,bull_flag,120.5,116.98999786376953,118.0,,,,False,,,,,,,29.85476160419045,11.0,5.0,13.369366070171735,0.27642075736325383,-2.0746887966804977,0.8559340137546346,False,,,,,,,,,,False,,,,,,,,,,,False,False
DCTH,bull_flag,16.7810001373291,15.680000305175781,16.25,,,,False,,,,,,,29.849560331981362,15.0,15.0,19.098127534857813,0.4508279054723351,-3.1642937428258473,3.5076904296875004,False,0.0,-200.0,,-66.66666666666666,,,-350.0,-71.42857142857143,-200.0,False,46.50995220939815,20.603576751117725,26.33441164577437,37.27152317880795,83.59821428571428,16.559974393854525,20.58085681204169,0.8024120994018391,-14.874151349561181,20.603576751117725,True,False
MOVE,bull_flag,11.5,10.020000457763672,10.109999656677246,,,,False,,,,,,,29.56926561971953,13.0,4.0,43.70077454125073,0.22769318307147798,-12.086959507154383,0.890199821660067,False,,,-195.37444933920702,,,,,,-195.37444933920702,False,,,,,,,,,,,False,False
AEM,bull_flag,215.8407418723856,192.6999969482422,201.3699951171875,,,,False,,,,,,,29.36838912023283,15.0,15.0,43.03790058284621,0.6064258403124236,-6.70436296209259,4.305506470266236,False,,,,,,,,,,False,40.84352617583333,,,,,,,,,,False,False
OBIO,bull_flag,6.28000020980835,5.730000019073486,5.78000020980835,,,,False,,,,,,,29.113927870831446,5.0,4.0,28.260857546638473,0.765391884057971,-7.961783173495447,0.8650551716246593,False,,,,,,-217.8571428571429,,,,False,48.84285875420139,-89.47368421052632,-87.32718894009217,12120.158102766798,-12.765957446808507,-19.999999999999996,-99.64420868777695,3490.8246225319394,2.9904306220095656,-89.47368421052632,True,False
CBLL,bull_flag,25.62700080871582,23.040000915527344,25.0,,,,False,,,,,,,28.493154865421655,14.0,15.0,7.8846112934095975,0.6804264083723002,-2.4466413896649795,7.839996337890626,False,,,-121.47239263803682,,,,,,-121.47239263803682,False,46.84338651791666,32.53927072031699,29.295788394905074,33.721808568037126,31.369584181448083,6.05042651166301,6.899612653324727,9.717118951702153,6.5569130619368865,29.295788394905074,True,False
HALO,bull_flag,111.1500015258789,103.47000122070312,109.68000030517578,,,,False,,,,,,,28.077523925030224,15.0,15.0,15.296106310910002,0.5454962513327926,-1.3225381921032782,5.661924751270818,False,42.85714285714284,31.182795698924725,-206.60377358490564,36.190476190476176,55.73770491803278,,-179.020979020979,7.5187969924811915,-206.60377358490564,True,45.84312282078704,47.6729942066628,42.22856517192037,51.59559474913424,22.124625970408562,27.684838123958077,-16.61453802513242,27.522694939367256,8.76368894660735,22.124625970408562,True,False
CHYM,bull_flag,35.54999923706055,30.700000762939453,30.719999313354492,,,,False,,,,,,,27.8935240289502,15.0,15.0,33.88658743740772,0.6770137144191819,-13.586497967265283,0.06509944942070803,False,,,,,-46.153846153846146,-95.89905362776025,,,,False,47.843375997106484,26.81421341326027,24.798937433493194,41.36027363815005,41.46257033840517,3.457128425501277,8.556772945110147,9.721647265320987,2.910163609133032,24.798937433493194,True,False
GPRK,bull_flag,12.170000076293945,11.100000381469727,11.149999618530273,,,,False,,,,,,,27.848503832246372,14.0,7.0,32.65461121554837,0.7721164233996093,-8.381269115606171,0.4484236661089454,False,,,,,,,,,,False,47.84312035837963,,,,,,,,,,False,False
ATNI,bull_flag,31.309999465942383,29.09000015258789,29.170000076293945,,,,False,,,,,,,27.571840353093833,15.0,15.0,23.262828650340296,0.8024061093911249,-6.834875203291629,0.27425410866237715,False,,,-293.7500000000003,,,,-272.2222222222222,,-293.7500000000003,False,52.84344333516204,2.4416760769803814,2.009851857700795,1.179384996499544,1.4124980255403985,1.5486936432705267,-0.6765547749154277,1.2969741264145407,0.26609163643354083,1.179384996499544,True,False
HAE,bull_flag,109.83000183105469,100.52999877929688,107.5999984741211,,,,False,,,,,,,27.51196222464023,15.0,15.0,26.391303020974867,0.6754238926479786,-2.0304136572481193,6.57063177981794,False,2.857142857142869,-135.04273504273505,28.37837837837838,22.72727272727273,,-143.15789473684214,17.28395061728394,15.714285714285726,-135.04273504273505,True,48.509788639722224,5.596246351829848,4.764684708665179,-2.7471581617136476,-5.266402516851853,-2.0126981010593292,2.1783831464419867,3.559873516337464,1.8422870370946587,-5.266402516851853,True,False
MLAB,bull_flag,132.6999969482422,119.06999969482422,127.13999938964844,,,,False,,,,,,,27.363611792448616,15.0,14.0,34.125308359804976,0.7613664417970432,-4.189900291227852,6.347333438387028,False,-42.352941176470594,,,-28.57142857142857,,-213.84615384615384,44.44444444444444,-47.05882352941176,-42.352941176470594,False,48.84295078237268,0.9992778328266949,2.5573348354389625,3.6378103119032446,5.021354589939997,-5.627393132885572,-2.152750053741981,7.226237713420147,2.0052734998236676,0.9992778328266949,True,False
WPM,bull_flag,160.99000549316406,144.02999877929688,152.1999969482422,,,,False,,,,,,,27.199677551180358,15.0,15.0,35.93861625417002,0.6906832197600181,-5.4599715789779975,5.367935829672611,False,,,,,,,,,,False,48.842479176435184,,,,,,,,,,False,False
STLN,bull_flag,7.0,5.760000228881836,6.630000114440918,,,,False,,,,,,,27.0541171020378,15.0,14.0,42.96294517151298,0.6825402308777384,-5.285712650844029,13.122169993091257,False,,,,,,,,,,False,52.842647135543984,34.623795929951086,41.21889546577784,41.578984112419846,36.69933233901563,9.387483807082164,3.8631416555717557,3.949064175038819,13.991419174972041,34.623795929951086,True,False
DBI,bull_flag,6.639999866485596,6.019999980926514,6.079999923706055,,,,False,,,,,,,26.796118230798992,6.0,3.0,36.95653526003172,0.6751735480084811,-8.433734247587214,0.9868411765204126,False,47.61904761904763,,,45.83333333333333,1450.0,,-202.85714285714283,66.66666666666666,45.83333333333333,False,81.50995163945602,-1.2292390232036432,1.3744178632104198,0.002382380474563739,-3.1887791207858007,4.957851655058509,-2.4158163873041816,-5.159680015310785,1.6812843763936325,-3.1887791207858007,True,False
MRVI,bull_flag,7.514999866485596,6.485000133514404,7.269999980926514,,,,False,,,,,,,26.584511875302375,15.0,7.0,46.68872959232008,0.5121359035109799,-3.260144909006588,10.79779710414891,False,,,,,,,,,,False,48.8429163172801,8.534295419541316,40.52721451440768,-11.832101559461083,-39.688518652662076,-21.864605009341254,32.02783459671921,19.783809752582272,-12.167436757600692,-39.688518652662076,True,False
SNDK,bull_flag,1807.3800048828125,1504.199951171875,1614.3900146484375,,,,False,,,,,,,26.559058384637236,15.0,12.0,19.009677485227584,0.7100794330563964,-10.677886759452567,6.825492134907584,False,,,615.2777777777778,-48.630136986301366,94.65914025184543,347.18446601941747,586.6666666666667,,-48.630136986301366,False,49.84265337969907,371.59389794844816,251.03244837758112,61.24733475479744,22.570366436537448,50.67226890756302,96.69421487603307,31.065857885615245,21.409784324039972,22.570366436537448,True,False
SGMT,bull_flag,11.449000358581543,10.149999618530273,11.170000076293945,,,,False,,,,,,,25.69443547615333,15.0,15.0,31.98199359233761,0.6354181992497732,-2.4368964411681087,9.131606542496051,False,,,,,,,,,,False,55.50934641447916,,,,,,,,,,False,False
JILL,bull_flag,24.5044002532959,23.209999084472656,24.1299991607666,,,,False,,,,,,,25.612935982634276,6.0,4.0,17.71895857984488,0.7332971314469391,-1.5278933116469116,3.8126817583557564,False,60.86956521739133,-59.210526315789465,-309.0909090909091,-25.00000000000001,258.0645161290323,,-138.3333333333333,-13.043478260869556,-309.0909090909091,True,,0.9411917014596982,-5.998233903851647,-3.084981725860003,-0.4342554397248177,7.712020114108897,4.192185622062761,-8.038651179721368,-2.194387804641229,-5.998233903851647,True,False
TWLO,bull_flag,247.27999877929688,221.86000061035156,246.24000549316406,,,,False,,,,,,,24.91718434268144,15.0,14.0,40.46530115188961,0.5928052678775743,-0.42057315240486987,9.900911443688756,False,4671.428571428571,375.0,,,1071.9298245614036,,-221.73913043478262,64.28571428571428,375.0,False,41.842540195960645,22.033416773510805,19.99585487985549,14.319550398172144,14.70940299863539,6.552103301781842,2.9999341108255972,5.039057153095738,5.859291369029451,14.319550398172144,True,False
CLS,bull_flag,353.9599914550781,313.0,329.94000244140625,,,,False,,,,,,,24.761493861711426,6.0,4.0,48.77869786044175,0.7083355541538543,-6.786074582872824,5.13426753835786,False,74.17582417582416,147.29729729729732,77.51937984496129,208.0,73.22404371584699,-20.087336244541486,-0.8658008658008698,26.923076923076916,74.17582417582416,True,38.84334143350694,62.39026750535701,52.79770444763272,43.57151274698512,27.78555711142228,16.100815418828752,10.72806369531314,14.43018159048215,10.38916154005669,27.78555711142228,True,False
CRSR,bull_flag,13.779999732971191,12.670000076293945,13.510000228881836,,,,False,,,,,,,24.10632585906738,15.0,4.0,33.07984211795464,0.8417685899476112,-1.9593578325210839,6.217617604418159,False,,,2199.9999999999723,,-45.45454545454546,-52.17391304347826,,,2199.9999999999723,False,46.84332598425926,-1.8046808616984045,-4.121162947937796,5.616708935431536,13.663424271611667,-11.333043733357407,-18.849046022135497,26.3452133397732,8.013132903483777,-4.121162947937796,True,False
RGLD,bull_flag,271.42999267578125,240.75999450683594,251.4499969482422,,,,False,,,,,,,23.73425969581171,15.0,15.0,49.71598636304128,0.7859442536817205,-7.36101251397256,4.251343237680234,False,38.3084577114428,91.86046511627906,-36.19631901840484,31.506849315068486,-15.75757575757576,217.30769230769204,-45.83333333333328,-4.477611940298498,-36.19631901840484,True,47.84272452973379,114.90772408332259,142.52207448458404,85.29028436018957,30.041220200477724,-3.9618438582467386,24.992006906033183,48.89791643524764,20.236783484304265,30.041220200477724,True,False
TLYS,bull_flag,4.960000038146973,4.199999809265137,4.260000228881836,,,,False,,,,,,,22.994649542857882,12.0,4.0,46.51164466977775,0.313554511135372,-14.112899271804292,1.4084604787086623,False,19.999999999999996,-37.5,-94.11764705882352,-33.333333333333336,259.99999999999994,150.0,-90.9090909090909,46.66666666666668,-94.11764705882352,True,75.84259066310184,51.943574541636075,-13.053359546018594,-14.2938716867137,30.555171937577686,31.102166487596005,-10.652138093088903,-7.7147352832284355,40.55812138164314,-14.2938716867137,True,False
TBBB,bull_flag,52.220001220703125,48.099998474121094,50.900001525878906,,,,False,,,,,,,22.77982281412225,12.0,15.0,19.546454658442407,0.48485754646947316,-2.527766495533692,5.500988148957553,False,,,,,,,,,,False,61.842623491689814,,,,,,,,,,False,False
IMPP,bull_flag,6.001999855041504,5.690000057220459,5.789999961853027,,,,False,,,,,,,22.68041085076895,12.0,3.0,23.636343144186466,0.7545436791464228,-3.5321542537259956,1.727114081026081,False,,,,,,,,,,False,,,,,,,,,,,False,False
BDSX,bull_flag,29.41990089416504,25.420000076293945,28.809999465942383,,,,False,,,,,,,21.57564754656398,11.0,10.0,36.099582599281064,0.37208751685898395,-2.073091375857151,11.766745756645747,False,,,-133.33333333333331,,,,,,-133.33333333333331,False,46.84341218065972,34.18423418922969,42.30426550840851,40.75578834010476,19.927276734064247,5.110545881432205,-11.128499391410184,32.097574421168694,8.742132081126996,19.927276734064247,True,False
HPQ,bull_flag,35.189998626708984,32.560001373291016,34.65999984741211,,,,False,,,,,,,21.3577277849502,12.0,4.0,46.763968907514,0.8393020083780424,-1.5061062801366787,6.058853096844114,False,-11.250000000000004,16.666666666666675,-1.6949152542372947,-9.677419354838745,44.89795918367348,-15.517241379310342,-30.952380952380942,4.999999999999982,-11.250000000000004,True,67.84308531681712,12.525122021246048,8.986384266263236,6.916469194312791,4.155104944859489,8.807606885063857,-0.20778501177448616,-1.3730446068720537,5.074648291702566,4.155104944859489,True,False
INTG,bull_flag,39.5,35.79999923706055,36.869998931884766,,,,False,,,,,,,21.212125184523025,12.0,6.0,44.18261554486117,0.5232567616841474,-6.658230552190466,2.902087675133874,False,,,,,,,,,,False,,21.08892058963385,19.80472266463542,5.95646516029813,20.71354089080888,17.750419050921916,-3.4165131468765653,10.526315789473696,-3.6673799334284385,5.95646516029813,True,False
TNK,bull_flag,103.1500015258789,98.80000305175781,100.81999969482422,,,,False,,,,,,,21.189910492160145,11.0,4.0,11.51445386879003,0.8097163375224417,-2.258848082004267,2.003567396529269,False,,,,,,,,,,False,47.84258847244213,,,,,,,,,,False,False
TII,bull_flag,3.0999999046325684,2.7249999046325684,2.930000066757202,,,,False,,,,,,,21.13821027898075,14.0,5.0,49.0384853450513,0.5513390230965813,-5.483865906618977,6.9965924045701176,False,,,,,,,,,,False,47.50925832635417,,,,,,,,,,False,False
ROIV,bull_flag,41.83000183105469,39.165000915527344,39.97999954223633,,,,False,,,,,,,21.118194724379833,5.0,6.0,36.28258059789747,0.6880967593359023,-4.42266843852948,2.038515848025436,False,,,-265.21739130434787,,-176.47058823529412,,,,-265.21739130434787,False,52.50934710125,-33.54838709677419,-66.7107001321004,-77.83322244400088,-64.89385474860335,-42.77777777777778,26.063031515757885,27.243793761935066,-27.6036866359447,-77.83322244400088,True,False
VBNK,bull_flag,23.540000915527344,21.975000381469727,23.469999313354492,,,,False,,,,,,,20.959664379055187,8.0,3.0,24.276731068666944,0.7849057439271256,-0.2973729798229423,6.3698294657985235,False,,,,,,,,,,False,82.50920145601852,,,,,,,,,,False,False
FSLY,bull_flag,25.75,22.899999618530273,24.56999969482422,,,,False,,,,,,,20.73822450762337,5.0,3.0,45.901657651057974,0.7810948134873462,-4.582525456993325,6.796907191845583,False,,,,,,,,,,False,47.84319277784722,23.27229690200323,19.75926464277309,22.78647593168255,15.317843243006868,5.950722744637926,0.2369476050332553,9.094126644040369,6.39772979443074,15.317843243006868,True,False
CACI,bull_flag,646.1199951171875,604.8599853515625,635.0,,,,False,,,,,,,20.599184391363945,15.0,15.0,18.62994298578763,0.8307939014502,-1.72104178809242,4.746458999753937,False,-0.7032348804500765,17.599999999999994,14.54918032786885,5.628517823639778,20.068027210884342,5.187835420393561,-0.7104795737122527,-20.815752461322077,-0.7032348804500765,True,33.84338996114583,17.573250630168946,8.491994857363828,5.728521022626354,11.217620396628103,15.229889213195058,5.896363987699638,-2.9517975645462546,-0.7170124783867693,5.728521022626354,True,False
PBR,bull_flag,21.989999771118164,20.579999923706055,20.940000534057617,,,,False,,,,,,,20.382876606036394,10.0,5.0,22.099432958783343,0.7192135065843878,-4.774894260979593,1.7192005786534903,False,,,,,,,,,,False,53.84283533640046,,,,,,,,,,False,False
DE,bull_flag,705.8800048828125,665.4500122070312,685.6300048828125,,,,False,,,,,,,20.277972072445394,10.0,10.0,27.959899473938492,0.7203662422856636,-2.8687595426876875,2.943277355434642,False,7.36842105263158,-1.3554216867469826,-24.13793103448276,-14.22319474835887,-22.137404580152676,170.6611570247934,-38.26530612244898,-17.47368421052632,-24.13793103448276,True,68.50995213611111,4.909302712597774,4.748099976494546,12.964268923366241,11.225771715721455,-5.6922731692722,39.1010300697118,-22.460669624848727,3.1369612248294265,4.748099976494546,True,False
MRK,bull_flag,151.90335225499436,142.32000732421875,147.14999389648438,,,,False,,,,,,,19.30180815242888,15.0,15.0,40.12885103899085,0.730001087754681,-3.129199117693403,3.2823559446855133,False,-130.6818181818182,-185.5721393034826,-20.134228187919444,87.09677419354837,,-244.53781512605036,-48.70689655172412,31.818181818181813,-185.5721393034826,True,41.50958170930555,5.067695811717066,4.874750466868449,4.966717869943671,3.716155370114671,1.9710180523148768,-0.6951219512195128,-5.070618198657096,9.300265721877764,3.716155370114671,True,False
PDS,bull_flag,94.58000183105469,85.29000091552734,87.05999755859375,,,,False,,,,,,,19.23432302947092,14.0,14.0,34.522984795145256,0.82444219151217,-7.950945365695475,2.0330768351735253,False,,,,,,,,,,False,40.84283601368056,,,,,,,,,,False,False
TGTX,bull_flag,58.470001220703125,52.5,56.470001220703125,,,,False,,,,,,,18.690035786062786,14.0,10.0,49.10714399753748,0.721875214378816,-3.4205574794683566,7.030283575144739,False,-70.58823529411764,300.0,-12.500000000000199,12050.0,-58.33333333333333,-14.285714285714091,-94.23868312757203,1329.4117647058824,-70.58823529411764,True,45.50925732699074,70.27162977867204,69.55550407096047,78.00434441003836,92.78842141656433,17.283498765359795,6.41000342725393,19.086754602403076,14.56697934083373,69.55550407096047,True,False
NVA,bull_flag,6.360000133514404,5.789999961853027,6.199999809265137,,,,False,,,,,,,18.532819883410557,7.0,4.0,36.458321950502324,0.7869641910184487,-2.515728315886917,6.612900968148661,False,,,,,,,,,,False,,,,,,,,,,,False,False
BE,bull_flag,288.0,257.0899963378906,280.760009765625,,,,False,,,,,,,18.30356647510314,7.0,3.0,0.0,0.8473550254268822,-2.513885498046875,8.430692621607262,False,,65.44129822818347,,,-99.76979281353218,,,,65.44129822818347,False,39.843407977002315,133.78948951018285,36.28098998656175,59.520627975487585,21.377789349547417,-3.411645196146307,50.539320633275594,29.545293951384966,24.116243085616198,21.377789349547417,True,False
NX,bull_flag,21.886225384804245,20.270000457763672,20.540000915527344,,,,False,,,,,,,18.17199123548221,5.0,6.0,44.71462899974984,0.6345779241888992,-6.15101254605371,1.3145104465869977,False,,-84.09090909090908,,,728.5714285714284,,-118.36734693877551,,-84.09090909090908,False,83.84285575572916,10.91036470281428,15.579036306006344,-16.879029423298476,76.66553710606574,8.538239104434364,13.023571887779916,-17.401312003682822,9.457918396032516,-16.879029423298476,True,False
DAVE,bull_flag,394.989990234375,345.0,356.489990234375,,,,False,,,,,,,17.919606320446245,15.0,10.0,49.152849106044,0.7352506179253452,-9.747082445596982,3.223089160742181,False,-20.967741935483875,104.06091370558373,322.01834862385306,21033.333333333336,-87.81094527363183,-12.608695652173918,-27.444794952681395,922.5806451612904,-20.967741935483875,True,47.84328329321759,29.627268380427594,46.708156215560436,62.35719952399841,62.96532560628832,7.814334591639627,-3.2414900959559234,8.622325427102329,14.396199063427373,29.627268380427594,True,False
EZPW,bull_flag,33.869998931884766,29.420000076293945,31.639999389648438,,,,False,,,,,,,17.908787714779173,15.0,11.0,49.275345721753766,0.547587284897265,-6.583996494127539,7.0164328577098605,False,41.17647058823528,84.84848484848484,37.5,74.99999999999977,-21.311475409836067,10.90909090909089,57.14285714285721,2.9411764705881804,37.5,True,61.84322960305556,34.653885607159275,45.88888598701995,19.317550051535125,14.347939745578863,-6.295411977685339,16.97873665969494,13.4216909679852,8.306616802955812,14.347939745578863,True,False
NKTX,bull_flag,3.0799999237060547,2.744999885559082,2.809999942779541,,,,False,,,,,,,17.813767292465556,13.0,6.0,37.500040639525245,0.8414775830678198,-8.766233364111004,2.3131693432051637,False,,,,,,,,,,False,53.842913520787036,,,,,,,,,,False,False
TAYD,bull_flag,62.18000030517578,58.279998779296875,60.56999969482422,,,,False,,,,,,,17.738187365757963,13.0,14.0,27.510922486266466,0.8083168761220826,-2.589257964698897,3.780751076548259,False,-51.69491525423725,23.4375,88.23529411764706,-17.647058823529417,-27.848101265822756,23.4375,-8.571428571428562,-40.677966101694906,-51.69491525423725,True,,-42.45510326547761,5.758415134587058,35.730886884494,-14.628396151579082,-19.85600187448521,-3.7081228790830867,16.98994288364497,-36.26211783521968,-42.45510326547761,True,False
HAFN,bull_flag,9.859999656677246,9.229999542236328,9.720000267028809,,,,False,,,,,,,17.510002183380678,8.0,4.0,10.731951619665862,0.8328803074748946,-1.4198721554075222,5.041159581596009,False,,,,,,,,,,False,61.84312678216435,,,,,,,,,,False,False
BBCP,bull_flag,10.5,9.75,9.800000190734863,,,,False,,,,,,,17.454956877919493,6.0,4.0,43.870982032162814,0.7246999149791312,-6.666664850144159,0.5102060179767605,False,28.57142857142856,,,-43.750000000000014,125.0,,-166.66666666666669,28.571428571428537,-43.750000000000014,False,117.8434402967361,13.135228708886038,14.391858581590245,4.644486594555808,-3.152305944124445,9.30891180544866,19.354088081124775,-17.411445795318915,4.998991068299374,-3.152305944124445,True,False
TARS,bull_flag,83.33999633789062,77.08000183105469,79.02999877929688,,,,False,,,,,,,17.154982102509898,9.0,6.0,46.947170828003664,0.5479154809570882,-5.171583570893685,2.467413613010227,False,,,,,,,,,,False,47.50929267929398,69.40580557179037,106.8730452543563,128.38814600650522,146.67899746456627,7.317313981759166,6.847851887016376,27.7774501461705,15.621468926553671,69.40580557179037,True,False
ROLR,bull_flag,6.71999979019165,6.050000190734863,6.25,,,,False,,,,,,,16.78832250167568,12.0,8.0,38.04346473996828,0.7985350615442,-6.99404471526399,3.1999969482421875,False,,,,,,-172.5,2.564102564102577,,,False,55.84269449784722,-51.57731425616273,-35.20692974013474,-60.5759682224429,-16.431612559872278,-16.547831253713607,5.982367758186391,-49.43480337525872,8.274435442165151,-60.5759682224429,True,False
NUTX,bull_flag,224.27999877929688,208.0,214.32000732421875,,,,False,,,,,,,16.77787803970865,15.0,3.0,28.928806854023147,0.7945369104802072,-4.44087368882112,2.948864832137663,False,,95.79579579579578,-79.79274611398964,,43.865030674846636,178.6324786324786,-69.84536082474226,,-79.79274611398964,False,48.84289109533565,,,,,,,,,,False,False
KB,bull_flag,133.2899932861328,126.94999694824219,129.82000732421875,,,,False,,,,,,,16.575412395933785,15.0,4.0,26.957903375347176,0.813844162974001,-2.6033356866220747,2.2107612186531926,False,,,,,,,,,,False,41.50968868773148,,,,,,,,,,False,False
LB,bull_flag,89.1500015258789,81.75,85.93000030517578,,,,False,,,,,,,16.49681227441293,12.0,12.0,47.00864690886542,0.7066064944366713,-3.6118913803589865,4.864424869464372,False,66.66666666666667,14.999999999999991,,,73.91304347826086,-4.1666666666666625,-7.692307692307699,8.333333333333348,14.999999999999991,False,52.84298833287038,40.6180969011003,16.049691702122825,55.55616438356164,78.43577772317197,31.04597588471718,-10.167670576631792,11.699553422124298,6.938337575999842,16.049691702122825,True,False
IBTA,bull_flag,43.301998138427734,41.41999816894531,41.849998474121094,,,,False,,,,,,,16.41955974075977,11.0,3.0,16.388006802660335,0.7447623072047327,-3.3531932167769516,1.0274798586711582,False,-162.5,-2250.0,-100.98684210526316,-90.19607843137256,,,-160.0,-37.5,-2250.0,True,54.843062502013886,3.3430587360076203,-2.472391042164257,-10.016263468184594,-15.57579014611492,7.785846780548722,-6.826243137609289,6.3247657938986235,-3.2186820723244525,-15.57579014611492,True,False
PPIH,bull_flag,31.100000381469727,29.25,30.209999084472656,,,,False,,,,,,,16.334212278644912,13.0,4.0,38.24884306564531,0.834128201568682,-2.861740469711887,3.177752775788983,False,209.99999999999997,-63.934426229508205,165.21739130434767,148.38709677419354,40.90909090909092,-63.93442622950819,-20.779220779220797,670.0,-63.934426229508205,True,,,,,,11.893800408459976,7.586027111574567,14.258967703501968,,,False,False
NTR,bull_flag,81.44000244140625,76.73500061035156,78.91999816894531,,,,False,,,,,,,16.311238394718263,15.0,6.0,35.20318655285479,0.8252130544257215,-3.094307707411979,2.7686234278874293,False,,,,,,,,,,False,47.8428976912037,,,,,,,,,,False,False
GOLD,bull_flag,48.41999816894531,45.70309692773163,46.869998931884766,,,,False,,,,,,,16.248800085126035,5.0,4.0,19.881297709236886,0.5025512456416601,-3.2011550922665166,2.4896565622904583,False,18.604651162790773,,70.37037037037037,-110.8108108108108,-75.5980861244019,354.34782608695645,,-109.30232558139534,-110.8108108108108,False,48.84312881519676,,,,,20.324105334233632,335.5882352941176,,,,False,False
EFXT,bull_flag,23.079999923706055,21.719999313354492,22.770000457763672,,,,False,,,,,,,16.227184961271245,13.0,4.0,37.50001490115764,0.8115026857447154,-1.3431519365993345,4.611335631533422,False,,,,,,,,,,False,41.8432667899537,,,,,,,,,,False,False
CVI,bull_flag,54.38999938964844,48.689998626708984,54.13999938964844,,,,False,,,,,,,16.172958335049614,9.0,3.0,0.0,0.8492427342376773,-0.4596433219441812,10.066495796786974,False,,,-489.2857142857145,,,,-129.30107526881721,,-489.2857142857145,False,40.84331744116898,,,,,,,,,,False,False
CF,bull_flag,141.66000366210938,130.0,133.82000732421875,,,,False,,,,,,,16.039324908178987,14.0,6.0,42.482969748198066,0.8148341105079786,-5.534375360169241,2.8545860971025405,False,99.57805907172997,115.13513513513512,37.63440860215055,41.29032258064515,18.84422110552766,55.46874999999998,16.894977168949787,-7.594936708860766,37.63440860215055,True,47.84338661059028,17.566137566137563,19.42273000601322,22.83464566929134,21.094890510948904,11.883182275931524,6.08974358974359,12.839059674502717,-12.222222222222223,17.566137566137563,True,True
FLXS,bull_flag,85.51000213623047,78.45999908447266,79.45999908447266,,,,False,,,,,,,15.918711095310156,8.0,14.0,32.624119711165164,0.7946423772411411,-7.07519927565811,1.2584948546713624,False,28.42105263157899,,-27.160493827160504,77.02702702702705,114.03508771929829,-3.3898305084745783,-9.92366412213741,-31.052631578947356,-27.160493827160504,False,31.843191300462962,0.6578775161197425,1.0116519846979921,9.00233216264299,6.184199140442481,0.20846905537459381,-2.641882806619933,7.071777180162808,-3.6401392536492994,0.6578775161197425,True,False
PYXS,bull_flag,3.4719998836517334,3.240000009536743,3.4100000858306885,,,,False,,,,,,,15.878379140307718,14.0,3.0,40.425541628642286,0.5139448772026396,-1.7857085224275875,4.985339355278423,False,,,,,,,,,,False,45.50940744806713,,,,,-82.53437383872166,,,,,False,False
SND,bull_flag,5.46999979019165,4.840000152587891,5.28000020980835,,,,False,,,,,,,15.789482089801666,15.0,15.0,0.0,0.7629282405331899,-3.4734842353009276,8.333334085917201,False,-53.70370370370371,,-70.00000000000004,,,-433.3333333333338,-62.50000000000006,-85.18518518518519,-70.00000000000004,False,54.842639799861104,13.533287366888835,-42.195923180592985,-46.84582625296326,-64.3644390318161,7.974499089253184,8.339582428858971,8.236148489897044,-10.330958400367729,-64.3644390318161,True,False
HPE,bull_flag,62.150001525878906,55.02000045776367,61.040000915527344,,,,False,,,,,,,15.785340598780762,5.0,6.0,48.31880217594442,0.675224149271875,-1.786002547223373,9.862385923117351,False,404.7619047619048,,-29.54545454545454,-87.25490196078431,140.9090909090909,41.93548387096775,138.46153846153854,-38.095238095238116,-87.25490196078431,False,76.84308863313657,32.95819935691318,39.10428662827896,18.10945273631841,14.328703703703694,14.110937356268982,14.479780960404387,-3.867179591010328,5.873526259378359,14.328703703703694,True,False
MRNA,high_tight_flag,161.95989990234375,130.3800048828125,158.07000732421875,,,,False,,,,,,,186.4277804014937,18.0,11.0,23.79244947549339,0.36437135395534065,-2.40176276996372,17.517556246208713,False,,,,-1800.0,,,,,-1800.0,False,48.50958432987269,2.1126760563380254,260.18518518518516,-29.81366459627329,-45.43501611170784,-62.724935732647815,-42.62536873156342,-33.26771653543307,615.4929577464789,-45.43501611170784,True,False
RCEL,high_tight_flag,11.25,9.600000381469727,11.220000267028809,,,,False,,,,,,,183.54429554584,39.0,8.0,22.068958350509064,0.5127140822845707,-0.266664293077257,14.438501310197182,False,,,,,,,,,,False,48.84272935018519,17.90299572039944,4.0327421555252485,-4.288381287063469,-12.875116015262456,12.72031053294167,9.368366703000408,3.1603243179262552,-7.2917809722374605,-12.875116015262456,True,False
REPL,high_tight_flag,16.329999923706055,12.399999618530273,12.869999885559082,,,,False,,,,,,,174.95327664229626,19.0,17.0,24.679491310534438,0.26695552591075455,-21.18799788311165,3.651905759192565,False,,,,,,,,,,False,48.50939608518519,,,,,,,,,,False,False
HELP,high_tight_flag,14.350000381469727,11.109999656677246,14.020000457763672,,,,False,,,,,,,170.35293579101562,40.0,25.0,5.248620531133384,0.8465783429854501,-2.2996509751469154,20.75606780365683,False,,,,,,,,,,False,55.50977611677083,,,,,,,,,,False,False
AGEN,high_tight_flag,8.729999542236328,6.659999847412109,7.21999979019165,,,,False,,,,,,,161.4583302289249,37.0,21.0,18.709684829103104,0.153787437078806,-17.29667618811658,7.756232119844371,False,,,,,-100.98039215686273,1033.3333333333294,-95.36082474226802,,,False,48.51019363642361,34.358335603907975,40.18116845341977,27.45090732943325,20.400605288308384,2.3179985771875744,-1.3682610221026792,13.127170497767482,17.687127787941304,20.400605288308384,True,False
QMCO,high_tight_flag,26.389999389648438,21.799999237060547,24.940000534057617,,,,False,,,,,,,157.60415166202577,36.0,8.0,19.365502099785477,0.5798514249946193,-5.494501285057199,12.590221450513367,False,,,,,,,,,,False,52.842740066990736,25.692996920013698,27.310121933303954,8.59297653019626,-12.709127856804836,3.601559094289297,4.569222106025261,18.92848600813202,-2.4437669165914833,-12.709127856804836,True,False
CAPR,high_tight_flag,11.0,8.180000305175781,9.420000076293945,,,,False,,,,,,,149.09091922440268,20.0,13.0,24.564456210857717,0.3003761758358617,-14.363635670055041,13.163479416934463,False,,,,,,,,,,False,53.843386584097225,-7.921690517003965,-63.4382475774409,1.3777014586210834,64.29114312270147,392.14278829275366,-43.0523150556549,-19.06383632603793,-59.40733891022807,-63.4382475774409,True,False
ENTX,high_tight_flag,3.559999942779541,2.680000066757202,3.0299999713897705,,,,False,,,,,,,143.2203400960362,40.0,24.0,11.242593240889464,0.09800497896298997,-14.887639885071527,11.551152077141237,False,133.33333333333334,16.666666666666675,0.0,-12.49999999999999,100.0,16.666666666666675,-14.285714285714302,16.666666666666675,-12.49999999999999,True,56.8432273903125,,-100.0,-100.0,-100.0,,,,,-100.0,False,False
OABI,high_tight_flag,4.534999847412109,3.890000104904175,4.440000057220459,,,,False,,,,,,,122.0512727089106,27.0,8.0,18.487388307651745,0.5845515378646776,-2.0948135256467952,12.3873861537875,False,,,,,,,,,,False,47.84285620946759,244.23915832691816,247.30380356283098,-22.473158089596446,-46.332694151486095,-7.014625355236714,72.24212034383955,274.09557838320677,-42.54554785732615,-46.332694151486095,True,False
ABCL,high_tight_flag,13.180000305175781,10.319999694824219,12.729999542236328,,,,False,,,,,,,120.38094656808033,28.0,9.0,19.77848196770786,0.47565239976543916,-3.4142697459782148,18.931656984087645,False,,,,,,,,,,False,48.843526877337965,-76.29360805431983,96.3400236127509,788.373935432759,37.6210235131397,-51.2928442573662,-81.46207696080617,400.88218872138464,-47.58253336455163,-76.29360805431983,True,False
OMER,high_tight_flag,19.649999618530273,16.5,18.450000762939453,,,,False,,,,,,,114.87888116294145,38.0,19.0,21.385535708403903,0.692750468162939,-6.106864523596232,10.569109389179122,False,,,,,-75.80645161290323,-56.64335664335665,,,,False,55.84283657152778,-4.916011198506864,-65.6767165111196,-100.0,-100.0,188.37561912463357,,,-100.0,-100.0,True,False
BOLD,high_tight_flag,3.1640000343322754,2.759999990463257,2.799999952316284,,,,False,,,,,,,104.28571027152387,40.0,21.0,6.849308916765538,0.046963337573169936,-11.504427246089113,1.4285700905079517,False,,,-105.74018126888218,,,,,,-105.74018126888218,False,,,,,,,,,,,False,False
AMLX,high_tight_flag,35.474998474121094,31.3700008392334,33.939998626708984,,,,False,,,,,,,104.11281283262332,31.0,13.0,19.018062116700452,0.5206102426331259,-4.326990594606754,7.572179998419721,False,,,,,,,,,,False,48.51014913024305,,-100.0,,-100.0,,,,,-100.0,False,False
RNG,high_tight_flag,76.43000030517578,67.97000122070312,74.77999877929688,,,,False,,,,,,,103.17463861885243,31.0,9.0,21.63677583325996,0.5986893664761637,-2.1588401403776643,9.106709908745175,False,221.4285714285714,,,,28.57142857142858,34.61538461538463,36.842105263157876,35.7142857142857,221.4285714285714,False,48.842679524803245,5.901534176448031,5.251643640451209,4.803974535891897,4.909940617479647,1.9888264340677253,0.025775076742950986,0.8420821883489582,2.9427883390984455,4.803974535891897,True,False
SLN,high_tight_flag,15.279999732971191,12.100000381469727,12.699999809265137,,,,False,,,,,,,102.95857695996288,40.0,23.0,23.275860297127096,0.6410510530970043,-16.88481654969489,4.7244050142243905,False,,,-212.49999999999991,,,,,,-212.49999999999991,False,48.50933821528935,-100.0,197.1830985915493,-99.86563920173879,-89.38584779706275,-100.0,1141.1764705882354,-78.61635220125787,-29.01785714285714,-100.0,True,False
A,rainbow_convergence,156.33999633789062,146.8777280880762,156.33999633789062,3.271212791254007,2.0,True,True,,,,,,,,,,,,0.0,6.052365659113905,True,8.47457627118644,59.999999999999986,-3.603603603603611,24.39024390243909,6.666666666666665,12.149532710280365,-30.065359477124186,29.661016949152575,-3.603603603603611,True,68.8435264996875,8.055235903337167,10.011990407673865,6.960142772159439,9.406231628453842,2.3433242506812,2.057842046718572,-3.3852767329392797,7.077100115074808,6.960142772159439,True,False
AAPL,rainbow_convergence,337.0,318.9482549500213,337.0,3.981816556646466,14.0,True,True,,,,,,,,,,,,0.0,5.356600905038192,True,28.6624203821656,21.818181818181802,18.333333333333336,89.69072164948457,0.4975124378109541,-29.225352112676063,54.347826086956516,17.19745222929936,18.333333333333336,True,41.84352587672454,16.356501765281383,16.59518241592299,15.652453740949323,7.938480985989682,-1.5892574471146892,-22.65783689028632,40.29629340464154,8.964651835467263,7.938480985989682,True,False
ABBV,rainbow_convergence,264.0199890136719,254.8758830936474,264.0199890136719,2.540302617587124,4.0,True,True,,,,,,,,,,,,0.0,3.4634142491199684,True,290.38461538461536,-45.83333333333333,,-88.63636363636364,420.51282051282044,-61.764705882352935,919.9999999999998,-80.76923076923077,-88.63636363636364,False,41.51019390152778,7.313606409096773,17.741243745532522,19.210829493087566,21.352095442031207,0.8377853326857698,-0.5073689296931638,4.335770103352665,2.51970538829307,7.313606409096773,True,False
ADM,rainbow_convergence,88.08999633789062,82.64759050880052,88.08999633789062,4.486072686648028,13.0,True,True,,,,,,,,,,,,0.0,6.178233687528415,True,315.5555555555556,1.6393442622950838,-21.48760330578513,450.0,201.61290322580646,-34.73684210526316,331.8181818181818,-51.11111111111111,-21.48760330578513,True,46.510194434039356,0.7096672449140584,-0.1138952164009166,-3.5839439311882715,7.1476285905143655,4.023456589021013,1.4207830827688728,-5.657730673316708,1.1827787415234159,-3.5839439311882715,True,False
AEG,rainbow_convergence,9.109999656677246,8.952349330637198,9.109999656677246,1.2795802229406863,1.0,True,True,,,,,,,,,,,,0.0,1.7305195607169703,True,,,,,,,,,,False,153.51019457972222,,,,,,,,,,False,False
AES,rainbow_convergence,14.850000381469727,14.729978597293194,14.850000381469727,0.596178874645047,12.0,True,True,,,,,,,,,,,,0.0,0.8082274821103691,True,,871.4285714285713,-31.818181818181813,25.35211267605635,-11.764705882352954,51.11111111111113,-49.43820224719102,,-31.818181818181813,False,47.84352618532407,19.85989492119089,8.6807928913192,4.692775151924367,1.8850714502888444,7.61006289308177,2.5475653015156308,-7.460459564309163,17.37302977232924,1.8850714502888444,True,False
AGM,rainbow_convergence,223.2899932861328,218.9819633888395,223.2899932861328,1.7704786374426513,0.0,False,False,,,,,,,,,,,,0.0,1.92934301886643,False,20.75892857142856,18.45386533665836,-20.12987012987012,15.025906735751304,13.89473684210527,28.726287262872585,-16.891891891891873,-0.8928571428571397,-20.12987012987012,True,46.843526899386575,,,,,,,,,,False,False
AIZ,rainbow_convergence,283.80999755859375,280.7109090984043,283.80999755859375,1.0615342415483742,3.0,True,True,,,,,,,,,,,,0.0,1.0919588763076107,True,30.482456140350898,91.16607773851591,13.212435233160601,102.74509803921568,9.981515711645095,23.7986270022883,-15.473887814313326,13.377192982456144,13.212435233160601,True,46.84352709320602,9.365501519756837,11.258945998698767,7.910332388559649,8.88903864945918,0.9970468699745716,2.0803486150907435,3.6794058486770753,2.314463019250246,7.910332388559649,True,False
AMD,rainbow_convergence,545.0900268554688,492.0060931583716,545.0900268554688,4.848901957072086,7.0,True,True,,,,,,,,,,,,0.0,9.738562637685614,True,155.55555555555554,90.90909090909089,206.6666666666666,59.5744680851064,64.28571428571428,-8.695652173913038,22.666666666666657,38.888888888888886,59.5744680851064,True,46.84348666943287,50.11060507482108,37.84619521376713,34.10812222512405,35.5917289925209,12.513410709060757,-0.16553067185978154,11.075059485182791,20.31229668184775,34.10812222512405,True,True
AMN,rainbow_convergence,34.54999923706055,33.709469291541694,34.54999923706055,1.8236700269896366,2.0,True,True,,,,,,,,,,,,0.0,2.4327929495791314,True,,,,322.22222222222223,-66.66666666666667,,-125.0,,322.22222222222223,False,48.8434861650926,2.288449120674585,99.89775688763265,1.83963991185625,-7.710880875741266,-51.15669987760826,84.21744796017241,17.92430527536817,-3.597675390283739,-7.710880875741266,True,False
AMTB,rainbow_convergence,29.579999923706055,28.5183155127843,29.579999923706055,3.3457450343810238,11.0,True,True,,,,,,,,,,,,0.0,3.58919680074406,True,-3.6363636363636376,57.14285714285714,-84.90566037735852,,20.45454545454546,450.0000000000011,-77.14285714285718,-36.363636363636374,-84.90566037735852,False,39.84347847640046,,,,,,,,,,False,False
ANET,rainbow_convergence,199.52999877929688,189.01672137246283,199.52999877929688,3.4538584253848663,2.0,True,True,,,,,,,,,,,,0.0,5.269020934773294,True,35.71428571428572,25.0,17.46031746031751,15.517241379310365,18.74999999999998,8.108108108108091,10.44776119402988,-4.2857142857142705,15.517241379310365,True,46.843487765682866,37.68595791001452,35.125698324022345,28.871773673026844,27.46700535645259,12.059800664451824,8.891389983117604,7.776285578131081,4.694303338171268,27.46700535645259,True,False
ARW,rainbow_convergence,215.02000427246094,211.71398072492732,215.02000427246094,1.2990623870423177,8.0,True,True,,,,,,,,,,,,0.0,1.5375423132000363,True,46.518105849582184,201.3245033112583,100.0,11.170212765957444,15.604395604395593,21.657754010695186,78.94736842105266,-41.78272980501393,11.170212765957444,True,41.51011427444445,31.824628852945814,39.03029593263416,20.095808291146476,13.032103584780375,5.475129275747581,8.313311831227143,13.405296646072928,1.7492734447879466,13.032103584780375,True,False
AUPH,rainbow_convergence,16.959999084472656,16.103981706206962,16.959999084472656,3.0405516919649878,4.0,True,True,,,,,,,,,,,,0.0,5.04727254996966,True,75.00000000000003,56.25,,129.99999999999997,12.00000000000001,-83.55263157894737,560.8695652173913,43.75,56.25,False,52.51010733449074,18.87212889955434,24.397662691107016,28.808859638866146,8.406250461111675,7.097355382536508,0.7663978006587691,4.962704851091626,4.942292309450358,8.406250461111675,True,False
AVBC,rainbow_convergence,22.190000534057617,21.702157829248808,22.190000534057617,1.7932079807366708,2.0,True,True,,,,,,,,,,,,0.0,2.198479914680756,True,,,,,21.875,,,,,False,54.843455004282404,,,,,,,,,,False,False
BBY,rainbow_convergence,94.55999755859375,86.39005222483969,94.55999755859375,6.781133621944142,10.0,True,True,,,,,,,,,,,,0.0,8.639959332371578,True,70.11494252873563,37.89473684210527,365.45454545454527,-47.61904761904761,12.977099236641209,-48.828125,287.8787878787879,-24.13793103448275,-47.61904761904761,True,67.51008176711805,3.6130536130536184,1.9276833580472275,-0.9607112130771478,2.4033880359978887,9.433751119068944,-35.31200231649052,42.82464846980976,2.4793388429751984,-0.9607112130771478,True,False
BCAL,rainbow_convergence,21.899999618530273,21.394448474182582,21.899999618530273,2.054888934695994,11.0,True,True,,,,,,,,,,,,0.0,2.3084527541266673,True,2.3255813953488413,-19.23076923076924,-7.407407407407396,,4.761904761904767,-16.000000000000004,4.166666666666674,11.627906976744185,-19.23076923076924,False,40.51009451703704,,,,,,,,,,False,False
BE,rainbow_convergence,280.760009765625,239.17380671767185,280.760009765625,10.705099916856929,9.0,True,True,,,,,,,,,,,,0.0,14.812010828276007,False,,65.44129822818347,,,-99.76979281353218,,,,65.44129822818347,False,39.843407977002315,133.78948951018285,36.28098998656175,59.520627975487585,21.377789349547417,-3.411645196146307,50.539320633275594,29.545293951384966,24.116243085616198,21.377789349547417,True,False
BFH,rainbow_convergence,108.20999908447266,106.30647704775542,108.20999908447266,1.501875813636253,4.0,True,True,,,,,,,,,,,,0.0,1.759099947160406,True,20.74829931972788,49.280575539568375,1412.4999999999995,7819.999999999999,-14.457831325301218,242.97520661157,-69.44444444444441,34.6938775510204,20.74829931972788,True,34.51006071824074,697.0246734397679,724.7145187601957,546.4477611940299,-34.02523402523403,8.624270596380178,-6.621721462874031,567.9827267119063,17.634252539912907,-34.02523402523403,True,False
BIIB,rainbow_convergence,219.0500030517578,213.07889303695384,219.0500030517578,1.8815531432649297,1.0,True,True,,,,,,,,,,,,0.0,2.725911861043479,True,31.09756097560976,-119.2307692307693,19.172932330827063,8.250000000000002,,-111.04100946372245,-26.78983833718245,164.02439024390247,-119.2307692307693,True,40.51005768160879,1.9251336898395754,-7.141402208009129,2.794224997972261,7.326869244188394,8.704044924102838,-10.072197893241807,-4.188244188244184,8.823529411764696,-7.141402208009129,True,False
BST,rainbow_convergence,47.970001220703125,46.66880914305972,47.970001220703125,2.0855242636939573,1.0,True,True,,,,,,,,,,,,0.0,2.712512079490696,True,,,,,,,,,,False,,,,,,,,,,,False,False
BZH,rainbow_convergence,33.33000183105469,32.59534477343362,33.33000183105469,2.145512842184295,0.0,False,False,,,,,,,,,,,,0.0,2.204191470930452,False,,-107.14285714285714,-1230.0,-40.23668639053256,,,-211.8811881188119,,-1230.0,False,55.51005574524306,-5.328705257193778,-27.504382326356403,-22.48882084132099,-1.7690102548262976,25.97561035120508,12.752722900979663,-54.098644266418816,45.204238613630835,-27.504382326356403,True,False
CNC,rainbow_convergence,67.0999984741211,65.42450000288156,67.0999984741211,2.1920302997343826,11.0,True,True,,,,,,,,,,,,0.0,2.49701715252011,True,,18.250950570342205,-441.26984126984155,-1092.6470588235293,-29.581993569131836,,,,-1092.6470588235293,False,39.50999091450232,4.492900369698827,5.09779001623949,23.228454926162655,21.67809425729694,-0.6270294479901461,-0.16097659132068287,-0.3808632901242781,5.724444863070155,4.492900369698827,True,False
CNO,rainbow_convergence,55.56999969482422,54.29377930988415,55.56999969482422,2.1465364740882316,4.0,True,True,,,,,,,,,,,,0.0,2.2965995896144205,True,46.15384615384617,85.71428571428572,-40.50632911392407,166.66666666666666,241.02564102564102,-58.51063829787233,291.6666666666666,-73.62637362637363,-40.50632911392407,True,45.843325725613425,11.61094224924013,2.5395876904690695,4.183375865840322,5.231940509915023,24.825174825174834,-9.92914005773773,-3.836123496256416,3.2305688232739938,2.5395876904690695,True,False
CNXN,rainbow_convergence,86.45999908447266,81.27687465532566,86.45999908447266,5.2402842149966,11.0,True,True,,,,,,,,,,,,0.0,5.994823599388445,True,35.05154639175259,33.33333333333335,5.128205128205066,-4.90196078431373,92.64705882352942,-17.0731707317073,-15.463917525773208,0.0,-4.90196078431373,True,40.843323753969905,12.41330379508565,2.9698479129757427,-0.8404606028802442,-2.159325640215426,18.30395114882817,2.69255226982712,-0.8643740797779631,-6.663876065726548,-2.159325640215426,True,False
COKE,rainbow_convergence,198.97000122070312,191.06628277558704,198.97000122070312,3.20538889609953,5.0,True,True,,,,,,,,,,,,0.0,3.972316628952048,True,,-48.698884758364315,,,-178.2608695652174,-15.85365853658537,,,-48.698884758364315,False,40.84332491576389,10.611640193390626,16.87942292830844,9.032204501014895,6.947291991853444,11.141797009532839,-3.0234602534761845,0.8433435699620295,1.7675917088426418,6.947291991853444,True,False
CRON,rainbow_convergence,3.369999885559082,3.1507492904550713,3.369999885559082,3.731978690312258,1.0,True,True,,,,,,,,,,,,0.0,6.505952597907494,True,,100.0,-108.33333333333333,250.00000000000006,125.0,,-114.28571428571428,,-108.33333333333333,False,48.50999161203704,58.4426842026603,40.133903663753024,46.96214646381307,6.055918748540745,17.246184472461845,1.5247804899957362,22.543273067503232,8.62053504707816,6.055918748540745,True,False
CTKB,rainbow_convergence,5.210000038146973,4.643698203213843,5.210000038146973,5.831345579497225,4.0,True,True,,,,,,,,,,,,0.0,10.869516905695551,False,,,,,,,-100.0,,,False,47.84332400024305,5.56554537081706,6.459705236751323,8.116431206068619,1.5398058252427127,9.074430723915249,-28.97603836436491,18.83234849788691,14.67260207885619,1.5398058252427127,True,False
CUE,rainbow_convergence,37.84000015258789,29.10520015265872,37.84000015258789,11.823351655660998,7.0,True,True,,,,,,,,,,,,0.0,23.083509420471803,False,,,,,,-114.5748987854251,,,,False,,166.65538253215976,1250.5938242280286,1292.258883248731,-35.58153477218225,38.53323953570171,-74.08622732658827,921.0330386226152,-27.251184834123222,-35.58153477218225,True,False
CYRX,rainbow_convergence,16.780000686645508,15.741579423650753,16.780000686645508,3.407610244174708,3.0,True,True,,,,,,,,,,,,0.0,6.188445890953926,True,-109.38967136150235,,,,,,,-108.4507042253521,-109.38967136150235,False,46.84328555115741,7.737492849914207,16.466861598440552,-59.80295043690522,15.439622099851235,2.454077576467628,5.166116611661176,2.75133949766011,-2.686232234786823,-59.80295043690522,True,False
DAR,rainbow_convergence,66.48999786376953,64.17519493783234,66.48999786376953,2.8240450636038474,13.0,True,True,,,,,,,,,,,,0.0,3.4814302907332855,True,2912.5,,-44.44444444444443,9.090909090909083,190.36144578313255,137.1428571428571,191.66666666666669,50.0,-44.44444444444443,False,41.509951620300924,16.372396420428224,12.329982601691736,20.604319835112396,9.991975474913328,11.17195343627666,-9.298051993245993,9.324563321709034,5.565102820215473,9.991975474913328,True,False
DE,rainbow_convergence,685.6300048828125,644.5270719612889,685.6300048828125,5.160057861548175,13.0,True,True,,,,,,,,,,,,0.0,5.9949145499472225,True,7.36842105263158,-1.3554216867469826,-24.13793103448276,-14.22319474835887,-22.137404580152676,170.6611570247934,-38.26530612244898,-17.47368421052632,-24.13793103448276,True,68.50995213611111,4.909302712597774,4.748099976494546,12.964268923366241,11.225771715721455,-5.6922731692722,39.1010300697118,-22.460669624848727,3.1369612248294265,4.748099976494546,True,False
DGX,rainbow_convergence,247.4499969482422,234.57354095447468,247.4499969482422,3.779565365652565,3.0,True,True,,,,,,,,,,,,0.0,5.203659790895373,True,14.979757085020218,15.463917525773208,11.794871794871774,8.5427135678392,26.785714285714256,2.7522935779816793,0.9259259259259078,-12.550607287449388,8.5427135678392,True,32.509952203171295,10.314875135722046,9.032743695897638,6.887366818873675,12.89547456948339,5.2122885743872915,3.132787468850129,-0.3547357218871894,2.0267824828085423,6.887366818873675,True,False
ECPG,rainbow_convergence,100.18000030517578,96.85577093968118,100.18000030517578,2.5441863666309583,4.0,True,True,,,,,,,,,,,,0.0,3.318256493679464,True,12.851405622489942,100.0,,151.58730158730157,-27.2020725388601,16.265060240963834,4.731861198738185,27.30923694779115,12.851405622489942,False,47.843269588541666,-18.260089686098656,-8.466758327050162,4.097442143727159,-2.6216406112770096,-11.677488128694646,-3.407282598521011,-3.6482525366403618,-0.5605381165919243,-18.260089686098656,True,False
EGBN,rainbow_convergence,28.209999084472656,27.810443614258705,28.209999084472656,1.0095714041203736,3.0,True,True,,,,,,,,,,,,0.0,1.4163611598054748,True,,700.0,-117.64705882352939,-408.33333333333337,-52.08333333333333,,,,-408.33333333333337,False,33.8432617830324,,,,,,,,,,False,False
EMBJ,rainbow_convergence,74.55000305175781,72.26377314336594,74.55000305175781,2.873977550659054,0.0,False,False,,,,,,,,,,,,0.0,3.066706659696062,False,,,,,,,,,,False,53.5098942793287,,,,,,,,,,False,False
EPRX,rainbow_convergence,8.380000114440918,7.292095414868724,8.380000114440918,10.692987173339255,11.0,True,True,,,,,,,,,,,,0.0,12.982156142187296,False,,,,,,,,,,False,46.84323319297454,,,,,,,,,,False,False
ESP,rainbow_convergence,65.0999984741211,62.56200537064659,65.0999984741211,2.107528800806484,6.0,True,True,,,,,,,,,,,,0.0,3.898607009159029,True,57.14285714285714,39.43661971830987,24.590163934426236,46.57534246575344,0.0,30.263157894736835,-28.971962616822434,69.84126984126986,24.590163934426236,True,,,,,,,,,,,False,False
EWTX,rainbow_convergence,46.939998626708984,42.950723763556915,46.939998626708984,4.808829871500396,5.0,True,True,,,,,,,,,,,,0.0,8.498668470096973,True,,,,,,,,,,False,48.509883042604166,,,,,,,,,,False,False
EXEL,rainbow_convergence,58.4900016784668,55.59707264964071,58.4900016784668,3.0900562753570027,12.0,True,True,,,,,,,,,,,,0.0,4.946023159187438,True,26.15384615384615,43.636363636363626,89.36170212765953,72.49999999999999,3.797468354430378,-11.235955056179737,28.985507246376784,6.153846153846132,26.15384615384615,True,39.84321274878472,10.63402204268813,9.96764767835636,5.62994592019479,10.789336140652628,2.926923505104684,2.0293554136467495,0.15190169885654914,5.190220690844516,5.62994592019479,True,False
FBLA,rainbow_convergence,16.09000015258789,15.685823521952013,16.09000015258789,2.2746028280327715,10.0,True,True,,,,,,,,,,,,0.0,2.5119740634114924,True,-100.0,-75.0,,,-100.0,,-233.33333333333331,19.999999999999996,-100.0,False,41.84323002643519,,,,,11.523502276359032,-1.5932826964158542,9.293728516765022,,,False,False
FFIV,rainbow_convergence,434.6199951171875,403.0180818426913,434.6199951171875,4.566460005674101,5.0,True,True,,,,,,,,,,,,0.0,7.2711595484637845,True,11.384615384615394,4.0322580645161255,9.929078014184412,16.487455197132572,40.31007751937985,-16.774193548387096,-4.61538461538461,0.0,4.0322580645161255,True,38.84319175853009,10.854722759716552,11.020990996043079,7.302909761262066,8.493130871036092,6.575951706295435,-1.308870286273578,1.527608043550721,3.8084498378974097,7.302909761262066,True,False
FIRY,rainbow_convergence,10.289999961853027,9.707042397484258,10.289999961853027,4.85921386514616,4.0,True,True,,,,,,,,,,,,0.0,5.665282473565624,True,,,,,,,,,,False,55.84319141126157,22.91584040612358,32.91775129013106,68.87625907377188,11.439504966617807,6.483422092423985,-3.018893072540063,9.633228611090816,8.566669310700403,11.439504966617807,True,False
FLNG,rainbow_convergence,32.52000045776367,30.85276556806509,32.52000045776367,4.010356464886808,14.0,True,True,,,,,,,,,,,,0.0,5.126798481641941,True,,,,,,,,,,False,70.50985909356481,,,,,,,,,,False,False
FROG,rainbow_convergence,93.9800033569336,89.55076558934176,93.9800033569336,3.22311720015284,3.0,True,True,,,,,,,,,,,,0.0,4.712957660545829,True,,,,,,,,,,False,48.843190787858795,28.731331551642825,25.79100868414388,25.17962059994141,25.538255575117375,6.361339680601641,5.967406714106782,6.1348214481363295,7.614368809935534,25.17962059994141,True,False
FSLY,rainbow_convergence,24.56999969482422,23.023624365794706,24.56999969482422,3.6135275819404824,3.0,True,True,,,,,,,,,,,,0.0,6.293753961076619,True,,,,,,,,,,False,47.84319277784722,23.27229690200323,19.75926464277309,22.78647593168255,15.317843243006868,5.950722744637926,0.2369476050332553,9.094126644040369,6.39772979443074,15.317843243006868,True,False
FTK,rainbow_convergence,30.600000381469727,26.550187100752208,30.600000381469727,5.604424946211432,3.0,True,True,,,,,,,,,,,,0.0,13.234683758925513,False,420.0,-29.41176470588236,-40.00000000000002,562.5,116.6666666666667,33.33333333333337,-83.01886792452831,960.0,-40.00000000000002,True,46.84317147907407,70.29477292202229,26.532639716773243,33.02401639182773,12.643239113827342,41.849509642974404,3.7500555399220925,20.502935874783603,-3.974293059125966,12.643239113827342,True,False
FTNT,rainbow_convergence,172.5800018310547,159.5516304398557,172.5800018310547,5.5583027007528045,4.0,True,True,,,,,,,,,,,,0.0,7.549177919208142,True,43.85964912280702,28.57142857142856,-1.4705882352940902,-11.428571428571422,13.888888888888884,7.462686567164178,8.064516129032251,8.771929824561408,-11.428571428571422,True,47.84316285097223,25.638036809815958,20.127297525491983,14.752123366062285,14.375704528877398,10.721237024221452,-2.9081364829396272,10.441184996231655,5.822085889570561,14.375704528877398,True,False
FTRE,rainbow_convergence,20.280000686645508,18.15620367732356,20.280000686645508,5.407868879789173,2.0,True,True,,,,,,,,,,,,0.0,10.47237148626173,False,,,,,,,,,,False,48.50983468243056,-4.519217232155426,-2.2723783202825087,-5.236728837876614,3.9116906208327196,6.551453260015716,-3.6336109008327067,-5.8177670041351774,-1.2670702520061972,-5.236728837876614,True,False
GASS,rainbow_convergence,9.680000305175781,9.23983925249247,9.680000305175781,2.0100306924266484,1.0,True,True,,,,,,,,,,,,0.0,4.547118169489756,True,,,,,,,,,,False,68.5098106253125,,,,,,,,,,False,False
GEO,rainbow_convergence,32.13999938964844,30.976988767589617,32.13999938964844,1.9380034210998276,1.0,True,True,,,,,,,,,,,,0.0,3.618576988627447,True,71.42857142857142,107.14285714285711,64.28571428571428,552.6315789473684,24.13793103448276,26.086956521739136,-81.45161290322581,490.4761904761905,64.28571428571428,True,48.50980936018518,15.07508225015679,16.632183736957273,16.56552359639307,13.134259067357522,3.8086365395986643,-0.44876283187839094,3.8178857785183595,7.257819856044545,13.134259067357522,True,False
GFR,rainbow_convergence,6.659999847412109,6.327882223503995,6.659999847412109,4.029236091581707,5.0,True,True,,,,,,,,,,,,0.0,4.986751223983381,True,,,,,,,,,,False,46.80148189862268,,,,,,,,,,False,False
GGB,rainbow_convergence,5.099999904632568,4.78104979146799,5.099999904632568,5.0635127880729875,11.0,True,True,,,,,,,,,,,,0.0,6.253923904485976,True,,,,,,,,,,False,38.84314681315973,,,,,,,,,,False,False
GH,rainbow_convergence,183.10000610351562,161.4645832946023,183.10000610351562,6.888339642577962,4.0,True,True,,,,,,,,,,,,0.0,11.816178092687625,False,,,,,,,,,,False,40.84313315740741,44.332322222605214,48.259457121653696,39.3689238605845,38.500908730075835,11.043044436709604,7.252565187402671,6.059669074948348,14.265278687394446,38.500908730075835,True,False
GOLD,rainbow_convergence,46.869998931884766,43.77464155922459,46.869998931884766,5.906332601806303,9.0,True,True,,,,,,,,,,,,0.0,6.604133653082851,True,18.604651162790773,,70.37037037037037,-110.8108108108108,-75.5980861244019,354.34782608695645,,-109.30232558139534,-110.8108108108108,False,48.84312881519676,,,,,20.324105334233632,335.5882352941176,,,,False,False
GSAT,rainbow_convergence,82.5199966430664,81.80945284736455,82.5199966430664,0.40973719285355625,1.0,True,True,,,,,,,,,,,,0.0,0.8610565009778809,True,-276.9230769230769,,,-116.66666666666667,,,,-107.6923076923077,-276.9230769230769,False,48.50978523758102,-3.538452373860723,16.711087420042638,17.62753976167515,2.127041641888061,-7.55309431377027,-2.6361501368797002,-2.551289863904127,9.973491392148691,-3.538452373860723,True,False
HAFC,rainbow_convergence,32.22999954223633,31.649920002837625,32.22999954223633,1.3004205301767855,6.0,True,True,,,,,,,,,,,,0.0,1.799812434494541,True,58.00000000000001,29.31034482758621,20.68965517241377,48.979591836734706,5.3333333333333455,7.142857142857184,-4.109589041095929,46.0,20.68965517241377,True,32.843122024733795,5.394402646763896,7.292302946166895,9.553372235376,10.873724088454818,0.9390778290222723,-1.3591241704010493,0.05959644691659882,5.7894958058879675,5.394402646763896,True,False
IBRX,rainbow_convergence,8.460000038146973,7.910187388186824,8.460000038146973,3.2147188523698564,4.0,True,True,,,,,,,,,,,,0.0,6.498967464314298,True,,,,,,,,,,False,46.50972110238426,93.90728476821192,167.6394018284192,406.9518008474576,425.0736980019653,15.911867167352845,15.465587044534423,19.412993980225203,21.328287606433307,93.90728476821192,True,False
IGR,rainbow_convergence,12.380000114440918,6.8553931731552,12.380000114440918,41.237352589018414,7.0,True,True,,,,,,,,,,,,0.0,44.62525759463784,False,,,,,,,,,,False,,,,,,,,,,,False,False
IHS,rainbow_convergence,8.449999809265137,8.364990941069811,8.449999809265137,0.9657341817569748,14.0,True,True,,,,,,,,,,,,0.0,1.0060221315285272,True,,,,,,,,,,False,53.50972012096065,,,,,,,,,,False,False
KB,rainbow_convergence,129.82000732421875,122.81306145647032,129.82000732421875,5.147627007129682,14.0,True,True,,,,,,,,,,,,0.0,5.39743142229914,True,,,,,,,,,,False,41.50968868773148,,,,,,,,,,False,False
KODK,rainbow_convergence,9.739999771118164,9.274508418374186,9.739999771118164,1.4215608114969922,1.0,True,True,,,,,,,,,,,,0.0,4.7791721117313655,True,,,-654.5454545454544,-153.33333333333331,,,,,-654.5454545454544,False,48.84301390872685,18.250950570342205,7.287449392712553,9.022556390977442,3.065134099616862,17.35849056603773,-8.62068965517241,7.806691449814118,2.281368821292773,3.065134099616862,True,False
LQDT,rainbow_convergence,43.18000030517578,41.265231933269014,43.18000030517578,3.8047384722585655,5.0,True,True,,,,,,,,,,,,0.0,4.434387119902945,True,39.13043478260869,4.545454545454541,27.77777777777779,19.999999999999996,39.13043478260869,0.0,-4.1666666666666625,4.347826086956519,4.545454545454541,True,62.509628465914346,8.094264859228373,3.7439312567132177,-0.9090091636625219,10.437962348144069,7.326972136633203,-0.40175220056262173,2.651412505927775,-1.490719499478621,-0.9090091636625219,True,False
LTC,rainbow_convergence,43.5,40.95550435300668,43.5,4.809924720216661,12.0,True,True,,,,,,,,,,,,0.0,5.849415280444411,True,75.00000000000003,6.666666666666665,476.31578947368433,-166.66666666666666,16.666666666666675,-78.08219178082192,,-237.5,-166.66666666666666,True,46.84296068737268,64.10856573705179,94.59321653647692,60.30770986269065,24.21347005360055,3.613839075159042,13.189707330383316,21.652475104632707,15.023240371845947,24.21347005360055,True,False
LXP,rainbow_convergence,60.869998931884766,59.96584306546021,60.869998931884766,1.433112487094918,0.0,False,False,,,,,,,,,,,,0.0,1.4853883395600656,False,-106.38297872340425,-110.00000000000001,745.4545454545457,500.0,,-103.2258064516129,675.0000000000002,-74.46808510638299,-110.00000000000001,True,41.50962678886574,-0.6153846153846176,0.20618556701030855,2.935420743639927,6.8560235063663155,-0.30864197530864335,-7.604562737642584,-3.574702108157657,11.897435897435905,-0.6153846153846176,True,False
MEDP,rainbow_convergence,615.1799926757812,585.8853113128357,615.1799926757812,3.7430194856120607,3.0,True,True,,,,,,,,,,,,0.0,4.761969132891605,True,37.09677419354838,16.621253405994562,26.702997275204375,28.239202657807304,-0.7009345794392607,-7.95698924731183,20.46632124352332,24.51612903225806,16.621253405994562,True,31.842958311296297,17.241522199993042,26.502318420251726,32.02842398931025,23.735601902808277,0.10288648238616638,-0.26056884748394404,7.356687270704931,9.380236726994863,17.241522199993042,True,False
MFC,rainbow_convergence,44.04999923706055,43.05619357704309,44.04999923706055,1.6333720683146056,10.0,True,True,,,,,,,,,,,,0.0,2.2560855328717917,True,,,,,,,,,,False,47.842958327719906,,,,,,,,,,False,False
MRVL,rainbow_convergence,240.75999450683594,223.6136281064201,240.75999450683594,3.0670690378984102,7.0,True,True,,,,,,,,,,,,0.0,7.121767233604503,True,50.0,-80.0,95.65217391304337,,725.0,-91.11111111111111,-79.54545454545456,900.0,-80.0,False,74.8429151239699,36.54852699267235,27.568195008705754,22.080994827775946,36.83134357891959,13.297212341798325,8.973723351512142,6.951072547601833,3.409600717810668,22.080994827775946,True,False
MSBI,rainbow_convergence,33.630001068115234,32.66577146712407,33.630001068115234,2.475026869947683,11.0,True,True,,,,,,,,,,,,0.0,2.8671708901768613,True,86.36363636363636,,,-71.08433734939759,10.81081081081081,,-191.66666666666657,-45.45454545454546,-71.08433734939759,False,41.84291412771991,,,,,,,,,,False,False
MSGM,rainbow_convergence,4.53000020980835,4.325629732562095,4.53000020980835,3.674057632570102,8.0,True,True,,,,,,,,,,,,0.0,4.511489354983963,True,-90.2439024390244,-81.81818181818183,,,33.33333333333335,-57.14285714285712,-7.771561172376096e-14,-82.92682926829268,-90.2439024390244,False,48.84291372034723,36.58103895302178,129.25201867778097,94.93030544216894,71.94181079189283,-12.187838678894025,4.774472935894636,24.11498900974123,19.60684301500093,36.58103895302178,True,False
NECB,rainbow_convergence,27.299999237060547,26.678566486753347,27.299999237060547,1.6587691831115339,10.0,True,True,,,,,,,,,,,,0.0,2.2763105043006258,True,-12.195121951219512,-5.128205128205132,5.405405405405417,-8.42105263157894,-2.7027027027027084,-5.128205128205154,-10.344827586206872,6.0975609756097615,-12.195121951219512,True,34.80124706043981,,,,,,,,,,False,False
NET,rainbow_convergence,333.94000244140625,294.2115354745427,333.94000244140625,8.986062778973073,7.0,True,True,,,,,,,,,,,,0.0,11.896887667369045,False,,,,,,,,,,False,41.84291413386574,35.86555953747297,33.536288816018796,33.604162227739785,30.6790333006264,8.801181702370432,4.108659461975206,9.337629686829985,9.703190999305122,30.6790333006264,True,False
NRGV,rainbow_convergence,4.230000019073486,3.8097086095052815,4.230000019073486,7.525913426067598,9.0,True,True,,,,,,,,,,,,0.0,9.935967084469729,True,,,,,,,,,,False,52.84291318892361,-10.96504955659885,-72.16294214023736,-99.3114102593554,-86.85884455032758,-74.50330136536105,2691.576313594662,-78.26323422770123,-42.45174752217006,-99.3114102593554,True,False
NTAP,rainbow_convergence,196.9199981689453,185.0525466518846,196.9199981689453,3.7452748512242793,5.0,True,True,,,,,,,,,,,,0.0,6.026534444144758,True,63.478260869565226,23.170731707317003,15.972222222222232,6.338028169014098,-6.930693069306915,20.958083832335305,10.596026490066212,31.304347826086975,6.338028169014098,True,74.84290304471065,29.890955740859514,12.471131639722866,4.387568555758681,2.834740651387224,3.952772073921973,13.718622300058382,0.46920821114369016,9.364977549711352,2.834740651387224,True,False
NUAI,rainbow_convergence,5.809999942779541,5.324671632213655,5.809999942779541,5.989128854530783,9.0,True,True,,,,,,,,,,,,0.0,8.353327286500829,True,,,,,,,,,,False,55.84289873868055,,,,,-0.8371530720419407,,,,,False,False
NUE,rainbow_convergence,265.1400146484375,255.01372866366066,265.1400146484375,2.1610967463410637,3.0,True,True,,,,,,,,,,,,0.0,3.8192220809083812,True,93.84615384615384,382.08955223880594,27.55905511811012,150.47619047619048,56.03715170278638,99.38271604938281,-38.40304182509509,1.1538461538461497,27.55905511811012,True,38.84288591041667,22.95411542100283,21.27713920817369,8.634821933295655,14.468027941966689,9.488205560235885,23.53323793417459,-9.787583616946371,0.7686849574266796,8.634821933295655,True,False
NVA,rainbow_convergence,6.199999809265137,5.610714492773641,6.199999809265137,7.352052522300707,11.0,True,True,,,,,,,,,,,,0.0,9.504602171291701,True,,,,,,,,,,False,,,,,,,,,,,False,False
NVGS,rainbow_convergence,25.059999465942383,22.312483581424367,25.059999465942383,7.8076739647487345,14.0,True,True,,,,,,,,,,,,0.0,10.963750770434007,False,,,,,,,,,,False,47.842860911469906,,,,,,,,,,False,False
PANW,rainbow_convergence,375.05999755859375,349.49913569593053,375.05999755859375,4.763696956187638,3.0,True,True,,,,,,,,,,,,0.0,6.815139452100586,True,-227.77777777777771,-159.45945945945948,60.52631578947367,-4.081632653061229,,-136.0655737704918,29.78723404255319,30.555555555555515,-227.77777777777771,True,62.842834603645834,34.43721663709836,31.14897335080822,14.931324767390342,15.661524076671341,13.590939373750842,15.728604471858132,4.850444624090544,-2.464025231618372,14.931324767390342,True,False
PBI,rainbow_convergence,17.31999969482422,17.121146998364825,17.31999969482422,0.8962082403579437,4.0,True,True,,,,,,,,,,,,0.0,1.1481102769234888,True,111.7647058823529,105.26315789473686,,,-7.692307692307699,116.66666666666674,-40.000000000000014,76.47058823529409,105.26315789473686,False,48.842834676446756,-44.7415366374914,,,,-34.27589744424814,-28.711477114956885,14.799203075754441,2.7343434467896888,-44.7415366374914,False,False
PDEX,rainbow_convergence,69.4749984741211,64.28093694557764,69.4749984741211,5.3879860719965835,3.0,True,True,,,,,,,,,,,,0.0,7.476159255301323,True,160.60606060606065,22.44897959183674,8.196721311475418,86.66666666666664,-28.3333333333333,81.81818181818181,-52.85714285714285,324.24242424242414,8.196721311475418,True,41.84283464011574,16.645707099577002,14.557252785115416,11.135592211040324,24.220687805859086,2.2908416461977943,6.89063923270643,0.7177549919050286,5.9220304104264265,11.135592211040324,True,False
PHVS,rainbow_convergence,38.0,35.8760660640687,38.0,5.224827935178798,8.0,True,True,,,,,,,,,,,,0.0,5.589299831398152,True,,,,,,,,,,False,55.50945295945602,,,,,,,,,,False,False
PLUS,rainbow_convergence,92.04000091552734,88.86419139174158,92.04000091552734,3.1745108202323915,12.0,True,True,,,,,,,,,,,,0.0,3.450466636457837,True,-27.95031055900622,-18.94736842105256,46.15384615384617,12.820512820512842,50.649350649350545,-42.105263157894704,0.7575757575757569,-18.012422360248447,-27.95031055900622,True,52.842782981365744,-11.969006112662894,-0.8352512112373311,-14.708669209793968,-4.694003060684504,-1.0406539716948715,-0.5412722675625425,-8.819987394390505,-1.9074010694399957,-14.708669209793968,True,False
PPIH,rainbow_convergence,30.209999084472656,27.797329119267378,30.209999084472656,7.2419465904666245,13.0,True,True,,,,,,,,,,,,0.0,7.986329156975523,True,209.99999999999997,-63.934426229508205,165.21739130434767,148.38709677419354,40.90909090909092,-63.93442622950819,-20.779220779220797,670.0,-63.934426229508205,True,,,,,,11.893800408459976,7.586027111574567,14.258967703501968,,,False,False
PRLB,rainbow_convergence,86.41999816894531,80.93860012422438,86.41999816894531,2.0543316501940723,1.0,True,True,,,,,,,,,,,,0.0,6.342742606873431,True,105.55555555555559,120.00000000000001,,3.4482758620689724,12.12121212121211,32.00000000000001,-16.666666666666664,66.66666666666667,3.4482758620689724,False,42.50943752233796,10.571362993565959,10.40450061408027,12.10924024640656,7.7591765576863425,7.180484584027091,2.082890697691453,0.8325576584962358,0.22433975255991,7.7591765576863425,True,False
PSTL,rainbow_convergence,24.270000457763672,23.40409896743651,24.270000457763672,2.036540081267931,4.0,True,True,,,,,,,,,,,,0.0,3.567785224537027,True,25.0,83.33333333333334,-5.882352941176472,333.33333333333337,36.36363636363635,-31.24999999999999,23.076923076923062,8.333333333333348,-5.882352941176472,True,46.842740231018524,22.40161020941287,20.306997742663647,21.658554848371402,23.689428992728946,7.257580306214351,2.5080781658716633,6.865082627641206,4.17541004667894,20.306997742663647,True,False
PVLA,rainbow_convergence,154.32000732421875,148.75806634058662,154.32000732421875,2.3478396190519515,1.0,True,True,,,,,,,,,,,,0.0,3.6041606529649535,True,,,-999.9999999999993,,,,,,-999.9999999999993,False,54.50941149591435,254.36583811344806,84.14835513781279,-56.040627227369924,118.75725900116146,15.0503517726583,193.8386704499392,-34.51022033448368,60.05948587210537,-56.040627227369924,True,False
QRVO,rainbow_convergence,119.51000213623047,100.89436013966342,119.51000213623047,11.751790151783501,12.0,True,True,,,,,,,,,,,,0.0,15.576639330444428,False,-3.0303030303029277,306.9767441860465,,,-81.7142857142857,36.71875,374.074074074074,-18.181818181818166,-3.0303030303029277,False,52.84273980296297,-7.038393327460046,8.364135992238486,1.1460962113082562,-7.657067841397769,-18.59915666205755,-6.1921411654005665,29.27838803680607,-5.8306516353565545,-7.657067841397769,True,False
RAMP,rainbow_convergence,37.88999938964844,37.603811281686774,37.88999938964844,0.4736228686198249,2.0,True,True,,,,,,,,,,,,0.0,0.7553130445281834,True,133.33333333333334,,264.70588235294116,1300.0,-74.07407407407408,74.19354838709683,47.61904761904763,250.0,133.33333333333334,False,47.84273452854167,9.836671423145237,9.202857082300087,8.589544142631977,7.734401535450686,3.8303282029384933,-2.8770435020287755,6.189291844527078,2.570038291363397,7.734401535450686,True,False
RBB,rainbow_convergence,26.68000030517578,26.49577781086077,26.68000030517578,0.6020595984142814,4.0,True,True,,,,,,,,,,,,0.0,0.6904891012286606,True,13.461538461538458,407.6923076923077,136.0,51.28205128205128,-10.60606060606062,11.86440677966103,0.0,13.461538461538458,13.461538461538458,True,31.842740393020833,4.722412118159247,10.15360437052144,5.1816450465342,5.424185294909778,-1.1294924926965155,0.570530559256599,-0.2963417126507273,5.630914258986075,4.722412118159247,True,False
RLYB,rainbow_convergence,17.15999984741211,16.584163917376145,17.15999984741211,2.5674847539220202,3.0,True,True,,,,,,,,,,,,0.0,3.3556872678108203,True,,,,,,,-111.11111111111111,,,False,,-100.0,0.0,11000.0,-29.096989966555185,-100.0,-4.504504504504503,4.716981132075482,0.0,-100.0,True,False
RNR,rainbow_convergence,328.7799987792969,323.95969052191606,328.7799987792969,1.2982300422636743,4.0,True,True,,,,,,,,,,,,0.0,1.4661196773762957,True,100.91743119266057,,-14.235190097259077,82.78427205100955,-59.344059405940605,-16.701030927835024,12.790697674418606,425.99388379204896,-14.235190097259077,False,46.8426803490625,-13.659269525126149,-36.754831020882364,29.622774292456523,-19.517788500858757,26.136991119477916,-26.16683569894427,-7.047034846672262,-0.2624899465134223,-36.754831020882364,True,False
ROIV,rainbow_convergence,39.97999954223633,36.825853677155834,39.97999954223633,7.686715271923784,8.0,True,True,,,,,,,,,,,,0.0,7.889309407691061,True,,,-265.21739130434787,,-176.47058823529412,,,,-265.21739130434787,False,52.50934710125,-33.54838709677419,-66.7107001321004,-77.83322244400088,-64.89385474860335,-42.77777777777778,26.063031515757885,27.243793761935066,-27.6036866359447,-77.83322244400088,True,False
RUSHB,rainbow_convergence,57.0,51.450815357153985,57.0,4.493676049686974,3.0,True,True,,,,,,,,,,,,0.0,9.735411654115817,True,1.1111111111111072,5.47945205479452,,-14.432989690721653,18.181818181818187,-4.938271604938271,-2.409638554216853,-7.777777777777784,-14.432989690721653,False,40.84267977787037,-1.7822868409209325,-9.580325086605136,-12.52115958429525,-1.0815139313471334,13.375396065601786,-5.1882081143810765,-6.066817681616554,-2.7276046850672864,-12.52115958429525,True,False
S,rainbow_convergence,23.190000534057617,20.626856034116347,23.190000534057617,8.073353226431532,3.0,True,True,,,,,,,,,,,,0.0,11.052800521401238,False,,,,,,,,,,False,76.84267908288194,20.5621368964791,20.79561976867559,20.234035854754097,22.912631498993584,5.538988711653792,2.029850305915848,4.727456713258893,6.9079993228261305,20.234035854754097,True,False
SFL,rainbow_convergence,13.75,12.265118944933853,13.75,7.926887725965654,14.0,True,True,,,,,,,,,,,,0.0,10.799134945935613,False,,,,,,,,,,False,53.509344874444444,,,,,,,,,,False,False
SLF,rainbow_convergence,80.9000015258789,79.4617222782469,80.9000015258789,1.1167534630653262,5.0,True,True,,,,,,,,,,,,0.0,1.7778482330088992,True,,,,,,,,,,False,47.84267314337963,,,,,,,,,,False,False
SMBK,rainbow_convergence,51.95000076293945,50.755434445144566,51.95000076293945,2.1624796817713383,6.0,True,True,,,,,,,,,,,,0.0,2.299453898462842,True,39.13043478260869,20.895522388059696,42.10526315789473,50.0,18.518518518518512,0.0,0.0,17.391304347826097,20.895522388059696,True,32.84266683418982,,,,,,,,,,False,False
SMTC,rainbow_convergence,178.19000244140625,143.25953991049994,178.19000244140625,12.137527279875664,11.0,True,True,,,,,,,,,,,,0.0,19.60293060907971,False,22.72727272727273,-141.97530864197532,,,,,,-240.9090909090909,-141.97530864197532,False,66.84265297493056,16.098779377080596,9.287853154462633,12.81177323131888,19.61647542958831,6.074734091842338,2.7741157226033764,3.7358882371628432,2.660393192511612,9.287853154462633,True,False
SND,rainbow_convergence,5.28000020980835,4.983444302206545,5.28000020980835,4.446193522704419,14.0,True,True,,,,,,,,,,,,0.0,5.616588935941901,True,-53.70370370370371,,-70.00000000000004,,,-433.3333333333338,-62.50000000000006,-85.18518518518519,-70.00000000000004,False,54.842639799861104,13.533287366888835,-42.195923180592985,-46.84582625296326,-64.3644390318161,7.974499089253184,8.339582428858971,8.236148489897044,-10.330958400367729,-64.3644390318161,True,False
SNX,rainbow_convergence,264.4100036621094,256.5856984904471,264.4100036621094,2.1713286461673156,12.0,True,True,,,,,,,,,,,,0.0,2.9591562585737057,True,87.78280542986427,104.04040404040403,32.45614035087716,31.73076923076923,2.722772277227725,33.77483443708611,10.218978102189746,23.98190045248869,31.73076923076923,True,6.509300202546296,30.967485965604236,18.094852862089784,9.685196114275918,6.579713650495833,14.064373594430869,-1.2540436408245759,11.042261785949513,4.714265690238695,6.579713650495833,True,False
STK,rainbow_convergence,52.41999816894531,51.4767336692824,52.41999816894531,0.8750569993798418,1.0,True,True,,,,,,,,,,,,0.0,1.7994363460732028,True,,,,,,,,,,False,,,,,,,,,,,False,False
STNG,rainbow_convergence,87.8499984741211,80.26263453894579,87.8499984741211,6.424701343267891,14.0,True,True,,,,,,,,,,,,0.0,8.63672631412782,True,,,,,,,,,,False,41.50929931821759,,,,,,,,,,False,False
SU,rainbow_convergence,69.48999786376953,66.1732398076084,69.48999786376953,4.716403052005703,13.0,True,True,,,,,,,,,,,,0.0,4.773000659265259,True,,,,,,,,,,False,46.84263268641204,,,,,,,,,,False,False
SWKS,rainbow_convergence,91.31999969482422,72.85319112842421,91.31999969482422,15.063147644580487,12.0,True,True,,,,,,,,,,,,0.0,20.222085663724172,False,-68.57142857142857,-44.18604651162791,-47.0,163.88888888888903,-8.333333333333325,-54.71698113207548,-44.21052631578948,35.714285714285744,-68.57142857142857,True,46.84263158244213,-3.12953367875648,-0.9966428871170829,-3.0978006551240056,7.336585365853665,-0.9430963229839939,-8.856480587212667,-5.889838211234322,14.010362694300515,-3.12953367875648,True,False
TD,rainbow_convergence,121.80999755859375,120.20970527920502,121.80999755859375,0.7807312806287237,5.0,True,True,,,,,,,,,,,,0.0,1.313761030673154,True,,,,,,,,,,False,76.50925796984954,,,,,,,,,,False,False
TECH,rainbow_convergence,72.41000366210938,71.1515332360322,72.41000366210938,1.622547485869536,0.0,False,False,,,,,,,,,,,,0.0,1.7379786803349002,False,,128.57142857142856,9.090909090909083,14.28571428571428,12.499999999999956,33.33333333333335,0.0,,9.090909090909083,False,52.509258432152784,1.3335857271307594,-1.5073644526394703,-0.38851163683252254,-1.0029088848814038,3.1395404845623975,5.251506538189865,3.253127671825662,-9.594119224520059,-1.5073644526394703,True,False
TEO,rainbow_convergence,14.010000228881836,13.426336846488375,14.010000228881836,2.521854577042681,4.0,True,True,,,,,,,,,,,,0.0,4.166048343027356,True,,,,,,,,,,False,52.50925757939815,,,,,,,,,,False,False
TEVA,rainbow_convergence,39.189998626708984,36.35696451000952,39.189998626708984,5.540162576916565,4.0,True,True,,,,,,,,,,,,0.0,7.228972227543486,True,-304.16666666666663,72.22222222222223,,,-258.06451612903226,-26.190476190476176,13.513513513513487,54.16666666666667,-304.16666666666663,False,47.84259141243055,-0.8141762452107293,2.338730403495237,11.397493497280674,3.416435826408115,4.018081366147674,-15.474421566546381,5.156249999999996,7.279693486590033,-0.8141762452107293,True,False
TGTX,rainbow_convergence,56.470001220703125,53.42934037061069,56.470001220703125,3.2706878832832387,2.0,True,True,,,,,,,,,,,,0.0,5.384559561471488,True,-70.58823529411764,300.0,-12.500000000000199,12050.0,-58.33333333333333,-14.285714285714091,-94.23868312757203,1329.4117647058824,-70.58823529411764,True,45.50925732699074,70.27162977867204,69.55550407096047,78.00434441003836,92.78842141656433,17.283498765359795,6.41000342725393,19.086754602403076,14.56697934083373,69.55550407096047,True,False
TIGO,rainbow_convergence,95.69000244140625,94.1886519729973,95.69000244140625,1.5338903542219147,11.0,True,True,,,,,,,,,,,,0.0,1.568973173898981,True,,,,,,,,,,False,48.50925734599537,,,,,,,,,,False,False
TITN,rainbow_convergence,24.0,21.153893943219238,24.0,11.564933755296398,14.0,True,True,,,,,,,,,,,,0.0,11.85877523658651,False,,,,-28.57142857142857,,,-3279.9999999999995,,-28.57142857142857,False,67.50925568439814,-9.158056168630335,-12.1067880794702,-15.539246842763921,-5.194579773588459,-4.976635827107034,-18.61132534062493,-0.41504398690478395,17.95009754294268,-15.539246842763921,True,False
TRV,rainbow_convergence,379.489990234375,365.7514692359695,379.489990234375,2.974599106172841,5.0,True,True,,,,,,,,,,,,0.0,3.6202591246004916,True,57.1209800918836,357.64705882352945,22.321428571428605,52.02952029520296,31.87660668380463,-29.014598540145986,33.00970873786409,26.186830015313944,22.321428571428605,True,28.509254045729165,0.305381313965003,0.9652836579170154,3.530979347101937,4.754704301075274,1.9204964776920574,-4.086229086229087,-0.30473135525260764,2.921756355232752,0.305381313965003,True,False
TSAT,rainbow_convergence,51.66999816894531,46.46897486761249,51.66999816894531,5.782828319010136,6.0,True,True,,,,,,,,,,,,0.0,10.06584765946197,False,,,,,,,,,,False,53.50924619576389,,,,,,,,,,False,False
TSM,rainbow_convergence,430.260009765625,419.82298539035895,430.260009765625,0.8217568757192943,12.0,True,True,,,,,,,,,,,,0.0,2.42574818444117,True,,,,,,,,,,False,27.509237027662035,,,,,,,,,,False,False
TTE,rainbow_convergence,91.58999633789062,88.4639102090042,91.58999633789062,3.29263370539017,12.0,True,True,,,,,,,,,,,,0.0,3.4131305315853266,True,,,,,,,,,,False,41.84256403709491,,,,,,,,,,False,False
TWIN,rainbow_convergence,24.700000762939453,23.49513175345376,24.700000762939453,3.956824031967971,8.0,True,True,,,,,,,,,,,,0.0,4.8780120334794175,True,20.000000000000128,,2114.285714285714,,-47.8260869565217,-85.16129032258064,,-140.0,20.000000000000128,False,47.509223053738424,18.33095430190943,19.01971886462668,0.2880306046418424,9.738398013635674,18.311374025275605,7.223331115546694,12.730636531826601,-17.255218353710255,0.2880306046418424,True,False
UGI,rainbow_convergence,38.15999984741211,36.92471676605721,38.15999984741211,2.6770752082052267,2.0,True,True,,,,,,,,,,,,0.0,3.2371150060124374,True,,6.392694063926951,-22.988505747126432,,-126.60944206008584,73.88059701492537,,,-22.988505747126432,False,61.842535720567135,-4.485294117647054,1.253323205469048,3.8732394366197243,-3.4768211920529812,-51.27531882970743,29.1041162227603,77.10120068610635,-14.264705882352946,-4.485294117647054,True,False
UMC,rainbow_convergence,24.469999313354492,20.732330531322912,24.469999313354492,8.719099089971028,9.0,True,True,,,,,,,,,,,,0.0,15.274494838223182,False,,,,,,,,,,False,40.50919798262731,,,,,,,,,,False,False
UNM,rainbow_convergence,95.62000274658203,91.73072031362415,95.62000274658203,3.547500599626716,14.0,True,True,,,,,,,,,,,,0.0,4.067436018868874,True,-16.145833333333325,33.01886792452828,-44.50261780104717,-93.35260115606935,14.184397163120588,33.01886792452835,360.86956521739114,-88.02083333333334,-93.35260115606935,True,46.84253066476852,0.25584577854464996,8.5263294087204,0.23172464932337267,5.0170966739198075,0.44110634239389324,3.4246786473906443,-3.975254558370822,0.5057416552626925,0.23172464932337267,True,False
UVE,rainbow_convergence,44.400001525878906,43.08428161876787,44.400001525878906,2.6601822812791514,12.0,True,True,,,,,,,,,,,,0.0,2.963333022284155,True,68.59504132231406,30.555555555555557,895.652173913044,,8.510638297872353,-17.903930131004408,65.94202898550732,14.049586776859503,30.555555555555557,False,34.84252867085648,6.7206309775804,-0.32973127660705925,6.007395876915567,3.464549456333832,8.503804962331518,-3.520491461686681,1.7320022644464528,0.209926001084626,-0.32973127660705925,True,False
VBNK,rainbow_convergence,23.469999313354492,20.767121390043364,23.469999313354492,8.481460093154547,9.0,True,True,,,,,,,,,,,,0.0,11.516310193384554,False,,,,,,,,,,False,82.50920145601852,,,,,,,,,,False,False
VTRS,rainbow_convergence,17.1299991607666,16.613173162217596,17.1299991607666,1.5234652365073142,4.0,True,True,,,,,,,,,,,,0.0,3.017081283533916,True,,,,-237.5,-166.66666666666669,,,,-237.5,False,48.509194829826384,4.9565704679181755,8.217192895905278,4.986630255447455,0.2541466024612138,6.729919936176887,-4.904218711897467,-1.5156771180787176,5.001400952647805,0.2541466024612138,True,False
WABC,rainbow_convergence,60.31999969482422,58.93271920566349,60.31999969482422,1.4707677080397643,5.0,True,True,,,,,,,,,,,,0.0,2.2998681965838377,True,4.464285714285698,-2.5862068965517238,-5.882352941176572,-14.50381679389312,3.539823008849563,0.8928571428572063,-7.771561172376096e-14,0.0,-14.50381679389312,True,27.80085766034722,,,,,,,,,,False,False
WAT,rainbow_convergence,429.7200012207031,402.98149946879136,429.7200012207031,3.689393942914339,3.0,True,True,,,,,,,,,,,,0.0,6.222307939112879,True,-156.27530364372467,-142.85714285714286,-3.0927835051546615,-7.749077490774903,,-123.13829787234043,50.4,1.2145748987854255,-156.27530364372467,True,42.50918017640046,113.35927367055771,91.38972809667673,6.839010259947709,8.04830441507216,29.834254143646397,35.88603162380053,16.56633999552437,3.7466926070038875,6.839010259947709,True,False
WST,rainbow_convergence,366.6000061035156,347.41770577667666,366.6000061035156,3.292781303261879,4.0,True,True,,,,,,,,,,,,0.0,5.232487727079451,True,18.13186813186811,56.09756097560976,2.2471910112359605,3.7837837837837673,11.979166666666675,5.494505494505475,-5.208333333333314,5.494505494505497,2.2471910112359605,True,34.50914159032407,13.803000652315722,21.0458452722063,7.505341880341887,7.725264426295353,3.2429873357793904,4.956521739130437,0.0497141436738735,4.9706457925636105,7.505341880341887,True,False
WTBA,rainbow_convergence,29.565000534057617,28.424813296397907,29.565000534057617,3.5257782910301314,10.0,True,True,,,,,,,,,,,,0.0,3.856543944067455,True,36.170212765957466,32.6086956521739,7.317073170731714,57.14285714285716,4.918032786885251,38.63636363636365,-20.000000000000018,17.021276595744705,7.317073170731714,True,41.509144831597226,,,,,,,,,,False,False
XMTR,rainbow_convergence,95.26000213623047,89.61130928958472,95.26000213623047,1.5958663144114718,1.0,True,True,,,,,,,,,,,,0.0,5.929763510363562,True,,,,,,,,,,False,46.50914357306713,41.054587288599606,35.87907611395566,29.52082183296756,27.535321599457994,11.768663046339544,6.621690454162721,6.464875632902634,11.177074938325537,27.535321599457994,True,False
ZD,rainbow_convergence,59.130001068115234,55.02230396194212,59.130001068115234,5.403829246366964,5.0,True,True,,,,,,,,,,,,0.0,6.946891648862345,True,2623.809523809524,3.5087719298245723,-97.38562091503267,,2808.4745762711864,1374.9999999999986,,-114.28571428571428,-97.38562091503267,False,48.842474705266206,-2.7357252131084198,-1.896882880769457,25.94695547486452,2.8652638723909662,7.13530438161567,-48.52443945239625,42.95360877179959,23.374253314925554,-2.7357252131084198,True,False
ABBV,vcp,266.9700012207031,246.77000427246094,264.0199890136719,,,,False,2.0,10%->8%,9.821663795030315,7.566392049997754,0.6741745065486073,35.0,,,,,,-1.1049976377654827,6.53359043216901,False,290.38461538461536,-45.83333333333333,,-88.63636363636364,420.51282051282044,-61.764705882352935,919.9999999999998,-80.76923076923077,-88.63636363636364,False,41.51019390152778,7.313606409096773,17.741243745532522,19.210829493087566,21.352095442031207,0.8377853326857698,-0.5073689296931638,4.335770103352665,2.51970538829307,7.313606409096773,True,False
ACHC,vcp,29.799999237060547,26.969999313354492,28.809999465942383,,,,False,2.0,18%->9%,18.314568743643864,9.496644282415103,0.7028363075412825,15.0,,,,,,-3.322146968000449,6.386671942715719,False,-44.44444444444444,-3705.555555555557,-45.945945945945944,-61.1764705882353,,-3344.9999999999995,21.212121212121215,266.6666666666667,-3705.555555555557,True,47.843527195868056,7.566076793791088,6.0990289807526965,4.406265555383904,9.194512838550818,0.893897321716608,-3.5362793324823616,-2.031563495131339,12.813284793739177,4.406265555383904,True,False
AEM,vcp,208.63999938964844,192.6999969482422,201.3699951171875,,,,False,3.0,16%->14%->8%,16.300217963308075,7.639955180232379,0.665861284820921,54.0,,,,,,-3.4844729168560544,4.305506470266236,False,,,,,,,,,,False,40.84352617583333,,,,,,,,,,False,False
ALTO,vcp,4.230000019073486,3.880000114440918,4.019999980926514,,,,False,2.0,13%->8%,12.500004063952966,8.274229386628472,0.6691094202167036,18.0,,,,,,-4.964539886526284,3.482583759946414,False,,,,,199.99999999999994,-82.14285714285714,47.36842105263159,,,False,47.84352581133102,128.34768804274427,49.25046525372814,40.56885804011807,-29.75876995799669,26.16083467514956,2.4977357351313234,36.288825696965255,29.567937068322102,-29.75876995799669,True,False
AMAT,vcp,474.0400085449219,411.510009765625,417.3999938964844,,,,False,2.0,21%->13%,20.9748516895046,13.190869473493247,0.7910911492216578,22.0,,,,,,-11.948361663036733,1.4111126538061467,False,42.79279279279278,33.460076045627375,75.17241379310346,12.918660287081352,-9.686609686609682,38.188976377952756,7.627118644067776,6.3063063063063085,12.918660287081352,True,55.84352745137731,24.82881402355519,11.40845070422536,-2.149037119732067,-3.477643718949608,15.233881163084707,12.806617227609806,3.117647058823536,-6.874828814023559,-3.477643718949608,True,False
AMLX,vcp,35.474998474121094,31.3700008392334,33.939998626708984,,,,False,2.0,20%->12%,19.834710667169606,11.57152307668816,0.5322946526159493,18.0,,,,,,-4.326990594606754,7.572179998419721,False,,,,,,,,,,False,48.51014913024305,,-100.0,,-100.0,,,,,-100.0,False,False
ANDE,vcp,71.19999694824219,63.369998931884766,72.05000305175781,,,,True,2.0,18%->11%,17.517775700530823,10.997188696580038,0.8234311620138391,31.0,,,,,,1.193828848242121,12.0471946595723,False,16400.0,-25.954198473282418,-26.250000000000007,-78.0952380952381,70.10309278350515,64.40677966101696,156.52173913043475,2200.0,-78.0952380952381,True,46.8434755977662,3.604358447284528,1.7215562847384902,-3.4684260682986134,23.992535137341807,46.52457393246119,14.999348920874201,10.941227062293812,-44.57838055232818,-3.4684260682986134,True,False
APEI,vcp,47.52000045776367,43.90999984741211,44.31999969482422,,,,False,2.0,19%->8%,19.437197791342882,7.59680255803064,0.5911925383625669,28.0,,,,,,-6.7340082746498515,0.9250899147907485,False,,129.2682926829268,6.349206349206371,650.0,-44.680851063829785,40.29850746268653,123.33333333333339,,6.349206349206371,False,52.843464819224536,5.507907056756323,6.190785835394497,-3.5220279081104144,6.5914760778986725,-1.7208620906728922,10.363165540327168,-2.9929847134148257,0.2758561370310719,-3.5220279081104144,True,False
APPS,vcp,12.1899995803833,10.619999885559082,10.960000038146973,,,,False,2.0,17%->13%,16.73783118498716,12.87940729178312,0.8272823587172795,13.0,,,,,,-10.09023449201507,3.102191162449805,False,,,,,,-199.99999999999991,,,,False,46.843458666770836,26.776194186028746,19.636262924667648,12.44977235083966,18.234114951822654,16.439259482704195,-5.84548114584641,7.8517135998062315,7.218581488779918,12.44977235083966,True,False
AROW,vcp,40.803119951084696,36.95000076293945,38.119998931884766,,,,False,2.0,12%->9%,12.154575303603046,9.443197463244015,0.7864359799713878,44.0,,,,,,-6.575774162408391,3.0692502668636994,False,1.538461538461533,115.78947368421053,214.81481481481475,45.28301886792452,-19.512195121951216,-3.52941176470587,10.389610389610372,18.461538461538463,1.538461538461533,True,41.51011610953704,,,,,,,,,,False,False
ASTI,vcp,3.1500000953674316,2.7149999141693115,2.809999942779541,,,,False,2.0,17%->14%,17.487680299467836,13.809529143756407,0.572983975187387,9.0,,,,,,-10.79365531092885,3.3807840051505202,False,,,-100.33497536945812,,,,,,-100.33497536945812,False,,461.3053475620541,232.46287762416796,,233.906432748538,83.28007084552596,232.1439989769167,-45.22049809100144,68.32144331112553,232.46287762416796,False,False
ATEN,vcp,27.219999313354492,24.09000015258789,26.950000762939453,,,,False,2.0,15%->11%,14.75467016719612,11.498895076132431,0.7246130897920028,27.0,,,,,,-0.9919124071490119,10.612246862287735,False,-14.285714285714302,30.76923076923077,-45.83333333333337,0.0,-29.41176470588236,30.76923076923088,-23.529411764705955,21.42857142857142,-45.83333333333337,True,46.84345531241898,15.499473934537278,13.400970712309302,8.289310549296536,11.931775602883654,6.8493333333333295,-6.664177711405639,7.596207921587528,7.6373174985227,8.289310549296536,True,False
AWR,vcp,89.5570031331955,82.68940458916443,86.76000213623047,,,,False,2.0,9%->8%,9.04725651475876,7.668410402050961,0.7842970195193465,101.0,,,,,,-3.1231516231121845,4.691790510417918,False,25.287356321839095,8.571428571428585,-1.3333333333333086,11.578947368421066,43.42105263157896,2.702702702702675,-30.188679245283,21.839080459770123,-1.3333333333333086,True,47.843435568773145,11.175842910232658,14.308202657874647,14.801045437392556,12.939634817223178,7.151089596964377,2.9906621702236347,-10.091070294883863,12.050335446996918,11.175842910232658,True,False
B,vcp,45.810001373291016,41.880001068115234,43.689998626708984,,,,False,2.0,13%->9%,12.566737142781085,8.578913310112062,0.6434416582434472,16.0,,,,,,-4.627816378582503,4.142818987152005,False,,,,,,,,,,False,52.51010254122686,,,,,,,,,,False,False
BALL,vcp,67.33545870591831,59.34000015258789,60.75,,,,False,2.0,20%->12%,20.20994007983195,11.874068591779977,0.6236441217551417,105.0,,,,,,-9.780075509219778,2.320987403147505,False,9.210526315789469,22.222222222222232,217.3913043478255,81.53846153846152,7.792207792207795,5.47945205479452,-38.13559322033898,55.263157894736835,9.210526315789469,True,46.51009576700232,,,,,11.34649910233394,-2.4518388791593737,15.446825717751711,,,False,False
BBGI,vcp,18.5,16.329999923706055,17.09000015258789,,,,False,2.0,25%->12%,24.525477966122363,11.729730142129434,0.3138980564723139,11.0,,,,,,-7.621620796822212,4.447046355156125,False,,,,,2496.045197740113,,,,,False,52.843426028796294,-16.74350450703401,-12.928667569708463,-21.15625014676269,-12.395696203802032,3.6088580700976536,-19.72024530255707,4.067240381092296,-3.8163698666205947,-21.15625014676269,True,False
BCX,vcp,13.27641773223877,12.300000190734863,12.489999771118164,,,,False,3.0,18%->14%->7%,18.00868283235642,7.354525604696044,0.5827295382698388,138.0,,,,,,-5.923419833431181,1.5212136418341273,False,,,,,,,,,,False,,,,,,,,,,,False,False
BDSX,vcp,27.899999618530273,25.600000381469727,28.809999465942383,,,,True,2.0,23%->8%,23.123602346252074,8.243724976730688,0.4599867285998673,15.0,,,,,,3.2616482432054124,11.14196162435665,False,,,-133.33333333333331,,,,,,-133.33333333333331,False,46.84341218065972,34.18423418922969,42.30426550840851,40.75578834010476,19.927276734064247,5.110545881432205,-11.128499391410184,32.097574421168694,8.742132081126996,19.927276734064247,True,False
BELFA,vcp,210.4199981689453,188.00999450683594,194.82000732421875,,,,False,2.0,23%->11%,22.964141393069664,10.650130147856233,0.5561651629683817,22.0,,,,,,-7.413739654251588,3.495540787065886,False,,,,,,,,,,False,40.8433982875,25.18493871027161,17.244708942576747,17.402358216723712,44.76131933547938,18.03676375839678,1.4510793575009284,-1.6996312437143835,6.3464429378665255,17.244708942576747,True,False
BFH,vcp,114.28087504517413,100.7699966430664,108.20999908447266,,,,False,2.0,17%->12%,17.086710585955725,11.822519206968796,0.6079775253687244,55.0,,,,,,-5.312241403735938,6.87552213691298,False,20.74829931972788,49.280575539568375,1412.4999999999995,7819.999999999999,-14.457831325301218,242.97520661157,-69.44444444444441,34.6938775510204,20.74829931972788,True,34.51006071824074,697.0246734397679,724.7145187601957,546.4477611940299,-34.02523402523403,8.624270596380178,-6.621721462874031,567.9827267119063,17.634252539912907,-34.02523402523403,True,False
BKD,vcp,12.789999961853027,11.510000228881836,11.579999923706055,,,,False,3.0,17%->13%->10%,16.72263712142285,10.007816550343005,0.6230846157347237,29.0,,,,,,-9.460516354619806,0.6044878694767392,False,,,,,,,,,,False,48.84338735443286,-11.607318585290006,-6.021644893987199,-3.4387692906569955,3.6979367915252803,-6.0498969740709345,1.4272775373859625,-7.264454323538272,0.027185144364194613,-11.607318585290006,True,False
BLZE,vcp,14.1899995803833,12.149999618530273,13.789999961853027,,,,False,2.0,35%->14%,34.59787553976422,14.37632150936204,0.6362720999536738,21.0,,,,,,-2.8188839348751316,11.892678374615306,False,,,,,,,,,,False,48.843407341261575,17.673150035814643,11.709473319273101,11.768188006866742,14.032342201356297,10.466559768271866,2.393940998887767,1.6145524998654626,2.380296435065299,11.709473319273101,True,False
BPOP,vcp,178.26144933737996,158.00999450683594,160.97000122070312,,,,False,2.0,16%->11%,16.154306766705513,11.360535273229969,0.8498701625541942,150.0,,,,,,-9.700049102568896,1.838856116928753,False,40.77669902912622,47.65625,39.84063745019923,45.370370370370374,15.07936507936507,7.692307692307643,11.783439490445913,1.6181229773462924,39.84063745019923,True,34.51005577832176,,,,,3.1305828553258586,2.6266043927379634,,,,False,False
BSTZ,vcp,30.195972882416992,27.700000762939453,28.6200008392334,,,,False,2.0,11%->8%,10.912766821597518,8.26591058747087,0.8234379076126339,39.0,,,,,,-5.2191464382367245,3.2145354623217686,False,,,,,,,,,,False,,,,,,,,,,,False,False
BWMX,vcp,17.475358920304394,15.152000427246094,15.970000267028809,,,,False,2.0,18%->13%,18.20349711504087,13.295054503051269,0.7540751471253961,47.0,,,,,,-8.614178742426452,5.122102856012678,False,,,,,,,,,,False,34.84338960328704,,,,,,,,,,False,False
CAH,vcp,249.2899932861328,226.0749969482422,226.33999633789062,,,,False,2.0,12%->9%,11.854431499907726,9.31244613226198,0.8225706779552852,26.0,,,,,,-9.206144476846443,0.11708023059823433,False,100.0,,,-79.38144329896907,10.588235294117654,,-112.5,-57.44680851063829,-79.38144329896907,False,48.51005866503473,18.75180949623625,22.441991698069906,0.4877478410476588,0.018225559524687185,2.527769532409496,6.399707441945512,9.623164109479209,-0.6984655471916623,0.018225559524687185,True,False
CFR,vcp,169.7119796060328,157.5500030517578,159.63999938964844,,,,False,3.0,13%->9%->7%,13.036761448781856,7.166245177569457,0.7919430695485786,149.0,,,,,,-5.934749120106504,1.309193401328807,False,12.970711297071125,15.217391304347828,8.474576271186486,19.19642857142856,1.8867924528301883,3.515624999999978,-4.119850187265895,11.715481171548102,8.474576271186486,True,41.510048629108795,-0.3436807271010256,-0.5888506170385388,2.756115952542304,2.513330532702085,3.08396325992748,-5.542886425246197,-0.8622581709628707,3.2381094232533547,-0.5888506170385388,True,False
CHRN,vcp,19.530000686645508,17.780000686645508,20.1299991607666,,,,True,3.0,29%->19%->9%,29.011084771038732,8.960573161662195,0.38864898210980875,14.0,,,,,,3.0721886995701384,11.674111138073192,False,,-142.23602484472048,,,,,,,-142.23602484472048,False,,-36.56296296296296,-38.31041257367387,2.3734560426253326,-58.44444444444444,-31.81528662420382,-25.715637568015136,105.49343704423917,-39.05185185185185,-58.44444444444444,True,False
CIEN,vcp,355.19000244140625,318.42999267578125,344.25,,,,False,2.0,26%->10%,25.58272707415417,10.349393145345948,0.7387872875578854,14.0,,,,,,-3.080042334021201,7.5003652357933905,False,422.85714285714295,2383.3333333333335,232.25806451612905,-49.99999999999998,22.818791946308735,44.66019417475729,692.3076923076924,-62.857142857142854,-49.99999999999998,True,83.51003564210649,37.04687198874843,39.51236279596901,33.08731091339787,20.271289693553673,6.391259146172601,10.069570482158197,5.551692919442841,10.874252184502842,20.271289693553673,True,False
CLDT,vcp,13.890000343322754,12.529999732971191,12.800000190734863,,,,False,2.0,12%->10%,12.17579625449225,9.791220854831343,0.6514018421736494,36.0,,,,,,-7.847373114802543,2.109378544846497,False,85.7142857142857,,,-40.0,,-360.0,66.66666666666667,-57.14285714285715,-40.0,False,47.51002645482639,3.91820470959352,0.5026458076342166,2.37108764619538,1.2260774395835172,-13.841953726326894,0.8071323673955577,26.351854828105136,-5.305902210907886,0.5026458076342166,True,False
CLMT,vcp,51.5,45.72999954223633,59.04999923706055,,,,True,2.0,14%->11%,14.368070424558057,11.20388438400713,0.6228819237424574,32.0,,,,,,14.66019269332145,22.557154728063765,False,,,,,,,-111.91135734072022,,,False,49.51002596881945,40.76563413208649,3.601972029379219,9.383886255924168,-2.035623409669207,40.34184713994367,-0.8569227806662805,-3.6549165120593696,5.006818624586007,-2.035623409669207,True,False
CMDB,vcp,24.760000228881836,22.829999923706055,24.15999984741211,,,,False,2.0,16%->8%,16.186694774963158,7.794831532046961,0.7771186440677966,30.0,,,,,,-2.4232648462169366,5.504966606398871,False,,,,,,,,,,False,56.51002121938658,,,,,,,,,,False,False
COGT,vcp,37.665000915527344,32.20000076293945,33.189998626708984,,,,False,2.0,20%->15%,19.543672877440518,14.509491622858164,0.8326750093605877,31.0,,,,,,-11.881062471907564,2.9828198395068637,False,,,,,,,,,,False,46.50999265473379,-100.0,-69.41176470588235,-83.17399617590821,130.29806747461512,-100.0,-40.90909090909091,-92.49039965865452,-54.00968079539508,-100.0,True,False
CON,vcp,35.83495432698202,33.31999969482422,35.529998779296875,,,,False,2.0,8%->7%,8.323188023870019,7.018160562476735,0.7649576744928924,35.0,,,,,,-0.8510002410008086,6.2200933307107515,False,45.71428571428573,30.000000000000004,124.99999999999983,2.7027027027026973,30.76923076923077,44.44444444444444,-28.947368421052634,8.571428571428585,2.7027027027026973,True,48.84332635978009,10.030229581415618,13.739935137553116,15.920961807668576,16.98438438193115,6.404122516701638,5.653149810788749,-5.886871508379887,3.997022431620323,10.030229581415618,True,False
CPIX,vcp,6.900000095367432,6.239999771118164,7.190000057220459,,,,True,2.0,31%->10%,31.441044602390683,9.565221958364653,0.27655579399141633,13.0,,,,,,4.202897939780167,13.2127994233918,False,,-375.0,,,,,,,-375.0,False,46.84332513553241,-18.787983755826943,-22.041542535230985,31.077193778317213,-8.732986962330113,-3.614768822503922,-33.24402384416416,64.95482228103404,-23.48358175323646,-22.041542535230985,True,False
CRSR,vcp,13.630000114440918,12.670000076293945,13.510000228881836,,,,False,2.0,23%->7%,23.11111126303056,7.043287087942556,0.7349922836762416,24.0,,,,,,-0.880410011383219,6.217617604418159,False,,,2199.9999999999723,,-45.45454545454546,-52.17391304347826,,,2199.9999999999723,False,46.84332598425926,-1.8046808616984045,-4.121162947937796,5.616708935431536,13.663424271611667,-11.333043733357407,-18.849046022135497,26.3452133397732,8.013132903483777,-4.121162947937796,True,False
CSTM,vcp,28.100000381469727,25.040000915527344,26.190000534057617,,,,False,2.0,17%->11%,16.52032495514164,10.889677666909463,0.8261185465854537,25.0,,,,,,-6.797152389619327,4.390987380984615,False,446.1538461538461,,1139.9999999999998,-50.98039215686274,79.74683544303795,27.419354838709676,148.0,-3.8461538461538547,-50.98039215686274,False,40.50999114540509,24.355735219807983,27.89076118535736,20.199778024417302,8.850931677018625,11.812812358019077,1.6158818097876226,2.9957203994293913,6.265790803436078,8.850931677018625,True,False
CVS,vcp,101.0,90.16500091552734,90.2699966430664,,,,False,2.0,15%->11%,15.0,10.727721865814512,0.7425580443586337,35.0,,,,,,-10.623765699934252,0.11631298487162088,False,188.74999999999997,63.120567375886516,77.69230769230762,-4571.428571428571,0.43478260869567187,-0.43290043290041824,,-491.24999999999994,-4571.428571428571,True,40.50995335012731,36.552497408449504,35.17598698295794,34.36850283413215,,2.231619626849124,2.835643435347013,13.176279747092124,14.766548900971044,34.36850283413215,False,False
CVU,vcp,5.349999904632568,4.940000057220459,5.03000020980835,,,,False,2.0,17%->8%,16.55518804009483,7.663548686367083,0.5504088914148589,23.0,,,,,,-5.981302813615582,1.7892673724425106,False,,,-50.0,50.0,-44.44444444444444,124.99999999999996,-55.55555555555555,,-50.0,False,,15.827175088285816,12.722432776679993,-10.815211369165457,-0.776405455461382,1.2764560246175893,-10.577106238370737,0.7483690729334525,26.944890305807156,-10.815211369165457,True,False
CYTK,vcp,76.80999755859375,68.55000305175781,69.91999816894531,,,,False,2.0,13%->11%,13.232348595720488,10.753801288087377,0.7236324000272498,15.0,,,,,,-8.970185664167571,1.95937521891409,False,,,,,,,,,,False,48.843285555393514,-57.129805748176544,1125.7758074730843,4.891593312459386,318.1425485961123,47.889434254714544,9.011546043368067,817.0971074380166,-97.10045080800971,-57.129805748176544,True,False
DAR,vcp,68.58999633789062,63.689998626708984,66.48999786376953,,,,False,2.0,16%->7%,15.747361737399915,7.143895571947674,0.4979892828077213,19.0,,,,,,-3.061668736321259,4.2111585607167985,False,2912.5,,-44.44444444444443,9.090909090909083,190.36144578313255,137.1428571428571,191.66666666666669,50.0,-44.44444444444443,False,41.509951620300924,16.372396420428224,12.329982601691736,20.604319835112396,9.991975474913328,11.17195343627666,-9.298051993245993,9.324563321709034,5.565102820215473,9.991975474913328,True,False
DGXX,vcp,3.9049999713897705,3.559999942779541,3.8399999141693115,,,,False,3.0,22%->12%->9%,21.779861145465595,8.83482794207155,0.5547126436781609,14.0,,,,,,-1.6645341279561081,7.2916660845900445,False,,,,,,,,,,False,55.5099495866088,,,,,-2.3962701944504117,-16.27458515128798,-12.55996413336069,,,False,False
DINO,vcp,98.38999938964844,91.37999725341797,116.62000274658203,,,,True,2.0,15%->7%,14.561664743768898,7.124710010891603,0.5983510175682728,36.0,,,,,,18.52830924892918,21.642947092027754,False,348.18181818181813,,,,38.48314606741572,,-106.9767441860465,95.45454545454544,348.18181818181813,False,41.50994272732639,53.15448113207548,11.821036106750382,-0.5538461538461492,0.6105175523796413,45.86550610697739,10.194925742574256,-10.853675355123427,6.883844339622636,-0.5538461538461492,True,False
DRH,vcp,12.970000267028809,11.850000381469727,12.25,,,,False,2.0,13%->9%,13.052938330051953,8.635311198923002,0.767098774088747,32.0,,,,,,-5.551274111066364,3.2653030084103953,False,144.44444444444446,75.00000000000003,,-9.090909090909083,528.5714285714286,-41.666666666666664,19.999999999999996,-44.44444444444444,-9.090909090909083,False,46.843274977407404,4.110297003794328,1.2983955456675078,-1.6187005242769281,0.08943320391823217,23.289252484873835,-5.9635600690624795,-3.801894990609145,-6.651838283396572,-1.6187005242769281,True,False
EGBN,vcp,29.1299991607666,26.520000457763672,28.209999084472656,,,,False,2.0,14%->9%,14.387457392229871,8.959831027108905,0.5534274967375451,44.0,,,,,,-3.1582564462721874,5.990778736462963,False,,700.0,-117.64705882352939,-408.33333333333337,-52.08333333333333,,,,-408.33333333333337,False,33.8432617830324,,,,,,,,,,False,False
ELV,vcp,394.28389763807013,361.4070000897202,414.260009765625,,,,True,2.0,16%->8%,16.24334785811254,8.338381999695308,0.4566243791788239,46.0,,,,,,5.066428593006298,12.758414626071998,False,-13.082901554404147,-16.753381893860553,36.17021276595764,22.018348623853214,-16.125,212.49999999999974,-51.87969924812026,-31.088082901554404,-16.753381893860553,True,33.509921057905096,1.402282224365159,2.638522427440626,9.473614717662082,12.426284751474315,0.5838863314800324,0.8724144169497627,-1.900968231744593,1.8784153005464432,1.402282224365159,True,False
ENTX,vcp,2.940000057220459,2.680000066757202,3.0299999713897705,,,,True,2.0,11%->9%,10.526313725600916,8.843536918467496,0.42724555607991194,6.0,,,,,,3.061221510804984,11.551152077141237,False,133.33333333333334,16.666666666666675,0.0,-12.49999999999999,100.0,16.666666666666675,-14.285714285714302,16.666666666666675,-12.49999999999999,True,56.8432273903125,,-100.0,-100.0,-100.0,,,,,-100.0,False,False
ESTA,vcp,76.41999816894531,69.2300033569336,69.55999755859375,,,,False,3.0,24%->17%->9%,24.346752124644564,9.408525234607382,0.38539285845419496,32.0,,,,,,-8.976708681915738,0.4744022617053518,False,,,,,,,,,,False,47.50988589336806,31.6608187134503,44.710829687990916,45.16107292087883,33.69627364705296,12.801242547221815,-7.335530897441844,20.14614555055594,4.838206627680308,31.6608187134503,True,False
EXEL,vcp,59.720001220703125,54.54999923706055,58.4900016784668,,,,False,2.0,12%->9%,12.256364264666706,8.657069454061388,0.6340373032972816,30.0,,,,,,-2.059610711812786,6.736198201985638,False,26.15384615384615,43.636363636363626,89.36170212765953,72.49999999999999,3.797468354430378,-11.235955056179737,28.985507246376784,6.153846153846132,26.15384615384615,True,39.84321274878472,10.63402204268813,9.96764767835636,5.62994592019479,10.789336140652628,2.926923505104684,2.0293554136467495,0.15190169885654914,5.190220690844516,5.62994592019479,True,False
FA,vcp,21.729999542236328,19.895000457763672,21.059999465942383,,,,False,3.0,20%->10%->8%,20.238569502154697,8.444542674315255,0.26909702790027834,28.0,,,,,,-3.083295399945474,5.531809295924785,False,,,,,900.0,-66.66666666666663,199.9999999999997,,,False,48.50988267428241,14.880975237627126,8.633399889449155,36.75811724254699,105.48064222901883,16.50099558412361,-8.289188294759498,2.6557432341604903,4.740510914336471,8.633399889449155,True,False
FF,vcp,5.539528527530404,5.150000095367432,5.480000019073486,,,,False,2.0,28%->7%,27.610874479959328,7.031797565931651,0.4704764838775929,26.0,,,,,,-1.074613266473353,6.021896397034108,False,,,-416.66666666666686,,,,,,-416.66666666666686,False,52.843193297893514,120.6879152300059,82.18725054168092,-67.74130615031946,-55.633554947203756,146.38833249874813,61.032154016732186,-12.547930715324608,-36.39727525018922,-67.74130615031946,True,False
FIRY,vcp,10.399999618530273,9.5,10.289999961853027,,,,False,2.0,15%->9%,15.284244730793638,8.653842803289075,0.6845867134400351,18.0,,,,,,-1.0576890453077847,7.677356314691024,False,,,,,,,,,,False,55.84319141126157,22.91584040612358,32.91775129013106,68.87625907377188,11.439504966617807,6.483422092423985,-3.018893072540063,9.633228611090816,8.566669310700403,11.439504966617807,True,False
FIX,vcp,1695.5699462890625,1545.2099609375,1573.9599609375,,,,False,2.0,20%->9%,20.065295986655666,8.867813780295029,0.8340248504778089,22.0,,,,,,-7.172218734928575,1.8266030085590996,False,91.88361408882082,121.26315789473682,129.1666666666666,101.71149144254281,19.219790675547088,12.406417112299483,13.333333333333307,26.339969372128635,91.88361408882082,True,34.84319061105324,-4.337759647837336,-2.865961444390097,1.0158179590843641,14.326574422345306,-4.177629367017621,-2.1198741350989203,-3.9502708926275276,6.18984161535483,-4.337759647837336,True,False
FMAO,vcp,35.709999084472656,32.65999984741211,35.66999816894531,,,,False,2.0,13%->9%,12.548688074188115,8.541023005477312,0.654179780455976,35.0,,,,,,-0.1120160082690589,8.438459422612867,False,53.571428571428555,37.254901960784295,18.032786885245965,33.33333333333335,22.857142857142865,-2.7777777777778123,12.500000000000021,14.28571428571428,18.032786885245965,True,38.84319228887732,,,,,,,,,,False,False
FMX,vcp,125.0,115.5,120.38999938964844,,,,False,2.0,18%->8%,18.4703503621576,7.6,0.566756384384732,36.0,,,,,,-3.68800048828125,4.06179866636738,False,,,,,,,,,,False,40.50985741545139,,,,,,,,,,False,False
FNRN,vcp,18.0,16.530000686645508,17.15999984741211,,,,False,2.0,17%->8%,17.246751661424515,8.166662851969402,0.7842652302556711,35.0,,,,,,-4.66666751437717,3.671323813336813,False,-12.121212121212132,63.636363636363626,-8.108108108108091,11.764705882352944,-19.444444444444443,5.882352941176472,-10.526315789473696,15.151515151515138,-12.121212121212132,True,40.84319265474537,,,,,,,,,,False,False
FRST,vcp,16.8799991607666,15.520000457763672,15.829999923706055,,,,False,2.0,18%->8%,17.650563466325877,8.056864754850885,0.5676744302717889,57.0,,,,,,-6.220374936398168,1.9583036477349962,False,280.0,-67.3913043478261,,460.00000000000006,26.666666666666682,-74.78991596638656,325.0,180.00000000000003,-67.3913043478261,False,34.84319078,,,,,,,,,,False,False
FSTR,vcp,39.13999938964844,36.290000915527344,37.29999923706055,,,,False,2.0,15%->7%,15.450746711020201,7.281549613091838,0.41318219352901436,30.0,,,,,,-4.701073534187446,2.7077703544017466,False,7.407407407407396,,,-87.76758409785933,107.14285714285711,-36.36363636363633,-45.00000000000003,48.14814814814814,-87.76758409785933,False,45.509846030625,-3.488485490185156,23.87925392670156,25.11253442344148,0.5965111372994159,14.368024829954429,-24.461100060483997,15.971971132291053,-3.6723832875910745,-3.488485490185156,True,False
FTK,vcp,28.729999542236328,25.90999984741211,30.600000381469727,,,,True,3.0,41%->14%->10%,40.81169491805757,9.815522936846909,0.445122462674048,25.0,,,,,,6.508878764457643,15.326798939838298,False,420.0,-29.41176470588236,-40.00000000000002,562.5,116.6666666666667,33.33333333333337,-83.01886792452831,960.0,-40.00000000000002,True,46.84317147907407,70.29477292202229,26.532639716773243,33.02401639182773,12.643239113827342,41.849509642974404,3.7500555399220925,20.502935874783603,-3.974293059125966,12.643239113827342,True,False
GAIN,vcp,16.93667086750071,15.699999809265137,16.1200008392334,,,,False,2.0,14%->7%,13.755768752116712,7.301736379659976,0.7077790470919721,86.0,,,,,,-4.821904107698019,2.605465310808478,False,26.66666666666666,-89.28571428571429,,36.00000000000001,533.3333333333333,-85.0,-41.17647058823529,126.66666666666674,-89.28571428571429,False,46.84315009454861,,,,,,,,,,False,False
GEV,vcp,983.3400268554688,868.25,924.9299926757812,,,,False,2.0,21%->12%,20.52089074493127,11.703990858940665,0.8266431702338861,22.0,,,,,,-5.939963042740311,6.128030567136066,False,32.79569892473118,1816.4835164835165,658.8571428571431,,-85.83715596330275,31.32530120481927,709.7560975609758,-11.827956989247323,32.79569892473118,False,40.50981398423611,21.8746570080123,16.272410358565747,3.7696533434362633,11.847862672500842,18.89923974729628,-14.759036144578308,9.900692145651524,9.417188014487987,3.7696533434362633,True,False
GHM,vcp,90.63999938964844,82.25,83.62000274658203,,,,False,2.0,30%->9%,29.717908641808783,9.256398329815765,0.6744562046837236,22.0,,,,,,-7.744921326497854,1.638367258530173,False,-21.42857142857142,-57.49999999999997,78.57142857142856,-6.666666666666654,94.11764705882337,-31.99999999999994,-10.71428571428572,-33.33333333333333,-57.49999999999997,True,49.509812986342595,28.574260637626825,13.030583873957369,20.545527988604718,23.269794447659777,6.356778675571717,18.30126452796248,-14.124524815605731,18.995440373420802,13.030583873957369,True,False
GHRS,vcp,28.6200008392334,26.520000457763672,28.719999313354492,,,,True,2.0,13%->7%,13.444555614593032,7.337527323168228,0.8079930495221547,20.0,,,,,,0.34940066802518044,7.660163329348843,True,,,,,,,,,,False,48.509795844351856,,,,,,,,,,False,False
GM,vcp,91.6604405793407,82.86000061035156,86.62000274658203,,,,False,2.0,13%->10%,13.101512300809715,9.601132084207617,0.5711788754325721,64.0,,,,,,-5.4990329534753855,4.340801220280308,False,-26.178010471204193,-15.820895522388067,,-49.626865671641795,-50.0,,-347.40740740740745,-29.31937172774869,-49.626865671641795,False,32.50979063284723,2.083090345004557,-1.284463510699685,-5.995550356659551,-1.0707499720576719,11.215024524130213,-3.991704282054409,-7.391088214027475,3.235438195432594,-5.995550356659551,True,False
GPRE,vcp,16.030000686645508,14.329999923706055,15.09000015258789,,,,False,2.0,19%->11%,18.998791514024134,10.60511971378587,0.7141501224555705,18.0,,,,,,-5.864008071070924,5.036449444644294,False,,,,-75.36231884057972,97.61904761904762,61.53846153846152,52.941176470588225,,-75.36231884057972,False,47.50978961164352,-30.69845442596202,19.115103498298282,2.3666917238536422,14.537027553006254,7.428919387324928,1.1441430771052863,-5.62051465492186,-32.422305821208965,-30.69845442596202,True,False
GSAT,vcp,84.69999694824219,78.36000061035156,82.5199966430664,,,,False,3.0,20%->9%->7%,20.080376921720777,7.485237976767367,0.7496570129113497,121.0,,,,,,-2.5737902995532793,5.041197530228426,False,-276.9230769230769,,,-116.66666666666667,,,,-107.6923076923077,-276.9230769230769,False,48.50978523758102,-3.538452373860723,16.711087420042638,17.62753976167515,2.127041641888061,-7.55309431377027,-2.6361501368797002,-2.551289863904127,9.973491392148691,-3.538452373860723,True,False
HCSG,vcp,23.649999618530273,21.25,21.489999771118164,,,,False,3.0,17%->14%->10%,16.920671738519573,10.147990094045596,0.5454025044722719,42.0,,,,,,-9.133191891130958,1.1167974577678481,False,,60.86956521739128,186.66666666666666,210.52631578947367,-13.513513513513509,-13.953488372093037,-27.118644067796595,,60.86956521739128,False,33.50978544899306,2.686421325609434,3.3739741143988145,6.594154568627619,8.45243127976476,1.7378113344541202,-0.8391152862120221,0.5048046896872549,1.2752703978922142,2.686421325609434,True,False
HLF,vcp,13.170000076293945,11.649999618530273,11.6899995803833,,,,False,2.0,20%->12%,19.923078096829926,11.541385337572466,0.6650076735631106,15.0,,,,,,-11.237665051913337,0.3421724832236118,False,-152.08333333333334,16.326530612244895,-53.714285714285694,-8.695652173913048,-143.859649122807,-29.62962962962966,92.85714285714293,-12.5,-152.08333333333334,True,47.84309950199074,5.376856484790715,7.816976344438076,6.261388106675492,2.6928968797871544,0.728818706346801,2.6656274356975818,0.7301562377325821,1.1595584147406912,2.6928968797871544,True,False
HMY,vcp,21.100000381469727,18.889999389648438,19.979999542236328,,,,False,2.0,20%->10%,19.712958932103785,10.473938160504199,0.637757128217661,17.0,,,,,,-5.308060753482245,5.455456344149089,False,,,,,,,,,,False,167.50975962166666,,,,,,,,,,False,False
HPE,vcp,62.150001525878906,55.02000045776367,61.040000915527344,,,,False,2.0,18%->11%,18.078334878655564,11.47224600653685,0.8340144012528748,14.0,,,,,,-1.786002547223373,9.862385923117351,False,404.7619047619048,,-29.54545454545454,-87.25490196078431,140.9090909090909,41.93548387096775,138.46153846153854,-38.095238095238116,-87.25490196078431,False,76.84308863313657,32.95819935691318,39.10428662827896,18.10945273631841,14.328703703703694,14.110937356268982,14.479780960404387,-3.867179591010328,5.873526259378359,14.328703703703694,True,False
HPQ,vcp,36.22999954223633,32.560001373291016,34.65999984741211,,,,False,2.0,13%->10%,13.298736473151507,10.129721819805408,0.5470848564332952,15.0,,,,,,-4.333424550541159,6.058853096844114,False,-11.250000000000004,16.666666666666675,-1.6949152542372947,-9.677419354838745,44.89795918367348,-15.517241379310342,-30.952380952380942,4.999999999999982,-11.250000000000004,True,67.84308531681712,12.525122021246048,8.986384266263236,6.916469194312791,4.155104944859489,8.807606885063857,-0.20778501177448616,-1.3730446068720537,5.074648291702566,4.155104944859489,True,False
HRTG,vcp,34.959999084472656,32.439998626708984,35.41999816894531,,,,True,2.0,13%->7%,12.520547109107449,7.208239484430994,0.33085990948321226,29.0,,,,,,1.315786889356536,8.413324947173656,True,32.258064516129025,20.2020202020202,225.75757575757595,503.70370370370364,72.2689075630252,-44.65116279069768,31.901840490797582,5.161290322580636,20.2020202020202,True,47.843084495474535,2.9610402095801236,0.5380105900151255,2.403180778358527,0.2879409390650789,0.7227567267631629,-1.234464693752435,1.3447300420316388,2.1265652414257152,0.2879409390650789,True,False
HSBC,vcp,107.43000030517578,99.87000274658203,102.83999633789062,,,,False,2.0,10%->7%,9.925738792982814,7.0371381710119225,0.6298949295828282,74.0,,,,,,-4.272553247925495,2.887975201351035,False,,,,,,,,,,False,39.50975721342593,,,,,,,,,,False,False
HSHP,vcp,17.059999465942383,15.8100004196167,19.329999923706055,,,,True,2.0,10%->7%,9.869646563303391,7.327075530225607,0.7804625391471934,30.0,,,,,,13.305981997803531,18.210033719516343,False,,,,,,,,,,False,54.50976071893519,,,,,,,,,,False,False
HUM,vcp,419.9700012207031,380.4100036621094,384.5199890136719,,,,False,2.0,18%->9%,17.531710871424565,9.41971984751457,0.522464512011986,44.0,,,,,,-8.441082006807795,1.0688612995399744,False,-4.563106796116512,,-59.29648241206029,-19.75088967971531,,-506.7901234567901,-64.07982261640798,-56.21359223300971,-59.29648241206029,False,49.50974228777778,25.712143928035978,28.55917667238421,45.058930190389844,27.27272727272727,11.874583055370236,-6.312499999999998,14.28571428571428,4.94752623688155,25.712143928035978,True,False
IAG,vcp,21.0,19.149999618530273,20.15999984741211,,,,False,2.0,14%->9%,13.7544791075249,8.809525626046318,0.7727024485309947,16.0,,,,,,-4.000000726609003,5.009921808166517,False,,,,,,,,,,False,46.84306206295139,,,,,,,,,,False,False
IBIO,vcp,1.350000023841858,1.1699999570846558,1.25,,,,False,2.0,18%->13%,18.24324171938456,13.333338042836045,0.38491090839336717,16.0,,,,,,-7.407409042651405,6.400003433227538,False,,,,,,,,,,False,,-100.0,,300.0,,-100.0,-50.0,,-100.0,-100.0,False,False
IMMX,vcp,13.289999961853027,11.75,12.720000267028809,,,,False,2.0,21%->12%,21.125830817675286,11.587659640883135,0.7792845298878692,16.0,,,,,,-4.288936767948219,7.625788102718219,False,,,,,,,,,,False,49.84305440892361,,,,,,,,,,False,False
IMPP,vcp,5.510000228881836,5.059999942779541,5.789999961853027,,,,True,2.0,11%->8%,10.800743688389664,8.166974000173772,0.8302657537426018,18.0,,,,,,5.081664634123123,12.607945144784727,False,,,,,,,,,,False,,,,,,,,,,,False,False
INBX,vcp,115.11000061035156,99.05500030517578,104.7300033569336,,,,False,3.0,28%->17%->14%,27.625503182869554,13.947528642209036,0.5364834943639292,11.0,,,,,,-9.017459124645788,5.418698433930778,False,,,,,,,,,,False,56.843056219756946,,-100.0,,1200.0,,,-100.0,,-100.0,False,False
INCY,vcp,130.8000030517578,119.97000122070312,127.62000274658203,,,,False,2.0,13%->8%,12.692314242663528,8.279817720469957,0.4910910729527779,36.0,,,,,,-2.431192837141945,5.994359317692298,False,83.74999999999999,62.22222222222222,290.7407407407407,,0.6849315068493178,-30.805687203791464,3.4313725490195957,154.99999999999997,62.22222222222222,False,39.50971954623842,20.8736268850354,27.83893753955635,20.04700005536655,16.456864084525268,-15.539790355281102,10.311644387179907,12.377409341940826,15.44603560838751,16.456864084525268,True,False
INNV,vcp,11.4399995803833,10.489999771118164,10.699999809265137,,,,False,2.0,15%->8%,14.770492409416768,8.30419444152905,0.3556803170409511,6.0,,,,,,-6.468529705080376,1.9626172139286722,False,,,,,,-375.0,33.33333333333335,,,False,46.84305376864583,18.307168406980523,15.494952828891261,14.693371738620753,15.093447465657928,3.97232707398103,5.104126687469757,1.5260159674721052,6.634118582216275,14.693371738620753,True,False
INSW,vcp,97.4190883791096,88.64413617676314,110.52999877929688,,,,True,2.0,12%->9%,12.320708369762901,9.007425904252397,0.8194991347094379,32.0,,,,,,13.458256095731198,19.80083492648434,False,372.79999999999995,475.0,260.5633802816898,-22.826086956521753,2.7826086956521667,124.60937499999996,80.28169014084511,13.59999999999999,-22.826086956521753,True,48.50971391841435,138.849218722047,77.4736359968156,37.64702255245025,-12.79008836982104,43.57034005579521,21.501125508158523,36.402937042996506,0.38182180626760154,-12.79008836982104,True,False
INTT,vcp,11.829999923706055,10.5600004196167,10.640000343322754,,,,False,2.0,28%->11%,27.52809086587602,10.735414304985854,0.8061035350191977,22.0,,,,,,-10.059168115450861,0.7518789579387514,False,,-23.076923076923073,-300.0,-300.0,-40.0,,,,-300.0,False,47.50970972146991,27.214025603483872,-10.329754391716527,-13.332452431289642,-17.242799564590626,3.2417281091950523,25.10291202927275,-6.733025239957335,5.6049855464203935,-17.242799564590626,True,False
INVX,vcp,31.559999465942383,28.65999984741211,29.170000076293945,,,,False,3.0,17%->12%->9%,17.472558735136428,9.18884558809887,0.6768622187687635,31.0,,,,,,-7.57287525377679,1.7483723947478012,False,63.636363636363626,-214.28571428571428,,-71.35678391959799,,-220.00000000000003,-64.91228070175438,159.0909090909091,-214.28571428571428,False,46.843044097453706,9.214481300783994,-0.5756712351558724,9.14088085939837,58.08506293761568,2.4536566386786696,-12.635507050387062,14.000833333333329,7.031047923151701,-0.5756712351558724,True,False
IQV,vcp,271.79998779296875,252.52999877929688,269.44000244140625,,,,False,3.0,15%->10%->7%,14.925525775255025,7.0897681674474216,0.7302144848631205,69.0,,,,,,-0.8682801536253605,6.275981112265135,False,15.000000000000014,23.23651452282156,24.51612903225806,-21.82741116751269,-45.791245791245785,53.88601036269429,25.324675324675326,10.000000000000009,-21.82741116751269,True,46.50969069554398,8.40950639853748,10.257705912076798,5.236139630390135,5.322496067121141,-4.880843263061408,6.439024390243908,2.066218571072942,4.909898145729952,5.236139630390135,True,False
IRDM,vcp,50.80444194362045,45.81071216488614,47.47999954223633,,,,False,2.0,23%->10%,22.682756869318368,9.829317255912459,0.4380509307468205,53.0,,,,,,-6.543605783670217,3.5157695733869065,False,-55.00000000000001,-25.92592592592593,-19.999999999999986,66.66666666666666,-55.00000000000001,-16.666666666666664,-31.428571428571427,74.99999999999997,-55.00000000000001,True,34.50968276570602,3.840834278443195,1.944824505067988,-0.023944673718612197,6.656922230943119,2.821183527575011,2.8726401803324864,-6.166964108665473,4.62366186274239,-0.023944673718612197,True,False
JNJ,vcp,281.07000732421875,260.67999267578125,270.2200012207031,,,,False,2.0,9%->7%,8.897774329519706,7.254425629596718,0.7366176935866429,36.0,,,,,,-3.8602504076502084,3.5304598112002967,False,-0.8733624454148492,-52.863436123348016,47.51773049645389,90.990990990991,6.074766355140171,2.8846153846153966,-1.8867924528301883,-7.423580786026196,-52.863436123348016,True,25.5096882971875,6.5998399528282015,9.907276298360213,9.07637655417406,6.7731743135597045,5.186601280026593,-2.0436411007979105,2.379860792731203,1.0529419197237155,6.5998399528282015,True,False
JWEL,vcp,2.4000000953674316,2.0850000381469727,2.2100000381469727,,,,False,3.0,22%->16%->13%,21.75438267739221,13.125001862645075,0.3186306780776827,13.0,,,,,,-7.916668736272306,5.656108499654563,False,,,,,,,,,,False,,,,,,,,,,,False,False
KARO,vcp,68.80000305175781,63.029998779296875,68.70999908447266,,,,False,2.0,10%->8%,10.47065660292626,8.386633744943586,0.481624531835206,30.0,,,,,,-0.1308197140884526,8.266628410506513,False,,,,,,,,,,False,25.84302242744213,,,,,,,,,,False,False
KEYS,vcp,339.17999267578125,311.43499755859375,331.44000244140625,,,,False,2.0,16%->8%,16.254472672896224,8.180021144026812,0.45685005797209854,22.0,,,,,,-2.2819713430955755,6.03578467760514,False,109.09090909090904,35.570469798657726,68.04123711340206,,13.861386138613852,23.926380368098176,20.740740740740726,22.72727272727273,35.570469798657726,False,67.84302236561342,41.34762633996938,32.28043143297381,31.470829909613805,,7.513104251601632,7.312500000000011,18.343195266272193,3.522205206738138,31.470829909613805,False,False
KINS,vcp,20.469999313354492,19.020000457763672,19.940000534057617,,,,False,2.0,11%->7%,11.483251567724569,7.083531530188429,0.4115906717716672,29.0,,,,,,-2.5891489842459707,4.613841783617712,False,34.61538461538463,-248.14814814814815,147.72727272727272,34.545454545454525,,-136.69724770642202,47.29729729729728,-5.128205128205132,-248.14814814814815,True,48.84302204518519,25.92757299920896,18.370665427032627,34.00742411191124,36.49774667387167,10.167687437591733,5.9454169906211,1.3813703573730463,6.420738483281485,18.370665427032627,True,False
KLIC,vcp,86.54000091552734,78.30999755859375,81.91999816894531,,,,False,2.0,27%->10%,26.878809439580785,9.510056933055724,0.7954908220271348,22.0,,,,,,-5.3385748760179315,4.4067391248063545,False,,,-78.80794701986756,-31.428571428571452,62.12121212121213,106.25,122.2222222222221,,-78.80794701986756,False,61.84301665730324,122.6280716648811,49.778993246329925,20.166261346945657,-2.074244839206041,36.18318282424027,21.5383844708829,12.42805167888803,19.63776758100706,-2.074244839206041,True,False
KNSA,vcp,81.56600189208984,74.47000122070312,79.33000183105469,,,,False,2.0,14%->9%,13.89558860215956,8.699703929064198,0.48823097123521175,35.0,,,,,,-2.7413383139624017,6.126308456038704,False,145.45454545454547,,,,50.000000000000064,-21.739130434782638,0.0,109.09090909090908,145.45454545454547,False,39.50967939884259,55.50749355880538,64.95315662335967,61.16972926729285,44.339092892452435,6.005630123635131,11.76190871139864,15.34340580495801,13.798308959610983,44.339092892452435,True,False
KOP,vcp,47.72708411901884,44.07419821889442,46.18000030517578,,,,False,2.0,17%->8%,16.79245794743866,7.653695941313064,0.6567218627077782,29.0,,,,,,-3.2415217531099065,4.5599871640653555,False,-1051.8518518518517,,,7.339449541284382,-2302.8571428571427,-75.69444444444446,23.07692307692313,44.44444444444442,-1051.8518518518517,False,49.50966024013889,3.030903328050716,-0.2628696604600189,-9.287211740041935,-12.448132780082988,14.232374258730518,5.223018257453194,-10.838656501133315,-3.8629160063391454,-12.448132780082988,True,False
KRNY,vcp,10.239999771118164,9.449999809265137,9.649999618530273,,,,False,2.0,10%->8%,10.34836105226032,7.714843549911161,0.8049125434163182,44.0,,,,,,-5.761720368900606,2.072536965505055,False,0.0,45.45454545454546,49.99999999999998,49.99999999999998,-31.25000000000001,6.666666666666665,0.0,36.363636363636374,0.0,True,34.509659487777775,41.4049766380528,29.261614555732194,12.747997855153681,8.90380724664337,6.704475572258284,12.260865563106949,10.085963756734383,7.231337607301969,8.90380724664337,True,False
KRYS,vcp,373.30999755859375,331.7950134277344,338.75,,,,False,2.0,20%->11%,19.506778045075375,11.120780156535533,0.4149592373722124,35.0,,,,,,-9.2577208712899,2.053132567458487,False,38.759689922480625,52.500000000000014,10.457516339869244,192.30769230769232,-2.1857923497267784,8.284023668639096,-36.46616541353386,106.20155038759691,10.457516339869244,True,45.5096607037037,24.135274150892315,31.949468718460473,17.51700680272108,16.64937202561991,2.4622498001839244,8.638252182437789,9.51431492842536,1.8304491784844057,16.64937202561991,True,False
KYN,vcp,14.985251194892745,13.83937798914401,14.430000305175781,,,,False,2.0,10%->8%,9.863634385597857,7.64667332463049,0.7468474797578751,82.0,,,,,,-3.705315863548581,4.093016656554925,False,,,,,,,,,,False,,,,,,,,,,,False,False
LASR,vcp,42.435001373291016,37.33000183105469,38.43000030517578,,,,False,2.0,29%->12%,28.532108691854212,12.030162311835019,0.737017290107057,21.0,,,,,,-9.437966156485196,2.862343131371105,False,,,,,-300.0,,,,,False,48.84297181962963,33.78310520774277,55.18502748316172,71.34505392456892,18.908229257603026,3.005699604644496,-1.236681653014715,21.640046747175703,8.110472179476801,18.908229257603026,True,False
LB,vcp,91.56579933648786,81.75,85.93000030517578,,,,False,2.0,16%->11%,15.909092911334705,10.71994064117385,0.5810771002383439,26.0,,,,,,-6.15491708929611,4.864424869464372,False,66.66666666666667,14.999999999999991,,,73.91304347826086,-4.1666666666666625,-7.692307692307699,8.333333333333348,14.999999999999991,False,52.84298833287038,40.6180969011003,16.049691702122825,55.55616438356164,78.43577772317197,31.04597588471718,-10.167670576631792,11.699553422124298,6.938337575999842,16.049691702122825,True,False
LIND,vcp,26.610000610351562,24.309999465942383,27.719999313354492,,,,True,2.0,29%->9%,29.199998038155695,8.64337125762581,0.7351626674064142,23.0,,,,,,4.171359179041615,12.301587055845614,False,,,,-100.0,-122.22222222222223,,,,-100.0,False,46.50963524077546,18.638244663431493,15.742178153916342,23.26373234460901,16.58551976893765,-4.214159691942331,13.555991068942742,-23.72924404177007,43.00634136175534,15.742178153916342,True,False
LIVN,vcp,83.5199966430664,77.1500015258789,77.79000091552734,,,,False,2.0,13%->8%,12.93144087108183,7.626910169082627,0.4357948696691468,31.0,,,,,,-6.8606273441639924,0.8227270627537553,False,286.0,,-45.19230769230775,-18.333333333333336,382.49999999999994,-29.8245614035087,16.32653061224478,-2.0000000000000018,-45.19230769230775,False,47.50963071766204,10.797279050504361,14.329267330482388,12.146474846968891,12.45850622406639,7.8201171540725145,0.3704411768780336,0.8855271653906538,1.4833032644585797,10.797279050504361,True,False
LOMA,vcp,10.5600004196167,9.460000038146973,9.550000190734863,,,,False,2.0,27%->10%,26.758282106425273,10.416669865148108,0.7240033035513176,40.0,,,,,,-9.564395726780628,0.9424099559202752,False,,,,,,,,,,False,48.84296031936342,,,,,,,,,,False,False
LONA,vcp,7.800000190734863,6.696000099182129,6.949999809265137,,,,False,2.0,20%->14%,19.64285349359301,14.153846981492482,0.4598779915532614,12.0,,,,,,-10.89744052159626,3.654672187823623,False,,,-398.5781990521327,,,,,,-398.5781990521327,False,,,,,,,,,,,False,False
LSTR,vcp,193.57854562417273,165.05999755859375,171.13999938964844,,,,False,2.0,23%->15%,22.574384680828512,14.732287596037082,0.6281130732906398,44.0,,,,,,-11.591442720149422,3.552648038295156,False,36.47058823529412,-46.15384615384613,-60.2836879432624,-18.918918918918926,65.71428571428567,25.00000000000002,-53.33333333333332,41.176470588235304,-60.2836879432624,True,39.84295890679398,1.5712308623821558,-2.9359882356044364,-0.7464347271982308,-1.1025841995215946,-0.27761406464696936,-2.5783921389857967,-0.5277702796120831,5.104402733327573,-2.9359882356044364,True,False
LUNG,vcp,2.005000114440918,1.8300000429153442,1.9800000190734863,,,,False,2.0,25%->9%,25.462008218832032,8.728182620297327,0.6941745315914268,10.0,,,,,,-1.2468874783282875,7.575756298645518,False,,,,,,,,,,False,54.84297148966435,-4.622993419673915,-8.660928210134,-4.910582789816953,5.469171530877515,10.541144467113561,-8.903442782547133,5.097200260440893,-9.878871704597847,-8.660928210134,True,False
MDGL,vcp,552.0800170898438,513.3599853515625,534.4000244140625,,,,False,3.0,21%->9%->7%,21.04807383725374,7.0134818395319805,0.3495218491358978,37.0,,,,,,-3.2024330040013136,3.9371328782346406,False,,,,,,,,,,False,47.509628298900466,71.16944389620399,126.83934426229509,210.76558265582656,362.0313630880579,16.996052509017566,-3.0353522297972835,11.771238007714047,34.99309217018638,71.16944389620399,True,False
MEDP,vcp,629.6900024414062,577.6400146484375,615.1799926757812,,,,False,2.0,17%->8%,16.883022287239953,8.265970174397376,0.40329503043018006,39.0,,,,,,-2.304310011174932,6.102275508678396,False,37.09677419354838,16.621253405994562,26.702997275204375,28.239202657807304,-0.7009345794392607,-7.95698924731183,20.46632124352332,24.51612903225806,16.621253405994562,True,31.842958311296297,17.241522199993042,26.502318420251726,32.02842398931025,23.735601902808277,0.10288648238616638,-0.26056884748394404,7.356687270704931,9.380236726994863,17.241522199993042,True,False
MEI,vcp,14.65999984741211,12.9399995803833,13.520000457763672,,,,False,2.0,20%->12%,20.059168438864454,11.7326076734744,0.6244610720146867,8.0,,,,,,-7.776257854802629,4.289947172652007,False,,,,,-3299.9999999999973,,,,,False,75.84295819329861,10.353430353430348,15.94710229482692,-2.5844101709045386,-15.61859193438141,-10.969473331096946,27.556696619597766,-5.34629404617254,2.6611226611226613,-15.61859193438141,True,False
MFC,vcp,44.517941593801226,41.33454669996313,44.04999923706055,,,,False,2.0,9%->7%,8.51273738851591,7.150813312269949,0.6905932922803283,87.0,,,,,,-1.051132060440629,6.164478057045755,False,,,,,,,,,,False,47.842958327719906,,,,,,,,,,False,False
MGA,vcp,69.2300033569336,63.099998474121094,64.81999969482422,,,,False,2.0,14%->9%,14.01256755692245,8.854549451930023,0.7879933839467226,18.0,,,,,,-6.370075759454227,2.653503901266548,False,,,,,,,,,,False,42.50961858494213,,,,,,,,,,False,False
MLI,vcp,64.48027897345447,57.81999969482422,60.33000183105469,,,,False,3.0,23%->16%->10%,23.185332562774917,10.329172554250562,0.6570228924631354,64.0,,,,,,-6.4365061821590315,4.160454268274948,False,1.8018018018017834,55.395683453237424,104.95867768595045,27.027027027027017,-47.6851851851852,-12.903225806451623,31.914893617021313,69.36936936936935,1.8018018018017834,True,32.509608600127315,25.457465604965158,19.280818664920286,4.206549609327626,8.01668819669863,19.691283775005132,23.96338263792557,-10.710375719969123,-5.3022695143884135,4.206549609327626,True,False
MRVL,vcp,241.8800048828125,213.6300048828125,240.75999450683594,,,,False,2.0,21%->12%,21.201889117151417,11.679344894046423,0.5624418816799285,14.0,,,,,,-0.46304380410410195,11.268479084158283,False,50.0,-80.0,95.65217391304337,,725.0,-91.11111111111111,-79.54545454545456,900.0,-80.0,False,74.8429151239699,36.54852699267235,27.568195008705754,22.080994827775946,36.83134357891959,13.297212341798325,8.973723351512142,6.951072547601833,3.409600717810668,22.080994827775946,True,False
MS,vcp,222.0,200.25979614257812,203.52000427246094,,,,False,2.0,13%->10%,12.620022320353403,9.792884620460304,0.6639522135637683,45.0,,,,,,-8.32432239979237,1.6019104075480621,False,62.44131455399062,31.92307692307692,20.179372197309455,48.93617021276595,0.8746355685131046,27.985074626865615,-4.285714285714226,31.45539906103285,20.179372197309455,True,26.509581148124997,,,,,,,,,,False,False
MTC,vcp,4.849999904632568,4.431000232696533,6.559999942779541,,,,True,2.0,12%->9%,11.899995803833008,8.639168663401824,0.20642570281124498,7.0,,,,,,35.2577334385849,32.454264156303154,False,,,,,,,,,,False,,,,,,,,,,,False,False
MUR,vcp,40.689998626708984,37.52000045776367,37.689998626708984,,,,False,3.0,18%->13%->8%,18.220660999098623,7.79060770688874,0.7623442729809502,33.0,,,,,,-7.3728191232496005,0.45104318158516316,False,893.75,-26.0,-77.14285714285715,-102.15053763440861,329.72972972972974,362.5000000000003,,-112.5,-102.15053763440861,True,47.84291353377315,35.61403380351798,8.862991095982053,-8.436707518511765,-4.275667214131229,26.486917528954578,19.454104168433695,-14.963535034939234,5.5486666715466315,-8.436707518511765,True,False
NEM,vcp,130.7100067138672,120.0,124.38999938964844,,,,False,2.0,10%->8%,10.155955847293727,8.193715984815224,0.7063382985213458,16.0,,,,,,-4.835136561543955,3.5292221329601254,False,11.351351351351347,78.57142857142858,-3.252032520325243,108.74999999999999,-31.333333333333336,152.10084033613458,-28.742514970059908,-9.72972972972974,-3.252032520325243,True,34.84291365699074,15.064886214030459,45.84830339321358,20.629865534324132,19.95656894679696,-16.27206788011496,7.172191258433558,23.425054308472127,3.8931728418281075,15.064886214030459,True,False
NEOG,vcp,12.260000228881836,11.369999885559082,12.829999923706055,,,,True,2.0,13%->7%,13.229577528969806,7.259382762702654,0.44049396646363304,32.0,,,,,,4.649263329387435,11.379579476452866,False,,,,,,,-141.1764705882353,,,False,18.842914441203703,-0.05278589773730635,-4.434389140271488,-2.8396855460135484,-3.583543813720247,6.685606060606064,-6.004245830941157,7.410523497889465,-7.20815830446373,-4.434389140271488,True,False
NUE,vcp,280.1099853515625,238.6199951171875,265.1400146484375,,,,False,2.0,21%->15%,20.58432061490983,14.812035416124647,0.6485489259457964,65.0,,,,,,-5.344318834023849,10.002269769206368,False,93.84615384615384,382.08955223880594,27.55905511811012,150.47619047619048,56.03715170278638,99.38271604938281,-38.40304182509509,1.1538461538461497,27.55905511811012,True,38.84288591041667,22.95411542100283,21.27713920817369,8.634821933295655,14.468027941966689,9.488205560235885,23.53323793417459,-9.787583616946371,0.7686849574266796,8.634821933295655,True,False
NVGS,vcp,22.47609971783167,19.655373832494675,25.059999465942383,,,,True,2.0,21%->13%,20.98446157237198,12.549890420263349,0.6828281551762129,67.0,,,,,,11.496210554986758,21.566742811757944,False,,,,,,,,,,False,47.842860911469906,,,,,,,,,,False,False
NWE,vcp,73.43835485182716,67.3499984741211,69.30000305175781,,,,False,2.0,11%->8%,11.163878020708095,8.290431328411742,0.7052403860954156,91.0,,,,,,-5.6351368551475405,2.813859295475538,False,14.285714285714302,-17.599999999999994,-45.03816793893128,-18.42105263157895,-61.165048543689316,43.055555555555515,16.129032258064548,77.14285714285715,-45.03816793893128,True,40.84285839304398,3.280168522419502,-0.907441016333943,-14.53396524486572,25.447445493003574,4.761904761904767,-24.30683918669131,12.269779507133594,16.009629852542883,-14.53396524486572,True,False
NXG,vcp,62.09023689079536,53.70000076293945,54.630001068115234,,,,False,2.0,17%->14%,17.121864351658513,13.51297168122051,0.5733934137358891,54.0,,,,,,-12.015151167487456,1.7023618652619346,False,,,,,,,,,,False,,,,,,,,,,,False,False
ODC,vcp,95.06999969482422,84.33999633789062,87.62000274658203,,,,False,2.0,17%->11%,16.95541288758438,11.286424099481462,0.6411250171423801,36.0,,,,,,-7.836327939577956,3.743444768174646,False,-17.567567567567565,110.00000000000001,283.33333333333337,37.83783783783781,-3.1746031746031744,36.95652173913042,-9.80392156862745,-31.081081081081074,-17.567567567567565,True,20.842852135601852,9.374810607700358,0.7039362266281213,-5.829848763140411,10.122952982357392,7.2976209687693805,-2.281592882160588,-3.7743986199405777,8.407719413684722,-5.829848763140411,True,False
OIS,vcp,9.079999923706055,8.270000457763672,8.399999618530273,,,,False,3.0,19%->13%->9%,19.00000042385525,8.92069903907859,0.703195168533526,39.0,,,,,,-7.488990208033341,1.547609127026927,False,100.0,-60.00000000000001,-929.1666666666667,,400.0,,-6733.333333333334,-40.0,-929.1666666666667,False,41.509515124270834,-5.28819994437929,-9.112906251172326,8.426136881436253,-5.258448620001377,7.77089080440001,-18.547718307333692,8.042135851798049,-0.13663349576193973,-9.112906251172326,True,False
OKE,vcp,99.8499984741211,91.75,93.22000122070312,,,,False,2.0,12%->8%,11.894698548270824,8.1121668481752,0.7613477678495736,38.0,,,,,,-6.639957290671685,1.5769161139816141,False,14.179104477611926,18.26923076923077,-1.273885350318471,26.271186440677962,24.390243902439025,-20.645161290322577,4.026845637583887,11.194029850746269,-1.273885350318471,True,39.84285580113426,52.770381640674536,19.582245430809397,29.499999999999993,71.8893091777822,25.275525057184446,6.1003861003861015,4.99189251795229,9.471281856219104,19.582245430809397,True,False
OOMA,vcp,23.809999465942383,22.110000610351562,22.350000381469727,,,,False,2.0,18%->7%,17.831233222851797,7.1398525565802045,0.815164345043793,14.0,,,,,,-6.13187365485256,1.0738244609478693,False,150.0,,,,11.111111111111116,-40.000000000000014,200.00000000000006,25.0,150.0,False,80.8428358483449,25.4113676089446,24.78894031893464,14.573636265880152,3.8355827844058554,2.5619539365857813,8.802155958382496,10.290573012939008,1.9001265746489082,3.8355827844058554,True,False
PACS,vcp,45.849998474121094,41.470001220703125,42.060001373291016,,,,False,3.0,18%->16%->10%,18.479164441426597,9.55288418578716,0.6982415943847399,37.0,,,,,,-8.266079011909344,1.4027582817972828,False,51.61290322580645,194.1176470588235,90.90909090909089,219.99999999999997,-6.000000000000005,19.04761904761907,31.24999999999998,3.2258064516129004,51.61290322580645,True,52.84284745703704,9.062397574722226,11.196216087111432,12.420872908954061,31.244117796375193,0.5308603980819226,4.5843132258047925,0.997915646930525,2.7062047657502752,9.062397574722226,True,False
PANL,vcp,7.679248755376118,6.528595977521186,8.40999984741211,,,,True,2.0,19%->15%,19.158297599384255,14.983923747090222,0.5528960589775112,65.0,,,,,,9.51591900867131,22.37103334157445,False,,,-5.263157894736848,72.72727272727273,-23.809523809523803,16.666666666666675,-5.263157894736848,,-5.263157894736848,False,48.842834080069444,19.420635781707716,38.90653246689793,24.940001098150134,10.158875027476078,9.695743932465707,-7.233062784671807,9.017816535205903,7.646249577187936,10.158875027476078,True,False
PEB,vcp,18.790000915527344,17.40999984741211,17.989999771118164,,,,False,2.0,11%->7%,11.15070618517054,7.344337418178909,0.8028305473816463,32.0,,,,,,-4.257589704256422,3.2240129576722327,False,183.33333333333334,,,-254.16666666666669,,,,-716.6666666666667,-254.16666666666669,False,47.8428340417824,-0.09692371490196416,7.927785028694889,3.382109004739342,-1.435493041307201,17.78820561483092,-0.9632741004761969,-12.466047857785977,-2.1627484130275265,-1.435493041307201,True,False
PENG,vcp,53.237998962402344,46.189998626708984,52.54999923706055,,,,False,3.0,25%->16%->13%,25.36882175692134,13.238665000671396,0.6979875795927993,22.0,,,,,,-1.2923095134129194,12.102760614059559,False,,544.4444444444445,-60.00000000000001,,17.24137931034484,1349.9999999999998,-60.00000000000001,,-60.00000000000001,False,18.842819743796298,47.63655316406117,-6.161102432431697,0.5772466886737604,8.604908275161648,39.56687920372946,-0.02098690941525483,1.5237244097750402,4.2161782076231,-6.161102432431697,True,False
PESI,vcp,19.18000030517578,17.719999313354492,17.889999389648438,,,,False,3.0,25%->9%->8%,25.46904047479741,7.612100983269032,0.46485641613109924,25.0,,,,,,-6.725760662158244,0.9502519960526731,False,,,,,,,,,,False,53.84281592175926,-11.661867544220483,-20.066096702349313,6.890219017820698,3.818700927908636,15.809814848103532,-29.201399936366524,-9.963332187464191,19.66269025092555,-20.066096702349313,True,False
PFAI,vcp,3.0199999809265137,2.640000104904175,2.809999942779541,,,,False,3.0,22%->16%->13%,21.824099428160405,12.582777431202425,0.75,13.0,,,,,,-6.953643691168045,6.049816417690353,False,,,,,,,,,,False,,,,,,,,,,,False,False
PFG,vcp,114.0329094812437,105.47795640271507,115.94000244140625,,,,True,2.0,12%->8%,12.16908120248647,7.502179079220786,0.8157241462823928,140.0,,,,,,1.6724057720163887,9.023672432626084,True,819.047619047619,-41.326530612244895,,20.134228187919454,-16.086956521739125,142.10526315789474,-46.92737430167598,752.3809523809524,-41.326530612244895,False,38.84280991972222,-4.513109120917768,-3.6889730639730667,22.24731039978749,-14.834833441588568,-22.889855135796534,24.31279878313777,0.280554571949998,-0.6656024243080205,-14.834833441588568,True,False
PGC,vcp,47.99804207260118,44.22999954223633,45.40999984741211,,,,False,2.0,14%->8%,13.695561997560926,7.850408824312797,0.6215102019516777,53.0,,,,,,-5.39197457528462,2.598547256421162,False,91.1111111111111,86.046511627907,30.769230769230795,25.581395348837212,7.499999999999996,17.64705882352939,25.925925925925952,19.999999999999996,25.581395348837212,True,40.842786374675924,16.85780967677173,17.80841915277631,16.339644058864078,16.74772210381772,4.911513895303643,3.1111885472021372,5.480308014628865,2.413546476611117,16.339644058864078,True,True
PGEN,vcp,7.269999980926514,6.539999961853027,7.869999885559082,,,,True,2.0,15%->10%,14.507770932611358,10.041265763255925,0.5686624482234665,15.0,,,,,,8.253093620450084,16.899618081907658,False,,,,,,,,,,False,55.84278939722222,3011.375212224109,1156.185845488925,-51.44639818491208,-91.98062432723358,136.44417684500257,2616.355140186916,-36.16703952274422,-24.10865874363328,-91.98062432723358,True,False
PHVS,vcp,40.599998474121094,37.0,38.0,,,,False,2.0,14%->9%,14.450867052023122,8.866991648819331,0.41525498402907807,7.0,,,,,,-6.403937369057693,2.631578947368421,False,,,,,,,,,,False,55.50945295945602,,,,,,,,,,False,False
PKOH,vcp,47.34000015258789,44.0,46.18000030517578,,,,False,3.0,13%->9%->7%,13.17435828492821,7.055344617284091,0.6475000000000001,24.0,,,,,,-2.4503587741300352,4.720658923277336,False,30.303030303030297,-5.000000000000004,,-47.945205479452056,50.877192982456144,850.0000000000026,-84.21052631578951,-42.42424242424243,-47.945205479452056,False,47.84278854461805,9.997500624843791,3.848051307350775,1.6992790937178093,-4.549808429118773,4.536817102137758,6.582278481012649,-0.9031610637230347,-0.37490627343164107,-4.549808429118773,True,False
PLPC,vcp,428.5,390.6499938964844,413.0299987792969,,,,False,3.0,17%->12%->9%,16.538139336997478,8.833140280867124,0.7916252237915258,22.0,,,,,,-3.6102686629412193,5.418493801650297,False,75.390625,-8.154506437768239,-19.248826291079823,-65.5844155844156,109.81308411214954,24.418604651162813,224.52830188679238,-79.296875,-65.5844155844156,True,40.84278221806713,25.40079362739607,18.67295898102208,3.585511946719966,21.16987473889762,20.65090368622289,1.8306384994425384,-2.795262989437741,5.0035082340316395,3.585511946719966,True,False
PLXS,vcp,256.6700134277344,236.5800018310547,245.74000549316406,,,,False,2.0,22%->8%,21.805367693805056,7.8271751843485395,0.8174525426680598,29.0,,,,,,-4.258389123296502,3.727518294681647,False,-3.658536585365846,29.078014184397173,12.686567164179108,26.351351351351404,-13.186813186813184,20.529801324503303,-19.25133689839572,14.024390243902452,-3.658536585365846,True,40.84278898856481,28.13196007494785,18.73011824479427,9.602283321142234,-1.1102991717681365,12.117735919096507,8.77738229213012,-99.97345274731852,395653.68159731635,-1.1102991717681365,True,False
PMTS,vcp,25.290000915527344,23.469999313354492,24.18000030517578,,,,False,2.0,26%->7%,25.92592855426331,7.1965264384605945,0.4764465587672579,7.0,,,,,,-4.389088850012866,2.936315065592914,False,325.0,-57.49999999999999,10.714285714285744,72.72727272727273,0.0,-72.58064516129032,226.3157894736842,375.0,-57.49999999999999,True,46.50944457831019,14.973064206607933,19.832845936413037,22.349235786915656,10.593101458104549,1.4091687739619774,-3.884903367438941,10.93602771697375,6.329718773361703,10.593101458104549,True,False
PNRG,vcp,223.5500030517578,205.52000427246094,212.22999572753906,,,,False,3.0,12%->10%->8%,12.296272412581882,8.065309117943714,0.4412444933920705,22.0,,,,,,-5.063747336025696,3.1616602695937543,False,106.76691729323306,-51.075268817204304,47.42268041237128,-50.227272727272734,51.098901098901095,27.272727272727295,-67.351598173516,229.32330827067665,-51.075268817204304,True,59.801122355185186,1.1695209965938647,-21.280166213840502,-15.667646961636317,-33.813260384421575,7.791087199269109,-22.802343122465373,11.03545790733087,9.496701045661338,-33.813260384421575,True,False
PNTG,vcp,40.547000885009766,36.4900016784668,40.029998779296875,,,,False,2.0,12%->10%,12.39165441790479,10.005670254252621,0.6866906647468203,36.0,,,,,,-1.2750686719816715,8.843360501576958,False,25.0,9.090909090909083,56.25,-15.000000000000002,4.166666666666674,-3.999999999999959,47.05882352941168,-15.000000000000002,-15.000000000000002,True,47.84278620293981,35.755190181365926,35.98993528464274,53.168477225081,26.759386345523772,4.4224218892362055,-1.3683668425946038,26.32040831474116,4.345310499724375,26.759386345523772,True,False
POWL,vcp,185.0,167.30999755859375,176.75,,,,False,2.0,16%->10%,15.695719721554847,9.562163481841218,0.7458726583216904,14.0,,,,,,-4.45945945945946,5.340878326113861,False,7.575757575757569,-1.5748031496062964,18.881118881118873,149.60212201591517,13.59999999999999,-63.23529411764706,-63.8682252922423,612.8787878787879,-1.5748031496062964,True,60.84278836741898,8.896053766858913,6.4544146200530506,4.039663506343438,8.33263652326921,5.099202670127934,18.08674119370661,-15.705258353664476,4.09050102524513,4.039663506343438,True,False
POWW,vcp,2.3399999141693115,2.0999999046325684,2.130000114440918,,,,False,2.0,19%->10%,18.726591225196433,10.256411040166299,0.3693163739340715,27.0,,,,,,-8.974350744920539,1.4084604787086623,False,,,,,,-200.00000000000009,0.0,,,False,59.50944119125,22.123596316756753,10.10391236614392,6.968593421412317,0.010790267329086056,4.258050636740962,3.6938989351198437,11.76663929199453,1.0705403961213777,0.010790267329086056,True,False
PRM,vcp,32.564998626708984,29.65999984741211,32.18000030517578,,,,False,2.0,21%->9%,21.08985516342336,8.920616925542472,0.626917320641473,28.0,,,,,,-1.1822457785010847,7.830952249426669,False,,22.222222222222232,-189.0,,-352.2727272727273,,,,-189.0,False,41.509431899050924,31.46293324479368,73.63459669582117,19.156683791211982,9.370460132377767,70.95363359425598,21.72165450121655,-67.42676172874337,93.95286493399493,9.370460132377767,True,False
PSMT,vcp,181.8300018310547,166.35000610351562,168.2899932861328,,,,False,2.0,17%->9%,16.56009227232749,8.5134441905369,0.6948915215304983,32.0,,,,,,-7.446520600875549,1.152764430454727,False,12.28070175438598,11.724137931034484,6.6115702479338845,8.510638297872353,-20.98765432098766,25.581395348837212,26.470588235294066,-10.526315789473639,6.6115702479338845,True,38.84274127458333,12.488072093519342,9.651979710914249,9.919757954249153,8.558413435069667,-0.9184047373235416,8.157708415748854,3.8884276564172815,1.038951968778301,8.558413435069667,True,False
PWR,vcp,653.8699951171875,607.447998046875,616.5399780273438,,,,False,2.0,18%->7%,18.087745280617305,7.099575973354258,0.7013834431798189,22.0,,,,,,-5.709088560204298,1.4746780913638526,False,94.73684210526316,51.04166666666667,2.4630541871920597,14.871794871794886,104.13793103448276,-30.288461538461508,-7.142857142857184,47.36842105263159,2.4630541871920597,True,41.509404476724534,41.10419493143886,26.33346777182164,19.661880464892988,17.52982789446198,21.36197461594833,0.41876074669202623,2.7588617985042863,12.673853725531359,17.52982789446198,True,False
PYXS,vcp,3.515000104904175,3.240000009536743,3.4100000858306885,,,,False,3.0,25%->11%->8%,24.530122951596663,7.82361556643335,0.20785554467906586,7.0,,,,,,-2.98719817751894,4.985339355278423,False,,,,,,,,,,False,45.50940744806713,,,,,-82.53437383872166,,,,,False,False
RBRK,vcp,94.61000061035156,85.77999877929688,107.83000183105469,,,,True,2.0,20%->9%,20.285428853830393,9.33305334963561,0.43072607393141815,14.0,,,,,,13.973154143766791,20.448857161576605,False,,,-107.73286467486818,,,,,,-107.73286467486818,False,76.84273622086805,37.888078487058664,38.992606317845734,46.3324292909725,48.263597794883516,10.383705188752357,2.484616769574566,7.858558512248481,13.007809978700058,37.888078487058664,True,False
RCMT,vcp,41.77000045776367,38.84000015258789,40.619998931884766,,,,False,2.0,9%->7%,9.445346206571744,7.014604436354968,0.5991814461118691,12.0,,,,,,-2.7531757559872343,4.3820749042404845,False,36.00000000000001,-3.703703703703709,110.52631578947363,-14.28571428571428,30.76923076923077,-35.0,166.66666666666669,-40.0,-14.28571428571428,True,47.84272785673611,20.021492720620216,-1.698767653569777,12.434990638651966,16.439990060465504,12.979599701341549,-3.9756695499329253,23.0292079841796,-10.077271447944113,-1.698767653569777,True,False
RGLD,vcp,271.42999267578125,240.75999450683594,251.4499969482422,,,,False,2.0,18%->11%,18.005051278148347,11.299413843915227,0.7889408117509711,63.0,,,,,,-7.36101251397256,4.251343237680234,False,38.3084577114428,91.86046511627906,-36.19631901840484,31.506849315068486,-15.75757575757576,217.30769230769204,-45.83333333333328,-4.477611940298498,-36.19631901840484,True,47.84272452973379,114.90772408332259,142.52207448458404,85.29028436018957,30.041220200477724,-3.9618438582467386,24.992006906033183,48.89791643524764,20.236783484304265,30.041220200477724,True,False
RHP,vcp,133.27000427246094,118.91000366210938,120.61000061035156,,,,False,2.0,17%->11%,16.877639636617495,10.775118293681132,0.7370597826915164,35.0,,,,,,-9.499514711672784,1.409499162291093,False,26.785714285714256,3.0000000000000027,-4.440892098500626e-14,-43.617021276595736,37.8640776699029,-8.035714285714256,111.32075471698104,-52.67857142857143,-43.617021276595736,True,45.84271150230324,13.564968196326088,13.161013485901108,13.923780906778994,7.72786285498166,12.700805932239101,-9.926159651291389,24.53338464498749,-10.167623177638108,7.72786285498166,True,False
RIO,vcp,106.83999633789062,94.95999908447266,98.04000091552734,,,,False,2.0,19%->11%,19.255126138315042,11.119428735140033,0.6415370790893679,65.0,,,,,,-8.236611497563649,3.1415767057249013,False,,,,,,,,,,False,153.8427062996412,,,,,,,,,,False,False
RLJ,vcp,11.779999732971191,10.59000015258789,10.90999984741211,,,,False,2.0,17%->10%,17.14507353982959,10.101864239033858,0.6311187708260448,29.0,,,,,,-7.385398177251466,2.933086153068314,False,6.666666666666665,,,-177.7777777777778,,,,-146.66666666666669,-177.7777777777778,False,47.84270510545139,5.476407520731041,3.613932750008386,-0.4230444045104531,-4.540642787727334,12.651149930730599,3.464468202304971,-0.4399400081807059,-9.104303737506992,-4.540642787727334,True,False
RLYB,vcp,17.09000015258789,15.850000381469727,17.15999984741211,,,,True,2.0,11%->7%,11.289400930361586,7.255703686640367,0.37120545534535854,75.0,,,,,,0.40959446576493386,7.63402958969107,True,,,,,,,-111.11111111111111,,,False,,-100.0,0.0,11000.0,-29.096989966555185,-100.0,-4.504504504504503,4.716981132075482,0.0,-100.0,True,False
RMR,vcp,20.530000686645508,18.809999465942383,18.8700008392334,,,,False,2.0,14%->8%,13.597197580708755,8.377989104608082,0.48649672834702884,44.0,,,,,,-8.085727188951909,0.31797228734756755,False,-28.000000000000004,-76.19047619047619,86.84210526315788,-44.117647058823486,259.99999999999994,-92.95774647887323,273.68421052631567,-23.99999999999998,-76.19047619047619,True,54.84269507770833,3.308523191431423,-7.63212833754533,40.76426401080351,-5.675396989069914,8.312714122573283,-36.99389905712701,45.854650400104944,3.7895978941635544,-7.63212833754533,True,False
SCSC,vcp,59.310001373291016,55.0,57.650001525878906,,,,False,2.0,20%->7%,20.020963127105855,7.266904861735397,0.41314508276533596,19.0,,,,,,-2.798853159628579,4.596706774915398,False,40.22988505747127,5.405405405405417,7.14285714285714,28.98550724637683,56.41025641025643,4.0000000000000036,-15.73033707865169,2.298850574712641,5.405405405405417,True,48.50934655381944,17.25014331652901,8.788148349925585,2.543822918352845,-4.632662007787724,24.298699774384126,0.03626818627757711,3.6317177043196036,-9.009381389272297,-4.632662007787724,True,False
SEPN,vcp,39.400001525878906,36.599998474121094,39.5,,,,True,3.0,24%->14%->7%,23.757338066842753,7.106606455125898,0.7099525147785638,25.0,,,,,,0.253803223980619,7.341776014883307,True,,,-101.5840220385675,,,,-227.77777777777777,,-101.5840220385675,False,52.84267974445602,22375.63025210084,12010.95890410959,11276.415094339623,12113.068181818182,0.8407797006371842,9.97180529065429,12.20283786927192,17963.025210084033,11276.415094339623,True,False
SEZL,vcp,126.0,112.9000015258789,113.08000183105469,,,,False,2.0,15%->10%,14.776338996399666,10.396824185810392,0.6620501285347044,13.0,,,,,,-10.253966800750248,0.1591796093571945,False,49.99999999999998,47.0,-89.78540772532189,70.45454545454545,-20.408163265306122,23.529411764705888,58.666666666666664,-3.8461538461538547,-89.78540772532189,True,47.84267946711805,62.87488465087665,52.13826032800499,61.577561909022016,61.667838559977504,15.604830456437192,-6.298346779864728,36.06409074302812,10.50638265149184,52.13826032800499,True,False
SFST,vcp,65.08999633789062,60.290000915527344,61.810001373291016,,,,False,2.0,9%->7%,9.397435017945632,7.374398052576131,0.6625463535228677,44.0,,,,,,-5.039169072268386,2.459149690976201,False,48.14814814814814,83.07692307692307,72.46376811594205,98.14814814814814,0.8403361344537785,0.0,11.214953271028016,32.09876543209877,48.14814814814814,True,39.50934644128473,10.330877577152187,9.854907873352792,7.790091264667542,7.537058152793619,5.971053757307865,-0.20455717817819963,-0.6485703177464441,5.008629168445089,7.537058152793619,True,False
SILC,vcp,43.2400016784668,40.099998474121094,45.5,,,,True,3.0,20%->13%->7%,19.63317686289884,7.261801763318158,0.5788967049241022,14.0,,,,,,5.226637913519475,11.868135221711881,False,,,,,,,,,,False,41.509345287523146,,,,,,,,,,False,False
SND,vcp,5.46999979019165,5.0,5.28000020980835,,,,False,2.0,12%->9%,11.567877951569573,8.592318248977175,0.7175722910708612,22.0,,,,,,-3.4734842353009276,5.303034065949647,False,-53.70370370370371,,-70.00000000000004,,,-433.3333333333338,-62.50000000000006,-85.18518518518519,-70.00000000000004,False,54.842639799861104,13.533287366888835,-42.195923180592985,-46.84582625296326,-64.3644390318161,7.974499089253184,8.339582428858971,8.236148489897044,-10.330958400367729,-64.3644390318161,True,False
SNDR,vcp,35.266031248946696,32.54999923706055,32.560001373291016,,,,False,3.0,14%->10%->8%,14.148109045766857,7.7015527852096195,0.6549432963279248,39.0,,,,,,-7.673190829309727,0.030719090321272242,False,40.000000000000014,-19.999999999999996,-31.578947368421083,-35.29411764705883,133.33333333333334,-7.692307692307665,18.181818181818144,-45.00000000000001,-35.29411764705883,True,41.842633184236114,10.432946145723342,-0.23541161363960228,4.517959823762219,10.389906513642932,12.170182338219515,-0.07859388396684874,-3.635362159184796,2.2456881379795846,-0.23541161363960228,True,False
STLD,vcp,251.8800048828125,233.8000030517578,245.35000610351562,,,,False,2.0,20%->7%,20.24436056649988,7.178021867780426,0.8088178472766042,30.0,,,,,,-2.5925038322652747,4.707561754404339,False,83.58208955223883,93.05555555555556,28.57142857142858,33.65853658536588,32.73381294964028,54.444444444444365,-34.306569343065675,36.318407960199025,28.57142857142858,True,31.84263152715278,33.43686468031639,19.126246368038057,13.995110711446745,11.207810918287308,17.035988301698147,17.915754427681808,-8.578056279598156,5.763086777727566,11.207810918287308,True,False
STM,vcp,52.869998931884766,47.529998779296875,48.61000061035156,,,,False,3.0,28%->15%->10%,28.032463630504733,10.100246378797353,0.4801961417557141,40.0,,,,,,-8.057496515219501,2.221768807846301,False,,,,,,,,,,False,41.50930313184028,,,,,,,,,,False,False
SYRE,vcp,92.0999984741211,85.26000213623047,92.68000030517578,,,,True,2.0,24%->7%,23.75766038278335,7.426706244531128,0.7877068107480345,20.0,,,,,,0.6297522699934252,8.006040294036271,True,-103.37899543378994,,,,,,,-105.47945205479452,-103.37899543378994,False,46.84263195628472,,,-100.0,-100.0,,,,,-100.0,False,False
TCMD,vcp,24.899999618530273,21.288999557495117,22.559999465942383,,,,False,2.0,24%->15%,24.379420326572692,14.502008499421398,0.7255413759444705,31.0,,,,,,-9.397591118220303,5.633864975777263,False,142.85714285714283,,12.5,71.42857142857142,,-117.77777777777779,25.0,157.1428571428571,12.5,False,45.84261645542824,8.609086876623785,22.848795456029247,21.042238710054328,17.323136278439797,13.858663159153405,-27.34424773635539,20.80228558101569,8.681325644762694,8.609086876623785,True,False
TDAY,vcp,6.730000019073486,6.210000038146973,6.320000171661377,,,,False,3.0,28%->15%->8%,28.230183429572293,7.726597020100777,0.4451680262736197,30.0,,,,,,-6.092122529719602,1.7405083944086015,False,-85.71428571428572,,-119.14893617021276,,-50.0,,,-164.28571428571428,-119.14893617021276,False,48.50925808394676,-8.296672200745137,-4.039379046945879,-5.839443080761342,-8.432349997305854,-2.2148281174507956,-6.241239256336795,4.315294688264548,-4.114652883334669,-8.432349997305854,True,False
THC,vcp,283.04998779296875,253.50999450683594,261.8999938964844,,,,False,2.0,14%->10%,14.495508516305605,10.43631674972523,0.6745650910368878,51.0,,,,,,-7.47217622632583,3.2035126327511767,False,213.37579617834393,87.58782201405153,11.345646437994649,-21.06339468302658,22.846441947565555,89.81042654028433,9.326424870466333,22.92993630573248,-21.06339468302658,True,39.842591217141205,6.7729083665338585,2.7761822707256467,9.164526960300211,3.1798673429574764,4.843517138599096,-2.8767866835534672,4.499905464170917,0.34149117814457064,2.7761822707256467,True,False
THG,vcp,235.0688712762226,216.0797295150364,229.1699981689453,,,,False,2.0,10%->8%,9.734111500008298,8.078118407635785,0.7523917194729193,51.0,,,,,,-2.509423334213275,5.712034192302386,False,25.116279069767455,48.57142857142858,18.695652173913068,75.00000000000003,3.4615384615384492,-4.761904761904779,11.428571428571432,13.953488372093027,18.695652173913068,True,40.84258789347222,4.339941972920691,6.125249500997998,5.522943886890119,6.36938606018016,1.4576231338897294,1.7705467161143629,0.40840840840841164,0.6407156673114089,4.339941972920691,True,False
THM,vcp,2.630000114440918,2.2699999809265137,2.430000066757202,,,,False,2.0,19%->14%,19.243991913431937,13.688217408725576,0.6933968096945715,18.0,,,,,,-7.6045642198092285,6.584365491158449,False,,,,,-200.0,,,,,False,49.842590431550924,,,,,,,,,,False,False
TRGP,vcp,307.94000244140625,281.0899963378906,285.07000732421875,,,,False,2.0,12%->9%,11.945508622671156,8.719232931948993,0.7900682279209296,38.0,,,,,,-7.426769804465117,1.3961521324835615,False,23.344947735191624,142.85714285714283,74.30555555555549,25.714285714285733,60.18099547511313,-11.95219123505975,14.090909090909065,-23.344947735191635,23.344947735191624,True,48.509256762395836,12.064274157964405,4.900310379294015,-10.933600822038459,-33.39744225240408,-23.5801509490735,9.548138991896726,8.377243904617316,23.51448742462128,-33.39744225240408,True,False
TSAT,vcp,46.560001373291016,42.279998779296875,51.66999816894531,,,,True,2.0,22%->9%,21.995883035432627,9.19244516270429,0.6013514280847198,22.0,,,,,,10.975078704756287,18.17302055816989,False,,,,,,,,,,False,53.50924619576389,,,,,,,,,,False,False
TWIN,vcp,24.209999084472656,22.15999984741211,24.700000762939453,,,,True,2.0,11%->8%,11.309524980892455,8.467572550943778,0.5837473167739957,18.0,,,,,,2.023964052031149,10.283404198668809,False,20.000000000000128,,2114.285714285714,,-47.8260869565217,-85.16129032258064,,-140.0,20.000000000000128,False,47.509223053738424,18.33095430190943,19.01971886462668,0.2880306046418424,9.738398013635674,18.311374025275605,7.223331115546694,12.730636531826601,-17.255218353710255,0.2880306046418424,True,False
UMC,vcp,19.770000457763672,17.8799991607666,24.469999313354492,,,,True,2.0,13%->10%,12.805755527308705,9.559945641047609,0.7988076979016541,31.0,,,,,,23.773387692285723,26.930937219076263,False,,,,,,,,,,False,40.50919798262731,,,,,,,,,,False,False
UNM,vcp,94.55000305175781,86.54000091552734,95.62000274658203,,,,True,2.0,11%->8%,11.38969443607741,8.471710076884605,0.7195958802496597,65.0,,,,,,1.1316760024201036,9.495922997533333,True,-16.145833333333325,33.01886792452828,-44.50261780104717,-93.35260115606935,14.184397163120588,33.01886792452835,360.86956521739114,-88.02083333333334,-93.35260115606935,True,46.84253066476852,0.25584577854464996,8.5263294087204,0.23172464932337267,5.0170966739198075,0.44110634239389324,3.4246786473906443,-3.975254558370822,0.5057416552626925,0.23172464932337267,True,False
UVE,vcp,45.11000061035156,41.720001220703125,44.400001525878906,,,,False,2.0,17%->8%,16.765237863569695,7.514961968035358,0.7178364134885874,53.0,,,,,,-1.5739283415343825,6.0360365159305704,False,68.59504132231406,30.555555555555557,895.652173913044,,8.510638297872353,-17.903930131004408,65.94202898550732,14.049586776859503,30.555555555555557,False,34.84252867085648,6.7206309775804,-0.32973127660705925,6.007395876915567,3.464549456333832,8.503804962331518,-3.520491461686681,1.7320022644464528,0.209926001084626,-0.32973127660705925,True,False
VAC,vcp,106.75890896026921,98.48486269284969,104.98999786376953,,,,False,2.0,18%->8%,18.158338427989136,7.75021620958935,0.8319648962231136,15.0,,,,,,-1.6569212946509098,6.195957046651839,False,19.774011299435035,-56.16438356164384,-1030.2325581395348,-103.30188679245282,231.25,,,-103.954802259887,-1030.2325581395348,True,47.50920095533565,6.228373702422152,4.766187050359716,-0.7258064516128981,-3.6945812807881784,5.407725321888401,-5.361494719740046,4.944586530264283,1.4705882352941124,-3.6945812807881784,True,False
VMD,vcp,9.390000343322754,8.595000267028809,8.949999809265137,,,,False,2.0,31%->8%,31.093117684024772,8.466454177067963,0.5744544828507704,36.0,,,,,,-4.68584151192819,3.96647541677966,False,-12.49999999999999,0.0,39.99999999999997,-10.000000000000009,16.666666666666675,-57.14285714285715,55.55555555555558,12.5,-12.49999999999999,True,47.84252874951389,23.85340015224562,27.541477109371026,25.51445753356949,23.981104751396455,3.5576948577187295,-1.0068127223323398,5.933476096448542,14.047830499873125,23.85340015224562,True,False
VMI,vcp,511.8699951171875,461.9700012207031,472.42999267578125,,,,False,2.0,22%->10%,22.196768592078282,9.748567873188243,0.6529621294015489,58.0,,,,,,-7.705081918774484,2.214082851902376,False,,27.54629629629628,134.28571428571422,21.16788321167884,11.433756805807626,-38.91352549889135,81.12449799196784,,21.16788321167884,False,32.509200887488426,6.486233851285239,6.1778742492113015,0.09312692447849269,2.529467983434208,8.6953226641741,-0.8729027411245704,-0.7380638253121519,-0.43482068406203167,0.09312692447849269,True,False
VPG,vcp,66.80000305175781,59.470001220703125,62.060001373291016,,,,False,3.0,21%->14%->11%,20.840953927344813,10.973056132011362,0.40184041709713847,22.0,,,,,,-7.095810571736292,4.173380752941069,False,-750.0,,-333.33333333333337,,,,-123.72881355932202,2849.9999999999995,-750.0,False,46.509197917708335,11.674937800188934,17.57990549337198,10.8997563761992,5.28345240138921,-0.4943511196993544,4.692697214913366,1.0585992374071873,6.0762895650669835,5.28345240138921,True,False
VSH,vcp,34.040000915527344,30.190000534057617,31.850000381469727,,,,False,2.0,20%->11%,19.928928337592886,11.310224083200742,0.791173140290836,22.0,,,,,,-6.433608916439977,5.211930384710119,False,1800.0,,,,280.0,400.0000000000003,,-700.0,1800.0,False,47.50919497711806,16.5726467694326,17.337773825702296,12.061574107757478,7.518429924131675,5.878280638957545,4.78448588002327,1.3004654457148712,3.7244998360117965,7.518429924131675,True,False
VSXY,vcp,78.48999786376953,71.72000122070312,77.4800033569336,,,,False,2.0,22%->9%,22.3109708218574,8.625298544174623,0.8288882742634374,15.0,,,,,,-1.286781162344947,7.434178996734662,False,990.0,,-8.298755186721984,,289.2857142857143,-74.6606334841629,,-330.0,-8.298755186721984,False,76.50919430369213,10.418094585332426,15.299334811529942,7.68865685809208,9.279881217520414,3.26923076923078,-31.247245482591445,54.144021739130444,0.8910212474297463,7.68865685809208,True,False
VTR,vcp,94.5,87.4800033569336,87.70999908447266,,,,False,2.0,14%->7%,14.448819415007156,7.428567876260747,0.7612302968283713,36.0,,,,,,-7.185186153997189,0.26222292776169775,False,-6.666666666666654,9.999999999999986,15.384615384615397,180.00000000000003,27.272727272727295,-26.66666666666667,7.14285714285714,-6.666666666666654,-6.666666666666654,True,40.84252738321759,21.8172046631979,21.918338106779366,21.67425374322971,20.701407531602435,4.529344442216887,6.066089959432119,4.783944008778729,4.857404257946474,20.701407531602435,True,False
WAT,vcp,426.2200012207031,392.95001220703125,429.7200012207031,,,,True,2.0,10%->8%,9.989048460581818,7.805825376187396,0.780756697115878,51.0,,,,,,0.8211721622579713,8.556732036958852,True,-156.27530364372467,-142.85714285714286,-3.0927835051546615,-7.749077490774903,,-123.13829787234043,50.4,1.2145748987854255,-156.27530364372467,True,42.50918017640046,113.35927367055771,91.38972809667673,6.839010259947709,8.04830441507216,29.834254143646397,35.88603162380053,16.56633999552437,3.7466926070038875,6.839010259947709,True,False
WATT,vcp,11.770000457763672,10.5,11.65999984741211,,,,False,3.0,39%->21%->11%,39.004150362777104,10.79014790459044,0.44812235422640995,26.0,,,,,,-0.9345845885588255,9.948540845560704,False,,,-94.70712773465067,,,-157.33333333333331,,,-94.70712773465067,False,,216.82051282051282,798.5422740524781,610.2803738317757,453.04347826086956,0.2271252433484694,1.3815789473684115,138.99371069182388,30.461538461538453,216.82051282051282,True,False
WHWK,vcp,4.300000190734863,3.9600000381469727,4.079999923706055,,,,False,2.0,17%->8%,17.047815862736723,7.9069799420121685,0.5477600888559793,10.0,,,,,,-5.11628505279696,2.941173720662243,False,,-117.4863387978142,,,,,,,-117.4863387978142,False,48.50917353371528,,-100.0,-100.0,-100.0,,,,,-100.0,False,False
WSFS,vcp,82.73689545294805,76.33999633789062,79.18000030517578,,,,False,2.0,15%->8%,14.883385184493699,7.731616082567781,0.8172904635738246,152.0,,,,,,-4.299043526228332,3.586769331067448,False,28.346456692913378,46.428571428571395,23.148148148148096,26.851851851851862,-0.6097560975609762,23.308270676691766,-2.91970802919711,7.874015748031504,23.148148148148096,True,34.84249085986111,43.70771279639085,47.88475209833509,73.99897604761748,66.63709538649792,14.414229307240056,9.20635391044069,8.403532967247319,6.098365604906353,43.70771279639085,True,False
WST,vcp,360.2900085449219,331.989990234375,366.6000061035156,,,,True,2.0,16%->8%,15.733165792242696,7.85478854238567,0.28477729826561354,39.0,,,,,,1.7513662352385229,9.440811591085438,True,18.13186813186811,56.09756097560976,2.2471910112359605,3.7837837837837673,11.979166666666675,5.494505494505475,-5.208333333333314,5.494505494505497,2.2471910112359605,True,34.50914159032407,13.803000652315722,21.0458452722063,7.505341880341887,7.725264426295353,3.2429873357793904,4.956521739130437,0.0497141436738735,4.9706457925636105,7.505341880341887,True,False
WTS,vcp,392.89207047582164,345.6000061035156,350.489990234375,,,,False,2.0,15%->12%,15.314034693028706,12.036909860520167,0.7137475416193457,55.0,,,,,,-10.792297281565025,1.3951851028867928,False,17.27574750830565,34.389140271493225,23.762376237623783,18.93203883495147,18.855218855218837,18.80000000000002,2.0408163265306145,-18.604651162790688,17.27574750830565,True,40.84247428545139,18.564548702811877,21.37992831541218,15.673575129533667,12.527593818984538,12.682710763324966,8.35066389377699,2.190616315187177,-4.971259903681835,12.527593818984538,True,False
WYY,vcp,11.399999618530273,10.59000015258789,12.829999923706055,,,,True,3.0,28%->11%->7%,28.230448223803116,7.105258710936788,0.3312721576387171,27.0,,,,,,12.5438627458493,17.459078600455058,False,,,,,0.0,,,,,False,55.842474035671295,,,,,-39.31338028169014,62.10045662100456,-28.86723507917174,,,False,False
XOM,vcp,168.63999938964844,155.32000732421875,163.27000427246094,,,,False,2.0,13%->8%,12.884913649225721,7.898477296986579,0.7625333607264012,73.0,,,,,,-3.1842950288323615,4.86923301292712,False,,,,,112.19512195121952,,,,,False,42.50914090797454,,,,,42.34166809805413,,,,,False,False
ZIM,vcp,29.03499984741211,26.850000381469727,30.360000610351562,,,,True,2.0,10%->8%,10.317994899068283,7.525398579043325,0.24173282316625305,21.0,,,,,,4.563460547279977,11.561265343601686,False,,,,,,,,,,False,62.50914089038194,,,,,,,,,,False,False
