ticker,pattern_type,entry_price,stop_price,last_close,n_contractions,contraction_pcts,first_contraction_pct,final_contraction_pct,volume_dryup_ratio,base_len,breakout,ribbon_width_pct,squeeze_days_ago,expanding,pole_gain_pct,pole_len,flag_len,retracement_pct,volume_ratio,extension_pct,risk_pct,is_lre,eps_min_yoy_pct,eps_full_history_available,days_to_earnings,eps_yoy_q1_pct,eps_yoy_q2_pct,eps_yoy_q3_pct,eps_yoy_q4_pct,eps_qoq_q1_pct,eps_qoq_q2_pct,eps_qoq_q3_pct,eps_qoq_q4_pct,revenue_yoy_q1_pct,revenue_yoy_q2_pct,revenue_yoy_q3_pct,revenue_yoy_q4_pct,revenue_qoq_q1_pct,revenue_qoq_q2_pct,revenue_qoq_q3_pct,revenue_qoq_q4_pct,revenue_min_yoy_pct,revenue_full_history_available,passes_growth
RFAI,bull_flag,45.4900016784668,28.0,30.100000381469727,,,,,,,False,,,,362.97092032446284,10.0,8.0,44.51363894335483,0.044096305283943565,-33.8316129460204,6.976745364968622,False,,False,,,,,,,,,,,,,,,,,,,False,False
XHLD,bull_flag,13.84000015258789,8.800000190734863,12.529999732971191,,,,,,,False,,,,360.3960533934872,15.0,9.0,6.868131670193494,0.39854437434614537,-9.465320846631256,29.768552447940454,False,,False,,,,,,,,,,-34.49820788530465,15.426251691474956,-13.691931540342296,1.495327102803734,-14.302461899179363,20.8215297450425,30.018416206261513,-51.344086021505376,-34.49820788530465,True,False
SWVL,bull_flag,8.47599983215332,6.25,7.114999771118164,,,,,,,False,,,,356.9395165142626,15.0,3.0,3.389831958880759,0.10698504560747948,-16.057103444861625,12.157411088464789,False,,False,,,,,,,,,,,,,,,,,,,False,False
MRNA,bull_flag,156.4149932861328,130.3800048828125,143.97000122070312,,,,,,,False,,,,194.89417012841352,13.0,12.0,27.10297858187604,0.4584187826452279,-7.956393312413367,9.439463931834961,False,-1800.0,False,53.81427743606482,,,,-1800.0,,,,,2.1126760563380254,260.18518518518516,-29.81366459627329,-45.43501611170784,-62.724935732647815,-42.62536873156342,-33.26771653543307,615.4929577464789,-45.43501611170784,True,False
TJGC,bull_flag,11.5,10.399999618530273,11.1899995803833,,,,,,,False,,,,162.09475384026314,15.0,3.0,1.6923170823317308,0.8258703554929621,-2.6956558227539062,7.05987481213084,False,,False,,,,,,,,,,,,,,,,,,,False,False
CAPR,bull_flag,11.0,8.180000305175781,8.369999885559082,,,,,,,False,,,,161.29871867040458,13.0,10.0,30.27375134518362,0.2590999581344397,-23.90909194946289,2.2700069651268526,False,,False,59.148244139201395,,,,,,,,,-7.921690517003965,-63.4382475774409,1.3777014586210834,64.29114312270147,392.14278829275366,-43.0523150556549,-19.06383632603793,-59.40733891022807,-63.4382475774409,True,False
REPL,bull_flag,16.329999923706055,12.399999618530273,12.920000076293945,,,,,,,False,,,,159.7042622368229,15.0,15.0,19.097228086104867,0.31152477637861586,-20.881811777977145,4.024771321153367,False,,False,53.8139736183912,,,,,,,,,,,,,,,,,,False,False
OABI,bull_flag,5.429999828338623,3.890000104904175,4.070000171661377,,,,,,,False,,,,140.3061197182379,15.0,13.0,29.81817939064719,0.6670198260084643,-25.046034984744285,4.422605876297199,False,,False,53.14749752694444,,,,,,,,,244.23915832691816,247.30380356283098,-22.473158089596446,-46.332694151486095,-7.014625355236714,72.24212034383955,274.09557838320677,-42.54554785732615,-46.332694151486095,True,False
RCEL,bull_flag,11.390000343322754,9.600000381469727,9.880000114440918,,,,,,,False,,,,136.91276621142404,15.0,11.0,16.176465890445424,0.27985018944701856,-13.25724480567777,2.834005361618721,False,,False,54.14730463995371,,,,,,,,,17.90299572039944,4.0327421555252485,-4.288381287063469,-12.875116015262456,12.72031053294167,9.368366703000408,3.1603243179262552,-7.2917809722374605,-12.875116015262456,True,False
IOVA,bull_flag,9.300000190734863,7.659999847412109,8.600000381469727,,,,,,,False,,,,120.8845059445892,14.0,15.0,27.032520975263875,0.5403807660888896,-7.526879515147885,10.93023828327985,False,,False,53.81442725540509,,,,,,,,,65.6541900186816,44.81793852891087,17.744999592911228,15.19938519340791,39.03541929161416,-17.679870002650656,28.635386553998956,12.515012009607695,15.19938519340791,True,False
ABCL,bull_flag,12.579999923706055,10.319999694824219,10.890000343322754,,,,,,,False,,,,111.14864592747242,14.0,12.0,33.13070411022041,0.3193215710894998,-13.43401900343914,5.234165569590943,False,,False,54.14847502493056,,,,,,,,,-76.29360805431983,96.3400236127509,788.373935432759,37.6210235131397,-51.2928442573662,-81.46207696080617,400.88218872138464,-47.58253336455163,-76.29360805431983,True,False
QMCO,bull_flag,25.75,20.479999542236328,23.579999923706055,,,,,,,False,,,,110.70074920326203,14.0,14.0,15.141150738224713,0.32396788897301537,-8.427184762306583,13.1467361810852,False,,False,58.14730587712963,,,,,,,,,25.692996920013698,27.310121933303954,8.59297653019626,-12.709127856804836,3.601559094289297,4.569222106025261,18.92848600813202,-2.4437669165914833,-12.709127856804836,True,False
AMLX,bull_flag,41.13999938964844,31.3700008392334,31.6200008392334,,,,,,,False,,,,96.6286549201604,13.0,15.0,42.53462855583761,0.4810607422319685,-23.140492687538643,0.7906388151951138,False,,False,53.81509033291666,,,,,,,,,,-100.0,,-100.0,,,,,-100.0,False,False
HTFL,bull_flag,51.77799987792969,45.40999984741211,49.880001068115234,,,,,,,False,,,,87.59342426596479,15.0,13.0,20.435157023855936,0.8192358296920479,-3.6656472136604736,8.96150987366454,False,,False,60.14782652481482,,,,,,-106.98689956331877,,,47.57277081798084,41.34390538906061,49.17410578733224,49.01783989180137,21.859014585353798,7.038612632050323,6.165182816146597,6.567796610169485,41.34390538906061,True,False
FGI,bull_flag,8.84000015258789,6.5,8.3100004196167,,,,,,,False,,,,80.49064312962916,15.0,14.0,35.55878122349366,0.00618538524037465,-5.995471988946009,21.780990712635678,False,-1241.6666666666672,False,61.14794576185185,,,-1241.6666666666672,,,,,,2.8623929214091293,-8.162842549749572,-14.399566381545249,-0.6934174320141762,4.537789338608711,0.10659036437152825,-15.007109988794342,15.647978305879096,-14.399566381545249,True,False
PEPG,bull_flag,3.569999933242798,2.9100000858306885,2.9800000190734863,,,,,,,False,,,,78.40909783628365,15.0,14.0,16.666666666666664,0.6154177224723877,-16.526608549075995,2.348991033381321,False,,False,59.814062412557874,,,,,,-1399.9999999999989,,,,,,,,,,,,False,False
ALM,bull_flag,19.450000762939453,14.9399995803833,15.489999771118164,,,,,,,False,,,,67.35985105435762,15.0,14.0,47.91947301876076,0.7948227030792016,-20.359901472943793,3.55067914048885,False,,False,55.14845229493055,,,,,,,,,,,,,,,,,,False,False
VREX,bull_flag,18.540000915527344,18.450000762939453,18.459999084472656,,,,,,,False,,,,67.02800615038109,15.0,15.0,0.5390701855449195,0.4440562427539074,-0.4315093155561042,0.054162091165069766,False,-211.76470588235296,False,66.14697494122684,,-211.76470588235296,,,,-480.0,-82.75862068965517,,3.6945812807881673,1.4560826679192118,4.904904904904894,11.278561011181342,-2.546296296296291,3.053435114503822,-8.43162953254697,12.758620689655164,1.4560826679192118,True,False
OMER,bull_flag,19.649999618530273,18.0,18.280000686645508,,,,,,,False,,,,62.753380147142934,15.0,14.0,17.092872215348123,0.49811626331155523,-6.9720048777651575,1.5317323639383826,False,,False,61.14746875991898,,,,,-75.80645161290323,-56.64335664335665,,,-4.916011198506864,-65.6767165111196,-100.0,-100.0,188.37561912463357,,,-100.0,-100.0,True,False
HELP,bull_flag,14.350000381469727,11.255000114440918,12.970000267028809,,,,,,,False,,,,61.53845880795685,15.0,13.0,35.58468406750553,0.7421531272575778,-9.616725280529772,13.222822800918616,False,,False,60.81449389158565,,,,,,,,,,,,,,,,,,False,False
THM,bull_flag,2.880000114440918,2.3499999046325684,2.4000000953674316,,,,,,,False,,,,60.571425301688066,15.0,14.0,43.39623235646188,0.4022624816384419,-16.666666666666664,2.0833411978347622,False,,False,55.147108966805554,,,,,-200.0,,,,,,,,,,,,,False,False
TWST,bull_flag,155.44000244140625,120.19000244140625,127.22000122070312,,,,,,,False,,,,59.02784433068919,15.0,14.0,47.002215122410576,0.7988730462380522,-18.154915579945882,5.525859701181051,False,-269.69696969696975,False,64.8137180740625,-269.69696969696975,,,,,,,-233.33333333333331,23.235162455625314,19.313956871746797,17.00427220362293,16.87994333608782,6.91956826084994,6.663904892194461,4.836934016099548,3.0731753021643327,16.87994333608782,True,False
JWEL,bull_flag,2.940000057220459,2.009999990463257,2.240000009536743,,,,,,,False,,,,58.709684762945024,11.0,13.0,49.45055002637014,0.014017001927849155,-23.809524968020284,10.267857950636923,False,,False,,,,,,,,,,,,,,,,,,,False,False
ETON,bull_flag,65.5,56.11000061035156,57.08000183105469,,,,,,,False,,,,57.916670367608724,7.0,13.0,35.20947659224053,0.4978694315135015,-12.854959036557728,1.6993713903060714,False,150.0,False,61.14798868829861,,150.0,,,599.9999999999999,,,,98.58939137785292,40.411989353084145,82.71657937666352,117.5416505230531,54.90398087859556,14.026596494525624,-5.245113317600958,18.65490278951818,40.411989353084145,True,False
IBTA,bull_flag,41.810001373291016,35.994998931884766,41.13999938964844,,,,,,,False,,,,57.124996185302734,15.0,14.0,12.509119380833692,0.517974495384134,-1.6024921349813384,12.506078109126678,False,-2250.0,True,60.14779359649305,-162.5,-2250.0,-100.98684210526316,-90.19607843137256,,,-160.0,-37.5,3.3430587360076203,-2.472391042164257,-10.016263468184594,-15.57579014611492,7.785846780548722,-6.826243137609289,6.3247657938986235,-3.2186820723244525,-15.57579014611492,True,False
SGHT,bull_flag,8.789999961853027,7.699999809265137,8.140000343322754,,,,,,,False,,,,57.034218050552,15.0,14.0,18.666680653889976,0.42590610147751296,-7.3947624727093455,5.405411738324432,False,,False,54.147216055798616,,,,,,,,,19.546105090983446,12.508567511994517,6.873230575652722,-1.2452249838765694,18.7328662808407,-3.3701250919793924,2.40630965538029,1.748108771212431,-1.2452249838765694,True,False
ARIS,bull_flag,21.46500015258789,18.799999237060547,19.540000915527344,,,,,,,False,,,,56.13773313179586,15.0,14.0,27.466681484644383,0.7867221026959756,-8.968083966346782,3.787111790147149,False,,False,46.14839597142361,,,,,,,,,,,,,,,,,,False,False
IMMX,bull_flag,14.609999656677246,11.90999984741211,12.140000343322754,,,,,,,False,,,,55.09110809596929,15.0,12.0,49.80545230784531,0.8035093603268492,-16.906224307990467,1.8945674580408844,False,,False,55.147778758067126,,,,,,,,,,,,,,,,,,False,False
AVAH,bull_flag,14.541000366210938,12.970000267028809,14.079999923706055,,,,,,,False,,,,54.41340770217229,12.0,10.0,17.45378742853562,0.6139702492919772,-3.1703488817462238,7.883520331618571,False,38.46153846153846,False,53.81502709859954,38.46153846153846,533.3333333333334,453.3333333333334,,-5.263157894736848,-77.10843373493977,1283.3333333333335,-53.846153846153854,13.727349364688157,15.859655522652826,27.43136772128525,22.18347697451786,3.48317294706868,-2.1985569375679304,6.517971129140654,5.493823286456001,13.727349364688157,True,False
TRX,bull_flag,1.2699999809265137,1.0800000429153442,1.1299999952316284,,,,,,,False,,,,53.846165602494466,15.0,14.0,28.571424516691568,0.7814907124790991,-11.023621086415284,4.424774559935741,False,,False,79.14705528894676,,,,,,,,,,,,,,,,,,False,False
AU,bull_flag,123.38999938964844,102.0999984741211,104.41999816894531,,,,,,,False,,,,53.78567035676309,15.0,14.0,45.098588609178094,0.8392515993610707,-15.374018408735463,2.221796337393722,False,,False,53.815020710543976,,,,,,,,,,,,,,,,,,False,False
AMR,bull_flag,242.5,206.8000030517578,209.41000366210938,,,,,,,False,,,,53.250970267486174,14.0,8.0,35.286930464258475,0.7842882928445615,-13.64535931459407,1.2463590872969437,False,-244.82758620689654,False,54.81508441261574,,,,-244.82758620689654,,,,,-10.419647332209415,-1.158086118259205,-15.652528587887549,-21.586095795205317,-6.117665935098648,0.8617500866951788,-1.1696429761444582,-4.277942315578443,-21.586095795205317,True,False
MTC,bull_flag,5.0,4.40500020980835,4.739999771118164,,,,,,,False,,,,53.11475899359843,12.0,3.0,16.35801519785871,0.8116203536629375,-5.200004577636719,7.067501634726623,False,,False,,,,,,,,,,,,,,,,,,,False,False
FET,bull_flag,84.16000366210938,74.26000213623047,83.0199966430664,,,,,,,False,,,,52.829084207123756,15.0,15.0,15.973487782016644,0.8132090213031928,-1.3545710188178428,10.551668105334171,False,333.33333333333337,False,47.14795108346065,333.33333333333337,,,,56.00000000000001,,-388.5245901639344,577.7777777777777,7.97862157813316,0.5880070441453,-5.570099034676579,-2.6533923950703864,3.214638971315531,3.0418231574012244,-1.7685869325804404,3.3552532866995444,-5.570099034676579,True,False
FDMT,bull_flag,16.34000015258789,12.9399995803833,13.170000076293945,,,,,,,False,,,,52.52725580361379,15.0,13.0,46.22642782584036,0.7028297068137705,-19.400245083791432,1.7463970734870864,False,,False,59.14794934303241,,,,,,-334.88372093023247,,,25106.666666666668,21664.285714285714,8508900.0,2900.0,24.089268132589424,-96.41908567399224,94444.44444444445,500.0,2900.0,True,False
MTA,bull_flag,11.600000381469727,9.819999694824219,10.199999809265137,,,,,,,False,,,,52.17390769145449,14.0,15.0,35.937506014792135,0.6211869046315559,-12.06897005314761,3.725491387713028,False,,False,61.14761752623843,,,,,,,,,,,,,,,,,,False,False
SATL,bull_flag,5.78000020980835,4.5,4.789999961853027,,,,,,,False,,,,51.86246923358537,15.0,15.0,44.198901140733994,0.6072142501046858,-17.128031349814574,6.0542790013058765,False,,False,61.14725185988426,,,,,,-449.9999999999999,,,236.6962774957699,98.28843995510664,108.18902260052835,26.3395739186572,125.25824253572947,-0.3665585788805825,81.22125702606029,-17.216582064297803,26.3395739186572,True,False
HZO,bull_flag,52.34000015258789,52.08000183105469,52.209999084472656,,,,,,,False,,,,51.581079633434946,14.0,15.0,0.9561202509375831,0.6397242405104383,-0.2483780430573931,0.24898918923105315,False,-185.7142857142857,False,60.81446487957176,,-185.7142857142857,-146.75324675324674,-52.941176470588246,,,-550.0000000000008,,-6.984763200382249,-16.484644070212106,7.837792260188148,-1.947890510404493,15.897628419527798,4.401220955781926,-8.507605681758502,-15.978781390804963,-16.484644070212106,True,False
DXYZ,bull_flag,36.08000183105469,30.190000534057617,32.11000061035156,,,,,,,False,,,,51.37615749150568,14.0,15.0,37.92517161268892,0.7492709506410224,-11.003328767256534,5.979445779502662,False,,False,,,,,,,,,,,,,,,,,,,False,False
SCZM,bull_flag,10.6899995803833,8.753299713134766,9.649999618530273,,,,,,,False,,,,51.083593982167464,14.0,15.0,30.50607447155609,0.8101279330337557,-9.72871845347385,9.29222736624396,False,,False,75.14723806775463,,,,,,,,,,,,,,,,,,False,False
IAG,bull_flag,21.950000762939453,19.25,20.260000228881836,,,,,,,False,,,,49.79729588228565,15.0,12.0,39.62008306154046,0.5836738478041872,-7.6993187941525125,4.985193570935999,False,,False,52.147790127800924,,,,,,,,,,,,,,,,,,False,False
AEM,bull_flag,221.6877455928643,193.3000030517578,200.36000061035156,,,,,,,False,,,,48.801529246711354,15.0,12.0,41.33439085119438,0.6833275528478162,-9.62062423679554,3.523656187406198,False,,False,46.148470297708336,,,,,,,,,,,,,,,,,,False,False
HNST,bull_flag,6.010000228881836,5.21999979019165,5.409999847412109,,,,,,,False,,,,48.57142680208841,15.0,11.0,26.737969550758173,0.5767740080472568,-9.983367031940313,3.512015944165805,False,-100.0,False,53.147825283263884,200.0,-100.0,,,,,-2200.0,-66.66666666666666,-10.866797205191581,-19.692544987146533,-11.819265402606248,-6.717252637625082,6.663337558739557,-11.288435544146214,-4.897862181460722,-0.9501492633133268,-19.692544987146533,True,False
TITN,bull_flag,26.440000534057617,23.15999984741211,23.219999313354492,,,,,,,False,,,,48.135582955760945,13.0,4.0,35.91549280009348,0.6451029756947073,-12.178521768770052,0.2583956404678935,False,-28.57142857142857,False,72.8137567179051,,,,-28.57142857142857,,,-3279.9999999999995,,-9.158056168630335,-12.1067880794702,-15.539246842763921,-5.194579773588459,-4.976635827107034,-18.61132534062493,-0.41504398690478395,17.95009754294268,-15.539246842763921,True,False
SSRM,bull_flag,39.439998626708984,35.689998626708984,36.2400016784668,,,,,,,False,,,,47.6561005111173,15.0,12.0,27.814981766093556,0.7025198018364702,-8.113582808481976,1.517668394824096,False,-285.71428571428567,True,52.14716611112269,11.904761904761907,-285.71428571428567,2700.0000000000186,519.9999999999999,,-161.9047619047619,170.9677419354839,-26.190476190476186,35.24840311119961,131.28904679313678,-5.8066292637593335,-11.487539598138675,7.519655413996218,28.025486170629787,-4.31894321295302,2.688517741214258,-11.487539598138675,True,False
HL,bull_flag,21.690000534057617,18.90999984741211,19.780000686645508,,,,,,,False,,,,47.45042613480914,14.0,15.0,28.45348795492557,0.682256883436946,-8.805900416705983,4.398386294398769,False,-160.0,False,54.147823817106485,88.8888888888889,-160.0,566.6666666666667,,,-114.99999999999999,33.33333333333335,66.66666666666667,52.44894790677286,100.37256372544246,135.9860607638541,67.10202582777404,-18.856533141483546,-30.165101985738797,43.856063602756244,87.01231095199824,52.44894790677286,True,False
ACRV,bull_flag,2.255000114440918,1.9500000476837158,2.0,,,,,,,False,,,,47.333335876464844,15.0,14.0,36.61971499914707,0.5012283013649601,-11.30820849222618,2.499997615814209,False,,False,,,,,,,,,,,,,,,,,,,False,False
RCMT,bull_flag,43.09000015258789,38.93000030517578,40.11000061035156,,,,,,,False,,,,47.265074775154226,9.0,12.0,22.774479221643258,0.646543945136257,-6.91575662957466,2.941910464272712,False,-14.28571428571428,True,53.14730669401621,36.00000000000001,-3.703703703703709,110.52631578947363,-14.28571428571428,30.76923076923077,-35.0,166.66666666666669,-40.0,20.021492720620216,-1.698767653569777,12.434990638651966,16.439990060465504,12.979599701341549,-3.9756695499329253,23.0292079841796,-10.077271447944113,-1.698767653569777,True,False
ABOS,bull_flag,3.2899999618530273,2.7300000190734863,2.9200000762939453,,,,,,,False,,,,46.976741658732315,15.0,14.0,42.574264437366374,0.8183800132172785,-11.246197259853066,6.506851104661834,False,,False,59.81513772311342,,,,,,,,,,,,,,,,,,False,False
PRE,bull_flag,27.239999771118164,22.950000762939453,23.469999313354492,,,,,,,False,,,,46.97647873979152,15.0,10.0,39.332532504496704,0.6980405578848293,-13.839943059621099,2.2155882642875007,False,,False,58.81400270658565,,,,,,,,,,,,,,,,,,False,False
ANF,bull_flag,155.22000122070312,142.5,145.22999572753906,,,,,,,False,,,,46.479006286464795,14.0,3.0,18.58479401982436,0.5578340786763084,-6.436029773611162,1.8797740190399184,False,-7.547169811320764,True,73.8150812383912,43.29896907216495,-7.547169811320764,1.4084507042253946,-5.600000000000005,183.6734693877551,-59.16666666666668,52.54237288135597,-18.900343642611695,4.809773614880508,1.5045871225204177,5.355800966233559,6.753953378341482,13.724646958532837,-33.29622314501959,29.37993319484682,6.789815979347313,1.5045871225204177,True,False
FRNM,bull_flag,17.174999237060547,14.369999885559082,14.369999885559082,,,,,,,False,,,,46.19376301969578,14.0,5.0,47.37827926052725,0.5752516026397212,-16.33187467891575,0.0,False,,False,,,,,,,,,,,,,,,,,,,False,False
GTE,bull_flag,11.069999694824219,9.40999984741211,10.789999961853027,,,,,,,False,,,,45.88938931843434,15.0,15.0,11.40066325404531,0.25177838500376704,-2.529356284464085,12.7896211243723,False,-1524.9999999999998,False,53.81451775957176,,,,-1524.9999999999998,,,,,25.450510667878735,2.2894696259742053,-12.396760970093501,-1.7138309975864296,8.82881629150285,32.511179751970865,-12.917277234678926,-0.10494091225068392,-12.396760970093501,True,False
PSNL,bull_flag,17.639999389648438,16.0,16.209999084472656,,,,,,,False,,,,45.18166968638426,15.0,14.0,41.60838193127075,0.7788092134898946,-8.10657797423133,1.295491032283966,False,,False,52.14732474456019,,,,,,,,,29.95989071673546,-24.91142926474157,3.2440476190476186,-43.61896612081372,44.49974146845914,-10.79850100893629,19.6619523973784,-15.741440446433764,-43.61896612081372,True,False
SGMT,bull_flag,11.449000358581543,9.949999809265137,10.880000114440918,,,,,,,False,,,,44.16314778511157,15.0,14.0,9.554146607994433,0.649465729040688,-4.969868340637562,8.547796832661803,False,,False,60.81388540917824,,,,,,,,,,,,,,,,,,False,False
CNH,bull_flag,14.3100004196167,13.369999885559082,13.579999923706055,,,,,,,False,,,,43.569292142588665,13.0,4.0,23.56978855708636,0.6481830398767965,-5.101331058732407,1.5463920421706638,False,-90.0,True,57.81481702248843,-35.29411764705883,-90.0,-42.8571428571429,-75.0,1000.0,-87.5,33.33333333333328,-64.70588235294117,3.0340711265854248,-0.06305170239596647,7.7984984257689405,-7.380535401551159,30.69400630914827,-28.780049427095033,20.232306861156136,-7.933349912956977,-7.380535401551159,True,False
KRO,bull_flag,9.028054572714085,8.069999694824219,8.140000343322754,,,,,,,False,,,,43.47825012491495,14.0,12.0,29.39137990691158,0.7323338355521526,-9.836606793177118,0.8599587904926407,False,-151.61290322580646,False,54.14771542859953,,-125.0,,-151.61290322580646,,,,,12.884304207119746,4.083299305839128,-1.1344835736232572,-5.735506498865273,9.474303648489602,21.87425292852021,-8.448238126504704,-7.584951456310685,-5.735506498865273,True,False
WPM,bull_flag,163.89999389648438,144.02999877929688,154.1199951171875,,,,,,,False,,,,43.39546305534485,15.0,13.0,33.334744495013695,0.8261773694696708,-5.967052558570385,6.546844444303636,False,,False,54.14694825297453,,,,,,,,,,,,,,,,,,False,False
IAUX,bull_flag,1.940000057220459,1.690000057220459,1.75,,,,,,,False,,,,43.283575317806175,15.0,13.0,39.6551603652902,0.5136724227224287,-9.793817093628448,3.428568158830915,False,,False,61.1478064437037,,,,,,,,,-12.53053599655123,272.9356492027335,-8.347324465108274,178.2083586758189,-53.52548196220652,146.07797087834666,-33.50822948874106,15.027302773386975,-12.53053599655123,True,False
TII,bull_flag,3.380000114440918,2.809999942779541,2.950000047683716,,,,,,,False,,,,43.21607492333766,15.0,13.0,4.651158922358981,0.6914910520617394,-12.721895035448187,4.745766191227699,False,,False,52.81375821189815,,,,,,,,,,,,,,,,,,False,False
FSM,bull_flag,12.9399995803833,11.5600004196167,11.989999771118164,,,,,,,False,,,,43.179113379314835,15.0,14.0,14.010971448453372,0.8056336875696795,-7.341575271032555,3.5863165947447215,False,,False,53.147900436423605,,,,,,,,,,,,,,,,,,False,False
TXG,bull_flag,69.66999816894531,58.70000076293945,68.58999633789062,,,,,,,False,,,,42.80702834571131,11.0,14.0,32.8893472257073,0.7413532494495623,-1.5501677327961914,14.4190058361145,False,-150.0,False,54.147048930138894,-150.0,,,,,,,-178.57142857142856,-12.649501468989289,-2.6084205497052593,0.6114373322183342,-1.7487174753056278,0.12794760114820392,-9.147142082756133,11.428034523026543,-13.825849584750271,-12.649501468989289,True,False
CHYM,bull_flag,35.54999923706055,31.520000457763672,33.0,,,,,,,False,,,,42.583728167225445,15.0,14.0,12.870259950798582,0.6268478524376925,-7.172993788427978,4.484847097685843,False,,False,53.148193005949075,,,,,-46.153846153846146,-95.89905362776025,,,26.81421341326027,24.798937433493194,41.36027363815005,41.46257033840517,3.457128425501277,8.556772945110147,9.721647265320987,2.910163609133032,24.798937433493194,True,False
AOUT,bull_flag,15.729999542236328,14.170000076293945,15.680000305175781,,,,,,,False,,,,42.56757671072009,7.0,3.0,13.605448355517611,0.2175425195164436,-0.3178591132586804,9.630103313093704,False,-3300.0,False,89.1484238165162,,,-3300.0,-33.33333333333333,,,-300.0,,25.425897245976703,-24.027315876142197,-3.297154089394072,-5.035529286757868,-20.83554686669925,-16.821620475113118,-1.0891798807671438,92.57625749107805,-24.027315876142197,True,False
MTW,bull_flag,21.5,18.729999542236328,20.780000686645508,,,,,,,False,,,,42.093861105636954,15.0,14.0,16.29503902867206,0.8058828588629913,-3.3488340156022893,9.865260234214695,False,-87.5,False,53.14759680015047,875.0,,-87.5,,,-185.0,42.85714285714284,250.00000000000006,10.268767377201105,5.032915693353157,13.60738255033558,5.449695121951215,20.279013344116457,-26.953182690887612,22.352728586917237,2.5764596848934174,5.032915693353157,True,False
KGC,bull_flag,32.939998626708984,28.829999923706055,29.1299991607666,,,,,,,False,,,,42.05443306010652,15.0,12.0,46.914866245987454,0.8416363797735364,-11.56648337821451,1.0298635279900639,False,,False,59.147713774872685,,,,,,,,,,,,,,,,,,False,False
KURA,bull_flag,13.40999984741211,11.335000038146973,11.390000343322754,,,,,,,False,,,,42.0258694442432,15.0,10.0,47.3076922136416,0.717634081535432,-15.063382006519404,0.48288238382735865,False,,False,52.147714427349534,,,,,,,,,36.53846153846154,29.465551460164452,,,14.284150013687391,5.358790955237658,-16.45301204819277,35.72736787022501,29.465551460164452,False,False
CDE,bull_flag,22.450000762939453,19.760000228881836,20.579999923706055,,,,,,,False,,,,41.916930516567305,15.0,10.0,37.34754657085728,0.7021141701849859,-8.329624836006255,3.9844494551220238,False,9.090909090909083,True,46.14821491091435,9.090909090909083,483.3333333333333,236.36363636363637,241.66666666666666,-65.71428571428571,-5.405405405405405,-9.756097560975608,272.7272727272727,125.85914906896912,137.7901583616155,120.9396812509003,76.90891806709286,26.79305576319331,26.87201691642698,21.6889933948468,15.378549880370329,76.90891806709286,True,False
USAS,bull_flag,5.880000114440918,5.010000228881836,5.050000190734863,,,,,,,False,,,,41.09947541046224,15.0,14.0,24.20379960264581,0.8119112624093383,-14.115644686258186,0.7920784226189633,False,,False,57.813673841030095,,,,,,,,,,,,,,,,,,False,False
DCTH,bull_flag,17.139999389648438,15.680000305175781,15.90999984741211,,,,,,,False,,,,40.26185773411515,15.0,14.0,29.674783431572788,0.44154457228377825,-7.176193617481552,1.4456288148471568,False,-200.0,False,51.81474713362268,0.0,-200.0,,-66.66666666666666,,,-350.0,-71.42857142857143,20.603576751117725,26.33441164577437,37.27152317880795,83.59821428571428,16.559974393854525,20.58085681204169,0.8024120994018391,-14.874151349561181,20.603576751117725,True,False
ELE,bull_flag,22.885000228881836,20.239999771118164,21.43000030517578,,,,,,,False,,,,40.22416691557606,15.0,13.0,35.294122857444016,0.8451158644985831,-6.357875941245494,5.552965548816198,False,,False,61.14802832322916,,,,,,,,,,,,,,,,,,False,False
PPTA,bull_flag,27.559999465942383,23.459999084472656,23.6299991607666,,,,,,,False,,,,39.59804984220084,15.0,14.0,30.727042484942675,0.739537410627618,-14.259798190607112,0.7194248088514541,False,,False,61.14734306078704,,,,,,,,,,,,,,,,,,False,False
RDW,bull_flag,12.324999809265137,10.140000343322754,10.619999885559082,,,,,,,False,,,,38.96103998462412,15.0,15.0,49.39394000695315,0.5674644900687376,-13.833670994658728,4.5197697496119975,False,,False,53.14730723703704,,,,,,,,,89.56282383419689,57.947715612020524,56.40310523289247,50.692036481249446,20.729695169739728,-10.866408073974664,5.184082295614512,67.47409326424871,50.692036481249446,True,False
CBLL,bull_flag,25.06999969482422,22.969999313354492,23.6299991607666,,,,,,,False,,,,37.811793124029556,15.0,15.0,20.08995708036686,0.5798426332421369,-5.743919232495682,2.793059123370268,False,-121.47239263803682,False,52.148239251504634,,,-121.47239263803682,,,,,,32.53927072031699,29.295788394905074,33.721808568037126,31.369584181448083,6.05042651166301,6.899612653324727,9.717118951702153,6.5569130619368865,29.295788394905074,True,False
FIGS,bull_flag,15.737000465393066,12.600000381469727,13.350000381469727,,,,,,,False,,,,37.36892432625953,15.0,15.0,46.17345486517429,0.7673470539676716,-15.168075321421929,5.61797736755893,False,275.0,False,54.14793613436343,275.0,,900.0,,400.0,-70.0,100.0,25.0,28.812237945492658,28.02299421141543,32.974162061766044,8.167806631528652,22.96218934097134,-20.79981772793914,33.12321559267048,-0.6413784067085926,8.167806631528652,True,False
CACI,bull_flag,653.8099975585938,604.8599853515625,621.1699829101562,,,,,,,False,,,,35.403784921241495,15.0,15.0,24.550294512739825,0.8277067486648325,-4.992278302613801,2.625689908933151,False,-0.7032348804500765,True,39.14825325815973,-0.7032348804500765,17.599999999999994,14.54918032786885,5.628517823639778,20.068027210884342,5.187835420393561,-0.7104795737122527,-20.815752461322077,17.573250630168946,8.491994857363828,5.728521022626354,11.217620396628103,15.229889213195058,5.896363987699638,-2.9517975645462546,-0.7170124783867693,5.728521022626354,True,False
AG,bull_flag,22.190000534057617,19.43000030517578,19.559999465942383,,,,,,,False,,,,35.162132869623534,15.0,15.0,31.927255100030123,0.8446130429377354,-11.85219019746602,0.6646174044787395,False,,False,46.81514133215278,,,,,,,,,,,,,,,,,,False,False
SVM,bull_flag,13.664999961853027,11.779999732971191,11.90999984741211,,,,,,,False,,,,35.04274366405149,14.0,15.0,26.219525314523466,0.7254212253583727,-12.84303051108778,1.091520706183429,False,,False,54.1471565484375,,,,,,,,,,,,,,,,,,False,False
TDW,bull_flag,101.58000183105469,88.41999816894531,92.97000122070312,,,,,,,False,,,,34.9887987301136,13.0,15.0,32.26709902962377,0.8316674821183104,-8.476078416174376,4.894055062940658,False,-102.29885057471265,True,58.14712818028936,-70.54794520547945,-85.54216867469879,524.2857142857143,-102.29885057471265,258.33333333333337,-97.25400457665904,,-101.36986301369863,0.2507095137816995,-2.16588092753206,-2.4014373270353717,0.2224141780958755,4.924560575313741,-3.1401611648525174,-1.2649767085980312,-0.09313741283011323,-2.4014373270353717,True,False
AGRO,bull_flag,12.789999961853027,11.279999732971191,11.770000457763672,,,,,,,False,,,,34.904609019211776,12.0,7.0,23.794230854148573,0.8252559266542486,-7.974976599934071,4.163132589083873,False,,False,60.14845763144676,,,,,,,,,,,,,,,,,,False,False
APPS,bull_flag,12.1899995803833,9.75,11.8100004196167,,,,,,,False,,,,34.86351513212471,15.0,14.0,39.85765474811115,0.5554702695114468,-3.1173024925949413,17.44284797987804,False,,False,52.14841708326389,,,,,,-199.99999999999991,,,26.776194186028746,19.636262924667648,12.44977235083966,18.234114951822654,16.439259482704195,-5.84548114584641,7.8517135998062315,7.218581488779918,12.44977235083966,True,False
STLN,bull_flag,6.75,5.760000228881836,6.170000076293945,,,,,,,False,,,,34.56789675278811,14.0,15.0,46.4285602780415,0.6223115176793267,-8.59259146231192,6.645054170864431,False,,False,58.147168049166666,,,,,,,,,34.623795929951086,41.21889546577784,41.578984112419846,36.69933233901563,9.387483807082164,3.8631416555717557,3.949064175038819,13.991419174972041,34.623795929951086,True,False
HCC,bull_flag,111.41999816894531,96.0,97.7699966430664,,,,,,,False,,,,34.52074134462324,15.0,14.0,39.17621487372634,0.7847199302681798,-12.25094395099658,1.8103679081919348,False,-12.50000000000001,False,53.14782655510417,1400.0,,2050.0000000000464,-12.50000000000001,20.43795620437954,218.6046511627906,-38.57142857142855,536.3636363636364,71.31112552642989,52.891716092724295,29.087217276712487,0.26516538508483123,11.143335630238905,19.427690448659863,16.859663591903562,10.441545695626896,0.26516538508483123,True,False
SMTC,bull_flag,170.42999267578125,154.39999389648438,167.24000549316406,,,,,,,False,,,,34.4967249952612,10.0,3.0,19.70751115966089,0.6803437243691803,-1.871728756502198,7.677595775494353,False,-141.97530864197532,False,72.14718993274305,22.72727272727273,-141.97530864197532,,,,,,-240.9090909090909,16.098779377080596,9.287853154462633,12.81177323131888,19.61647542958831,6.074734091842338,2.7741157226033764,3.7358882371628432,2.660393192511612,9.287853154462633,True,False
BE,bull_flag,280.47900390625,257.010009765625,275.75,,,,,,,False,,,,34.377119301909296,5.0,3.0,28.496886600213905,0.8312611448204952,-1.6860456007005316,6.796007337941977,False,65.44129822818347,False,45.14832525702546,,65.44129822818347,,,-99.76979281353218,,,,133.78948951018285,36.28098998656175,59.520627975487585,21.377789349547417,-3.411645196146307,50.539320633275594,29.545293951384966,24.116243085616198,21.377789349547417,True,False
NVCT,bull_flag,25.649999618530273,22.010000228881836,23.989999771118164,,,,,,,False,,,,33.775892916200334,15.0,10.0,50.0,0.7615463482299017,-6.471734394151333,8.25343710348873,False,,False,51.81419546719908,,,,,,,,,,,,,,,,,,False,False
CGAU,bull_flag,24.520000457763672,21.739999771118164,22.6299991607666,,,,,,,False,,,,33.64734129850346,15.0,13.0,29.434772073231603,0.8331788069179491,-7.707998620361553,3.9328299719578443,False,,False,45.14818967283565,,,,,,,,,,,,,,,,,,False,False
INFU,bull_flag,12.470000267028809,11.789999961853027,12.149999618530273,,,,,,,False,,,,33.588616843619846,15.0,14.0,13.680785604051781,0.5585020692050201,-2.5661639265929286,2.962960230288415,False,25.0,False,51.814434032268515,25.0,,79.99999999999999,37.5,199.99999999999994,-44.44444444444444,-18.181818181818187,-8.333333333333325,6.225296442687744,28.155339805825253,8.743672342383801,-18.07707588398888,11.053719008264462,22.894625476089715,14.597478176527634,-32.081686429512516,-18.07707588398888,True,False
ERO,bull_flag,40.83000183105469,34.189998626708984,35.470001220703125,,,,,,,False,,,,32.931031851932914,14.0,13.0,45.65446030018275,0.8492942550932342,-13.127603159387629,3.6086905834303407,False,,False,52.147993406076395,,,,,,,,,,,,,,,,,,False,False
HBIO,bull_flag,8.369999885559082,7.849999904632568,8.029999732971191,,,,,,,False,,,,32.90112978718997,15.0,6.0,17.24137688039466,0.5432856169052488,-4.062128521345612,2.2415919592069655,False,106799.99999999991,False,53.8144993625463,,,106799.99999999991,,,-107.20299345182414,,,11.134474327628352,-4.679893450904748,-3.3433784003909395,-6.276741010468823,9.501324981932058,-12.555298082999789,15.268806760235055,0.6894865525672422,-6.276741010468823,True,False
ATNI,bull_flag,31.780000686645508,29.25,30.31999969482422,,,,,,,False,,,,32.51063570063164,15.0,15.0,24.738213882703043,0.7643309955561173,-4.594087351404011,3.529022775705612,False,-293.7500000000003,False,58.14835739814814,,,-293.7500000000003,,,,-272.2222222222222,,2.4416760769803814,2.009851857700795,1.179384996499544,1.4124980255403985,1.5486936432705267,-0.6765547749154277,1.2969741264145407,0.26609163643354083,1.179384996499544,True,False
VOXR,bull_flag,6.0,5.300000190734863,5.789999961853027,,,,,,,False,,,,32.413801268079936,15.0,14.0,32.62410867826519,0.7761508391771774,-3.5000006357828775,8.462863114792576,False,,False,60.14698863465277,,,,,,,,,,,,,,,,,,False,False
IREN,bull_flag,47.29999923706055,43.279998779296875,43.83000183105469,,,,,,,False,,,,32.38363693982733,6.0,3.0,31.79443964653572,0.6575681677959418,-7.336146854072342,1.2548551877269627,False,-345.7831325301205,False,54.147752033449066,-345.7831325301205,,,,,,-148.14814814814815,30.12048192771084,-26.732054759413103,-0.019333945574939726,59.019837443173984,355.41467667348957,-5.2280810801477955,-21.601910207263984,-23.139474396054847,28.299660423296235,-26.732054759413103,True,False
ATKR,bull_flag,94.38999938964844,93.44499969482422,94.1500015258789,,,,,,,False,,,,32.141382485557244,15.0,15.0,0.1978809493454294,0.38565925237625104,-0.2542619613533458,0.7488070309387137,False,-174.51923076923077,False,67.8150225155787,-98.4,,-66.41221374045801,-174.51923076923077,,-929.5454545454545,,-224.00000000000003,8.129434252324685,4.225586946453386,-0.9143028157624689,-4.603087415022511,8.67172470558959,11.567268910895923,-12.827338961797096,2.3081580039317373,-4.603087415022511,True,False
OKTA,bull_flag,179.44000244140625,157.72999572753906,166.5,,,,,,,False,,,,32.12185361022924,5.0,8.0,36.3917291326862,0.5386185689036045,-7.211325381937417,5.267269833309872,False,19.999999999999996,False,80.14747032119213,75.67567567567568,19.999999999999996,133.3333333333334,,54.761904761904766,19.99999999999997,45.83333333333337,-35.13513513513513,10.576923076923084,11.191860465116289,11.58357771260996,11.578947368421044,5.228758169934644,0.5256241787122251,2.5606469002695365,1.9230769230769162,10.576923076923084,True,False
HALO,bull_flag,111.1500015258789,103.47000122070312,107.19999694824219,,,,,,,False,,,,32.05300087830314,15.0,13.0,19.60560345264062,0.5649634365770196,-3.5537602549803338,3.4794737254889676,False,-206.60377358490564,True,51.147844540625,42.85714285714284,31.182795698924725,-206.60377358490564,36.190476190476176,55.73770491803278,,-179.020979020979,7.5187969924811915,47.6729942066628,42.22856517192037,51.59559474913424,22.124625970408562,27.684838123958077,-16.61453802513242,27.522694939367256,8.76368894660735,22.124625970408562,True,False
AII,bull_flag,26.719999313354492,25.170000076293945,25.93000030517578,,,,,,,False,,,,31.896971056764635,11.0,11.0,22.6707980715635,0.8031577853952425,-2.956583190418999,2.930968838940335,False,-63.30935251798561,False,59.14846183372685,7.407407407407396,-63.30935251798561,,103.03030303030303,70.58823529411764,75.86206896551721,-13.432835820895516,-58.64197530864197,54.59402139626035,26.493336671952818,1.4213349225268068,33.26601207485551,26.657575524298636,33.57669594852661,9.750749685615713,-16.74250661082699,1.4213349225268068,True,False
SII,bull_flag,139.3300018310547,123.26000213623047,133.0500030517578,,,,,,,False,,,,31.878963016233563,15.0,12.0,43.30079721737344,0.5391948548866365,-4.507283927916487,7.3581365584177645,False,,False,52.813883298599535,,,,,,,,,,,,,,,,,,False,False
SNDK,bull_flag,1807.3800048828125,1416.56005859375,1633.3499755859375,,,,,,,False,,,,31.756711063941935,14.0,15.0,47.70987269933603,0.686556435118741,-9.62885662266463,13.272716823252633,False,-48.630136986301366,False,55.147188923622686,,,615.2777777777778,-48.630136986301366,94.65914025184543,347.18446601941747,586.6666666666667,,371.59389794844816,251.03244837758112,61.24733475479744,22.570366436537448,50.67226890756302,96.69421487603307,31.065857885615245,21.409784324039972,22.570366436537448,True,False
BSIN,bull_flag,1.649999976158142,1.440000057220459,1.5700000524520874,,,,,,,False,,,,31.666665010982165,14.0,11.0,36.842101960961465,0.5850376350888417,-4.848480294668028,8.28025419671734,False,,False,,,,,,,,,,5.226824457593682,-26.85818513451892,-67.00591715976331,-64.93847084930403,33.04239401496258,15.064562410329984,-19.792865362485614,-14.299802761341219,-67.00591715976331,True,False
DC,bull_flag,6.400000095367432,5.704999923706055,5.809999942779541,,,,,,,False,,,,31.48936338584427,15.0,13.0,32.09458773723051,0.8485787819163316,-9.218752246815678,1.8072292617485577,False,,False,61.106429680567125,,,,,,,,,,,,,,,,,,False,False
CMDB,bull_flag,24.760000228881836,23.173999786376953,24.510000228881836,,,,,,,False,,,,31.37685882794836,15.0,4.0,13.566447743993853,0.8180483659120761,-1.0096930439781746,5.450838147812748,False,,False,61.8148464770949,,,,,,,,,,,,,,,,,,False,False
SM,bull_flag,38.880001068115234,34.2782545712314,38.099998474121094,,,,,,,False,,,,31.149826352307475,10.0,15.0,35.34675907638526,0.7790977147360125,-2.0061794561878403,10.030824293826576,False,-205.66037735849054,True,51.147189123078704,153.4090909090909,-205.66037735849054,-42.331288343558306,-35.4066985645933,,-278.7234042553192,-30.370370370370413,-23.29545454545454,174.6496815286624,75.83333333333333,-16.01551938247884,26.250661602166936,45.97156398104265,110.40155785473034,-13.442267595057512,3.31324840764331,-16.01551938247884,True,False
AMPY,bull_flag,5.059999942779541,4.510000228881836,4.929999828338623,,,,,,,False,,,,30.933329264322907,15.0,15.0,34.48273027127105,0.581488949895937,-2.5691722512057336,8.519261948906074,False,-196.29629629629628,False,53.14841787423611,166.66666666666669,,,-196.29629629629628,,-160.0,,-446.6666666666667,-22.929740641593888,-48.00277585010409,-18.06261862331754,-4.955767413896761,40.63100576553491,-33.75534887010645,-14.823182119404787,-2.8744459560275604,-48.00277585010409,True,False
EZPW,bull_flag,35.91999816894531,31.450000762939453,32.470001220703125,,,,,,,False,,,,30.626623801179733,10.0,12.0,45.7626958178496,0.5065720030438751,-9.604669053755375,3.141362548250573,False,37.5,True,67.14798042018518,41.17647058823528,84.84848484848484,37.5,74.99999999999977,-21.311475409836067,10.90909090909089,57.14285714285721,2.9411764705881804,34.653885607159275,45.88888598701995,19.317550051535125,14.347939745578863,-6.295411977685339,16.97873665969494,13.4216909679852,8.306616802955812,14.347939745578863,True,False
RGLD,bull_flag,271.42999267578125,251.1300048828125,252.27999877929688,,,,,,,False,,,,30.58230491329146,15.0,14.0,12.990445774955766,0.7936747844599921,-7.0552239668512735,0.455840297308083,False,-36.19631901840484,True,53.14730495905093,38.3084577114428,91.86046511627906,-36.19631901840484,31.506849315068486,-15.75757575757576,217.30769230769204,-45.83333333333328,-4.477611940298498,114.90772408332259,142.52207448458404,85.29028436018957,30.041220200477724,-3.9618438582467386,24.992006906033183,48.89791643524764,20.236783484304265,30.041220200477724,True,False
PUBM,bull_flag,17.8799991607666,15.640000343322754,16.489999771118164,,,,,,,False,,,,30.23809008407321,15.0,14.0,20.209963570136622,0.6094795716513682,-7.774046168293229,5.154635776794634,False,-46.153846153846146,False,58.14730823046296,,,-46.153846153846146,,,-292.8571428571429,,,10.54645193051551,-1.97101449275362,-6.381137283338401,-5.32973003092525,25.614141640161737,-21.836194188341707,17.783990582695708,-4.409592798368378,-6.381137283338401,True,False
GRAL,bull_flag,85.48999786376953,75.08999633789062,76.2300033569336,,,,,,,False,,,,30.189272758669873,13.0,12.0,38.92374511603138,0.6166059015900867,-10.831670064598637,1.4954833646078778,False,,False,60.147854243310185,,,,,,,,,25.723047490434393,28.105663222037247,13.973125588204539,26.322769789194478,9.56724285889421,-6.449985090717247,20.45366635353927,1.8287193337834795,13.973125588204539,True,False
HAE,bull_flag,109.48999786376953,100.52999877929688,102.69000244140625,,,,,,,False,,,,30.14354669568271,12.0,14.0,32.81747131030286,0.6241377904606604,-6.210608781656953,2.1034215705096013,False,-135.04273504273505,True,53.81451087125,2.857142857142869,-135.04273504273505,28.37837837837838,22.72727272727273,,-143.15789473684214,17.28395061728394,15.714285714285726,5.596246351829848,4.764684708665179,-2.7471581617136476,-5.266402516851853,-2.0126981010593292,2.1783831464419867,3.559873516337464,1.8422870370946587,-5.266402516851853,True,False
B,bull_flag,48.95162074295935,42.79999923706055,43.68000030517578,,,,,,,False,,,,29.594329977841106,15.0,14.0,42.64299662401742,0.8005501789078152,-10.769041673746377,2.0146544458951396,False,,False,57.81503355682871,,,,,,,,,,,,,,,,,,False,False
AAUC,bull_flag,24.440000534057617,22.18000030517578,22.84000015258789,,,,,,,False,,,,29.34723267038233,15.0,14.0,26.168215302924374,0.38400625463656035,-6.546646262303042,2.889666563059668,False,,False,53.14847577173611,,,,,,,,,,,,,,,,,,False,False
CRL,bull_flag,303.30999755859375,272.05999755859375,278.260009765625,,,,,,,False,,,,29.328190274664824,15.0,13.0,39.16702460561738,0.8127768027735982,-8.258873098348685,2.2281362716307833,False,-160.0,False,52.814797715694446,-102.8301886792453,-160.0,,-17.29323308270676,,,-606.3636363636364,3.7735849056603765,-2.7183459528065557,1.184960291332371,-0.8300841155893579,-0.48635174788539404,0.8282538184228194,0.16123078532366275,-1.057369642494621,-2.643355762569821,-2.7183459528065557,True,False
NUTX,bull_flag,202.5,182.66000366210938,200.24000549316406,,,,,,,False,,,,28.954128620962138,14.0,11.0,30.143198115527646,0.8373802183151403,-1.1160466700424383,8.779465316012912,False,-79.79274611398964,False,54.14754531122685,,95.79579579579578,-79.79274611398964,,43.865030674846636,178.6324786324786,-69.84536082474226,,,,,,,,,,,False,False
OGC,bull_flag,31.780000686645508,28.030000686645508,30.190000534057617,,,,,,,False,,,,28.93388547987199,15.0,14.0,42.82276841694133,0.73535090750188,-5.003147005141619,7.154686350453667,False,,False,53.147496017268516,,,,,,,,,,,,,,,,,,False,False
APA,bull_flag,46.099998474121094,40.459999084472656,44.72999954223633,,,,,,,False,,,,28.072705092532814,11.0,15.0,40.390549743772304,0.7754196145985002,-2.97179821525121,9.546167005281816,False,-18.55670103092778,False,53.148416574016196,26.347305389221564,31.25,-18.55670103092778,,67.46031746031744,59.49367088607585,38.59649122807027,-65.8682634730539,,,,,,,,,,False,False
FRD,bull_flag,46.4900016784668,41.15999984741211,43.279998779296875,,,,,,,False,,,,27.939852377525852,14.0,15.0,14.854692487798307,0.614267718623616,-6.9047166772995165,4.898334084285773,False,91.89189189189189,False,53.14792681931713,132.46753246753244,,,91.89189189189189,316.2790697674419,34.375,-54.92957746478873,-7.792207792207795,85.71306958890538,78.55517996470864,42.735507076686744,17.656764236017143,42.86199054615596,10.231456264806438,13.06305972087225,4.303646607231304,17.656764236017143,True,False
EPRX,bull_flag,8.489999771118164,7.840000152587891,8.420000076293945,,,,,,,False,,,,27.708977574038563,5.0,3.0,22.905019896630225,0.33766653499479293,-0.8244958387672552,6.888360076611081,False,,False,52.148023198726854,,,,,,,,,,,,,,,,,,False,False
NTRA,bull_flag,339.29998779296875,316.0,328.92999267578125,,,,,,,False,,,,27.628308830801206,15.0,10.0,30.96018813344155,0.6353338691423229,-3.0562910375095496,3.930925413823861,False,,False,54.147544924375005,,,,,,-266.6666666666667,,,37.71496523966338,38.820716178785645,39.7930097193427,34.66110906453095,8.053754859009764,4.6797896318557575,12.38080120503291,8.33937065495791,34.66110906453095,True,False
MLAB,bull_flag,132.6999969482422,120.38999938964844,120.87000274658203,,,,,,,False,,,,27.363611792448616,15.0,10.0,29.34369315414978,0.7849576575283479,-8.914841351710265,0.3971236419510773,False,-42.352941176470594,False,54.147645112731475,-42.352941176470594,,,-28.57142857142857,,-213.84615384615384,44.44444444444444,-47.05882352941176,0.9992778328266949,2.5573348354389625,3.6378103119032446,5.021354589939997,-5.627393132885572,-2.152750053741981,7.226237713420147,2.0052734998236676,0.9992778328266949,True,False
NRGV,bull_flag,4.460000038146973,4.050000190734863,4.309999942779541,,,,,,,False,,,,27.058825014371735,5.0,3.0,29.347821579989425,0.7994686907020873,-3.36323080906863,6.032476925672592,False,,False,58.14754594568287,,,,,,,,,-10.96504955659885,-72.16294214023736,-99.3114102593554,-86.85884455032758,-74.50330136536105,2691.576313594662,-78.26323422770123,-42.45174752217006,-99.3114102593554,True,False
HYLN,bull_flag,4.079999923706055,3.690000057220459,3.9000000953674316,,,,,,,False,,,,26.98412313963503,10.0,3.0,36.470585595364916,0.787138675013735,-4.411760580993364,5.384616231071858,False,,False,59.147794215347226,,,,,,,,,226.3366336633663,479.14110429447857,-52.81643472498343,,74.57627118644068,297.75280898876406,-6.192358366271411,-49.9009900990099,-52.81643472498343,False,False
MRVI,bull_flag,7.159999847412109,6.485000133514404,6.53000020980835,,,,,,,False,,,,26.584511875302375,15.0,3.0,46.68872959232008,0.5398094260416295,-8.798877807678517,0.689128251885095,False,,False,54.14761339638889,,,,,,,,,8.534295419541316,40.52721451440768,-11.832101559461083,-39.688518652662076,-21.864605009341254,32.02783459671921,19.783809752582272,-12.167436757600692,-39.688518652662076,True,False
SLN,bull_flag,15.279999732971191,12.880999565124512,13.020000457763672,,,,,,,False,,,,26.50143705722101,15.0,14.0,13.992834408560837,0.2948952442317474,-14.790571431299778,1.067595144025326,False,-212.49999999999991,False,53.813869928298615,,,-212.49999999999991,,,,,,-100.0,197.1830985915493,-99.86563920173879,-89.38584779706275,-100.0,1141.1764705882354,-78.61635220125787,-29.01785714285714,-100.0,True,False
WYY,bull_flag,11.399999618530273,10.59000015258789,10.829999923706055,,,,,,,False,,,,25.856354732274124,8.0,5.0,34.1880401097459,0.5848522585757954,-4.999997490330663,2.216064384200249,False,,False,61.14692903289352,,,,,0.0,,,,,,,,-39.31338028169014,62.10045662100456,-28.86723507917174,,,False,False
AMCX,bull_flag,12.930000305175781,11.170000076293945,12.170000076293945,,,,,,,False,,,,25.540674896944736,15.0,15.0,41.129019853349476,0.5736130331721085,-5.877805189050255,8.216926817838804,False,-226.47058823529412,False,54.815103987673616,-156.04395604395606,-226.47058823529412,,81.57894736842104,,,-170.28985507246378,51.64835164835164,-8.754483154007175,-2.36045047754726,-0.751203477361273,-6.316230108036169,0.9901738891440637,-8.856041412030535,5.885630566399813,-6.380244790208389,-8.754483154007175,True,False
TBBB,bull_flag,52.220001220703125,48.099998474121094,50.459999084472656,,,,,,,False,,,,25.23984732202631,11.0,12.0,27.38793209540314,0.5080577790604068,-3.3703601974116744,4.6769731533304215,False,,False,67.14713102873843,,,,,,,,,,,,,,,,,,False,False
SBSW,bull_flag,13.4399995803833,12.5,12.539999961853027,,,,,,,False,,,,25.190844070966477,15.0,5.0,23.484841095843894,0.8155847933855591,-6.6964259421844865,0.31897896311569507,False,,False,,,,,,,,,,,,,,,,,,,False,False
TALO,bull_flag,18.010000228881836,15.979999542236328,17.68000030517578,,,,,,,False,,,,25.17630196045304,11.0,15.0,49.579848993539585,0.8331838263703405,-1.8323149334381932,9.615388764681082,False,-212.24489795918367,False,53.147133511064816,,,,-212.24489795918367,,,,,56.52934514657857,-7.942361404828679,-19.157228685965144,-11.630596560675144,40.757765027206716,20.4144433085099,-12.846486969312497,5.964386032242341,-19.157228685965144,True,False
MTDR,bull_flag,62.20000076293945,54.27000045776367,61.04999923706055,,,,,,,False,,,,25.17538258529477,11.0,15.0,35.32068897448618,0.7482319330670788,-1.848877028574106,11.10564924492425,False,-115.10416666666667,True,45.14760178099537,160.3305785123967,-115.10416666666667,-9.941520467836252,-28.643216080402013,,-118.83116883116882,8.450704225352123,17.355371900826434,26.76362622855897,-6.417286092948227,-17.24828091666726,6.392004994553191,24.619585303375935,16.312599901673288,-11.536339069211909,-1.1408934856397157,-17.24828091666726,True,False
CERS,bull_flag,2.7899999618530273,2.450000047683716,2.490000009536743,,,,,,,False,,,,25.11627618140837,15.0,13.0,44.444449350176875,0.36558256366719205,-10.75268660996805,1.6064241646516784,False,,False,54.148206153344915,,,,,,,,,273.01772842392364,247.99610894941634,385.73677873483376,353.9527559055118,7.044222060714489,2.3186195061492887,21.290964175859763,180.7909604519774,247.99610894941634,True,False
ZVRA,bull_flag,12.899999618530273,11.390000343322754,12.010000228881836,,,,,,,False,,,,25.026288718825327,14.0,15.0,21.00840235116771,0.7816694800705116,-6.899220278812979,5.162363644824057,False,-88.4297520661157,False,53.146902515775466,-88.4297520661157,,,,-76.66666666666666,185.71428571428547,,-100.82644628099173,53.25141996058884,77.54031665114456,183.35962799966788,605.3585926928282,9.505797901711755,6.1391941391941485,30.93273989947436,0.7032185773347299,53.25141996058884,True,False
SA,bull_flag,35.119998931884766,29.899999618530273,31.010000228881836,,,,,,,False,,,,24.971617093884845,15.0,13.0,47.42424067277404,0.6027040811651921,-11.70273014806826,3.5794924287608985,False,,False,60.14724640135416,,,,,,,,,,,,,,,,,,False,False
SKM,bull_flag,40.599998474121094,36.310001373291016,37.869998931884766,,,,,,,False,,,,24.968978963909816,14.0,14.0,49.44099278808905,0.8338193534476004,-6.724137056252505,4.119349359897407,False,,False,47.14720451486111,,,,,,,,,,,,,,,,,,False,False
TWLO,bull_flag,243.97999572753906,221.86000061035156,227.35000610351562,,,,,,,False,,,,24.91718434268144,15.0,10.0,40.46530115188961,0.5630270425492774,-6.816128336437355,2.414781326491096,False,375.0,False,47.147054470104166,4671.428571428571,375.0,,,1071.9298245614036,,-221.73913043478262,64.28571428571428,22.033416773510805,19.99585487985549,14.319550398172144,14.70940299863539,6.552103301781842,2.9999341108255972,5.039057153095738,5.859291369029451,14.319550398172144,True,False
VIR,bull_flag,11.645000457763672,10.380000114440918,10.619999885559082,,,,,,,False,,,,24.86427744156414,9.0,6.0,48.908292760529044,0.842195184622528,-8.802065538101601,2.2598848748059988,False,,False,53.14699325092593,,,,,,,,,417.77921448197833,-89.91596638655463,-60.520325203252035,-94.62182489002412,26595.833333333332,-80.23064250411862,-59.96042216358839,-75.49700985938259,-94.62182489002412,True,False
MG,bull_flag,20.09000015258789,18.170000076293945,19.809999465942383,,,,,,,False,,,,24.744244249401937,10.0,15.0,34.62532796417142,0.8010891882692667,-1.3937316302580494,8.278644290061424,False,-29.41176470588229,False,53.14766594359954,129.99999999999997,,-29.41176470588229,104.99999999999999,228.57142857142856,-41.666666666666686,-70.73170731707316,309.99999999999994,4.167633019605721,4.590539244500813,5.0506278548726025,7.036355873756106,14.256303465574982,-6.845223333608885,-7.20740070263719,5.471265607723641,4.167633019605721,True,False
STI,bull_flag,7.96999979019165,7.019999980926514,7.230000019073486,,,,,,,False,,,,24.737271203930966,15.0,15.0,45.424841591912845,0.37843011736015847,-9.28481544038246,2.9045648353108007,False,,False,,,,,,,,,,9399.16349809886,28375.333333333332,,,46.22480275326013,813.6470588235294,133.75,204.1825095057034,9399.16349809886,False,False
RIGL,bull_flag,49.900001525878906,44.5099983215332,47.2400016784668,,,,,,,False,,,,24.667203688141615,15.0,14.0,15.198252969099684,0.6770175103207039,-5.3306608538530655,5.779007747533589,False,-73.17073170731707,True,52.1473015690162,-73.17073170731707,-30.15873015873016,1620.7317073170732,108.57142857142858,100.0,-96.88164422395464,866.4383561643837,-55.487804878048784,-22.601170280769047,10.284439277745495,21.19244391971664,25.593505342904145,33.80767792172463,-15.73593879831523,0.48947626040136694,-31.689039681368936,-22.601170280769047,True,False
ITGR,bull_flag,126.80000305175781,124.83999633789062,126.0,,,,,,,False,,,,24.142373911132008,15.0,15.0,1.5195185616757474,0.37460496952940137,-0.630917218062892,0.9206378270709326,False,-33.65384615384615,False,46.81442966467593,-33.65384615384615,,55.55555555555556,12.121212121212132,43.75,-65.71428571428571,26.126126126126103,6.730769230769229,-2.5989834079757523,0.5002377729816709,5.019610809415864,8.408106310136132,5.580326675462932,-6.880481294750663,0.9341637961816751,-1.847452433818686,-2.5989834079757523,True,False
NESR,bull_flag,35.470001220703125,32.04999923706055,33.540000915527344,,,,,,,False,,,,23.75189319136426,15.0,15.0,10.668820229070116,0.6878486343053272,-5.441218603762773,4.442461651147423,False,,False,60.81422773721065,,,,,86.95652173913042,43.75,45.45454545454546,,,,,,28.71231332769795,23.587522299064045,8.005885807417968,,,False,False
TARS,bull_flag,87.30999755859375,79.17500305175781,79.30999755859375,,,,,,,False,,,,23.514839424010137,15.0,3.0,48.44924144857845,0.5762072608433794,-9.162753663612461,0.17021121042930856,False,,False,52.81379435498843,,,,,,,,,69.40580557179037,106.8730452543563,128.38814600650522,146.67899746456627,7.317313981759166,6.847851887016376,27.7774501461705,15.621468926553671,69.40580557179037,True,False
VERA,bull_flag,36.40999984741211,32.880001068115234,35.04999923706055,,,,,,,False,,,,23.433716167503384,14.0,6.0,41.06349470196623,0.7674304107380315,-3.7352392640787846,6.191150402796124,False,,False,54.14699927827546,,,,,,,,,,,,,,,,,,False,False
OVID,bull_flag,2.950000047683716,2.609999895095825,2.690000057220459,,,,,,,False,,,,23.42342226238823,14.0,15.0,25.00002292486422,0.8470101500904236,-8.813558856292355,2.973983658844115,False,,False,59.81410012127315,,,,,-266.6666666666667,,,,-88.31313775510205,-100.0,844.7368421052632,-23.699421965317924,,-100.0,443.93939393939394,-97.8954081632653,-100.0,True,False
CBIO,bull_flag,20.90999984741211,19.110000610351562,19.40999984741211,,,,,,,False,,,,23.25300370060097,5.0,3.0,34.97406548532898,0.5616307463637329,-7.1736012001245655,1.5455911355947027,False,,False,,,,,,,,,,,,,,-100.0,,,,,False,False
DELL,bull_flag,567.75,506.25,567.2899780273438,,,,,,,True,,,,23.24384262654484,10.0,3.0,27.440663633801194,0.8446090404396773,-0.08102544652686042,10.759925327713365,False,39.02439024390243,True,76.14807207763889,272.94117647058823,282.4817518248175,55.60747663551404,39.02439024390243,20.992366412213737,57.357357357357365,46.05263157894739,34.11764705882352,57.747850617947336,87.53528958850201,39.48017216163136,10.830665681687602,7.13699192555084,31.346055903412328,23.603036474726903,-9.306152606125739,10.830665681687602,True,False
PAAS,bull_flag,56.0,49.720001220703125,50.34000015258789,,,,,,,False,,,,23.103681225973084,15.0,14.0,31.89771632356496,0.8349397908768833,-10.107142584664482,1.2316228248022614,False,,False,65.14744062281251,,,,,,,,,,,,,,,,,,False,False
GPRK,bull_flag,12.170000076293945,11.319999694824219,11.479999542236328,,,,,,,False,,,,23.06899858206013,8.0,3.0,28.125007982765744,0.6909705550292632,-5.669683892621131,1.3937269494084061,False,,False,53.14788897256945,,,,,,,,,,,,,,,,,,False,False
CSTL,bull_flag,35.20000076293945,31.440000534057617,32.33000183105469,,,,,,,False,,,,22.918996565206264,15.0,15.0,24.26709966177176,0.5605382878581939,-8.153405879770498,2.7528649755354384,False,-146.66666666666669,False,51.14812477978009,-146.66666666666669,,-118.74999999999997,-125.0,,,,-113.33333333333333,20.139694621060933,-4.8972587170977855,0.8098620106359533,-3.1929775477372857,23.741918521970874,-3.8282955982070987,4.777043218573507,-3.648999860769475,-4.8972587170977855,True,False
PDS,bull_flag,94.58000183105469,85.55000305175781,89.7699966430664,,,,,,,False,,,,22.432905846811856,12.0,14.0,36.54760877561864,0.6806082993854864,-5.085647171566188,4.700895342669632,False,,False,46.14739354899306,,,,,,,,,,,,,,,,,,False,False
MRK,bull_flag,155.19000244140625,143.67999267578125,143.92999267578125,,,,,,,False,,,,22.22656011581421,15.0,12.0,44.88578433134048,0.7234373335304598,-7.255628319147907,0.1736955552850986,False,-185.5721393034826,True,46.81428465037037,-130.6818181818182,-185.5721393034826,-20.134228187919444,87.09677419354837,,-244.53781512605036,-48.70689655172412,31.818181818181813,5.067695811717066,4.874750466868449,4.966717869943671,3.716155370114671,1.9710180523148768,-0.6951219512195128,-5.070618198657096,9.300265721877764,3.716155370114671,True,False
ACDC,bull_flag,5.679999828338623,5.135000228881836,5.210000038146973,,,,,,,False,,,,22.072072217201466,12.0,3.0,29.081616516860333,0.5464242204997527,-8.274644443591884,1.4395356759308529,False,,False,57.81513942018519,,,,,,,,,-0.7571229328551476,-25.104114609361982,-4.002639102705086,-29.932209282113675,10.787366548042709,3.001145475372269,8.285785164971472,-19.685196254233915,-29.932209282113675,True,False
LFST,bull_flag,13.279999732971191,11.914999961853027,12.970000267028809,,,,,,,False,,,,21.986497185465193,11.0,15.0,32.23683082275752,0.8422368523804287,-2.3343333748172093,8.134157929492956,False,,False,53.81437734042824,,,,,,,,,,,,,2981.8181818181815,,,,,False,False
DSX,bull_flag,3.0299999713897705,2.890000104904175,2.9700000286102295,,,,,,,False,,,,21.830700762799225,15.0,4.0,22.248636634687937,0.6331026758170307,-1.9801961500356329,2.6936000988353372,False,,False,67.8147236629051,,,,,,,,,,,,,,,,,,False,False
LB,bull_flag,90.80682782256604,84.1500015258789,86.8499984741211,,,,,,,False,,,,21.756243037988334,13.0,14.0,33.97288582134153,0.5372668689692797,-4.357413911844244,3.108804830948514,False,14.999999999999991,False,58.14771333429399,66.66666666666667,14.999999999999991,,,73.91304347826086,-4.1666666666666625,-7.692307692307699,8.333333333333348,40.6180969011003,16.049691702122825,55.55616438356164,78.43577772317197,31.04597588471718,-10.167670576631792,11.699553422124298,6.938337575999842,16.049691702122825,True,False
JRSH,bull_flag,5.809999942779541,5.139999866485596,5.300000190734863,,,,,,,False,,,,21.58419083590033,14.0,15.0,37.826126379090475,0.5983157180805968,-8.777964837650078,3.0188739337966513,False,-20.000000000000007,False,59.814411081932874,333.33333333333337,,,-20.000000000000007,18.181818181818166,22.222222222222232,125.0,33.33333333333335,,,,,82.23733648240479,-33.34507342225964,29.03641743541194,,,False,False
BDSX,bull_flag,27.899999618530273,25.420000076293945,26.96500015258789,,,,,,,False,,,,21.57564754656398,11.0,6.0,36.099582599281064,0.334682052050552,-3.35125261192257,5.729649796221746,False,-133.33333333333331,False,52.1483252290162,,,-133.33333333333331,,,,,,34.18423418922969,42.30426550840851,40.75578834010476,19.927276734064247,5.110545881432205,-11.128499391410184,32.097574421168694,8.742132081126996,19.927276734064247,True,False
KRT,bull_flag,50.66999816894531,45.18000030517578,46.939998626708984,,,,,,,False,,,,21.521896755887184,15.0,12.0,48.652478994269224,0.5998546511627907,-7.361357168002375,3.749463939122826,False,-20.000000000000007,True,54.147713756516204,170.37037037037032,6.25,21.42857142857144,-20.000000000000007,329.4117647058823,-1.1102230246251565e-14,-5.555555555555525,-33.333333333333336,9.93337957511331,12.857060140507981,13.741404244016175,10.41491163508348,16.55023215644693,1.1503498620445196,-7.14687269105978,0.42746761731162763,9.93337957511331,True,False
PANL,bull_flag,8.640000343322754,7.773078611337554,8.40999984741211,,,,,,,False,,,,21.418249538614063,10.0,12.0,35.13516584314941,0.8472086304114823,-2.6620426709634994,7.573379876701737,False,-5.263157894736848,False,54.14741294894676,,,-5.263157894736848,72.72727272727273,-23.809523809523803,16.666666666666675,-5.263157894736848,,19.420635781707716,38.90653246689793,24.940001098150134,10.158875027476078,9.695743932465707,-7.233062784671807,9.017816535205903,7.646249577187936,10.158875027476078,True,False
TGTX,bull_flag,58.470001220703125,52.11000061035156,53.88999938964844,,,,,,,False,,,,21.31254178651112,15.0,13.0,39.63412246651188,0.6375353212971898,-7.83307975959644,3.3030224521375473,False,-70.58823529411764,True,50.81379033380787,-70.58823529411764,300.0,-12.500000000000199,12050.0,-58.33333333333333,-14.285714285714091,-94.23868312757203,1329.4117647058824,70.27162977867204,69.55550407096047,78.00434441003836,92.78842141656433,17.283498765359795,6.41000342725393,19.086754602403076,14.56697934083373,69.55550407096047,True,False
DXPE,bull_flag,193.99000549316406,179.02000427246094,187.08999633789062,,,,,,,False,,,,21.191370532653785,15.0,15.0,26.09755110414541,0.5975609756097561,-3.5568889942201607,4.313427881443228,False,-2.400000000000002,True,54.14804998932871,23.076923076923084,-2.400000000000002,7.8125,3.149606299212593,44.26229508196722,-11.594202898550721,5.343511450381677,-8.391608391608385,15.596913463890827,9.46116931651031,11.992847951005924,8.62465243638133,10.5055419451058,-1.0868617152391957,2.660183289081286,3.016351101503556,8.62465243638133,True,False
KYMR,bull_flag,127.8499984741211,112.7699966430664,114.95999908447266,,,,,,,False,,,,21.12451695458233,13.0,15.0,41.198689717348785,0.8486307424785552,-10.082127136088767,1.9050125772852828,False,,False,51.81437975364583,,,,,,,,,466.39944231439523,55.49773755656109,-61.171219908033535,-26.116011761561076,89.1459333624327,1096.969696969697,3.871201157742399,-75.91495294527711,-61.171219908033535,True,False
DDD,bull_flag,3.5899999141693115,3.0999999046325684,3.319999933242798,,,,,,,False,,,,20.83333069928979,15.0,14.0,16.3636655255808,0.47383634363006893,-7.5208910134191145,6.6265070190933795,False,-115.78947368421053,False,52.14807298576389,-115.78947368421053,,,,,-174.99999999999983,,-124.56140350877195,-0.27309728168033454,1.055637825259148,-4.277453523562469,-19.20577297680184,-1.003789068224159,-10.103034580098802,16.467029775668784,-3.784348046141839,-19.20577297680184,True,False
TTMI,bull_flag,131.3699951171875,119.69000244140625,126.44000244140625,,,,,,,False,,,,20.752429786175398,10.0,3.0,43.454800734865366,0.6645446115159893,-3.752753946122546,5.338500371453273,False,51.61290322580645,True,53.147053258275456,92.5,51.61290322580645,839.9999999999991,257.1428571428571,63.829787234042556,0.0,-6.000000000000005,25.0,37.42473868120406,30.417409213958457,18.949559500126732,22.090771371756478,18.685872885282805,9.254055170988739,2.867406368235348,3.0268771360253854,18.949559500126732,True,False
VIRT,bull_flag,67.42257807216212,60.810001373291016,60.86000061035156,,,,,,,False,,,,20.533759707895793,13.0,9.0,47.363767249028186,0.5282759386792735,-9.733501223858068,0.08215451291343333,False,-1.2121212121212088,True,52.813649441284724,-1.2121212121212088,84.25925925925925,49.514563106796096,34.375,-18.090452261306535,29.220779220779214,79.06976744186048,-47.878787878787875,15.29272137884612,20.6571669995391,14.033826206416311,9.753552657192909,3.59326803398452,4.257338665516164,6.886435711701222,-0.12860255433723156,9.753552657192909,True,False
DE,bull_flag,705.8800048828125,671.4000244140625,675.739990234375,,,,,,,False,,,,20.277972072445394,10.0,6.0,22.90638095810792,0.7289418964317956,-4.269849611824779,0.642253808126291,False,-24.13793103448276,True,73.81474229839121,7.36842105263158,-1.3554216867469826,-24.13793103448276,-14.22319474835887,-22.137404580152676,170.6611570247934,-38.26530612244898,-17.47368421052632,4.909302712597774,4.748099976494546,12.964268923366241,11.225771715721455,-5.6922731692722,39.1010300697118,-22.460669624848727,3.1369612248294265,4.748099976494546,True,False
CNR,bull_flag,104.87000274658203,94.22657280455624,97.47000122070312,,,,,,,False,,,,19.88785042104151,15.0,13.0,11.842102965982724,0.7463507510048657,-7.056356757957738,3.3276170878491413,False,-245.19230769230785,False,53.81481630052083,,,-245.19230769230785,-81.05590062111801,512.1951219512196,,-347.5409836065574,,3.506383117690115,6.572793948531852,81.75185026980375,81.15016840370632,5.232606397990192,4.010973989534428,3.9820735868685952,-9.05492846717183,3.506383117690115,True,False
ROIV,bull_flag,42.275001525878906,40.21500015258789,40.81999969482422,,,,,,,False,,,,19.74595921797824,5.0,3.0,18.494142710944665,0.5293937216076374,-3.4417546505917898,1.48211549916557,False,-265.21739130434787,False,57.81391806684028,,,-265.21739130434787,,-176.47058823529412,,,,-33.54838709677419,-66.7107001321004,-77.83322244400088,-64.89385474860335,-42.77777777777778,26.063031515757885,27.243793761935066,-27.6036866359447,-77.83322244400088,True,False
TVTX,bull_flag,68.7300033569336,63.47999954223633,66.16999816894531,,,,,,,False,,,,19.617996409608594,15.0,12.0,32.120127887793075,0.6731454871162731,-3.724727284958038,4.065284420653718,False,,False,47.14704836715278,,,,,,-1100.0000000000005,-85.71428571428572,,48.17429597462626,55.62937405177899,73.40981721422173,162.10531336449492,33.32180284436199,-1.919221516254399,-21.33398843860511,44.04581953533888,48.17429597462626,True,False
AYA,bull_flag,30.399999618530273,27.649999618530273,27.969999313354492,,,,,,,False,,,,19.327730964160537,12.0,5.0,44.927538521137414,0.6929222619194284,-7.9934221568035095,1.1440818830175388,False,,False,60.148368434398144,,,,,,,,,,,,,,,,,,False,False
TSAT,bull_flag,50.060001373291016,41.7400016784668,49.75,,,,,,,False,,,,18.894259883685514,14.0,15.0,36.36359695561189,0.4566060979365568,-0.6192596180319195,16.100499138760206,False,,False,58.81374333652778,,,,,,,,,,,,,,,,,,False,False
LBRX,bull_flag,50.15999984741211,44.400001525878906,44.630001068115234,,,,,,,False,,,,18.812367156600175,15.0,14.0,42.70555230918285,0.7042558140092506,-11.024718493060726,0.5153473823253959,False,,False,60.81438254173611,,,,,,-102.59187620889749,,,,,,,,,,,,False,False
NVRI,bull_flag,23.219999313354492,22.040000915527344,22.309999465942383,,,,,,,False,,,,18.61647953112209,14.0,3.0,34.972645701117415,0.656797121550182,-3.919034773135166,1.2102131639546152,False,,False,64.81418023280092,,,,,,,,,,,,,-65.92561335605663,74.00370918942185,-42.33108903518298,,,False,False
KEEL,bull_flag,3.859999895095825,3.440000057220459,3.569999933242798,,,,,,,False,,,,18.412695433217152,5.0,3.0,50.0,0.8404828786841765,-7.512952583793478,3.6414531779627763,False,,False,57.81439762122685,,,,,,,,,,,,,-50.039403690812364,,,,,False,False
ANIK,bull_flag,22.530000686645508,20.1299991607666,20.860000610351562,,,,,,,False,,,,18.096295035911346,15.0,15.0,37.00308325488123,0.8031418934528485,-7.412339216144923,3.4995274603333675,False,,False,52.81509100328704,,,,,,-1949.9999999999982,,,15.560438002764098,13.161112809538377,0.042480883602369346,-5.893298149463789,10.124273942996087,-3.276171811203654,10.058597260667934,-1.4245720968142028,-5.893298149463789,True,False
UMC,bull_flag,22.719999313354492,21.84000015258789,22.639999389648438,,,,,,,False,,,,18.073594346981814,14.0,3.0,0.0,0.8307763139874058,-0.35211235089708776,3.5335656299810947,False,,False,45.81368918559028,,,,,,,,,,,,,,,,,,False,False
COP,bull_flag,138.88999938964844,128.0,137.35000610351562,,,,,,,False,,,,18.019432767428878,12.0,14.0,33.36210876222925,0.8127981699927419,-1.1087863005978162,6.807430424479829,False,-38.54166666666667,True,53.81481575592592,107.05128205128203,-20.17937219730942,-38.54166666666667,-21.590909090909093,81.46067415730336,50.847457627118686,-14.492753623188415,-11.538461538461553,43.31669439822519,-6.7615166793286825,-10.67618449952934,13.962231906348798,33.98518518518519,18.556248353385428,-14.620979230711551,5.673084541636952,-10.67618449952934,True,False
DAVE,bull_flag,394.989990234375,345.6099853515625,350.7099914550781,,,,,,,False,,,,17.919606320446245,15.0,6.0,48.07627778211657,0.7373751685847278,-11.210410358252997,1.4541946986899221,False,-20.967741935483875,True,53.14809015237268,-20.967741935483875,104.06091370558373,322.01834862385306,21033.333333333336,-87.81094527363183,-12.608695652173918,-27.444794952681395,922.5806451612904,29.627268380427594,46.708156215560436,62.35719952399841,62.96532560628832,7.814334591639627,-3.2414900959559234,8.622325427102329,14.396199063427373,29.627268380427594,True,False
BGC,bull_flag,12.510000228881836,11.59000015258789,12.170000076293945,,,,,,,False,,,,17.830987226691786,9.0,13.0,19.907572943331868,0.8339001988541277,-2.7178269094106993,4.765816927444741,False,-25.000000000000032,True,53.814993058437494,36.36363636363635,54.54545454545456,-25.000000000000032,100.0,-11.764705882352954,466.66666666666725,-50.00000000000004,-45.45454545454546,7.332583378469515,49.22311681120597,34.39048104078892,38.305892837250745,-12.805235017957761,24.91583071560335,2.868621392879356,-4.205456770348704,7.332583378469515,True,False
TAYD,bull_flag,62.18000030517578,58.279998779296875,59.97999954223633,,,,,,,False,,,,17.738187365757963,13.0,10.0,27.510922486266466,0.8166666666666667,-3.5381163591861995,2.8342793863183635,False,-51.69491525423725,True,,-51.69491525423725,23.4375,88.23529411764706,-17.647058823529417,-27.848101265822756,23.4375,-8.571428571428562,-40.677966101694906,-42.45510326547761,5.758415134587058,35.730886884494,-14.628396151579082,-19.85600187448521,-3.7081228790830867,16.98994288364497,-36.26211783521968,-42.45510326547761,True,False
RIOT,bull_flag,22.700000762939453,20.780000686645508,21.469999313354492,,,,,,,False,,,,17.715496607622573,14.0,3.0,44.179085782283295,0.7155521066361469,-5.418508406365738,3.213780385543843,False,-373.9130434782608,False,47.14727070145833,-217.24137931034483,,-373.9130434782608,,,,-826.9230769230768,-55.172413793103445,13.888017360838756,3.6136739638260806,7.206189761360293,112.56929210011086,4.195695465228244,9.414320393113961,-15.201771080125837,17.805971710199486,3.6136739638260806,True,False
TRGP,bull_flag,307.94000244140625,284.0,290.25,,,,,,,False,,,,17.66652615931632,9.0,15.0,40.21594983766103,0.8259190145982599,-5.744626323685323,2.1533161068044793,False,23.344947735191624,True,53.81374343758102,23.344947735191624,142.85714285714283,74.30555555555549,25.714285714285733,60.18099547511313,-11.95219123505975,14.090909090909065,-23.344947735191635,12.064274157964405,4.900310379294015,-10.933600822038459,-33.39744225240408,-23.5801509490735,9.548138991896726,8.377243904617316,23.51448742462128,-33.39744225240408,True,False
EGO,bull_flag,45.72999954223633,42.189998626708984,43.75,,,,,,,False,,,,17.48901671477001,8.0,9.0,47.552640163996415,0.7882684867872639,-4.3297606867623,3.565717424665179,False,,False,47.14803341966435,,,,,,,,,,,,,,,,,,False,False
BIO,bull_flag,396.2300109863281,368.55999755859375,369.32000732421875,,,,,,,False,,,,17.26147278665968,15.0,12.0,37.90463281973223,0.837861313151912,-6.791510717505419,0.20578624243278604,False,-953.7117903930131,False,47.148324838437496,18.68037703513281,-953.7117903930131,,-154.41302485004286,,-173.52388115833023,,-208.8260497000857,-0.09208103130755596,1.1445165698667603,3.850187265917593,0.507926735416353,9.947643979057585,-14.584535487593763,6.156202143951006,0.21485573971762317,-0.09208103130755596,True,False
DVN,bull_flag,50.2400016784668,46.15999984741211,50.22999954223633,,,,,,,True,,,,17.129957373091976,11.0,15.0,43.550621197868,0.8078251872338428,-0.01990870998468882,8.102726919999121,True,-75.32467532467533,True,53.14805089019676,43.97163120567376,-75.32467532467533,-8.163265306122414,-16.153846153846153,968.4210526315787,-78.88888888888889,-17.431192660550476,-22.695035460992898,72.99901185770752,-0.9230769230769265,-12.25763316246936,11.956808006320774,55.34605146406388,14.503429006858015,-7.38649729475418,5.014822134387353,-12.25763316246936,True,False
SSP,bull_flag,3.4200000762939453,3.059999942779541,3.1600000858306885,,,,,,,False,,,,17.081851560419924,14.0,15.0,47.91666873627231,0.8315640880858273,-7.6023387328401375,3.1645614030057794,False,-248.64864864864867,False,54.147171040486114,,,-154.25531914893617,-248.64864864864867,,,,,-9.198452081173158,-1.4349924579466156,-23.081527611312247,-18.63623704162154,-5.1206497597065415,-7.74464621656451,6.542500389842054,-2.6340542141904955,-23.081527611312247,True,False
MPC,bull_flag,409.1099853515625,373.0,395.92999267578125,,,,,,,False,,,,16.865076029005355,15.0,8.0,0.5939844768733509,0.8292961024951979,-3.22162576023541,5.791426034894542,False,141.17647058823528,False,51.814307537858795,347.72727272727275,,283.84615384615415,141.17647058823528,924.8554913294798,-65.33066132264528,10.643015521064303,13.888888888888884,53.83295363768159,8.512866072278458,-1.6990071521260197,-0.8488335659555091,52.02923976608187,4.991711180696257,-6.420753253468936,2.9882540903577004,-1.6990071521260197,True,False
ROLR,bull_flag,6.489999771118164,6.050000190734863,6.150000095367432,,,,,,,False,,,,16.78832250167568,12.0,4.0,38.04346473996828,0.6994591570309586,-5.238824156262702,1.6260146842582102,False,,False,61.14726112167824,,,,,,-172.5,2.564102564102577,,-51.57731425616273,-35.20692974013474,-60.5759682224429,-16.431612559872278,-16.547831253713607,5.982367758186391,-49.43480337525872,8.274435442165151,-60.5759682224429,True,False
NRXP,bull_flag,3.690000057220459,3.319999933242798,3.4000000953674316,,,,,,,False,,,,16.72131142415081,13.0,14.0,47.05882627933776,0.42743089473823165,-7.859077435122687,2.352945878843816,False,,False,61.14754540069445,,,,,,,,,,,,,3.08988764044944,8.646998982706,306.198347107438,,,False,False
SOLS,bull_flag,65.33999633789062,61.22999954223633,61.529998779296875,,,,,,,False,,,,16.719601478867396,10.0,3.0,35.700151330757365,0.44533263295890235,-5.8310342395662715,0.48756581019385337,False,,False,46.81385632171296,,,,,41.50943396226414,-13.114754098360649,-28.235294117647058,,11.132623426911902,10.479375696767,8.820286659316423,,15.84258324924319,0.4052684903748771,1.8575851393188847,-6.195546950629238,8.820286659316423,False,False
SXC,bull_flag,10.680000305175781,9.5,10.020000457763672,,,,,,,False,,,,16.716336609665696,14.0,14.0,13.690503595639193,0.6747193859710469,-6.179773675589296,5.189625089894745,False,-457.14285714285694,True,52.813791464120364,650.0,-125.0,-457.14285714285694,-27.777777777777768,,,-484.6153846153846,1200.0,9.490900714121175,4.380733944954129,-1.1934156378600846,-0.6325239746990396,4.438584926389799,-5.2269887546855465,-1.396303901437368,12.186132227597323,-1.1934156378600846,True,False
GFF,bull_flag,102.73115309605252,94.19999694824219,96.02999877929688,,,,,,,False,,,,16.687951500394437,15.0,14.0,42.69932315126817,0.7516633596787408,-6.523001168389632,1.9056564139509475,False,-65.28925619834712,False,66.81455619361111,,-65.28925619834712,-5.369127516778526,-19.379844961240334,171.4285714285714,-70.2127659574468,35.57692307692306,,7.0443770402853545,-1.1305790702252683,2.6435431099781637,53.28488508700522,14.106575641207986,-35.00727174127392,-35.80879349749154,124.86034886099819,-1.1305790702252683,True,False
VRTX,bull_flag,560.25,511.80999755859375,515.4400024414062,,,,,,,False,,,,16.428022257760077,14.0,14.0,46.86408447841689,0.7079984492729171,-7.9982146467815705,0.704253621298077,False,4.738154613466339,True,51.14698788065972,8.020050125313261,61.44578313253008,28.176795580110504,4.738154613466339,7.213930348258701,-13.36206896551726,10.476190476190483,5.263157894736836,12.453199311903408,7.822539888816693,9.546703296703306,10.985244777950133,11.617395962369015,-6.366771159874607,3.6926277467169477,3.767666205686915,7.822539888816693,True,False
PESI,bull_flag,19.18000030517578,18.1200008392334,18.770000457763672,,,,,,,False,,,,16.380369332921752,10.0,3.0,31.835147933812863,0.7019901102464332,-2.1376425489496453,3.462970712189939,False,,False,59.14739509557871,,,,,,,,,-11.661867544220483,-20.066096702349313,6.890219017820698,3.818700927908636,15.809814848103532,-29.201399936366524,-9.963332187464191,19.66269025092555,-20.066096702349313,True,False
HRTG,bull_flag,35.33000183105469,33.29499816894531,34.58000183105469,,,,,,,False,,,,16.0738289871172,14.0,13.0,27.035526850207457,0.7252759899784873,-2.1228416675052593,3.7160312147681065,False,20.2020202020202,True,53.147825436319444,32.258064516129025,20.2020202020202,225.75757575757595,503.70370370370364,72.2689075630252,-44.65116279069768,31.901840490797582,5.161290322580636,2.9610402095801236,0.5380105900151255,2.403180778358527,0.2879409390650789,0.7227567267631629,-1.234464693752435,1.3447300420316388,2.1265652414257152,0.2879409390650789,True,False
CRWD,bull_flag,218.30999755859375,200.60000610351562,206.74000549316406,,,,,,,False,,,,16.015752324623534,5.0,7.0,48.73694857135809,0.5685101151290038,-5.299799457111137,2.9699135273803883,False,,False,80.14813098542824,,,,,-90.9090909090909,,,,25.83040193267132,25.574252741894842,23.318671601775275,22.180843376117878,6.153739565208283,6.147965144115686,5.763123012953675,5.585515915110295,22.180843376117878,True,False
FLXS,bull_flag,85.51000213623047,78.45999908447266,81.4000015258789,,,,,,,False,,,,15.918711095310156,8.0,10.0,32.624119711165164,0.6766729373824241,-4.806455979037055,3.61179654335947,False,-27.160493827160504,False,37.147932675104165,28.42105263157899,,-27.160493827160504,77.02702702702705,114.03508771929829,-3.3898305084745783,-9.92366412213741,-31.052631578947356,0.6578775161197425,1.0116519846979921,9.00233216264299,6.184199140442481,0.20846905537459381,-2.641882806619933,7.071777180162808,-3.6401392536492994,0.6578775161197425,True,False
CODI,bull_flag,11.789999961853027,10.899999618530273,11.010000228881836,,,,,,,False,,,,15.873019777578179,15.0,14.0,48.750031292431046,0.5559878419452888,-6.615773837955122,0.9990972576277053,False,-142.9245283018868,False,58.148149076145835,,,-142.9245283018868,,,,,,-11.416156594037897,-5.932455512092993,-48.17701507163089,3.506493222035556,-0.6590059856391495,-8.900091130854948,-0.8475078402410685,-1.280160437861666,-48.17701507163089,True,False
SND,bull_flag,5.46999979019165,4.840000152587891,5.210000038146973,,,,,,,False,,,,15.789482089801666,15.0,11.0,0.0,0.7367605943773792,-4.7531949180489494,7.101725198656215,False,-70.00000000000004,False,60.14718733731482,-53.70370370370371,,-70.00000000000004,,,-433.3333333333338,-62.50000000000006,-85.18518518518519,13.533287366888835,-42.195923180592985,-46.84582625296326,-64.3644390318161,7.974499089253184,8.339582428858971,8.236148489897044,-10.330958400367729,-64.3644390318161,True,False
PBT,bull_flag,35.79999923706055,32.73160270408348,35.45000076293945,,,,,,,False,,,,15.737922342811018,15.0,14.0,32.6180090859474,0.5410112033435885,-0.9776493898881751,7.668259521443717,False,,False,61.10573981172454,,,,,,,,,,,,,,,,,,False,False
BBCP,bull_flag,10.460000038146973,10.09000015258789,10.430000305175781,,,,,,,False,,,,15.590207612148067,12.0,3.0,20.714274523214126,0.7033018317582546,-0.2868043294625644,3.2598287884916837,False,-43.750000000000014,False,123.14833288436341,28.57142857142856,,,-43.750000000000014,125.0,,-166.66666666666669,28.571428571428537,13.135228708886038,14.391858581590245,4.644486594555808,-3.152305944124445,9.30891180544866,19.354088081124775,-17.411445795318915,4.998991068299374,-3.152305944124445,True,False
MYSE,bull_flag,2.9700000286102295,2.5999999046325684,2.6700000762939453,,,,,,,False,,,,15.384621654663722,15.0,11.0,27.777807212159345,0.756922830922454,-10.101008398194024,2.6217292007923714,False,,False,,,,,,,,,,-52.56410256410257,-12.048192771084343,-33.69565217391305,429.0322580645161,-49.31506849315068,19.672131147540984,-81.40243902439023,320.51282051282055,-52.56410256410257,True,False
VBNK,bull_flag,22.90999984741211,21.530000686645508,22.6200008392334,,,,,,,False,,,,15.337104968765814,11.0,4.0,29.530177716276086,0.8264974741400049,-1.2658184640340315,4.818744969705453,False,,False,87.8136663250463,,,,,,,,,,,,,,,,,,False,False
OVV,bull_flag,67.51000213623047,62.790000915527344,63.689998626708984,,,,,,,False,,,,15.286405711357464,12.0,14.0,45.485310402670116,0.7921295907293687,-5.658425994140815,1.413091114127012,False,-70.3125,False,53.147442388391205,37.28813559322035,,,-70.3125,,-164.56043956043956,538.5964912280702,-51.69491525423729,29.71996386630533,8.505263157894728,-5.9954233409611035,-7.254361799816344,11.44741948001553,25.462512171372943,1.6831683168316847,-8.762420957542904,-7.254361799816344,True,False
FNGO,bull_flag,155.97000122070312,144.6790008544922,150.23199462890625,,,,,,,False,,,,15.208682102571046,15.0,15.0,4.139752501582174,0.42223869532987396,-3.6789168089300652,3.6962790703343336,False,,False,,,,,,,,,,,,,,,,,,,False,False
PKOH,bull_flag,47.689998626708984,43.619998931884766,46.45000076293945,,,,,,,False,,,,15.168467989476575,15.0,15.0,27.99667964665608,0.6305167972059408,-2.6001214080032815,6.092576500693257,False,-47.945205479452056,False,53.1473738603588,30.303030303030297,-5.000000000000004,,-47.945205479452056,50.877192982456144,850.0000000000026,-84.21052631578951,-42.42424242424243,9.997500624843791,3.848051307350775,1.6992790937178093,-4.549808429118773,4.536817102137758,6.582278481012649,-0.9031610637230347,-0.37490627343164107,-4.549808429118773,True,False
TK,bull_flag,14.390000343322754,12.859999656677246,14.380000114440918,,,,,,,True,,,,15.044245845756766,15.0,7.0,8.235315237080657,0.8471962682368417,-0.0694942921698834,10.57023953871344,False,,False,53.147090114421296,,,,,,,,,,,,,,,,,,False,False
PR,bull_flag,24.200000762939453,22.670000076293945,23.780000686645508,,,,,,,False,,,,15.037224536019679,14.0,10.0,16.831686907848646,0.8247354264546627,-1.7355374506315924,4.667790489068077,False,-88.63636363636364,True,53.14733698622685,232.1428571428571,-88.63636363636364,54.83870967741944,-84.90566037735849,1760.0000000000002,-89.58333333333334,500.0,-71.42857142857143,55.147061279429785,0.8496488432933713,-9.776626615157536,8.738691528507992,33.85011374884197,18.709080460556482,-11.531885404404306,10.370776121496728,-9.776626615157536,True,False
NXTC,high_tight_flag,8.720000267028809,5.599999904632568,7.0,,,,,,,False,,,,327.5000031664967,28.0,23.0,23.66412628795226,0.03147292594873345,-19.724773100435574,20.00000136239188,False,-104.32220039292727,False,,,,-104.32220039292727,,,,,,1549.0788504053057,,,,1016.1097256857855,26.658243840808595,12.910128388017128,3.3161385408990496,1549.0788504053057,False,False
MRNA,high_tight_flag,156.4149932861328,130.3800048828125,143.97000122070312,,,,,,,False,,,,176.78935547772045,23.0,11.0,20.16947168021385,0.6765135079690744,-7.956393312413367,9.439463931834961,False,-1800.0,False,53.81427743606482,,,,-1800.0,,,,,2.1126760563380254,260.18518518518516,-29.81366459627329,-45.43501611170784,-62.724935732647815,-42.62536873156342,-33.26771653543307,615.4929577464789,-45.43501611170784,True,False
REPL,high_tight_flag,16.329999923706055,12.399999618530273,12.920000076293945,,,,,,,False,,,,174.95327664229626,19.0,13.0,24.679491310534438,0.27364155581959815,-20.881811777977145,4.024771321153367,False,,False,53.8139736183912,,,,,,,,,,,,,,,,,,False,False
HELP,high_tight_flag,14.350000381469727,11.109999656677246,12.970000267028809,,,,,,,False,,,,170.35293579101562,40.0,21.0,5.248620531133384,0.8305653483823953,-9.616725280529772,14.340790840844406,False,,False,60.81449389158565,,,,,,,,,,,,,,,,,,False,False
RCEL,high_tight_flag,11.390000343322754,9.600000381469727,9.880000114440918,,,,,,,False,,,,168.10126644929736,32.0,11.0,14.909634871646608,0.45912420382165603,-13.25724480567777,2.834005361618721,False,,False,54.14730463995371,,,,,,,,,17.90299572039944,4.0327421555252485,-4.288381287063469,-12.875116015262456,12.72031053294167,9.368366703000408,3.1603243179262552,-7.2917809722374605,-12.875116015262456,True,False
ENTX,high_tight_flag,3.559999942779541,2.7200000286102295,2.8399999141693115,,,,,,,False,,,,162.06896976965373,40.0,23.0,17.021273088001884,0.09797248255645127,-20.224720229856946,4.225348210765052,False,-12.49999999999999,True,,133.33333333333334,16.666666666666675,0.0,-12.49999999999999,100.0,16.666666666666675,-14.285714285714302,16.666666666666675,,-100.0,-100.0,-100.0,,,,,-100.0,False,False
AGEN,high_tight_flag,8.729999542236328,6.659999847412109,6.940000057220459,,,,,,,False,,,,161.4583302289249,37.0,17.0,18.709684829103104,0.1626520702903961,-20.504004339928432,4.034585122474661,False,,False,53.81513886645833,,,,,-100.98039215686273,1033.3333333333294,-95.36082474226802,,34.358335603907975,40.18116845341977,27.45090732943325,20.400605288308384,2.3179985771875744,-1.3682610221026792,13.127170497767482,17.687127787941304,20.400605288308384,True,False
QMCO,high_tight_flag,25.75,21.719999313354492,23.579999923706055,,,,,,,False,,,,153.4374891345704,32.0,8.0,17.718945631109698,0.5202664910508082,-8.427184762306583,7.888043326419263,False,,False,58.14730587712963,,,,,,,,,25.692996920013698,27.310121933303954,8.59297653019626,-12.709127856804836,3.601559094289297,4.569222106025261,18.92848600813202,-2.4437669165914833,-12.709127856804836,True,False
CAPR,high_tight_flag,11.0,8.180000305175781,8.369999885559082,,,,,,,False,,,,149.09091922440268,20.0,9.0,24.564456210857717,0.3228012446557885,-23.90909194946289,2.2700069651268526,False,,False,59.148244139201395,,,,,,,,,-7.921690517003965,-63.4382475774409,1.3777014586210834,64.29114312270147,392.14278829275366,-43.0523150556549,-19.06383632603793,-59.40733891022807,-63.4382475774409,True,False
RYOJ,high_tight_flag,6.184999942779541,4.539999961853027,4.650000095367432,,,,,,,False,,,,136.45082676929454,40.0,14.0,13.708256423432768,0.18053503382844702,-24.818106089137327,2.3655942206107063,False,,False,,,,,,,,,,,,,,,,,,,False,False
MBX,high_tight_flag,70.0,58.41999816894531,59.02000045776367,,,,,,,False,,,,124.67358126821502,40.0,25.0,23.335130222384866,0.420590630823878,-15.685713631766182,1.0166084109872846,False,-102.31854838709677,False,53.81433942390046,,,-102.31854838709677,,,,,,,,,,,,,,,False,False
OMER,high_tight_flag,19.649999618530273,18.0,18.280000686645508,,,,,,,False,,,,122.8373647613933,40.0,13.0,12.394363775633469,0.5998098396365922,-6.9720048777651575,1.5317323639383826,False,,False,61.14746875991898,,,,,-75.80645161290323,-56.64335664335665,,,-4.916011198506864,-65.6767165111196,-100.0,-100.0,188.37561912463357,,,-100.0,-100.0,True,False
ABCL,high_tight_flag,12.579999923706055,10.319999694824219,10.890000343322754,,,,,,,False,,,,120.38094656808033,18.0,15.0,19.77848196770786,0.44507469745411604,-13.43401900343914,5.234165569590943,False,,False,54.14847502493056,,,,,,,,,-76.29360805431983,96.3400236127509,788.373935432759,37.6210235131397,-51.2928442573662,-81.46207696080617,400.88218872138464,-47.58253336455163,-76.29360805431983,True,False
IOVA,high_tight_flag,8.90999984741211,7.659999847412109,8.600000381469727,,,,,,,False,,,,114.75825539482693,30.0,12.0,17.294896166054382,0.5174578006604048,-3.4792308782409407,10.93023828327985,False,,False,53.81442725540509,,,,,,,,,65.6541900186816,44.81793852891087,17.744999592911228,15.19938519340791,39.03541929161416,-17.679870002650656,28.635386553998956,12.515012009607695,15.19938519340791,True,False
BOLD,high_tight_flag,3.1640000343322754,2.7119998931884766,2.8299999237060547,,,,,,,False,,,,109.42029818044294,40.0,24.0,11.788092634926945,0.07020726353810518,-10.556261283249558,4.169612498188693,False,-105.74018126888218,False,,,,-105.74018126888218,,,,,,,,,,,,,,,False,False
SLN,high_tight_flag,15.279999732971191,12.880999565124512,13.020000457763672,,,,,,,False,,,,108.19672410742265,40.0,20.0,15.000009195206617,0.61593831059551,-14.790571431299778,1.067595144025326,False,-212.49999999999991,False,53.813869928298615,,,-212.49999999999991,,,,,,-100.0,197.1830985915493,-99.86563920173879,-89.38584779706275,-100.0,1141.1764705882354,-78.61635220125787,-29.01785714285714,-100.0,True,False
JLHL,high_tight_flag,7.630000114440918,5.619999885559082,6.090000152587891,,,,,,,False,,,,106.20915231285504,35.0,11.0,21.230770991398735,0.26378314252837837,-20.18348543584353,7.7175739778772625,False,,False,,,,,,,,,,,,,,,,,,,False,False
AMLX,high_tight_flag,35.474998474121094,31.3700008392334,31.6200008392334,,,,,,,False,,,,104.11281283262332,31.0,9.0,19.018062116700452,0.5202787951086361,-10.86680141142192,0.7906388151951138,False,,False,53.81509033291666,,,,,,,,,,-100.0,,-100.0,,,,,-100.0,False,False
PEPG,high_tight_flag,3.569999933242798,2.799999952316284,2.9800000190734863,,,,,,,False,,,,103.40135723422775,39.0,23.0,12.500003921358257,0.7295979464872482,-16.526608549075995,6.040270657889662,False,,False,59.814062412557874,,,,,,-1399.9999999999989,,,,,,,,,,,,False,False
TXG,high_tight_flag,69.66999816894531,55.25,68.58999633789062,,,,,,,False,,,,103.0859895455603,39.0,23.0,11.167170352988455,0.8371908369142315,-1.5501677327961914,19.448894955723038,False,-150.0,False,54.147048930138894,-150.0,,,,,,,-178.57142857142856,-12.649501468989289,-2.6084205497052593,0.6114373322183342,-1.7487174753056278,0.12794760114820392,-9.147142082756133,11.428034523026543,-13.825849584750271,-12.649501468989289,True,False
MNPR,high_tight_flag,124.2699966430664,104.4800033569336,110.26000213623047,,,,,,,False,,,,101.72602863524278,39.0,24.0,24.50302961154495,0.7352468784000828,-11.273835105247523,5.24215369790712,False,,False,61.105977691932864,,,,,,,,,,,,,,,,,,False,False
AAPL,rainbow_convergence,332.2699890136719,315.71686214464387,332.2699890136719,,,,,,,True,2.767993883363657,11.0,True,,,,,,0.0,4.981830263444857,True,18.333333333333336,True,47.148474743784725,28.6624203821656,21.818181818181802,18.333333333333336,89.69072164948457,0.4975124378109541,-29.225352112676063,54.347826086956516,17.19745222929936,16.356501765281383,16.59518241592299,15.652453740949323,7.938480985989682,-1.5892574471146892,-22.65783689028632,40.29629340464154,8.964651835467263,7.938480985989682,True,False
ACNB,rainbow_convergence,65.19000244140625,63.24585259867232,65.19000244140625,,,,,,,True,2.7537703902332833,7.0,True,,,,,,0.0,2.9822822057436786,True,34.234234234234215,False,39.81513986871528,34.234234234234215,,42.85714285714286,69.04761904761905,12.878787878787868,19.999999999999996,-22.535211267605625,27.92792792792791,4.741163403532456,16.265483175367336,48.67332617848592,52.3134632634755,3.7201578640902344,2.991870641019956,-3.5838571168528066,1.6954504867478182,4.741163403532456,True,False
ACT,rainbow_convergence,49.43000030517578,48.15232236433349,49.43000030517578,,,,,,,True,2.486448094202418,6.0,True,,,,,,0.0,2.584822846356534,True,-4.347826086956507,True,58.14847110951389,12.612612612612594,9.259259259259256,17.14285714285706,-4.347826086956507,5.932203389830515,-4.065040650406471,11.818181818181772,-0.9009009009009028,4.072944340581852,1.725363131405322,3.6218917342664803,0.6030595501117508,1.6787953946082457,-0.2037057171912271,0.4016631616124311,2.1532355931647373,0.6030595501117508,True,False
ADM,rainbow_convergence,86.72000122070312,81.78179198654551,86.72000122070312,,,,,,,True,4.81221986030928,11.0,True,,,,,,0.0,5.694429387275754,True,-21.48760330578513,True,51.81513947056713,315.5555555555556,1.6393442622950838,-21.48760330578513,450.0,201.61290322580646,-34.73684210526316,331.8181818181818,-51.11111111111111,0.7096672449140584,-0.1138952164009166,-3.5839439311882715,7.1476285905143655,4.023456589021013,1.4207830827688728,-5.657730673316708,1.1827787415234159,-3.5839439311882715,True,False
AEF,rainbow_convergence,9.920000076293945,9.399471927878448,9.920000076293945,,,,,,,True,4.723583829260951,13.0,True,,,,,,0.0,5.247259520283831,True,,False,,,,,,,,,,,,,,,,,,,False,False
AMTB,rainbow_convergence,29.31999969482422,28.279818935393966,29.31999969482422,,,,,,,True,3.182517091024195,7.0,True,,,,,,0.0,3.547683391053628,True,-84.90566037735852,False,45.14841438224537,-3.6363636363636376,57.14285714285714,-84.90566037735852,,20.45454545454546,450.0000000000011,-77.14285714285718,-36.363636363636374,,,,,,,,,,False,False
ANET,rainbow_convergence,199.58999633789062,187.76285296074113,199.58999633789062,,,,,,,True,3.2807624567813116,1.0,True,,,,,,0.0,5.925719522098214,True,15.517241379310365,True,52.14841406537037,35.71428571428572,25.0,17.46031746031751,15.517241379310365,18.74999999999998,8.108108108108091,10.44776119402988,-4.2857142857142705,37.68595791001452,35.125698324022345,28.871773673026844,27.46700535645259,12.059800664451824,8.891389983117604,7.776285578131081,4.694303338171268,27.46700535645259,True,False
APH,rainbow_convergence,83.91999816894531,80.39903241207482,83.91999816894531,,,,,,,True,1.931705467037078,6.0,True,,,,,,0.0,4.195621822801032,True,24.13793103448276,True,45.81508323791667,59.302325581395365,24.13793103448276,57.62711864406778,102.08333333333334,90.27777777777779,-22.580645161290303,-4.123711340206215,12.790697674418606,55.002389253667936,58.38910829349408,49.123416475601566,53.37228879865306,14.934187215390882,18.342910389812083,3.948727883249381,9.629577190591654,49.123416475601566,True,False
APPS,rainbow_convergence,11.8100004196167,10.766718007182535,11.8100004196167,,,,,,,True,5.4180355900979045,2.0,True,,,,,,0.0,8.83388971520481,True,,False,52.14841708326389,,,,,,-199.99999999999991,,,26.776194186028746,19.636262924667648,12.44977235083966,18.234114951822654,16.439259482704195,-5.84548114584641,7.8517135998062315,7.218581488779918,12.44977235083966,True,False
ARW,rainbow_convergence,228.1999969482422,211.34800805714997,228.1999969482422,,,,,,,True,3.0843816853340127,4.0,True,,,,,,0.0,7.384745449805768,True,11.170212765957444,True,46.81504196493055,46.518105849582184,201.3245033112583,100.0,11.170212765957444,15.604395604395593,21.657754010695186,78.94736842105266,-41.78272980501393,31.824628852945814,39.03029593263416,20.095808291146476,13.032103584780375,5.475129275747581,8.313311831227143,13.405296646072928,1.7492734447879466,13.032103584780375,True,False
ATLO,rainbow_convergence,32.4900016784668,31.128146252482782,32.4900016784668,,,,,,,True,3.3714667806961875,7.0,True,,,,,,0.0,4.191613898520059,True,2.631578947368385,False,34.14836396457176,2.7027027027026973,2.631578947368385,15.151515151515138,,-2.564102564102544,2.631578947368385,11.764705882352944,-8.108108108108103,,,,,,,,,,False,False
AVT,rainbow_convergence,99.62999725341797,90.47859996488876,99.62999725341797,,,,,,,True,3.9346012404180413,5.0,True,,,,,,0.0,9.185383459613874,True,-24.242424242424242,True,45.81501882054398,1577.7777777777803,12.871287128712861,-24.242424242424242,-7.57575757575758,32.456140350877185,51.99999999999998,22.95081967213115,577.7777777777789,47.66250815488995,33.94567092778882,11.575605680278777,5.253604827278058,16.51172037783757,12.673361339018863,7.12686053505831,4.997992984792066,5.253604827278058,True,False
BAC,rainbow_convergence,62.689998626708984,61.56477975182131,62.689998626708984,,,,,,,True,1.5879579721785122,5.0,True,,,,,,0.0,1.7948937622217047,True,18.518518518518512,True,31.815011743703703,34.444444444444436,24.71910112359552,18.518518518518512,30.864197530864203,9.009009009009006,15.625000000000021,-9.433962264150953,17.777777777777782,4.932922523910399,2.11512846436539,3.6788206901050113,0.9835126360685065,2.764375854536305,0.08021390374330917,0.19856904214077264,1.8261762629180334,0.9835126360685065,True,False
BBY,rainbow_convergence,90.80000305175781,84.7579376192096,90.80000305175781,,,,,,,True,4.55112752575386,6.0,True,,,,,,0.0,6.654256860656839,True,-47.61904761904761,True,72.8149985766088,70.11494252873563,37.89473684210527,365.45454545454527,-47.61904761904761,12.977099236641209,-48.828125,287.8787878787879,-24.13793103448275,3.6130536130536184,1.9276833580472275,-0.9607112130771478,2.4033880359978887,9.433751119068944,-35.31200231649052,42.82464846980976,2.4793388429751984,-0.9607112130771478,True,False
BCAL,rainbow_convergence,21.809999465942383,21.28090519640547,21.809999465942383,,,,,,,True,1.9909260934550241,7.0,True,,,,,,0.0,2.425925183368871,True,-19.23076923076924,False,45.81500740663194,2.3255813953488413,-19.23076923076924,-7.407407407407396,,4.761904761904767,-16.000000000000004,4.166666666666674,11.627906976744185,,,,,,,,,,False,False
BFST,rainbow_convergence,31.420000076293945,31.1164334155064,31.420000076293945,,,,,,,True,0.8378633208280313,2.0,True,,,,,,0.0,0.966157415819306,True,0.0,True,40.14831496775463,0.0,4.615384615384621,39.21568627450986,12.307692307692308,2.941176470588225,-4.22535211267604,-2.73972602739726,4.285714285714293,9.672888843492245,7.793021200655503,1.1813140648630371,14.970985359933241,2.555796109395403,4.326308272300006,-0.6820449803303874,3.2089749155197023,1.1813140648630371,True,False
BGC,rainbow_convergence,12.170000076293945,11.584362241145296,12.170000076293945,,,,,,,True,4.582287150391309,14.0,True,,,,,,0.0,4.812143233173995,True,-25.000000000000032,True,53.814993058437494,36.36363636363635,54.54545454545456,-25.000000000000032,100.0,-11.764705882352954,466.66666666666725,-50.00000000000004,-45.45454545454546,7.332583378469515,49.22311681120597,34.39048104078892,38.305892837250745,-12.805235017957761,24.91583071560335,2.868621392879356,-4.205456770348704,7.332583378469515,True,False
BHB,rainbow_convergence,40.560001373291016,39.220738143150996,40.560001373291016,,,,,,,True,2.527722255743559,6.0,True,,,,,,0.0,3.3019309289815064,True,-32.49999999999999,True,38.148312430439816,127.49999999999999,22.72727272727273,0.0,-32.49999999999999,12.345679012345666,14.084507042253524,31.481481481481467,35.00000000000001,33.82492020333372,11.490991239186732,5.934406121316549,-2.7369327972429636,11.890582915317903,11.567832823312107,7.104260784834793,0.09161839460929411,-2.7369327972429636,True,False
BP,rainbow_convergence,46.099998474121094,43.15410726047932,46.099998474121094,,,,,,,True,4.926254012558974,8.0,True,,,,,,0.0,6.390219763880234,True,,False,47.81496246202546,,,,,,,,,,,,,,,,,,False,False
BSRR,rainbow_convergence,40.72999954223633,40.28260267364922,40.72999954223633,,,,,,,True,0.9038088093054314,5.0,True,,,,,,0.0,1.0984455527016705,True,-2.7027027027027084,True,43.81494680886574,-1.2820512820512886,47.69230769230768,31.506849315068486,-2.7027027027027084,-19.791666666666664,0.0,33.33333333333333,-7.692307692307699,,,,,-3.3887836613686884,,,,,False,False
BST,rainbow_convergence,50.33000183105469,48.937759034803186,50.33000183105469,,,,,,,False,2.5200044024771473,0.0,False,,,,,,0.0,2.766228383867171,False,,False,,,,,,,,,,,,,,,,,,,False,False
BWA,rainbow_convergence,66.6500015258789,65.67605678280728,66.6500015258789,,,,,,,True,0.5174362599013503,1.0,True,,,,,,0.0,1.461282401761781,True,-29.807692307692314,False,46.814920424467594,30.097087378640786,61.111111111111114,,-29.807692307692314,15.517241379310365,,-264.3835616438356,-29.126213592233007,0.2748763056624526,0.5120910384068367,3.8674033149171283,4.117135401565664,3.255024058873479,-1.0918253079507334,-0.5291005291005346,-1.2919186366135205,0.2748763056624526,True,False
BWFG,rainbow_convergence,68.56999969482422,65.00517073515093,68.56999969482422,,,,,,,True,3.5398799112880948,5.0,True,,,,,,0.0,5.198817231353104,True,33.33333333333335,True,39.814917209976855,33.33333333333335,62.06896551724137,216.2162162162163,429.1666666666667,7.801418439716312,20.51282051282046,-7.874015748031471,11.403508771929838,7.254222168156854,4.55795757859776,6.0889494549058565,5.339785916417172,3.0887052771065626,-0.12650590685272523,0.021413276231263545,4.150193621636955,4.55795757859776,True,False
BZH,rainbow_convergence,33.25,32.43555090840928,33.25,,,,,,,False,2.429919013158418,0.0,False,,,,,,0.0,2.449470952152532,False,-1230.0,False,60.81491614530093,,-107.14285714285714,-1230.0,-40.23668639053256,,,-211.8811881188119,,-5.328705257193778,-27.504382326356403,-22.48882084132099,-1.7690102548262976,25.97561035120508,12.752722900979663,-54.098644266418816,45.204238613630835,-27.504382326356403,True,False
C,rainbow_convergence,138.82000732421875,134.95845984474482,138.82000732421875,,,,,,,True,2.0398018040727703,5.0,True,,,,,,0.0,2.781693758634628,True,-9.022556390977455,True,30.81491990175926,-9.022556390977455,23.178807947019877,28.947368421052634,24.0506329113924,-34.946236559139784,-5.102040816326525,0.0,47.36842105263157,2.8964663474667196,3.732462719491747,2.6919438047805277,-3.4539387480563954,-3.844845185437229,2.178107671180496,4.09865730520067,0.606237142493038,-3.4539387480563954,True,False
CAC,rainbow_convergence,57.939998626708984,56.56226002559562,57.939998626708984,,,,,,,True,1.812150536610541,6.0,True,,,,,,0.0,2.377871304398442,True,33.00000000000001,True,44.814910931041666,62.65060240963858,200.0,33.00000000000001,38.888888888888886,4.651162790697683,-3.007518796992481,6.400000000000006,50.60240963855422,0.5798329635039678,0.21043292308391415,28.113248977575278,25.620561286866227,2.385952167447991,-5.626077920964956,2.080964045140399,1.9703170125221714,0.21043292308391415,True,False
CACC,rainbow_convergence,604.239990234375,592.9602944044682,604.239990234375,,,,,,,True,1.490253101061122,14.0,True,,,,,,0.0,1.8667575817899111,True,-11.482084690553707,True,47.148244965069445,70.61994609164421,43.187066974595844,-11.482084690553707,48.50393700787401,2.0967741935483897,14.07543698252065,15.270413573701003,27.088948787061984,0.6166495375128367,1.558396077744706,2.473935324262233,5.833181900781392,1.2758620689655276,0.017244352474565794,-0.4292582417582458,-0.23980815347721673,0.6166495375128367,True,False
CCNE,rainbow_convergence,34.47999954223633,34.00667683584736,34.47999954223633,,,,,,,True,1.1065960224062015,5.0,True,,,,,,0.0,1.3727456864063257,True,-63.934426229508205,True,47.14821854025463,49.18032786885247,76.0,73.13432835820899,-63.934426229508205,3.409090909090917,-24.13793103448276,427.27272727272737,-63.934426229508205,,,,,,,,,,False,False
CFFN,rainbow_convergence,8.819999694824219,8.633608408055961,8.819999694824219,,,,,,,True,1.7922662181731397,6.0,True,,,,,,0.0,2.1132799684521113,True,33.33333333333335,True,45.81485113498842,35.7142857142857,33.33333333333335,33.33333333333335,55.55555555555563,18.75,0.0,14.28571428571428,0.0,,,,,-3.0961358840419284,,,,,False,False
CHMG,rainbow_convergence,85.0999984741211,81.13839256337232,85.0999984741211,,,,,,,True,3.9213277460283753,7.0,True,,,,,,0.0,4.655236171306744,True,29.838709677419352,False,39.14818402765046,,51.58730158730158,29.838709677419352,36.13445378151261,-4.712041884816742,18.633540372670797,-0.6172839506172867,,,,,,,,,,,False,False
CLH,rainbow_convergence,322.82000732421875,312.9130823531001,322.82000732421875,,,,,,,True,2.0375767728409153,6.0,True,,,,,,0.0,3.068869570146811,True,-4.0650406504065035,True,52.81485070109954,9.174311926605494,4.516129032258087,4.245283018867907,-4.0650406504065035,-26.543209876543216,-26.696832579185514,-6.355932203389825,116.51376146788989,1.9265337476867206,4.792064374935356,1.302125901157436,-0.18451503459415708,-2.6778093693655247,-3.2040156531471187,-0.03335798081626207,8.233807046335407,-0.18451503459415708,True,False
CNC,rainbow_convergence,66.41999816894531,64.96635419326866,66.41999816894531,,,,,,,True,1.1274652860030547,7.0,True,,,,,,0.0,2.1885637093502766,True,-1092.6470588235293,False,44.81481741878473,,18.250950570342205,-441.26984126984155,-1092.6470588235293,-29.581993569131836,,,,4.492900369698827,5.09779001623949,23.228454926162655,21.67809425729694,-0.6270294479901461,-0.16097659132068287,-0.3808632901242781,5.724444863070155,4.492900369698827,True,False
CNXN,rainbow_convergence,85.76000213623047,80.19607645982443,85.76000213623047,,,,,,,True,4.103046193791552,7.0,True,,,,,,0.0,6.487786308082994,True,-4.90196078431373,True,46.148150348136575,35.05154639175259,33.33333333333335,5.128205128205066,-4.90196078431373,92.64705882352942,-17.0731707317073,-15.463917525773208,0.0,12.41330379508565,2.9698479129757427,-0.8404606028802442,-2.159325640215426,18.30395114882817,2.69255226982712,-0.8643740797779631,-6.663876065726548,-2.159325640215426,True,False
CTBI,rainbow_convergence,77.66999816894531,76.17637307148931,77.66999816894531,,,,,,,True,1.3841968229894812,2.0,True,,,,,,0.0,1.92303995451,True,7.317073170731714,True,38.814787382627316,18.840579710144922,22.95081967213115,20.799999999999976,7.317073170731714,9.333333333333327,-0.6622516556291203,14.39393939393938,-4.347826086956507,,,,,,,,,,False,False
CVEO,rainbow_convergence,34.04999923706055,33.42044959757397,34.04999923706055,,,,,,,True,1.4371814280475392,7.0,True,,,,,,0.0,1.8488976610647463,True,,False,46.81478521231482,,,,,,,,,10.647596100655221,19.871011635333645,7.067856456731003,-3.3157912645033982,4.2567485390954785,6.835168914738277,-5.20320720741857,4.792432419142689,-3.3157912645033982,True,False
DAN,rainbow_convergence,31.079999923706055,29.94712943553941,31.079999923706055,,,,,,,True,3.1266295530190598,7.0,True,,,,,,0.0,3.6450144496382584,True,-126.3157894736842,False,45.814755723101854,-126.3157894736842,5717.647058823529,,2033.3333333333335,-100.50556117290192,,-156.25,236.84210526315786,3.875968992248069,4.884896125772031,-48.21081830790569,1.0542962572482883,7.601713062098492,0.05356186395286677,-2.608242044861764,-0.9302325581395321,-48.21081830790569,True,False
DCOM,rainbow_convergence,40.709999084472656,40.300889503598405,40.709999084472656,,,,,,,True,0.7870656710852026,6.0,True,,,,,,0.0,1.0049363548875412,True,17.1875,False,39.814752593877316,17.1875,66.66666666666666,,103.44827586206895,0.0,10.294117647058831,15.254237288135597,-7.812500000000011,5.54090782382457,7.580416556561853,9.722296001180464,7.267397006634768,1.4531345949868824,-3.6401878459577097,2.84644153315039,4.971194945177482,5.54090782382457,True,False
E,rainbow_convergence,56.04999923706055,54.05323243347056,56.04999923706055,,,,,,,True,2.956556975400372,3.0,True,,,,,,0.0,3.562474274343455,True,,False,41.14805458326389,,,,,,,,,,,,,,,,,,False,False
EFSI,rainbow_convergence,45.52000045776367,42.33244739716628,45.52000045776367,,,,,,,True,5.581145492292429,4.0,True,,,,,,0.0,7.002533015251192,True,-36.7816091954023,False,40.1480429653588,-6.122448979591832,,-36.7816091954023,7.216494845360821,33.33333333333335,-37.27272727272728,5.769230769230771,6.1224489795918435,,,,,,,,,,False,False
EIG,rainbow_convergence,49.65999984741211,48.92489516289677,49.65999984741211,,,,,,,True,0.904542446162789,10.0,True,,,,,,0.0,1.4802752452155914,True,-181.5789473684211,True,47.148033278807866,29.268292682926834,0.0,-181.5789473684211,-129.75206611570246,205.7692307692308,,,-129.26829268292684,-10.596833130328864,2.4679170779861703,-21.283471837488456,6.830357142857135,6.069364161849711,21.75953079178885,-28.75052235687422,-2.842062525375555,-21.283471837488456,True,False
ELV,rainbow_convergence,418.7200012207031,397.0036830555209,418.7200012207031,,,,,,,True,3.127683550667954,8.0,True,,,,,,0.0,5.186357972361522,True,-16.753381893860553,True,38.81469021892361,-13.082901554404147,-16.753381893860553,36.17021276595764,22.018348623853214,-16.125,212.49999999999974,-51.87969924812026,-31.088082901554404,1.402282224365159,2.638522427440626,9.473614717662082,12.426284751474315,0.5838863314800324,0.8724144169497627,-1.900968231744593,1.8784153005464432,1.402282224365159,True,False
EOG,rainbow_convergence,147.36000061035156,144.08456760587111,147.36000061035156,,,,,,,True,1.9206832763477941,2.0,True,,,,,,0.0,2.222742257677732,True,-41.777777777777835,True,54.14800043328704,109.34959349593498,39.622641509433976,-41.777777777777835,-8.47457627118644,39.189189189189186,182.44274809160333,-51.48148148148153,9.756097560975618,57.35669952537423,22.08502381372377,0.9489704565801338,-1.9782062028499636,24.548475653807245,22.756296559063504,-3.574482640670429,6.736035049288058,-1.9782062028499636,True,False
EONR,rainbow_convergence,0.593999981880188,0.5332077257124755,0.593999981880188,,,,,,,True,9.1178403645302,9.0,True,,,,,,0.0,10.234386872418199,False,-58.33333333333333,False,,-58.33333333333333,,,,,,,-358.3333333333333,-40.73688281349084,-9.438181155332314,39.033212218090284,-29.70147158479397,-4.774163958920807,0.40638847057288263,23.01247291937676,-49.61291878464157,-40.73688281349084,True,False
EPRX,rainbow_convergence,8.420000076293945,7.098012127013602,8.420000076293945,,,,,,,True,11.81219898986871,7.0,True,,,,,,0.0,15.700569326624223,False,,False,52.148023198726854,,,,,,,,,,,,,,,,,,False,False
ESP,rainbow_convergence,63.689998626708984,62.2534599496437,63.689998626708984,,,,,,,True,1.2618957654699192,2.0,True,,,,,,0.0,2.2555168912546666,True,24.590163934426236,True,4.147997728553241,57.14285714285714,39.43661971830987,24.590163934426236,46.57534246575344,0.0,30.263157894736835,-28.971962616822434,69.84126984126986,,,,,,,,,,False,False
EWTX,rainbow_convergence,44.400001525878906,42.44939127026893,44.400001525878906,,,,,,,True,2.3700535188489367,1.0,True,,,,,,0.0,4.393266190482097,True,,False,53.8146476444213,,,,,,,,,,,,,,,,,,False,False
FANG,rainbow_convergence,204.97000122070312,199.38646296074083,204.97000122070312,,,,,,,True,1.9952396167654625,2.0,True,,,,,,0.0,2.72407582900396,True,-246.76470588235296,True,51.14797992973379,179.41176470588238,-98.34368530020704,-246.76470588235296,10.03134796238243,8212.5,,-242.16524216524215,47.47899159663864,-31.1046511627907,-20.385098367517784,-0.1491795126802531,27.411702688455453,-0.3154574132492094,-5.27888446215139,-16.92180388911875,-12.172965116279066,-31.1046511627907,True,False
FBIZ,rainbow_convergence,72.76000213623047,69.2897987626407,72.76000213623047,,,,,,,True,4.012516376268615,7.0,True,,,,,,0.0,4.769383276119777,True,-7.100591715976334,True,47.14797480628472,36.29629629629629,9.090909090909083,-7.100591715976334,37.09677419354838,27.77777777777779,-8.280254777070084,-7.647058823529395,25.92592592592591,,,,,,,,,,False,False
FBLA,rainbow_convergence,15.979999542236328,15.60281029311547,15.979999542236328,,,,,,,True,2.073452983939102,6.0,True,,,,,,0.0,2.3603833537286367,True,-100.0,False,47.14798754542824,-100.0,-75.0,,,-100.0,,-233.33333333333331,19.999999999999996,,,,,11.523502276359032,-1.5932826964158542,9.293728516765022,,,False,False
FCCO,rainbow_convergence,34.099998474121094,33.57932756945239,34.099998474121094,,,,,,,True,1.3812498654748773,6.0,True,,,,,,0.0,1.526894216912792,True,12.727272727272743,True,38.814640643148145,19.402985074626855,15.68627450980391,12.727272727272743,34.00000000000001,35.593220338983066,-4.838709677419373,-7.462686567164168,0.0,20.4574332909784,21.28052182122473,7.839855818743557,7.507802813288289,3.984148326374637,12.458716326449416,-0.05567707297673419,3.0659507316473267,7.507802813288289,True,False
FCF,rainbow_convergence,21.309999465942383,20.93661501312742,21.309999465942383,,,,,,,True,1.1709919317693878,5.0,True,,,,,,0.0,1.7521560871538573,True,15.625,True,45.147973980740744,37.5,15.625,25.714285714285758,25.806451612903224,18.918918918918926,-15.909090909090896,12.820512820512796,21.875,,,,,,,,,,False,False
FCFS,rainbow_convergence,228.3800048828125,218.0987711619046,228.3800048828125,,,,,,,True,3.6784178599166992,7.0,True,,,,,,0.0,4.5018099225382935,True,26.34408602150533,True,39.81464069488426,58.20895522388059,29.946524064171133,26.34408602150533,29.166666666666675,-12.757201646090532,3.4042553191489633,26.344086021505355,38.80597014925373,22.366244725738404,25.27327411495839,21.173831378075825,13.170366331535144,1.3830743878459728,-7.267072443298006,21.970810379396944,6.710288867250891,13.170366331535144,True,False
FLNG,rainbow_convergence,31.700000762939453,30.538292549904245,31.700000762939453,,,,,,,True,2.77186621804102,10.0,True,,,,,,0.0,3.6646945901445025,True,,False,75.81460422189815,,,,,,,,,,,,,,,,,,False,False
FMBH,rainbow_convergence,51.02000045776367,50.18468247958744,51.02000045776367,,,,,,,True,1.2869350241303412,5.0,True,,,,,,0.0,1.6372363204264249,True,6.1224489795918435,True,46.81459859564815,6.1224489795918435,13.978494623655923,20.9876543209877,16.049382716049365,-1.8867924528301883,8.163265306122458,4.255319148936176,-4.081632653061229,,,,,,,,,,False,False
FRAF,rainbow_convergence,63.540000915527344,62.448907913304836,63.540000915527344,,,,,,,True,1.2514509845233293,6.0,True,,,,,,0.0,1.717174986624647,True,11.363636363636353,True,44.81459283608796,11.363636363636353,68.18181818181819,938.4615384615394,25.263157894736832,-0.6756756756756799,9.62962962962961,13.445378151260524,-9.848484848484862,,,,,,,,,,False,False
GFR,rainbow_convergence,6.519999980926514,6.251452766973205,6.519999980926514,,,,,,,True,1.4487572599039016,1.0,True,,,,,,0.0,4.118822311946492,True,,False,52.106229933530095,,,,,,,,,,,,,,,,,,False,False
GGB,rainbow_convergence,5.150000095367432,4.729579694041313,5.150000095367432,,,,,,,True,6.248953027711565,7.0,True,,,,,,0.0,8.163502787199924,True,,False,44.14789386675926,,,,,,,,,,,,,,,,,,False,False
GLNG,rainbow_convergence,52.88999938964844,51.25633389441394,52.88999938964844,,,,,,,True,2.173104015157462,8.0,True,,,,,,0.0,3.088798476246976,True,,False,53.81455723773148,,,,,,,,,,,,,,,,,,False,False
GOLD,rainbow_convergence,48.220001220703125,44.255464547097205,48.220001220703125,,,,,,,True,5.738284496365956,5.0,True,,,,,,0.0,8.221768090507133,True,-110.8108108108108,False,54.14788958589121,18.604651162790773,,70.37037037037037,-110.8108108108108,-75.5980861244019,354.34782608695645,,-109.30232558139534,,,,,20.324105334233632,335.5882352941176,,,,False,False
GRDN,rainbow_convergence,43.63999938964844,39.94817966359578,43.63999938964844,,,,,,,True,6.325943975667553,5.0,True,,,,,,0.0,8.4597153475863,True,,False,58.14788710547454,,,,,,,,,2.158950321490183,2.2128220389422637,17.440167292339236,20.049428581425154,4.507791262496474,-15.346716429922335,5.349113868377198,9.610726794333413,2.158950321490183,True,False
GSAT,rainbow_convergence,82.4800033569336,81.75188640217286,82.4800033569336,,,,,,,True,0.4397187799314652,1.0,True,,,,,,0.0,0.8827799771173601,True,-276.9230769230769,False,53.81453025952546,-276.9230769230769,,,-116.66666666666667,,,,-107.6923076923077,-3.538452373860723,16.711087420042638,17.62753976167515,2.127041641888061,-7.55309431377027,-2.6361501368797002,-2.551289863904127,9.973491392148691,-3.538452373860723,True,False
GSBC,rainbow_convergence,80.16000366210938,78.9432759648991,80.16000366210938,,,,,,,True,0.9563010877227428,2.0,True,,,,,,0.0,1.5178738044212514,True,-16.860465116279077,True,32.1478710421875,-16.860465116279077,7.48299319727892,13.385826771653564,10.63829787234043,-9.493670886075956,9.722222222222188,-7.692307692307665,-9.302325581395344,,,,,,,,,,False,False
HBT,rainbow_convergence,36.5099983215332,35.14277949612274,36.5099983215332,,,,,,,True,3.2871723693118193,6.0,True,,,,,,0.0,3.7447792064238197,True,-43.33333333333332,True,43.81449412743056,24.590163934426236,-43.33333333333332,-6.249999999999966,10.526315789473696,123.52941176470588,-43.333333333333336,-4.761904761904745,3.2786885245901676,,,,,,,,,,False,False
HSBC,rainbow_convergence,105.30000305175781,102.77239725853492,105.30000305175781,,,,,,,True,2.1707950329196404,7.0,True,,,,,,0.0,2.400385299115806,True,,False,44.81449078046296,,,,,,,,,,,,,,,,,,False,False
HUM,rainbow_convergence,409.79998779296875,386.10928544102325,409.79998779296875,,,,,,,True,4.2477410370535775,14.0,True,,,,,,0.0,5.78104027760832,True,-59.29648241206029,False,54.81448236532407,-4.563106796116512,,-59.29648241206029,-19.75088967971531,,-506.7901234567901,-64.07982261640798,-56.21359223300971,25.712143928035978,28.55917667238421,45.058930190389844,27.27272727272727,11.874583055370236,-6.312499999999998,14.28571428571428,4.94752623688155,25.712143928035978,True,False
IGR,rainbow_convergence,12.630000114440918,5.626259586684567,12.630000114440918,,,,,,,True,36.622434495134506,3.0,True,,,,,,0.0,55.45321032696111,False,,False,,,,,,,,,,,,,,,,,,,False,False
IRD,rainbow_convergence,6.039999961853027,4.2100921436126875,6.039999961853027,,,,,,,True,21.374474661389584,7.0,True,,,,,,0.0,30.29648724830352,False,,False,59.814438871666674,,,,,,,,,-73.8029146426093,-50.64073226544623,-10.1580660158066,-20.37755365916731,-64.99768196569309,-44.191461836998705,25.527768756089642,6.835530881332419,-73.8029146426093,True,False
ISTR,rainbow_convergence,30.8700008392334,30.210213397035588,30.8700008392334,,,,,,,True,1.5705347864924206,7.0,True,,,,,,0.0,2.1373094404301773,True,-18.032786885245955,True,36.81441774796296,32.6086956521739,22.222222222222232,-18.032786885245955,0.0,-20.779220779220786,54.00000000000007,-7.407407407407451,17.391304347826097,,,,,,,,,,False,False
KB,rainbow_convergence,132.00999450683594,121.21989346736676,132.00999450683594,,,,,,,True,5.793790484118039,13.0,True,,,,,,0.0,8.173700089738606,True,,False,46.81440735650463,,,,,,,,,,,,,,,,,,False,False
KF,rainbow_convergence,67.9800033569336,64.2332125164514,67.9800033569336,,,,,,,True,3.957846512245169,7.0,True,,,,,,0.0,5.511607319007346,True,,False,,,,,,,,,,,,,,,,,,,False,False
LQDT,rainbow_convergence,42.4900016784668,40.83810290787549,42.4900016784668,,,,,,,True,2.1104843607557013,1.0,True,,,,,,0.0,3.887735244379769,True,4.545454545454541,True,67.81433530945601,39.13043478260869,4.545454545454541,27.77777777777779,19.999999999999996,39.13043478260869,0.0,-4.1666666666666625,4.347826086956519,8.094264859228373,3.7439312567132177,-0.9090091636625219,10.437962348144069,7.326972136633203,-0.40175220056262173,2.651412505927775,-1.490719499478621,-0.9090091636625219,True,False
LTC,rainbow_convergence,42.27000045776367,40.462000257022105,42.27000045776367,,,,,,,True,3.977633164308757,14.0,True,,,,,,0.0,4.2772656284878146,True,-166.66666666666666,True,52.14766642341436,75.00000000000003,6.666666666666665,476.31578947368433,-166.66666666666666,16.666666666666675,-78.08219178082192,,-237.5,64.10856573705179,94.59321653647692,60.30770986269065,24.21347005360055,3.613839075159042,13.189707330383316,21.652475104632707,15.023240371845947,24.21347005360055,True,False
LXFR,rainbow_convergence,17.299999237060547,17.116079210145774,17.299999237060547,,,,,,,True,0.8707795598620792,10.0,True,,,,,,0.0,1.0631215897442035,True,-192.30769230769224,True,45.14766887163194,79.99999999999999,-35.0,-192.30769230769224,-78.72340425531914,38.46153846153846,,-220.00000000000003,0.0,-10.22514071294559,-13.505154639175254,-14.79690522243714,-6.539235412474853,14.06436233611441,-4.76730987514189,-5.166846071044128,-12.851782363977481,-14.79690522243714,True,False
LXP,rainbow_convergence,60.84000015258789,59.77308945235725,60.84000015258789,,,,,,,False,1.698416529502031,0.0,False,,,,,,0.0,1.7536336251722726,False,-110.00000000000001,True,46.81433597084491,-106.38297872340425,-110.00000000000001,745.4545454545457,500.0,,-103.2258064516129,675.0000000000002,-74.46808510638299,-0.6153846153846176,0.20618556701030855,2.935420743639927,6.8560235063663155,-0.30864197530864335,-7.604562737642584,-3.574702108157657,11.897435897435905,-0.6153846153846176,True,False
MBWM,rainbow_convergence,61.7400016784668,59.51263435261231,61.7400016784668,,,,,,,True,2.6745958270761836,7.0,True,,,,,,0.0,3.60765673032259,True,7.913669064748219,True,37.814333827071756,7.913669064748219,9.090909090909104,17.50000000000005,19.672131147540984,13.636363636363624,-6.382978723404264,-3.424657534246567,5.035971223021596,,,,,,,,,,False,False
MET,rainbow_convergence,97.13999938964844,94.83396728223826,97.13999938964844,,,,,,,True,1.9021912768086549,2.0,True,,,,,,0.0,2.373926417438205,True,-32.59668508287293,True,58.14765401383102,5.825242718446599,35.9375,-32.571428571428584,-32.59668508287293,-37.35632183908045,47.4576271186441,-3.27868852459019,18.446601941747566,19.86754966887416,20.130932896890343,7.913669064748197,12.09386281588447,-1.3623978201634857,22.33333333333334,-3.3816425120772986,2.81456953642385,7.913669064748197,True,False
MFC,rainbow_convergence,43.4900016784668,42.891323396125145,43.4900016784668,,,,,,,True,1.2617932175625106,6.0,True,,,,,,0.0,1.376588317397273,True,,False,53.147652027905096,,,,,,,,,,,,,,,,,,False,False
MFG,rainbow_convergence,11.449999809265137,10.593127224841856,11.449999809265137,,,,,,,True,5.09292324894349,10.0,True,,,,,,0.0,7.4836034820709285,True,,False,61.14765517101851,,,,,,,,,,,,,,,,,,False,False
MRVL,rainbow_convergence,236.10000610351562,222.59557336788308,236.10000610351562,,,,,,,True,2.727684259415383,3.0,True,,,,,,0.0,5.719793471632385,True,-80.0,False,80.14760983508101,50.0,-80.0,95.65217391304337,,725.0,-91.11111111111111,-79.54545454545456,900.0,36.54852699267235,27.568195008705754,22.080994827775946,36.83134357891959,13.297212341798325,8.973723351512142,6.951072547601833,3.409600717810668,22.080994827775946,True,False
MSBI,rainbow_convergence,33.45000076293945,32.46917755107847,33.45000076293945,,,,,,,True,2.453490893295147,7.0,True,,,,,,0.0,2.9322068445142713,True,-71.08433734939759,False,47.14760550261574,86.36363636363636,,,-71.08433734939759,10.81081081081081,,-191.66666666666657,-45.45454545454546,,,,,,,,,,False,False
MSGM,rainbow_convergence,4.96999979019165,4.3061352298119075,4.96999979019165,,,,,,,True,9.065718135767723,4.0,True,,,,,,0.0,13.357436386413676,False,-90.2439024390244,False,54.14761564013889,-90.2439024390244,-81.81818181818183,,,33.33333333333335,-57.14285714285712,-7.771561172376096e-14,-82.92682926829268,36.58103895302178,129.25201867778097,94.93030544216894,71.94181079189283,-12.187838678894025,4.774472935894636,24.11498900974123,19.60684301500093,36.58103895302178,True,False
MUFG,rainbow_convergence,23.889999389648438,22.509922457388214,23.889999389648438,,,,,,,True,4.37487087886085,10.0,True,,,,,,0.0,5.776797687396394,True,,False,61.14759947140047,,,,,,,,,,,,,,,,,,False,False
MUR,rainbow_convergence,38.5,36.5292819232637,38.5,,,,,,,True,4.2000383624101625,12.0,True,,,,,,0.0,5.118748251263109,True,-102.15053763440861,True,53.14759386020833,893.75,-26.0,-77.14285714285715,-102.15053763440861,329.72972972972974,362.5000000000003,,-112.5,35.61403380351798,8.862991095982053,-8.436707518511765,-4.275667214131229,26.486917528954578,19.454104168433695,-14.963535034939234,5.5486666715466315,-8.436707518511765,True,False
MVBF,rainbow_convergence,31.329999923706055,30.040178096080854,31.329999923706055,,,,,,,True,3.2046430831292922,7.0,True,,,,,,0.0,4.116890618468364,True,-55.55555555555555,True,46.14759053483796,520.0,44.44444444444444,-55.55555555555555,725.0,138.46153846153845,21.87499999999998,-75.75757575757575,780.0000000000001,-5.720749838396899,9.797471923311885,11.524366085578453,11.941036802532645,-12.612342720191727,3.761268262356232,-0.49049933716305283,4.487949025764149,-5.720749838396899,True,False
NET,rainbow_convergence,306.5299987792969,286.48575189670794,306.5299987792969,,,,,,,True,5.0626181107661195,3.0,True,,,,,,0.0,6.539081643692855,True,,False,47.1475591581713,,,,,,,,,35.86555953747297,33.536288816018796,33.604162227739785,30.6790333006264,8.801181702370432,4.108659461975206,9.337629686829985,9.703190999305122,30.6790333006264,True,False
NFJ,rainbow_convergence,15.699999809265137,15.426760259980993,15.699999809265137,,,,,,,True,1.1729242608499666,1.0,True,,,,,,0.0,1.7403793159468397,True,,False,,,,,,,,,,,,,,,,,,,False,False
NKSH,rainbow_convergence,42.84000015258789,40.539959139735714,42.84000015258789,,,,,,,True,4.055283874069468,6.0,True,,,,,,0.0,5.368909908169631,True,52.941176470588246,True,40.147545351759256,119.44444444444446,52.941176470588246,86.00000000000003,64.28571428571428,1.2820512820512775,-16.129032258064523,34.782608695652215,91.66666666666666,5.743755193821176,4.028529267092962,6.873022151898733,2.7379908408847298,2.2837959241571726,-2.1513833626353285,2.4943095599393006,3.0845187466392865,2.7379908408847298,True,False
NRGV,rainbow_convergence,4.309999942779541,3.744555409735472,4.309999942779541,,,,,,,True,9.671615895464031,5.0,True,,,,,,0.0,13.119362889815052,False,,False,58.14754594568287,,,,,,,,,-10.96504955659885,-72.16294214023736,-99.3114102593554,-86.85884455032758,-74.50330136536105,2691.576313594662,-78.26323422770123,-42.45174752217006,-99.3114102593554,True,False
NTAP,rainbow_convergence,199.27999877929688,183.55234468158417,199.27999877929688,,,,,,,True,3.159800951453516,1.0,True,,,,,,0.0,7.89223915799554,True,6.338028169014098,True,80.1475458442361,63.478260869565226,23.170731707317003,15.972222222222232,6.338028169014098,-6.930693069306915,20.958083832335305,10.596026490066212,31.304347826086975,29.890955740859514,12.471131639722866,4.387568555758681,2.834740651387224,3.952772073921973,13.718622300058382,0.46920821114369016,9.364977549711352,2.834740651387224,True,False
NTRS,rainbow_convergence,189.19000244140625,183.6887919741659,189.19000244140625,,,,,,,True,1.6978500690798326,2.0,True,,,,,,0.0,2.9077701761456063,True,-50.92165898617511,True,38.8142115175463,42.63157894736842,7.55555555555556,3.153153153153143,-50.92165898617511,11.983471074380159,5.676855895196509,7.511737089201875,12.10526315789473,2.755596852405695,6.578829701612654,-1.9473473816458253,-8.505956853064289,-1.023661688202715,4.117647058823537,0.7097190451052837,-0.9901565086094299,-8.505956853064289,True,False
NUAI,rainbow_convergence,5.940000057220459,5.269848300530752,5.940000057220459,,,,,,,True,11.149277062467636,5.0,True,,,,,,0.0,11.28201599720683,False,,False,61.14754907616898,,,,,,,,,,,,,-0.8371530720419407,,,,,False,False
NUE,rainbow_convergence,259.42999267578125,253.90358066421172,259.42999267578125,,,,,,,True,1.5389231421436211,6.0,True,,,,,,0.0,2.1302132242188683,True,27.55905511811012,True,44.14754525715278,93.84615384615384,382.08955223880594,27.55905511811012,150.47619047619048,56.03715170278638,99.38271604938281,-38.40304182509509,1.1538461538461497,22.95411542100283,21.27713920817369,8.634821933295655,14.468027941966689,9.488205560235885,23.53323793417459,-9.787583616946371,0.7686849574266796,8.634821933295655,True,False
NVA,rainbow_convergence,6.139999866485596,5.5247756460593,6.139999866485596,,,,,,,True,10.00964606811486,14.0,True,,,,,,0.0,10.019938661308743,False,,False,,,,,,,,,,,,,,,,,,,False,False
NVGS,rainbow_convergence,23.1299991607666,21.84379698986387,23.1299991607666,,,,,,,True,4.3707555316271165,14.0,True,,,,,,0.0,5.560753210421233,True,,False,53.14751256666667,,,,,,,,,,,,,,,,,,False,False
NWBI,rainbow_convergence,15.489999771118164,15.321483845566751,15.489999771118164,,,,,,,True,0.934724473343321,5.0,True,,,,,,0.0,1.0879014076269935,True,-92.3076923076923,True,44.14750973364583,38.46153846153846,0.0,15.384615384615397,-92.3076923076923,5.88235294117645,13.33333333333333,1400.0000000000002,-92.3076923076923,,,,,,,,,,False,False
NX,rainbow_convergence,21.56999969482422,19.922837233994944,21.56999969482422,,,,,,,True,6.476666633406049,8.0,True,,,,,,0.0,7.6363582945460875,True,-84.09090909090908,False,89.14749727076388,,-84.09090909090908,,,728.5714285714284,,-118.36734693877551,,10.91036470281428,15.579036306006344,-16.879029423298476,76.66553710606574,8.538239104434364,13.023571887779916,-17.401312003682822,9.457918396032516,-16.879029423298476,True,False
OBK,rainbow_convergence,54.43000030517578,53.05860685598376,54.43000030517578,,,,,,,True,1.923129197195172,7.0,True,,,,,,0.0,2.519554366163789,True,-54.99999999999999,True,46.14748569479167,131.9148936170213,25.35211267605635,111.11111111111103,-54.99999999999999,22.47191011235956,-6.315789473684208,251.85185185185182,-42.553191489361694,,,,,,,,,,False,False
OBT,rainbow_convergence,38.279998779296875,37.771476349964196,38.279998779296875,,,,,,,True,1.073989134956449,5.0,True,,,,,,0.0,1.32842854114119,True,10.389610389610393,True,46.14749305126158,17.24137931034484,10.389610389610393,46.87499999999996,167.85714285714283,19.999999999999996,-9.57446808510638,25.333333333333318,-13.793103448275856,,,,,,,,,,False,False
OFG,rainbow_convergence,52.65999984741211,51.864532725193605,52.65999984741211,,,,,,,True,1.3390067408394246,1.0,True,,,,,,0.0,1.5105718278075462,True,15.454545454545432,True,38.81414086564815,20.869565217391294,26.0,15.454545454545432,15.999999999999993,10.317460317460302,-0.7874015748031815,9.482758620689701,0.8695652173912993,14.074154536896222,18.77990733473429,23.11709232473067,20.91033233374735,0.7311172452013848,2.3071974529238037,4.101612381455055,6.331016004055323,14.074154536896222,True,False
OKE,rainbow_convergence,96.62000274658203,93.09323009196797,96.62000274658203,,,,,,,True,3.183104097585222,12.0,True,,,,,,0.0,3.6501475412541575,True,-1.273885350318471,True,45.14747204585648,14.179104477611926,18.26923076923077,-1.273885350318471,26.271186440677962,24.390243902439025,-20.645161290322577,4.026845637583887,11.194029850746269,52.770381640674536,19.582245430809397,29.499999999999993,71.8893091777822,25.275525057184446,6.1003861003861015,4.99189251795229,9.471281856219104,19.582245430809397,True,False
OPY,rainbow_convergence,123.29000091552734,116.1535009695626,123.29000091552734,,,,,,,True,5.471021394292613,14.0,True,,,,,,0.0,5.788385021470107,True,-170.95588235294116,True,47.814127670324076,24.607329842931946,-170.95588235294116,607.6086956521739,-12.037037037037045,,-129.64669738863287,242.6315789473684,-0.5235602094240788,21.975573526984647,21.187568997941852,26.045400899394423,15.338028724969966,-1.8892065286802762,-4.194451692977008,11.47885223700358,16.40534741706552,15.338028724969966,True,False
ORRF,rainbow_convergence,42.34000015258789,41.91497229542561,42.34000015258789,,,,,,,True,0.9832602526924824,2.0,True,,,,,,0.0,1.0038447227929421,True,7.920792079207928,False,38.147442966226855,7.920792079207928,20.430107526881724,217.14285714285722,,-2.67857142857143,0.9009009009009139,-1.7699115044247815,11.88118811881187,,,,,,,,,,False,False
OSBC,rainbow_convergence,25.579999923706055,24.927558254455008,25.579999923706055,,,,,,,True,2.2532307994934784,1.0,True,,,,,,0.0,2.5505929288389173,True,-64.0,True,39.14744781710648,12.500000000000021,11.627906976744185,26.190476190476208,-64.0,12.500000000000021,-9.433962264150985,194.4444444444446,-62.5,,,,,,,,,,False,False
OSCR,rainbow_convergence,32.77000045776367,30.53648704354327,32.77000045776367,,,,,,,True,5.46486948944572,6.0,True,,,,,,0.0,6.81572591705976,True,124.99999999999996,False,57.814114618356484,,124.99999999999996,,,-46.859903381642496,,,,-6.187471140526402,32.05542725173209,86.3050706566916,79.64890794039601,6.593214410633097,-36.218627997769104,1.8634246108396813,35.46252116361397,-6.187471140526402,True,False
PALI,rainbow_convergence,2.059999942779541,2.037446904782162,2.059999942779541,,,,,,,True,0.9709817236239646,4.0,True,,,,,,0.0,1.0948077001860599,True,2724.9999999999345,False,,,,2724.9999999999345,,,-104.42477876106196,,,,,,,,,,,,False,False
PAM,rainbow_convergence,86.52999877929688,83.35988446322855,86.52999877929688,,,,,,,True,3.48444046497859,7.0,True,,,,,,0.0,3.6636014801687504,True,,False,51.14741702425926,,,,,,,,,,,,,,,,,,False,False
PBR,rainbow_convergence,21.200000762939453,18.847796325035425,21.200000762939453,,,,,,,True,9.837361609800862,11.0,True,,,,,,0.0,11.095303553082923,False,,False,59.147411655960646,,,,,,,,,,,,,,,,,,False,False
PDLB,rainbow_convergence,20.540000915527344,20.22483649393186,20.540000915527344,,,,,,,True,1.0676106401359917,6.0,True,,,,,,0.0,1.534393415519435,True,39.99999999999999,True,47.81407906988426,39.99999999999999,43.99999999999999,290.90909090909093,170.00000000000003,-2.777777777777779,-16.279069767441857,59.25925925925923,8.000000000000007,,,,,,,,,,False,False
PFG,rainbow_convergence,116.16999816894531,111.8994285643501,116.16999816894531,,,,,,,True,2.72614532471544,9.0,True,,,,,,0.0,3.676138135411302,True,-41.326530612244895,False,44.14737653313657,819.047619047619,-41.326530612244895,,20.134228187919454,-16.086956521739125,142.10526315789474,-46.92737430167598,752.3809523809524,-4.513109120917768,-3.6889730639730667,22.24731039978749,-14.834833441588568,-22.889855135796534,24.31279878313777,0.280554571949998,-0.6656024243080205,-14.834833441588568,True,False
PFIS,rainbow_convergence,71.9800033569336,69.21282189297095,71.9800033569336,,,,,,,True,3.014891676721769,7.0,True,,,,,,0.0,3.844375291622003,True,-11.904761904761907,False,47.14737761310185,-11.904761904761907,-1.342281879194629,155.31914893617028,,0.6802721088435382,22.499999999999986,-20.529801324503303,-10.119047619047617,,,,,,,,,,False,False
PHVS,rainbow_convergence,38.02000045776367,35.383819147425385,38.02000045776367,,,,,,,True,5.119088747901407,4.0,True,,,,,,0.0,6.933669854283181,True,,False,60.81404030098379,,,,,,,,,,,,,,,,,,False,False
PKBK,rainbow_convergence,34.720001220703125,33.83806088747694,34.720001220703125,,,,,,,True,1.6384177497508812,5.0,True,,,,,,0.0,2.5401506400301974,True,43.5483870967742,True,45.81404119314815,49.2753623188406,52.3076923076923,52.45901639344268,43.5483870967742,4.040404040404044,6.4516129032257785,4.494382022471921,28.98550724637683,,,,,,,,,,False,False
PLBC,rainbow_convergence,62.720001220703125,61.103060099937395,62.720001220703125,,,,,,,True,2.160849150030111,7.0,True,,,,,,0.0,2.5780310734942997,True,-44.27480916030535,True,38.81404405674768,34.28571428571428,14.999999999999991,20.000000000000018,-44.27480916030535,2.1739130434782705,-11.538461538461553,113.69863013698631,-30.476190476190478,39.76624206729671,3.2447808688105706,7.664694878406397,19.617275466511597,42.9578780237228,0.5588166236205616,-5.890931589181547,3.310048851755476,3.2447808688105706,True,False
PLGO,rainbow_convergence,25.200000762939453,24.560858745164023,25.200000762939453,,,,,,,True,2.081859864601623,8.0,True,,,,,,0.0,2.53627777152844,True,,False,60.14737513600694,,,,,,,,,,,,,,,,,,False,False
PLUS,rainbow_convergence,91.83000183105469,88.08894857730954,91.83000183105469,,,,,,,True,1.8828036368387628,8.0,True,,,,,,0.0,4.073889991451591,True,-27.95031055900622,True,58.14737368826389,-27.95031055900622,-18.94736842105256,46.15384615384617,12.820512820512842,50.649350649350545,-42.105263157894704,0.7575757575757569,-18.012422360248447,-11.969006112662894,-0.8352512112373311,-14.708669209793968,-4.694003060684504,-1.0406539716948715,-0.5412722675625425,-8.819987394390505,-1.9074010694399957,-14.708669209793968,True,False
QCRH,rainbow_convergence,102.56999969482422,101.03380882995624,102.56999969482422,,,,,,,True,0.9677960524370125,2.0,True,,,,,,0.0,1.4976999799537811,True,18.64406779661012,True,39.14730786600695,28.07017543859649,30.921052631578938,18.64406779661012,31.70731707317074,10.050251256281406,-5.2380952380952195,-2.777777777777801,26.315789473684227,14.059877979231029,17.929202613466867,19.918236293378634,30.068850845465445,2.816765970981683,5.224629897725674,-5.608963173845161,11.691673949345383,14.059877979231029,True,False
QRVO,rainbow_convergence,116.6500015258789,97.75535964144636,116.6500015258789,,,,,,,True,10.02877598416601,8.0,True,,,,,,0.0,16.197721077818205,False,-3.0303030303029277,False,58.14730502927083,-3.0303030303029277,306.9767441860465,,,-81.7142857142857,36.71875,374.074074074074,-18.181818181818166,-7.038393327460046,8.364135992238486,1.1460962113082562,-7.657067841397769,-18.59915666205755,-6.1921411654005665,29.27838803680607,-5.8306516353565545,-7.657067841397769,True,False
RGA,rainbow_convergence,248.72000122070312,241.46292032705693,248.72000122070312,,,,,,,False,2.755484420891191,0.0,False,,,,,,0.0,2.917771332433606,False,16.627634660421563,True,47.14730615707176,159.62962962962962,16.627634660421563,212.6696832579185,63.519313304721024,40.76305220883532,-27.930535455861083,81.3648293963255,41.1111111111111,18.53902482586176,23.46007604562739,26.597977485212752,9.78587860555653,2.2020326455189476,-2.125094197437827,6.9471308833011,10.805500982318271,9.78587860555653,True,False
RLYB,rainbow_convergence,16.875,16.49079363456435,16.875,,,,,,,False,2.033925075816072,0.0,False,,,,,,0.0,2.276778461840881,False,,False,,,,,,,,-111.11111111111111,,-100.0,0.0,11000.0,-29.096989966555185,-100.0,-4.504504504504503,4.716981132075482,0.0,-100.0,True,False
RNGR,rainbow_convergence,17.350000381469727,16.584137309210885,17.350000381469727,,,,,,,True,3.127678738577122,8.0,True,,,,,,0.0,4.414196284841611,True,-87.17948717948718,True,58.14724047335648,300.0,-41.666666666666664,-87.17948717948718,52.380952380952394,-14.285714285714302,180.00000000000003,-84.375,966.6666666666667,17.67751479289941,-0.6289308176100628,-15.751633986928104,1.8102824040550303,11.884669479606181,10.318076027928624,-8.321479374110952,3.994082840236679,-15.751633986928104,True,False
ROIV,rainbow_convergence,40.81999969482422,36.123254875515975,40.81999969482422,,,,,,,True,9.18164068672556,4.0,True,,,,,,0.0,11.505989354291367,False,-265.21739130434787,False,57.81391806684028,,,-265.21739130434787,,-176.47058823529412,,,,-33.54838709677419,-66.7107001321004,-77.83322244400088,-64.89385474860335,-42.77777777777778,26.063031515757885,27.243793761935066,-27.6036866359447,-77.83322244400088,True,False
RRBI,rainbow_convergence,103.4800033569336,100.25281722795708,103.4800033569336,,,,,,,True,2.496436631985573,7.0,True,,,,,,0.0,3.1186567687333553,True,17.88079470198676,True,46.813904891944446,17.88079470198676,19.078947368421062,26.470588235294066,28.346456692913378,-1.6574585635359185,5.232558139534893,5.521472392638027,7.947019867549665,,,,,,,,,,False,False
SAN,rainbow_convergence,14.960000038146973,14.374630647845782,14.960000038146973,,,,,,,True,2.8811605791329047,7.0,True,,,,,,0.0,3.9128969840142966,True,,False,45.813903663078705,,,,,,,,,,,,,,,,,,False,False
SCSC,rainbow_convergence,58.189998626708984,55.0396216010969,58.189998626708984,,,,,,,True,3.754998863439136,13.0,True,,,,,,0.0,5.413949303937732,True,5.405405405405417,True,53.81390305009259,40.22988505747127,5.405405405405417,7.14285714285714,28.98550724637683,56.41025641025643,4.0000000000000036,-15.73033707865169,2.298850574712641,17.25014331652901,8.788148349925585,2.543822918352845,-4.632662007787724,24.298699774384126,0.03626818627757711,3.6317177043196036,-9.009381389272297,-4.632662007787724,True,False
SD,rainbow_convergence,14.630000114440918,14.119976494597132,14.630000114440918,,,,,,,True,3.146268503068772,9.0,True,,,,,,0.0,3.486149117253619,True,-37.68115942028986,True,53.147236913530094,35.849056603773576,42.85714285714286,28.260869565217362,-37.68115942028986,43.99999999999999,-15.254237288135574,37.209302325581376,-18.867924528301895,48.03220294807564,16.836447281945354,1.0956303081620655,32.48827228266293,2.6920063483134804,26.337563451776646,-1.0597157350208386,15.322463873041613,1.0956303081620655,True,False
SFL,rainbow_convergence,13.180000305175781,12.012175521993887,13.180000305175781,,,,,,,True,5.489154334121552,10.0,True,,,,,,0.0,8.860582368296985,True,,False,58.813890357812504,,,,,,,,,,,,,,,,,,False,False
SFST,rainbow_convergence,63.119998931884766,62.34061662129192,63.119998931884766,,,,,,,True,0.9509640779920558,2.0,True,,,,,,0.0,1.2347628703763218,True,48.14814814814814,True,44.81388487506945,48.14814814814814,83.07692307692307,72.46376811594205,98.14814814814814,0.8403361344537785,0.0,11.214953271028016,32.09876543209877,10.330877577152187,9.854907873352792,7.790091264667542,7.537058152793619,5.971053757307865,-0.20455717817819963,-0.6485703177464441,5.008629168445089,7.537058152793619,True,False
SLAB,rainbow_convergence,220.3300018310547,218.77477472543032,220.3300018310547,,,,,,,True,0.5128984924721047,12.0,True,,,,,,0.0,0.7058626118547805,True,,False,52.1471890621412,,,,,,,,,18.327672483082267,20.136849094612685,25.237445037263374,23.801195949397513,6.880093676814991,2.5426740823991656,1.0713644240991416,6.8210220643522,18.327672483082267,True,False
SMBK,rainbow_convergence,52.2400016784668,50.48304113211202,52.2400016784668,,,,,,,True,2.1448577023820286,2.0,True,,,,,,0.0,3.3632474921588504,True,20.895522388059696,True,38.147188353379626,39.13043478260869,20.895522388059696,42.10526315789473,50.0,18.518518518518512,0.0,0.0,17.391304347826097,,,,,,,,,,False,False
SMTC,rainbow_convergence,167.24000549316406,139.1948499930919,167.24000549316406,,,,,,,True,11.750015172362897,7.0,True,,,,,,0.0,16.769405990732583,False,-141.97530864197532,False,72.14718993274305,22.72727272727273,-141.97530864197532,,,,,,-240.9090909090909,16.098779377080596,9.287853154462633,12.81177323131888,19.61647542958831,6.074734091842338,2.7741157226033764,3.7358882371628432,2.660393192511612,9.287853154462633,True,False
SNX,rainbow_convergence,269.2099914550781,255.3474472010078,269.2099914550781,,,,,,,True,2.231767400254018,8.0,True,,,,,,0.0,5.149342407071654,True,31.73076923076923,True,11.813856569444445,87.78280542986427,104.04040404040403,32.45614035087716,31.73076923076923,2.722772277227725,33.77483443708611,10.218978102189746,23.98190045248869,30.967485965604236,18.094852862089784,9.685196114275918,6.579713650495833,14.064373594430869,-1.2540436408245759,11.042261785949513,4.714265690238695,6.579713650495833,True,False
STNG,rainbow_convergence,84.5199966430664,78.94452257618569,84.5199966430664,,,,,,,True,5.133634126040897,10.0,True,,,,,,0.0,6.596633090777695,True,,False,46.813826477650466,,,,,,,,,,,,,,,,,,False,False
STT,rainbow_convergence,193.39999389648438,186.831011424903,193.39999389648438,,,,,,,True,2.8687466368614176,1.0,True,,,,,,0.0,3.3965784275553563,True,-0.8230452674897637,True,31.813824422824073,68.20276497695852,22.058823529411775,-0.8230452674897637,23.008849557522137,46.58634538152609,3.319502074688807,-13.309352517985594,28.110599078341014,5.9664770106104825,3.883338704479544,-0.07786949073352867,1.9400630914826467,6.8869241507677925,0.48316708229425576,-0.7272164629429034,-0.6151007227433447,-0.07786949073352867,True,False
SU,rainbow_convergence,68.83000183105469,65.38032020757672,68.83000183105469,,,,,,,True,4.530098470875337,9.0,True,,,,,,0.0,5.011886578101972,True,,False,52.14716235641204,,,,,,,,,,,,,,,,,,False,False
SUNE,rainbow_convergence,3.200000047683716,2.5350442748255597,3.200000047683716,,,,,,,True,20.006292329016922,3.0,True,,,,,,0.0,20.779867592173222,False,-99.79591122766577,False,58.81382942758102,,,-99.79591122766577,,,-101.13647125674781,,,-37.52427807971278,-43.06674765867313,76.9849851217093,29.047002843925963,13.4483961176179,-73.56051132117567,43.26377003328905,45.38630372618291,-43.06674765867313,True,False
SWKS,rainbow_convergence,88.3499984741211,69.77802887311559,88.3499984741211,,,,,,,True,12.62938996970412,8.0,True,,,,,,0.0,21.020905400972346,False,-68.57142857142857,True,52.14714599487268,-68.57142857142857,-44.18604651162791,-47.0,163.88888888888903,-8.333333333333325,-54.71698113207548,-44.21052631578948,35.714285714285744,-3.12953367875648,-0.9966428871170829,-3.0978006551240056,7.336585365853665,-0.9430963229839939,-8.856480587212667,-5.889838211234322,14.010362694300515,-3.12953367875648,True,False
SWVL,rainbow_convergence,7.114999771118164,3.1529944968272314,7.114999771118164,,,,,,,True,50.02194322574527,14.0,True,,,,,,0.0,55.68524809197963,False,,False,,,,,,,,,,,,,,,,,,,False,False
TH,rainbow_convergence,19.25,17.805580498636438,19.25,,,,,,,True,7.300459621198095,11.0,True,,,,,,0.0,7.503477929161361,True,-216.6666666666668,False,53.81378108087963,,,-216.6666666666668,-105.0,,,,,-0.6406533575317619,-1.007130909411036,18.33395015044974,35.24225177670963,-2.6252601248599294,-23.54876871405066,-19.8236012384981,66.46823956442832,-1.007130909411036,True,False
TIGO,rainbow_convergence,96.68000030517578,93.87026576192426,96.68000030517578,,,,,,,True,1.9029656476162577,7.0,True,,,,,,0.0,2.9062210740405874,True,,False,53.81375763498843,,,,,,,,,,,,,,,,,,False,False
TMP,rainbow_convergence,98.83000183105469,97.01706777501666,98.83000183105469,,,,,,,True,1.2846942073041818,1.0,True,,,,,,0.0,1.8343964610434371,True,26.923076923076916,True,40.813756777199075,36.00000000000001,32.84671532846715,383.4532374100721,26.923076923076916,12.08791208791209,-72.91666666666667,307.2727272727273,9.999999999999986,7.283871840980716,10.784513915831173,14.879540631631505,15.788948954271543,2.266171469647671,-1.7449020247020885,5.655106433867485,1.0547788928205515,7.283871840980716,True,False
TRST,rainbow_convergence,58.45000076293945,56.22152968514642,58.45000076293945,,,,,,,True,2.9307475384785877,7.0,True,,,,,,0.0,3.8126108617709478,True,21.333333333333336,True,38.14705718628472,24.0506329113924,21.333333333333336,44.06779661016955,26.470588235294112,7.692307692307687,7.058823529411762,-1.1627906976744096,8.860759493670889,,,,,,,,,,False,False
TRV,rainbow_convergence,375.20001220703125,362.8971342368221,375.20001220703125,,,,,,,True,1.7830113319911856,1.0,True,,,,,,0.0,3.2790185420944313,True,22.321428571428605,True,32.81372169113426,57.1209800918836,357.64705882352945,22.321428571428605,52.02952029520296,31.87660668380463,-29.014598540145986,33.00970873786409,26.186830015313944,0.305381313965003,0.9652836579170154,3.530979347101937,4.754704301075274,1.9204964776920574,-4.086229086229087,-0.30473135525260764,2.921756355232752,0.305381313965003,True,False
TSAT,rainbow_convergence,49.75,45.77790787917682,49.75,,,,,,,True,3.052441540842567,2.0,True,,,,,,0.0,7.984104765473724,True,,False,58.81374333652778,,,,,,,,,,,,,,,,,,False,False
TSBK,rainbow_convergence,46.470001220703125,45.32253154156893,46.470001220703125,,,,,,,True,2.237126467687403,5.0,True,,,,,,0.0,2.469269741751117,True,5.882352941176472,True,47.147051701770835,8.888888888888879,5.882352941176472,20.93023255813955,32.50000000000004,8.888888888888879,-13.461538461538458,-1.8867924528301883,17.777777777777782,,,,,,,,,,False,False
TSM,rainbow_convergence,433.239990234375,420.9837641228048,433.239990234375,,,,,,,True,2.1915040528411263,8.0,True,,,,,,0.0,2.828969252108927,True,,False,32.81371879021991,,,,,,,,,,,,,,,,,,False,False
TTE,rainbow_convergence,91.88999938964844,87.75473173906221,91.88999938964844,,,,,,,True,3.4800254698612263,8.0,True,,,,,,0.0,4.500236889817712,True,,False,47.14705487589121,,,,,,,,,,,,,,,,,,False,False
TWIN,rainbow_convergence,24.540000915527344,23.277936493631408,24.540000915527344,,,,,,,True,3.912706360372689,4.0,True,,,,,,0.0,5.1428866129234,True,20.000000000000128,False,52.813721109189814,20.000000000000128,,2114.285714285714,,-47.8260869565217,-85.16129032258064,,-140.0,18.33095430190943,19.01971886462668,0.2880306046418424,9.738398013635674,18.311374025275605,7.223331115546694,12.730636531826601,-17.255218353710255,0.2880306046418424,True,False
UFCS,rainbow_convergence,55.380001068115234,53.096167113991626,55.380001068115234,,,,,,,True,3.2482285086407896,12.0,True,,,,,,0.0,4.123932665357991,True,18.852459016393432,True,52.147047482650464,48.27586206896552,71.6417910447761,18.852459016393432,96.05263157894737,12.17391304347828,-20.68965517241381,-2.6845637583892468,71.26436781609196,14.383571852280209,11.575132506832976,9.793952127260441,9.615313161838479,3.8663714466682153,0.9939694810910726,3.3297741922727164,5.528015667430752,9.615313161838479,True,False
UMC,rainbow_convergence,22.639999389648438,20.300547450897955,22.639999389648438,,,,,,,True,7.337306462523772,5.0,True,,,,,,0.0,10.333268559274506,False,,False,45.81368918559028,,,,,,,,,,,,,,,,,,False,False
UNM,rainbow_convergence,94.41999816894531,90.93679301709267,94.41999816894531,,,,,,,True,3.4117090464885695,12.0,True,,,,,,0.0,3.6890544581669653,True,-93.35260115606935,True,52.147031829861106,-16.145833333333325,33.01886792452828,-44.50261780104717,-93.35260115606935,14.184397163120588,33.01886792452835,360.86956521739114,-88.02083333333334,0.25584577854464996,8.5263294087204,0.23172464932337267,5.0170966739198075,0.44110634239389324,3.4246786473906443,-3.975254558370822,0.5057416552626925,0.23172464932337267,True,False
UVE,rainbow_convergence,44.33000183105469,42.8091273315456,44.33000183105469,,,,,,,True,2.8890529946072165,14.0,True,,,,,,0.0,3.4308017971785105,True,30.555555555555557,False,40.14701397144676,68.59504132231406,30.555555555555557,895.652173913044,,8.510638297872353,-17.903930131004408,65.94202898550732,14.049586776859503,6.7206309775804,-0.32973127660705925,6.007395876915567,3.464549456333832,8.503804962331518,-3.520491461686681,1.7320022644464528,0.209926001084626,-0.32973127660705925,True,False
VBNK,rainbow_convergence,22.6200008392334,20.30753006413545,22.6200008392334,,,,,,,True,7.351024378425606,5.0,True,,,,,,0.0,10.223124179054276,False,,False,87.8136663250463,,,,,,,,,,,,,,,,,,False,False
VOYA,rainbow_convergence,103.41000366210938,99.44879246234267,103.41000366210938,,,,,,,True,3.3797852891664495,12.0,True,,,,,,0.0,3.8305880083999475,True,-41.56626506024096,True,52.146991337905085,-41.56626506024096,23.239436619718322,42.42424242424241,83.6734693877551,-44.57142857142857,24.113475177304956,-21.666666666666657,8.433734939759052,-1.8484288354898348,-3.3457249070631967,7.664884135472372,5.535055350553497,2.115384615384608,-13.907284768211925,5.594405594405605,5.73012939001849,-3.3457249070631967,True,False
WASH,rainbow_convergence,39.9900016784668,38.81836694377556,39.9900016784668,,,,,,,True,2.4254324686999205,2.0,True,,,,,,0.0,2.9298191685801367,True,-12.49999999999999,False,37.14695110780092,22.058823529411754,4.761904761904767,,-12.49999999999999,25.757575757575736,-21.42857142857141,49.99999999999996,-17.647058823529406,-2.7379857186664913,-10.928033176553885,-2.311856490818387,-6.363445441180882,0.8482756271221081,-4.314803546592493,-1.706717932286661,2.543041135497437,-10.928033176553885,True,False
WCC,rainbow_convergence,356.32000732421875,346.0922179012958,356.32000732421875,,,,,,,True,1.2898257323409341,3.0,True,,,,,,0.0,2.8703943681772017,True,-0.5249343832021025,True,46.81361371577547,10.44386422976502,48.09523809523808,10.6312292358804,-0.5249343832021025,36.01286173633442,-6.606606606606613,-12.137203166226907,-1.0443864229765065,12.975455963116133,13.7807137376724,10.342382311762455,12.928553211644257,9.621552277100708,0.19115102578890486,-2.106757432530526,5.076615363753478,10.342382311762455,True,False
WSBF,rainbow_convergence,21.3700008392334,20.77824449572361,21.3700008392334,,,,,,,True,2.5068697525097954,7.0,True,,,,,,0.0,2.769098363456207,True,13.953488372093027,True,40.14694173052084,13.953488372093027,100.0,53.571428571428534,73.07692307692308,44.11764705882351,-20.930232558139515,-4.444444444444462,4.651162790697683,,,,,,,,,,False,False
WTBA,rainbow_convergence,29.3700008392334,28.173325701804213,29.3700008392334,,,,,,,True,3.1783670803929103,6.0,True,,,,,,0.0,4.074481114180385,True,7.317073170731714,True,46.81361223862269,36.170212765957466,32.6086956521739,7.317073170731714,57.14285714285716,4.918032786885251,38.63636363636365,-20.000000000000018,17.021276595744705,,,,,,,,,,False,False
WTI,rainbow_convergence,4.110000133514404,3.737326732192034,4.110000133514404,,,,,,,True,7.525093579076342,8.0,True,,,,,,0.0,9.067479056349868,True,,False,54.146938080625,,,,,,,,,32.894489527405256,15.517413969676674,1.1367318957995698,5.061299146425857,8.398936134756262,23.256348952042917,-4.550052934948834,4.207016597612112,1.1367318957995698,True,False
WTTR,rainbow_convergence,20.639999389648438,19.85538447946031,20.639999389648438,,,,,,,True,2.788681554900821,6.0,True,,,,,,0.0,3.801428940844039,True,,False,52.14694634288195,,,,,,,,,8.673997501475771,-2.250630368819184,-0.7291281689858375,-13.223679072785977,8.15640046125512,5.614974805340234,7.5281697352618915,-11.52396249468034,-13.223679072785977,True,False
XOM,rainbow_convergence,165.99000549316406,157.9228732417325,165.99000549316406,,,,,,,True,3.722639442582185,3.0,True,,,,,,0.0,4.860010834666661,True,,False,47.81359215461805,,,,,112.19512195121952,,,,,,,,42.34166809805413,,,,,False,False
ZD,rainbow_convergence,56.220001220703125,54.22103539041067,56.220001220703125,,,,,,,True,2.7523652688306326,1.0,True,,,,,,0.0,3.5556132815527803,True,-97.38562091503267,False,54.14691272424769,2623.809523809524,3.5087719298245723,-97.38562091503267,,2808.4745762711864,1374.9999999999986,,-114.28571428571428,-2.7357252131084198,-1.896882880769457,25.94695547486452,2.8652638723909662,7.13530438161567,-48.52443945239625,42.95360877179959,23.374253314925554,-2.7357252131084198,True,False
AAOI,vcp,116.9000015258789,102.98999786376953,105.36000061035156,3.0,24%->18%->12%,23.64642720455381,11.899062002176302,0.6396847125141835,14.0,False,,,,,,,,,-9.871685855344202,2.2494331177416296,False,,False,54.14847558569444,,,,,,,,,86.41891366850571,51.35741395367468,33.91110091651623,82.08469555340669,26.979569152596206,12.563861953915122,13.187220770462794,15.228455979485588,33.91110091651623,True,False
ABBV,vcp,266.9700012207031,246.77000427246094,257.1199951171875,2.0,10%->8%,9.821663795030315,7.566392049997754,0.6741745065486073,31.0,False,,,,,,,,,-3.6895554026583914,4.025354325325555,False,-88.63636363636364,False,46.81514199446759,290.38461538461536,-45.83333333333333,,-88.63636363636364,420.51282051282044,-61.764705882352935,919.9999999999998,-80.76923076923077,7.313606409096773,17.741243745532522,19.210829493087566,21.352095442031207,0.8377853326857698,-0.5073689296931638,4.335770103352665,2.51970538829307,7.313606409096773,True,False
ACDC,vcp,5.679999828338623,5.135000228881836,5.210000038146973,2.0,13%->10%,13.259056540753328,9.5950636607008,0.5764684941260235,10.0,False,,,,,,,,,-8.274644443591884,1.4395356759308529,False,,False,57.81513942018519,,,,,,,,,-0.7571229328551476,-25.104114609361982,-4.002639102705086,-29.932209282113675,10.787366548042709,3.001145475372269,8.285785164971472,-19.685196254233915,-29.932209282113675,True,False
ACLS,vcp,120.95999908447266,111.01000213623047,113.43000030517578,2.0,26%->8%,25.96430679068491,8.22585732767209,0.7732318426895021,18.0,False,,,,,,,,,-6.225197450636789,2.133472769491731,False,-65.90909090909092,True,51.81514268328704,-23.469387755102044,-65.90909090909092,-27.922077922077936,-44.29530201342282,150.0,-72.97297297297297,33.734939759036145,-15.306122448979597,10.604798914384418,3.3199524311523954,-5.58084439637584,-16.74163171762212,8.152053720420604,-16.52079050056644,11.571969608306688,9.800867670038649,-16.74163171762212,True,False
AEIS,vcp,294.6499938964844,273.0199890136719,287.25,3.0,23%->14%->7%,22.88622344531584,7.340914756784789,0.7438126685044378,18.0,False,,,,,,,,,-2.5114522483527084,4.953876757642515,False,1.538461538461533,False,52.14847585134259,91.04477611940298,143.0769230769231,1.538461538461533,,-18.9873417721519,19.696969696969724,9.999999999999986,79.10447761194028,30.0339750849377,26.29757785467128,17.802244356612952,23.8107963655799,12.348336594911945,4.413567633837356,5.633498812864235,4.937712344280865,17.802244356612952,True,False
AIP,vcp,23.625,21.804000854492188,22.690000534057617,2.0,31%->8%,31.06185374228024,7.707932891038361,0.730012437699652,21.0,False,,,,,,,,,-3.9576696971106147,3.904802374224483,False,,False,52.148454224652774,,,,,,,,,46.248939522482125,38.736994918945065,30.008393053134476,18.317134506898668,5.223229856993372,13.89978646273029,15.676700367647056,5.490243606835543,18.317134506898668,True,False
ALTO,vcp,4.230000019073486,3.890000104904175,3.9000000953674316,2.0,13%->8%,12.500004063952966,8.03782299376403,0.6587169392287502,14.0,False,,,,,,,,,-7.801416600899588,0.25641000560833843,False,,False,53.148425984236106,,,,,199.99999999999994,-82.14285714285714,47.36842105263159,,128.34768804274427,49.25046525372814,40.56885804011807,-29.75876995799669,26.16083467514956,2.4977357351313234,36.288825696965255,29.567937068322102,-29.75876995799669,True,False
AMD,vcp,491.1199951171875,440.5,516.1300048828125,2.0,13%->10%,12.824969308405048,10.30705237425915,0.7984930363484607,18.0,True,,,,,,,,,5.092443804829672,14.65328583250732,False,59.5744680851064,True,52.14842460695601,155.55555555555554,90.90909090909089,206.6666666666666,59.5744680851064,64.28571428571428,-8.695652173913038,22.666666666666657,38.888888888888886,50.11060507482108,37.84619521376713,34.10812222512405,35.5917289925209,12.513410709060757,-0.16553067185978154,11.075059485182791,20.31229668184775,34.10812222512405,True,True
AMG,vcp,392.9093803655376,350.760009765625,355.6099853515625,2.0,14%->11%,14.275637847373263,10.727504281190619,0.8012920804710028,41.0,False,,,,,,,,,-9.493129173773891,1.3638468506846695,False,74.54545454545452,True,50.8150899272801,148.21428571428572,74.54545454545452,119.59595959595947,81.74603174603176,80.98958333333334,-64.67341306347745,58.22416302765643,145.35714285714286,29.90673154906731,9.72613773660893,6.160595079153164,2.2463206816421444,17.581207561020374,-2.1020481494789744,5.41666666666667,7.055961070559613,2.2463206816421444,True,False
AMLX,vcp,35.474998474121094,31.3700008392334,31.6200008392334,2.0,20%->12%,19.834710667169606,11.57152307668816,0.5322946526159493,14.0,False,,,,,,,,,-10.86680141142192,0.7906388151951138,False,,False,53.81509033291666,,,,,,,,,,-100.0,,-100.0,,,,,-100.0,False,False
ANDE,vcp,71.19999694824219,63.369998931884766,70.97000122070312,2.0,18%->11%,17.517775700530823,10.997188696580038,0.8234311620138391,27.0,False,,,,,,,,,-0.32302772106332334,10.708753216987846,False,-78.0952380952381,True,52.14841544116898,16400.0,-25.954198473282418,-26.250000000000007,-78.0952380952381,70.10309278350515,64.40677966101696,156.52173913043475,2200.0,3.604358447284528,1.7215562847384902,-3.4684260682986134,23.992535137341807,46.52457393246119,14.999348920874201,10.941227062293812,-44.57838055232818,-3.4684260682986134,True,False
ARCB,vcp,142.6699981689453,130.8000030517578,134.86000061035156,2.0,12%->8%,11.716807383532995,8.319895752105797,0.8090516354659535,20.0,False,,,,,,,,,-5.4741695232556165,3.0105276139840926,False,-155.35714285714283,True,52.815063910590275,-155.35714285714283,-138.46153846153845,-128.92561983471077,-59.33806146572105,,,-120.34883720930235,53.571428571428555,15.874399367673075,3.2788495642022353,-2.8909443964678094,-1.409713260165324,18.597277094392584,2.683080288849049,-7.198391050024943,2.5317532985866587,-2.8909443964678094,True,False
ARCO,vcp,8.34000015258789,7.699999809265137,8.010000228881836,2.0,9%->8%,9.112426015468484,7.673864887450424,0.6243059339550844,20.0,False,,,,,,,,,-3.9568335451847223,3.8701674252008607,False,,False,66.81506669118055,,,,,,,,,,,,,,,,,,False,False
AROW,vcp,40.803119951084696,36.95000076293945,39.150001525878906,2.0,12%->9%,12.154575303603046,9.443197463244015,0.7864359799713878,40.0,False,,,,,,,,,-4.05145103410614,5.619414245706249,False,1.538461538461533,True,46.815063355798614,1.538461538461533,115.78947368421053,214.81481481481475,45.28301886792452,-19.512195121951216,-3.52941176470587,10.389610389610372,18.461538461538463,,,,,,,,,,False,False
ARW,vcp,221.0399932861328,199.94000244140625,228.1999969482422,2.0,16%->10%,15.621610100557042,9.545779716620311,0.7229800208617508,26.0,True,,,,,,,,,3.2392344732117606,12.383871553357451,False,11.170212765957444,True,46.81504196493055,46.518105849582184,201.3245033112583,100.0,11.170212765957444,15.604395604395593,21.657754010695186,78.94736842105266,-41.78272980501393,31.824628852945814,39.03029593263416,20.095808291146476,13.032103584780375,5.475129275747581,8.313311831227143,13.405296646072928,1.7492734447879466,13.032103584780375,True,False
ASYS,vcp,16.079999923706055,13.84000015258789,14.90999984741211,2.0,23%->14%,23.314605597789875,13.930346901406562,0.5195867110257252,18.0,False,,,,,,,,,-7.27611991197254,7.17638971009068,False,-50.0,False,88.14836548666668,900.0,,-50.0,,25.0,700.0,-87.50000000000001,700.0000000000007,14.450069028992175,31.373555840821577,-22.193971703916336,-17.70902455209025,9.356068008598783,7.879618405101985,-4.379598830763031,1.4572787237306262,-22.193971703916336,True,False
ATEN,vcp,27.219999313354492,24.09000015258789,24.739999771118164,2.0,15%->11%,14.75467016719612,11.498895076132431,0.7246130897920028,23.0,False,,,,,,,,,-9.110946380588656,2.6273226537742027,False,-45.83333333333337,True,52.148361419803244,-14.285714285714302,30.76923076923077,-45.83333333333337,0.0,-29.41176470588236,30.76923076923088,-23.529411764705955,21.42857142857142,15.499473934537278,13.400970712309302,8.289310549296536,11.931775602883654,6.8493333333333295,-6.664177711405639,7.596207921587528,7.6373174985227,8.289310549296536,True,False
AVBH,vcp,34.04999923706055,31.1200008392334,31.56999969482422,2.0,12%->9%,11.702750041796492,8.604988145309832,0.47787556533431125,49.0,False,,,,,,,,,-7.283405573580919,1.425400253217601,False,-995.6521739130435,True,40.14836077331018,-5.333333333333334,18.309859154929576,-46.753246753246735,-995.6521739130435,-15.476190476190476,104.87804878048772,,-649.3333333333334,,,,,13.213386942813333,,,,,False,False
AWR,vcp,89.5570031331955,82.68940458916443,86.4800033569336,2.0,9%->8%,9.04725651475876,7.668410402050961,0.7842970195193465,97.0,False,,,,,,,,,-3.435800293233985,4.383208395730542,False,-1.3333333333333086,True,53.148363614270835,25.287356321839095,8.571428571428585,-1.3333333333333086,11.578947368421066,43.42105263157896,2.702702702702675,-30.188679245283,21.839080459770123,11.175842910232658,14.308202657874647,14.801045437392556,12.939634817223178,7.151089596964377,2.9906621702236347,-10.091070294883863,12.050335446996918,11.175842910232658,True,False
AYA,vcp,30.399999618530273,27.649999618530273,27.969999313354492,2.0,15%->9%,14.748674332770149,9.04605274509195,0.6577284429435956,10.0,False,,,,,,,,,-7.9934221568035095,1.1440818830175388,False,,False,60.148368434398144,,,,,,,,,,,,,,,,,,False,False
BCAX,vcp,24.350000381469727,22.260000228881836,22.809999465942383,3.0,15%->10%->9%,14.87940673603329,8.5831627098387,0.781219917738689,16.0,False,,,,,,,,,-6.324438979061699,2.411219859438186,False,-101.88732394366198,False,58.81500249491898,,,-101.88732394366198,,,,,,,,,,,,,,,False,False
BDSX,vcp,27.899999618530273,25.600000381469727,26.96500015258789,2.0,23%->8%,23.123602346252074,8.243724976730688,0.4599867285998673,11.0,False,,,,,,,,,-3.35125261192257,5.0621166823437305,False,-133.33333333333331,False,52.1483252290162,,,-133.33333333333331,,,,,,34.18423418922969,42.30426550840851,40.75578834010476,19.927276734064247,5.110545881432205,-11.128499391410184,32.097574421168694,8.742132081126996,19.927276734064247,True,False
BFH,vcp,114.28087504517413,100.7699966430664,106.37000274658203,2.0,17%->12%,17.086710585955725,11.822519206968796,0.6079775253687244,51.0,False,,,,,,,,,-6.922306374942442,5.264647888425075,False,20.74829931972788,True,39.81499049074074,20.74829931972788,49.280575539568375,1412.4999999999995,7819.999999999999,-14.457831325301218,242.97520661157,-69.44444444444441,34.6938775510204,697.0246734397679,724.7145187601957,546.4477611940299,-34.02523402523403,8.624270596380178,-6.621721462874031,567.9827267119063,17.634252539912907,-34.02523402523403,True,False
BFLY,vcp,7.795000076293945,7.059999942779541,7.329999923706055,2.0,21%->9%,21.35076742730675,9.429122852091783,0.8254572544620727,10.0,False,,,,,,,,,-5.965364310925963,3.6834922747175343,False,,False,47.814989580625,,,,,,,,,39.468844887311306,24.994110718492337,40.98514674302076,4.513399153737652,22.924990576705607,-15.812521816393232,46.647121783237935,-8.099901637942096,4.513399153737652,True,False
BKD,vcp,13.319999694824219,11.59000015258789,12.140000343322754,2.0,17%->13%,16.72263712142285,12.987984848892737,0.544174333714692,25.0,False,,,,,,,,,-8.858854193217285,4.530479202476913,False,,False,54.14829928811343,,,,,,,,,-11.607318585290006,-6.021644893987199,-3.4387692906569955,3.6979367915252803,-6.0498969740709345,1.4272775373859625,-7.264454323538272,0.027185144364194613,-11.607318585290006,True,False
BKH,vcp,76.01381782291242,69.85267149902351,71.30000305175781,2.0,13%->8%,13.441148769329,8.105297826564081,0.7078580751711462,103.0,False,,,,,,,,,-6.201260384179446,2.02991793939147,False,-7.4866310160427885,True,53.14830254013889,31.578947368421062,-7.4866310160427885,2.2058823529411686,-2.857142857142847,-71.09826589595376,24.460431654676285,308.8235294117646,-10.526315789473683,1.1246270369520417,-4.797601199400303,6.426251922748238,7.225288509784256,-42.178477690288716,22.37032278785933,45.694899391670575,-1.9049804911636437,-4.797601199400303,True,False
BLZE,vcp,14.1899995803833,12.149999618530273,12.399999618530273,2.0,35%->14%,34.59787553976422,14.37632150936204,0.6362720999536738,17.0,False,,,,,,,,,-12.614517369877722,2.0161290942816303,False,,False,54.14830601972223,,,,,,,,,17.673150035814643,11.709473319273101,11.768188006866742,14.032342201356297,10.466559768271866,2.393940998887767,1.6145524998654626,2.380296435065299,11.709473319273101,True,False
BNY,vcp,163.1207417987554,151.67999267578125,162.66000366210938,3.0,12%->9%->7%,12.371848836642856,7.013669136625668,0.7460211646678858,147.0,False,,,,,,,,,-0.28245220783415065,6.75028325287432,False,25.333333333333318,True,32.814964302141206,26.943005181347157,41.77215189873418,30.519480519480567,25.333333333333318,9.375,11.442786069651723,6.914893617021312,-2.590673575129532,,,,,1.9486474094452033,,,,,False,False
BPOP,vcp,178.26144933737996,162.07000732421875,163.7100067138672,2.0,16%->9%,16.154306766705513,9.082974514875099,0.8157278814249668,146.0,False,,,,,,,,,-8.162977849446584,1.0017710111727216,False,39.84063745019923,True,39.814963106875,40.77669902912622,47.65625,39.84063745019923,45.370370370370374,15.07936507936507,7.692307692307643,11.783439490445913,1.6181229773462924,,,,,3.1305828553258586,2.6266043927379634,,,,False,False
BTE,vcp,4.900000095367432,4.510000228881836,5.03000020980835,2.0,12%->8%,12.446350701666924,7.959180793778151,0.6714244298769785,29.0,True,,,,,,,,,2.653063508382846,10.337971356592178,False,,False,54.14827328724537,,,,,,,,,,,,,,,,,,False,False
BTU,vcp,30.06999969482422,27.90999984741211,28.209999084472656,3.0,18%->10%->7%,18.222586198757746,7.183238674205568,0.5651856469381646,35.0,False,,,,,,,,,-6.1855691028547435,1.0634500063690977,False,-200.0,False,46.81492567047454,,-200.0,-56.00000000000011,-178.3783783783784,,-345.4545454545456,,,12.706437478934962,3.874066168623269,-8.975158044697707,-6.976102941176466,3.072023014486791,-4.79311356744595,1.007805552810992,13.706325132007645,-8.975158044697707,True,False
BTX,vcp,8.455246875577782,7.600277283602021,8.869999885559082,2.0,12%->10%,12.499807464595385,10.11170465578318,0.5831427920972404,45.0,True,,,,,,,,,4.905273803172762,14.314798402920491,False,,False,,,,,,,,,,,,,,,,,,,False,False
BW,vcp,7.920000076293945,7.150000095367432,7.940000057220459,2.0,13%->10%,13.461540577679646,9.722221887740492,0.5988444888631859,8.0,True,,,,,,,,,0.2525250092658129,9.949621614103378,True,,False,52.14825099211806,,,,,,-645.4545454545449,-63.3333333333333,,130.25004321023218,44.29130943888882,-39.27269076305221,-2.371733134160159,49.11153189623811,41.79788507449855,1.4764010710618614,7.313331796969513,-39.27269076305221,True,False
BWB,vcp,22.6200008392334,20.81999969482422,21.389999389648438,2.0,12%->8%,12.350601578936791,7.957564445741119,0.7472872222632317,40.0,False,,,,,,,,,-5.437671989169768,2.6647952832577766,False,18.421052631578938,True,38.1482504809838,18.421052631578938,87.09677419354837,61.5384615384615,40.74074074074075,-22.413793103448263,38.095238095238116,10.526315789473673,0.0,,,,,,,,,,False,False
BWMX,vcp,17.475358920304394,15.152000427246094,15.539999961853027,2.0,18%->13%,18.20349711504087,13.295054503051269,0.7540751471253961,43.0,False,,,,,,,,,-11.074788033124165,2.4967795081041144,False,,False,40.14825191981481,,,,,,,,,,,,,,,,,,False,False
C,vcp,140.8800048828125,129.61000061035156,138.82000732421875,2.0,14%->8%,14.314680074998243,7.999718825844454,0.6111194252645281,58.0,False,,,,,,,,,-1.4622355814846169,6.6344951937345105,False,-9.022556390977455,True,30.81491990175926,-9.022556390977455,23.178807947019877,28.947368421052634,24.0506329113924,-34.946236559139784,-5.102040816326525,0.0,47.36842105263157,2.8964663474667196,3.732462719491747,2.6919438047805277,-3.4539387480563954,-3.844845185437229,2.178107671180496,4.09865730520067,0.606237142493038,-3.4539387480563954,True,False
CBK,vcp,35.779998779296875,33.191001892089844,33.869998931884766,3.0,12%->9%->7%,11.811292239613525,7.2358775168686815,0.8329775979509642,152.0,False,,,,,,,,,-5.33817750859533,2.0047152678110156,False,-2.777777777777779,False,44.14824294959491,1.3698630136986356,-2.777777777777779,-1.3513513513512931,,5.714285714285716,-4.109589041095951,-5.1948051948051415,5.47945205479452,,,,,,,,,,False,False
CCJ,vcp,104.12000274658203,96.37000274658203,96.68000030517578,2.0,15%->7%,15.106686691604128,7.443334417559272,0.651305952343079,11.0,False,,,,,,,,,-7.145603385657311,0.3206429019603077,False,,False,47.814895214664354,,,,,,,,,,,,,,,,,,False,False
CDE,vcp,22.15999984741211,19.920000076293945,20.579999923706055,2.0,12%->10%,11.98218459973632,10.108302285840294,0.7459621244585238,9.0,False,,,,,,,,,-7.129963603725252,3.206996354999288,False,9.090909090909083,True,46.14821491091435,9.090909090909083,483.3333333333333,236.36363636363637,241.66666666666666,-65.71428571428571,-5.405405405405405,-9.756097560975608,272.7272727272727,125.85914906896912,137.7901583616155,120.9396812509003,76.90891806709286,26.79305576319331,26.87201691642698,21.6889933948468,15.378549880370329,76.90891806709286,True,False
CENX,vcp,49.77000045776367,43.279998779296875,44.04999923706055,2.0,27%->13%,26.984694994863034,13.03998717857037,0.5940159523718658,22.0,False,,,,,,,,,-11.492869536051725,1.7480146903517946,False,-94.82758620689656,False,54.14821791543981,,1013.7931034482759,-94.82758620689656,-67.3913043478261,-26.006191950464398,10666.666666666657,-79.99999999999999,,19.74207928673779,2.4136299100804504,0.4438104295450884,17.269523279539968,15.85027726432533,2.4459523433801422,0.23726668775703175,0.6527622989969784,0.4438104295450884,True,False
CEVA,vcp,28.690000534057617,25.25,29.010000228881836,2.0,22%->12%,21.936051532970822,11.990242140198033,0.5873142410203959,18.0,True,,,,,,,,,1.1153701250174264,12.96104860122837,False,-600.0,False,57.81485679706019,,-55.555555555555515,,-600.0,-362.4999999999998,,,,35.58585905758185,54.47582028123927,6.795874230577281,17.83718104495746,7.434132622853751,5.241841264896019,5.910497009692728,13.225610610376881,6.795874230577281,True,False
CFR,vcp,169.7119796060328,157.63999938964844,162.9199981689453,3.0,13%->9%->7%,13.036752045982421,7.113216311781938,0.7508405200898758,145.0,False,,,,,,,,,-4.002063645038084,3.2408536942294863,False,8.474576271186486,True,46.814850668287036,12.970711297071125,15.217391304347828,8.474576271186486,19.19642857142856,1.8867924528301883,3.515624999999978,-4.119850187265895,11.715481171548102,-0.3436807271010256,-0.5888506170385388,2.756115952542304,2.513330532702085,3.08396325992748,-5.542886425246197,-0.8622581709628707,3.2381094232533547,-0.5888506170385388,True,False
CGNX,vcp,63.349998474121094,58.58000183105469,64.22000122070312,3.0,17%->13%->8%,16.850064717699908,7.529592356683295,0.4352746795222965,26.0,True,,,,,,,,,1.373327178433056,8.78230968925959,True,-41.17647058823529,True,46.14818299363426,79.16666666666667,121.4285714285714,17.64705882352946,-41.17647058823529,38.709677419354826,54.999999999999936,100.00000000000004,-58.33333333333333,16.92941993552608,24.255679608954072,9.863116281499806,17.955883480587186,8.503298725585529,6.379934849289448,-8.867717377172324,11.160088802174295,9.863116281499806,True,False
CHI,vcp,13.394004214654561,12.319999694824219,12.359999656677246,2.0,11%->8%,10.693500831356687,8.01854697533438,0.6872158594159818,57.0,False,,,,,,,,,-7.719906171494234,0.32362429582607755,False,,False,,,,,,,,,,,,,,,,,,,False,False
CHY,vcp,13.539999961853027,12.510000228881836,12.5600004196167,2.0,12%->8%,12.226817762257658,7.607088152681427,0.6146036972253661,44.0,False,,,,,,,,,-7.23781052435254,0.3980906772643975,False,,False,,,,,,,,,,,,,,,,,,,False,False
CLDT,vcp,13.890000343322754,12.529999732971191,12.899999618530273,2.0,12%->10%,12.17579625449225,9.791220854831343,0.6514018421736494,32.0,False,,,,,,,,,-7.127434847533297,2.8682162519415404,False,-40.0,False,52.81484900516203,85.7142857142857,,,-40.0,,-360.0,66.66666666666667,-57.14285714285715,3.91820470959352,0.5026458076342166,2.37108764619538,1.2260774395835172,-13.841953726326894,0.8071323673955577,26.351854828105136,-5.305902210907886,0.5026458076342166,True,False
CLMT,vcp,51.5,45.72999954223633,56.79999923706055,2.0,14%->11%,14.368070424558057,11.20388438400713,0.6228819237424574,28.0,True,,,,,,,,,10.291260654486498,19.489436344219747,False,,False,54.81484902414352,,,,,,,-111.91135734072022,,40.76563413208649,3.601972029379219,9.383886255924168,-2.035623409669207,40.34184713994367,-0.8569227806662805,-3.6549165120593696,5.006818624586007,-2.035623409669207,True,False
CMBT,vcp,16.020000457763672,14.829999923706055,19.479999542236328,2.0,14%->7%,13.534531912661235,7.428217853020815,0.5840117109397315,56.0,True,,,,,,,,,21.597996164824444,23.87063515298444,False,,False,74.81483617560185,,,,,,,,,,,,,,,,,,False,False
CMP,vcp,26.34000015258789,24.459999084472656,24.799999237060547,4.0,24%->12%->9%->7%,24.41898288305961,7.137437574883709,0.32630100846772475,26.0,False,,,,,,,,,-5.846624550516715,1.37096839938528,False,,False,86.14815233054398,,,,,-143.33333333333334,-30.23255813953488,,,0.32618825722274813,-8.370400323493731,28.938802083333325,8.955938697318011,-52.49338040600177,14.415551628376665,74.1098901098901,6.0111835973905015,-8.370400323493731,True,False
COGT,vcp,37.665000915527344,33.06999969482422,33.40999984741211,2.0,20%->12%,19.543672877440518,12.199657796394323,0.8195516895020167,27.0,False,,,,,,,,,-11.29696260371287,1.017659844779157,False,,False,51.814814161863424,,,,,,,,,-100.0,-69.41176470588235,-83.17399617590821,130.29806747461512,-100.0,-40.90909090909091,-92.49039965865452,-54.00968079539508,-100.0,True,False
CON,vcp,35.83495432698202,33.31999969482422,34.95000076293945,2.0,8%->7%,8.323188023870019,7.018160562476735,0.7649576744928924,31.0,False,,,,,,,,,-2.469526139108933,4.6638083906529335,False,2.7027027027026973,True,54.14815185954861,45.71428571428573,30.000000000000004,124.99999999999983,2.7027027027026973,30.76923076923077,44.44444444444444,-28.947368421052634,8.571428571428585,10.030229581415618,13.739935137553116,15.920961807668576,16.98438438193115,6.404122516701638,5.653149810788749,-5.886871508379887,3.997022431620323,10.030229581415618,True,False
COP,vcp,121.56915137739175,112.45990685309664,137.35000610351562,2.0,15%->7%,15.49538632995845,7.493055944774126,0.7408579287940267,63.0,True,,,,,,,,,12.980969717502402,18.12165864168964,False,-38.54166666666667,True,53.81481575592592,107.05128205128203,-20.17937219730942,-38.54166666666667,-21.590909090909093,81.46067415730336,50.847457627118686,-14.492753623188415,-11.538461538461553,43.31669439822519,-6.7615166793286825,-10.67618449952934,13.962231906348798,33.98518518518519,18.556248353385428,-14.620979230711551,5.673084541636952,-10.67618449952934,True,False
CPIX,vcp,6.900000095367432,6.239999771118164,6.389999866485596,2.0,31%->10%,31.441044602390683,9.565221958364653,0.27655579399141633,9.0,False,,,,,,,,,-7.391307562796171,2.3474193818712776,False,-375.0,False,52.14815036266204,,-375.0,,,,,,,-18.787983755826943,-22.041542535230985,31.077193778317213,-8.732986962330113,-3.614768822503922,-33.24402384416416,64.95482228103404,-23.48358175323646,-22.041542535230985,True,False
CRGY,vcp,14.119999885559082,13.071000099182129,14.65999984741211,3.0,24%->12%->7%,23.83333369972054,7.429177017556456,0.6779664207552035,63.0,True,,,,,,,,,3.8243623670656,10.839016130757207,False,,False,51.14814254333333,,,,,,,,,55.343029879184805,24.485882556000394,-1.1700135612352058,16.339004986078187,17.933599925602152,36.735764951771465,-0.1766717171775456,-3.497170881854106,-1.1700135612352058,True,False
CSTM,vcp,28.100000381469727,25.889999389648438,26.170000076293945,2.0,17%->8%,16.52032495514164,7.864772106119447,0.8296122009683093,21.0,False,,,,,,,,,-6.8683283949294935,1.0699300184532519,False,-50.98039215686274,False,45.81479167390046,446.1538461538461,,1139.9999999999998,-50.98039215686274,79.74683544303795,27.419354838709676,148.0,-3.8461538461538547,24.355735219807983,27.89076118535736,20.199778024417302,8.850931677018625,11.812812358019077,1.6158818097876226,2.9957203994293913,6.265790803436078,8.850931677018625,True,False
CSX,vcp,53.453661916968564,47.83000183105469,48.95000076293945,2.0,13%->11%,12.618219971003281,10.520626434629126,0.8161910644997972,134.0,False,,,,,,,,,-8.42535570532998,2.2880468119067494,False,-19.56521739130436,True,40.14812296478009,22.72727272727273,26.470588235294112,0.0,-19.56521739130436,25.581395348837212,10.25641025641022,5.405405405405439,-15.909090909090907,10.10072747621713,1.7236342389716608,-0.87595365922577,-0.8842221608179046,13.009764503159094,-0.7411630558722959,-2.2023975466963996,0.36373810856182853,-0.8842221608179046,True,False
CURR,vcp,3.799999952316284,3.319999933242798,3.380000114440918,2.0,42%->13%,41.73228183854894,12.631579607807705,0.03868494861566455,5.0,False,,,,,,,,,-11.052627451201834,1.7751532297816113,False,,False,53.81478583456018,,,,,,,,,,,,,-10.69429282230564,-14.075012879534176,2.885994139541892,,,False,False
CVGI,vcp,3.309999942779541,3.0,3.1700000762939453,3.0,37%->13%->9%,37.090166777700674,9.365557345575708,0.27073076993466444,27.0,False,,,,,,,,,-4.229603290205261,5.36277830291704,False,-116.66666666666667,False,58.14808758805555,-116.66666666666667,-65.38461538461539,,100.0,-155.55555555555557,-86.95652173913044,213.63636363636363,-26.66666666666666,13.53951010723673,1.0012073382608344,-5.22377091345565,-11.225927392124447,13.84471850491269,10.812085654101145,1.4905993219183067,-11.32091930493847,-11.225927392124447,True,False
DAR,vcp,68.58999633789062,63.689998626708984,65.11000061035156,2.0,16%->7%,15.747361737399915,7.143895571947674,0.4979892828077213,15.0,False,,,,,,,,,-5.0736199348893045,2.1809276153144714,False,-44.44444444444443,False,46.814753457731484,2912.5,,-44.44444444444443,9.090909090909083,190.36144578313255,137.1428571428571,191.66666666666669,50.0,16.372396420428224,12.329982601691736,20.604319835112396,9.991975474913328,11.17195343627666,-9.298051993245993,9.324563321709034,5.565102820215473,9.991975474913328,True,False
DAVE,vcp,394.989990234375,345.6099853515625,350.7099914550781,2.0,15%->13%,14.865977493758054,12.501583863811819,0.6379878971255672,9.0,False,,,,,,,,,-11.210410358252997,1.4541946986899221,False,-20.967741935483875,True,53.14809015237268,-20.967741935483875,104.06091370558373,322.01834862385306,21033.333333333336,-87.81094527363183,-12.608695652173918,-27.444794952681395,922.5806451612904,29.627268380427594,46.708156215560436,62.35719952399841,62.96532560628832,7.814334591639627,-3.2414900959559234,8.622325427102329,14.396199063427373,29.627268380427594,True,False
DDD,vcp,3.5299999713897705,3.259999990463257,3.319999933242798,2.0,10%->8%,10.306403743875748,7.6487247341312,0.4440981614332197,7.0,False,,,,,,,,,-5.9490096274503665,1.8072272284938358,False,-115.78947368421053,False,52.14807298576389,-115.78947368421053,,,,,-174.99999999999983,,-124.56140350877195,-0.27309728168033454,1.055637825259148,-4.277453523562469,-19.20577297680184,-1.003789068224159,-10.103034580098802,16.467029775668784,-3.784348046141839,-19.20577297680184,True,False
DGP,vcp,170.6999969482422,154.8800048828125,156.77999877929688,2.0,14%->9%,14.017044414173474,9.267716665646136,0.8267538310136371,13.0,False,,,,,,,,,-8.154656366611409,1.2118853879818203,False,,False,,,,,,,,,,,,,,,,,,,False,False
DGXX,vcp,4.079999923706055,3.609999895095825,3.809999942779541,2.0,22%->12%,21.779861145465595,11.519608759779253,0.7886283524904215,10.0,False,,,,,,,,,-6.617646715082779,5.249345162399349,False,,False,60.814743881828704,,,,,,,,,,,,,-2.3962701944504117,-16.27458515128798,-12.55996413336069,,,False,False
DINO,vcp,98.38999938964844,91.37999725341797,107.83999633789062,2.0,15%->7%,14.561664743768898,7.124710010891603,0.5983510175682728,32.0,True,,,,,,,,,9.604631575225334,15.263352785082834,False,348.18181818181813,False,46.814731653043985,348.18181818181813,,,,38.48314606741572,,-106.9767441860465,95.45454545454544,53.15448113207548,11.821036106750382,-0.5538461538461492,0.6105175523796413,45.86550610697739,10.194925742574256,-10.853675355123427,6.883844339622636,-0.5538461538461492,True,False
DIOD,vcp,93.76000213623047,87.0999984741211,95.01000213623047,2.0,22%->7%,22.105171040201522,7.103246064811933,0.5267765310892941,18.0,True,,,,,,,,,1.3331910959044002,8.325443094683425,True,1.0101010101010166,False,54.148061532187505,1.0101010101010166,,27.777777777777814,3.3333333333333437,212.5,39.13043478260872,-25.806451612903235,-68.68686868686868,21.658765960700354,21.558105657460523,15.408284163183982,12.023286172549618,8.96193306186337,4.419809080183268,-0.15095494300940704,7.088243967974828,12.023286172549618,True,False
DOC,vcp,21.799999237060547,20.200000762939453,20.299999237060547,2.0,11%->7%,10.806105524886288,7.339442798699992,0.6265254299073263,32.0,False,,,,,,,,,-6.880734185760715,0.4926033393071871,False,-241.66666666666669,True,40.1480609634375,59.999999999999986,366.6666666666667,699.9999999999994,-241.66666666666669,-71.42857142857143,74.99999999999997,,-440.00000000000006,44.676031361403126,30.208560953698992,4.6150917676243575,5.625978389523123,11.052322437487172,25.90962182975003,2.642375607728309,0.8052908703335859,4.6150917676243575,True,False
DRH,vcp,12.970000267028809,11.850000381469727,12.199999809265137,2.0,13%->9%,13.052938330051953,8.635311198923002,0.767098774088747,28.0,False,,,,,,,,,-5.936780585279548,2.868847813666419,False,-9.090909090909083,False,54.14806442572916,144.44444444444446,75.00000000000003,,-9.090909090909083,528.5714285714286,-41.666666666666664,19.999999999999996,-44.44444444444444,4.110297003794328,1.2983955456675078,-1.6187005242769281,0.08943320391823217,23.289252484873835,-5.9635600690624795,-3.801894990609145,-6.651838283396572,-1.6187005242769281,True,False
DVN,vcp,49.720001220703125,46.15999984741211,50.22999954223633,3.0,15%->9%->7%,14.741783551860047,7.160099126885483,0.5093005325872794,63.0,True,,,,,,,,,1.0257407663152727,8.102726919999121,True,-75.32467532467533,True,53.14805089019676,43.97163120567376,-75.32467532467533,-8.163265306122414,-16.153846153846153,968.4210526315787,-78.88888888888889,-17.431192660550476,-22.695035460992898,72.99901185770752,-0.9230769230769265,-12.25763316246936,11.956808006320774,55.34605146406388,14.503429006858015,-7.38649729475418,5.014822134387353,-12.25763316246936,True,False
DXYZ,vcp,34.5,31.200000762939453,32.11000061035156,2.0,16%->10%,16.324836469180674,9.565215179885643,0.546400112827022,9.0,False,,,,,,,,,-6.927534462749094,2.834007568093117,False,,False,,,,,,,,,,,,,,,,,,,False,False
ECG,vcp,122.18000030517578,113.2300033569336,119.41999816894531,2.0,24%->7%,23.981095156455627,7.325255300284238,0.6376640718222627,18.0,False,,,,,,,,,-2.2589639297238975,5.183382102597789,False,35.365853658536594,True,52.14805336737268,59.22330097087378,58.33333333333333,60.29411764705876,35.365853658536594,43.85964912280702,4.587155963302747,-1.8018018018018278,7.7669902912621325,33.650834648266994,25.443578679189827,33.15184337803005,29.676669053923543,18.765942140096993,2.5191997405761057,2.498125291339859,7.092394076395658,25.443578679189827,True,True
EGBN,vcp,29.1299991607666,26.520000457763672,27.600000381469727,2.0,14%->9%,14.387457392229871,8.959831027108905,0.5534274967375451,40.0,False,,,,,,,,,-5.2523131595470005,3.913043147749926,False,-408.33333333333337,False,39.14803599163194,,700.0,-117.64705882352939,-408.33333333333337,-52.08333333333333,,,,,,,,,,,,,False,False
EGO,vcp,45.72999954223633,42.5099983215332,43.75,2.0,13%->7%,12.630377826139888,7.041332282824811,0.6148713498060037,12.0,False,,,,,,,,,-4.3297606867623,2.83428955078125,False,,False,47.14803341966435,,,,,,,,,,,,,,,,,,False,False
ELA,vcp,14.90999984741211,13.300000190734863,13.460000038146973,2.0,26%->11%,26.19175320482074,10.798119873600735,0.6768740955137481,24.0,False,,,,,,,,,-9.725015587554212,1.1887061438235809,False,45.45454545454546,True,53.14801986828704,45.45454545454546,240.0,214.28571428571428,116.6666666666667,-52.94117647058824,54.54545454545454,69.23076923076925,18.181818181818187,-19.979613540637164,-25.5908416508283,-19.76077934609307,17.973404514542057,12.92832777037316,-2.6788334538171865,-27.90511289596056,0.9917680013536323,-25.5908416508283,True,False
ELV,vcp,394.28389763807013,361.4070000897202,418.7200012207031,2.0,16%->8%,16.24334785811254,8.338381999695308,0.4566243791788239,42.0,True,,,,,,,,,6.197591057868645,13.687667406356784,False,-16.753381893860553,True,38.81469021892361,-13.082901554404147,-16.753381893860553,36.17021276595764,22.018348623853214,-16.125,212.49999999999974,-51.87969924812026,-31.088082901554404,1.402282224365159,2.638522427440626,9.473614717662082,12.426284751474315,0.5838863314800324,0.8724144169497627,-1.900968231744593,1.8784153005464432,1.402282224365159,True,False
EOG,vcp,153.6699981689453,142.75999450683594,147.36000061035156,2.0,10%->7%,10.249515934448679,7.099631542986602,0.7383988485937442,29.0,False,,,,,,,,,-4.106200061027213,3.121611077947084,False,-41.777777777777835,True,54.14800043328704,109.34959349593498,39.622641509433976,-41.777777777777835,-8.47457627118644,39.189189189189186,182.44274809160333,-51.48148148148153,9.756097560975618,57.35669952537423,22.08502381372377,0.9489704565801338,-1.9782062028499636,24.548475653807245,22.756296559063504,-3.574482640670429,6.736035049288058,-1.9782062028499636,True,False
EQBK,vcp,52.27000045776367,48.59000015258789,50.04999923706055,3.0,12%->9%->7%,12.186608209156905,7.040367845700277,0.7466407295850067,151.0,False,,,,,,,,,-4.247180411825284,2.917081132324114,False,-221.09375,True,31.147998595069446,47.67441860465116,-5.88235294117646,0.9433962264151052,-221.09375,58.74999999999999,-25.233644859813086,,-280.2325581395349,,,,,,,,,,False,False
ESI,vcp,36.790000915527344,33.7400016784668,34.34000015258789,2.0,15%->8%,15.152790704968625,8.290293996087629,0.847081864794596,18.0,False,,,,,,,,,-6.65942022824311,1.7472290956756953,False,-86.36363636363636,True,45.14799615908565,-42.50000000000001,-86.36363636363636,-5.882352941176472,-48.71794871794871,666.666666666666,-81.24999999999997,-20.000000000000007,-50.0,41.4855987872663,8.330663248958658,1.7209302325581488,2.0401501550514123,24.22360248447204,3.063557384545046,4.942418426103656,5.305709954522486,1.7209302325581488,True,False
ESTA,vcp,76.41999816894531,70.18000030517578,70.94000244140625,3.0,24%->17%->8%,24.346752124644564,8.165399127561443,0.4305336270730066,28.0,False,,,,,,,,,-7.170892251821541,1.071330857167931,False,,False,52.81464956342593,,,,,,,,,31.6608187134503,44.710829687990916,45.16107292087883,33.69627364705296,12.801242547221815,-7.335530897441844,20.14614555055594,4.838206627680308,31.6608187134503,True,False
EVC,vcp,8.479999542236328,7.809999942779541,8.609999656677246,3.0,29%->16%->8%,29.25226291946585,7.900939099344528,0.24847788260460066,24.0,True,,,,,,,,,1.5330203002184903,9.291518534234639,True,,False,52.147984885266204,,,,,46.153846153846146,,,,126.23814960043677,114.44622268674264,25.6315326938539,24.16114290419531,15.702819196734552,46.579797288246596,11.396833291884278,19.749838685660404,24.16114290419531,True,False
EXEL,vcp,59.720001220703125,54.54999923706055,56.119998931884766,2.0,12%->9%,12.256364264666706,8.657069454061388,0.6340373032972816,26.0,False,,,,,,,,,-6.028134988668331,2.797576130979251,False,26.15384615384615,True,45.14797923047454,26.15384615384615,43.636363636363626,89.36170212765953,72.49999999999999,3.797468354430378,-11.235955056179737,28.985507246376784,6.153846153846132,10.63402204268813,9.96764767835636,5.62994592019479,10.789336140652628,2.926923505104684,2.0293554136467495,0.15190169885654914,5.190220690844516,5.62994592019479,True,False
EZPW,vcp,35.91999816894531,31.450000762939453,32.470001220703125,2.0,16%->12%,16.2264150038045,12.444314125467864,0.577466824333202,26.0,False,,,,,,,,,-9.604669053755375,3.141362548250573,False,37.5,True,67.14798042018518,41.17647058823528,84.84848484848484,37.5,74.99999999999977,-21.311475409836067,10.90909090909089,57.14285714285721,2.9411764705881804,34.653885607159275,45.88888598701995,19.317550051535125,14.347939745578863,-6.295411977685339,16.97873665969494,13.4216909679852,8.306616802955812,14.347939745578863,True,False
FA,vcp,21.729999542236328,19.895000457763672,21.219999313354492,3.0,20%->10%->8%,20.238569502154697,8.444542674315255,0.26909702790027834,24.0,False,,,,,,,,,-2.346986836748684,6.24410413980057,False,,False,53.814645217881946,,,,,900.0,-66.66666666666663,199.9999999999997,,14.880975237627126,8.633399889449155,36.75811724254699,105.48064222901883,16.50099558412361,-8.289188294759498,2.6557432341604903,4.740510914336471,8.633399889449155,True,False
FF,vcp,5.539528527530404,5.150000095367432,5.46999979019165,2.0,28%->7%,27.610874479959328,7.031797565931651,0.4704764838775929,22.0,False,,,,,,,,,-1.2551381763485654,5.850086052983323,False,-416.66666666666686,False,58.14794248686342,,,-416.66666666666686,,,,,,120.6879152300059,82.18725054168092,-67.74130615031946,-55.633554947203756,146.38833249874813,61.032154016732186,-12.547930715324608,-36.39727525018922,-67.74130615031946,True,False
FIRY,vcp,10.399999618530273,9.5,9.949999809265137,2.0,15%->9%,15.284244730793638,8.653842803289075,0.6845867134400351,14.0,False,,,,,,,,,-4.326921401644538,4.522611235088775,False,,False,61.14793690333334,,,,,,,,,22.91584040612358,32.91775129013106,68.87625907377188,11.439504966617807,6.483422092423985,-3.018893072540063,9.633228611090816,8.566669310700403,11.439504966617807,True,False
FIVE,vcp,263.8800048828125,236.9499969482422,244.60000610351562,3.0,21%->15%->10%,20.567745085685484,10.205399210345538,0.5961478572321073,71.0,False,,,,,,,,,-7.306350774041786,3.1275588570655737,False,26.17647058823529,True,81.14793579859953,418.1818181818182,194.66666666666669,26.17647058823529,2100.0000000000005,80.54298642533936,-48.48484848484848,549.9999999999998,-14.28571428571428,22.85111608642767,32.46432093079328,24.271956344341916,23.062782235602274,-1.8753082213624483,-25.622396556512083,66.47324021254116,1.1146743380464619,22.85111608642767,True,False
FMAO,vcp,35.709999084472656,32.65999984741211,35.470001220703125,2.0,13%->9%,12.548688074188115,8.541023005477312,0.654179780455976,31.0,False,,,,,,,,,-0.6720746847453339,7.922191363362216,False,18.032786885245965,True,44.1479364809375,53.571428571428555,37.254901960784295,18.032786885245965,33.33333333333335,22.857142857142865,-2.7777777777778123,12.500000000000021,14.28571428571428,,,,,,,,,,False,False
FMX,vcp,125.0,115.5,116.94999694824219,2.0,18%->8%,18.4703503621576,7.6,0.566756384384732,32.0,False,,,,,,,,,-6.440002441406251,1.2398435109698236,False,,False,45.81459264550926,,,,,,,,,,,,,,,,,,False,False
FNRN,vcp,18.0,16.530000686645508,17.260000228881836,2.0,17%->8%,17.246751661424515,8.166662851969402,0.7842652302556711,31.0,False,,,,,,,,,-4.111109839545356,4.229429504959051,False,-12.121212121212132,True,46.14793176359954,-12.121212121212132,63.636363636363626,-8.108108108108091,11.764705882352944,-19.444444444444443,5.882352941176472,-10.526315789473696,15.151515151515138,,,,,,,,,,False,False
FRST,vcp,16.8799991607666,15.569999694824219,16.149999618530273,2.0,18%->8%,17.650563466325877,7.7606607291021295,0.5849418670278812,53.0,False,,,,,,,,,-4.324642052903842,3.5913308817702467,False,-67.3913043478261,False,40.14789102262731,280.0,-67.3913043478261,,460.00000000000006,26.666666666666682,-74.78991596638656,325.0,180.00000000000003,,,,,,,,,,False,False
FSM,vcp,12.850000381469727,11.8100004196167,11.989999771118164,2.0,11%->8%,10.66459973351656,8.093384676881051,0.5899124343257444,9.0,False,,,,,,,,,-6.692611555029382,1.5012456625316388,False,,False,53.147900436423605,,,,,,,,,,,,,,,,,,False,False
FSTR,vcp,39.13999938964844,36.290000915527344,37.59000015258789,2.0,15%->7%,15.450746711020201,7.281549613091838,0.41318219352901436,26.0,False,,,,,,,,,-3.960141188633956,3.4583645431856915,False,-87.76758409785933,False,50.8145558571875,7.407407407407396,,,-87.76758409785933,107.14285714285711,-36.36363636363633,-45.00000000000003,48.14814814814814,-3.488485490185156,23.87925392670156,25.11253442344148,0.5965111372994159,14.368024829954429,-24.461100060483997,15.971971132291053,-3.6723832875910745,-3.488485490185156,True,False
FTK,vcp,28.729999542236328,26.579999923706055,27.329999923706055,3.0,41%->14%->7%,40.81169491805757,7.483465550946258,0.5140915953699043,21.0,False,,,,,,,,,-4.87295384906678,2.744237109746384,False,-40.00000000000002,True,52.147890567465275,420.0,-29.41176470588236,-40.00000000000002,562.5,116.6666666666667,33.33333333333337,-83.01886792452831,960.0,70.29477292202229,26.532639716773243,33.02401639182773,12.643239113827342,41.849509642974404,3.7500555399220925,20.502935874783603,-3.974293059125966,12.643239113827342,True,False
GLRE,vcp,16.260000228881836,14.729999542236328,14.970000267028809,2.0,18%->9%,18.431371941416938,9.409598186400041,0.7175104117641835,32.0,False,,,,,,,,,-7.9335789895111075,1.6032112258613536,False,-9000.0,False,51.14789006224537,-9000.0,22.09302325581397,,-112.87128712871288,-184.76190476190476,-26.573426573426563,,-1400.0,-14.146877693528037,-11.083815435392076,48.262150843896734,-22.305965703587084,-27.52504481704102,-9.813692950004283,43.96971335857221,-8.766067480294303,-22.305965703587084,True,False
GLW,vcp,157.2738564927047,139.25,166.39999389648438,2.0,20%->11%,19.95591558966752,11.460173289220998,0.8490194318091134,18.0,True,,,,,,,,,5.802704662616949,16.316102699723707,False,18.518518518518512,False,44.81455687936342,18.518518518518512,138.88888888888889,69.44444444444449,,48.837209302325576,-29.508196721311485,22.00000000000002,-7.407407407407418,20.464557468962763,15.663157894736845,,,9.501274117218795,9.879999999999999,-4.104334484081318,4.405286343612325,15.663157894736845,False,False
GM,vcp,91.6604405793407,82.86000061035156,85.62000274658203,2.0,13%->10%,13.101512300809715,9.601132084207617,0.5711788754325721,60.0,False,,,,,,,,,-6.590016145002167,3.223548292096555,False,-49.626865671641795,False,37.814556636851854,-26.178010471204193,-15.820895522388067,,-49.626865671641795,-50.0,,-347.40740740740745,-29.31937172774869,2.083090345004557,-1.284463510699685,-5.995550356659551,-1.0707499720576719,11.215024524130213,-3.991704282054409,-7.391088214027475,3.235438195432594,-5.995550356659551,True,False
GPRE,vcp,16.030000686645508,14.760000228881836,14.899999618530273,2.0,19%->8%,18.998791514024134,7.922647556850706,0.6678403861163194,14.0,False,,,,,,,,,-7.049288956404294,0.9395932431724917,False,-75.36231884057972,False,52.81455550510417,,,,-75.36231884057972,97.61904761904762,61.53846153846152,52.941176470588225,,-30.69845442596202,19.115103498298282,2.3666917238536422,14.537027553006254,7.428919387324928,1.1441430771052863,-5.62051465492186,-32.422305821208965,-30.69845442596202,True,False
GS,vcp,1071.9598441067083,996.7980689335711,1029.1800537109375,2.0,15%->7%,15.276560828971993,7.011622271706583,0.8199629849816695,41.0,False,,,,,,,,,-3.990801580018164,3.146386743564056,False,17.587939698492484,True,30.814548362974538,92.3006416131989,24.291784702549577,17.587939698492484,45.83333333333333,19.544159544159534,25.00000000000002,14.612244897959181,12.282309807516034,,,,,,,,,,False,False
GSAT,vcp,84.69999694824219,78.36000061035156,82.4800033569336,3.0,20%->9%->7%,20.080376921720777,7.485237976767367,0.7496570129113497,117.0,False,,,,,,,,,-2.6210078763818254,4.995153466171249,False,-276.9230769230769,False,53.81453025952546,-276.9230769230769,,,-116.66666666666667,,,,-107.6923076923077,-3.538452373860723,16.711087420042638,17.62753976167515,2.127041641888061,-7.55309431377027,-2.6361501368797002,-2.551289863904127,9.973491392148691,-3.538452373860723,True,False
HCSG,vcp,23.649999618530273,21.25,21.979999542236328,3.0,17%->14%->10%,16.920671738519573,10.147990094045596,0.5454025044722719,38.0,False,,,,,,,,,-7.061311218734503,3.321199078432989,False,60.86956521739128,False,38.814494985625004,,60.86956521739128,186.66666666666666,210.52631578947367,-13.513513513513509,-13.953488372093037,-27.118644067796595,,2.686421325609434,3.3739741143988145,6.594154568627619,8.45243127976476,1.7378113344541202,-0.8391152862120221,0.5048046896872549,1.2752703978922142,2.686421325609434,True,False
HLF,vcp,13.170000076293945,11.9399995803833,12.020000457763672,2.0,20%->9%,19.923078096829926,9.339411456228088,0.7343424166451885,11.0,False,,,,,,,,,-8.73196364364703,0.6655646783166205,False,-152.08333333333334,True,53.14782461976852,-152.08333333333334,16.326530612244895,-53.714285714285694,-8.695652173913048,-143.859649122807,-29.62962962962966,92.85714285714293,-12.5,5.376856484790715,7.816976344438076,6.261388106675492,2.6928968797871544,0.728818706346801,2.6656274356975818,0.7301562377325821,1.1595584147406912,2.6928968797871544,True,False
HRTG,vcp,34.959999084472656,32.439998626708984,34.58000183105469,2.0,13%->7%,12.520547109107449,7.208239484430994,0.33085990948321226,25.0,False,,,,,,,,,-1.0869486938480584,6.188557232590618,False,20.2020202020202,True,53.147825436319444,32.258064516129025,20.2020202020202,225.75757575757595,503.70370370370364,72.2689075630252,-44.65116279069768,31.901840490797582,5.161290322580636,2.9610402095801236,0.5380105900151255,2.403180778358527,0.2879409390650789,0.7227567267631629,-1.234464693752435,1.3447300420316388,2.1265652414257152,0.2879409390650789,True,False
HSHP,vcp,17.059999465942383,15.8100004196167,18.09000015258789,2.0,10%->7%,9.869646563303391,7.327075530225607,0.7804625391471934,26.0,True,,,,,,,,,6.037518868050042,12.603646842120247,False,,False,59.814491227280094,,,,,,,,,,,,,,,,,,False,False
HUT,vcp,101.83000183105469,88.5,98.5999984741211,2.0,17%->13%,16.544770233388967,13.090446421841751,0.7434683520511254,10.0,False,,,,,,,,,-3.1719564949949284,10.243406318887494,False,-273.758865248227,False,52.81448338579861,-207.62711864406782,,-273.758865248227,4200.0,,,-669.7674418604652,-63.559322033898304,81.43780721082834,225.54205821682328,179.2137313056099,90.94546701726307,5.512764549333249,-19.74936153863539,5.96814752724224,102.2082859149132,81.43780721082834,True,False
HYLN,vcp,4.099999904632568,3.690000057220459,3.9000000953674316,3.0,35%->13%->10%,34.7280387319444,9.999996510947541,0.5897739231775837,20.0,False,,,,,,,,,-4.878044241882981,5.384616231071858,False,,False,59.147794215347226,,,,,,,,,226.3366336633663,479.14110429447857,-52.81643472498343,,74.57627118644068,297.75280898876406,-6.192358366271411,-49.9009900990099,-52.81643472498343,False,False
IBIO,vcp,1.350000023841858,1.2000000476837158,1.2100000381469727,2.0,18%->11%,18.24324171938456,11.111109148818315,0.3640607016496867,12.0,False,,,,,,,,,-10.370369127584931,0.8264454667762735,False,,False,,,,,,,,,,-100.0,,300.0,,-100.0,-50.0,,-100.0,-100.0,False,False
IMPP,vcp,5.510000228881836,5.059999942779541,5.789999961853027,2.0,11%->8%,10.800743688389664,8.166974000173772,0.8302657537426018,14.0,True,,,,,,,,,5.081664634123123,12.607945144784727,False,,False,,,,,,,,,,,,,,,,,,,False,False
INCY,vcp,130.8000030517578,121.41999816894531,121.47000122070312,2.0,13%->7%,12.692314242663528,7.171257388350988,0.47802341904224976,32.0,False,,,,,,,,,-7.133028756400554,0.04116493887816811,False,62.22222222222222,False,44.814434278877314,83.74999999999999,62.22222222222222,290.7407407407407,,0.6849315068493178,-30.805687203791464,3.4313725490195957,154.99999999999997,20.8736268850354,27.83893753955635,20.04700005536655,16.456864084525268,-15.539790355281102,10.311644387179907,12.377409341940826,15.44603560838751,16.456864084525268,True,False
INSW,vcp,97.4190883791096,88.64413617676314,103.6500015258789,2.0,12%->9%,12.320708369762901,9.007425904252397,0.8194991347094379,28.0,True,,,,,,,,,6.395987942857263,14.477438618627675,False,-22.826086956521753,True,53.81443005342593,372.79999999999995,475.0,260.5633802816898,-22.826086956521753,2.7826086956521667,124.60937499999996,80.28169014084511,13.59999999999999,138.849218722047,77.4736359968156,37.64702255245025,-12.79008836982104,43.57034005579521,21.501125508158523,36.402937042996506,0.38182180626760154,-12.79008836982104,True,False
INTC,vcp,93.69999694824219,85.72000122070312,102.94000244140625,2.0,21%->9%,20.851538875903717,8.516537873471902,0.7442771752679666,20.0,True,,,,,,,,,9.861265521991466,16.72819196842821,False,,False,40.14776750537037,,,,,,,-111.11111111111111,,25.421883505715837,7.184021473119118,-4.109396914446006,2.777777777777768,18.789128673491938,-0.7093754570718147,0.1538123489343013,6.174663659693591,-4.109396914446006,True,False
INVX,vcp,31.559999465942383,28.8799991607666,30.1299991607666,3.0,17%->12%->8%,17.472558735136428,8.491762834368464,0.7147246847737788,27.0,False,,,,,,,,,-4.531053008156575,4.148689129828028,False,-214.28571428571428,False,52.14777757796296,63.636363636363626,-214.28571428571428,,-71.35678391959799,,-220.00000000000003,-64.91228070175438,159.0909090909091,9.214481300783994,-0.5756712351558724,9.14088085939837,58.08506293761568,2.4536566386786696,-12.635507050387062,14.000833333333329,7.031047923151701,-0.5756712351558724,True,False
IQV,vcp,271.79998779296875,252.52999877929688,261.7699890136719,3.0,15%->10%->7%,14.925525775255025,7.0897681674474216,0.7302144848631205,65.0,False,,,,,,,,,-3.690213108816167,3.5298126684386304,False,-21.82741116751269,True,51.81443334594908,15.000000000000014,23.23651452282156,24.51612903225806,-21.82741116751269,-45.791245791245785,53.88601036269429,25.324675324675326,10.000000000000009,8.40950639853748,10.257705912076798,5.236139630390135,5.322496067121141,-4.880843263061408,6.439024390243908,2.066218571072942,4.909898145729952,5.236139630390135,True,False
IRDM,vcp,50.970001220703125,46.13999938964844,47.29999923706055,2.0,23%->9%,22.68275822224701,9.476165813966716,0.47782236834407804,49.0,False,,,,,,,,,-7.200317629484158,2.452431006601846,False,-55.00000000000001,True,39.814433782152776,-55.00000000000001,-25.92592592592593,-19.999999999999986,66.66666666666666,-55.00000000000001,-16.666666666666664,-31.428571428571427,74.99999999999997,3.840834278443195,1.944824505067988,-0.023944673718612197,6.656922230943119,2.821183527575011,2.8726401803324864,-6.166964108665473,4.62366186274239,-0.023944673718612197,True,False
IREN,vcp,49.290000915527344,43.279998779296875,43.83000183105469,2.0,18%->12%,17.910618145599187,12.193146732803562,0.6859998030404337,12.0,False,,,,,,,,,-11.077295563110138,1.2548551877269627,False,-345.7831325301205,False,54.147752033449066,-345.7831325301205,,,,,,-148.14814814814815,30.12048192771084,-26.732054759413103,-0.019333945574939726,59.019837443173984,355.41467667348957,-5.2280810801477955,-21.601910207263984,-23.139474396054847,28.299660423296235,-26.732054759413103,True,False
IVZ,vcp,30.81390375503982,27.67489910708094,32.279998779296875,2.0,14%->10%,14.1851089217463,10.186974921817479,0.8003795022528347,61.0,True,,,,,,,,,4.7579009654603235,14.266108569897051,False,-667.3913043478261,False,44.814413571678244,,34.210526315789465,-667.3913043478261,450.0000000000001,49.01960784313726,,-495.4545454545455,,20.46189376443417,14.079257127910028,6.214689265536721,8.24864722185561,4.6488965319575914,3.1028368794326244,3.145574250182892,8.24150445397558,6.214689265536721,True,False
KARO,vcp,68.80000305175781,63.029998779296875,64.77999877929688,2.0,10%->8%,10.47065660292626,8.386633744943586,0.481624531835206,26.0,False,,,,,,,,,-5.843029206607322,2.701451116049241,False,,False,31.14773795438657,,,,,,,,,,,,,,,,,,False,False
KGC,vcp,31.81999969482422,28.829999923706055,29.1299991607666,2.0,12%->9%,12.246118391660717,9.396605279051942,0.8365278058839968,12.0,False,,,,,,,,,-8.453804399297866,1.0298635279900639,False,,False,59.147713774872685,,,,,,,,,,,,,,,,,,False,False
KINS,vcp,20.469999313354492,19.020000457763672,19.219999313354492,2.0,11%->7%,11.483251567724569,7.083531530188429,0.4115906717716672,25.0,False,,,,,,,,,-6.106497517977483,1.0405768092398242,False,-248.14814814814815,True,54.147714358298614,34.61538461538463,-248.14814814814815,147.72727272727272,34.545454545454525,,-136.69724770642202,47.29729729729728,-5.128205128205132,25.92757299920896,18.370665427032627,34.00742411191124,36.49774667387167,10.167687437591733,5.9454169906211,1.3813703573730463,6.420738483281485,18.370665427032627,True,False
KNSA,vcp,81.56600189208984,75.0,76.2699966430664,2.0,14%->8%,13.89558860215956,8.049924894904779,0.47246519607674264,31.0,False,,,,,,,,,-6.492907738729114,1.6651326851498685,False,145.45454545454547,False,44.81438206009259,145.45454545454547,,,,50.000000000000064,-21.739130434782638,0.0,109.09090909090908,55.50749355880538,64.95315662335967,61.16972926729285,44.339092892452435,6.005630123635131,11.76190871139864,15.34340580495801,13.798308959610983,44.339092892452435,True,False
KOP,vcp,47.72708411901884,44.07419821889442,46.349998474121094,2.0,17%->8%,16.79245794743866,7.653695941313064,0.6567218627077782,25.0,False,,,,,,,,,-2.8853337058338955,4.910033074752598,False,-1051.8518518518517,False,54.81438071922454,-1051.8518518518517,,,7.339449541284382,-2302.8571428571427,-75.69444444444446,23.07692307692313,44.44444444444442,3.030903328050716,-0.2628696604600189,-9.287211740041935,-12.448132780082988,14.232374258730518,5.223018257453194,-10.838656501133315,-3.8629160063391454,-12.448132780082988,True,False
KRYS,vcp,373.30999755859375,340.17498779296875,347.0,2.0,20%->9%,19.506778045075375,8.87600385264909,0.44325583401630503,31.0,False,,,,,,,,,-7.04776130579364,1.9668623075018012,False,10.457516339869244,True,50.81437955034722,38.759689922480625,52.500000000000014,10.457516339869244,192.30769230769232,-2.1857923497267784,8.284023668639096,-36.46616541353386,106.20155038759691,24.135274150892315,31.949468718460473,17.51700680272108,16.64937202561991,2.4622498001839244,8.638252182437789,9.51431492842536,1.8304491784844057,16.64937202561991,True,False
KYN,vcp,15.077122532727284,13.924224461826922,14.84000015258789,2.0,10%->8%,9.86362323965206,7.646671759799084,0.7468474797578751,78.0,False,,,,,,,,,-1.5727296745428807,6.170995157309819,False,,False,,,,,,,,,,,,,,,,,,,False,False
LASR,vcp,42.435001373291016,39.11000061035156,40.369998931884766,2.0,29%->8%,28.532108691854212,7.83551468206677,0.7478984985384806,17.0,False,,,,,,,,,-4.866271649765945,3.1211254765182557,False,,False,54.14771337386574,,,,,-300.0,,,,33.78310520774277,55.18502748316172,71.34505392456892,18.908229257603026,3.005699604644496,-1.236681653014715,21.640046747175703,8.110472179476801,18.908229257603026,True,False
LB,vcp,91.56579933648786,84.1500015258789,86.8499984741211,2.0,16%->8%,15.909092911334705,8.098873011917066,0.6564834899975898,22.0,False,,,,,,,,,-5.1501771365933715,3.108804830948514,False,14.999999999999991,False,58.14771333429399,66.66666666666667,14.999999999999991,,,73.91304347826086,-4.1666666666666625,-7.692307692307699,8.333333333333348,40.6180969011003,16.049691702122825,55.55616438356164,78.43577772317197,31.04597588471718,-10.167670576631792,11.699553422124298,6.938337575999842,16.049691702122825,True,False
LEA,vcp,134.92999267578125,125.01000213623047,130.82000732421875,2.0,21%->7%,20.806667262976354,7.3519536633987626,0.4217529032723426,31.0,False,,,,,,,,,-3.04601317324477,4.441220656400829,False,-16.182572614107894,True,39.81438090123842,23.8562091503268,124.16107382550337,-3.658536585365879,-16.182572614107894,13.473053892215582,111.39240506329111,-21.78217821782178,-33.98692810457516,2.968293977182279,4.72096829307771,4.794736289504087,1.7083303488288903,6.63941746238923,-2.7685936612897866,5.436811155322374,-5.813876359777126,1.7083303488288903,True,False
LIND,vcp,26.610000610351562,24.309999465942383,25.670000076293945,2.0,29%->9%,29.199998038155695,8.64337125762581,0.7351626674064142,19.0,False,,,,,,,,,-3.5325085024310274,5.298015606971163,False,-100.0,False,51.814372461203696,,,,-100.0,-122.22222222222223,,,,18.638244663431493,15.742178153916342,23.26373234460901,16.58551976893765,-4.214159691942331,13.555991068942742,-23.72924404177007,43.00634136175534,15.742178153916342,True,False
LIVN,vcp,83.5199966430664,77.1500015258789,78.18000030517578,2.0,13%->8%,12.93144087108183,7.626910169082627,0.4357948696691468,27.0,False,,,,,,,,,-6.393674033192069,1.317470932816926,False,-45.19230769230775,False,52.814356636157406,286.0,,-45.19230769230775,-18.333333333333336,382.49999999999994,-29.8245614035087,16.32653061224478,-2.0000000000000018,10.797279050504361,14.329267330482388,12.146474846968891,12.45850622406639,7.8201171540725145,0.3704411768780336,0.8855271653906538,1.4833032644585797,10.797279050504361,True,False
LOCO,vcp,16.270000457763672,14.869999885559082,15.180000305175781,2.0,14%->9%,14.052477556956603,8.604797374400452,0.5084913112164297,24.0,False,,,,,,,,,-6.699447584021226,2.0421634610310337,False,4.761904761904812,True,54.14768707175926,79.16666666666667,42.10526315789473,4.761904761904812,19.047619047619047,59.25925925925925,22.727272727272684,-11.999999999999966,4.166666666666674,2.97058028831636,5.877811993925008,8.077246158692386,0.934424187050964,2.6865955524559837,2.159251912723148,1.6417050691244217,-3.428326207543275,0.934424187050964,True,False
LOMA,vcp,10.5600004196167,9.640000343322754,9.75,2.0,27%->9%,26.758282106425273,8.712121588413147,0.7129288985659584,36.0,False,,,,,,,,,-7.670458214300906,1.1282016069461136,False,,False,54.14767079236111,,,,,,,,,,,,,,,,,,False,False
LQDA,vcp,73.06999969482422,66.0999984741211,66.73999786376953,3.0,24%->14%->10%,23.587225389477286,9.538800122913962,0.2710643922704098,22.0,False,,,,,,,,,-8.662928503478646,0.9589442764963998,False,,False,,,,,,,,,,1842.72943306552,4158.49358974359,3054.6451834076106,1121.7176258992806,29.21311105257216,44.38552069636279,69.33679290419934,514.9371958809551,1121.7176258992806,True,False
LSTR,vcp,193.57854562417273,170.39999389648438,172.77999877929688,2.0,23%->12%,22.574384680828512,11.973719325636871,0.6411152079694675,40.0,False,,,,,,,,,-10.744241712227577,1.3774770804649876,False,-60.2836879432624,True,45.14766900464121,36.47058823529412,-46.15384615384613,-60.2836879432624,-18.918918918918926,65.71428571428567,25.00000000000002,-53.33333333333332,41.176470588235304,1.5712308623821558,-2.9359882356044364,-0.7464347271982308,-1.1025841995215946,-0.27761406464696936,-2.5783921389857967,-0.5277702796120831,5.104402733327573,-2.9359882356044364,True,False
LXU,vcp,11.229999542236328,10.09000015258789,11.579999923706055,2.0,17%->10%,17.311074228627913,10.151375210309398,0.6322185565806376,29.0,True,,,,,,,,,3.116655349391296,12.86701019805625,False,-325.0,False,46.1476638932176,-325.0,,,,-133.33333333333331,22.72727272727273,120.00000000000001,150.0,11.101417089678511,18.16540242065927,22.34370598787303,42.31392548779036,-0.8230719760217609,2.688898448339594,6.187954783794747,2.733053087986459,11.101417089678511,True,False
MDGL,vcp,544.489990234375,494.8999938964844,534.489990234375,2.0,21%->9%,21.04807383725374,9.107604772779144,0.45633746444244316,33.0,False,,,,,,,,,-1.8365810537114766,7.4070603867680145,False,,False,52.81433564822917,,,,,,,,,71.16944389620399,126.83934426229509,210.76558265582656,362.0313630880579,16.996052509017566,-3.0353522297972835,11.771238007714047,34.99309217018638,71.16944389620399,True,False
MEC,vcp,20.459999084472656,18.594999313354492,19.100000381469727,2.0,25%->9%,25.42846165529885,9.115346307779335,0.7414487994694197,18.0,False,,,,,,,,,-6.647110282791016,2.643984597011694,False,-192.85714285714283,False,52.14766566770834,,,-128.94736842105263,-192.85714285714283,,,,,23.164409648751594,6.7864492288628675,10.68611044704757,6.586799810919408,12.571487774554502,7.827511730096082,-6.957244820178787,9.054772988332015,6.586799810919408,True,False
MFC,vcp,44.517941593801226,41.33454669996313,43.4900016784668,2.0,9%->7%,8.51273738851591,7.150813312269949,0.6905932922803283,83.0,False,,,,,,,,,-2.309046372165512,4.956208083042913,False,,False,53.147652027905096,,,,,,,,,,,,,,,,,,False,False
MIRM,vcp,104.66000366210938,95.0,98.22000122070312,2.0,32%->9%,31.63077134352464,9.2298904300599,0.6998871331828442,45.0,False,,,,,,,,,-6.153260286706601,3.2783559159887314,False,,False,53.14764499116898,,,,,,,-299.99999999999994,,37.921508784286104,43.28269928753865,49.80988593155893,47.172400057536755,10.233171964323695,7.352348722907109,11.97052853168934,4.0888993230817405,37.921508784286104,True,False
MTA,vcp,10.960000038146973,9.949999809265137,10.199999809265137,2.0,15%->9%,15.344833000944961,9.215330523416663,0.5232394645906978,12.0,False,,,,,,,,,-6.934308633545686,2.450980437988963,False,,False,61.14761752623843,,,,,,,,,,,,,,,,,,False,False
MTDR,vcp,60.380001068115234,54.27000045776367,61.04999923706055,2.0,19%->10%,19.145910828941812,10.119245614883004,0.668691057879474,35.0,True,,,,,,,,,1.1096359011148103,11.10564924492425,False,-115.10416666666667,True,45.14760178099537,160.3305785123967,-115.10416666666667,-9.941520467836252,-28.643216080402013,,-118.83116883116882,8.450704225352123,17.355371900826434,26.76362622855897,-6.417286092948227,-17.24828091666726,6.392004994553191,24.619585303375935,16.312599901673288,-11.536339069211909,-1.1408934856397157,-17.24828091666726,True,False
MTRN,vcp,259.70001220703125,225.88999938964844,257.510009765625,2.0,25%->13%,25.009643089710178,13.018872248041975,0.745010890681109,24.0,False,,,,,,,,,-0.8432816089590298,12.279138354565632,False,8.235294117647074,False,45.81426975517361,52.066115702479344,8.235294117647074,,14.018691588785037,100.0,206.66666666666643,-75.40983606557374,0.8264462809917328,42.22046156911259,30.807698712916043,12.104946311382548,1.8531536585645103,11.655002328017684,12.265341375466043,10.104584449919972,3.046393209438958,1.8531536585645103,True,False
MTSI,vcp,286.17999267578125,244.86000061035156,274.8999938964844,2.0,24%->14%,23.73485600061959,14.438462898502443,0.6847362922443038,18.0,False,,,,,,,,,-3.9415749066973387,10.92760784034233,False,42.85714285714286,False,53.81428437305555,166.66666666666669,42.85714285714286,,67.49999999999999,113.33333333333333,-6.25,-4.477611940298498,39.58333333333333,35.7657718413672,22.49721264842912,24.522973381868862,30.123063125903048,18.43954941080792,6.385211257234591,3.9981621166290227,3.6064091019085254,22.49721264842912,True,False
MTW,vcp,20.190000534057617,18.729999542236328,20.780000686645508,2.0,13%->7%,12.980320702705129,7.231307346220611,0.8384883512668256,19.0,True,,,,,,,,,2.922239410507422,9.865260234214695,True,-87.5,False,53.14759680015047,875.0,,-87.5,,,-185.0,42.85714285714284,250.00000000000006,10.268767377201105,5.032915693353157,13.60738255033558,5.449695121951215,20.279013344116457,-26.953182690887612,22.352728586917237,2.5764596848934174,5.032915693353157,True,False
MTZ,vcp,252.35000610351562,230.10000610351562,240.41000366210938,2.0,26%->9%,25.97723601258806,8.81711886738489,0.8455116602714161,18.0,False,,,,,,,,,-4.731524530460436,4.288506052803115,False,51.37614678899081,True,47.14761483495371,51.37614678899081,492.3076923076923,90.52631578947366,68.59504132231406,114.28571428571428,-57.4585635359116,-11.274509803921573,87.15596330275228,23.382735657833308,34.4515503290705,15.7708467157317,21.96885587286048,14.227769999015361,-2.8173765165744435,-0.6843548239099717,11.911936254215805,15.7708467157317,True,False
MUR,vcp,38.65999984741211,33.790000915527344,38.5,2.0,18%->13%,18.220660999098623,12.596996769545415,0.6534844034950233,29.0,False,,,,,,,,,-0.4138640663311325,12.233763855773134,False,-102.15053763440861,True,53.14759386020833,893.75,-26.0,-77.14285714285715,-102.15053763440861,329.72972972972974,362.5000000000003,,-112.5,35.61403380351798,8.862991095982053,-8.436707518511765,-4.275667214131229,26.486917528954578,19.454104168433695,-14.963535034939234,5.5486666715466315,-8.436707518511765,True,False
MYE,vcp,32.45000076293945,29.760000228881836,30.010000228881836,3.0,14%->12%->8%,14.33911568087048,8.289677876155297,0.8411046763368695,27.0,False,,,,,,,,,-7.519261869615414,0.833055641763702,False,-127.77777777777777,False,53.814250576828705,103.84615384615384,-127.77777777777777,172.7272727272729,,,-116.66666666666667,57.89473684210529,-26.923076923076927,9.783620858655162,1.8018519549444223,44.895917126096265,0.17945354445132455,8.884433102442578,-44.287223094838325,43.796334607053325,25.854611840815522,0.17945354445132455,True,False
NBN,vcp,137.63999938964844,124.0199966430664,132.63999938964844,2.0,14%->10%,13.707140415500405,9.895381289580534,0.48505421970768503,33.0,False,,,,,,,,,-3.6326649390962125,6.498795827991204,False,,False,44.81422767386574,,,,,,,,,,,,,,,,,,False,False
NEOG,vcp,12.260000228881836,11.369999885559082,11.779999732971191,2.0,13%->7%,13.229577528969806,7.259382762702654,0.44049396646363304,28.0,False,,,,,,,,,-3.9151752605996695,3.4804741655855524,False,,False,25.814235675092593,,,,,,,-141.1764705882353,,-0.05278589773730635,-4.434389140271488,-2.8396855460135484,-3.583543813720247,6.685606060606064,-6.004245830941157,7.410523497889465,-7.20815830446373,-4.434389140271488,True,False
NERV,vcp,4.800000190734863,4.099999904632568,4.150000095367432,2.0,22%->15%,22.024870741560534,14.583338714307995,0.626975061869408,11.0,False,,,,,,,,,-13.541668115390614,1.2048238454422584,False,-112.12121212121211,False,,,,,-112.12121212121211,,,,,,,,,,,,,,False,False
NEXA,vcp,14.779999732971191,13.140000343322754,13.3100004196167,2.0,18%->11%,17.868335184179028,11.09607184897257,0.6583193666868737,11.0,False,,,,,,,,,-9.945868334998822,1.2772356944737118,False,,False,47.14755202076389,,,,,,,,,,,,,,,,,,False,False
NPKI,vcp,14.420000076293945,12.680000305175781,13.260000228881836,2.0,21%->12%,21.385742766148514,12.066572551401524,0.7475142233710714,35.0,False,,,,,,,,,-8.04438170093435,4.374056664363752,False,9.090909090909083,False,47.14754547988426,40.000000000000014,9.090909090909083,69.99999999999984,,16.666666666666675,-29.411764705882348,142.8571428571428,-29.999999999999993,19.568244104758705,15.889899192614653,30.71935192267574,55.71742031804918,8.678566671106957,-0.16623445707826257,9.234725006537081,0.8866677414154367,15.889899192614653,True,False
NTRS,vcp,194.860891347305,180.85695540553152,189.19000244140625,2.0,9%->7%,8.622131556117466,7.18663239449826,0.6089522063520454,40.0,False,,,,,,,,,-2.910224245968061,4.404591642444501,False,-50.92165898617511,True,38.8142115175463,42.63157894736842,7.55555555555556,3.153153153153143,-50.92165898617511,11.983471074380159,5.676855895196509,7.511737089201875,12.10526315789473,2.755596852405695,6.578829701612654,-1.9473473816458253,-8.505956853064289,-1.023661688202715,4.117647058823537,0.7097190451052837,-0.9901565086094299,-8.505956853064289,True,False
NUE,vcp,280.1099853515625,238.6199951171875,259.42999267578125,2.0,21%->15%,20.58432061490983,14.812035416124647,0.6485489259457964,61.0,False,,,,,,,,,-7.382811665862627,8.021430885441506,False,27.55905511811012,True,44.14754525715278,93.84615384615384,382.08955223880594,27.55905511811012,150.47619047619048,56.03715170278638,99.38271604938281,-38.40304182509509,1.1538461538461497,22.95411542100283,21.27713920817369,8.634821933295655,14.468027941966689,9.488205560235885,23.53323793417459,-9.787583616946371,0.7686849574266796,8.634821933295655,True,False
NVDA,vcp,234.49759976142684,217.1999969482422,218.2899932861328,3.0,11%->9%->7%,11.371802234635522,7.376451968285769,0.8391114653280171,36.0,False,,,,,,,,,-6.911630008914088,0.4993340837487985,False,66.66666666666667,True,66.14752965502315,127.77777777777777,214.47368421052633,97.75280898876404,66.66666666666667,2.9288702928870203,35.79545454545454,35.384615384615394,20.370370370370374,105.85114348672526,85.22763378875223,73.21451272533118,62.49358645459211,17.896220057587463,19.79831784754944,19.50847279233765,21.95622874013221,62.49358645459211,True,True
NVGS,vcp,22.47609971783167,19.655373832494675,23.1299991607666,2.0,21%->13%,20.98446157237198,12.549890420263349,0.6828281551762129,63.0,True,,,,,,,,,2.909310116719912,15.022159335680524,False,,False,53.14751256666667,,,,,,,,,,,,,,,,,,False,False
NVTS,vcp,12.630000114440918,11.140000343322754,11.630000114440918,2.0,18%->12%,18.42900017042247,11.797306077729363,0.8115427000064823,10.0,False,,,,,,,,,-7.917656301971192,4.213239607020585,False,,False,51.14751629723379,,,,,,,,,-27.33609385783299,-38.66457411898987,-59.41706530203582,-53.36008486693417,22.458711328215863,17.845394736842103,-27.848101265822788,-30.21394064872326,-59.41706530203582,True,False
NWE,vcp,73.43835485182716,67.66275595037939,69.23999786376953,2.0,11%->8%,11.163867505147087,7.864553764992283,0.6502525040509793,87.0,False,,,,,,,,,-5.716845096174114,2.277934665008772,False,-45.03816793893128,True,46.147514369282405,14.285714285714302,-17.599999999999994,-45.03816793893128,-18.42105263157895,-61.165048543689316,43.055555555555515,16.129032258064548,77.14285714285715,3.280168522419502,-0.907441016333943,-14.53396524486572,25.447445493003574,4.761904761904767,-24.30683918669131,12.269779507133594,16.009629852542883,-14.53396524486572,True,False
NXE,vcp,10.979999542236328,9.789999961853027,9.850000381469727,2.0,14%->11%,13.580780588687757,10.837883697588298,0.7020254219991054,11.0,False,,,,,,,,,-10.29143176572894,0.6091412923148182,False,,False,52.14749528931713,,,,,,,,,,,,,,,,,,False,False
NXG,vcp,62.76512868001769,54.400001525878906,56.189998626708984,2.0,17%->13%,17.121859582652156,13.327666699744947,0.6447659430599969,50.0,False,,,,,,,,,-10.4757692552967,3.1856151353939217,False,,False,,,,,,,,,,,,,,,,,,,False,False
OCC,vcp,15.819999694824219,13.829999923706055,14.619999885559082,2.0,21%->13%,21.346801312204448,12.579012702315199,0.463369492571076,3.0,False,,,,,,,,,-7.5853339596317255,5.403556552920021,False,,False,95.8141613028125,,,,,-280.0,-44.44444444444444,800.0,,21.99187032893992,26.57529897295392,4.372449637820708,1.762145465117393,9.378811564747181,35.19388252234883,-17.136447460172967,-0.44178519780092573,1.762145465117393,True,False
ODC,vcp,95.06999969482422,84.8499984741211,86.54000091552734,2.0,17%->11%,16.95541288758438,10.749975022098921,0.6699860277179865,32.0,False,,,,,,,,,-8.972334918142703,1.9528569719520574,False,-17.567567567567565,True,26.14748065113426,-17.567567567567565,110.00000000000001,283.33333333333337,37.83783783783781,-3.1746031746031744,36.95652173913042,-9.80392156862745,-31.081081081081074,9.374810607700358,0.7039362266281213,-5.829848763140411,10.122952982357392,7.2976209687693805,-2.281592882160588,-3.7743986199405777,8.407719413684722,-5.829848763140411,True,False
OII,vcp,52.70000076293945,48.45000076293945,51.09000015258789,3.0,14%->11%->8%,13.72730624351747,8.064516012282022,0.4679513508579774,33.0,False,,,,,,,,,-3.0550295769327067,5.16735052214462,False,-26.530612244897956,True,39.14749616431713,20.370370370370374,-26.530612244897956,218.18181818181824,77.49999999999999,80.55555555555556,-79.42857142857143,146.47887323943664,31.481481481481467,,,,,,,,,,False,False
OIS,vcp,9.079999923706055,8.4399995803833,8.6899995803833,3.0,19%->13%->7%,19.00000042385525,7.048461990091449,0.6767924430908997,35.0,False,,,,,,,,,-4.295158002199333,2.8768701043938707,False,-929.1666666666667,False,46.81414098182871,100.0,-60.00000000000001,-929.1666666666667,,400.0,,-6733.333333333334,-40.0,-5.28819994437929,-9.112906251172326,8.426136881436253,-5.258448620001377,7.77089080440001,-18.547718307333692,8.042135851798049,-0.13663349576193973,-9.112906251172326,True,False
ONTO,vcp,288.625,266.6000061035156,281.260009765625,2.0,20%->8%,20.040882087662567,7.631006980159159,0.8414863962938243,10.0,False,,,,,,,,,-2.5517506225638806,5.21226024073796,False,-77.55102040816328,True,54.14746421356482,75.36231884057972,-48.46153846153845,-77.55102040816328,-46.728971962616825,80.59701492537312,204.5454545454549,-61.40350877192986,-17.391304347826086,35.30483404772138,9.50537682806527,1.1093514385954295,-13.48756988224099,17.530459087032323,9.399099173367897,22.30731508343531,-13.960732973970513,-13.48756988224099,True,False
OOMA,vcp,23.809999465942383,22.110000610351562,22.770000457763672,2.0,18%->7%,17.831233222851797,7.1398525565802045,0.815164345043793,10.0,False,,,,,,,,,-4.367908574153127,2.8985499962389127,False,150.0,False,86.14747165244212,150.0,,,,11.111111111111116,-40.000000000000014,200.00000000000006,25.0,25.4113676089446,24.78894031893464,14.573636265880152,3.8355827844058554,2.5619539365857813,8.802155958382496,10.290573012939008,1.9001265746489082,3.8355827844058554,True,False
ORKA,vcp,94.8499984741211,88.06999969482422,92.37999725341797,3.0,26%->9%->7%,25.554014457148288,7.148127452154607,0.5824202172297216,16.0,False,,,,,,,,,-2.6041130842791116,4.665509511513093,False,,False,59.81413320502315,,,,,,,,,,,,,,,,,,False,False
ORN,vcp,9.75,8.899999618530273,9.359999656677246,3.0,36%->21%->9%,35.58692383564408,8.717952630458733,0.3544487236082992,37.0,False,,,,,,,,,-4.000003521259014,4.914530502346945,False,-100.0,False,45.1474483784375,,-100.0,-33.33333333333333,,,-100.0,300.0,,14.655478577070081,7.5359645887126625,-0.696150876806001,6.826874541414507,-7.256114293554694,3.6104434976921063,9.650438899876267,8.816716405251967,-0.696150876806001,True,False
OUST,vcp,38.380001068115234,35.0,35.33000183105469,3.0,32%->13%->9%,32.168414373733064,8.806672678608187,0.6087712435345765,18.0,False,,,,,,,,,-7.946845107293078,0.934055516421229,False,,False,52.147445266435184,,,,,,-380.0000000000004,,,55.85608719221662,48.866143662662424,106.6263458726572,40.78361531611754,12.450080283255804,-21.87268808903471,57.31309297912715,12.770692459128652,40.78361531611754,True,False
OXY,vcp,61.8661218546249,57.27717658544619,61.459999084472656,3.0,21%->9%->7%,20.67661559289141,7.417541509975309,0.726132400604597,69.0,False,,,,,,,,,-0.6564542240203209,6.805764011283916,False,-33.6734693877551,False,58.14744663407407,957.6923076923076,306.49350649350646,,-33.6734693877551,-12.140575079872207,,-110.76923076923077,150.0,36.60662405578152,-4.19748838809565,-42.98833819241983,-4.814814814814817,26.64751301849524,42.39324980823318,-41.46961987428913,29.420879333720706,-42.98833819241983,True,False
PANL,vcp,7.679248755376118,6.528595977521186,8.40999984741211,2.0,19%->15%,19.158297599384255,14.983923747090222,0.5528960589775112,61.0,True,,,,,,,,,9.51591900867131,22.37103334157445,False,-5.263157894736848,False,54.14741294894676,,,-5.263157894736848,72.72727272727273,-23.809523809523803,16.666666666666675,-5.263157894736848,,19.420635781707716,38.90653246689793,24.940001098150134,10.158875027476078,9.695743932465707,-7.233062784671807,9.017816535205903,7.646249577187936,10.158875027476078,True,False
PARR,vcp,80.4000015258789,72.9000015258789,84.6500015258789,3.0,25%->14%->9%,25.33608609863458,9.32835803191611,0.5737413868024086,29.0,True,,,,,,,,,5.286069551419129,13.88068492403728,False,699.1452991452992,False,52.147407681469915,699.1452991452992,,,3869.2307692307695,749.9999999999998,-21.42857142857144,-72.86821705426357,341.02564102564105,56.797793220586044,4.510737887355898,-1.0359558153738013,-6.110125642918874,62.789252912954076,0.5796254218967123,-9.920633343534025,6.311165192628443,-6.110125642918874,True,False
PBF,vcp,77.94000244140625,72.23999786376953,78.30000305175781,3.0,21%->15%->7%,21.22022753981906,7.313323581073621,0.5494518311173315,30.0,True,,,,,,,,,0.46189453307010586,7.739469925668459,True,,False,46.81407904809028,,,,,356.969696969697,122.97297297297298,-48.96551724137931,,56.225168220673424,11.857522925393415,-2.8811230666684784,-8.723142812831796,47.746163480637115,10.71223475033265,-6.686620224542872,2.3517450804650064,-8.723142812831796,True,False
PEB,vcp,18.790000915527344,17.40999984741211,17.84000015258789,2.0,11%->7%,11.15070618517054,7.344337418178909,0.8028305473816463,28.0,False,,,,,,,,,-5.055884601657516,2.4103155913561185,False,-254.16666666666669,False,47.1473920171412,183.33333333333334,,,-254.16666666666669,,,,-716.6666666666667,-0.09692371490196416,7.927785028694889,3.382109004739342,-1.435493041307201,17.78820561483092,-0.9632741004761969,-12.466047857785977,-2.1627484130275265,-1.435493041307201,True,False
PENG,vcp,53.237998962402344,48.53099822998047,51.15999984741211,3.0,25%->16%->9%,25.36882175692134,8.841430602502633,0.579435578963918,18.0,False,,,,,,,,,-3.903225432003475,5.138783473949965,False,-60.00000000000001,False,31.14738607884259,,544.4444444444445,-60.00000000000001,,17.24137931034484,1349.9999999999998,-60.00000000000001,,47.63655316406117,-6.161102432431697,0.5772466886737604,8.604908275161648,39.56687920372946,-0.02098690941525483,1.5237244097750402,4.2161782076231,-6.161102432431697,True,False
PESI,vcp,19.489999771118164,17.639999389648438,18.770000457763672,2.0,25%->9%,25.46904047479741,9.49204927242331,0.37826922703531835,21.0,False,,,,,,,,,-3.6941986752685576,6.020250615645787,False,,False,59.14739509557871,,,,,,,,,-11.661867544220483,-20.066096702349313,6.890219017820698,3.818700927908636,15.809814848103532,-29.201399936366524,-9.963332187464191,19.66269025092555,-20.066096702349313,True,False
PFG,vcp,114.0329094812437,105.47795640271507,116.16999816894531,2.0,12%->8%,12.16908120248647,7.502179079220786,0.8157241462823928,136.0,True,,,,,,,,,1.8740981857111323,9.203789218177379,True,-41.326530612244895,False,44.14737653313657,819.047619047619,-41.326530612244895,,20.134228187919454,-16.086956521739125,142.10526315789474,-46.92737430167598,752.3809523809524,-4.513109120917768,-3.6889730639730667,22.24731039978749,-14.834833441588568,-22.889855135796534,24.31279878313777,0.280554571949998,-0.6656024243080205,-14.834833441588568,True,False
PGC,vcp,47.99804207260118,44.22999954223633,45.79999923706055,2.0,14%->8%,13.695561997560926,7.850408824312797,0.6215102019516777,49.0,False,,,,,,,,,-4.5794427035500815,3.4279469890335785,False,25.581395348837212,True,46.14737424714121,91.1111111111111,86.046511627907,30.769230769230795,25.581395348837212,7.499999999999996,17.64705882352939,25.925925925925952,19.999999999999996,16.85780967677173,17.80841915277631,16.339644058864078,16.74772210381772,4.911513895303643,3.1111885472021372,5.480308014628865,2.413546476611117,16.339644058864078,True,True
PGEN,vcp,7.269999980926514,6.539999961853027,6.849999904632568,2.0,15%->10%,14.507770932611358,10.041265763255925,0.5686624482234665,11.0,False,,,,,,,,,-5.777167502006225,4.525546672926112,False,,False,61.14737444159722,,,,,,,,,3011.375212224109,1156.185845488925,-51.44639818491208,-91.98062432723358,136.44417684500257,2616.355140186916,-36.16703952274422,-24.10865874363328,-91.98062432723358,True,False
PKOH,vcp,47.689998626708984,43.619998931884766,46.45000076293945,2.0,13%->9%,13.17435828492821,8.534283522803035,0.7602368421052632,20.0,False,,,,,,,,,-2.6001214080032815,6.092576500693257,False,-47.945205479452056,False,53.1473738603588,30.303030303030297,-5.000000000000004,,-47.945205479452056,50.877192982456144,850.0000000000026,-84.21052631578951,-42.42424242424243,9.997500624843791,3.848051307350775,1.6992790937178093,-4.549808429118773,4.536817102137758,6.582278481012649,-0.9031610637230347,-0.37490627343164107,-4.549808429118773,True,False
PLOW,vcp,45.9900016784668,40.130001068115234,40.2400016784668,2.0,23%->13%,22.516022187600583,12.741901275240227,0.6360759810798894,38.0,False,,,,,,,,,-12.502717525866574,0.2733613463302263,False,-75.73529411764706,False,50.814041208240745,-1.834862385321101,,54.285714285714384,-75.73529411764706,311.5384615384616,-51.85185185185184,63.63636363636358,-69.72477064220183,10.457116098123276,19.75370870883919,28.55401291545048,25.28864433762501,55.77117063506463,-25.328658596061516,13.827326503044013,-16.57309586418768,10.457116098123276,True,False
PLPC,vcp,437.5,384.1300048828125,423.5400085449219,2.0,17%->12%,16.538139336997478,12.198856026785714,0.822060871295007,18.0,False,,,,,,,,,-3.1908551897321424,9.30490694314878,False,-65.5844155844156,True,46.147373777141205,75.390625,-8.154506437768239,-19.248826291079823,-65.5844155844156,109.81308411214954,24.418604651162813,224.52830188679238,-79.296875,25.40079362739607,18.67295898102208,3.585511946719966,21.16987473889762,20.65090368622289,1.8306384994425384,-2.795262989437741,5.0035082340316395,3.585511946719966,True,False
PMN,vcp,14.279999732971191,13.010000228881836,13.5600004196167,2.0,14%->9%,14.14565505505833,8.893554116510554,0.5866054464851171,6.0,False,,,,,,,,,-5.042012092563844,4.056048478724237,False,-8299.999999999998,False,,,,-8299.999999999998,-177.41935483870967,,,,,,,,,,,,,,False,False
PNRG,vcp,220.4499969482422,198.47000122070312,211.11000061035156,2.0,12%->10%,12.296272412581882,9.970513055937841,0.5140969162995594,18.0,False,,,,,,,,,-4.236786784843319,5.987399627257947,False,-51.075268817204304,True,65.10570230443287,106.76691729323306,-51.075268817204304,47.42268041237128,-50.227272727272734,51.098901098901095,27.272727272727295,-67.351598173516,229.32330827067665,1.1695209965938647,-21.280166213840502,-15.667646961636317,-33.813260384421575,7.791087199269109,-22.802343122465373,11.03545790733087,9.496701045661338,-33.813260384421575,True,False
PNTG,vcp,40.547000885009766,36.4900016784668,39.20000076293945,2.0,12%->10%,12.39165441790479,10.005670254252621,0.6866906647468203,32.0,False,,,,,,,,,-3.3220709119531913,6.913262836042467,False,-15.000000000000002,True,53.14735149811342,25.0,9.090909090909083,56.25,-15.000000000000002,4.166666666666674,-3.999999999999959,47.05882352941168,-15.000000000000002,35.755190181365926,35.98993528464274,53.168477225081,26.759386345523772,4.4224218892362055,-1.3683668425946038,26.32040831474116,4.345310499724375,26.759386345523772,True,False
POWW,vcp,2.3399999141693115,2.0999999046325684,2.130000114440918,2.0,19%->10%,18.726591225196433,10.256411040166299,0.3693163739340715,23.0,False,,,,,,,,,-8.974350744920539,1.4084604787086623,False,,False,64.81401472802084,,,,,,-200.00000000000009,0.0,,22.123596316756753,10.10391236614392,6.968593421412317,0.010790267329086056,4.258050636740962,3.6938989351198437,11.76663929199453,1.0705403961213777,0.010790267329086056,True,False
PPTA,vcp,25.606000900268555,23.5,23.6299991607666,2.0,15%->8%,14.876634473583186,8.224638077890823,0.653540099164384,11.0,False,,,,,,,,,-7.716947863894003,0.5501445847803582,False,,False,61.14734306078704,,,,,,,,,,,,,,,,,,False,False
PRAX,vcp,365.7099914550781,334.0,334.5799865722656,2.0,15%->9%,15.085311665516784,8.6708026020594,0.6780949713125209,15.0,False,,,,,,,,,-8.512210661500712,0.1733476584201949,False,,False,57.81400487438657,,,,,,,,,-100.0,-100.0,-100.0,-100.0,,,,-100.0,-100.0,True,False
PRM,vcp,32.564998626708984,29.65999984741211,31.559999465942383,2.0,21%->9%,21.08985516342336,8.920616925542472,0.626917320641473,24.0,False,,,,,,,,,-3.086132974506951,6.020277727129358,False,-189.0,False,46.814003061886574,,22.222222222222232,-189.0,,-352.2727272727273,,,,31.46293324479368,73.63459669582117,19.156683791211982,9.370460132377767,70.95363359425598,21.72165450121655,-67.42676172874337,93.95286493399493,9.370460132377767,True,False
PSMT,vcp,181.8300018310547,167.64999389648438,170.80999755859375,2.0,17%->8%,16.56009227232749,7.798497383146653,0.7311228583565393,28.0,False,,,,,,,,,-6.0606083492756335,1.850010952096281,False,6.6115702479338845,True,44.14733579025463,12.28070175438598,11.724137931034484,6.6115702479338845,8.510638297872353,-20.98765432098766,25.581395348837212,26.470588235294066,-10.526315789473639,12.488072093519342,9.651979710914249,9.919757954249153,8.558413435069667,-0.9184047373235416,8.157708415748854,3.8884276564172815,1.038951968778301,8.558413435069667,True,False
PYXS,vcp,3.437000036239624,3.069999933242798,3.2100000381469727,2.0,25%->11%,24.530122951596663,10.677919672015951,0.32651027828275764,3.0,False,,,,,,,,,-6.604596907162359,4.361373932724071,False,,False,50.81397531226852,,,,,,,,,,,,,-82.53437383872166,,,,,False,False
PZG,vcp,1.5,1.2999999523162842,1.3200000524520874,2.0,18%->13%,17.901232160458648,13.33333651224772,0.4604489635172389,14.0,False,,,,,,,,,-11.999996503194172,1.515159040990203,False,,False,,,,,,,,,,,-70.29339041410807,-39.27576055597124,119.866704933193,81.14687142623754,-37.423864149968786,169.55386668213728,,-70.29339041410807,False,False
QRVO,vcp,99.1500015258789,91.86000061035156,116.6500015258789,2.0,22%->7%,22.21903682684847,7.352497028075787,0.6978147748176644,57.0,True,,,,,,,,,17.650024942694902,21.25160787934294,False,-3.0303030303029277,False,58.14730502927083,-3.0303030303029277,306.9767441860465,,,-81.7142857142857,36.71875,374.074074074074,-18.181818181818166,-7.038393327460046,8.364135992238486,1.1460962113082562,-7.657067841397769,-18.59915666205755,-6.1921411654005665,29.27838803680607,-5.8306516353565545,-7.657067841397769,True,False
QUAD,vcp,10.869999885559082,10.029999732971191,10.100000381469727,2.0,13%->8%,13.363231553823471,7.727692377475003,0.7901005891281419,28.0,False,,,,,,,,,-7.083712163716842,0.6930757015312987,False,18.181818181818187,False,45.147308806574074,18.181818181818187,100.00000000000027,,,-40.90909090909092,4.761904761904789,,-100.0,-7.689863361932003,-10.98249576510446,-12.863070539419086,-9.823399558498892,-7.865524896923571,7.244897959183683,2.8151774785801775,-9.13568477915475,-12.863070539419086,True,False
RELL,vcp,18.219999313354492,16.309999465942383,17.469999313354492,2.0,25%->10%,24.713201609801562,10.482985287557941,0.6578914813073706,27.0,False,,,,,,,,,-4.116355808258904,6.63995359476275,False,,False,25.147305792569444,,,,,,,,,27.57424502302992,3.1001412534384043,5.651532601887221,1.641693811074929,19.33407845399482,6.089351285189726,-4.246708297471025,5.238104415193967,1.641693811074929,True,False
RGLD,vcp,271.42999267578125,251.1300048828125,252.27999877929688,2.0,18%->7%,18.005051278148347,7.478903710253111,0.7293587096850961,59.0,False,,,,,,,,,-7.0552239668512735,0.455840297308083,False,-36.19631901840484,True,53.14730495905093,38.3084577114428,91.86046511627906,-36.19631901840484,31.506849315068486,-15.75757575757576,217.30769230769204,-45.83333333333328,-4.477611940298498,114.90772408332259,142.52207448458404,85.29028436018957,30.041220200477724,-3.9618438582467386,24.992006906033183,48.89791643524764,20.236783484304265,30.041220200477724,True,False
RHP,vcp,133.27000427246094,120.43000030517578,121.98999786376953,2.0,17%->10%,16.877639636617495,9.634579091807256,0.7665686289450023,31.0,False,,,,,,,,,-8.464024947151833,1.278791364793574,False,-43.617021276595736,True,51.147304006203704,26.785714285714256,3.0000000000000027,-4.440892098500626e-14,-43.617021276595736,37.8640776699029,-8.035714285714256,111.32075471698104,-52.67857142857143,13.564968196326088,13.161013485901108,13.923780906778994,7.72786285498166,12.700805932239101,-9.926159651291389,24.53338464498749,-10.167623177638108,7.72786285498166,True,False
RIGL,vcp,49.900001525878906,46.279998779296875,47.2400016784668,2.0,12%->7%,11.565882731351206,7.2545143003746055,0.27699812992926254,26.0,False,,,,,,,,,-5.3306608538530655,2.0321821868340786,False,-73.17073170731707,True,52.1473015690162,-73.17073170731707,-30.15873015873016,1620.7317073170732,108.57142857142858,100.0,-96.88164422395464,866.4383561643837,-55.487804878048784,-22.601170280769047,10.284439277745495,21.19244391971664,25.593505342904145,33.80767792172463,-15.73593879831523,0.48947626040136694,-31.689039681368936,-22.601170280769047,True,False
RIO,vcp,106.83999633789062,98.9000015258789,99.95999908447266,2.0,19%->7%,19.255126138315042,7.43166892939682,0.6445810776315537,61.0,False,,,,,,,,,-6.439533404381061,1.0604217369969997,False,,False,159.14728883753472,,,,,,,,,,,,,,,,,,False,False
RLJ,vcp,11.779999732971191,10.59000015258789,10.880000114440918,2.0,17%->10%,17.14507353982959,10.101864239033858,0.6311187708260448,25.0,False,,,,,,,,,-7.640064846616703,2.6654407978186803,False,-177.7777777777778,False,54.147264399074075,6.666666666666665,,,-177.7777777777778,,,,-146.66666666666669,5.476407520731041,3.613932750008386,-0.4230444045104531,-4.540642787727334,12.651149930730599,3.464468202304971,-0.4399400081807059,-9.104303737506992,-4.540642787727334,True,False
RLYB,vcp,17.09000015258789,15.850000381469727,16.875,2.0,11%->7%,11.289400930361586,7.255703686640367,0.37120545534535854,71.0,False,,,,,,,,,-1.2580465223420945,6.074071813512732,False,,False,,,,,,,,-111.11111111111111,,-100.0,0.0,11000.0,-29.096989966555185,-100.0,-4.504504504504503,4.716981132075482,0.0,-100.0,True,False
RMR,vcp,20.530000686645508,19.0,19.020000457763672,2.0,14%->7%,13.597197580708755,7.452511619450422,0.4862776166121034,40.0,False,,,,,,,,,-7.355090980898364,0.10515487530131995,False,-76.19047619047619,True,60.14725453686342,-28.000000000000004,-76.19047619047619,86.84210526315788,-44.117647058823486,259.99999999999994,-92.95774647887323,273.68421052631567,-23.99999999999998,3.308523191431423,-7.63212833754533,40.76426401080351,-5.675396989069914,8.312714122573283,-36.99389905712701,45.854650400104944,3.7895978941635544,-7.63212833754533,True,False
RMT,vcp,14.41170885986902,13.291017104759943,13.4399995803833,2.0,10%->8%,9.742893227286013,7.776258638070085,0.7543063696244138,49.0,False,,,,,,,,,-6.74249867891482,1.1085005972828228,False,,False,,,,,,,,,,,,,,,,,,,False,False
RTX,vcp,226.41000366210938,196.30999755859375,197.67999267578125,2.0,17%->13%,16.8387233710488,13.294468272893273,0.6900357547151444,107.0,False,,,,,,,,,-12.689373491289867,0.6930368109808944,False,8.181818181818246,True,37.81392042895833,28.688524590163933,32.456140350877206,8.181818181818246,29.357798165137595,3.9735099337748325,26.890756302520956,-15.60283687943259,15.573770491803284,14.489597330985582,8.716635477198853,12.09360403274291,11.892080242919011,11.922449719152016,-8.919877877712679,7.8298781030340825,4.156433900189982,8.716635477198853,True,False
SA,vcp,33.150001525878906,30.610000610351562,31.010000228881836,2.0,15%->8%,14.863324237220738,7.662144188875722,0.6176084099868594,12.0,False,,,,,,,,,-6.455508894400669,1.2899052421087218,False,,False,60.14724640135416,,,,,,,,,,,,,,,,,,False,False
SANM,vcp,210.3300018310547,195.16000366210938,216.0,3.0,17%->12%->7%,16.90386837119753,7.212474700176369,0.7387604921237207,18.0,True,,,,,,,,,2.6957629057121757,9.648146452727142,True,-23.275862068965512,True,51.147237565821754,68.25396825396825,46.551724137931046,-23.275862068965512,-19.266055045871553,24.705882352941178,91.01123595505618,1.1363636363636465,-30.15873015873016,69.67478822587803,102.27364823999032,58.98004732977529,3.91012661678658,-13.685968378412516,25.81997703227239,52.15155371705291,2.6856887030616727,3.91012661678658,True,False
SBUX,vcp,109.87880450451249,98.45999908447266,98.73999786376953,3.0,16%->13%->10%,16.438891364313115,10.392182069628255,0.6535404111427687,126.0,False,,,,,,,,,-10.137356964313812,0.2835717899074559,False,-86.25000000000001,True,46.14723680560185,85.71428571428572,32.35294117647059,-62.318840579710134,-86.25000000000001,102.22222222222221,73.07692307692308,136.36363636363663,-77.55102040816328,-1.4096869712351912,8.787207815924036,5.5044797718615035,5.455146572625091,-2.190631065414672,-3.8688465068430933,3.6168878670707505,1.1950084602368793,-1.4096869712351912,True,False
SCSC,vcp,59.310001373291016,55.0,58.189998626708984,2.0,20%->7%,20.020963127105855,7.266904861735397,0.41314508276533596,15.0,False,,,,,,,,,-1.8883876591619848,5.4820393572664345,False,5.405405405405417,True,53.81390305009259,40.22988505747127,5.405405405405417,7.14285714285714,28.98550724637683,56.41025641025643,4.0000000000000036,-15.73033707865169,2.298850574712641,17.25014331652901,8.788148349925585,2.543822918352845,-4.632662007787724,24.298699774384126,0.03626818627757711,3.6317177043196036,-9.009381389272297,-4.632662007787724,True,False
SDRL,vcp,51.07500076293945,47.31999969482422,47.900001525878906,3.0,12%->9%->7%,11.748036757118282,7.351935412676297,0.7022346420068574,34.0,False,,,,,,,,,-6.216346920476914,1.210859733984205,False,-134.69387755102042,False,52.8139035826736,,-106.9620253164557,-134.69387755102042,-119.48424068767909,,,,,23.263888888888886,11.693548387096776,33.823529411764696,6.4638783269961975,28.158844765342963,1.46520146520146,-2.500000000000002,-2.777777777777779,6.4638783269961975,True,False
SEPN,vcp,39.400001525878906,36.599998474121094,38.5099983215332,3.0,24%->14%->7%,23.757338066842753,7.106606455125898,0.7099525147785638,21.0,False,,,,,,,,,-2.258891294105983,4.959750534042782,False,-101.5840220385675,False,58.14723815401621,,,-101.5840220385675,,,,-227.77777777777777,,22375.63025210084,12010.95890410959,11276.415094339623,12113.068181818182,0.8407797006371842,9.97180529065429,12.20283786927192,17963.025210084033,11276.415094339623,True,False
SEZL,vcp,126.0,115.04000091552734,118.87000274658203,2.0,15%->9%,14.776338996399666,8.698411971803695,0.6978516342269555,9.0,False,,,,,,,,,-5.6587279789031495,3.2220087007315352,False,-89.78540772532189,True,53.14723639922454,49.99999999999998,47.0,-89.78540772532189,70.45454545454545,-20.408163265306122,23.529411764705888,58.666666666666664,-3.8461538461538547,62.87488465087665,52.13826032800499,61.577561909022016,61.667838559977504,15.604830456437192,-6.298346779864728,36.06409074302812,10.50638265149184,52.13826032800499,True,False
SFST,vcp,65.08999633789062,60.47999954223633,63.119998931884766,2.0,9%->7%,9.397435017945632,7.082496627781641,0.6919098912741858,40.0,False,,,,,,,,,-3.026574768539465,4.182508609509584,False,48.14814814814814,True,44.81388487506945,48.14814814814814,83.07692307692307,72.46376811594205,98.14814814814814,0.8403361344537785,0.0,11.214953271028016,32.09876543209877,10.330877577152187,9.854907873352792,7.790091264667542,7.537058152793619,5.971053757307865,-0.20455717817819963,-0.6485703177464441,5.008629168445089,7.537058152793619,True,False
SGMT,vcp,10.949999809265137,10.149999618530273,10.880000114440918,2.0,11%->7%,10.762330496145017,7.305937942190265,0.51742700023236,18.0,False,,,,,,,,,-0.6392666305344574,6.709563310957341,False,,False,60.81388540917824,,,,,,,,,,,,,,,,,,False,False
SILC,vcp,46.599998474121094,40.40999984741211,42.25,2.0,20%->13%,19.63317686289884,13.283259290548147,0.7115883006293965,10.0,False,,,,,,,,,-9.334760979738718,4.355029946953588,False,,False,46.813871961122686,,,,,,,,,,,,,,,,,,False,False
SKE,vcp,33.67499923706055,31.09000015258789,31.719999313354492,2.0,16%->8%,15.689556057413432,7.676315198331977,0.4618455509366931,14.0,False,,,,,,,,,-5.805493594650202,1.9861260227120008,False,,False,61.147217152708336,,,,,,,,,,,,,,,,,,False,False
SLGL,vcp,72.98999786376953,65.6050033569336,65.94000244140625,2.0,20%->10%,19.515756708928627,10.117817129710687,0.5698177791201047,12.0,False,,,,,,,,,-9.65885138881848,0.5080362027137225,False,,False,67.8138548984375,,,,,,,,,,,,,,,,,,False,False
SM,vcp,38.026196932229325,34.2782545712314,38.099998474121094,2.0,13%->10%,13.364053383394726,9.85621141045881,0.7400743955904658,29.0,True,,,,,,,,,0.1940807859994472,10.030824293826576,False,-205.66037735849054,True,51.147189123078704,153.4090909090909,-205.66037735849054,-42.331288343558306,-35.4066985645933,,-278.7234042553192,-30.370370370370413,-23.29545454545454,174.6496815286624,75.83333333333333,-16.01551938247884,26.250661602166936,45.97156398104265,110.40155785473034,-13.442267595057512,3.31324840764331,-16.01551938247884,True,False
SNDR,vcp,36.77159232323042,32.912965379021266,34.150001525878906,2.0,14%->10%,14.148109045766857,10.493499738306062,0.5875211551898144,35.0,False,,,,,,,,,-7.12939155396686,3.622360443879375,False,-35.29411764705883,True,47.147188063344906,40.000000000000014,-19.999999999999996,-31.578947368421083,-35.29411764705883,133.33333333333334,-7.692307692307665,18.181818181818144,-45.00000000000001,10.432946145723342,-0.23541161363960228,4.517959823762219,10.389906513642932,12.170182338219515,-0.07859388396684874,-3.635362159184796,2.2456881379795846,-0.23541161363960228,True,False
SRV,vcp,49.040000915527344,44.72999954223633,46.75,2.0,13%->9%,13.292610177292799,8.788746518816554,0.5386874790198053,43.0,False,,,,,,,,,-4.669659202233558,4.320856594146892,False,,False,,,,,,,,,,,,,,,,,,,False,False
STGW,vcp,9.550000190734863,8.4399995803833,8.600000381469727,3.0,17%->14%->12%,16.97860932738103,11.62304280819233,0.7306314778502542,71.0,False,,,,,,,,,-9.947641783157234,1.8604743487125506,False,-704.1666666666667,False,53.813834636770835,,-704.1666666666667,-328.57142857142856,,,,-1700.0,,11.246035047211578,8.040476263540675,2.375530614625432,4.459137809107783,11.668652532227108,-12.793580731295295,8.67377839509662,5.1187151430778455,2.375530614625432,True,False
STRZ,vcp,27.781999588012695,24.940000534057617,25.8700008392334,2.0,14%->10%,13.728782388469781,10.229641840399912,0.6120485993925076,12.0,False,,,,,,,,,-6.8821495109527,3.594898627778088,False,-1076.923076923077,False,60.81383200122685,,,,-1076.923076923077,,,,,-6.866303690260134,-68.37712519319939,-7.494955318535601,-8.026467203682397,0.325839035516462,-4.3627298223745665,0.3753518923991228,-3.2970356926799727,-68.37712519319939,True,False
SVM,vcp,13.300000190734863,11.779999732971191,11.90999984741211,2.0,14%->11%,13.501648534059852,11.428574706506733,0.6305006660067701,9.0,False,,,,,,,,,-10.451130251043645,1.091520706183429,False,,False,54.1471565484375,,,,,,,,,,,,,,,,,,False,False
SYRE,vcp,92.0999984741211,85.26000213623047,90.5999984741211,2.0,24%->7%,23.75766038278335,7.426706244531128,0.7877068107480345,16.0,False,,,,,,,,,-1.628664522097121,5.894035792302951,False,-103.37899543378994,False,52.147128633298614,-103.37899543378994,,,,,,,-105.47945205479452,,,-100.0,-100.0,,,,,-100.0,False,False
TCMD,vcp,24.899999618530273,21.288999557495117,22.399999618530273,2.0,24%->15%,24.379420326572692,14.502008499421398,0.7255413759444705,27.0,False,,,,,,,,,-10.04016079638624,4.959821785515066,False,12.5,False,51.14712770413195,142.85714285714283,,12.5,71.42857142857142,,-117.77777777777779,25.0,157.1428571428571,8.609086876623785,22.848795456029247,21.042238710054328,17.323136278439797,13.858663159153405,-27.34424773635539,20.80228558101569,8.681325644762694,8.609086876623785,True,False
TDAY,vcp,6.730000019073486,6.210000038146973,6.360000133514404,3.0,28%->15%->8%,28.230183429572293,7.726597020100777,0.4451680262736197,26.0,False,,,,,,,,,-5.497769457807811,2.358492016014231,False,-119.14893617021276,False,53.813792508796304,-85.71428571428572,,-119.14893617021276,,-50.0,,,-164.28571428571428,-8.296672200745137,-4.039379046945879,-5.839443080761342,-8.432349997305854,-2.2148281174507956,-6.241239256336795,4.315294688264548,-4.114652883334669,-8.432349997305854,True,False
TECX,vcp,32.52000045776367,28.399999618530273,29.049999237060547,2.0,25%->13%,25.456884885687707,12.669129093600024,0.5205737279335411,11.0,False,,,,,,,,,-10.670360307066703,2.237520260245089,False,-110.64049586776858,False,54.14712632134259,,,-110.64049586776858,,,,,,,,,,,,,,,False,False
TER,vcp,378.6045838580889,325.8748291672664,379.7200012207031,2.0,21%->14%,21.424226277476098,13.927394685371015,0.7504213609060754,18.0,True,,,,,,,,,0.2946127464300057,14.180230664789374,False,-15.73033707865169,True,39.14712421689815,385.71428571428567,314.75409836065575,82.02247191011234,-15.73033707865169,-5.928853754940711,56.17283950617282,116.00000000000001,53.06122448979591,,,,,7.575783454696938,4.6785914362566405,-27.769080543721415,,,False,False
THC,vcp,283.04998779296875,253.50999450683594,263.69000244140625,2.0,14%->10%,14.495508516305605,10.43631674972523,0.6745650910368878,47.0,False,,,,,,,,,-6.8397760771934655,3.86059685248491,False,-21.06339468302658,True,45.147098940219905,213.37579617834393,87.58782201405153,11.345646437994649,-21.06339468302658,22.846441947565555,89.81042654028433,9.326424870466333,22.92993630573248,6.7729083665338585,2.7761822707256467,9.164526960300211,3.1798673429574764,4.843517138599096,-2.8767866835534672,4.499905464170917,0.34149117814457064,2.7761822707256467,True,False
THG,vcp,235.0688712762226,216.0797295150364,225.83999633789062,2.0,10%->8%,9.734111500008298,8.078118407635785,0.7523917194729193,47.0,False,,,,,,,,,-3.9260302260469873,4.321761858449285,False,18.695652173913068,True,46.14709422517361,25.116279069767455,48.57142857142858,18.695652173913068,75.00000000000003,3.4615384615384492,-4.761904761904779,11.428571428571432,13.953488372093027,4.339941972920691,6.125249500997998,5.522943886890119,6.36938606018016,1.4576231338897294,1.7705467161143629,0.40840840840841164,0.6407156673114089,4.339941972920691,True,False
THM,vcp,2.630000114440918,2.369999885559082,2.4000000953674316,2.0,19%->10%,19.243991913431937,9.88593983149337,0.5736573100861465,14.0,False,,,,,,,,,-8.74524749297889,1.2500086923436844,False,,False,55.147108966805554,,,,,-200.0,,,,,,,,,,,,,False,False
TORO,vcp,6.485000133514404,6.0,6.679999828338623,2.0,11%->7%,10.710900181183057,7.478799129207868,0.6526315789473685,16.0,True,,,,,,,,,3.0069343224291183,10.179638410376207,False,,False,18.813757305613425,,,,,,,,,,,,,,,,,,False,False
TRVI,vcp,17.315000534057617,15.710000038146973,15.899999618530273,2.0,14%->9%,13.501883853037096,9.269422156549751,0.6754983793025658,12.0,False,,,,,,,,,-8.172110146598714,1.194965943029774,False,,False,61.14705369094907,,,,,,,,,,,,,,,,,,False,False
TRX,vcp,1.2200000286102295,1.100000023841858,1.1299999952316284,2.0,15%->10%,14.96062526493561,9.836065733954968,0.5765276884392726,9.0,False,,,,,,,,,-7.3770517432794795,2.6548647359614446,False,,False,79.14705528894676,,,,,,,,,,,,,,,,,,False,False
TSAT,vcp,46.560001373291016,42.279998779296875,49.75,2.0,22%->9%,21.995883035432627,9.19244516270429,0.6013514280847198,18.0,True,,,,,,,,,6.851371418856779,15.015077830559045,False,,False,58.81374333652778,,,,,,,,,,,,,,,,,,False,False
TSM,vcp,436.0400085449219,405.1499938964844,433.239990234375,3.0,16%->12%->7%,16.088083377608577,7.084215678170995,0.6305206079617429,48.0,False,,,,,,,,,-0.6421471093651743,6.483703483303664,False,,False,32.81371879021991,,,,,,,,,,,,,,,,,,False,False
TTMI,vcp,133.77000427246094,119.69000244140625,126.44000244140625,3.0,29%->15%->11%,28.902605286427246,10.525529925510604,0.5838838152306007,19.0,False,,,,,,,,,-5.479555652943719,5.338500371453273,False,51.61290322580645,True,53.147053258275456,92.5,51.61290322580645,839.9999999999991,257.1428571428571,63.829787234042556,0.0,-6.000000000000005,25.0,37.42473868120406,30.417409213958457,18.949559500126732,22.090771371756478,18.685872885282805,9.254055170988739,2.867406368235348,3.0268771360253854,18.949559500126732,True,False
TWIN,vcp,24.209999084472656,22.15999984741211,24.540000915527344,2.0,11%->8%,11.309524980892455,8.467572550943778,0.5837473167739957,14.0,True,,,,,,,,,1.3630807250477666,9.69845549846464,True,20.000000000000128,False,52.813721109189814,20.000000000000128,,2114.285714285714,,-47.8260869565217,-85.16129032258064,,-140.0,18.33095430190943,19.01971886462668,0.2880306046418424,9.738398013635674,18.311374025275605,7.223331115546694,12.730636531826601,-17.255218353710255,0.2880306046418424,True,False
TWN,vcp,108.83000183105469,100.05000305175781,103.1500015258789,3.0,17%->14%->8%,16.863573820151835,8.06762715388607,0.7720413026211279,49.0,False,,,,,,,,,-5.219149324276673,3.0053305169785647,False,,False,,,,,,,,,,,,,,,,,,,False,False
UMAC,vcp,26.200000762939453,22.8700008392334,22.950000762939453,2.0,17%->13%,16.92135304170212,12.70992300281312,0.8138406420535073,10.0,False,,,,,,,,,-12.404579791452546,0.3485835339719973,False,,False,53.81370985917824,,,,,-176.19047619047618,,-620.0,,687.3212427670824,296.4077755471772,144.42714030227305,39.400390788263806,106.55639516413129,65.27649361755641,129.47561777729476,0.499912898958077,39.400390788263806,True,False
UMC,vcp,19.770000457763672,17.8799991607666,22.639999389648438,2.0,13%->10%,12.805755527308705,9.559945641047609,0.7988076979016541,27.0,True,,,,,,,,,14.516939127119333,21.024736560100017,False,,False,45.81368918559028,,,,,,,,,,,,,,,,,,False,False
UNM,vcp,94.55000305175781,86.54000091552734,94.41999816894531,2.0,11%->8%,11.38969443607741,8.471710076884605,0.7195958802496597,61.0,False,,,,,,,,,-0.13749854956782365,8.345686725515842,False,-93.35260115606935,True,52.147031829861106,-16.145833333333325,33.01886792452828,-44.50261780104717,-93.35260115606935,14.184397163120588,33.01886792452835,360.86956521739114,-88.02083333333334,0.25584577854464996,8.5263294087204,0.23172464932337267,5.0170966739198075,0.44110634239389324,3.4246786473906443,-3.975254558370822,0.5057416552626925,0.23172464932337267,True,False
USAS,vcp,5.679999828338623,5.010000228881836,5.050000190734863,2.0,14%->12%,14.455780409680962,11.79576795256276,0.736924016436011,10.0,False,,,,,,,,,-11.091543250768584,0.7920784226189633,False,,False,57.813673841030095,,,,,,,,,,,,,,,,,,False,False
USB,vcp,66.08000183105469,60.79999923706055,62.84000015258789,3.0,18%->10%->8%,17.764346627116094,7.990318474102663,0.6407411681580101,146.0,False,,,,,,,,,-4.90315010394588,3.2463413599201463,False,14.563106796116498,True,32.813674549375,21.62162162162162,14.563106796116498,24.752475247524753,18.446601941747566,14.406779661016955,-6.349206349206337,3.2786885245901454,9.909909909909898,4.805585980284777,4.504628989912951,3.018867924528301,2.0468227424749186,1.216448499272782,-1.0596546310832067,0.20975353959098442,4.435925520262862,2.0468227424749186,True,False
UVE,vcp,45.11000061035156,41.720001220703125,44.33000183105469,2.0,17%->8%,16.765237863569695,7.514961968035358,0.7178364134885874,49.0,False,,,,,,,,,-1.72910389878799,5.887661860016364,False,30.555555555555557,False,40.14701397144676,68.59504132231406,30.555555555555557,895.652173913044,,8.510638297872353,-17.903930131004408,65.94202898550732,14.049586776859503,6.7206309775804,-0.32973127660705925,6.007395876915567,3.464549456333832,8.503804962331518,-3.520491461686681,1.7320022644464528,0.209926001084626,-0.32973127660705925,True,False
VET,vcp,13.010000228881836,11.880000114440918,13.229999542236328,2.0,12%->9%,11.577182094028766,8.685627168033013,0.6944242338452827,29.0,True,,,,,,,,,1.69100161017753,10.204077660664934,False,,False,53.14698598954861,,,,,,,,,,,,,,,,,,False,False
VICR,vcp,197.19000244140625,174.0,197.91000366210938,3.0,26%->17%->12%,26.221948610685914,11.760232341544299,0.5027385815076123,18.0,True,,,,,,,,,0.36513069211866805,12.081250679440535,False,142.3076923076923,False,37.81366381377315,633.3333333333334,320.8333333333332,142.3076923076923,,-56.43564356435642,60.31746031746028,-30.76923076923077,1416.6666666666667,20.220713434360626,11.540461285693482,18.522851684090757,11.871316420900602,5.31865304295942,-2.860817039928276,14.968869083564119,2.2113911118678775,11.540461285693482,True,False
VMD,vcp,9.390000343322754,8.595000267028809,8.789999961853027,2.0,31%->8%,31.093117684024772,8.466454177067963,0.5744544828507704,32.0,False,,,,,,,,,-6.38978018671094,2.218426571905362,False,-12.49999999999999,True,53.1469909708912,-12.49999999999999,0.0,39.99999999999997,-10.000000000000009,16.666666666666675,-57.14285714285715,55.55555555555558,12.5,23.85340015224562,27.541477109371026,25.51445753356949,23.981104751396455,3.5576948577187295,-1.0068127223323398,5.933476096448542,14.047830499873125,23.85340015224562,True,False
VMI,vcp,511.8699951171875,461.9700012207031,483.44000244140625,2.0,22%->10%,22.196768592078282,9.748567873188243,0.6529621294015489,54.0,False,,,,,,,,,-5.554143229136236,4.441089093223171,False,21.16788321167884,False,37.81366598163195,,27.54629629629628,134.28571428571422,21.16788321167884,11.433756805807626,-38.91352549889135,81.12449799196784,,6.486233851285239,6.1778742492113015,0.09312692447849269,2.529467983434208,8.6953226641741,-0.8729027411245704,-0.7380638253121519,-0.43482068406203167,0.09312692447849269,True,False
VPG,vcp,69.0,59.0,65.37000274658203,2.0,21%->14%,20.840953927344813,14.492753623188406,0.40606218701411034,18.0,False,,,,,,,,,-5.260865584663723,9.744534922656243,False,-750.0,False,51.8136648383912,-750.0,,-333.33333333333337,,,,-123.72881355932202,2849.9999999999995,11.674937800188934,17.57990549337198,10.8997563761992,5.28345240138921,-0.4943511196993544,4.692697214913366,1.0585992374071873,6.0762895650669835,5.28345240138921,True,False
VREX,vcp,11.0,10.015000343322754,18.459999084472656,2.0,11%->9%,10.863752120078386,8.95454233342951,0.60802693847834,43.0,True,,,,,,,,,67.81817349520597,45.74755774637759,False,-211.76470588235296,False,66.14697494122684,,-211.76470588235296,,,,-480.0,-82.75862068965517,,3.6945812807881673,1.4560826679192118,4.904904904904894,11.278561011181342,-2.546296296296291,3.053435114503822,-8.43162953254697,12.758620689655164,1.4560826679192118,True,False
VSXY,vcp,78.48999786376953,71.72000122070312,75.6500015258789,2.0,22%->9%,22.3109708218574,8.625298544174623,0.8288882742634374,11.0,False,,,,,,,,,-3.6182907570208367,5.194977165772268,False,-8.298755186721984,False,81.8136303875,990.0,,-8.298755186721984,,289.2857142857143,-74.6606334841629,,-330.0,10.418094585332426,15.299334811529942,7.68865685809208,9.279881217520414,3.26923076923078,-31.247245482591445,54.144021739130444,0.8910212474297463,7.68865685809208,True,False
VZ,vcp,49.0099983215332,45.09000015258789,50.61000061035156,2.0,15%->8%,15.453227966875415,7.998364217904917,0.7917085848745059,62.0,True,,,,,,,,,3.264644651324905,10.906936161219159,False,-52.542372881355945,True,37.813634723229164,-22.033898305084744,4.347826086956519,-52.542372881355945,49.99999999999998,-23.33333333333333,114.28571428571442,-52.13675213675217,-0.8474576271186418,-0.7274518896359883,2.8520232940122403,1.9618284240912498,1.473147314731471,-0.5429732868757253,-5.335202440834497,7.569261701309826,-1.9794806399258014,-0.7274518896359883,True,False
WAT,vcp,426.2200012207031,392.95001220703125,408.3399963378906,2.0,10%->8%,9.989048460581818,7.805825376187396,0.780756697115878,47.0,False,,,,,,,,,-4.195017791657779,3.76891420602467,False,-156.27530364372467,True,47.81361765324074,-156.27530364372467,-142.85714285714286,-3.0927835051546615,-7.749077490774903,,-123.13829787234043,50.4,1.2145748987854255,113.35927367055771,91.38972809667673,6.839010259947709,8.04830441507216,29.834254143646397,35.88603162380053,16.56633999552437,3.7466926070038875,6.839010259947709,True,False
WMB,vcp,75.3329335432936,69.09821778425393,72.8499984741211,2.0,13%->8%,13.265829354615228,8.276215282996514,0.8258842394017166,53.0,False,,,,,,,,,-3.2959489991791937,5.150007918256754,False,-8.620689655172399,True,51.14694662203704,51.11111111111111,24.99999999999998,53.84615384615381,-8.620689655172399,-2.857142857142847,16.66666666666665,13.20754716981134,17.777777777777782,0.029603315571335997,12.682111296871268,12.66490765171504,15.024711696869852,-28.380669775328528,22.768670309653928,10.083070753365808,3.345174659561878,0.029603315571335997,True,False
WSFS,vcp,82.73689545294805,76.33999633789062,79.7300033569336,2.0,15%->8%,14.883394472984143,7.731616082567781,0.8172904635738246,148.0,False,,,,,,,,,-3.6342819966268305,4.251858618225133,False,23.148148148148096,True,40.14694374914352,28.346456692913378,46.428571428571395,23.148148148148096,26.851851851851862,-0.6097560975609762,23.308270676691766,-2.91970802919711,7.874015748031504,43.70771279639085,47.88475209833509,73.99897604761748,66.63709538649792,14.414229307240056,9.20635391044069,8.403532967247319,6.098365604906353,43.70771279639085,True,False
WST,vcp,360.2900085449219,331.989990234375,346.2300109863281,2.0,16%->8%,15.733165792242696,7.85478854238567,0.28477729826561354,35.0,False,,,,,,,,,-3.9024111757572406,4.112878808912793,False,2.2471910112359605,True,39.813612851724535,18.13186813186811,56.09756097560976,2.2471910112359605,3.7837837837837673,11.979166666666675,5.494505494505475,-5.208333333333314,5.494505494505497,13.803000652315722,21.0458452722063,7.505341880341887,7.725264426295353,3.2429873357793904,4.956521739130437,0.0497141436738735,4.9706457925636105,7.505341880341887,True,False
WTS,vcp,392.89207047582164,347.1099853515625,356.0199890136719,2.0,15%->12%,15.314034693028706,11.652585675453723,0.7128622330041886,51.0,False,,,,,,,,,-9.384786365755593,2.5026694952701694,False,17.27574750830565,True,46.14694585283565,17.27574750830565,34.389140271493225,23.762376237623783,18.93203883495147,18.855218855218837,18.80000000000002,2.0408163265306145,-18.604651162790688,18.564548702811877,21.37992831541218,15.673575129533667,12.527593818984538,12.682710763324966,8.35066389377699,2.190616315187177,-4.971259903681835,12.527593818984538,True,False
WWD,vcp,382.6095839096935,331.69000244140625,337.260009765625,2.0,20%->13%,19.818476865436292,13.308496077899006,0.5072113657093894,33.0,False,,,,,,,,,-11.852702088814452,1.651546926091108,False,23.03370786516854,True,72.14693113,36.36363636363635,23.03370786516854,52.816901408450704,63.97058823529422,9.589041095890405,0.9216589861751112,-2.6905829596412745,26.70454545454548,21.220148430382558,23.419217793893132,28.953249862499586,16.474894907827853,1.7547736592307794,9.44489158556241,0.11956626583500274,8.71902875756736,16.474894907827853,True,True
WYY,vcp,11.399999618530273,10.59000015258789,10.829999923706055,3.0,28%->11%->7%,28.230448223803116,7.105258710936788,0.3312721576387171,23.0,False,,,,,,,,,-4.999997490330663,2.216064384200249,False,,False,61.14692903289352,,,,,0.0,,,,,,,,-39.31338028169014,62.10045662100456,-28.86723507917174,,,False,False
XENE,vcp,63.775001525878906,58.0,58.650001525878906,3.0,16%->11%->9%,15.827144556963832,9.05527461812055,0.6157749729195121,45.0,False,,,,,,,,,-8.036064096243658,1.1082719675499029,False,,False,51.146927320509256,,,,,,,,,,,,,,,,,,False,False
XOM,vcp,168.63999938964844,155.32000732421875,165.99000549316406,2.0,13%->8%,12.884913649225721,7.898477296986579,0.7625333607264012,69.0,False,,,,,,,,,-1.5713910733369216,6.428096762358823,False,,False,47.81359215461805,,,,,112.19512195121952,,,,,,,,42.34166809805413,,,,,False,False
XPRO,vcp,18.719999313354492,17.3700008392334,17.579999923706055,2.0,10%->7%,10.037171520478978,7.211530574993293,0.7037173936001689,8.0,False,,,,,,,,,-6.089740552688928,1.1945340465529772,False,,False,39.81358657878472,,,,,,,,,,,,,,,,,,False,False
ZIM,vcp,29.03499984741211,26.850000381469727,29.56999969482422,2.0,10%->8%,10.317994899068283,7.525398579043325,0.24173282316625305,17.0,True,,,,,,,,,1.8426032382424617,9.198509778241853,True,,False,67.81357211935185,,,,,,,,,,,,,,,,,,False,False
ZVRA,vcp,12.899999618530273,11.880000114440918,12.010000228881836,3.0,39%->12%->8%,39.47455621001513,7.906973133736932,0.5470064583160424,46.0,False,,,,,,,,,-6.899220278812979,1.0824322394956467,False,-88.4297520661157,False,53.146902515775466,-88.4297520661157,,,,-76.66666666666666,185.71428571428547,,-100.82644628099173,53.25141996058884,77.54031665114456,183.35962799966788,605.3585926928282,9.505797901711755,6.1391941391941485,30.93273989947436,0.7032185773347299,53.25141996058884,True,False
