ticker,pattern_type,entry_price,stop_price,last_close,ribbon_width_pct,squeeze_days_ago,expanding,breakout,pole_gain_pct,pole_len,flag_len,retracement_pct,volume_ratio,n_contractions,contraction_pcts,first_contraction_pct,final_contraction_pct,volume_dryup_ratio,base_len,extension_pct,risk_pct,is_lre,eps_min_yoy_pct,eps_full_history_available,days_to_earnings,eps_yoy_q1_pct,eps_yoy_q2_pct,eps_yoy_q3_pct,eps_yoy_q4_pct,eps_qoq_q1_pct,eps_qoq_q2_pct,eps_qoq_q3_pct,eps_qoq_q4_pct,revenue_yoy_q1_pct,revenue_yoy_q2_pct,revenue_yoy_q3_pct,revenue_yoy_q4_pct,revenue_qoq_q1_pct,revenue_qoq_q2_pct,revenue_qoq_q3_pct,revenue_qoq_q4_pct,revenue_min_yoy_pct,revenue_full_history_available,passes_growth
IPDN,bull_flag,6.289999961853027,3.4000000953674316,3.890000104904175,,,,False,6469.697394427978,11.0,3.0,37.84543232737622,0.030930913806613846,,,,,,,-38.15580081882568,12.596400933742743,False,,False,,,,,,,,,,-28.035138806815763,2.890496123186037,3.0689695209015655,2.223429028478341,-23.692635245298032,-7.239794331718896,-3.62988678582854,5.49939384339837,-28.035138806815763,True,False
GTBP,bull_flag,10.479999542236328,6.329999923706055,6.800000190734863,,,,False,4515.079336264447,5.0,10.0,46.58112268689564,0.15268703898840885,,,,,,,-35.114499162622955,6.911768438906714,False,,False,,,,,,,-102.03703703703704,,,,,,,,,,,,False,False
BURU,bull_flag,1.25,0.8799999952316284,0.9549999833106995,,,,False,3548.6486660641767,11.0,10.0,35.7958888230398,0.48009974898384244,,,,,,,-23.600001335144043,7.853402030340201,False,,False,,,,,,,,,,,,-100.0,,28.77093738654315,,,,-100.0,False,False
OPTT,bull_flag,2.309999942779541,1.6699999570846558,1.6699999570846558,,,,False,1990.9090588900667,6.0,5.0,28.767123688465595,0.0331573935803665,,,,,,,-27.705627772648167,0.0,False,,False,75.80848761475694,,,,,-211.30434782608694,,,,-38.01652892561983,22.672064777327925,162.5,25.581395348837212,-0.990099009900991,-57.56302521008403,-5.555555555555558,56.19834710743801,-38.01652892561983,True,False
SWVL,bull_flag,5.989999771118164,3.700000047683716,4.349999904632568,,,,False,277.39726609015094,15.0,10.0,44.691360393978144,0.04473909485673173,,,,,,,-27.378963758782483,14.942525774693232,False,,False,,,,,,,,,,,,,,,,,,,False,False
RFAI,bull_flag,54.70000076293945,25.0,37.0,,,,False,220.00000000000003,15.0,13.0,31.818181818181817,0.07398554272384299,,,,,,,-32.35831904216649,32.432432432432435,False,,False,,,,,,,,,,,,,,,,,,,False,False
IGR,bull_flag,12.73169280374991,11.649999618530273,11.829999923706055,,,,False,191.1669203969298,14.0,14.0,13.155791551928278,0.7498976145594902,,,,,,,-7.08227015796577,1.5215579571989675,False,,False,,,,,,,,,,,,,,,,,,,False,False
VNCE,bull_flag,12.989999771118164,10.319999694824219,10.819999694824219,,,,False,120.87473545255682,9.0,3.0,12.993421607297428,0.5380384410304859,,,,,,,-16.705158695373513,4.6210722190609355,False,-38.235294117647065,False,69.47475619885417,-13.978494623655912,,,-38.235294117647065,,,-233.33333333333334,-77.41935483870968,11.66969320462583,10.532856920925893,4.699186991869908,6.192460267957389,27.723900991645188,-23.501021419952927,-1.6669407701524808,16.22724976447618,4.699186991869908,True,False
PURR,bull_flag,14.760000228881836,10.545000076293945,12.079999923706055,,,,False,82.33533859543614,15.0,15.0,29.727274311475384,0.846769518013045,,,,,,,-18.157183357840694,12.706952459492921,False,,False,47.47502803128472,,,,,1306192.0792079207,,,,,,,,425.2,,,,,False,False
AOUT,bull_flag,17.68899917602539,16.3700008392334,17.079999923706055,,,,False,69.1457311188536,12.0,5.0,6.686033093329921,0.20882830915186743,,,,,,,-3.4428135038003562,4.156903323443336,False,-3300.0,False,71.80937100969908,,,-3300.0,-33.33333333333333,,,-300.0,,25.425897245976703,-24.027315876142197,-3.297154089394072,-5.035529286757868,-20.83554686669925,-16.821620475113118,-1.0891798807671438,92.57625749107805,-24.027315876142197,True,False
SDGR,bull_flag,31.139999389648438,27.690000534057617,29.5,,,,False,63.29788302555015,8.0,4.0,25.29411632709454,0.6608153846153846,,,,,,,-5.266536357716199,6.135591409974179,False,,False,35.80827135386574,,,,,,-280.0,,,7.542139191731034,-1.6187805410488476,-1.2251321942547855,53.935959195239434,0.5154727157901995,-32.84002980455093,60.5827994993005,-0.7943899632937068,-1.6187805410488476,True,False
VICR,bull_flag,291.5299987792969,266.0,285.1000061035156,,,,False,60.89550248528634,15.0,3.0,16.01194733161975,0.8232571926611187,,,,,,,-2.2056024089133563,6.699405715403841,False,142.3076923076923,False,20.474768842314816,633.3333333333334,320.8333333333332,142.3076923076923,,-56.43564356435642,60.31746031746028,-30.76923076923077,1416.6666666666667,20.220713434360626,11.540461285693482,18.522851684090757,11.871316420900602,5.31865304295942,-2.860817039928276,14.968869083564119,2.2113911118678775,11.540461285693482,True,False
AMLX,bull_flag,34.720001220703125,28.709999084472656,29.850000381469727,,,,False,59.12271576536212,14.0,15.0,42.54143779483368,0.3348534346405712,,,,,,,-14.026499619848732,3.8190997736293495,False,,False,36.476041523854164,,,,,,,,,,-100.0,,-100.0,,,,,-100.0,False,False
IRD,bull_flag,5.619999885559082,4.599999904632568,5.050000190734863,,,,False,49.44751432158056,11.0,8.0,45.251394415730616,0.2993693457603172,,,,,,,-10.142343530804444,8.910896417942748,False,,False,42.47546069859954,,,,,,,,,-73.8029146426093,-50.64073226544623,-10.1580660158066,-20.37755365916731,-64.99768196569309,-44.191461836998705,25.527768756089642,6.835530881332419,-73.8029146426093,True,False
CAPR,bull_flag,9.789999961853027,8.149999618530273,8.710000038146973,,,,False,49.44355604989612,10.0,15.0,40.19293048204102,0.29604990382960256,,,,,,,-11.031664227929525,6.429396293502632,False,,False,41.809189159155096,,,,,,,,,-7.921690517003965,-63.4382475774409,1.3777014586210834,64.29114312270147,392.14278829275366,-43.0523150556549,-19.06383632603793,-59.40733891022807,-63.4382475774409,True,False
TITN,bull_flag,26.440000534057617,22.520000457763672,23.469999313354492,,,,False,48.135582955760945,13.0,15.0,43.42722400358367,0.5464703061507786,,,,,,,-11.232984722815864,4.047715736618144,False,-28.57142857142857,False,55.47483856831018,,,,-28.57142857142857,,,-3279.9999999999995,,-9.158056168630335,-12.1067880794702,-15.539246842763921,-5.194579773588459,-4.976635827107034,-18.61132534062493,-0.41504398690478395,17.95009754294268,-15.539246842763921,True,False
ANF,bull_flag,150.0,130.80999755859375,134.17999267578125,,,,False,47.10776346632819,15.0,13.0,43.67556934938817,0.47366974825146274,,,,,,,-10.546671549479166,2.511548145132494,False,-7.547169811320764,True,56.47603631329861,43.29896907216495,-7.547169811320764,1.4084507042253946,-5.600000000000005,183.6734693877551,-59.16666666666668,52.54237288135597,-18.900343642611695,4.809773614880508,1.5045871225204177,5.355800966233559,6.753953378341482,13.724646958532837,-33.29622314501959,29.37993319484682,6.789815979347313,1.5045871225204177,True,False
FEIM,bull_flag,89.58999633789062,81.58000183105469,82.48999786376953,,,,False,46.69524095281044,10.0,5.0,26.191308469354503,0.8166834454153747,,,,,,,-7.924990249294457,1.1031592390360863,False,-251.51515151515147,True,71.80899937851851,485.7142857142856,-251.51515151515147,-90.0,-35.71428571428572,,-412.5,-11.111111111111105,157.1428571428571,,,-100.0,-100.0,,,,,-100.0,False,False
COHU,bull_flag,67.26000213623047,61.7599983215332,66.06999969482422,,,,False,46.15036489704507,14.0,4.0,13.640836350806133,0.6567528256719494,,,,,,,-1.7692572161921474,6.523386398060861,False,,False,29.809152465613426,,,,,,,,,38.37481426448737,29.259171255307503,29.863368819192115,32.41698307146903,19.088228006937392,2.3635768632905174,-3.1833915516162548,17.244613670133724,29.259171255307503,True,False
NRGV,bull_flag,4.688000202178955,4.025000095367432,4.050000190734863,,,,False,45.8715599005904,14.0,4.0,49.66665903727214,0.7705506754262936,,,,,,,-13.609214674256053,0.617286276297568,False,,False,40.80858077201388,,,,,,,,,-10.96504955659885,-72.16294214023736,-99.3114102593554,-86.85884455032758,-74.50330136536105,2691.576313594662,-78.26323422770123,-42.45174752217006,-99.3114102593554,True,False
ALAB,bull_flag,377.8699951171875,342.0,351.30999755859375,,,,False,43.92175541213022,5.0,4.0,19.34726993268772,0.7048536674717104,,,,,,,-7.02887180824103,2.650080448405391,False,-79.67479674796748,False,34.8094472021875,186.20689655172416,144.44444444444446,-79.67479674796748,,88.63636363636363,76.0,-50.0,72.41379310344828,104.45486518171161,93.40010787621831,91.77226852639338,103.8934969845958,27.253446447507955,13.961704911247196,17.351404098449528,20.13807476878988,91.77226852639338,True,False
CNH,bull_flag,14.359999656677246,12.949999809265137,13.260000228881836,,,,False,43.569292142588665,13.0,15.0,33.18077453632768,0.583186664253409,,,,,,,-7.660163329348843,2.3378613443873246,False,-90.0,True,40.47581999475694,-35.29411764705883,-90.0,-42.8571428571429,-75.0,1000.0,-87.5,33.33333333333328,-64.70588235294117,3.0340711265854248,-0.06305170239596647,7.7984984257689405,-7.380535401551159,30.69400630914827,-28.780049427095033,20.232306861156136,-7.933349912956977,-7.380535401551159,True,False
FOSL,bull_flag,6.380000114440918,5.71999979019165,6.019999980926514,,,,False,42.76169652934747,8.0,4.0,35.93750155220423,0.6567939598455974,,,,,,,-5.642635220327912,4.983391888461293,False,,False,43.808961882928244,,,,,,,,,-4.85507377897163,-3.657203602336978,-18.0463692242971,-6.121208120381216,-6.70623462255463,-19.8781565926623,3.820489191379761,22.602410294571396,-18.0463692242971,True,False
AXTI,bull_flag,80.44000244140625,69.5999984741211,73.66999816894531,,,,False,42.452324782954534,13.0,5.0,43.366926798488855,0.74185303514377,,,,,,,-8.416215896303973,5.524636617325012,False,,False,29.809296751805554,,,,,,,,,164.76577278290864,39.098987394089676,-8.221469826727745,18.227955170226263,76.75308275144852,16.852567162883545,-17.578250760150237,55.53021030377212,-8.221469826727745,True,False
VRA,bull_flag,4.289999961853027,4.0,4.150000095367432,,,,False,41.11842156859977,6.0,4.0,23.199996948242188,0.12029140014214641,,,,,,,-3.263400180197764,3.6144600462750343,False,,False,71.47475158188657,,,,,,-269.99999999999983,,,1.1163171413248962,7.832584791698927,-39.162778697512415,-11.67657449314019,28.629133603820335,-34.381773631137506,36.359693508746574,-12.144006322504165,-39.162778697512415,True,False
SEI,bull_flag,72.16899871826172,64.2300033569336,69.1500015258789,,,,False,40.60649366399034,12.0,6.0,26.99145207414106,0.6904887016310223,,,,,,,-4.183232753676659,7.11496465709265,False,,False,33.808250652581016,,,,,,,,,46.068253070874235,26.08044174979536,-2.171723952738991,0.5939269527510893,25.097111416781303,3.9343512323440244,0.23960745649234116,12.075345633962066,-2.171723952738991,True,False
TTRX,bull_flag,13.880000114440918,12.0649995803833,13.039999961853027,,,,False,39.71044593889581,14.0,3.0,37.63022372602528,0.6832669322709163,,,,,,,-6.051874248285808,7.476996812285081,False,,False,43.80814678592593,,,,,,-399.9999999999997,,,,,,,,,,,,False,False
BFLY,bull_flag,10.050000190734863,8.84000015258789,9.149999618530273,,,,False,39.46629866267266,8.0,4.0,38.79003522485499,0.811353470678808,,,,,,,-8.955229404217366,3.3879724466281096,False,,False,30.475904695497686,,,,,,,,,39.468844887311306,24.994110718492337,40.98514674302076,4.513399153737652,22.924990576705607,-15.812521816393232,46.647121783237935,-8.099901637942096,4.513399153737652,True,False
DOCN,bull_flag,151.8300018310547,133.0,136.2899932861328,,,,False,39.37255634035262,12.0,5.0,31.872132163505185,0.6419302217427332,,,,,,,-10.235136901475942,2.413965403333512,False,-61.53846153846154,True,35.475737775335645,-25.64102564102565,-61.53846153846154,9.523809523809534,357.5757575757575,93.33333333333333,-34.78260869565217,-84.76821192052981,287.1794871794872,28.57064471879287,22.40214899645472,18.282298401854334,15.693960218455905,9.026191814815544,6.400841618878661,5.554926535269167,4.999542752629171,15.693960218455905,True,False
DELL,bull_flag,595.510009765625,530.4500122070312,543.4299926757812,,,,False,38.447064568014696,11.0,7.0,35.465118450768095,0.6546267127105779,,,,,,,-8.745447807055484,2.3885285397734863,False,39.02439024390243,True,58.80908220315972,272.94117647058823,282.4817518248175,55.60747663551404,39.02439024390243,20.992366412213737,57.357357357357365,46.05263157894739,34.11764705882352,57.747850617947336,87.53528958850201,39.48017216163136,10.830665681687602,7.13699192555084,31.346055903412328,23.603036474726903,-9.306152606125739,10.830665681687602,True,False
FTK,bull_flag,31.889999389648438,28.43000030517578,28.43000030517578,,,,False,37.779720742076584,12.0,6.0,34.494770740425764,0.7797824142209909,,,,,,,-10.849793511114896,0.0,False,-40.00000000000002,True,34.808943977835646,420.0,-29.41176470588236,-40.00000000000002,562.5,116.6666666666667,33.33333333333337,-83.01886792452831,960.0,70.29477292202229,26.532639716773243,33.02401639182773,12.643239113827342,41.849509642974404,3.7500555399220925,20.502935874783603,-3.974293059125966,12.643239113827342,True,False
RXT,bull_flag,4.275000095367432,3.759999990463257,3.7899999618530273,,,,False,37.66667048136394,14.0,4.0,32.743370487243126,0.561017388715765,,,,,,,-11.345032109823123,0.7915559813120093,False,,False,36.808272343865745,,,,,-1000.0000000000002,,,,0.5703136725198954,1.908626390141266,-0.40840140023337135,-0.6806747558449233,-1.1797669960182833,-0.6883421206795526,1.728247914183556,0.7354044724598552,-0.6806747558449233,True,False
FIRY,bull_flag,13.258999824523926,11.614999771118164,12.510000228881836,,,,False,36.88611075457664,9.0,3.0,42.06799777602112,0.8217122539185465,,,,,,,-5.648990161812475,7.154280107024974,False,,False,43.808975056226856,,,,,,,,,22.91584040612358,32.91775129013106,68.87625907377188,11.439504966617807,6.483422092423985,-3.018893072540063,9.633228611090816,8.566669310700403,11.439504966617807,True,False
AMD,bull_flag,639.0,596.0700073242188,607.8699951171875,,,,False,36.74368960968663,12.0,4.0,16.52646595335787,0.833973091544286,,,,,,,-4.871675255526213,1.9412025412923866,False,59.5744680851064,True,34.80937885731481,155.55555555555554,90.90909090909089,206.6666666666666,59.5744680851064,64.28571428571428,-8.695652173913038,22.666666666666657,38.888888888888886,50.11060507482108,37.84619521376713,34.10812222512405,35.5917289925209,12.513410709060757,-0.16553067185978154,11.075059485182791,20.31229668184775,34.10812222512405,True,True
PRE,bull_flag,25.010000228881836,21.549999237060547,22.760000228881836,,,,False,35.058438425911916,13.0,13.0,43.17461470807732,0.5293970517464097,,,,,,,-8.996401357092648,5.316348768247506,False,,False,41.475048133321756,,,,,,,,,,,,,,,,,,False,False
CRML,bull_flag,8.489999771118164,7.5,7.650000095367432,,,,False,34.48819039544819,5.0,4.0,47.488581492230274,0.5617054755186677,,,,,,,-9.893989380403735,1.9607855359147823,False,,False,,,,,,,,,,,,,,,,,,,False,False
NRXS,bull_flag,7.989999771118164,6.940000057220459,7.400000095367432,,,,False,34.094904001954276,5.0,7.0,35.56701220973461,0.3611135621635931,,,,,,,-7.384226441200068,6.216216651604412,False,,False,,,,,,,,,,115.71694445500769,79.5203510280186,27.190162448352197,21.71970748171761,19.952446788727784,66.08182604141813,19.3135686591555,-9.246537805088106,21.71970748171761,True,False
BE,bull_flag,292.7200012207031,251.3000030517578,262.8699951171875,,,,False,34.04265375115838,15.0,4.0,35.92481455562115,0.8492264090528194,,,,,,,-10.197460364524087,4.401412211489479,False,65.44129822818347,False,27.809258725520834,,65.44129822818347,,,-99.76979281353218,,,,133.78948951018285,36.28098998656175,59.520627975487585,21.377789349547417,-3.411645196146307,50.539320633275594,29.545293951384966,24.116243085616198,21.377789349547417,True,False
RBRK,bull_flag,115.30500030517578,105.9000015258789,113.08999633789062,,,,False,33.37564646240434,8.0,3.0,33.43706355876982,0.6746632074396752,,,,,,,-1.9209955868546402,6.357763767654065,False,-107.73286467486818,False,64.80833876443288,,,-107.73286467486818,,,,,,37.888078487058664,38.992606317845734,46.3324292909725,48.263597794883516,10.383705188752357,2.484616769574566,7.858558512248481,13.007809978700058,37.888078487058664,True,False
HUT,bull_flag,110.69000244140625,91.83000183105469,92.70999908447266,,,,False,33.32473710947548,13.0,5.0,44.83557842176889,0.6437311976583462,,,,,,,-16.24356577862694,0.9491934657621557,False,-273.758865248227,False,35.475533216006944,-207.62711864406782,,-273.758865248227,4200.0,,,-669.7674418604652,-63.559322033898304,81.43780721082834,225.54205821682328,179.2137313056099,90.94546701726307,5.512764549333249,-19.74936153863539,5.96814752724224,102.2082859149132,81.43780721082834,True,False
EPRX,bull_flag,8.770000457763672,7.840000152587891,8.210000038146973,,,,False,32.807568984947586,7.0,11.0,27.884612739438747,0.6556235098994506,,,,,,,-6.385409240440312,4.5066977325202595,False,,False,34.80900701546296,,,,,,,,,,,,,,,,,,False,False
KEEL,bull_flag,4.230000019073486,3.5850000381469727,3.5999999046325684,,,,False,32.57329837666456,13.0,5.0,48.50000178813892,0.7038177243946189,,,,,,,-14.893619659578853,0.4166629689710132,False,,False,40.47539422263889,,,,,,,,,,,,,-50.039403690812364,,,,,False,False
AEHR,bull_flag,105.58000183105469,92.37999725341797,98.48999786376953,,,,False,31.899833357690976,12.0,4.0,33.78545253626392,0.7564270059093398,,,,,,,-6.715290627320053,6.203676254316565,False,-650.0,False,33.8094456834375,,,-650.0,-450.0,,,,,33.68585421250621,-43.666357131152026,-26.5293986471419,-16.388444241176913,82.63356928148937,4.340348037231889,-9.89151244416082,-22.144935765490803,-43.666357131152026,True,False
OBIO,bull_flag,6.480000019073486,5.75,5.889999866485596,,,,False,31.856546451385736,11.0,5.0,33.11257776233935,0.5582943925233645,,,,,,,-9.104940599556498,2.3769078040595923,False,,False,36.808502544768515,,,,,,-217.8571428571429,,,-89.47368421052632,-87.32718894009217,12120.158102766798,-12.765957446808507,-19.999999999999996,-99.64420868777695,3490.8246225319394,2.9904306220095656,-89.47368421052632,True,False
CMDB,bull_flag,24.760000228881836,21.59000015258789,22.040000915527344,,,,False,31.37685882794836,15.0,15.0,41.258743124209715,0.7980839063586495,,,,,,,-10.985457545277768,2.0417456635513305,False,,False,44.475856404791664,,,,,,,,,,,,,,,,,,False,False
IOVA,bull_flag,11.170000076293945,10.119999885559082,10.989999771118164,,,,False,30.712529417160916,8.0,4.0,20.800018310546875,0.7851747315565549,,,,,,,-1.6114619869859743,7.91628665767083,False,,False,36.47545917283565,,,,,,,,,65.6541900186816,44.81793852891087,17.744999592911228,15.19938519340791,39.03541929161416,-17.679870002650656,28.635386553998956,12.515012009607695,15.19938519340791,True,False
SVCO,bull_flag,8.814000129699707,7.84499979019165,8.149999618530273,,,,False,30.69620260327428,6.0,3.0,21.391774559263606,0.8075289631063474,,,,,,,-7.5334751690326565,3.7423293572328418,False,-222.22222222222223,False,42.808179389710645,,,-222.22222222222223,,,,,,47.79216467463478,25.993471473176278,2.2005711406013706,70.17863652934744,0.28724303013236696,-2.7229892614508033,-2.249357326478152,54.980079681274894,2.2005711406013706,True,False
VGZ,bull_flag,2.799999952316284,2.5999999046325684,2.690000057220459,,,,False,30.555547277132987,5.0,4.0,33.333345374678494,0.6363720731673365,,,,,,,-3.928567748896867,3.3457305083066267,False,,False,29.808102572905092,,,,,,,,,,,,,,,,,,False,False
SMTC,bull_flag,185.0,162.55999755859375,174.77999877929688,,,,False,30.242804543641967,13.0,4.0,29.07610057985666,0.8432626825898145,,,,,,,-5.524324984163851,6.991647388746071,False,-141.97530864197532,False,54.80824803211806,22.72727272727273,-141.97530864197532,,,,,,-240.9090909090909,16.098779377080596,9.287853154462633,12.81177323131888,19.61647542958831,6.074734091842338,2.7741157226033764,3.7358882371628432,2.660393192511612,9.287853154462633,True,False
MGRT,bull_flag,129.75,116.98999786376953,118.0,,,,False,29.85476160419045,11.0,12.0,13.369366070171735,0.26227208976157085,,,,,,,-9.05587668593449,0.8559340137546346,False,,False,,,,,,,,,,,,,,,,,,,False,False
UMC,bull_flag,25.3799991607666,23.420000076293945,23.850000381469727,,,,False,29.758306474228704,12.0,4.0,39.763120848450654,0.6295687075102075,,,,,,,-6.028364183959498,1.8029362612080724,False,,False,28.474772800925926,,,,,,,,,,,,,,,,,,False,False
MOVE,bull_flag,12.039999961853027,10.010000228881836,11.239999771118164,,,,False,29.56926561971953,13.0,11.0,44.09448434566114,0.3376261385626015,,,,,,,-6.64451987765404,10.943056648425241,False,-195.37444933920702,False,,,,-195.37444933920702,,,,,,,,,,,,,,,False,False
NUAI,bull_flag,7.329999923706055,6.460000038146973,6.960000038146973,,,,False,29.205175014225794,5.0,3.0,33.54428851667421,0.7322447482901733,,,,,,,-5.047747468079232,7.183908006602824,False,,False,43.80854092633101,,,,,,,,,,,,,-0.8371530720419407,,,,,False,False
FORM,bull_flag,133.05999755859375,124.0999984741211,130.97000122070312,,,,False,29.07856363015422,6.0,3.0,24.213723212613246,0.841957261746189,,,,,,,-1.5707172525463806,5.245478111437976,False,-16.666666666666664,True,28.808958565416667,491.6666666666667,225.0,141.6666666666666,-16.666666666666664,173.07692307692304,-10.344827586206872,44.99999999999995,66.66666666666667,31.892052012788685,31.97320198884195,13.552666993872808,-2.52071740165547,14.19361115041744,5.103572640277365,6.161064950956208,3.5128040122983872,-2.52071740165547,True,False
CRWD,bull_flag,263.8699951171875,246.50999450683594,259.25,,,,False,29.038438991809755,14.0,3.0,27.052645799983523,0.6849456544965028,,,,,,,-1.7508603489137562,4.914177625135608,False,,False,62.809142375219906,,,,,-90.9090909090909,,,,25.83040193267132,25.574252741894842,23.318671601775275,22.180843376117878,6.153739565208283,6.147965144115686,5.763123012953675,5.585515915110295,22.180843376117878,True,False
OABI,bull_flag,4.994999885559082,3.890000104904175,4.739999771118164,,,,False,28.106502281059086,15.0,15.0,46.31577969918094,0.3976586307058293,,,,,,,-5.105107513178176,17.93248327548916,False,,False,35.80850780814815,,,,,,,,,244.23915832691816,247.30380356283098,-22.473158089596446,-46.332694151486095,-7.014625355236714,72.24212034383955,274.09557838320677,-42.54554785732615,-46.332694151486095,True,False
JILL,bull_flag,25.0,22.860000610351562,24.219999313354492,,,,False,28.064674234123533,13.0,4.0,29.849184863830843,0.7355862874951306,,,,,,,-3.1200027465820312,5.615188858626638,False,-309.0909090909091,True,,60.86956521739133,-59.210526315789465,-309.0909090909091,-25.00000000000001,258.0645161290323,,-138.3333333333333,-13.043478260869556,0.9411917014596982,-5.998233903851647,-3.084981725860003,-0.4342554397248177,7.712020114108897,4.192185622062761,-8.038651179721368,-2.194387804641229,-5.998233903851647,True,False
INTC,bull_flag,127.44000244140625,114.70999908447266,116.02999877929688,,,,False,27.50669280274929,5.0,4.0,34.24401612223477,0.7504545216771041,,,,,,,-8.953235595985971,1.1376365670183435,False,,False,22.808793964930558,,,,,,,-111.11111111111111,,25.421883505715837,7.184021473119118,-4.109396914446006,2.777777777777768,18.789128673491938,-0.7093754570718147,0.1538123489343013,6.174663659693591,-4.109396914446006,True,False
GCTS,bull_flag,2.2699999809265137,2.0999999046325684,2.180000066757202,,,,False,27.167631412047122,13.0,4.0,21.27662488592686,0.7494264513469432,,,,,,,-3.964753961477019,3.669732095175381,False,,False,42.80892634626157,,,,,,,,,-17.85109983079526,287.0967741935484,-57.535014005602235,-83.52490421455938,-49.427083333333336,153.2981530343008,76.27906976744185,-63.62098138747885,-83.52490421455938,True,False
AMBQ,bull_flag,73.08000183105469,66.73500061035156,68.30000305175781,,,,False,27.082585060965947,13.0,5.0,28.74585072923678,0.6096392289512886,,,,,,,-6.540775396184594,2.291365111975602,False,,False,36.476087206701386,,,,,,-101.47058823529412,,,89.67716667599173,59.2931604373252,2.358630218099278,-10.305155046415171,35.27932960893854,20.80601619745468,14.197632810349582,1.633749230683157,-10.305155046415171,True,False
MRVL,bull_flag,267.4800109863281,248.13999938964844,251.89999389648438,,,,False,27.063149351165205,13.0,4.0,25.44736686171597,0.7389053373378045,,,,,,,-5.82474070955534,1.4926536712744294,False,-80.0,False,62.808627915717594,50.0,-80.0,95.65217391304337,,725.0,-91.11111111111111,-79.54545454545456,900.0,36.54852699267235,27.568195008705754,22.080994827775946,36.83134357891959,13.297212341798325,8.973723351512142,6.951072547601833,3.409600717810668,22.080994827775946,True,False
ILMN,bull_flag,277.95001220703125,250.9199981689453,271.8999938964844,,,,False,26.884284524137225,9.0,3.0,8.242481359377331,0.675774385467172,,,,,,,-2.1766569688223347,7.7160706871977345,False,-77.82805429864254,True,29.808804241388888,-9.395973154362414,6.0975609756097615,86.20689655172397,-77.82805429864254,55.17241379310347,-59.72222222222223,120.40816326530614,-34.228187919463096,9.442870632672328,4.8030739673391,4.98188405797102,0.37037037037037646,6.232813932172321,-5.867126833477132,6.918819188191883,2.3607176581680767,0.37037037037037646,True,False
DBI,bull_flag,6.586623836064718,5.800000190734863,6.289999961853027,,,,False,26.79611003448541,6.0,10.0,49.49263359928661,0.7498324625170377,,,,,,,-4.503428184065139,7.7901394926846805,False,45.83333333333333,False,69.47574862715277,47.61904761904763,,,45.83333333333333,1450.0,,-202.85714285714283,66.66666666666666,-1.2292390232036432,1.3744178632104198,0.002382380474563739,-3.1887791207858007,4.957851655058509,-2.4158163873041816,-5.159680015310785,1.6812843763936325,-3.1887791207858007,True,False
MRVI,bull_flag,7.760000228881836,6.485000133514404,7.630000114440918,,,,False,26.584511875302375,15.0,14.0,46.68872959232008,0.4532765095809522,,,,,,,-1.6752591573009543,15.006552604886986,False,,False,36.80863182328704,,,,,,,,,8.534295419541316,40.52721451440768,-11.832101559461083,-39.688518652662076,-21.864605009341254,32.02783459671921,19.783809752582272,-12.167436757600692,-39.688518652662076,True,False
GLSI,bull_flag,20.308000564575195,17.1200008392334,18.59000015258789,,,,False,26.347306111123547,7.0,6.0,47.2221947947204,0.7868401375803799,,,,,,,-8.459722100777094,7.907473379712993,False,,False,43.80889473145834,,,,,,,,,,,,,,,,,,False,False
ACMR,bull_flag,78.62000274658203,73.47000122070312,75.94999694824219,,,,False,26.165154678698844,6.0,3.0,43.03644438282962,0.7046170094053882,,,,,,,-3.396089678279642,3.265300628292468,False,-76.59574468085104,True,35.47611180549768,179.54545454545453,-19.999999999999996,-76.59574468085104,15.555555555555568,412.5,118.18181818181799,-78.84615384615384,18.181818181818187,36.006073212859604,34.18452308424285,9.378845577278483,31.956700788328043,26.660555298512946,-5.38681831199116,-9.187843661762518,24.974462789963404,9.378845577278483,True,False
CTKB,bull_flag,5.849999904632568,5.480000019073486,5.739999771118164,,,,False,26.048560125531317,8.0,4.0,19.491529875670754,0.7411400686985442,,,,,,,-1.8803441932929958,4.52961258557732,False,,False,35.80911995777778,,,,,,,-100.0,,5.56554537081706,6.459705236751323,8.116431206068619,1.5398058252427127,9.074430723915249,-28.97603836436491,18.83234849788691,14.67260207885619,1.5398058252427127,True,False
BRUN,bull_flag,17.18000030517578,15.800999641418457,16.239999771118164,,,,False,25.939576543293864,5.0,4.0,36.61932794146174,0.43697505930627684,,,,,,,-5.471481474737956,2.70320280718502,False,,False,47.475908326585646,,,,,,,,,,,,,269.6782619019352,,,,,False,False
CIFR,bull_flag,18.809999465942383,16.68000030517578,16.739999771118164,,,,False,25.59891042217224,15.0,3.0,44.65239980365532,0.7465810884851625,,,,,,,-11.004783379032975,0.3584197536603377,False,-4875.000000000002,False,33.47585996712963,,,-4875.000000000002,,,,,,-42.988637667852636,-28.842500868073284,41.418184401866284,197.51472906812714,-28.70715884953212,-41.65564133911674,-16.729189618865657,64.59772753357053,-42.988637667852636,True,False
SILC,bull_flag,53.310001373291016,46.54999923706055,51.09000015258789,,,,False,25.48722839108113,13.0,4.0,30.089389652438392,0.8014754026801694,,,,,,,-4.164324073372419,8.886280880735868,False,,False,29.474914197824074,,,,,,,,,,,,,,,,,,False,False
MRNA,bull_flag,202.6699981689453,180.38800048828125,197.27999877929688,,,,False,25.058375715367088,5.0,3.0,4.719100747718186,0.7910539585485787,,,,,,,-2.6594954548503744,8.562448497332573,False,-1800.0,False,36.4753044496875,,,,-1800.0,,,,,2.1126760563380254,260.18518518518516,-29.81366459627329,-45.43501611170784,-62.724935732647815,-42.62536873156342,-33.26771653543307,615.4929577464789,-45.43501611170784,True,False
FGI,bull_flag,8.300000190734863,7.650000095367432,7.699999809265137,,,,False,24.77745004458498,14.0,3.0,45.50896510922711,0.2701200533570476,,,,,,,-7.2289200925500685,0.649346949821248,False,-1241.6666666666672,False,43.808998896550925,,,-1241.6666666666672,,,,,,2.8623929214091293,-8.162842549749572,-14.399566381545249,-0.6934174320141762,4.537789338608711,0.10659036437152825,-15.007109988794342,15.647978305879096,-14.399566381545249,True,False
QRVO,bull_flag,119.63999938964844,114.44000244140625,116.30000305175781,,,,False,24.056010835006347,15.0,3.0,22.207826859093704,0.8418795044309447,,,,,,,-2.7917054120109017,1.5993126066589984,False,-3.0303030303029277,False,40.80832903012731,-3.0303030303029277,306.9767441860465,,,-81.7142857142857,36.71875,374.074074074074,-18.181818181818166,-7.038393327460046,8.364135992238486,1.1460962113082562,-7.657067841397769,-18.59915666205755,-6.1921411654005665,29.27838803680607,-5.8306516353565545,-7.657067841397769,True,False
S,bull_flag,24.398000717163086,21.790000915527344,22.739999771118164,,,,False,23.97119197218176,10.0,3.0,49.570805613335395,0.8253072131025235,,,,,,,-6.795642664599891,4.177655519580981,False,,False,64.80826776527778,,,,,,,,,20.5621368964791,20.79561976867559,20.234035854754097,22.912631498993584,5.538988711653792,2.029850305915848,4.727456713258893,6.9079993228261305,20.234035854754097,True,False
PSNL,bull_flag,17.350000381469727,15.914999961853027,16.31999969482422,,,,False,23.830096024496463,14.0,15.0,38.82177154633805,0.5139030833155199,,,,,,,-5.936603250715641,2.4816160572578587,False,,False,34.80833964076389,,,,,,,,,29.95989071673546,-24.91142926474157,3.2440476190476186,-43.61896612081372,44.49974146845914,-10.79850100893629,19.6619523973784,-15.741440446433764,-43.61896612081372,True,False
TSEM,bull_flag,236.9600067138672,217.19000244140625,226.0399932861328,,,,False,23.801803398577583,6.0,4.0,42.69069207270951,0.6057442178866559,,,,,,,-4.608378257230748,3.9152323073748274,False,,False,40.474782790752315,,,,,,,,,,,,,,,,,,False,False
OSUR,bull_flag,4.119999885559082,3.7799999713897705,3.950000047683716,,,,False,23.529411330507056,8.0,4.0,27.631584313437617,0.7562283809710533,,,,,,,-4.12620977178249,4.303799347891997,False,,False,35.80846198405093,,,,,,,,,-1.9300941040906516,-6.702081454010889,-28.527173187341436,-32.14330452210948,9.718889883616821,4.3418151926166715,-1.1888499169281919,-13.305806286409316,-32.14330452210948,True,False
ASTC,bull_flag,7.659999847412109,6.789999961853027,7.639999866485596,,,,False,23.460895070122834,5.0,3.0,44.680864015496866,0.8257229832572298,,,,,,,-0.2610963619440614,11.12565339642563,False,327.27272727272714,False,,327.27272727272714,,,,,,-316.6666666666667,-45.45454545454546,,,,,-2.985074626865669,13.559322033898313,-42.43902439024391,,,False,False
HBIO,bull_flag,8.1899995803833,7.849999904632568,7.980000019073486,,,,False,23.384622427133415,14.0,15.0,11.18424354826971,0.7230632235084595,,,,,,,-2.564097339062211,1.6290741119072274,False,106799.99999999991,False,36.47553319431713,,,106799.99999999991,,,-107.20299345182414,,,11.134474327628352,-4.679893450904748,-3.3433784003909395,-6.276741010468823,9.501324981932058,-12.555298082999789,15.268806760235055,0.6894865525672422,-6.276741010468823,True,False
QLYS,bull_flag,190.0,168.05999755859375,173.8300018310547,,,,False,22.963797436222876,8.0,3.0,48.478697161847094,0.5833974147716869,,,,,,,-8.51052535207648,3.319337405328225,False,10.077519379844958,True,34.80833927008102,16.279069767441868,10.077519379844958,23.529411764705888,12.096774193548377,5.633802816901423,-3.4013605442177353,5.7553956834532904,7.751937984496116,11.040338408650396,9.843088449583792,10.107983491529037,10.408339669974719,3.721859734226074,0.2031012882098615,3.1786769640103074,3.5474393826724127,9.843088449583792,True,False
HPE,bull_flag,65.6500015258789,60.54999923706055,62.630001068115234,,,,False,22.837930805576256,15.0,3.0,15.360283624908034,0.5752300770574691,,,,,,,-4.600152913283943,3.321094995340198,False,-87.25490196078431,False,64.80886855752316,404.7619047619048,,-29.54545454545454,-87.25490196078431,140.9090909090909,41.93548387096775,138.46153846153854,-38.095238095238116,32.95819935691318,39.10428662827896,18.10945273631841,14.328703703703694,14.110937356268982,14.479780960404387,-3.867179591010328,5.873526259378359,14.328703703703694,True,False
ABSI,bull_flag,10.5,9.25,9.489999771118164,,,,False,22.732995155298475,6.0,3.0,27.423818982558856,0.5892779562333447,,,,,,,-9.619049798874627,2.528975520616751,False,,False,47.80944559885417,,,,,,,,,-46.37436762225969,-81.76420695504665,-2.2556390977443663,-77.77777777777779,47.906976744186046,-66.92307692307693,71.95767195767195,-36.25632377740303,-81.76420695504665,True,False
OMER,bull_flag,20.969999313354492,19.3799991607666,19.43000030517578,,,,False,22.59754888483425,5.0,4.0,43.04124838944528,0.4697844338888601,,,,,,,-7.343820021958614,0.2573399054237809,False,,False,43.80848747016204,,,,,-75.80645161290323,-56.64335664335665,,,-4.916011198506864,-65.6767165111196,-100.0,-100.0,188.37561912463357,,,-100.0,-100.0,True,False
PBR,bull_flag,21.43000030517578,20.200000762939453,20.649999618530273,,,,False,22.57882982659345,13.0,9.0,39.15210985566461,0.7888031602157326,,,,,,,-3.6397605018098007,2.179171253770939,False,,False,41.80846011314815,,,,,,,,,,,,,,,,,,False,False
ATRC,bull_flag,61.70000076293945,56.900001525878906,58.40999984741211,,,,False,22.56745978894088,15.0,3.0,27.717366891609394,0.8137608791561384,,,,,,,-5.3322542542066005,2.585170904772917,False,,False,27.809297007256948,,,,,,-100.0,,,12.82879997649462,14.260637437307878,13.053903779460407,15.839013027348802,8.746964580280213,0.533096085409257,4.640684000029793,-1.3735961039819555,12.82879997649462,True,False
FTRE,bull_flag,20.969999313354492,19.25,20.059999465942383,,,,False,21.679566355962354,9.0,4.0,32.417596237282595,0.6428130852027406,,,,,,,-4.339532080158853,4.037883786176514,False,,False,36.475597801250004,,,,,,,,,-4.519217232155426,-2.2723783202825087,-5.236728837876614,3.9116906208327196,6.551453260015716,-3.6336109008327067,-5.8177670041351774,-1.2670702520061972,-5.236728837876614,True,False
OPTX,bull_flag,7.664000034332275,7.070000171661377,7.090000152587891,,,,False,21.27999877929687,6.0,3.0,38.345848218063026,0.3881169235559707,,,,,,,-7.489560010086748,0.2820871720180932,False,,False,,,,,,,,,,26.136363463123068,-7.860697390113113,2.507485305964008,-11.646245306752622,27.028912546907378,-13.216077027495887,7.98604936246623,5.9572784629210895,-11.646245306752622,True,False
PDEX,bull_flag,74.19999694824219,70.5199966430664,71.62000274658203,,,,False,21.239978052741115,6.0,6.0,15.97172262505136,0.8333333333333334,,,,,,,-3.4770812773210995,1.5358922945142184,False,8.196721311475418,True,29.808433644560186,160.60606060606065,22.44897959183674,8.196721311475418,86.66666666666664,-28.3333333333333,81.81818181818181,-52.85714285714285,324.24242424242414,16.645707099577002,14.557252785115416,11.135592211040324,24.220687805859086,2.2908416461977943,6.89063923270643,0.7177549919050286,5.9220304104264265,11.135592211040324,True,False
TNK,bull_flag,103.16000366210938,92.54000091552734,95.70999908447266,,,,False,21.189910492160145,11.0,11.0,47.022113553747616,0.7716228714433382,,,,,,,-7.221795573058031,3.3120867195364876,False,,False,35.80815412954861,,,,,,,,,,,,,,,,,,False,False
TER,bull_flag,401.9700012207031,376.0199890136719,401.29998779296875,,,,False,21.108744731963537,6.0,4.0,32.62342295814581,0.5372846212768205,,,,,,,-0.16668244538141583,6.299526426185406,False,-15.73033707865169,True,21.808179140578705,385.71428571428567,314.75409836065575,82.02247191011234,-15.73033707865169,-5.928853754940711,56.17283950617282,116.00000000000001,53.06122448979591,,,,,7.575783454696938,4.6785914362566405,-27.769080543721415,,,False,False
HYLN,bull_flag,4.355000019073486,3.9200000762939453,3.9600000381469727,,,,False,21.052624974554735,15.0,3.0,30.555535319404825,0.7912133290243816,,,,,,,-9.070033965477428,1.0101000370632516,False,,False,41.80885478230324,,,,,,,,,226.3366336633663,479.14110429447857,-52.81643472498343,,74.57627118644068,297.75280898876406,-6.192358366271411,-49.9009900990099,-52.81643472498343,False,False
MPWR,bull_flag,1377.1400146484375,1302.0999755859375,1351.199951171875,,,,False,20.846247774342473,5.0,4.0,32.96943578367479,0.6015040663683575,,,,,,,-1.8836184556865552,3.6338053108537967,False,-88.11447811447812,True,29.80863751479167,85.76512455516013,39.5017793594306,-88.11447811447812,25.762711864406775,33.16326530612243,11.048158640226657,-4.85175202156336,32.02846975088966,47.55948923671405,26.135982206997376,20.829546459910087,18.876538212826887,21.942339138382327,7.059794583008827,1.8962907094099535,10.924592295214675,18.876538212826887,True,False
PANW,bull_flag,396.29998779296875,367.2699890136719,392.0899963378906,,,,False,19.733309376118633,14.0,3.0,40.15737132542475,0.6808725480413168,,,,,,,-1.0623243968600544,6.33018122268788,False,-227.77777777777771,True,50.808439445324076,-227.77777777777771,-159.45945945945948,60.52631578947367,-4.081632653061229,,-136.0655737704918,29.78723404255319,30.555555555555515,34.43721663709836,31.14897335080822,14.931324767390342,15.661524076671341,13.590939373750842,15.728604471858132,4.850444624090544,-2.464025231618372,14.931324767390342,True,False
STX,bull_flag,932.8699951171875,870.3800048828125,921.510009765625,,,,False,19.700437040722797,6.0,3.0,34.71376844926725,0.6668969686501425,,,,,,,-1.2177458178548721,5.548502386405635,False,67.74193548387098,True,27.808179220011574,150.00000000000006,108.28025477707004,67.74193548387098,72.3404255319149,71.25382262996939,25.769230769230766,6.995884773662553,8.482142857142904,48.48608837970541,44.07407407407406,21.505376344086024,21.26383763837638,16.613110539845756,10.159292035398227,7.455306200076084,7.569558101472995,21.26383763837638,True,True
AMKR,bull_flag,54.88999938964844,51.54999923706055,53.18000030517578,,,,False,19.594269513384987,14.0,4.0,33.98927585583311,0.6717260471260367,,,,,,,-3.1153199189051923,3.065064044305004,False,-18.518518518518523,True,26.80937473311343,266.6666666666667,58.13953488372094,4.081632653061229,-18.518518518518523,-51.470588235294116,33.33333333333333,131.81818181818184,144.44444444444446,27.476760683275646,15.893753552535795,6.735052688858811,3.415592750880281,-10.770129541335328,-4.978540167732948,31.46609218521734,14.362938160906502,3.415592750880281,True,False
GSIT,bull_flag,5.829999923706055,5.389999866485596,5.429999828338623,,,,False,19.591837131892675,5.0,4.0,48.95835920340382,0.459108124618204,,,,,,,-6.86106519042897,0.7366475712259063,False,,False,29.808868587210647,,,,,,,,,0.46156294763648464,7.4111847696753275,12.22755818248984,41.62637362637363,-0.11077702168064141,3.999341672152723,-5.710738671632532,2.562470157568031,0.46156294763648464,True,False
CPIX,bull_flag,8.289999961853027,7.480000019073486,7.71999979019165,,,,False,19.578316519197834,6.0,3.0,35.3846131273984,0.7364729458917836,,,,,,,-6.875756022729431,3.108805409853593,False,-375.0,False,34.809146615046295,,-375.0,,,,,,,-18.787983755826943,-22.041542535230985,31.077193778317213,-8.732986962330113,-3.614768822503922,-33.24402384416416,64.95482228103404,-23.48358175323646,-22.041542535230985,True,False
MASS,bull_flag,11.71500015258789,10.779999732971191,11.65999984741211,,,,False,19.57219089886708,8.0,4.0,21.85795567655118,0.7145579268292682,,,,,,,-0.46948616696032613,7.547170891569355,False,-126.01626016260164,False,41.4753054671875,,-126.01626016260164,,,,-455.55555555555543,,,23.314154200230153,13.619767343126444,-33.734939759036145,-3.5401887182312852,20.125551154622222,-23.009205983889526,24.098536237058198,7.4415036440352855,-33.734939759036145,True,False
BBY,bull_flag,96.52999877929688,88.12000274658203,89.91000366210938,,,,False,19.54452594005982,15.0,4.0,43.21944727975692,0.835051867349099,,,,,,,-6.857966643429932,1.9908807058381879,False,-47.61904761904761,True,55.47593291842592,70.11494252873563,37.89473684210527,365.45454545454527,-47.61904761904761,12.977099236641209,-48.828125,287.8787878787879,-24.13793103448275,3.6130536130536184,1.9276833580472275,-0.9607112130771478,2.4033880359978887,9.433751119068944,-35.31200231649052,42.82464846980976,2.4793388429751984,-0.9607112130771478,True,False
AMRX,bull_flag,20.625,18.735000610351562,20.5,,,,False,19.502067839424097,7.0,5.0,43.31305977655607,0.8376909312916132,,,,,,,-0.6060606060606061,8.60975312023628,False,157.1428571428571,False,29.476040841689816,157.1428571428571,375.0,,,-5.263157894736848,90.00000000000001,899.9999999999998,-85.71428571428572,9.894852782854024,3.8967818009260524,11.471449026581148,11.679535580268418,10.197378892458197,-11.27322339279816,3.7992996929305134,8.282172177532887,3.8967818009260524,True,False
DE,bull_flag,721.219970703125,665.4500122070312,689.5900268554688,,,,False,19.444400644925143,12.0,15.0,24.87157751787535,0.7816323221816092,,,,,,,-4.38561675113071,3.5006327975066567,False,-24.13793103448276,True,56.47574948010416,7.36842105263158,-1.3554216867469826,-24.13793103448276,-14.22319474835887,-22.137404580152676,170.6611570247934,-38.26530612244898,-17.47368421052632,4.909302712597774,4.748099976494546,12.964268923366241,11.225771715721455,-5.6922731692722,39.1010300697118,-22.460669624848727,3.1369612248294265,4.748099976494546,True,False
VBNK,bull_flag,24.040000915527344,21.975000381469727,22.549999237060547,,,,False,19.272347256726817,7.0,11.0,17.647068032582,0.8464509779800713,,,,,,,-6.198010073720132,2.549884146540543,False,,False,70.47476897293981,,,,,,,,,,,,,,,,,,False,False
UCTT,bull_flag,79.5,74.23999786376953,78.06999969482422,,,,False,18.706804163720637,15.0,3.0,25.041075331186498,0.7503429047956884,,,,,,,-1.7987425222336872,4.905856085597761,False,-119.4444444444444,False,34.80813038126158,,,-119.4444444444444,,,,,,-21.30135778522306,-31.32871536523929,-30.63403416557161,-23.098741357915266,2.31545162769371,3.2914989344068113,-2.65099124020286,-23.505554575912534,-31.32871536523929,True,False
MU,bull_flag,1108.719970703125,1032.0,1053.97998046875,,,,False,18.628183005458364,6.0,4.0,37.2741720558064,0.8300035291135479,,,,,,,-4.937224157661753,2.0854267515569473,False,175.44910179640718,True,0.8085818051967593,1368.452380952381,756.0283687943263,175.44910179640718,249.3827160493827,104.39105219552611,162.3913043478261,62.544169611307396,68.45238095238095,345.7155144608107,196.28709797590963,56.65403605465611,46.0,73.74685666387259,74.888221065748,20.574458683163943,21.65358563595312,46.0,True,True
AIP,bull_flag,24.979999542236328,22.540000915527344,23.1200008392334,,,,False,18.520336672735425,6.0,3.0,43.6507756297403,0.7372940109860808,,,,,,,-7.445951709718941,2.508650097978483,False,,False,34.80944400886574,,,,,,,,,46.248939522482125,38.736994918945065,30.008393053134476,18.317134506898668,5.223229856993372,13.89978646273029,15.676700367647056,5.490243606835543,18.317134506898668,True,False
RVTY,bull_flag,152.25999450683594,140.0800018310547,151.02000427246094,,,,False,18.49677084968264,8.0,4.0,14.438964830427548,0.8226150577400055,,,,,,,-0.8143900427628932,7.244075044302724,False,-48.051948051948045,True,26.474941403194443,2.1739130434782483,2.857142857142869,11.688311688311636,-48.051948051948045,30.555555555555557,-58.13953488372092,114.99999999999994,-13.043478260869568,1.3055961259725413,6.973322783191582,5.852157746664255,2.178206531988214,2.611380952247022,-7.892950770410434,10.459561427228593,-2.962026089709058,1.3055961259725413,True,False
NNBR,bull_flag,3.890000104904175,3.5799999237060547,3.7200000286102295,,,,False,18.404905103920143,5.0,3.0,46.66666931576241,0.6445376181103436,,,,,,,-4.370181792016508,3.7634436512754013,False,,False,28.808580676099535,,,,,,,,,19.291889437644194,12.077056997956248,-1.6871180043750544,-8.544111562062561,8.686218890352215,13.117384162878643,0.8028339847134358,-3.7425524226054274,-8.544111562062561,True,False
GNRC,bull_flag,208.89999389648438,193.9600067138672,205.2100067138672,,,,False,17.791235563518605,5.0,4.0,39.209992596008114,0.3749181500703303,,,,,,,-1.7663893204543015,5.482188797784282,False,-119.1588785046729,True,28.475533923414353,92.0,69.86301369863016,-119.1588785046729,-40.74074074074073,93.54838709677418,,-136.60714285714286,-10.399999999999988,10.586532399646043,12.444685979826374,-11.604865885272197,-5.0453192542709635,10.77485097204458,-2.9444692827511387,-2.0504274677772716,5.011831291716962,-11.604865885272197,True,False
BRKR,bull_flag,65.26000213623047,59.16999816894531,63.279998779296875,,,,False,17.718442899485765,5.0,7.0,40.37695315642952,0.8239144249456811,,,,,,,-3.034022819674952,6.494944199803333,False,-919.9999999999999,True,34.4759061837963,-919.9999999999999,-81.81818181818181,11.111111111111116,-251.85185185185182,-2150.0,-80.0,,-919.9999999999999,5.1542513167795345,2.7451959071624676,-0.24499795835034588,-0.45118000925497004,1.8338596065095913,-15.738845681539093,13.561882626380006,7.913217958364682,-0.45118000925497004,True,False
NEWP,bull_flag,6.769999980926514,6.150000095367432,6.369999885559082,,,,False,17.65765739448968,5.0,3.0,38.77552112704839,0.5552464330381072,,,,,,,-5.908420923107437,3.453685936327791,False,,False,44.80858116251157,,,,,,,,,,,,,,,,,,False,False
ENTG,bull_flag,153.60000610351562,143.80999755859375,150.6300048828125,,,,False,17.577027378555087,6.0,4.0,32.31520245761785,0.6835048969482128,,,,,,,-1.933594467894456,4.527655250044369,False,-50.74626865671641,True,35.47566584983797,74.28571428571429,46.34146341463414,-50.74626865671641,-9.80392156862745,1.6666666666666607,81.81818181818177,-28.260869565217384,31.428571428571452,11.45885916203937,5.005173305742372,-3.0486886449645145,-0.07428500680946026,8.78186968838528,-1.4564874377958503,2.0815264527320076,1.8551236749116518,-3.0486886449645145,True,False
BBCP,bull_flag,10.360713919298393,9.529999732971191,9.899999618530273,,,,False,17.454957026338192,6.0,11.0,49.79887549860232,0.5487886282831406,,,,,,,-4.4467428051455915,3.7373727254144193,False,-43.750000000000014,False,105.8092706610301,28.57142857142856,,,-43.750000000000014,125.0,,-166.66666666666669,28.571428571428537,13.135228708886038,14.391858581590245,4.644486594555808,-3.152305944124445,9.30891180544866,19.354088081124775,-17.411445795318915,4.998991068299374,-3.152305944124445,True,False
CRDO,bull_flag,214.8699951171875,187.0,192.6699981689453,,,,False,17.3405118537757,14.0,3.0,23.979045657076085,0.8304603990245428,,,,,,,-10.331827361998393,2.9428547375463703,False,97.05882352941175,False,61.809144397673606,97.05882352941175,313.63636363636357,412.5,,-26.373626373626347,10.975609756097526,86.36363636363636,29.411764705882337,114.14189837008628,151.11506967389744,192.38947716268444,248.83905562641536,11.418685912911354,7.368578813401072,51.85485044417166,17.879352960320883,114.14189837008628,True,False
KOPN,bull_flag,5.099999904632568,4.71999979019165,4.75,,,,False,17.339667754368836,14.0,4.0,30.137022093236688,0.7721386587679919,,,,,,,-6.86274335641942,0.6315833643863076,False,99.99999999999983,False,41.80872754550926,,,99.99999999999983,,,-150.0,100.0,,45.01953893466541,-3.089757431538087,-43.15579459936415,-9.571949001541768,19.622335454911966,26.16128354069207,-31.082190649676377,39.43014524805024,-43.15579459936415,True,False
NVAX,bull_flag,10.979999542236328,10.260000228881836,10.800000190734863,,,,False,17.334782890813273,5.0,4.0,35.624972432858364,0.6949191408100204,,,,,,,-1.6393384244604792,4.999999558484121,False,-151.61290322580646,False,36.475195929212965,-151.61290322580646,-102.04778156996588,,,,-121.42857142857144,,-301.61290322580646,-76.30078582176894,-79.07253376934096,66.61457802538754,-16.644973494888305,-59.3603509325229,-5.182174678365358,108.8707502306764,-70.55467313158334,-79.07253376934096,True,False
FFIV,bull_flag,457.70001220703125,430.94000244140625,435.55999755859375,,,,False,17.034545441443562,11.0,3.0,37.74294053922822,0.8014727255110938,,,,,,,-4.837232697827178,1.06070234711258,False,4.0322580645161255,True,26.80899947855324,11.384615384615394,4.0322580645161255,9.929078014184412,16.487455197132572,40.31007751937985,-16.774193548387096,-4.61538461538461,0.0,10.854722759716552,11.020990996043079,7.302909761262066,8.493130871036092,6.575951706295435,-1.308870286273578,1.527608043550721,3.8084498378974097,7.302909761262066,True,False
PDFS,bull_flag,50.43000030517578,46.540000915527344,49.75,,,,False,16.94833599250838,5.0,4.0,27.06549269637674,0.6492952390007368,,,,,,,-1.3484043249271818,6.452259466276695,False,-99.99999999999997,False,36.80843287827546,233.33333333333334,,-99.99999999999997,-50.0,-16.666666666666664,3.458764513820541e+18,-99.99999999999999,0.0,18.947185276832656,25.852903009753447,24.594189877208738,23.068801310090727,2.3266256444370637,-3.642453087191322,9.258513525343615,10.4140890813486,18.947185276832656,True,False
RCMT,bull_flag,42.0,38.84000015258789,40.66999816894531,,,,False,16.918688828117357,15.0,15.0,36.08767756353433,0.6866080156402737,,,,,,,-3.1666710263206848,4.499626502945768,False,-14.28571428571428,True,35.808327327407405,36.00000000000001,-3.703703703703709,110.52631578947363,-14.28571428571428,30.76923076923077,-35.0,166.66666666666669,-40.0,20.021492720620216,-1.698767653569777,12.434990638651966,16.439990060465504,12.979599701341549,-3.9756695499329253,23.0292079841796,-10.077271447944113,-1.698767653569777,True,False
MTSI,bull_flag,289.260009765625,266.4200134277344,278.55999755859375,,,,False,16.72231372203403,6.0,4.0,33.117011699799086,0.6401381866630227,,,,,,,-3.69909833568111,4.358121854271552,False,42.85714285714286,False,36.47524876806713,166.66666666666669,42.85714285714286,,67.49999999999999,113.33333333333333,-6.25,-4.477611940298498,39.58333333333333,35.7657718413672,22.49721264842912,24.522973381868862,30.123063125903048,18.43954941080792,6.385211257234591,3.9981621166290227,3.6064091019085254,22.49721264842912,True,False
COCO,bull_flag,61.29999923706055,56.93000030517578,57.65999984741211,,,,False,16.63405137732972,8.0,4.0,31.4117431640625,0.4384268277028347,,,,,,,-5.938008866153099,1.2660415264796292,False,25.0,True,28.475815314062498,115.78947368421053,61.290322580645174,66.6666666666666,25.0,63.99999999999999,400.0000000000007,-75.00000000000003,5.263157894736836,28.083835528771807,37.30799489768639,0.3880810413769753,37.17439393255384,20.24198258837928,40.67549907267563,-29.907905634814846,8.031571649512026,0.3880810413769753,True,False
KB,bull_flag,133.2899932861328,123.01000213623047,127.16999816894531,,,,False,16.575412395933785,15.0,11.0,47.94882248383377,0.7934091711198491,,,,,,,-4.59148880295143,3.271208691210556,False,,False,29.475396952743058,,,,,,,,,,,,,,,,,,False,False
MTD,bull_flag,1545.449951171875,1478.18994140625,1545.260009765625,,,,True,16.536258338607148,9.0,3.0,6.682104156362517,0.7384453511946006,,,,,,,-0.012290362823200602,4.340374301768655,True,6.124497991967859,True,36.808584765983795,18.340163934426236,6.658130601792589,16.79261125104954,6.124497991967859,38.65546218487397,-40.11502516175411,31.59886471144746,8.29918032786885,4.484546200701578,7.172099612557492,8.09547547809979,7.874410053062486,8.466340839190512,-16.16379062346479,9.715072074460585,4.72711628413145,4.484546200701578,True,False
CVI,bull_flag,52.9900016784668,49.7599983215332,50.75,,,,False,16.404492667551796,12.0,3.0,27.945220941540544,0.8478642457745584,,,,,,,-4.227215715256435,1.9507422235798952,False,-489.2857142857145,False,28.809099203703706,,,-489.2857142857145,,,,-129.30107526881721,,,,,,,,,,,False,False
CAMT,bull_flag,152.7100067138672,139.22999572753906,142.61000061035156,,,,False,16.372714084181506,12.0,6.0,47.14014015106059,0.7867888780145048,,,,,,,-6.613846938295283,2.3701036872214676,False,,False,47.47586395493055,,,,,,,,,,,,,,,,,,False,False
PPIH,bull_flag,32.099998474121094,29.25,31.8799991607666,,,,False,16.334212278644912,13.0,11.0,38.24884306564531,0.8061990067959389,,,,,,,-0.6853561489476545,8.249683908408734,False,-63.934426229508205,True,,209.99999999999997,-63.934426229508205,165.21739130434767,148.38709677419354,40.90909090909092,-63.93442622950819,-20.779220779220797,670.0,,,,,11.893800408459976,7.586027111574567,14.258967703501968,,,False,False
ONTO,bull_flag,292.3599853515625,272.260009765625,288.739990234375,,,,False,16.23934850171267,5.0,4.0,29.129860204071424,0.4290004033643575,,,,,,,-1.2381978719948494,5.7075504004045055,False,-77.55102040816328,True,36.80848950449074,75.36231884057972,-48.46153846153845,-77.55102040816328,-46.728971962616825,80.59701492537312,204.5454545454549,-61.40350877192986,-17.391304347826086,35.30483404772138,9.50537682806527,1.1093514385954295,-13.48756988224099,17.530459087032323,9.399099173367897,22.30731508343531,-13.960732973970513,-13.48756988224099,True,False
GPRK,bull_flag,11.510000228881836,10.529999732971191,10.680000305175781,,,,False,16.168894836830837,14.0,8.0,47.77070992258835,0.6768241132583754,,,,,,,-7.211119958306784,1.404499699610458,False,,False,35.80886935704861,,,,,,,,,,,,,,,,,,False,False
ADPT,bull_flag,29.959999084472656,27.5,28.510000228881836,,,,False,15.950407360789164,7.0,4.0,14.50776305978354,0.756129887342611,,,,,,,-4.839782709947778,3.5426174001172503,False,,False,35.80944103142361,,,,,,,-233.33333333333331,,21.525501452130634,35.14482390404821,51.03773783686971,102.37536341121998,0.9580382086519679,-1.1258213473584355,-23.721707298905002,59.60359381103619,21.525501452130634,True,False
SWBI,bull_flag,14.3100004196167,13.819999694824219,14.029999732971191,,,,False,15.740512275161201,12.0,4.0,12.55144587086413,0.5266087358316203,,,,,,,-1.9566783957718974,1.4967928876966563,False,-60.00000000000001,False,64.80817852840278,,94.73684210526318,59.999999999999986,-60.00000000000001,-83.78378378378379,362.5,100.0,,32.335413801615,26.7300355917393,17.106614315916644,-3.862614609921422,-36.88680355851538,31.449645933578463,8.854576080853448,46.53784219001611,-3.862614609921422,True,False
FTNT,bull_flag,181.3699951171875,169.55999755859375,176.3300018310547,,,,False,15.659384792533682,14.0,3.0,37.933897950279075,0.6813745391461714,,,,,,,-2.7788462379768784,3.8393944321213214,False,-11.428571428571422,True,35.808922151562506,43.85964912280702,28.57142857142856,-1.4705882352940902,-11.428571428571422,13.888888888888884,7.462686567164178,8.064516129032251,8.771929824561408,25.638036809815958,20.127297525491983,14.752123366062285,14.375704528877398,10.721237024221452,-2.9081364829396272,10.441184996231655,5.822085889570561,14.375704528877398,True,False
TWIN,bull_flag,26.670000076293945,25.350000381469727,26.459999084472656,,,,False,15.655665552798892,14.0,4.0,16.524213273080683,0.7447803636907879,,,,,,,-0.7874052914156224,4.195006581290106,False,20.000000000000128,False,35.47478201523148,20.000000000000128,,2114.285714285714,,-47.8260869565217,-85.16129032258064,,-140.0,18.33095430190943,19.01971886462668,0.2880306046418424,9.738398013635674,18.311374025275605,7.223331115546694,12.730636531826601,-17.255218353710255,0.2880306046418424,True,False
KLIC,bull_flag,91.9000015258789,88.01000213623047,91.68000030517578,,,,False,15.604419181500017,6.0,3.0,23.158993642294945,0.8241959891206531,,,,,,,-0.23939196632240858,4.003052090672957,False,-78.80794701986756,False,49.808725694872685,,,-78.80794701986756,-31.428571428571452,62.12121212121213,106.25,122.2222222222221,,122.6280716648811,49.778993246329925,20.166261346945657,-2.074244839206041,36.18318282424027,21.5383844708829,12.42805167888803,19.63776758100706,-2.074244839206041,True,False
LSCC,bull_flag,128.36000061035156,117.0999984741211,124.02999877929688,,,,False,15.062448340028123,5.0,4.0,33.85286780077008,0.5055508517627934,,,,,,,-3.373326433831051,5.5873581983236615,False,-150.0,True,33.808676773113426,600.0000000000001,300.0,-150.0,-60.00000000000001,-12.49999999999999,,-400.0,0.0,62.198417371804695,42.23637120266335,24.16389170406834,4.9240308125673815,17.66093026793918,17.219737708516234,9.331153589453244,7.564672383057336,4.9240308125673815,True,False
BURU,high_tight_flag,1.1080000400543213,0.8799999952316284,0.9549999833106995,,,,False,2791.891996385059,27.0,8.0,18.393034623488212,0.27163360769187733,,,,,,,-13.808668882008416,7.853402030340201,False,,False,,,,,,,,,,,,-100.0,,28.77093738654315,,,,-100.0,False,False
GTBP,high_tight_flag,7.820000171661377,6.329999923706055,6.800000190734863,,,,False,2739.99991763722,19.0,8.0,19.641672614243884,0.14400865926517187,,,,,,,-13.04347773063811,6.911768438906714,False,,False,,,,,,,-102.03703703703704,,,,,,,,,,,,False,False
OPTT,high_tight_flag,2.380000114440918,1.6699999570846558,1.6699999570846558,,,,False,1364.2856739917581,35.0,9.0,19.895288211362633,0.062111801242236024,,,,,,,-29.831937950265484,0.0,False,,False,75.80848761475694,,,,,-211.30434782608694,,,,-38.01652892561983,22.672064777327925,162.5,25.581395348837212,-0.990099009900991,-57.56302521008403,-5.555555555555558,56.19834710743801,-38.01652892561983,True,False
RFAI,high_tight_flag,46.0,31.0,37.0,,,,False,256.8353246716984,20.0,9.0,9.010902703042985,0.0703844931680966,,,,,,,-19.565217391304348,16.216216216216218,False,,False,,,,,,,,,,,,,,,,,,,False,False
SWVL,high_tight_flag,5.0,3.700000047683716,4.349999904632568,,,,False,213.33332921251844,30.0,8.0,18.402776814836226,0.06824740807606272,,,,,,,-13.000001907348633,14.942525774693232,False,,False,,,,,,,,,,,,,,,,,,,False,False
IGR,high_tight_flag,12.73169280374991,11.649999618530273,11.829999923706055,,,,False,203.9258720545333,40.0,14.0,12.873096885769758,0.7645690945642606,,,,,,,-7.08227015796577,1.5215579571989675,False,,False,,,,,,,,,,,,,,,,,,,False,False
RCEL,high_tight_flag,12.229999542236328,9.600000381469727,11.670000076293945,,,,False,183.54429554584,39.0,15.0,22.068958350509064,0.5668449883898447,,,,,,,-4.578900138208701,17.73778647207679,False,,False,36.80833761722222,,,,,,,,,17.90299572039944,4.0327421555252485,-4.288381287063469,-12.875116015262456,12.72031053294167,9.368366703000408,3.1603243179262552,-7.2917809722374605,-12.875116015262456,True,False
MRNA,high_tight_flag,202.6699981689453,141.16000366210938,197.27999877929688,,,,False,171.29647358856553,35.0,10.0,5.97063119769876,0.7528881033750746,,,,,,,-2.6594954548503744,28.44687523542143,False,-1800.0,False,36.4753044496875,,,,-1800.0,,,,,2.1126760563380254,260.18518518518516,-29.81366459627329,-45.43501611170784,-62.724935732647815,-42.62536873156342,-33.26771653543307,615.4929577464789,-45.43501611170784,True,False
REPL,high_tight_flag,13.739999771118164,12.069999694824219,12.5600004196167,,,,False,147.47663564729487,31.0,12.0,14.828898556307488,0.37194817174364836,,,,,,,-8.588059469854244,3.901279525653345,False,,False,36.47500435016204,,,,,,,,,,,,,,,,,,False,False
CAPR,high_tight_flag,9.789999961853027,8.149999618530273,8.710000038146973,,,,False,144.15584029546565,19.0,15.0,22.522523683557786,0.2247497882884073,,,,,,,-11.031664227929525,6.429396293502632,False,,False,41.809189159155096,,,,,,,,,-7.921690517003965,-63.4382475774409,1.3777014586210834,64.29114312270147,392.14278829275366,-43.0523150556549,-19.06383632603793,-59.40733891022807,-63.4382475774409,True,False
OABI,high_tight_flag,4.994999885559082,4.239999771118164,4.739999771118164,,,,False,129.74358510375427,32.0,10.0,9.48617591578415,0.5632918901626564,,,,,,,-5.105107513178176,10.548523716110859,False,,False,35.80850780814815,,,,,,,,,244.23915832691816,247.30380356283098,-22.473158089596446,-46.332694151486095,-7.014625355236714,72.24212034383955,274.09557838320677,-42.54554785732615,-46.332694151486095,True,False
ABCL,high_tight_flag,14.229999542236328,11.779999732971191,13.920000076293945,,,,False,122.28571573893228,36.0,8.0,0.0,0.6975592732241783,,,,,,,-2.1784924519657753,15.373565600529124,False,,False,36.80944265818287,,,,,,,,,-76.29360805431983,96.3400236127509,788.373935432759,37.6210235131397,-51.2928442573662,-81.46207696080617,400.88218872138464,-47.58253336455163,-76.29360805431983,True,False
OMER,high_tight_flag,21.239999771118164,16.5,19.43000030517578,,,,False,104.55531522917508,34.0,17.0,24.481333260389782,0.7496035052777291,,,,,,,-8.521654827904438,15.07977487985569,False,,False,43.80848747016204,,,,,-75.80645161290323,-56.64335664335665,,,-4.916011198506864,-65.6767165111196,-100.0,-100.0,188.37561912463357,,,-100.0,-100.0,True,False
FGI,high_tight_flag,10.300000190734863,7.650000095367432,7.699999809265137,,,,False,104.34783359856921,30.0,12.0,18.74999793039436,0.017958287356565544,,,,,,,-25.242721682748115,0.649346949821248,False,-1241.6666666666672,False,43.808998896550925,,,-1241.6666666666672,,,,,,2.8623929214091293,-8.162842549749572,-14.399566381545249,-0.6934174320141762,4.537789338608711,0.10659036437152825,-15.007109988794342,15.647978305879096,-14.399566381545249,True,False
RNG,high_tight_flag,81.9000015258789,67.97000122070312,76.12999725341797,,,,False,103.17463861885243,31.0,16.0,21.63677583325996,0.7300032825564378,,,,,,,-7.045182130598278,10.718502991077527,False,221.4285714285714,False,36.80828686010416,221.4285714285714,,,,28.57142857142858,34.61538461538463,36.842105263157876,35.7142857142857,5.901534176448031,5.251643640451209,4.803974535891897,4.909940617479647,1.9888264340677253,0.025775076742950986,0.8420821883489582,2.9427883390984455,4.803974535891897,True,False
A,rainbow_convergence,175.2100067138672,153.1162584284579,175.2100067138672,9.825241914201273,9.0,True,True,,,,,,,,,,,,0.0,12.609866696421193,False,-3.603603603603611,True,56.809444072604165,8.47457627118644,59.999999999999986,-3.603603603603611,24.39024390243909,6.666666666666665,12.149532710280365,-30.065359477124186,29.661016949152575,8.055235903337167,10.011990407673865,6.960142772159439,9.406231628453842,2.3433242506812,2.057842046718572,-3.3852767329392797,7.077100115074808,6.960142772159439,True,False
AAMI,rainbow_convergence,93.79000091552734,90.14700882234688,93.79000091552734,3.1347424215185353,6.0,True,True,,,,,,,,,,,,0.0,3.8842009357282716,True,-12.61261261261264,True,29.476107813391206,171.4285714285714,25.92592592592593,-12.61261261261264,-6.666666666666677,11.764705882352944,-29.89690721649484,130.95238095238096,49.99999999999998,45.290423861852425,39.282735613010836,2.6221692491060766,17.140536149471973,10.838323353293422,-3.0197444831591147,19.41747572815533,13.186813186813184,2.6221692491060766,True,False
AAPL,rainbow_convergence,338.3999938964844,324.642689275266,338.3999938964844,4.001702863723542,13.0,True,True,,,,,,,,,,,,0.0,4.065397420020852,True,18.333333333333336,True,29.809443936458337,28.6624203821656,21.818181818181802,18.333333333333336,89.69072164948457,0.4975124378109541,-29.225352112676063,54.347826086956516,17.19745222929936,16.356501765281383,16.59518241592299,15.652453740949323,7.938480985989682,-1.5892574471146892,-22.65783689028632,40.29629340464154,8.964651835467263,7.938480985989682,True,False
ACA,rainbow_convergence,146.52999877929688,144.91372124167336,146.52999877929688,1.0434029509461378,7.0,True,True,,,,,,,,,,,,0.0,1.1030352494972382,True,60.41666666666667,False,29.80944223033565,446.7213114754099,60.41666666666667,,335.2941176470588,766.2337662337663,-27.358490566037762,-28.378378378378343,21.311475409836067,1.7297297297297343,4.401022644265895,33.668567997598316,24.578388507183014,15.217771558509718,-35.80011229646266,11.619453497117082,23.212355212355206,1.7297297297297343,True,False
ALNT,rainbow_convergence,114.41000366210938,99.65454728421359,114.41000366210938,11.012751903880263,7.0,True,True,,,,,,,,,,,,0.0,12.896998431600029,False,52.380952380952394,True,35.80944422758102,79.41176470588233,52.380952380952394,123.52941176470584,200.0,90.625,-15.789473684210531,-2.564102564102566,14.705882352941169,10.167791485764234,4.60230567080564,17.493648061634293,10.805587279276118,10.69358960515423,-3.0965302677288364,3.3234109108207344,-0.5982318130364428,4.60230567080564,True,False
AME,rainbow_convergence,251.6699981689453,241.04861486726077,251.6699981689453,2.790904748995153,4.0,True,True,,,,,,,,,,,,0.0,4.220361337847844,True,3.5928143712575134,True,29.47603845037037,14.193548387096765,14.473684210526304,3.5928143712575134,8.843537414965997,1.724137931034475,0.5780346820809079,8.125000000000027,3.2258064516129004,14.979336983762037,11.343492471871652,13.444921156992319,10.773784300734413,6.013159880255348,-3.5032685363842297,5.59044213878912,6.444397701759685,10.773784300734413,True,False
AMG,rainbow_convergence,368.1300048828125,360.4374784409904,368.1300048828125,1.914545947249358,3.0,True,True,,,,,,,,,,,,0.0,2.0896222366527515,True,74.54545454545452,True,33.476040554861115,148.21428571428572,74.54545454545452,119.59595959595947,81.74603174603176,80.98958333333334,-64.67341306347745,58.22416302765643,145.35714285714286,29.90673154906731,9.72613773660893,6.160595079153164,2.2463206816421444,17.581207561020374,-2.1020481494789744,5.41666666666667,7.055961070559613,2.2463206816421444,True,False
AMRX,rainbow_convergence,20.5,18.15401765334237,20.5,8.128273928882777,7.0,True,True,,,,,,,,,,,,0.0,11.443816325159178,False,157.1428571428571,False,29.476040841689816,157.1428571428571,375.0,,,-5.263157894736848,90.00000000000001,899.9999999999998,-85.71428571428572,9.894852782854024,3.8967818009260524,11.471449026581148,11.679535580268418,10.197378892458197,-11.27322339279816,3.7992996929305134,8.282172177532887,3.8967818009260524,True,False
ANET,rainbow_convergence,204.9199981689453,193.5920327082768,204.9199981689453,5.374288722416636,9.0,True,True,,,,,,,,,,,,0.0,5.527994125458278,True,15.517241379310365,True,34.809373096956016,35.71428571428572,25.0,17.46031746031751,15.517241379310365,18.74999999999998,8.108108108108091,10.44776119402988,-4.2857142857142705,37.68595791001452,35.125698324022345,28.871773673026844,27.46700535645259,12.059800664451824,8.891389983117604,7.776285578131081,4.694303338171268,27.46700535645259,True,False
APH,rainbow_convergence,84.62000274658203,80.56802124639248,84.62000274658203,3.0860146232469488,4.0,True,True,,,,,,,,,,,,0.0,4.788444066025775,True,24.13793103448276,True,28.47603679565972,59.302325581395365,24.13793103448276,57.62711864406778,102.08333333333334,90.27777777777779,-22.580645161290303,-4.123711340206215,12.790697674418606,55.002389253667936,58.38910829349408,49.123416475601566,53.37228879865306,14.934187215390882,18.342910389812083,3.948727883249381,9.629577190591654,49.123416475601566,True,False
ARQT,rainbow_convergence,27.329999923706055,25.571116094198803,27.329999923706055,4.4110714846429815,6.0,True,True,,,,,,,,,,,,0.0,6.435725702222175,True,,False,27.8093720834375,,,,,,-164.28571428571428,133.33333333333334,,59.330830388692576,65.08160260627133,83.82785467128026,121.69366551223328,23.210117839048184,-17.336846976149577,28.50663683367096,21.735129564193166,59.330830388692576,True,False
ARW,rainbow_convergence,230.4600067138672,215.8896674777165,230.4600067138672,5.181059617213999,8.0,True,True,,,,,,,,,,,,0.0,6.322285347427252,True,11.170212765957444,True,29.476032784432867,46.518105849582184,201.3245033112583,100.0,11.170212765957444,15.604395604395593,21.657754010695186,78.94736842105266,-41.78272980501393,31.824628852945814,39.03029593263416,20.095808291146476,13.032103584780375,5.475129275747581,8.313311831227143,13.405296646072928,1.7492734447879466,13.032103584780375,True,False
AVT,rainbow_convergence,101.44999694824219,93.49793078117779,101.44999694824219,6.988105273758313,14.0,True,True,,,,,,,,,,,,0.0,7.838409468973559,True,-24.242424242424242,True,28.47596240130787,1577.7777777777803,12.871287128712861,-24.242424242424242,-7.57575757575758,32.456140350877185,51.99999999999998,22.95081967213115,577.7777777777789,47.66250815488995,33.94567092778882,11.575605680278777,5.253604827278058,16.51172037783757,12.673361339018863,7.12686053505831,4.997992984792066,5.253604827278058,True,False
BAND,rainbow_convergence,61.0099983215332,53.17629887185551,61.0099983215332,10.69693271968496,5.0,True,True,,,,,,,,,,,,0.0,12.84002567643544,False,-500.0,False,29.4759696090162,,-137.037037037037,-500.0,,,,,,19.824840307390335,-1.0958760578942628,-1.0253606556531514,3.6929298049561687,0.5373962285956324,8.21959926001199,6.60063439862677,3.3126531642954316,-1.0958760578942628,True,False
BAP,rainbow_convergence,385.95001220703125,380.6881963247828,385.95001220703125,1.2925947707123056,8.0,True,True,,,,,,,,,,,,0.0,1.3633412918318364,True,,False,40.80929570471065,,,,,,,,,,,,,,,,,,False,False
BATRA,rainbow_convergence,59.61000061035156,56.36227711907641,59.61000061035156,3.844236846820876,7.0,True,True,,,,,,,,,,,,0.0,5.448286290926778,True,-141.30434782608697,False,35.47597058376157,-141.30434782608697,,,193.74999999999994,,,-236.17021276595747,2.1739130434782483,-2.3431698886186125,52.52165808815743,17.623469818488815,7.1778005600776185,323.73519241184886,17.460809422051128,-80.32246467525631,-0.2886954295224675,-2.3431698886186125,True,False
BATRK,rainbow_convergence,54.290000915527344,51.53900946227945,54.290000915527344,3.849624004151068,5.0,True,True,,,,,,,,,,,,0.0,5.067215706126628,True,-141.30434782608697,False,35.47595713466435,-141.30434782608697,,,193.74999999999994,,,-236.17021276595747,2.1739130434782483,-2.3431698886186125,52.52165808815743,17.623469818488815,7.1778005600776185,323.73519241184886,17.460809422051128,-80.32246467525631,-0.2886954295224675,-2.3431698886186125,True,False
BDX,rainbow_convergence,183.8300018310547,178.63516838507468,183.8300018310547,2.1721910819047827,1.0,True,True,,,,,,,,,,,,0.0,2.8258898951403033,True,-203.73831775700936,True,36.475927308935184,-31.499999999999993,-203.73831775700936,28.846153846153854,24.817518248175176,,-182.8358208955224,-21.63742690058479,-14.500000000000002,5.438002539145148,5.223214285714284,1.6253869969040213,37.31837410336583,5.7064064488757005,-10.243716679360249,-29.65443343155639,57.97714769360982,1.6253869969040213,True,False
BFLY,rainbow_convergence,9.149999618530273,8.214489374507693,9.149999618530273,9.9699112267623,5.0,True,True,,,,,,,,,,,,0.0,10.224156098629956,False,,False,30.475904695497686,,,,,,,,,39.468844887311306,24.994110718492337,40.98514674302076,4.513399153737652,22.924990576705607,-15.812521816393232,46.647121783237935,-8.099901637942096,4.513399153737652,True,False
BIIB,rainbow_convergence,228.69000244140625,216.51364031843954,228.69000244140625,4.274084174975575,6.0,True,True,,,,,,,,,,,,0.0,5.324396341325184,True,-119.2307692307693,True,28.475904588854167,31.09756097560976,-119.2307692307693,19.172932330827063,8.250000000000002,,-111.04100946372245,-26.78983833718245,164.02439024390247,1.9251336898395754,-7.141402208009129,2.794224997972261,7.326869244188394,8.704044924102838,-10.072197893241807,-4.188244188244184,8.823529411764696,-7.141402208009129,True,False
BMEZ,rainbow_convergence,16.90999984741211,16.355391435758992,16.90999984741211,2.741206061544923,7.0,True,True,,,,,,,,,,,,0.0,3.2797659175496303,True,,False,,,,,,,,,,,,,,,,,,,False,False
BRKR,rainbow_convergence,63.279998779296875,58.7735073379041,63.279998779296875,6.204457959478525,8.0,True,True,,,,,,,,,,,,0.0,7.121510000514018,True,-919.9999999999999,True,34.4759061837963,-919.9999999999999,-81.81818181818181,11.111111111111116,-251.85185185185182,-2150.0,-80.0,,-919.9999999999999,5.1542513167795345,2.7451959071624676,-0.24499795835034588,-0.45118000925497004,1.8338596065095913,-15.738845681539093,13.561882626380006,7.913217958364682,-0.45118000925497004,True,False
BST,rainbow_convergence,49.939998626708984,47.473763472159035,49.939998626708984,3.180667310550695,9.0,True,True,,,,,,,,,,,,0.0,4.9383965205616835,True,,False,,,,,,,,,,,,,,,,,,,False,False
BSTZ,rainbow_convergence,29.6299991607666,28.8813826610256,29.6299991607666,2.206689493272882,7.0,True,True,,,,,,,,,,,,0.0,2.5265491763234738,True,,False,,,,,,,,,,,,,,,,,,,False,False
BVS,rainbow_convergence,14.020000457763672,13.320427797450904,14.020000457763672,2.7927408600828802,2.0,True,True,,,,,,,,,,,,0.0,4.989819097512045,True,327.27272727272725,False,34.475869243680556,327.27272727272725,,424.99999999999955,,1074.9999999999998,-80.95238095238095,320.0,-54.54545454545454,3.7572802383854853,6.630017113888087,2.7713776180992244,-0.22523819118620558,15.988462324644747,-16.346421785940468,13.883058903289559,-6.1011783827712325,-0.22523819118620558,True,False
BZH,rainbow_convergence,33.36000061035156,32.82019850308859,33.36000061035156,1.6096075626817257,0.0,False,False,,,,,,,,,,,,0.0,1.6181118027182286,False,-1230.0,False,43.47586270373843,,-107.14285714285714,-1230.0,-40.23668639053256,,,-211.8811881188119,,-5.328705257193778,-27.504382326356403,-22.48882084132099,-1.7690102548262976,25.97561035120508,12.752722900979663,-54.098644266418816,45.204238613630835,-27.504382326356403,True,False
CLDT,rainbow_convergence,13.329999923706055,13.063289366798285,13.329999923706055,1.551195638749305,5.0,True,True,,,,,,,,,,,,0.0,2.0008293956060097,True,-40.0,False,35.47586193376157,85.7142857142857,,,-40.0,,-360.0,66.66666666666667,-57.14285714285715,3.91820470959352,0.5026458076342166,2.37108764619538,1.2260774395835172,-13.841953726326894,0.8071323673955577,26.351854828105136,-5.305902210907886,0.5026458076342166,True,False
CNK,rainbow_convergence,38.380001068115234,35.520654188808805,38.380001068115234,4.368089431299146,5.0,True,True,,,,,,,,,,,,0.0,7.4500958825711825,True,-66.38655462184873,False,35.47581618759259,,-8.333333333333337,-66.38655462184873,96.875,-118.18181818181816,-17.499999999999982,-36.5079365079365,,18.938413168115396,-4.666584796757956,-6.975482751139072,28.098610732770357,-17.1583150843746,-9.469387755102044,-8.825093035619346,73.94118734973183,-6.975482751139072,True,False
CODA,rainbow_convergence,10.869999885559082,10.46385904828611,10.869999885559082,3.5646548971225016,10.0,True,True,,,,,,,,,,,,0.0,3.736346288398165,True,0.0,True,120.47581930336806,9.090909090909083,87.5,0.0,399.9999999999995,-19.999999999999996,87.5,-19.999999999999986,-9.090909090909117,9.975263125869361,32.521874997000786,32.73556509987245,29.000972145937286,11.782381027147704,2.889668607617879,-5.020428759787087,0.674546156949396,9.975263125869361,True,False
COHU,rainbow_convergence,66.06999969482422,55.70118305039539,66.06999969482422,13.174119225960576,9.0,True,True,,,,,,,,,,,,0.0,15.693683505860673,False,,False,29.809152465613426,,,,,,,,,38.37481426448737,29.259171255307503,29.863368819192115,32.41698307146903,19.088228006937392,2.3635768632905174,-3.1833915516162548,17.244613670133724,29.259171255307503,True,False
CON,rainbow_convergence,35.36000061035156,34.068284743182815,35.36000061035156,2.8408264875371465,1.0,True,True,,,,,,,,,,,,0.0,3.6530425477159083,True,2.7027027027026973,True,36.809152920324074,45.71428571428573,30.000000000000004,124.99999999999983,2.7027027027026973,30.76923076923077,44.44444444444444,-28.947368421052634,8.571428571428585,10.030229581415618,13.739935137553116,15.920961807668576,16.98438438193115,6.404122516701638,5.653149810788749,-5.886871508379887,3.997022431620323,10.030229581415618,True,False
CRON,rainbow_convergence,3.4100000858306885,3.2152793921746867,3.4100000858306885,4.489178909894662,8.0,True,True,,,,,,,,,,,,0.0,5.710284127707495,True,-108.33333333333333,False,36.475800365208336,,100.0,-108.33333333333333,250.00000000000006,125.0,,-114.28571428571428,,58.4426842026603,40.133903663753024,46.96214646381307,6.055918748540745,17.246184472461845,1.5247804899957362,22.543273067503232,8.62053504707816,6.055918748540745,True,False
CTKB,rainbow_convergence,5.739999771118164,4.925884710473158,5.739999771118164,12.287141262619325,11.0,True,True,,,,,,,,,,,,0.0,14.183189775396372,False,,False,35.80911995777778,,,,,,,-100.0,,5.56554537081706,6.459705236751323,8.116431206068619,1.5398058252427127,9.074430723915249,-28.97603836436491,18.83234849788691,14.67260207885619,1.5398058252427127,True,False
CWBC,rainbow_convergence,26.34000015258789,26.01122342921007,26.34000015258789,0.9714312719274513,2.0,True,True,,,,,,,,,,,,0.0,1.2482031946591277,True,-75.60975609756098,True,22.809095710347222,-75.60975609756098,36.36363636363635,100.0,216.66666666666666,-83.33333333333333,3.44827586206895,1.7543859649123084,39.02439024390243,,,,,,,,,,False,False
CYRX,rainbow_convergence,17.3799991607666,16.2362097277847,17.3799991607666,6.4117784476847905,10.0,True,True,,,,,,,,,,,,0.0,6.581067250934495,True,-109.38967136150235,False,34.80908890511574,-109.38967136150235,,,,,,,-108.4507042253521,7.737492849914207,16.466861598440552,-59.80295043690522,15.439622099851235,2.454077576467628,5.166116611661176,2.75133949766011,-2.686232234786823,-59.80295043690522,True,False
DBRG,rainbow_convergence,15.979999542236328,15.911138672420126,15.979999542236328,0.372001479913692,5.0,True,True,,,,,,,,,,,,0.0,0.4309190975518972,True,1049.9999999999998,False,29.809080823831017,1049.9999999999998,,,,3733.333333333333,-89.28571428571429,211.11111111111117,-10.000000000000009,3.0201027421359994,-3.139595513595672,4.130929286762308,21.83019508500692,0.604748651341791,-17.43517485294952,13.339764201500536,9.427411977199696,-3.139595513595672,True,False
DDD,rainbow_convergence,3.5199999809265137,3.334256257016948,3.5199999809265137,5.02294735473254,9.0,True,True,,,,,,,,,,,,0.0,5.276810366932878,True,-115.78947368421053,False,34.80908076967592,-115.78947368421053,,,,,-174.99999999999983,,-124.56140350877195,-0.27309728168033454,1.055637825259148,-4.277453523562469,-19.20577297680184,-1.003789068224159,-10.103034580098802,16.467029775668784,-3.784348046141839,-19.20577297680184,True,False
DDI,rainbow_convergence,13.09000015258789,12.59240395330996,13.09000015258789,3.251334898461226,6.0,True,True,,,,,,,,,,,,0.0,3.8013460158711774,True,,False,40.80908938762731,,,,,,,,,,,,,,,,,,False,False
DDOG,rainbow_convergence,268.70001220703125,239.83681631314738,268.70001220703125,7.247341949981122,5.0,True,True,,,,,,,,,,,,0.0,10.741791805965756,False,-28.57142857142857,True,36.47574771016204,1100.0,114.28571428571428,-7.1428571428571725,-28.57142857142857,-19.999999999999996,15.384615384615397,29.99999999999996,900.0,35.64444336929702,32.154426546806334,29.20687462977498,28.35224110745258,11.429354964994953,5.584592433439584,7.626367496903397,7.123107068556767,28.35224110745258,True,False
DGII,rainbow_convergence,78.22000122070312,73.1428689909505,78.22000122070312,4.451470034179113,4.0,True,True,,,,,,,,,,,,0.0,6.490836295728432,True,-18.74999999999999,True,42.8090809365162,48.14814814814814,3.5714285714285587,14.814814814814813,-18.74999999999999,37.93103448275863,-6.451612903225811,19.23076923076923,-3.703703703703709,28.978551630485327,25.109327004966374,17.90383763695531,8.839431900392182,6.063039703846473,6.762097630285302,7.105249348423093,6.347080380229553,8.839431900392182,True,False
DMAC,rainbow_convergence,8.319999694824219,6.949760358432997,8.319999694824219,11.008302346008335,7.0,True,True,,,,,,,,,,,,0.0,16.46922339725123,False,,False,42.80908104869213,,,,,,,,,,,,,,,,,,False,False
DXPE,rainbow_convergence,191.42999267578125,184.22117658237508,191.42999267578125,3.523935605754601,6.0,True,True,,,,,,,,,,,,0.0,3.765771493088603,True,-2.400000000000002,True,36.80904646697917,23.076923076923084,-2.400000000000002,7.8125,3.149606299212593,44.26229508196722,-11.594202898550721,5.343511450381677,-8.391608391608385,15.596913463890827,9.46116931651031,11.992847951005924,8.62465243638133,10.5055419451058,-1.0868617152391957,2.660183289081286,3.016351101503556,8.62465243638133,True,False
E,rainbow_convergence,55.619998931884766,53.94207951188642,55.619998931884766,1.7527330331498572,3.0,True,True,,,,,,,,,,,,0.0,3.0167555775274586,True,,False,23.80902841525463,,,,,,,,,,,,,,,,,,False,False
EBF,rainbow_convergence,22.40999984741211,21.62410909944695,22.40999984741211,2.3292759683738984,5.0,True,True,,,,,,,,,,,,0.0,3.506875293691323,True,2.6315789473684292,True,82.47569204525463,2.6315789473684292,2.9411764705881804,7.692307692307687,27.499999999999993,11.428571428571477,-16.666666666666696,-17.647058823529417,34.210526315789465,1.4588927641799643,3.9503349478430705,0.3969089214300725,-0.3655162664835676,2.3369965650716473,-3.7976579112881437,1.5110057156755508,1.5216519028365072,-0.3655162664835676,True,False
EGBN,rainbow_convergence,28.450000762939453,27.940987427197538,28.450000762939453,1.3948896172631475,10.0,True,True,,,,,,,,,,,,0.0,1.78915051701856,True,-408.33333333333337,False,21.80900621853009,,700.0,-117.64705882352939,-408.33333333333337,-52.08333333333333,,,,,,,,,,,,,False,False
EMR,rainbow_convergence,159.38999938964844,152.15926023496823,159.38999938964844,2.7491521232449676,4.0,True,True,,,,,,,,,,,,0.0,4.536507423532751,True,-35.63218390804598,True,35.80900110824074,48.837209302325576,4.90196078431373,-35.63218390804598,82.4561403508772,19.626168224299057,-4.464285714285721,7.692307692307709,20.93023255813955,7.02833296727432,2.933212996389889,4.095808383233535,5.130980731760126,6.817185444980267,4.970087436723425,-10.502471169686988,6.654952778387879,2.933212996389889,True,False
ENTG,rainbow_convergence,150.6300048828125,141.95124562013913,150.6300048828125,4.733173916798543,5.0,True,True,,,,,,,,,,,,0.0,5.761640431084955,True,-50.74626865671641,True,35.47566584983797,74.28571428571429,46.34146341463414,-50.74626865671641,-9.80392156862745,1.6666666666666607,81.81818181818177,-28.260869565217384,31.428571428571452,11.45885916203937,5.005173305742372,-3.0486886449645145,-0.07428500680946026,8.78186968838528,-1.4564874377958503,2.0815264527320076,1.8551236749116518,-3.0486886449645145,True,False
ERO,rainbow_convergence,37.40999984741211,34.49782904775266,37.40999984741211,6.494256566213048,5.0,True,True,,,,,,,,,,,,0.0,7.784471562517002,True,,False,34.80899856872685,,,,,,,,,,,,,,,,,,False,False
ESP,rainbow_convergence,65.5199966430664,62.40314750547159,65.5199966430664,3.365917298171514,13.0,True,True,,,,,,,,,,,,0.0,4.7570959970808495,True,7.47663551401867,True,47.475667125624994,7.47663551401867,57.14285714285714,39.43661971830987,24.590163934426236,16.161616161616156,0.0,30.263157894736835,-28.971962616822434,,,,,,,,,,False,False
EXEL,rainbow_convergence,58.369998931884766,56.26612671836105,58.369998931884766,2.931709845778837,8.0,True,True,,,,,,,,,,,,0.0,3.604372540727373,True,26.15384615384615,True,27.808999159976853,26.15384615384615,43.636363636363626,89.36170212765953,72.49999999999999,3.797468354430378,-11.235955056179737,28.985507246376784,6.153846153846132,10.63402204268813,9.96764767835636,5.62994592019479,10.789336140652628,2.926923505104684,2.0293554136467495,0.15190169885654914,5.190220690844516,5.62994592019479,True,False
FBLA,rainbow_convergence,16.450000762939453,15.86536591690722,16.450000762939453,2.90599863879174,13.0,True,True,,,,,,,,,,,,0.0,3.5540110572479113,True,-100.0,False,29.80901262756944,-100.0,-75.0,,,-100.0,,-233.33333333333331,19.999999999999996,,,,,11.523502276359032,-1.5932826964158542,9.293728516765022,,,False,False
FIRY,rainbow_convergence,12.510000228881836,10.422100039171546,12.510000228881836,15.095378664169637,11.0,True,True,,,,,,,,,,,,0.0,16.689849332615957,False,,False,43.808975056226856,,,,,,,,,22.91584040612358,32.91775129013106,68.87625907377188,11.439504966617807,6.483422092423985,-3.018893072540063,9.633228611090816,8.566669310700403,11.439504966617807,True,False
FORM,rainbow_convergence,130.97000122070312,115.8312120554443,130.97000122070312,9.179783112332602,6.0,True,True,,,,,,,,,,,,0.0,11.558974592775494,False,-16.666666666666664,True,28.808958565416667,491.6666666666667,225.0,141.6666666666666,-16.666666666666664,173.07692307692304,-10.344827586206872,44.99999999999995,66.66666666666667,31.892052012788685,31.97320198884195,13.552666993872808,-2.52071740165547,14.19361115041744,5.103572640277365,6.161064950956208,3.5128040122983872,-2.52071740165547,True,False
FOSL,rainbow_convergence,6.019999980926514,5.338817103801343,6.019999980926514,11.098437702535891,8.0,True,True,,,,,,,,,,,,0.0,11.315330220654458,False,,False,43.808961882928244,,,,,,,,,-4.85507377897163,-3.657203602336978,-18.0463692242971,-6.121208120381216,-6.70623462255463,-19.8781565926623,3.820489191379761,22.602410294571396,-18.0463692242971,True,False
FTNT,rainbow_convergence,176.3300018310547,164.21951274538802,176.3300018310547,6.38707395196592,11.0,True,True,,,,,,,,,,,,0.0,6.868081982594189,True,-11.428571428571422,True,35.808922151562506,43.85964912280702,28.57142857142856,-1.4705882352940902,-11.428571428571422,13.888888888888884,7.462686567164178,8.064516129032251,8.771929824561408,25.638036809815958,20.127297525491983,14.752123366062285,14.375704528877398,10.721237024221452,-2.9081364829396272,10.441184996231655,5.822085889570561,14.375704528877398,True,False
FTRE,rainbow_convergence,20.059999465942383,18.694886899756394,20.059999465942383,6.179668105982113,9.0,True,True,,,,,,,,,,,,0.0,6.805147569937177,True,,False,36.475597801250004,,,,,,,,,-4.519217232155426,-2.2723783202825087,-5.236728837876614,3.9116906208327196,6.551453260015716,-3.6336109008327067,-5.8177670041351774,-1.2670702520061972,-5.236728837876614,True,False
GH,rainbow_convergence,177.3300018310547,166.00177330508214,177.3300018310547,6.082373689871038,11.0,True,True,,,,,,,,,,,,0.0,6.388218806181001,True,,False,28.808913362650465,,,,,,,,,44.332322222605214,48.259457121653696,39.3689238605845,38.500908730075835,11.043044436709604,7.252565187402671,6.059669074948348,14.265278687394446,38.500908730075835,True,False
GRMN,rainbow_convergence,294.04998779296875,280.8710235735224,294.04998779296875,3.3675293571357416,4.0,True,True,,,,,,,,,,,,0.0,4.481878852763376,True,0.48309178743961567,True,28.475533326967593,21.511627906976738,21.428571428571395,0.48309178743961567,32.692307692307686,-23.161764705882348,30.76923076923075,0.48309178743961567,20.348837209302317,14.226444027388464,16.59170804159642,11.65677399178573,20.435317332051927,-17.481123129666276,19.992873684073807,-2.406252962144073,18.205014790577035,11.65677399178573,True,False
HVT,rainbow_convergence,27.829999923706055,27.222910013951264,27.829999923706055,2.042118848131909,5.0,True,True,,,,,,,,,,,,0.0,2.1814226066082796,True,0.0,True,28.47552701402778,6.896551724137945,0.0,54.54545454545456,3800.0,6.896551724137945,70.58823529411762,-56.41025641025641,34.48275862068968,7.68733600331446,4.1213436362334654,9.528458989004784,10.556923024449594,3.1161068500396683,-6.373347728544609,3.822936591184889,7.43488468443585,4.1213436362334654,True,False
IFF,rainbow_convergence,85.72000122070312,83.63133828548875,85.72000122070312,2.141219200358444,5.0,True,True,,,,,,,,,,,,0.0,2.436610948985752,True,-91.41630901287554,False,34.80884727565972,-91.41630901287554,,,-30.434782608695656,-69.6969696969697,724.9999999999993,-49.99999999999996,-93.13304721030042,1.8238665971860302,-3.58775940907492,23.926380368098155,-7.8974358974359005,-28.71214885078438,-20.180547466511356,27.468448403860425,40.38561750911933,-7.8974358974359005,True,False
IOSP,rainbow_convergence,97.87999725341797,92.71491515823473,97.87999725341797,4.383083375582189,5.0,True,True,,,,,,,,,,,,0.0,5.276953657661522,True,-60.902255639097746,False,34.80879525710648,32.97872340425532,-6.870229007633588,,-60.902255639097746,2.4590163934426146,-35.78947368421053,265.38461538461536,-44.680851063829785,11.758016829656581,2.8130671506352067,-2.3993144815766976,-0.3382949932341006,8.428949691085608,-0.5267778753292318,3.100248925096172,0.5003411416875103,-2.3993144815766976,True,False
JAKK,rainbow_convergence,25.25,24.553434572576307,25.25,1.38634092681597,2.0,True,True,,,,,,,,,,,,0.0,2.7586749600938316,True,-62.5,False,29.808792815601855,,,,-62.5,,,-126.4367816091954,,16.91437016138513,-5.807351681633155,-2.774187133339967,-34.3264740085695,30.524204132138433,-16.07848073382948,-39.81629657686663,77.34730548978118,-34.3264740085695,True,False
JCI,rainbow_convergence,148.88999938964844,144.20396446814277,148.88999938964844,2.1260349396460767,11.0,True,True,,,,,,,,,,,,0.0,3.1473134130669234,True,-26.206896551724135,True,35.475459952430555,38.888888888888886,34.92063492063491,180.64516129032265,-26.206896551724135,17.647058823529417,-67.43295019157088,143.92523364485982,48.611111111111114,8.21000704721635,6.837449318098043,3.1049935979513554,2.611054594777884,5.951354148697607,-10.01241850357032,6.444150693985451,6.624383368569409,2.611054594777884,True,False
JNJ,rainbow_convergence,271.95001220703125,265.8300912359855,271.95001220703125,1.8139526392737353,3.0,True,True,,,,,,,,,,,,0.0,2.2503845178674817,True,-52.863436123348016,True,13.475452313414353,-0.8733624454148492,-52.863436123348016,47.51773049645389,90.990990990991,6.074766355140171,2.8846153846153966,-1.8867924528301883,-7.423580786026196,6.5998399528282015,9.907276298360213,9.07637655417406,6.7731743135597045,5.186601280026593,-2.0436411007979105,2.379860792731203,1.0529419197237155,6.5998399528282015,True,False
JWEL,rainbow_convergence,2.549999952316284,2.3399920643742886,2.549999952316284,5.003393014021994,3.0,True,True,,,,,,,,,,,,0.0,8.235603602707348,True,,False,,,,,,,,,,,,,,,,,,,False,False
KELYA,rainbow_convergence,16.540000915527344,15.985514428395078,16.540000915527344,2.906492502062584,5.0,True,True,,,,,,,,,,,,0.0,3.3523969555027517,True,-21399.999999999996,False,36.47539304241898,-40.38461538461539,-206.25,,-21399.999999999996,,,,-919.2307692307692,-5.7723724813940835,-10.661859387071848,-11.913357400722024,-9.93160581832193,-0.24022292687614355,-0.8101410598551295,12.213903743315502,-15.138863677618442,-11.913357400722024,True,False
KEYS,rainbow_convergence,359.739990234375,334.5379076435607,359.739990234375,5.678609815404984,13.0,True,True,,,,,,,,,,,,0.0,7.005638315160582,True,35.570469798657726,False,55.80872710828704,109.09090909090904,35.570469798657726,68.04123711340206,,13.861386138613852,23.926380368098176,20.740740740740726,22.72727272727273,41.34762633996938,32.28043143297381,31.470829909613805,,7.513104251601632,7.312500000000011,18.343195266272193,3.522205206738138,31.470829909613805,False,False
KF,rainbow_convergence,66.56999969482422,64.91974453964372,66.56999969482422,2.1793509006561096,9.0,True,True,,,,,,,,,,,,0.0,2.478977261147275,True,,False,,,,,,,,,,,,,,,,,,,False,False
KODK,rainbow_convergence,9.59000015258789,9.371473803248433,9.59000015258789,2.054309231593937,8.0,True,True,,,,,,,,,,,,0.0,2.2786897378775075,True,-654.5454545454544,False,36.808728691203704,,,-654.5454545454544,-153.33333333333331,,,,,18.250950570342205,7.287449392712553,9.022556390977442,3.065134099616862,17.35849056603773,-8.62068965517241,7.806691449814118,2.281368821292773,3.065134099616862,True,False
LGND,rainbow_convergence,314.1000061035156,289.7404048679897,314.1000061035156,4.105597553771459,12.0,True,True,,,,,,,,,,,,0.0,7.75536477624197,True,825.0000000000002,False,36.47537629795139,825.0000000000002,,,,,-127.68595041322315,-57.3943661971831,2266.666666666667,33.7329665945787,14.093485981514565,39.36746706530878,122.84605882807074,23.14488998878621,-13.314115241511082,-48.32367639289457,142.42761458836375,14.093485981514565,True,False
LQDT,rainbow_convergence,43.33000183105469,41.81438158174624,43.33000183105469,3.3275316116260454,12.0,True,True,,,,,,,,,,,,0.0,3.4978541086102615,True,4.545454545454541,True,50.47533904335648,39.13043478260869,4.545454545454541,27.77777777777779,19.999999999999996,39.13043478260869,0.0,-4.1666666666666625,4.347826086956519,8.094264859228373,3.7439312567132177,-0.9090091636625219,10.437962348144069,7.326972136633203,-0.40175220056262173,2.651412505927775,-1.490719499478621,-0.9090091636625219,True,False
LTRX,rainbow_convergence,7.21999979019165,5.874384194348268,7.21999979019165,12.126797720820882,6.0,True,True,,,,,,,,,,,,0.0,18.63733566407297,False,,False,35.808639532175924,,,,,,,,,8.027324109712541,5.884210526315781,-4.451076666345754,-13.447404351741564,3.237565032972123,1.3535299254383126,-0.06712760958582642,3.311487915669753,-13.447404351741564,True,False
LXFR,rainbow_convergence,17.280000686645508,17.17134129599047,17.280000686645508,0.524169851336274,6.0,True,True,,,,,,,,,,,,0.0,0.6288158931556845,True,-192.30769230769224,True,27.808639926747684,79.99999999999999,-35.0,-192.30769230769224,-78.72340425531914,38.46153846153846,,-220.00000000000003,0.0,-10.22514071294559,-13.505154639175254,-14.79690522243714,-6.539235412474853,14.06436233611441,-4.76730987514189,-5.166846071044128,-12.851782363977481,-14.79690522243714,True,False
LXP,rainbow_convergence,60.90999984741211,60.23589226232756,60.90999984741211,1.0761499812724578,0.0,False,False,,,,,,,,,,,,0.0,1.1067272808623887,False,-110.00000000000001,True,29.47530607539352,-106.38297872340425,-110.00000000000001,745.4545454545457,500.0,,-103.2258064516129,675.0000000000002,-74.46808510638299,-0.6153846153846176,0.20618556701030855,2.935420743639927,6.8560235063663155,-0.30864197530864335,-7.604562737642584,-3.574702108157657,11.897435897435905,-0.6153846153846176,True,False
MRVI,rainbow_convergence,7.630000114440918,7.065274977368381,7.630000114440918,5.855802331535466,5.0,True,True,,,,,,,,,,,,0.0,7.401377832271715,True,,False,36.80863182328704,,,,,,,,,8.534295419541316,40.52721451440768,-11.832101559461083,-39.688518652662076,-21.864605009341254,32.02783459671921,19.783809752582272,-12.167436757600692,-39.688518652662076,True,False
MSGE,rainbow_convergence,81.7699966430664,78.7085846782712,81.7699966430664,1.670830023516589,7.0,True,True,,,,,,,,,,,,0.0,3.7439306475192344,True,-35.29411764705883,False,36.475295548564816,,-35.29411764705883,24.35897435897436,,-290.9090909090909,-94.3298969072165,,,86.79827734711456,2.3041228606653696,12.494802659978754,14.987020349704604,28.61995834302009,-50.3812588723024,175.56618033435618,6.216709732988801,2.3041228606653696,True,False
MSGS,rainbow_convergence,416.3399963378906,395.7315945573302,416.3399963378906,2.303044394823949,7.0,True,True,,,,,,,,,,,,0.0,4.949897190236604,True,580.0,False,30.475254238472225,,,580.0,,,-344.1176470588235,,,36.668513461170726,1.8863876925107936,12.764179237978635,-25.98720618305288,-35.50540376076761,7.132694138177209,922.5173619911797,-80.65572645214432,-25.98720618305288,True,False
MSM,rainbow_convergence,122.13999938964844,120.71673426670547,122.13999938964844,0.8526673170398544,7.0,True,True,,,,,,,,,,,,0.0,1.1652735631695026,True,3.0303030303030054,True,22.475254117754627,41.17647058823528,8.571428571428585,12.048192771084354,3.0303030303030054,89.4736842105263,-18.279569892473123,-8.823529411764708,0.0,7.819429642329423,2.9221154245124836,4.006531076464426,2.7188317770749038,14.089416348687145,-4.961250264061534,-1.2769698673550267,0.7238877819481182,2.7188317770749038,True,False
MTD,rainbow_convergence,1545.260009765625,1393.160280773317,1545.260009765625,7.217012030196157,7.0,True,True,,,,,,,,,,,,0.0,9.8429861661519,True,6.124497991967859,True,36.808584765983795,18.340163934426236,6.658130601792589,16.79261125104954,6.124497991967859,38.65546218487397,-40.11502516175411,31.59886471144746,8.29918032786885,4.484546200701578,7.172099612557492,8.09547547809979,7.874410053062486,8.466340839190512,-16.16379062346479,9.715072074460585,4.72711628413145,4.484546200701578,True,False
MTRN,rainbow_convergence,261.989990234375,250.08681862546374,261.989990234375,3.411870959398786,7.0,True,True,,,,,,,,,,,,0.0,4.543368850948368,True,8.235294117647074,False,28.475251293587963,52.066115702479344,8.235294117647074,,14.018691588785037,100.0,206.66666666666643,-75.40983606557374,0.8264462809917328,42.22046156911259,30.807698712916043,12.104946311382548,1.8531536585645103,11.655002328017684,12.265341375466043,10.104584449919972,3.046393209438958,1.8531536585645103,True,False
NDSN,rainbow_convergence,331.32000732421875,313.7015766529448,331.32000732421875,3.296358309978731,5.0,True,True,,,,,,,,,,,,0.0,5.317647676505426,True,6.091370558375631,True,70.80858161704862,22.97297297297296,6.091370558375631,44.242424242424235,25.94339622641513,30.622009569377994,-12.184873949579833,-10.861423220973787,20.270270270270263,10.270677766554414,8.47939344420723,8.781157583438958,0.9856517686122723,10.369212536461635,10.663205175506874,-10.954616796573646,1.3905427985364982,0.9856517686122723,True,False
NET,rainbow_convergence,353.989990234375,310.5534574779163,353.989990234375,11.323753627817831,14.0,True,True,,,,,,,,,,,,0.0,12.270553957669701,False,,False,29.80858147028935,,,,,,,,,35.86555953747297,33.536288816018796,33.604162227739785,30.6790333006264,8.801181702370432,4.108659461975206,9.337629686829985,9.703190999305122,30.6790333006264,True,False
NHC,rainbow_convergence,225.97000122070312,222.32409333895333,225.97000122070312,1.205518580864817,2.0,True,True,,,,,,,,,,,,0.0,1.6134477417596962,True,-8.424908424908429,True,37.47524745391204,67.10526315789474,9.661835748792269,315.78947368421063,-8.424908424908429,11.894273127753308,43.670886075949355,-36.8,64.4736842105263,4.131014534235677,2.2671021302131944,4.5731843825557394,12.874459190565734,2.313110963886378,-1.038572491343004,0.7269757324341208,2.1026616283517985,2.2671021302131944,True,False
NKSH,rainbow_convergence,42.560001373291016,41.36414509150856,42.560001373291016,2.3993442256184614,1.0,True,True,,,,,,,,,,,,0.0,2.809812601493304,True,52.941176470588246,True,22.808579278310187,119.44444444444446,52.941176470588246,86.00000000000003,64.28571428571428,1.2820512820512775,-16.129032258064523,34.782608695652215,91.66666666666666,5.743755193821176,4.028529267092962,6.873022151898733,2.7379908408847298,2.2837959241571726,-2.1513833626353285,2.4943095599393006,3.0845187466392865,2.7379908408847298,True,False
NNBR,rainbow_convergence,3.7200000286102295,3.5134658590871926,3.7200000286102295,3.2455304283558966,3.0,True,True,,,,,,,,,,,,0.0,5.551993761682763,True,,False,28.808580676099535,,,,,,,,,19.291889437644194,12.077056997956248,-1.6871180043750544,-8.544111562062561,8.686218890352215,13.117384162878643,0.8028339847134358,-3.7425524226054274,-8.544111562062561,True,False
NTAP,rainbow_convergence,204.41000366210938,189.0267435544029,204.41000366210938,5.318505142661492,12.0,True,True,,,,,,,,,,,,0.0,7.525688484960383,True,6.338028169014098,True,62.8085375502662,63.478260869565226,23.170731707317003,15.972222222222232,6.338028169014098,-6.930693069306915,20.958083832335305,10.596026490066212,31.304347826086975,29.890955740859514,12.471131639722866,4.387568555758681,2.834740651387224,3.952772073921973,13.718622300058382,0.46920821114369016,9.364977549711352,2.834740651387224,True,False
NVDA,rainbow_convergence,228.86000061035156,218.86080190152688,228.86000061035156,3.153549252722021,7.0,True,True,,,,,,,,,,,,0.0,4.3691333925358755,True,66.66666666666667,True,48.808517137129634,127.77777777777777,214.47368421052633,97.75280898876404,66.66666666666667,2.9288702928870203,35.79545454545454,35.384615384615394,20.370370370370374,105.85114348672526,85.22763378875223,73.21451272533118,62.49358645459211,17.896220057587463,19.79831784754944,19.50847279233765,21.95622874013221,62.49358645459211,True,True
OGN,rainbow_convergence,13.729999542236328,13.643917451258035,13.729999542236328,0.5516708875797596,4.0,True,True,,,,,,,,,,,,0.0,0.6269635385892497,True,-285.7142857142858,True,40.47516043652778,-28.57142857142857,66.66666666666667,-285.7142857142858,-55.79710144927537,-27.27272727272727,,-227.8688524590164,8.92857142857142,-2.258469259723961,-3.502974223397226,-5.339195979899502,1.2642225031605614,6.712328767123288,-3.1187790311877905,-5.9300873907615514,0.5018820577164407,-5.339195979899502,True,False
PACB,rainbow_convergence,1.7100000381469727,1.3950300674045362,1.7100000381469727,10.743074468513388,7.0,True,True,,,,,,,,,,,,0.0,18.4192961237446,False,,False,36.80845466393519,,,,,,,,,4.99017575969638,-6.97825706207621,6.7420098297836795,2.4632826591084678,4.919576093388556,-3.2855544860955765,-3.331992154101493,7.033079428309952,-6.97825706207621,True,False
PANW,rainbow_convergence,392.0899963378906,358.72694125357987,392.0899963378906,6.370523882132619,10.0,True,True,,,,,,,,,,,,0.0,8.509029915560392,True,-227.77777777777771,True,50.808439445324076,-227.77777777777771,-159.45945945945948,60.52631578947367,-4.081632653061229,,-136.0655737704918,29.78723404255319,30.555555555555515,34.43721663709836,31.14897335080822,14.931324767390342,15.661524076671341,13.590939373750842,15.728604471858132,4.850444624090544,-2.464025231618372,14.931324767390342,True,False
PEB,rainbow_convergence,18.729999542236328,18.20834631770089,18.729999542236328,1.4166377900362186,3.0,True,True,,,,,,,,,,,,0.0,2.7851213950064704,True,-254.16666666666669,False,29.808437460601855,183.33333333333334,,,-254.16666666666669,,,,-716.6666666666667,-0.09692371490196416,7.927785028694889,3.382109004739342,-1.435493041307201,17.78820561483092,-0.9632741004761969,-12.466047857785977,-2.1627484130275265,-1.435493041307201,True,False
PFE,rainbow_convergence,28.719999313354492,27.448938094773137,28.719999313354492,3.3831544458065586,4.0,True,True,,,,,,,,,,,,0.0,4.425700727612223,True,-514.2857142857149,True,34.47509635193287,-107.84313725490196,-9.615384615384626,-514.2857142857149,-20.512820512820518,-108.51063829787235,,-146.77419354838705,21.568627450980383,-33.92063092541321,-5.812356979405031,46.79083549394147,76.77734913199228,-30.417881438289605,-18.398096748612215,8.109582635127243,7.647453645440061,-33.92063092541321,True,False
PK,rainbow_convergence,15.720000267028809,15.130523672669105,15.720000267028809,1.7080281055784043,2.0,True,True,,,,,,,,,,,,0.0,3.7498510454613325,True,-425.0,False,35.80842387844908,,,-425.0,-130.76923076923077,380.0,,,,1.1904761904761862,-1.2698412698412653,0.6399999999999961,-6.009244992295837,9.324758842443725,-1.112877583465821,3.1147540983606614,-9.226190476190476,-6.009244992295837,True,False
PM,rainbow_convergence,193.75999450683594,189.185923709304,193.75999450683594,1.2489662031395252,11.0,True,True,,,,,,,,,,,,0.0,2.3606889591290505,True,-9.302325581395344,False,21.47505465792824,-7.692307692307687,-9.302325581395344,,13.197969543147202,15.384615384615374,14.705882352941234,-39.01345291479823,14.358974358974352,10.374753451676533,9.085044618858195,6.758705955079325,9.423872464937944,10.309481569091261,-2.084539664157503,-4.453665283540797,6.952662721893499,6.758705955079325,True,False
PNTG,rainbow_convergence,40.900001525878906,39.21810018345838,40.900001525878906,2.6656710244436277,14.0,True,True,,,,,,,,,,,,0.0,4.11222806765991,True,-15.000000000000002,True,35.80838031795139,25.0,9.090909090909083,56.25,-15.000000000000002,4.166666666666674,-3.999999999999959,47.05882352941168,-15.000000000000002,35.755190181365926,35.98993528464274,53.168477225081,26.759386345523772,4.4224218892362055,-1.3683668425946038,26.32040831474116,4.345310499724375,26.759386345523772,True,False
PRLB,rainbow_convergence,96.9000015258789,84.14547881034298,96.9000015258789,9.56430525179368,8.0,True,True,,,,,,,,,,,,0.0,13.162561934665812,False,3.4482758620689724,False,30.475056766886578,105.55555555555559,120.00000000000001,,3.4482758620689724,12.12121212121211,32.00000000000001,-16.666666666666664,66.66666666666667,10.571362993565959,10.40450061408027,12.10924024640656,7.7591765576863425,7.180484584027091,2.082890697691453,0.8325576584962358,0.22433975255991,7.7591765576863425,True,False
RAL,rainbow_convergence,69.95999908447266,66.80227118333397,69.95999908447266,4.016799107293378,9.0,True,True,,,,,,,,,,,,0.0,4.513619128733708,True,-1603.703703703704,True,26.80834678465278,21.42857142857144,-31.57894736842104,-1603.703703703704,-38.59649122807017,30.76923076923077,,-3580.0000000000005,-16.666666666666675,12.815418239618515,10.95890410958904,4.306940003761528,-0.8619074386359338,6.210250654695093,-3.606202668589975,4.819504819504816,5.126167295847406,-0.8619074386359338,True,False
RGA,rainbow_convergence,252.97000122070312,244.02290949653428,252.97000122070312,1.9386262048641392,1.0,True,True,,,,,,,,,,,,0.0,3.536819259593936,True,16.627634660421563,True,29.8083302584375,159.62962962962962,16.627634660421563,212.6696832579185,63.519313304721024,40.76305220883532,-27.930535455861083,81.3648293963255,41.1111111111111,18.53902482586176,23.46007604562739,26.597977485212752,9.78587860555653,2.2020326455189476,-2.125094197437827,6.9471308833011,10.805500982318271,9.78587860555653,True,False
RUSHB,rainbow_convergence,55.09000015258789,52.44603095025254,55.09000015258789,4.479581618901395,10.0,True,True,,,,,,,,,,,,0.0,4.799363214761484,True,-14.432989690721653,False,28.808274928530096,1.1111111111111072,5.47945205479452,,-14.432989690721653,18.181818181818187,-4.938271604938271,-2.409638554216853,-7.777777777777784,-1.7822868409209325,-9.580325086605136,-12.52115958429525,-1.0815139313471334,13.375396065601786,-5.1882081143810765,-6.066817681616554,-2.7276046850672864,-12.52115958429525,True,False
SANM,rainbow_convergence,220.05999755859375,206.04148732199792,220.05999755859375,5.835356418873496,5.0,True,True,,,,,,,,,,,,0.0,6.370312820194968,True,-23.275862068965512,True,33.80826369219908,68.25396825396825,46.551724137931046,-23.275862068965512,-19.266055045871553,24.705882352941178,91.01123595505618,1.1363636363636465,-30.15873015873016,69.67478822587803,102.27364823999032,58.98004732977529,3.91012661678658,-13.685968378412516,25.81997703227239,52.15155371705291,2.6856887030616727,3.91012661678658,True,False
SATL,rainbow_convergence,6.050000190734863,5.267521135342031,6.050000190734863,10.194077050948685,6.0,True,True,,,,,,,,,,,,0.0,12.933537697918457,False,,False,43.80827730237269,,,,,,-449.9999999999999,,,236.6962774957699,98.28843995510664,108.18902260052835,26.3395739186572,125.25824253572947,-0.3665585788805825,81.22125702606029,-17.216582064297803,26.3395739186572,True,False
SCCO,rainbow_convergence,202.6300048828125,196.83902188660124,202.6300048828125,2.542522548571382,5.0,True,True,,,,,,,,,,,,0.0,2.8579099129767913,True,20.535714285714278,True,22.808252585601853,71.79487179487178,66.95652173913045,48.1132075471699,20.535714285714278,4.6875,22.29299363057322,16.29629629629632,15.384615384615397,40.57686004588659,36.17989045132772,38.98146817985921,15.230816472755816,0.8844145457966857,9.860974727376082,14.582654783406856,10.694854146181587,15.230816472755816,True,True
SCL,rainbow_convergence,63.91999816894531,62.0738808080441,63.91999816894531,2.863067148513225,5.0,True,True,,,,,,,,,,,,0.0,2.8881686698766558,True,-310.4651162790698,True,28.474916466678238,100.0,-310.4651162790698,57.142857142856826,-54.36893203883495,,-922.7272727272738,-53.19148936170217,-6.000000000000005,15.036430806690548,1.8969920186092004,5.379854606751411,7.944159373274173,13.167711316125974,9.13960634498796,-6.166184412926656,-0.7407233024320226,1.8969920186092004,True,False
SILC,rainbow_convergence,51.09000015258789,44.82219842534026,51.09000015258789,11.083555661025057,8.0,True,True,,,,,,,,,,,,0.0,12.26815758177316,False,,False,29.474914197824074,,,,,,,,,,,,,,,,,,False,False
SLP,rainbow_convergence,18.479999542236328,18.315487700701706,18.479999542236328,0.7582655649779886,3.0,True,True,,,,,,,,,,,,0.0,0.8902156147711374,True,-175.00000000000065,False,29.808247160775462,,46.66666666666668,200.0,-175.00000000000065,-18.181818181818187,633.3333333333334,,,7.479251583754842,8.287268188302432,-2.6580004227436005,-6.450921560222889,-9.900786299452468,31.865805330872377,5.504009163802981,-14.256249079212303,-6.450921560222889,True,False
SND,rainbow_convergence,5.255000114440918,5.047740973156815,5.255000114440918,2.877618474075463,1.0,True,True,,,,,,,,,,,,0.0,3.9440368557661496,True,-70.00000000000004,False,42.80824667719907,-53.70370370370371,,-70.00000000000004,,,-433.3333333333338,-62.50000000000006,-85.18518518518519,13.533287366888835,-42.195923180592985,-46.84582625296326,-64.3644390318161,7.974499089253184,8.339582428858971,8.236148489897044,-10.330958400367729,-64.3644390318161,True,False
STX,rainbow_convergence,921.510009765625,858.6532080523324,921.510009765625,5.2918040601513265,11.0,True,True,,,,,,,,,,,,0.0,6.821065538862619,True,67.74193548387098,True,27.808179220011574,150.00000000000006,108.28025477707004,67.74193548387098,72.3404255319149,71.25382262996939,25.769230769230766,6.995884773662553,8.482142857142904,48.48608837970541,44.07407407407406,21.505376344086024,21.26383763837638,16.613110539845756,10.159292035398227,7.455306200076084,7.569558101472995,21.26383763837638,True,True
SU,rainbow_convergence,68.7699966430664,66.76700657293264,68.7699966430664,2.398160178564803,0.0,False,False,,,,,,,,,,,,0.0,2.9125929444635354,False,,False,34.80817806730324,,,,,,,,,,,,,,,,,,False,False
TER,rainbow_convergence,401.29998779296875,372.7165719307263,401.29998779296875,4.916147875649917,11.0,True,True,,,,,,,,,,,,0.0,7.122705390409506,True,-15.73033707865169,True,21.808179140578705,385.71428571428567,314.75409836065575,82.02247191011234,-15.73033707865169,-5.928853754940711,56.17283950617282,116.00000000000001,53.06122448979591,,,,,7.575783454696938,4.6785914362566405,-27.769080543721415,,,False,False
TGB,rainbow_convergence,8.800000190734863,8.42484607114397,8.800000190734863,4.245799021926274,6.0,True,True,,,,,,,,,,,,0.0,4.263114902950539,True,,False,42.80817869459491,,,,,,,,,,,,,,,,,,False,False
TLYS,rainbow_convergence,4.46999979019165,4.1828298902528935,4.46999979019165,2.961924342518279,1.0,True,True,,,,,,,,,,,,0.0,6.424382850506677,True,-94.11764705882352,True,63.80814090709491,19.999999999999996,-37.5,-94.11764705882352,-33.333333333333336,259.99999999999994,150.0,-90.9090909090909,46.66666666666668,51.943574541636075,-13.053359546018594,-14.2938716867137,30.555171937577686,31.102166487596005,-10.652138093088903,-7.7147352832284355,40.55812138164314,-14.2938716867137,True,False
TSM,rainbow_convergence,452.8800048828125,428.15639237219295,452.8800048828125,4.5666075086452125,8.0,True,True,,,,,,,,,,,,0.0,5.459197192204819,True,,False,15.474780716793981,,,,,,,,,,,,,,,,,,False,False
TWIN,rainbow_convergence,26.459999084472656,24.18620041787776,26.459999084472656,6.865302848605137,14.0,True,True,,,,,,,,,,,,0.0,8.593343708500784,True,20.000000000000128,False,35.47478201523148,20.000000000000128,,2114.285714285714,,-47.8260869565217,-85.16129032258064,,-140.0,18.33095430190943,19.01971886462668,0.2880306046418424,9.738398013635674,18.311374025275605,7.223331115546694,12.730636531826601,-17.255218353710255,0.2880306046418424,True,False
TWN,rainbow_convergence,102.62000274658203,98.79305707344783,102.62000274658203,3.208707028986614,7.0,True,True,,,,,,,,,,,,0.0,3.72923949591462,True,,False,,,,,,,,,,,,,,,,,,,False,False
UFPT,rainbow_convergence,299.2200012207031,285.77461946562505,299.2200012207031,2.593147012999888,3.0,True,True,,,,,,,,,,,,0.0,4.493476940119664,True,0.0,True,33.80810636606481,21.26696832579187,1.3574660633484337,6.730769230769251,0.0,19.64285714285714,0.9009009009008917,5.2132701421801375,-4.52488687782806,15.0738212414669,4.086454086454094,2.5832673165019138,,12.815657384469725,3.550347513682306,-3.6510565612909107,2.2371275863893647,2.5832673165019138,False,False
VGZ,rainbow_convergence,2.690000057220459,2.316781941293013,2.690000057220459,13.537675417208364,7.0,True,True,,,,,,,,,,,,0.0,13.874279107379916,False,,False,29.808102572905092,,,,,,,,,,,,,,,,,,False,False
VLGEA,rainbow_convergence,46.11000061035156,43.900785616699785,46.11000061035156,3.35480399758819,11.0,True,True,,,,,,,,,,,,0.0,4.791184047730884,True,,False,6.474771520416668,,,,,,,,,1.5821341957780177,6.88867357846481,4.464072785042772,3.707130467265163,-10.667140955973785,10.018314672507223,-2.8482189459922314,6.387436598429219,1.5821341957780177,True,False
VNCE,rainbow_convergence,10.819999694824219,7.862243310929157,10.819999694824219,26.954953875462067,10.0,True,True,,,,,,,,,,,,0.0,27.336011712735196,False,-38.235294117647065,False,69.47475619885417,-13.978494623655912,,,-38.235294117647065,,,-233.33333333333334,-77.41935483870968,11.66969320462583,10.532856920925893,4.699186991869908,6.192460267957389,27.723900991645188,-23.501021419952927,-1.6669407701524808,16.22724976447618,4.699186991869908,True,False
VTRS,rainbow_convergence,18.270000457763672,16.860667090748862,18.270000457763672,4.535288085705904,11.0,True,True,,,,,,,,,,,,0.0,7.713920808447086,True,-237.5,False,36.47474503530093,,,,-237.5,-166.66666666666669,,,,4.9565704679181755,8.217192895905278,4.986630255447455,0.2541466024612138,6.729919936176887,-4.904218711897467,-1.5156771180787176,5.001400952647805,0.2541466024612138,True,False
WAB,rainbow_convergence,292.3699951171875,285.5457588325577,292.3699951171875,1.3009960640271816,3.0,True,True,,,,,,,,,,,,0.0,2.334109655094578,True,-4.838709677419395,True,21.474709524143517,18.877551020408177,12.765957446808528,-4.838709677419395,11.042944785276077,9.905660377358494,79.6610169491526,-34.80662983425417,-7.653061224489788,17.479674796747968,13.026819923371647,14.789005032907475,8.374014269620723,7.762711864406779,-0.5059021922428353,2.7373527373527384,6.651884700665178,8.374014269620723,True,False
WAT,rainbow_convergence,442.94000244140625,410.67192357718363,442.94000244140625,4.988354583392081,10.0,True,True,,,,,,,,,,,,0.0,7.284977352771644,True,-156.27530364372467,True,30.47471140917824,-156.27530364372467,-142.85714285714286,-3.0927835051546615,-7.749077490774903,,-123.13829787234043,50.4,1.2145748987854255,113.35927367055771,91.38972809667673,6.839010259947709,8.04830441507216,29.834254143646397,35.88603162380053,16.56633999552437,3.7466926070038875,6.839010259947709,True,False
WBD,rainbow_convergence,30.899999618530273,28.569643665321145,30.899999618530273,6.59310589151893,6.0,True,True,,,,,,,,,,,,0.0,7.541605119670127,True,-220.00000000000003,False,36.474709726851856,-90.47619047619048,,,-220.00000000000003,,,,-109.52380952380953,-11.159804321239298,-0.9577903998218118,-5.654732222997905,-6.006442897225394,-1.9790846733385825,-5.993657505285411,4.588170259812041,-7.816958825927434,-11.159804321239298,True,False
WCC,rainbow_convergence,364.6700134277344,349.18815060844975,364.6700134277344,3.585668513846152,10.0,True,True,,,,,,,,,,,,0.0,4.245444442706455,True,-0.5249343832021025,True,29.47470974994213,10.44386422976502,48.09523809523808,10.6312292358804,-0.5249343832021025,36.01286173633442,-6.606606606606613,-12.137203166226907,-1.0443864229765065,12.975455963116133,13.7807137376724,10.342382311762455,12.928553211644257,9.621552277100708,0.19115102578890486,-2.106757432530526,5.076615363753478,10.342382311762455,True,False
WST,rainbow_convergence,375.6499938964844,354.2419189727438,375.6499938964844,4.717956408148011,11.0,True,True,,,,,,,,,,,,0.0,5.69894190644919,True,2.2471910112359605,True,22.474710818449076,18.13186813186811,56.09756097560976,2.2471910112359605,3.7837837837837673,11.979166666666675,5.494505494505475,-5.208333333333314,5.494505494505497,13.803000652315722,21.0458452722063,7.505341880341887,7.725264426295353,3.2429873357793904,4.956521739130437,0.0497141436738735,4.9706457925636105,7.505341880341887,True,False
XERS,rainbow_convergence,9.829999923706055,8.372357148047318,9.829999923706055,7.820223615301555,5.0,True,True,,,,,,,,,,,,0.0,14.828512583641857,False,,False,36.47470972186343,,,,,-1900.0,-85.71428571428571,,,28.740966465843808,38.270762986742966,42.77608612456114,37.06051448367362,10.79432675304053,-3.123288309811556,15.36300080666846,3.9712604313731026,28.740966465843808,True,False
XMTR,rainbow_convergence,103.13999938964844,93.03924992531904,103.13999938964844,7.714098763383018,8.0,True,True,,,,,,,,,,,,0.0,9.793241733665505,True,,False,34.4747097405787,,,,,,,,,41.054587288599606,35.87907611395566,29.52082183296756,27.535321599457994,11.768663046339544,6.621690454162721,6.464875632902634,11.177074938325537,27.535321599457994,True,False
ABSI,vcp,10.5,9.25,9.489999771118164,,,,False,,,,,,2.0,17%->12%,17.37005689762419,11.904761904761903,0.5884802536859178,4.0,-9.619049798874627,2.528975520616751,False,,False,47.80944559885417,,,,,,,,,-46.37436762225969,-81.76420695504665,-2.2556390977443663,-77.77777777777779,47.906976744186046,-66.92307692307693,71.95767195767195,-36.25632377740303,-81.76420695504665,True,False
ACHV,vcp,8.420000076293945,7.349999904632568,7.75,,,,False,,,,,,2.0,19%->13%,18.865741315631197,12.707840403397435,0.6724629167278602,16.0,-7.957245489584902,5.16129155312815,False,,False,36.47610995184028,,,,,,,,,,,,,,,,,,False,False
ACRS,vcp,5.538000106811523,5.019999980926514,5.429999828338623,,,,False,,,,,,2.0,13%->9%,12.662619878229103,9.353559333592102,0.8060798810458056,4.0,-1.9501675043318303,7.550641995831407,False,,False,36.47611247909722,,,,,,,,,-8.328643781654478,37.18213058419244,-85.93919652551574,-24.091118269673263,-18.386773547094194,54.13127413127412,-60.745680509245226,85.64997186268992,-85.93919652551574,True,False
AGCC,vcp,15.489999771118164,13.880000114440918,14.199999809265137,,,,False,,,,,,2.0,23%->10%,22.50692586179238,10.39380039036002,0.38492239467849226,10.0,-8.32795339518528,2.2535190079046843,False,,False,,,,,,,,,,,,,,,,,,,False,False
AGEN,vcp,8.819999694824219,8.199999809265137,9.430000305175781,,,,True,,,,,,2.0,21%->7%,20.525062572073253,7.029477403756741,0.6586068949288152,15.0,6.9161069326286375,13.043483097614986,False,,False,36.47611215777778,,,,,-100.98039215686273,1033.3333333333294,-95.36082474226802,,34.358335603907975,40.18116845341977,27.45090732943325,20.400605288308384,2.3179985771875744,-1.3682610221026792,13.127170497767482,17.687127787941304,20.400605288308384,True,False
ALAB,vcp,377.8699951171875,342.0,351.30999755859375,,,,False,,,,,,2.0,22%->9%,21.770556575549104,9.492681499112747,0.8224076418460122,15.0,-7.02887180824103,2.650080448405391,False,-79.67479674796748,False,34.8094472021875,186.20689655172416,144.44444444444446,-79.67479674796748,,88.63636363636363,76.0,-50.0,72.41379310344828,104.45486518171161,93.40010787621831,91.77226852639338,103.8934969845958,27.253446447507955,13.961704911247196,17.351404098449528,20.13807476878988,91.77226852639338,True,False
ALGT,vcp,85.0,74.77999877929688,76.55000305175781,,,,False,,,,,,3.0,32%->16%->12%,31.87552025783012,12.023530847886029,0.8243635666799334,37.0,-9.941172880284926,2.3122197281483885,False,32.94797687861271,False,35.80944578534722,,32.94797687861271,,,-109.13043478260869,26.373626373626323,,,33.10897415149181,8.925658694770977,7.570150008579657,1.0542159435079412,22.431114068344836,12.80388080853536,20.52073889392565,-20.029518957514714,1.0542159435079412,True,False
AMAT,vcp,474.0400085449219,411.510009765625,486.760009765625,,,,True,,,,,,2.0,21%->13%,20.9748516895046,13.190869473493247,0.7910911492216578,29.0,2.6833180726132166,15.459363647443611,False,12.918660287081352,True,43.80941255652778,42.79279279279278,33.460076045627375,75.17241379310346,12.918660287081352,-9.686609686609682,38.188976377952756,7.627118644067776,6.3063063063063085,24.82881402355519,11.40845070422536,-2.149037119732067,-3.477643718949608,15.233881163084707,12.806617227609806,3.117647058823536,-6.874828814023559,-3.477643718949608,True,False
AMBQ,vcp,73.08000183105469,66.73500061035156,68.30000305175781,,,,False,,,,,,2.0,12%->9%,11.516344430207322,8.682267462679336,0.8140284757118929,13.0,-6.540775396184594,2.291365111975602,False,,False,36.476087206701386,,,,,,-101.47058823529412,,,89.67716667599173,59.2931604373252,2.358630218099278,-10.305155046415171,35.27932960893854,20.80601619745468,14.197632810349582,1.633749230683157,-10.305155046415171,True,False
ANIK,vcp,21.65999984741211,20.0,20.68000030517578,,,,False,,,,,,2.0,11%->8%,10.652469830156239,7.663895933085349,0.5984859255046915,24.0,-4.524466985873116,3.2882025877223566,False,,False,35.47603978046296,,,,,,-1949.9999999999982,,,15.560438002764098,13.161112809538377,0.042480883602369346,-5.893298149463789,10.124273942996087,-3.276171811203654,10.058597260667934,-1.4245720968142028,-5.893298149463789,True,False
ARCB,vcp,134.8699951171875,124.05999755859375,127.06999969482422,,,,False,,,,,,2.0,12%->8%,11.543070909897278,8.015124156563532,0.66387372418704,14.0,-5.783343741938987,2.3687748040130603,False,-155.35714285714283,True,35.476037818113426,-155.35714285714283,-138.46153846153845,-128.92561983471077,-59.33806146572105,,,-120.34883720930235,53.571428571428555,15.874399367673075,3.2788495642022353,-2.8909443964678094,-1.409713260165324,18.597277094392584,2.683080288849049,-7.198391050024943,2.5317532985866587,-2.8909443964678094,True,False
AROW,vcp,39.970001220703125,36.86000061035156,37.790000915527344,,,,False,,,,,,3.0,12%->9%->8%,12.154575303603046,7.780836916113692,0.804731346979201,51.0,-5.45409116486745,2.4609692581236695,False,1.538461538461533,True,29.4760389737963,1.538461538461533,115.78947368421053,214.81481481481475,45.28301886792452,-19.512195121951216,-3.52941176470587,10.389610389610372,18.461538461538463,,,,,,,,,,False,False
ARWR,vcp,72.48999786376953,63.9900016784668,65.45999908447266,,,,False,,,,,,2.0,25%->12%,24.982557011265115,11.725750359762431,0.6081190107682681,11.0,-9.697887965879588,2.2456422648416257,False,-133.8181818181818,False,55.809344173599534,,-133.8181818181818,,,,-522.7272727272727,,,171.0159541902258,-86.41316064410209,10461.32,,2.0559556260764555,-72.0728090806831,2.9480801023113568,823.6575791407066,-86.41316064410209,False,False
ASA,vcp,59.77000045776367,53.349998474121094,55.72999954223633,,,,False,,,,,,2.0,18%->11%,18.21561338289963,10.741177738787632,0.6313699536730641,17.0,-6.7592452477597025,4.27059229798036,False,,False,,,,,,,,,,,,,,,,,,,False,False
ASTH,vcp,35.52000045776367,32.220001220703125,35.130001068115234,,,,False,,,,,,2.0,19%->9%,19.349184967744083,9.290538272893688,0.6121130147279832,10.0,-1.097971240490777,8.283517674166225,False,-96.96969696969697,False,36.809326346666666,110.52631578947367,107.14285714285711,,-96.96969696969697,37.93103448275863,141.66666666666666,1100.0,-94.73684210526316,48.519871473775524,55.56343590322217,42.89088091111215,99.7133964195442,0.7688322453631713,1.5335767782578724,-0.5778998544006209,46.00432493188844,42.89088091111215,True,False
ATEX,vcp,86.43000030517578,79.06999969482422,81.75,,,,False,,,,,,2.0,20%->9%,20.23021885293896,8.515562402365068,0.789027458702549,17.0,-5.414786866425041,3.2782878350774083,False,-185.36585365853657,False,42.80929938508102,-99.25925925925925,90.19607843137263,-185.36585365853657,,-98.96907216494846,,-112.23776223776223,111.85185185185182,38.0818053596615,40.964722822174224,0.4469987228607808,0.06447453255964408,0.0,24.47552447552448,1.3530927835051498,9.44992947813823,0.06447453255964408,True,False
ATI,vcp,193.1699981689453,178.25999450683594,180.6699981689453,,,,False,,,,,,2.0,18%->8%,17.558759017178186,7.7185918121038535,0.6819494306713302,22.0,-6.470984168601366,1.3339257688239803,False,-25.531914893617003,True,27.475963589282408,55.71428571428574,26.86567164179103,-25.531914893617003,36.84210526315792,28.23529411764707,21.428571428571395,-10.256410256410241,11.428571428571432,10.584005612065939,0.6204124432016789,0.3752025240897128,7.068112633181123,9.518019973947034,-2.1748364624925687,4.584629053753897,-1.306559102069449,0.3752025240897128,True,False
AVBH,vcp,34.04999923706055,31.09000015258789,31.229999542236328,,,,False,,,,,,2.0,12%->9%,11.702750041796492,8.693095890736313,0.4845013913156021,61.0,-8.281937615302168,0.4482849558133948,False,-995.6521739130435,True,22.809296667094905,-5.333333333333334,18.309859154929576,-46.753246753246735,-995.6521739130435,-15.476190476190476,104.87804878048772,,-649.3333333333334,,,,,13.213386942813333,,,,,False,False
AVIR,vcp,5.65500020980835,5.039999961853027,5.199999809265137,,,,False,,,,,,2.0,13%->11%,13.220342325431334,10.875335546206195,0.822269935706746,15.0,-8.045983795969356,3.076920255401327,False,,False,42.809302953981486,,,,,,,,,,,,,485.71820426076624,-45.669056647513706,-8.477684322194435,,,False,False
AVTR,vcp,16.049999237060547,14.670000076293945,15.289999961853027,,,,False,,,,,,2.0,11%->9%,10.533515553404099,8.598126020966337,0.6603833223054776,42.0,-4.735198201459282,4.054937129535106,False,-1400.0,True,28.47596349670139,-33.333333333333336,-89.04109589041094,-1400.0,-35.71428571428572,-25.000000000000068,,-1255.5555555555557,0.0,0.1635940351097931,-1.4183979753987441,-6.059039742706185,-1.5284477247631822,-4.961194029850747,2.4026410711010637,-3.4643531633616664,6.612974265399862,-6.059039742706185,True,False
BBY,vcp,96.52999877929688,88.12000274658203,89.91000366210938,,,,False,,,,,,2.0,15%->9%,15.023270865734997,8.712313414551254,0.7555914168893467,27.0,-6.857966643429932,1.9908807058381879,False,-47.61904761904761,True,55.47593291842592,70.11494252873563,37.89473684210527,365.45454545454527,-47.61904761904761,12.977099236641209,-48.828125,287.8787878787879,-24.13793103448275,3.6130536130536184,1.9276833580472275,-0.9607112130771478,2.4033880359978887,9.433751119068944,-35.31200231649052,42.82464846980976,2.4793388429751984,-0.9607112130771478,True,False
BCX,vcp,13.27641773223877,11.854999542236328,11.930000305175781,,,,False,,,,,,3.0,18%->14%->11%,18.008674563853397,10.706338250798254,0.5335683134504003,146.0,-10.141421083742484,0.6286736045338939,False,,False,,,,,,,,,,,,,,,,,,,False,False
BELFA,vcp,210.4199981689453,188.00999450683594,200.5,,,,False,,,,,,2.0,23%->11%,22.964141393069664,10.650130147856233,0.5561651629683817,29.0,-4.7143799331186145,6.229429173647912,False,,False,28.809240423587962,,,,,,,,,25.18493871027161,17.244708942576747,17.402358216723712,44.76131933547938,18.03676375839678,1.4510793575009284,-1.6996312437143835,6.3464429378665255,17.244708942576747,True,False
BGC,vcp,12.510000228881836,11.449999809265137,11.770000457763672,,,,False,,,,,,3.0,20%->16%->8%,19.937939610047543,8.473224622086548,0.639332039156971,66.0,-5.915265847955196,2.7187819545704253,False,-25.000000000000032,True,36.47590618797454,36.36363636363635,54.54545454545456,-25.000000000000032,100.0,-11.764705882352954,466.66666666666725,-50.00000000000004,-45.45454545454546,7.332583378469515,49.22311681120597,34.39048104078892,38.305892837250745,-12.805235017957761,24.91583071560335,2.868621392879356,-4.205456770348704,7.332583378469515,True,False
BOW,vcp,33.20000076293945,30.049999237060547,33.79999923706055,,,,True,,,,,,3.0,17%->13%->9%,17.278206565235365,9.487956185215497,0.6628332462101412,91.0,1.807224278111647,11.094674806643939,False,2.220446049250313e-14,True,34.47590785030092,33.33333333333333,41.17647058823528,2.220446049250313e-14,25.0,0.0,9.090909090909038,-2.222222222222192,25.0,22.957610139348517,26.873431337396923,27.109084966772535,23.270612618939545,5.24297660796178,2.647714236738352,5.3817080287913655,8.005973150837065,22.957610139348517,True,False
BPOP,vcp,178.26144933737996,158.00999450683594,158.85000610351562,,,,False,,,,,,2.0,16%->11%,16.154306766705513,11.360535273229969,0.8498701625541942,157.0,-10.889310788181678,0.5288080355075898,False,39.84063745019923,True,22.475907413402776,40.77669902912622,47.65625,39.84063745019923,45.370370370370374,15.07936507936507,7.692307692307643,11.783439490445913,1.6181229773462924,,,,,3.1305828553258586,2.6266043927379634,,,,False,False
BRUN,vcp,17.989999771118164,15.800999641418457,16.239999771118164,,,,False,,,,,,2.0,30%->12%,30.407852564812675,12.167871915229325,0.7499807841764098,14.0,-9.727626582905893,2.70320280718502,False,,False,47.475908326585646,,,,,,,,,,,,,269.6782619019352,,,,,False,False
BSTZ,vcp,30.195972882416992,27.700000762939453,29.6299991607666,,,,False,,,,,,2.0,11%->8%,10.912766821597518,8.26591058747087,0.8234379076126339,47.0,-1.8743351103615378,6.513663356368501,False,,False,,,,,,,,,,,,,,,,,,,False,False
BWEN,vcp,4.420000076293945,4.070000171661377,4.21999979019165,,,,False,,,,,,3.0,25%->21%->8%,24.9122745083014,7.918549741882225,0.31920228449376636,32.0,-4.524893272626138,3.554493506822218,False,-300.0,False,47.475863523923614,,,,-300.0,,-109.375,,,67.37603305785125,-7.549269775775014,81.856564656553,24.60637129256682,-28.640220806295325,-45.469538067408536,41.17633762065147,204.67630853994493,-7.549269775775014,True,False
BWMX,vcp,17.475358920304394,15.152000427246094,16.959999084472656,,,,False,,,,,,2.0,18%->13%,18.20349711504087,13.295054503051269,0.7540751471253961,54.0,-2.949065814224555,10.660370016657811,False,,False,22.809198946030094,,,,,,,,,,,,,,,,,,False,False
CADL,vcp,12.005999565124512,10.760000228881836,11.1899995803833,,,,False,,,,,,2.0,30%->10%,29.60714612688337,10.378139108567874,0.7650688553404783,21.0,-6.796601818240598,3.8427110601083303,False,-207.6923076923077,False,43.475861973159724,,-207.6923076923077,,,,,,,0.0,0.0,0.0,0.0,3.2258064516129004,0.0,0.0,-3.125,0.0,True,False
CEVA,vcp,29.309999465942383,26.8799991607666,34.689998626708984,,,,True,,,,,,3.0,22%->12%->8%,21.936051532970822,8.290686965038644,0.4389853197761867,29.0,18.355507535979488,22.51369205857853,False,-600.0,False,40.47585251824074,,-55.555555555555515,,-600.0,-362.4999999999998,,,,35.58585905758185,54.47582028123927,6.795874230577281,17.83718104495746,7.434132622853751,5.241841264896019,5.910497009692728,13.225610610376881,6.795874230577281,True,False
CLDT,vcp,13.890000343322754,12.529999732971191,13.329999923706055,,,,False,,,,,,2.0,12%->10%,12.17579625449225,9.791220854831343,0.6514018421736494,43.0,-4.031680387149194,6.001501840312422,False,-40.0,False,35.47586193376157,85.7142857142857,,,-40.0,,-360.0,66.66666666666667,-57.14285714285715,3.91820470959352,0.5026458076342166,2.37108764619538,1.2260774395835172,-13.841953726326894,0.8071323673955577,26.351854828105136,-5.305902210907886,0.5026458076342166,True,False
CLDX,vcp,33.59000015258789,30.3799991607666,31.489999771118164,,,,False,,,,,,2.0,25%->10%,25.258240276204347,9.556418509197236,0.6179460926710796,7.0,-6.251861780083782,3.5249305126055517,False,,False,40.809176912372685,,,,,,,,,-98.12765957446808,-99.52992792228142,-70.77662129703764,345.51282051282055,46.66666666666666,-97.94520547945206,5.035971223021574,-40.851063829787236,-99.52992792228142,True,False
CLOV,vcp,4.690000057220459,4.269999980926514,4.329999923706055,,,,False,,,,,,3.0,22%->16%->9%,22.254339057308567,8.955225398075143,0.77963720133824,36.0,-7.675908936507761,1.3856799962293522,False,,False,35.809177969432874,,,,,0.0,,,,55.597964909342146,62.04602330365041,44.73606894525513,50.051663816596474,-0.8038025117827363,53.61456776302165,-1.8006644518272386,3.9843390142791257,44.73606894525513,True,False
CNQ,vcp,51.84456626668263,46.9900016784668,47.54999923706055,,,,False,,,,,,2.0,19%->9%,18.696747057297653,9.363690233696806,0.7737554151593543,80.0,-8.283543173128905,1.1777025606286173,False,,False,36.475818850833335,,,,,,,,,,,,,,,,,,False,False
COCO,vcp,61.29999923706055,56.93000030517578,57.65999984741211,,,,False,,,,,,2.0,26%->7%,25.831503396505838,7.128872734541187,0.8353641393749065,27.0,-5.938008866153099,1.2660415264796292,False,25.0,True,28.475815314062498,115.78947368421053,61.290322580645174,66.6666666666666,25.0,63.99999999999999,400.0000000000007,-75.00000000000003,5.263157894736836,28.083835528771807,37.30799489768639,0.3880810413769753,37.17439393255384,20.24198258837928,40.67549907267563,-29.907905634814846,8.031571649512026,0.3880810413769753,True,False
CON,vcp,35.83495432698202,33.31999969482422,35.36000061035156,,,,False,,,,,,2.0,8%->7%,8.323188023870019,7.018160562476735,0.7649576744928924,42.0,-1.3253922756442347,5.76923325880865,False,2.7027027027026973,True,36.809152920324074,45.71428571428573,30.000000000000004,124.99999999999983,2.7027027027026973,30.76923076923077,44.44444444444444,-28.947368421052634,8.571428571428585,10.030229581415618,13.739935137553116,15.920961807668576,16.98438438193115,6.404122516701638,5.653149810788749,-5.886871508379887,3.997022431620323,10.030229581415618,True,False
CPAY,vcp,427.4599914550781,388.19000244140625,396.2300109863281,,,,False,,,,,,2.0,12%->9%,11.831234755976244,9.186822111701364,0.35848745326017256,70.0,-7.305942332156707,2.02912659869151,False,-7.0351758793969825,True,35.80915102077546,-7.0351758793969825,49.117647058823536,9.037900874635518,0.2564102564102555,-27.02169625246549,35.56149732620322,-4.347826086956519,-1.7587939698492372,,,,,12.502473901539691,,,,,False,False
CRML,vcp,8.489999771118164,7.5,7.650000095367432,,,,False,,,,,,2.0,21%->12%,21.058092712771014,11.660775003622614,0.2852262148873484,5.0,-9.893989380403735,1.9607855359147823,False,,False,,,,,,,,,,,,,,,,,,,False,False
CRSR,vcp,13.630000114440918,12.670000076293945,13.5,,,,False,,,,,,2.0,23%->7%,23.11111126303056,7.043287087942556,0.7349922836762416,31.0,-0.9537792615510216,6.1481475830078125,False,2199.9999999999723,False,34.809133706782404,,,2199.9999999999723,,-45.45454545454546,-52.17391304347826,,,-1.8046808616984045,-4.121162947937796,5.616708935431536,13.663424271611667,-11.333043733357407,-18.849046022135497,26.3452133397732,8.013132903483777,-4.121162947937796,True,False
CURR,vcp,3.200000047683716,2.9010000228881836,3.109999895095825,,,,False,,,,,,4.0,42%->20%->13%->9%,41.73228183854894,9.343750635627647,0.042098009765446254,16.0,-2.812504726461996,6.7202533523301575,False,,False,36.47579855716435,,,,,,,,,,,,,-10.69429282230564,-14.075012879534176,2.885994139541892,,,False,False
CVU,vcp,5.349999904632568,4.940000057220459,5.079999923706055,,,,False,,,,,,2.0,17%->8%,16.55518804009483,7.663548686367083,0.5504088914148589,30.0,-5.046728705410266,2.7559029249642277,False,-50.0,False,,,,-50.0,50.0,-44.44444444444444,124.99999999999996,-55.55555555555555,,15.827175088285816,12.722432776679993,-10.815211369165457,-0.776405455461382,1.2764560246175893,-10.577106238370737,0.7483690729334525,26.944890305807156,-10.815211369165457,True,False
DAVE,vcp,339.6300048828125,310.8800048828125,320.70001220703125,,,,False,,,,,,2.0,12%->8%,12.360577887100078,8.465094245698355,0.508792965627498,4.0,-5.5737103328997515,3.062053929040496,False,-20.967741935483875,True,35.80909461834491,-20.967741935483875,104.06091370558373,322.01834862385306,21033.333333333336,-87.81094527363183,-12.608695652173918,-27.444794952681395,922.5806451612904,29.627268380427594,46.708156215560436,62.35719952399841,62.96532560628832,7.814334591639627,-3.2414900959559234,8.622325427102329,14.396199063427373,29.627268380427594,True,False
DFTX,vcp,40.38999938964844,35.5099983215332,38.40999984741211,,,,False,,,,,,2.0,16%->12%,16.15261508083942,12.082201391084773,0.5382788462231317,10.0,-4.902202456442182,7.550121159592493,False,-430.76923076923117,False,36.809082163969904,,,-430.76923076923117,,,,,,,,,,,,,,,False,False
DIBS,vcp,4.275000095367432,3.8299999237060547,3.9800000190734863,,,,False,,,,,,2.0,16%->10%,16.07929570941081,10.409360508403209,0.5321737014961684,9.0,-6.900586426035867,3.7688465992105833,False,,False,37.475748944618054,,,,,,,,,5.339959340411116,-0.6963850077622569,0.8695652173912993,3.690420009438422,4.149544398785054,-2.5252525252525304,4.533042053522673,-0.736390332053305,-0.6963850077622569,True,False
DMAC,vcp,6.876999855041504,6.360000133514404,8.319999694824219,,,,True,,,,,,2.0,10%->8%,9.668349882782003,7.517809108983607,0.8146876490224129,13.0,20.982984880025217,23.557687899064575,False,,False,42.80908104869213,,,,,,,,,,,,,,,,,,False,False
DRH,vcp,12.970000267028809,11.850000381469727,12.640000343322754,,,,False,,,,,,2.0,13%->9%,13.052938330051953,8.635311198923002,0.767098774088747,39.0,-2.54433243571283,6.249999528444279,False,-9.090909090909083,False,34.809060793645834,144.44444444444446,75.00000000000003,,-9.090909090909083,528.5714285714286,-41.666666666666664,19.999999999999996,-44.44444444444444,4.110297003794328,1.2983955456675078,-1.6187005242769281,0.08943320391823217,23.289252484873835,-5.9635600690624795,-3.801894990609145,-6.651838283396572,-1.6187005242769281,True,False
DSGN,vcp,13.295000076293945,11.831999778747559,12.359999656677246,,,,False,,,,,,2.0,23%->11%,22.888885982452877,11.004139068453515,0.6267217630853994,17.0,-7.0327221831602715,4.271843791228958,False,,False,36.47571756496528,,,,,,,,,,,,,64.99999999999999,-35.483870967741936,-78.16901408450705,,,False,False
DUOT,vcp,9.710000038146973,8.760000228881836,8.989999771118164,,,,False,,,,,,3.0,22%->13%->10%,21.60377244755826,9.78372611259466,0.44122236091298145,21.0,-7.415038766222408,2.5583931934596826,False,,False,43.80905268929398,,,,,,,,,29.507153652910635,-45.03381840541094,613.7039387348979,112.33325408856683,126.86854318491329,-73.89138270709721,51.597367739556454,44.22612769935763,-45.03381840541094,True,False
EGBN,vcp,29.1299991607666,26.520000457763672,28.450000762939453,,,,False,,,,,,2.0,14%->9%,14.387457392229871,8.959831027108905,0.5534274967375451,51.0,-2.334357766624986,6.783832173705622,False,-408.33333333333337,False,21.80900621853009,,700.0,-117.64705882352939,-408.33333333333337,-52.08333333333333,,,,,,,,,,,,,False,False
EOLS,vcp,8.510000228881836,7.711999893188477,7.960000038146973,,,,False,,,,,,2.0,18%->9%,18.474760359888602,9.377206982733677,0.4310463875462934,15.0,-6.46298679133091,3.1155796956029747,False,,False,35.80900064784723,,,,,,-1699.9999999999986,,,21.18120108954127,6.735063191383794,14.38053377582429,12.903331423426367,14.967800155871846,-19.00664451827242,30.932184958023413,-0.6053007047429615,6.735063191383794,True,False
EXEL,vcp,59.720001220703125,54.54999923706055,58.369998931884766,,,,False,,,,,,2.0,12%->9%,12.256364264666706,8.657069454061388,0.6340373032972816,37.0,-2.2605530161147325,6.544457366329562,False,26.15384615384615,True,27.808999159976853,26.15384615384615,43.636363636363626,89.36170212765953,72.49999999999999,3.797468354430378,-11.235955056179737,28.985507246376784,6.153846153846132,10.63402204268813,9.96764767835636,5.62994592019479,10.789336140652628,2.926923505104684,2.0293554136467495,0.15190169885654914,5.190220690844516,5.62994592019479,True,False
FCEL,vcp,16.979999542236328,15.75,16.139999389648438,,,,False,,,,,,4.0,30%->20%->16%->7%,30.292339630339686,7.243813753803745,0.4717863447962107,21.0,-4.9469974984302,2.4163531870922363,False,,False,78.47566631895833,,,,,,,,,-29.399054403867964,-4.85750949045608,60.714849713112606,11.535498520050268,-7.271909859788139,16.566768202810266,-44.50523484077359,17.698906788182178,-29.399054403867964,True,False
FCX,vcp,74.9000015258789,69.45999908447266,71.95999908447266,,,,False,,,,,,2.0,15%->7%,14.788908117602112,7.263020468065891,0.6039792528899169,14.0,-3.9252368244484503,3.4741523510378194,False,9.523809523809534,True,22.47566615125,183.33333333333334,69.44444444444444,9.523809523809534,65.625,11.475409836065587,32.6086956521739,-13.207547169811317,120.83333333333334,-8.09194791389849,12.199497667743087,-10.425170068027212,2.0808383233532846,10.601215222257764,18.73932029618379,-22.759935474409744,-9.394100451767207,-10.425170068027212,True,False
FIX,vcp,1695.5699462890625,1545.2099609375,1658.300048828125,,,,False,,,,,,2.0,20%->9%,20.065295986655666,8.867813780295029,0.8340248504778089,29.0,-2.198074903515876,6.819639664760467,False,91.88361408882082,True,22.808979510381945,91.88361408882082,121.26315789473682,129.1666666666666,101.71149144254281,19.219790675547088,12.406417112299483,13.333333333333307,26.339969372128635,-4.337759647837336,-2.865961444390097,1.0158179590843641,14.326574422345306,-4.177629367017621,-2.1198741350989203,-3.9502708926275276,6.18984161535483,-4.337759647837336,True,False
FMAO,vcp,35.709999084472656,32.65999984741211,34.959999084472656,,,,False,,,,,,2.0,13%->9%,12.548688074188115,8.541023005477312,0.654179780455976,42.0,-2.100252084089561,6.578945358388418,False,18.032786885245965,True,26.80897196667824,53.571428571428555,37.254901960784295,18.032786885245965,33.33333333333335,22.857142857142865,-2.7777777777778123,12.500000000000021,14.28571428571428,,,,,,,,,,False,False
FMX,vcp,125.0,115.5,118.8499984741211,,,,False,,,,,,2.0,18%->8%,18.4703503621576,7.6,0.566756384384732,43.0,-4.920001220703125,2.818677759470512,False,,False,28.475640814953703,,,,,,,,,,,,,,,,,,False,False
FNRN,vcp,18.0,16.530000686645508,17.239999771118164,,,,False,,,,,,2.0,17%->8%,17.246751661424515,8.166662851969402,0.7842652302556711,42.0,-4.222223493787977,4.118324210549607,False,-12.121212121212132,True,28.808977711655096,-12.121212121212132,63.636363636363626,-8.108108108108091,11.764705882352944,-19.444444444444443,5.882352941176472,-10.526315789473696,15.151515151515138,,,,,,,,,,False,False
FRST,vcp,16.8799991607666,15.40999984741211,15.539999961853027,,,,False,,,,,,2.0,18%->9%,17.650563466325877,8.708527170849294,0.6011338124443442,64.0,-7.938384274497312,0.8365515750324135,False,-67.3913043478261,False,22.80895586810185,280.0,-67.3913043478261,,460.00000000000006,26.666666666666682,-74.78991596638656,325.0,180.00000000000003,,,,,,,,,,False,False
FSTR,vcp,39.13999938964844,36.290000915527344,37.599998474121094,,,,False,,,,,,2.0,15%->7%,15.450746711020201,7.281549613091838,0.41318219352901436,37.0,-3.9345961664338605,3.4840362014785202,False,-87.76758409785933,False,33.47562410140046,7.407407407407396,,,-87.76758409785933,107.14285714285711,-36.36363636363633,-45.00000000000003,48.14814814814814,-3.488485490185156,23.87925392670156,25.11253442344148,0.5965111372994159,14.368024829954429,-24.461100060483997,15.971971132291053,-3.6723832875910745,-3.488485490185156,True,False
GAIN,vcp,16.851238686716762,15.510000228881836,15.710000038146973,,,,False,,,,,,2.0,14%->8%,13.755761666319513,7.95928704571835,0.675174863091688,93.0,-6.772431806270643,1.2730732576670771,False,-89.28571428571429,False,34.80890747032407,26.66666666666666,-89.28571428571429,,36.00000000000001,533.3333333333333,-85.0,-41.17647058823529,126.66666666666674,,,,,,,,,,False,False
GEO,vcp,32.0,29.600000381469727,30.219999313354492,,,,False,,,,,,2.0,10%->7%,9.879589119762416,7.4999988079071045,0.7509358668824009,6.0,-5.562502145767212,2.051617954904395,False,64.28571428571428,True,36.47556678453704,71.42857142857142,107.14285714285711,64.28571428571428,552.6315789473684,24.13793103448276,26.086956521739136,-81.45161290322581,490.4761904761905,15.07508225015679,16.632183736957273,16.56552359639307,13.134259067357522,3.8086365395986643,-0.44876283187839094,3.8178857785183595,7.257819856044545,13.134259067357522,True,False
GEV,vcp,983.3400268554688,868.25,949.77001953125,,,,False,,,,,,2.0,21%->12%,20.52089074493127,11.703990858940665,0.8266431702338861,29.0,-3.4138758117646386,8.583132532598094,False,32.79569892473118,False,28.47558074798611,32.79569892473118,1816.4835164835165,658.8571428571431,,-85.83715596330275,31.32530120481927,709.7560975609758,-11.827956989247323,21.8746570080123,16.272410358565747,3.7696533434362633,11.847862672500842,18.89923974729628,-14.759036144578308,9.900692145651524,9.417188014487987,3.7696533434362633,True,False
GLW,vcp,160.7100067138672,149.25999450683594,151.58999633789062,,,,False,,,,,,2.0,17%->7%,16.90017304873896,7.1246417327436165,0.6929735454920666,13.0,-5.674824214408812,1.537041946924497,False,18.518518518518512,False,27.475569635358795,18.518518518518512,138.88888888888889,69.44444444444449,,48.837209302325576,-29.508196721311485,22.00000000000002,-7.407407407407418,20.464557468962763,15.663157894736845,,,9.501274117218795,9.879999999999999,-4.104334484081318,4.405286343612325,15.663157894736845,False,False
GPRE,vcp,16.030000686645508,14.329999923706055,14.800000190734863,,,,False,,,,,,2.0,19%->11%,18.998791514024134,10.60511971378587,0.7141501224555705,25.0,-7.673115678250408,3.175677438997869,False,-75.36231884057972,False,35.475535221076385,,,,-75.36231884057972,97.61904761904762,61.53846153846152,52.941176470588225,,-30.69845442596202,19.115103498298282,2.3666917238536422,14.537027553006254,7.428919387324928,1.1441430771052863,-5.62051465492186,-32.422305821208965,-30.69845442596202,True,False
GSIT,vcp,5.869999885559082,5.389999866485596,5.429999828338623,,,,False,,,,,,2.0,19%->8%,18.664385686785927,8.177172545681731,0.5865440824786098,13.0,-7.49574217714915,0.7366475712259063,False,,False,29.808868587210647,,,,,,,,,0.46156294763648464,7.4111847696753275,12.22755818248984,41.62637362637363,-0.11077702168064141,3.999341672152723,-5.710738671632532,2.562470157568031,0.46156294763648464,True,False
GTBP,vcp,7.275000095367432,6.590000152587891,6.800000190734863,,,,False,,,,,,3.0,47%->19%->9%,47.161935178802,9.415806650170833,0.1524270940091307,10.0,-6.529208225509693,3.0882357684798585,False,,False,,,,,,,-102.03703703703704,,,,,,,,,,,,False,False
HESM,vcp,41.31999969482422,37.880001068115234,38.47999954223633,,,,False,,,,,,2.0,13%->8%,12.728159958402433,8.325262952845282,0.7744230487815376,89.0,-6.873185318400744,1.5592476124188226,False,,False,33.47553372052083,,,,,,,,,-3.8210399032648112,2.020997375328082,2.0506329113924027,11.1228813559322,2.315410342166202,-3.572314562143386,-3.9323164918970477,1.475211608222482,-3.8210399032648112,True,False
HLF,vcp,13.170000076293945,11.510000228881836,12.600000381469727,,,,False,,,,,,2.0,20%->13%,19.923078096829926,12.604402716748012,0.7472371267680437,22.0,-4.328015880958274,8.650794599902605,False,-152.08333333333334,True,35.80886700396991,-152.08333333333334,16.326530612244895,-53.714285714285694,-8.695652173913048,-143.859649122807,-29.62962962962966,92.85714285714293,-12.5,5.376856484790715,7.816976344438076,6.261388106675492,2.6928968797871544,0.728818706346801,2.6656274356975818,0.7301562377325821,1.1595584147406912,2.6928968797871544,True,False
HLT,vcp,335.6471570705618,300.0,320.2799987792969,,,,False,,,,,,2.0,13%->11%,13.282120819718783,10.620425741627185,0.6804611043139083,70.0,-4.578366885447602,6.331959178403677,False,-38.04878048780485,True,28.47553425642361,14.130434782608692,34.959349593495936,-38.04878048780485,28.98550724637683,26.50602409638556,30.70866141732278,-28.651685393258397,-3.2608695652173947,6.503028371055142,8.979591836734691,10.923463887890762,8.824555284269264,13.75553285665645,-4.85908649173955,-1.057692307692304,-0.5419190309212674,6.503028371055142,True,False
HPE,vcp,65.6500015258789,61.0,62.630001068115234,,,,False,,,,,,3.0,18%->11%->7%,18.078335798204662,7.0830181535424614,0.43314406548843964,21.0,-4.600152913283943,2.602588280882313,False,-87.25490196078431,False,64.80886855752316,404.7619047619048,,-29.54545454545454,-87.25490196078431,140.9090909090909,41.93548387096775,138.46153846153854,-38.095238095238116,32.95819935691318,39.10428662827896,18.10945273631841,14.328703703703694,14.110937356268982,14.479780960404387,-3.867179591010328,5.873526259378359,14.328703703703694,True,False
HSBC,vcp,107.43000030517578,99.33000183105469,101.18000030517578,,,,False,,,,,,2.0,10%->8%,9.925738792982814,7.539791912046426,0.6182050126617628,81.0,-5.817741768822174,1.8284230762415392,False,,False,27.475535299907406,,,,,,,,,,,,,,,,,,False,False
HUM,vcp,419.9700012207031,369.1300048828125,389.6300048828125,,,,False,,,,,,2.0,18%->12%,17.531710871424565,12.105625685195816,0.5677045515238325,51.0,-7.22432465407126,5.26140177683844,False,-59.29648241206029,False,37.4755352496875,-4.563106796116512,,-59.29648241206029,-19.75088967971531,,-506.7901234567901,-64.07982261640798,-56.21359223300971,25.712143928035978,28.55917667238421,45.058930190389844,27.27272727272727,11.874583055370236,-6.312499999999998,14.28571428571428,4.94752623688155,25.712143928035978,True,False
HYLN,vcp,4.355000019073486,3.9200000762939453,3.9600000381469727,,,,False,,,,,,2.0,14%->10%,14.102561359417956,9.988517586093742,0.6031829414463072,4.0,-9.070033965477428,1.0101000370632516,False,,False,41.80885478230324,,,,,,,,,226.3366336633663,479.14110429447857,-52.81643472498343,,74.57627118644068,297.75280898876406,-6.192358366271411,-49.9009900990099,-52.81643472498343,False,False
INCY,vcp,130.8000030517578,119.97000122070312,124.81999969482422,,,,False,,,,,,2.0,13%->8%,12.692314242663528,8.279817720469957,0.4910910729527779,43.0,-4.571867903219616,3.8855940442068464,False,62.22222222222222,False,27.475462924537034,83.74999999999999,62.22222222222222,290.7407407407407,,0.6849315068493178,-30.805687203791464,3.4313725490195957,154.99999999999997,20.8736268850354,27.83893753955635,20.04700005536655,16.456864084525268,-15.539790355281102,10.311644387179907,12.377409341940826,15.44603560838751,16.456864084525268,True,False
INGM,vcp,28.0049991607666,25.989999771118164,26.459999084472656,,,,False,,,,,,2.0,13%->7%,13.228582865390035,7.195141760515873,0.4845666926377916,14.0,-5.516872424900487,1.7762635284076738,False,19.999999999999996,True,41.80882582625,200.0,44.827586206896555,44.44444444444442,19.999999999999996,14.28571428571428,-19.23076923076922,23.809523809523792,162.5,13.57760648856381,13.697251890607177,11.488024806907937,7.150842481799136,4.068529492377015,-6.148312216618834,18.041877202468637,-1.4866472887666626,7.150842481799136,True,False
IPAR,vcp,118.20002381519946,108.19999694824219,117.94000244140625,,,,False,,,,,,2.0,15%->8%,14.873537791664331,8.460257912123497,0.6797629127857747,43.0,-0.21998419746491762,8.258440979771043,False,-4.040404040404044,True,35.80879277646991,-4.040404040404044,2.2727272727272707,12.820512820512885,6.217616580310881,-29.62962962962964,53.409090909090786,-57.07317073170728,107.07070707070704,2.126455368693403,1.790336433316897,6.824544126759324,1.165723490388082,-1.1157342302506645,-10.692043762542891,-10.10384585838693,28.64111686071582,1.165723490388082,True,False
IQV,vcp,271.79998779296875,252.52999877929688,270.9700012207031,,,,False,,,,,,3.0,15%->10%->7%,14.925525775255025,7.0897681674474216,0.7302144848631205,76.0,-0.30536667017727365,6.805182255723946,False,-21.82741116751269,True,27.475461092789352,15.000000000000014,23.23651452282156,24.51612903225806,-21.82741116751269,-45.791245791245785,53.88601036269429,25.324675324675326,10.000000000000009,8.40950639853748,10.257705912076798,5.236139630390135,5.322496067121141,-4.880843263061408,6.439024390243908,2.066218571072942,4.909898145729952,5.236139630390135,True,False
IRDM,vcp,50.80444194362045,45.81071216488614,48.33000183105469,,,,False,,,,,,2.0,23%->10%,22.682756869318368,9.829317255912459,0.4380509307468205,60.0,-4.87051922607819,5.2126827451303015,False,-55.00000000000001,True,22.475459945578702,-55.00000000000001,-25.92592592592593,-19.999999999999986,66.66666666666666,-55.00000000000001,-16.666666666666664,-31.428571428571427,74.99999999999997,3.840834278443195,1.944824505067988,-0.023944673718612197,6.656922230943119,2.821183527575011,2.8726401803324864,-6.166964108665473,4.62366186274239,-0.023944673718612197,True,False
ISTR,vcp,31.270000457763672,28.934999465942383,29.329999923706055,,,,False,,,,,,2.0,12%->7%,12.068402467801485,7.4672240410586825,0.31762713247898133,111.0,-6.20403103824054,1.3467455124144465,False,-18.032786885245955,True,19.47546108148148,32.6086956521739,22.222222222222232,-18.032786885245955,0.0,-20.779220779220786,54.00000000000007,-7.407407407407451,17.391304347826097,,,,,,,,,,False,False
JHX,vcp,27.440000534057617,25.139999389648438,25.389999389648438,,,,False,,,,,,2.0,19%->8%,19.40820974304986,8.38192820570282,0.6328315876234966,14.0,-7.470849506233742,0.9846396455681901,False,,False,36.80879365090278,,,,,19.999999999999996,,,,,,,,63.862651405711745,,,,,False,False
JNJ,vcp,281.07000732421875,260.67999267578125,271.95001220703125,,,,False,,,,,,2.0,9%->7%,8.897774329519706,7.254425629596718,0.7366176935866429,43.0,-3.2447414806046666,4.14415114005228,False,-52.863436123348016,True,13.475452313414353,-0.8733624454148492,-52.863436123348016,47.51773049645389,90.990990990991,6.074766355140171,2.8846153846153966,-1.8867924528301883,-7.423580786026196,6.5998399528282015,9.907276298360213,9.07637655417406,6.7731743135597045,5.186601280026593,-2.0436411007979105,2.379860792731203,1.0529419197237155,6.5998399528282015,True,False
KB,vcp,133.2899932861328,123.01000213623047,127.16999816894531,,,,False,,,,,,2.0,10%->8%,10.313549527434127,7.712500313383878,0.6641262615812585,35.0,-4.59148880295143,3.271208691210556,False,,False,29.475396952743058,,,,,,,,,,,,,,,,,,False,False
KDP,vcp,32.93121622142098,30.340004843003424,31.459999084472656,,,,False,,,,,,2.0,14%->8%,13.518407456227296,7.868556572569087,0.7534143170666927,36.0,-4.467545708170151,3.5600580866577802,False,-90.0,False,26.47539422590278,-90.0,-47.36842105263158,,8.888888888888879,-80.0,-23.076923076923073,-46.93877551020408,22.499999999999986,75.57050204179679,9.381017881705645,10.540540540540544,10.665638653302501,83.82796780684106,-11.624805512336078,4.482117974918709,3.435022820081679,9.381017881705645,True,False
KEX,vcp,143.57000732421875,127.62000274658203,131.58999633789062,,,,False,,,,,,3.0,18%->15%->11%,18.460270251545037,11.109565900917886,0.7340461051053947,103.0,-8.344368861996445,3.016941790251768,False,0.0,True,28.47539390746528,0.0,12.781954887218049,127.02702702702693,6.451612903225801,11.333333333333329,-10.714285714285698,1.8181818181818077,-1.19760479041916,7.825543132017465,7.43834157057961,6.164661012195949,4.81405861042965,9.276163104090873,-0.9011769540078096,-2.2253062292733494,1.835982021263538,4.81405861042965,True,False
KEYS,vcp,339.17999267578125,311.43499755859375,359.739990234375,,,,True,,,,,,2.0,16%->8%,16.254472672896224,8.180021144026812,0.45685005797209854,29.0,6.061677576084756,13.427751705977965,False,35.570469798657726,False,55.80872710828704,109.09090909090904,35.570469798657726,68.04123711340206,,13.861386138613852,23.926380368098176,20.740740740740726,22.72727272727273,41.34762633996938,32.28043143297381,31.470829909613805,,7.513104251601632,7.312500000000011,18.343195266272193,3.522205206738138,31.470829909613805,False,False
KFRC,vcp,53.41999816894531,49.65999984741211,51.279998779296875,,,,False,,,,,,2.0,17%->7%,17.33555565998106,7.038559435441924,0.7350171020671195,27.0,-4.00598926057711,3.15912435734847,False,-51.66666666666666,True,33.80872643800926,23.728813559322038,2.2222222222222143,-51.66666666666666,-16.000000000000004,58.69565217391304,58.6206896551724,-53.96825396825397,6.779661016949157,4.49125976620921,0.10180954343268489,-3.4219359943219785,-5.8513694423453,5.741242992577877,-0.49816576209723573,-0.18848923026049125,-0.4998265114442568,-5.8513694423453,True,False
KLIC,vcp,86.3169900030361,78.10819124465867,91.68000030517578,,,,True,,,,,,2.0,27%->10%,26.878808402826003,9.510061412114453,0.7954908220271348,29.0,6.213157226579666,14.803456604865344,False,-78.80794701986756,False,49.808725694872685,,,-78.80794701986756,-31.428571428571452,62.12121212121213,106.25,122.2222222222221,,122.6280716648811,49.778993246329925,20.166261346945657,-2.074244839206041,36.18318282424027,21.5383844708829,12.42805167888803,19.63776758100706,-2.074244839206041,True,False
KNSA,vcp,79.76000213623047,74.0199966430664,76.0999984741211,,,,False,,,,,,3.0,14%->9%->7%,13.89558860215956,7.196596463676248,0.5692478356283309,42.0,-4.588770767405536,2.7332481902243697,False,145.45454545454547,False,27.47539244334491,145.45454545454547,,,,50.000000000000064,-21.739130434782638,0.0,109.09090909090908,55.50749355880538,64.95315662335967,61.16972926729285,44.339092892452435,6.005630123635131,11.76190871139864,15.34340580495801,13.798308959610983,44.339092892452435,True,False
KOP,vcp,47.72708411901884,44.07419821889442,46.16999816894531,,,,False,,,,,,2.0,17%->8%,16.79245794743866,7.653695941313064,0.6567218627077782,36.0,-3.2624786927912126,4.539311312904833,False,-1051.8518518518517,False,37.47539453056713,-1051.8518518518517,,,7.339449541284382,-2302.8571428571427,-75.69444444444446,23.07692307692313,44.44444444444442,3.030903328050716,-0.2628696604600189,-9.287211740041935,-12.448132780082988,14.232374258730518,5.223018257453194,-10.838656501133315,-3.8629160063391454,-12.448132780082988,True,False
KRYS,vcp,373.30999755859375,331.7950134277344,337.0799865722656,,,,False,,,,,,2.0,20%->11%,19.506778045075375,11.120780156535533,0.4149592373722124,42.0,-9.705073859063086,1.5678691571913361,False,10.457516339869244,True,33.47539127239583,38.759689922480625,52.500000000000014,10.457516339869244,192.30769230769232,-2.1857923497267784,8.284023668639096,-36.46616541353386,106.20155038759691,24.135274150892315,31.949468718460473,17.51700680272108,16.64937202561991,2.4622498001839244,8.638252182437789,9.51431492842536,1.8304491784844057,16.64937202561991,True,False
LAR,vcp,6.110000133514404,5.300000190734863,5.409999847412109,,,,False,,,,,,2.0,23%->13%,22.90185043334865,13.256954583954125,0.5292241074584659,16.0,-11.456632910082483,2.0332654303098505,False,,False,40.475390000069446,,,,,,,,,,,,,,,,,,False,False
LASR,vcp,42.435001373291016,37.33000183105469,39.54999923706055,,,,False,,,,,,2.0,29%->12%,28.532108691854212,12.030162311835019,0.737017290107057,28.0,-6.79863801782817,5.613141463541669,False,,False,36.8087210574537,,,,,-300.0,,,,33.78310520774277,55.18502748316172,71.34505392456892,18.908229257603026,3.005699604644496,-1.236681653014715,21.640046747175703,8.110472179476801,18.908229257603026,True,False
LEA,vcp,134.92999267578125,117.66999816894531,120.23999786376953,,,,False,,,,,,2.0,21%->13%,20.806667262976354,12.791814602932202,0.5798730494578154,42.0,-10.887123404289966,2.1373916670690543,False,-16.182572614107894,True,22.475386313078705,23.8562091503268,124.16107382550337,-3.658536585365879,-16.182572614107894,13.473053892215582,111.39240506329111,-21.78217821782178,-33.98692810457516,2.968293977182279,4.72096829307771,4.794736289504087,1.7083303488288903,6.63941746238923,-2.7685936612897866,5.436811155322374,-5.813876359777126,1.7083303488288903,True,False
LOMA,vcp,10.5600004196167,9.149999618530273,9.3100004196167,,,,False,,,,,,2.0,27%->13%,26.758282106425273,13.352279782746498,0.7761578991533545,47.0,-11.837120741756294,1.7185906968306364,False,,False,36.80869709579861,,,,,,,,,,,,,,,,,,False,False
LPTH,vcp,10.380000114440918,9.550000190734863,9.829999923706055,,,,False,,,,,,3.0,36%->21%->8%,36.22775860134466,7.99614561228509,0.45458180965950307,21.0,-5.298653031512872,2.848420499942663,False,,False,43.80867784408564,,,,,,,,,,,,,17.112411638897406,78.36297222825492,23.472567516369747,,,False,False
MAMA,vcp,13.899999618530273,12.90999984741211,13.149999618530273,,,,False,,,,,,3.0,19%->10%->7%,18.597371429984154,7.1223007071049285,0.6647709216101695,14.0,-5.395683601315823,1.8250933694322642,False,0.0,True,64.80863781217592,100.0,66.66666666666667,50.00000000000004,0.0,19.999999999999996,-16.666666666666675,500.0000000000001,-66.66666666666666,55.04928557225237,49.66955041838037,60.74735745124311,49.95082955302477,3.441610127733763,-2.2616555837516428,14.212274429329996,34.275487884555304,49.66955041838037,True,False
MATX,vcp,240.8699951171875,218.10000610351562,223.4499969482422,,,,False,,,,,,2.0,11%->9%,11.41075213947984,9.453227664406217,0.7085436364873138,38.0,-7.232116295958813,2.394267584602287,False,-28.01358234295416,True,35.808639195706014,46.23287671232876,-15.13761467889908,21.138211382113848,-28.01358234295416,130.81081081081075,-58.61297539149888,5.4245283018868,45.205479452054796,16.72486453943407,-3.0946291560102313,-4.3131528698191595,-8.513513513513516,27.922934811295864,-11.045897405798799,-3.2041813430292,5.972305839855507,-8.513513513513516,True,False
MFC,vcp,44.517941593801226,41.33454669996313,43.5,,,,False,,,,,,2.0,9%->7%,8.51273738851591,7.150813312269949,0.6905932922803283,94.0,-2.2865872889841024,4.978053563303156,False,,False,35.80863862925926,,,,,,,,,,,,,,,,,,False,False
MGA,vcp,69.2300033569336,61.720001220703125,64.63999938964844,,,,False,,,,,,2.0,14%->11%,14.01256755692245,10.847900869671587,0.7922113048756624,25.0,-6.630079076582124,4.517323942631296,False,,False,30.475305008298612,,,,,,,,,,,,,,,,,,False,False
MLI,vcp,64.48027897345447,57.81999969482422,60.970001220703125,,,,False,,,,,,3.0,23%->16%->10%,23.185332562774917,10.329172554250562,0.6570228924631354,71.0,-5.443955591749962,5.16647771496072,False,1.8018018018017834,True,20.47530524962963,1.8018018018017834,55.395683453237424,104.95867768595045,27.027027027027017,-47.6851851851852,-12.903225806451623,31.914893617021313,69.36936936936935,25.457465604965158,19.280818664920286,4.206549609327626,8.01668819669863,19.691283775005132,23.96338263792557,-10.710375719969123,-5.3022695143884135,4.206549609327626,True,False
MPTI,vcp,81.25,72.48999786376953,75.44000244140625,,,,False,,,,,,2.0,20%->11%,20.38576607503126,10.781541090745192,0.8279432155827006,30.0,-7.150766225961538,3.910398306161201,False,-22.222222222222232,True,42.80863760443287,-18.867924528301895,19.64285714285714,32.35294117647063,-22.222222222222232,-35.820895522388064,-25.555555555555543,42.85714285714284,18.867924528301884,13.755458515283836,15.34715677034244,11.15189379148771,7.234751021643704,2.880294157701213,3.1827443265650235,0.4446012702893354,6.685740099382631,7.234751021643704,True,False
MRVL,vcp,267.4800109863281,248.13999938964844,251.89999389648438,,,,False,,,,,,3.0,21%->12%->7%,21.201889117151417,7.230451174786376,0.43175732143697915,21.0,-5.82474070955534,1.4926536712744294,False,-80.0,False,62.808627915717594,50.0,-80.0,95.65217391304337,,725.0,-91.11111111111111,-79.54545454545456,900.0,36.54852699267235,27.568195008705754,22.080994827775946,36.83134357891959,13.297212341798325,8.973723351512142,6.951072547601833,3.409600717810668,22.080994827775946,True,False
MVBF,vcp,31.860000610351562,29.510000228881836,29.670000076293945,,,,False,,,,,,2.0,9%->7%,9.002811530304596,7.376021143911069,0.8389259637277224,42.0,-6.873824520097684,0.5392647354252883,False,-55.55555555555555,True,28.80858148300926,520.0,44.44444444444444,-55.55555555555555,725.0,138.46153846153845,21.87499999999998,-75.75757575757575,780.0000000000001,-5.720749838396899,9.797471923311885,11.524366085578453,11.941036802532645,-12.612342720191727,3.761268262356232,-0.49049933716305283,4.487949025764149,-5.720749838396899,True,False
NEOG,vcp,12.260000228881836,11.369999885559082,13.720000267028809,,,,True,,,,,,2.0,13%->7%,13.229577528969806,7.259382762702654,0.44049396646363304,39.0,11.90864609209009,17.12828233041019,False,,False,6.808581984525463,,,,,,,-141.1764705882353,,-0.05278589773730635,-4.434389140271488,-2.8396855460135484,-3.583543813720247,6.685606060606064,-6.004245830941157,7.410523497889465,-7.20815830446373,-4.434389140271488,True,False
NEWP,vcp,6.940000057220459,6.150000095367432,6.369999885559082,,,,False,,,,,,2.0,15%->11%,15.156253946479351,11.383284659070023,0.8200886034319321,13.0,-8.21325888993822,3.453685936327791,False,,False,44.80858116251157,,,,,,,,,,,,,,,,,,False,False
NEXA,vcp,13.354999542236328,11.800000190734863,12.229999542236328,,,,False,,,,,,2.0,19%->12%,19.194857540218376,11.643574727079896,0.6150912674607936,13.0,-8.42381159536615,3.5159392280961357,False,,False,29.808580849016202,,,,,,,,,,,,,,,,,,False,False
NUE,vcp,268.4700012207031,241.2100067138672,244.49000549316406,,,,False,,,,,,3.0,21%->15%->10%,20.58432061490983,10.153832600621218,0.5518773063603638,72.0,-8.932095064068498,1.3415676328693869,False,27.55905511811012,True,26.808536318831017,93.84615384615384,382.08955223880594,27.55905511811012,150.47619047619048,56.03715170278638,99.38271604938281,-38.40304182509509,1.1538461538461497,22.95411542100283,21.27713920817369,8.634821933295655,14.468027941966689,9.488205560235885,23.53323793417459,-9.787583616946371,0.7686849574266796,8.634821933295655,True,False
NUVB,vcp,6.260000228881836,5.480000019073486,5.599999904632568,,,,False,,,,,,2.0,21%->12%,21.037867825022033,12.4600667937623,0.8094170805121812,16.0,-10.543135784631707,2.1428551357619274,False,,False,33.47520147935185,,,,,-1900.0,,,,555.6383198841299,2598.702983138781,633.0590089301348,1704.6767537826686,-61.92747633008122,98.80090767944584,219.09298780487805,171.46699772398097,555.6383198841299,True,False
NXG,vcp,62.09023689079536,53.54999923706055,54.220001220703125,,,,False,,,,,,2.0,17%->14%,17.121853344731274,13.754558013291895,0.5040117143968962,62.0,-12.675480178847517,1.235710012095587,False,,False,,,,,,,,,,,,,,,,,,,False,False
OABI,vcp,4.994999885559082,4.550000190734863,4.739999771118164,,,,False,,,,,,2.0,28%->9%,28.36095344602673,8.908903003396379,0.44494411768914843,17.0,-5.105107513178176,4.00843015944872,False,,False,35.80850780814815,,,,,,,,,244.23915832691816,247.30380356283098,-22.473158089596446,-46.332694151486095,-7.014625355236714,72.24212034383955,274.09557838320677,-42.54554785732615,-46.332694151486095,True,False
OCC,vcp,15.199999809265137,13.649999618530273,14.949999809265137,,,,False,,,,,,2.0,23%->10%,23.13527128960401,10.197369803847387,0.34425299581649293,12.0,-1.644736862743991,8.695653560672282,False,,False,,,,,,-280.0,-44.44444444444444,800.0,,21.99187032893992,26.57529897295392,4.372449637820708,1.762145465117393,9.378811564747181,35.19388252234883,-17.136447460172967,-0.44178519780092573,1.762145465117393,True,False
ODC,vcp,95.06999969482422,84.33999633789062,89.68000030517578,,,,False,,,,,,2.0,17%->11%,16.95541288758438,11.286424099481462,0.6411250171423801,43.0,-5.669506055485849,5.954509309894554,False,-17.567567567567565,True,8.808496642025464,-17.567567567567565,110.00000000000001,283.33333333333337,37.83783783783781,-3.1746031746031744,36.95652173913042,-9.80392156862745,-31.081081081081074,9.374810607700358,0.7039362266281213,-5.829848763140411,10.122952982357392,7.2976209687693805,-2.281592882160588,-3.7743986199405777,8.407719413684722,-5.829848763140411,True,False
OOMA,vcp,23.809999465942383,21.040000915527344,21.18000030517578,,,,False,,,,,,2.0,18%->12%,17.831233222851797,11.63376149746337,0.6990643482757506,21.0,-11.045775807464967,0.6609980530275332,False,150.0,False,68.80849495483797,150.0,,,,11.111111111111116,-40.000000000000014,200.00000000000006,25.0,25.4113676089446,24.78894031893464,14.573636265880152,3.8355827844058554,2.5619539365857813,8.802155958382496,10.290573012939008,1.9001265746489082,3.8355827844058554,True,False
OPRT,vcp,7.730000019073486,7.079999923706055,8.279999732971191,,,,True,,,,,,2.0,14%->8%,13.734943579824435,8.408798108196388,0.36575433319674383,36.0,7.115132115661078,14.492751787016415,False,-76.19047619047619,False,34.80849377939815,21.42857142857142,-76.19047619047619,-73.07692307692307,,240.0,-28.57142857142857,-36.36363636363635,-21.42857142857143,6.650144568360172,-9.754163362410784,6.504809894640395,-22.329026158209896,13.444639718804918,-2.107526881720434,-5.660377358490565,1.7967781908302394,-22.329026158209896,True,False
OPTX,vcp,7.664000034332275,7.070000171661377,7.090000152587891,,,,False,,,,,,3.0,23%->17%->8%,23.115260192075365,7.75052009407579,0.7651319348440223,14.0,-7.489560010086748,0.2820871720180932,False,,False,,,,,,,,,,26.136363463123068,-7.860697390113113,2.507485305964008,-11.646245306752622,27.028912546907378,-13.216077027495887,7.98604936246623,5.9572784629210895,-11.646245306752622,True,False
OSS,vcp,9.520000457763672,8.819999694824219,8.90999984741211,,,,False,,,,,,2.0,43%->7%,42.649095603270425,7.352948836978198,0.6685350052489024,29.0,-6.407569128361752,1.0101027399459606,False,,False,35.47515151770833,,,,,,-105.12820512820514,3800.0,,62.281201053133884,54.981841088881666,-83.54190134902935,36.89560040338375,15.848857627568114,223.84921622294104,-86.71489889822558,225.5882650596428,-83.54190134902935,True,False
P,vcp,103.5,92.2699966430664,129.39999389648438,,,,True,,,,,,2.0,20%->11%,20.45696621958549,10.850244789307819,0.5512092357964917,21.0,25.024148692255434,28.69397141016924,False,-15.789473684210531,False,62.80845886997685,49.99999999999998,,123.07692307692308,-15.789473684210531,199.99999999999994,-75.86206896551724,81.25000000000003,14.28571428571428,37.73463940850312,35.24936254391542,20.351494927498347,16.049271302606762,12.632016837370452,-0.5672851998719475,9.793115890561799,12.015186956592427,16.049271302606762,True,False
PACS,vcp,45.849998474121094,40.61000061035156,43.060001373291016,,,,False,,,,,,3.0,18%->16%->11%,18.479164441426597,11.428567149739644,0.7010114014510938,44.0,-6.085053857536819,5.689736843480744,False,51.61290322580645,True,40.808475335960644,51.61290322580645,194.1176470588235,90.90909090909089,219.99999999999997,-6.000000000000005,19.04761904761907,31.24999999999998,3.2258064516129004,9.062397574722226,11.196216087111432,12.420872908954061,31.244117796375193,0.5308603980819226,4.5843132258047925,0.997915646930525,2.7062047657502752,9.062397574722226,True,False
PANL,vcp,8.65999984741211,7.889999866485596,8.010000228881836,,,,False,,,,,,3.0,19%->15%->9%,19.158297599384255,8.891454901775948,0.5627174282650205,72.0,-7.505769399343749,1.4981318223132163,False,-5.263157894736848,False,36.80846096421296,,,-5.263157894736848,72.72727272727273,-23.809523809523803,16.666666666666675,-5.263157894736848,,19.420635781707716,38.90653246689793,24.940001098150134,10.158875027476078,9.695743932465707,-7.233062784671807,9.017816535205903,7.646249577187936,10.158875027476078,True,False
PEB,vcp,18.790000915527344,17.40999984741211,18.729999542236328,,,,False,,,,,,2.0,11%->7%,11.15070618517054,7.344337418178909,0.8028305473816463,39.0,-0.31932607965672194,7.047515894742052,False,-254.16666666666669,False,29.808437460601855,183.33333333333334,,,-254.16666666666669,,,,-716.6666666666667,-0.09692371490196416,7.927785028694889,3.382109004739342,-1.435493041307201,17.78820561483092,-0.9632741004761969,-12.466047857785977,-2.1627484130275265,-1.435493041307201,True,False
PEO,vcp,29.75,27.260000228881836,27.350000381469727,,,,False,,,,,,2.0,13%->8%,12.673482833521286,8.369747129808955,0.7298151202383486,90.0,-8.06722560850512,0.3290681950003477,False,,False,,,,,,,,,,,,,,,,,,,False,False
PFAI,vcp,3.0,2.7699999809265137,2.7699999809265137,,,,False,,,,,,4.0,22%->16%->13%->8%,21.824099428160405,7.666667302449544,0.375,21.0,-7.666667302449544,0.0,False,,False,,,,,,,,,,,,,,,,,,,False,False
PGC,vcp,47.99804207260118,44.029998779296875,44.119998931884766,,,,False,,,,,,2.0,14%->8%,13.695561997560926,8.267094077092347,0.5713317451629776,60.0,-8.079586110722058,0.20398947136612253,False,25.581395348837212,True,27.808420426296298,91.1111111111111,86.046511627907,30.769230769230795,25.581395348837212,7.499999999999996,17.64705882352939,25.925925925925952,19.999999999999996,16.85780967677173,17.80841915277631,16.339644058864078,16.74772210381772,4.911513895303643,3.1111885472021372,5.480308014628865,2.413546476611117,16.339644058864078,True,True
PKOH,vcp,47.34000015258789,44.0,47.439998626708984,,,,True,,,,,,3.0,13%->9%->7%,13.17435828492821,7.055344617284091,0.6475000000000001,31.0,0.21123462990869304,7.251262070594255,True,-47.945205479452056,False,35.80841686032407,30.303030303030297,-5.000000000000004,,-47.945205479452056,50.877192982456144,850.0000000000026,-84.21052631578951,-42.42424242424243,9.997500624843791,3.848051307350775,1.6992790937178093,-4.549808429118773,4.536817102137758,6.582278481012649,-0.9031610637230347,-0.37490627343164107,-4.549808429118773,True,False
PLAB,vcp,29.979999542236328,26.93000030517578,30.5,,,,True,,,,,,2.0,29%->10%,28.62041789802432,10.17344657648729,0.2304300739800401,22.0,1.734491213153911,11.704917032210552,False,8.823529411764696,True,70.47508171891204,25.64102564102564,260.00000000000006,8.823529411764696,96.29629629629632,-9.259259259259267,-27.027027027027017,-30.188679245283012,171.79487179487177,2.686863693831576,-0.49859710320770967,6.094146263281441,-3.0804750525540325,2.908926359912356,-6.720695262722931,4.308291236038375,2.5552059469376553,-3.0804750525540325,True,False
PLGO,vcp,25.72595284569501,23.440000534057617,23.920000076293945,,,,False,,,,,,2.0,20%->9%,20.176110691110434,8.885782872061524,0.7560496959295602,36.0,-7.019964547992523,2.006687043082556,False,,False,42.80843131164352,,,,,,,,,,,,,,,,,,False,False
PLPC,vcp,441.3900146484375,409.1199951171875,416.3699951171875,,,,False,,,,,,4.0,17%->12%->9%->7%,16.538139336997478,7.310998994155482,0.815197931171673,29.0,-5.66846070389204,1.741239783130743,False,-65.5844155844156,True,28.808428384259262,75.390625,-8.154506437768239,-19.248826291079823,-65.5844155844156,109.81308411214954,24.418604651162813,224.52830188679238,-79.296875,25.40079362739607,18.67295898102208,3.585511946719966,21.16987473889762,20.65090368622289,1.8306384994425384,-2.795262989437741,5.0035082340316395,3.585511946719966,True,False
PLRZ,vcp,11.989999771118164,10.359999656677246,10.359999656677246,,,,False,,,,,,3.0,33%->22%->14%,32.72490487502888,13.594663432499027,0.09565499351491569,18.0,-13.594663432499027,0.0,False,,False,,,,,,,,,,,,,,,,,,,False,False
PLSE,vcp,56.7400016784668,50.80099868774414,52.31999969482422,,,,False,,,,,,2.0,14%->10%,14.13177868529671,10.46704761197874,0.8315654556704676,9.0,-7.789922194027707,2.9032894035554553,False,,False,36.80840210913194,,,,,,,,,,,,,8.229426433915222,51.893939393939405,206.97674418604652,,,False,False
PLX,vcp,2.8499999046325684,2.609999895095825,2.690000057220459,,,,False,,,,,,2.0,20%->8%,19.92619757386665,8.42105324798896,0.31531198850253506,32.0,-5.614029921616334,2.973983658844115,False,-160.0,False,43.47506351219907,,,-160.0,0.0,-77.27272727272727,,-300.0,,27.066036530846848,233.72886383862354,-49.92864200241519,-0.6013697867364498,-41.04888888888889,269.98465248848936,-48.899221332138254,14.005620130284836,-49.92864200241519,True,False
PLXS,vcp,256.6700134277344,236.5800018310547,264.9599914550781,,,,True,,,,,,2.0,22%->8%,21.805367693805056,7.8271751843485395,0.8174525426680598,36.0,3.229819454417023,10.711047154013455,False,-3.658536585365846,True,28.808396245138887,-3.658536585365846,29.078014184397173,12.686567164179108,26.351351351351404,-13.186813186813184,20.529801324503303,-19.25133689839572,14.024390243902452,28.13196007494785,18.73011824479427,9.602283321142234,-1.1102991717681365,12.117735919096507,8.77738229213012,-99.97345274731852,395653.68159731635,-1.1102991717681365,True,False
PMTS,vcp,25.290000915527344,23.469999313354492,24.790000915527344,,,,False,,,,,,2.0,26%->7%,25.92592855426331,7.1965264384605945,0.4764465587672579,14.0,-1.977065962433454,5.3247339791184185,False,-57.49999999999999,True,34.47505747738426,325.0,-57.49999999999999,10.714285714285744,72.72727272727273,0.0,-72.58064516129032,226.3157894736842,375.0,14.973064206607933,19.832845936413037,22.349235786915656,10.593101458104549,1.4091687739619774,-3.884903367438941,10.93602771697375,6.329718773361703,10.593101458104549,True,False
POWL,vcp,194.0399932861328,180.2899932861328,187.22999572753906,,,,False,,,,,,3.0,16%->10%->7%,15.695719721554847,7.086168045637967,0.7378318268655014,21.0,-3.509584515678516,3.706672328030966,False,-1.5748031496062964,True,48.80837930243056,7.575757575757569,-1.5748031496062964,18.881118881118873,149.60212201591517,13.59999999999999,-63.23529411764706,-63.8682252922423,612.8787878787879,8.896053766858913,6.4544146200530506,4.039663506343438,8.33263652326921,5.099202670127934,18.08674119370661,-15.705258353664476,4.09050102524513,4.039663506343438,True,False
POWW,vcp,2.3399999141693115,2.0999999046325684,2.2699999809265137,,,,False,,,,,,2.0,19%->10%,18.726591225196433,10.256411040166299,0.3693163739340715,34.0,-2.991450248306846,7.488990208033341,False,,False,47.47503691321759,,,,,,-200.00000000000009,0.0,,22.123596316756753,10.10391236614392,6.968593421412317,0.010790267329086056,4.258050636740962,3.6938989351198437,11.76663929199453,1.0705403961213777,0.010790267329086056,True,False
PSMT,vcp,181.8300018310547,166.35000610351562,172.97000122070312,,,,False,,,,,,2.0,17%->9%,16.56009227232749,8.5134441905369,0.6948915215304983,39.0,-4.872683562189992,3.8272504309811723,False,6.6115702479338845,True,26.80834369877315,12.28070175438598,11.724137931034484,6.6115702479338845,8.510638297872353,-20.98765432098766,25.581395348837212,26.470588235294066,-10.526315789473639,12.488072093519342,9.651979710914249,9.919757954249153,8.558413435069667,-0.9184047373235416,8.157708415748854,3.8884276564172815,1.038951968778301,8.558413435069667,True,False
PWR,vcp,653.8699951171875,607.4500122070312,644.3599853515625,,,,False,,,,,,2.0,18%->7%,18.087745280617305,7.099267936562343,0.7014115386176936,29.0,-1.454419049144563,5.728160342606189,False,2.4630541871920597,True,29.475006782928237,94.73684210526316,51.04166666666667,2.4630541871920597,14.871794871794886,104.13793103448276,-30.288461538461508,-7.142857142857184,47.36842105263159,41.10419493143886,26.33346777182164,19.661880464892988,17.52982789446198,21.36197461594833,0.41876074669202623,2.7588617985042863,12.673853725531359,17.52982789446198,True,False
RCMT,vcp,41.77000045776367,38.84000015258789,40.66999816894531,,,,False,,,,,,2.0,9%->7%,9.445346206571744,7.014604436354968,0.5991814461118691,19.0,-2.6334744476017957,4.499626502945768,False,-14.28571428571428,True,35.808327327407405,36.00000000000001,-3.703703703703709,110.52631578947363,-14.28571428571428,30.76923076923077,-35.0,166.66666666666669,-40.0,20.021492720620216,-1.698767653569777,12.434990638651966,16.439990060465504,12.979599701341549,-3.9756695499329253,23.0292079841796,-10.077271447944113,-1.698767653569777,True,False
RGLD,vcp,259.8800048828125,239.61000061035156,240.32000732421875,,,,False,,,,,,3.0,18%->11%->8%,18.005051278148347,7.799755229957486,0.8376290285156738,70.0,-7.526549634864724,0.295442198830041,False,-36.19631901840484,True,35.808323738125,38.3084577114428,91.86046511627906,-36.19631901840484,31.506849315068486,-15.75757575757576,217.30769230769204,-45.83333333333328,-4.477611940298498,114.90772408332259,142.52207448458404,85.29028436018957,30.041220200477724,-3.9618438582467386,24.992006906033183,48.89791643524764,20.236783484304265,30.041220200477724,True,False
RHP,vcp,133.27000427246094,118.62999725341797,122.08999633789062,,,,False,,,,,,2.0,17%->11%,16.877639636617495,10.985222893151956,0.8478365516060586,42.0,-8.388990452580455,2.833974271648697,False,-43.617021276595736,True,33.808304565625,26.785714285714256,3.0000000000000027,-4.440892098500626e-14,-43.617021276595736,37.8640776699029,-8.035714285714256,111.32075471698104,-52.67857142857143,13.564968196326088,13.161013485901108,13.923780906778994,7.72786285498166,12.700805932239101,-9.926159651291389,24.53338464498749,-10.167623177638108,7.72786285498166,True,False
RIO,vcp,106.83999633789062,92.83999633789062,94.41000366210938,,,,False,,,,,,2.0,19%->13%,19.255126138315042,13.103706926125122,0.6319166862173117,72.0,-11.634212936951378,1.66296712564249,False,,False,141.80832587039353,,,,,,,,,,,,,,,,,,False,False
RLJ,vcp,11.779999732971191,10.59000015258789,11.069999694824219,,,,False,,,,,,2.0,17%->10%,17.14507353982959,10.101864239033858,0.6311187708260448,36.0,-6.027165146360272,4.336039344795575,False,-177.7777777777778,False,35.808303321400466,6.666666666666665,,,-177.7777777777778,,,,-146.66666666666669,5.476407520731041,3.613932750008386,-0.4230444045104531,-4.540642787727334,12.651149930730599,3.464468202304971,-0.4399400081807059,-9.104303737506992,-4.540642787727334,True,False
RLYB,vcp,17.09000015258789,15.850000381469727,17.049999237060547,,,,False,,,,,,2.0,11%->7%,11.289400930361586,7.255703686640367,0.37120545534535854,82.0,-0.23406035792976002,7.0381167700140175,False,,False,,,,,,,,-111.11111111111111,,-100.0,0.0,11000.0,-29.096989966555185,-100.0,-4.504504504504503,4.716981132075482,0.0,-100.0,True,False
RMR,vcp,20.530000686645508,18.344999313354492,18.510000228881836,,,,False,,,,,,2.0,14%->11%,13.597197580708755,10.642967852954481,0.5028015508865049,51.0,-9.839261520715171,0.891414983722619,False,-76.19047619047619,True,42.80829606597222,-28.000000000000004,-76.19047619047619,86.84210526315788,-44.117647058823486,259.99999999999994,-92.95774647887323,273.68421052631567,-23.99999999999998,3.308523191431423,-7.63212833754533,40.76426401080351,-5.675396989069914,8.312714122573283,-36.99389905712701,45.854650400104944,3.7895978941635544,-7.63212833754533,True,False
RYOJ,vcp,3.8299999237060547,3.4000000953674316,3.700000047683716,,,,False,,,,,,3.0,32%->14%->11%,31.92307515962583,11.22714978862294,0.30888491353607633,14.0,-3.394252705272798,8.108106714865881,False,,False,,,,,,,,,,,,,,,,,,,False,False
SCSC,vcp,59.310001373291016,55.0,57.779998779296875,,,,False,,,,,,2.0,20%->7%,20.020963127105855,7.266904861735397,0.41314508276533596,26.0,-2.5796704747390957,4.811351398458276,False,5.405405405405417,True,36.47491648307871,40.22988505747127,5.405405405405417,7.14285714285714,28.98550724637683,56.41025641025643,4.0000000000000036,-15.73033707865169,2.298850574712641,17.25014331652901,8.788148349925585,2.543822918352845,-4.632662007787724,24.298699774384126,0.03626818627757711,3.6317177043196036,-9.009381389272297,-4.632662007787724,True,False
SEI,vcp,71.4000015258789,64.2300033569336,69.1500015258789,,,,False,,,,,,2.0,14%->10%,13.848995388971957,10.04201402761392,0.6627236600984207,11.0,-3.1512604368565573,7.11496465709265,False,,False,33.808250652581016,,,,,,,,,46.068253070874235,26.08044174979536,-2.171723952738991,0.5939269527510893,25.097111416781303,3.9343512323440244,0.23960745649234116,12.075345633962066,-2.171723952738991,True,False
SGML,vcp,10.640000343322754,9.130000114440918,9.5,,,,False,,,,,,2.0,22%->14%,21.759999593098957,14.19173101652626,0.8118724634252723,13.0,-10.714288595283488,3.894735637464022,False,,False,44.474915514085644,,,,,,,,,,,,,,,,,,False,False
SILC,vcp,43.2400016784668,40.099998474121094,51.09000015258789,,,,True,,,,,,3.0,20%->13%->7%,19.63317686289884,7.261801763318158,0.5788967049241022,21.0,18.15448235292353,21.511062136706833,False,,False,29.474914197824074,,,,,,,,,,,,,,,,,,False,False
SLS,vcp,12.140000343322754,11.100000381469727,11.59000015258789,,,,False,,,,,,2.0,25%->9%,24.77320453339371,8.566721025053745,0.48023186515388333,13.0,-4.530479202476913,4.227780540699594,False,,False,42.8082488442824,,,,,,,,,,,,-100.0,,,,,-100.0,False,False
SMTC,vcp,185.0,167.11000061035156,174.77999877929688,,,,False,,,,,,2.0,15%->10%,14.729333781449542,9.670269940350506,0.6819170808631255,5.0,-5.524324984163851,4.388372938845587,False,-141.97530864197532,False,54.80824803211806,22.72727272727273,-141.97530864197532,,,,,,-240.9090909090909,16.098779377080596,9.287853154462633,12.81177323131888,19.61647542958831,6.074734091842338,2.7741157226033764,3.7358882371628432,2.660393192511612,9.287853154462633,True,False
SNDA,vcp,41.0099983215332,37.13999938964844,37.61000061035156,,,,False,,,,,,2.0,11%->9%,11.489559267486598,9.436720532253076,0.7111601085481682,22.0,-8.290655572634826,1.249670866992128,False,,False,40.47490817753472,,,,,,,,,-28.179041206907296,-39.6957929476435,-43.29552509435636,-41.9122011891189,-0.5524480353566785,0.6638629175211186,-6.660394497793931,-23.136961536063836,-43.29552509435636,True,False
SNOW,vcp,348.6099853515625,316.6300048828125,328.1199951171875,,,,False,,,,,,2.0,17%->9%,17.451109261913608,9.173569838081134,0.5363691521158561,16.0,-5.877625740901102,3.5017647218577364,False,,False,63.80823480591435,,,,,,,,,35.094749290155455,33.47910033260595,30.120899500390163,28.746069925081798,11.203989213135479,8.330023349018756,5.8607034822892645,5.933785106845679,28.746069925081798,True,False
SNX,vcp,280.6099853515625,255.19000244140625,256.75,,,,False,,,,,,2.0,19%->9%,18.6564890330482,9.058830489695083,0.41328835995672375,3.0,-8.502899610528647,0.6075939858203505,False,31.73076923076923,True,99.47490701853009,87.78280542986427,104.04040404040403,32.45614035087716,31.73076923076923,2.722772277227725,33.77483443708611,10.218978102189746,23.98190045248869,30.967485965604236,18.094852862089784,9.685196114275918,6.579713650495833,14.064373594430869,-1.2540436408245759,11.042261785949513,4.714265690238695,6.579713650495833,True,False
SOLV,vcp,94.16000366210938,86.52999877929688,89.54000091552734,,,,False,,,,,,2.0,10%->8%,9.75555419921875,8.103233417654236,0.5742780331280894,36.0,-4.906544782178202,3.3616284403102985,False,-91.02564102564102,True,36.80823038684028,3.9215686274509887,-91.02564102564102,105.55555555555642,931.4285714285714,657.1428571428571,-81.08108108108112,-94.8753462603878,1315.6862745098038,2.2211938917167995,-3.04347826086957,-3.710843373493977,0.672430355427478,10.06477329347284,0.45045045045044585,-4.67557251908397,-3.007866728366493,-3.710843373493977,True,False
SOPH,vcp,8.510000228881836,7.889999866485596,8.489999771118164,,,,False,,,,,,2.0,9%->7%,8.96551436863854,7.2855504785069165,0.7457222062900296,6.0,-0.23502299912746086,7.067136876418857,False,,False,34.474879345821755,,,,,,,,,,,,,,,,,,False,False
SPHR,vcp,151.36000061035156,133.2100067138672,138.72000122070312,,,,False,,,,,,2.0,27%->12%,26.884325562045632,11.991274988963688,0.8069687396859824,31.0,-8.350950937287447,3.972025993619732,False,-131.56342182890856,False,36.4748783045949,-131.56342182890856,,,,,-101.65289256198346,,-182.59587020648965,10.971237041078808,37.81304673831543,73.38836426071451,-3.855367762243145,-18.85365038487148,-1.9982581891769047,50.280457278915726,-7.14503362410448,-3.855367762243145,True,False
STI,vcp,7.079999923706055,6.230000019073486,6.679999828338623,,,,False,,,,,,2.0,23%->12%,23.396677543688362,12.005648499889142,0.05979121275295077,5.0,-5.64971892200318,6.736524263909387,False,,False,,,,,,,,,,9399.16349809886,28375.333333333332,,,46.22480275326013,813.6470588235294,133.75,204.1825095057034,9399.16349809886,False,False
STM,vcp,52.777834790784475,47.447144300532784,52.7400016784668,,,,True,,,,,,3.0,28%->15%->10%,28.032467062946232,10.100244754986578,0.4801961417557141,47.0,-0.07168371432373323,10.03575504263784,False,,False,29.474864831203703,,,,,,,,,,,,,,,,,,False,False
STRL,vcp,531.0,485.0,498.3599853515625,,,,False,,,,,,3.0,27%->11%->9%,26.661388405817533,8.662900188323917,0.7569993343872203,29.0,-6.146895414018362,2.6807901405121535,False,-22.314049586776854,True,33.80817853854167,116.45021645021644,141.40625,-22.314049586776854,50.76142131979697,61.81229773462784,9.574468085106357,-5.05050505050505,28.57142857142858,90.1122597108393,91.59459704048507,51.47614532318432,16.04706429234295,41.48169679353258,9.272206804276784,9.665045521241078,12.132609021136975,16.04706429234295,True,False
STRO,vcp,16.549999237060547,14.949999809265137,16.030000686645508,,,,False,,,,,,2.0,30%->10%,30.404135612124893,9.667670704253077,0.7005810200129116,17.0,-3.1419853437249836,6.737372620826604,False,,False,,,,,,,,,,-84.56506392658247,-16.529685614115753,-21.35188061314066,13.767605633802816,-32.252289471872196,24.69305400532327,20.158877540493148,-84.79410149815672,-84.56506392658247,True,False
SU,vcp,72.05999755859375,65.86000061035156,68.7699966430664,,,,False,,,,,,3.0,19%->11%->9%,19.15058657138912,8.603937216623992,0.7073859763325897,80.0,-4.5656411698490045,4.2314907296250945,False,,False,34.80817806730324,,,,,,,,,,,,,,,,,,False,False
SUNE,vcp,2.6500000953674316,2.3499999046325684,2.369999885559082,,,,False,,,,,,3.0,40%->29%->11%,40.24640340424532,11.32076150711486,0.002892583691212587,13.0,-10.566045272897496,0.8438810925003772,False,-99.79591122766577,False,41.47484955369213,,,-99.79591122766577,,,-101.13647125674781,,,-37.52427807971278,-43.06674765867313,76.9849851217093,29.047002843925963,13.4483961176179,-73.56051132117567,43.26377003328905,45.38630372618291,-43.06674765867313,True,False
SWVL,vcp,4.300000190734863,3.9200000762939453,4.349999904632568,,,,True,,,,,,2.0,26%->9%,25.999999046325684,8.83721157175057,0.568060379374833,5.0,1.1627839925551307,9.885053741741261,True,,False,,,,,,,,,,,,,,,,,,,False,False
TCMD,vcp,24.899999618530273,21.288999557495117,22.81999969482422,,,,False,,,,,,2.0,24%->15%,24.379420326572692,14.502008499421398,0.7255413759444705,38.0,-8.35341347619196,6.709027860663583,False,12.5,False,33.80817854861111,142.85714285714283,,12.5,71.42857142857142,,-117.77777777777779,25.0,157.1428571428571,8.609086876623785,22.848795456029247,21.042238710054328,17.323136278439797,13.858663159153405,-27.34424773635539,20.80228558101569,8.681325644762694,8.609086876623785,True,False
THC,vcp,283.04998779296875,248.86000061035156,257.92999267578125,,,,False,,,,,,2.0,14%->12%,14.495508516305605,12.079133954114413,0.6718177640204918,58.0,-8.874755767720089,3.516454977312659,False,-21.06339468302658,True,27.80817810277778,213.37579617834393,87.58782201405153,11.345646437994649,-21.06339468302658,22.846441947565555,89.81042654028433,9.326424870466333,22.92993630573248,6.7729083665338585,2.7761822707256467,9.164526960300211,3.1798673429574764,4.843517138599096,-2.8767866835534672,4.499905464170917,0.34149117814457064,2.7761822707256467,True,False
TIGO,vcp,97.19999694824219,89.26000213623047,89.77999877929688,,,,False,,,,,,2.0,20%->8%,19.621018558735905,8.168719198869594,0.5349990041383584,36.0,-7.6337432118401924,0.5791898531260803,False,,False,36.47484523729167,,,,,,,,,,,,,,,,,,False,False
TLYS,vcp,4.429999828338623,4.110000133514404,4.46999979019165,,,,True,,,,,,3.0,36%->21%->7%,35.68000030517578,7.223469689032195,0.10444746893796374,16.0,0.9029337111290244,8.053683972584956,True,-94.11764705882352,True,63.80814090709491,19.999999999999996,-37.5,-94.11764705882352,-33.333333333333336,259.99999999999994,150.0,-90.9090909090909,46.66666666666668,51.943574541636075,-13.053359546018594,-14.2938716867137,30.555171937577686,31.102166487596005,-10.652138093088903,-7.7147352832284355,40.55812138164314,-14.2938716867137,True,False
TNK,vcp,103.16000366210938,92.54000091552734,95.70999908447266,,,,False,,,,,,2.0,12%->10%,12.272346111464772,10.29469016050719,0.8119171986844651,25.0,-7.221795573058031,3.3120867195364876,False,,False,35.80815412954861,,,,,,,,,,,,,,,,,,False,False
TRLV,vcp,12.930000305175781,11.880000114440918,12.34000015258789,,,,False,,,,,,2.0,11%->8%,11.194032624359009,8.120650935441635,0.4715545792674008,10.0,-4.563032781613455,3.727715011822779,False,,False,36.474797818472226,,,,,,,,,-10.306336606132028,-3.6962654486835,-2.6558634544820547,1.3729228517960879,-5.510646756453264,-2.1808171327013404,1.7211046993792278,-4.6010076600703105,-10.306336606132028,True,False
TTRX,vcp,13.680000305175781,12.28499984741211,13.039999961853027,,,,False,,,,,,2.0,23%->10%,22.90734904493019,10.197371539793593,0.4810966810966811,3.0,-4.678364978402903,5.7898781951655005,False,,False,43.80814678592593,,,,,,-399.9999999999997,,,,,,,,,,,,False,False
TWIN,vcp,24.209999084472656,22.15999984741211,26.459999084472656,,,,True,,,,,,2.0,11%->8%,11.309524980892455,8.467572550943778,0.5837473167739957,25.0,9.293680648848358,16.25094250129391,False,20.000000000000128,False,35.47478201523148,20.000000000000128,,2114.285714285714,,-47.8260869565217,-85.16129032258064,,-140.0,18.33095430190943,19.01971886462668,0.2880306046418424,9.738398013635674,18.311374025275605,7.223331115546694,12.730636531826601,-17.255218353710255,0.2880306046418424,True,False
UTMD,vcp,74.6960224819888,67.86473733469442,74.48999786376953,,,,False,,,,,,2.0,12%->9%,12.122883289239347,9.145447000128534,0.6865530303030304,51.0,-0.275817388093124,8.894161255302576,False,-19.60784313725491,True,22.474787296493055,-10.638297872340418,-10.869565217391308,-8.045977011494232,-19.60784313725491,2.4390243902439046,2.499999999999969,-2.43902439024386,-12.765957446808507,-14.307244047020994,-10.175077239958807,-1.2338938632889263,-1.9290354822588673,-2.212795230451736,-3.571033720287453,-7.816958825927434,-1.4166582939817096,-14.307244047020994,True,False
UVE,vcp,45.11000061035156,41.720001220703125,42.29999923706055,,,,False,,,,,,2.0,17%->8%,16.765237863569695,7.514961968035358,0.7178364134885874,60.0,-6.229220428443519,1.371153727703297,False,30.555555555555557,False,22.80812002895833,68.59504132231406,30.555555555555557,895.652173913044,,8.510638297872353,-17.903930131004408,65.94202898550732,14.049586776859503,6.7206309775804,-0.32973127660705925,6.007395876915567,3.464549456333832,8.503804962331518,-3.520491461686681,1.7320022644464528,0.209926001084626,-0.32973127660705925,True,False
VIR,vcp,11.720000267028809,10.329999923706055,10.510000228881836,,,,False,,,,,,2.0,14%->12%,14.32160886300532,11.860070918540512,0.796176101999673,17.0,-10.324232172169783,1.7126574810258741,False,,False,35.80810437372685,,,,,,,,,417.77921448197833,-89.91596638655463,-60.520325203252035,-94.62182489002412,26595.833333333332,-80.23064250411862,-59.96042216358839,-75.49700985938259,-94.62182489002412,True,False
VMD,vcp,9.390000343322754,8.595000267028809,9.109999656677246,,,,False,,,,,,2.0,31%->8%,31.093117684024772,8.466454177067963,0.5744544828507704,43.0,-2.981902837145441,5.653121943544362,False,-12.49999999999999,True,35.80810374856481,-12.49999999999999,0.0,39.99999999999997,-10.000000000000009,16.666666666666675,-57.14285714285715,55.55555555555558,12.5,23.85340015224562,27.541477109371026,25.51445753356949,23.981104751396455,3.5576948577187295,-1.0068127223323398,5.933476096448542,14.047830499873125,23.85340015224562,True,False
VMI,vcp,511.0230166790752,458.3599853515625,467.8399963378906,,,,False,,,,,,2.0,22%->10%,22.196769707589922,10.30541279133526,0.7172236000339504,65.0,-8.450308289793478,2.0263361535000795,False,21.16788321167884,False,20.474771950810187,,27.54629629629628,134.28571428571422,21.16788321167884,11.433756805807626,-38.91352549889135,81.12449799196784,,6.486233851285239,6.1778742492113015,0.09312692447849269,2.529467983434208,8.6953226641741,-0.8729027411245704,-0.7380638253121519,-0.43482068406203167,0.09312692447849269,True,False
VPG,vcp,73.30000305175781,68.08999633789062,70.87999725341797,,,,False,,,,,,4.0,21%->14%->11%->7%,20.840953927344813,7.107785125449931,0.4589630234737272,29.0,-3.301508455096591,3.9362316924931946,False,-750.0,False,34.47475507549768,-750.0,,-333.33333333333337,,,,-123.72881355932202,2849.9999999999995,11.674937800188934,17.57990549337198,10.8997563761992,5.28345240138921,-0.4943511196993544,4.692697214913366,1.0585992374071873,6.0762895650669835,5.28345240138921,True,False
VSH,vcp,33.54999923706055,31.100000381469727,32.22999954223633,,,,False,,,,,,3.0,20%->11%->7%,19.928928337592886,7.302530287048301,0.6700593291858034,29.0,-3.9344254093636435,3.506047709637029,False,1800.0,False,35.474746098796295,1800.0,,,,280.0,400.0000000000003,,-700.0,16.5726467694326,17.337773825702296,12.061574107757478,7.518429924131675,5.878280638957545,4.78448588002327,1.3004654457148712,3.7244998360117965,7.518429924131675,True,False
VSXY,vcp,78.48999786376953,71.72000122070312,88.29000091552734,,,,True,,,,,,2.0,22%->9%,22.3109708218574,8.625298544174623,0.8288882742634374,22.0,12.485671191846762,18.767696820705428,False,-8.298755186721984,False,64.47471697163195,990.0,,-8.298755186721984,,289.2857142857143,-74.6606334841629,,-330.0,10.418094585332426,15.299334811529942,7.68865685809208,9.279881217520414,3.26923076923078,-31.247245482591445,54.144021739130444,0.8910212474297463,7.68865685809208,True,False
WAT,vcp,426.2200012207031,392.95001220703125,442.94000244140625,,,,True,,,,,,2.0,10%->8%,9.989048460581818,7.805825376187396,0.780756697115878,58.0,3.9228570158173452,11.28595068380347,False,-156.27530364372467,True,30.47471140917824,-156.27530364372467,-142.85714285714286,-3.0927835051546615,-7.749077490774903,,-123.13829787234043,50.4,1.2145748987854255,113.35927367055771,91.38972809667673,6.839010259947709,8.04830441507216,29.834254143646397,35.88603162380053,16.56633999552437,3.7466926070038875,6.839010259947709,True,False
WLY,vcp,50.0,45.9900016784668,47.7400016784668,,,,False,,,,,,2.0,15%->8%,15.143227228237974,8.019996643066406,0.4364748026207485,18.0,-4.519996643066406,3.6656890206799893,False,-204.54545454545453,False,64.47470966353009,-204.54545454545453,103.2,,13.513513513513509,-109.05511811023622,353.57142857142856,-33.33333333333333,281.8181818181818,-2.6307963709677473,1.2115351157646392,1.3370371651846291,-1.1355032290580103,-13.747346190681364,9.244310255684862,-2.7777053284995135,6.288054435483881,-2.6307963709677473,True,False
WST,vcp,360.2900085449219,331.989990234375,375.6499938964844,,,,True,,,,,,2.0,16%->8%,15.733165792242696,7.85478854238567,0.28477729826561354,46.0,4.263228229280019,11.622522127377035,False,2.2471910112359605,True,22.474710818449076,18.13186813186811,56.09756097560976,2.2471910112359605,3.7837837837837673,11.979166666666675,5.494505494505475,-5.208333333333314,5.494505494505497,13.803000652315722,21.0458452722063,7.505341880341887,7.725264426295353,3.2429873357793904,4.956521739130437,0.0497141436738735,4.9706457925636105,7.505341880341887,True,False
WTS,vcp,392.89207047582164,345.6000061035156,358.010009765625,,,,False,,,,,,2.0,15%->12%,15.314034693028706,12.036909860520167,0.7137475416193457,62.0,-8.878280660628214,3.46638454892189,False,17.27574750830565,True,28.80804389715278,17.27574750830565,34.389140271493225,23.762376237623783,18.93203883495147,18.855218855218837,18.80000000000002,2.0408163265306145,-18.604651162790688,18.564548702811877,21.37992831541218,15.673575129533667,12.527593818984538,12.682710763324966,8.35066389377699,2.190616315187177,-4.971259903681835,12.527593818984538,True,False
