ticker,pattern_type,entry_price,stop_price,last_close,pole_gain_pct,pole_len,flag_len,retracement_pct,volume_ratio,breakout,ribbon_width_pct,squeeze_days_ago,expanding,n_contractions,contraction_pcts,first_contraction_pct,final_contraction_pct,volume_dryup_ratio,base_len,extension_pct,risk_pct,is_lre,eps_min_yoy_pct,eps_full_history_available,days_to_earnings,eps_yoy_q1_pct,eps_yoy_q2_pct,eps_yoy_q3_pct,eps_yoy_q4_pct,eps_qoq_q1_pct,eps_qoq_q2_pct,eps_qoq_q3_pct,eps_qoq_q4_pct,revenue_yoy_q1_pct,revenue_yoy_q2_pct,revenue_yoy_q3_pct,revenue_yoy_q4_pct,revenue_qoq_q1_pct,revenue_qoq_q2_pct,revenue_qoq_q3_pct,revenue_qoq_q4_pct,revenue_min_yoy_pct,revenue_full_history_available,passes_growth
IPDN,bull_flag,6.78000020980835,2.950000047683716,4.309999942779541,6469.697394427978,12.0,10.0,46.27634644259258,0.1716302726957368,False,,,,,,,,,,-36.430681277200556,31.554522346901802,False,,False,,,,,,,,,,-28.035138806815763,2.890496123186037,3.0689695209015655,2.223429028478341,-23.692635245298032,-7.239794331718896,-3.62988678582854,5.49939384339837,-28.035138806815763,True,False
NFE,bull_flag,8.25,4.920000076293945,4.954999923706055,3058.914747217959,9.0,11.0,40.92751764825679,0.47490011721260855,False,,,,,,,,,,-39.93939486416904,0.7063541463373324,False,-3666.666666666667,False,31.776717408252313,,,,-3666.666666666667,,,,,19.44337273333099,-51.87759333404352,-7.211284110884197,-46.12283879761819,47.092552398846735,-43.224378565451026,35.74555380787123,5.361965557153381,-51.87759333404352,True,False
OPTT,bull_flag,1.659999966621399,0.9100000262260437,0.9599999785423279,1418.1817873942948,11.0,7.0,48.71794560741696,0.21123205766829012,False,,,,,,,,,,-42.168674828577394,5.2083284826948155,False,,False,66.7766331116088,,,,,-211.30434782608694,,,,-38.01652892561983,22.672064777327925,162.5,25.581395348837212,-0.990099009900991,-57.56302521008403,-5.555555555555558,56.19834710743801,-38.01652892561983,True,False
TJGC,bull_flag,35.79999923706055,23.729999542236328,31.0,231.06562712841318,15.0,6.0,45.56310300712367,0.061554953472845085,False,,,,,,,,,,-13.407819383670644,23.451614379882812,False,,False,,,,,,,,,,,,,,,,,,,False,False
KOD,bull_flag,98.94999694824219,87.58000183105469,91.08000183105469,212.3730890055271,6.0,4.0,16.253357449393288,0.2626309529768984,False,,,,,,,,,,-7.95350718535551,3.842775504651602,False,,False,34.77691120491898,,,,,,,,,,,,,,,,,,False,False
IGR,bull_flag,12.319999694824219,10.84000015258789,11.069999694824219,167.96538365340587,13.0,15.0,17.779270186964784,0.8487549905176651,False,,,,,,,,,,-10.146104147430622,2.077683365645118,False,,False,,,,,,,,,,,,,,,,,,,False,False
PSIG,bull_flag,4.724999904632568,4.5,4.690000057220459,158.8235278403784,15.0,5.0,4.232800317117744,0.42946533535097436,False,,,,,,,,,,-0.7407375263181318,4.051173878515111,False,,False,,,,,,,,,,,,,,,,,,,False,False
CYPH,bull_flag,4.190000057220459,2.880000114440918,3.049999952316284,142.85714589819625,15.0,9.0,49.99999254941933,0.8110702702273853,False,,,,,,,,,,-27.207639363623837,5.57376526338179,False,,False,33.44389389305555,,,,,,-150.0,,,0.0,0.0,0.0,0.0,0.0,0.0,0.0,0.0,0.0,True,False
VNCE,bull_flag,13.449999809265137,9.609999656677246,13.359999656677246,128.62822107989865,11.0,8.0,29.21175277606569,0.41884324798717903,False,,,,,,,,,,-0.6691461253842793,28.06886299675744,False,-38.235294117647065,False,60.44285013885416,-13.978494623655912,,,-38.235294117647065,,,-233.33333333333334,-77.41935483870968,11.66969320462583,10.532856920925893,4.699186991869908,6.192460267957389,27.723900991645188,-23.501021419952927,-1.6669407701524808,16.22724976447618,4.699186991869908,True,False
SRZN,bull_flag,32.0,25.079999923706055,25.145000457763672,99.13366713508442,5.0,5.0,44.3196016141741,0.18535519125683061,False,,,,,,,,,,-21.421873569488525,0.25850281516915974,False,-116.07843137254903,False,,-116.07843137254903,,,,,,,-427.84313725490193,408.64699898270607,408.64699898270607,-19.389312977099237,-90.16999999999999,0.0,846.9696969696969,-46.28687690742625,0.0,-90.16999999999999,True,False
GRAL,bull_flag,166.47500610351562,130.55999755859375,132.89999389648438,90.73358187017779,12.0,3.0,18.635360360461217,0.8284246144361441,False,,,,,,,,,,-20.16820001565521,1.7607196729544208,False,,False,33.77704034565972,,,,,,,,,25.723047490434393,28.105663222037247,13.973125588204539,26.322769789194478,9.56724285889421,-6.449985090717247,20.45366635353927,1.8287193337834795,13.973125588204539,True,False
IOVA,bull_flag,15.029999732971191,12.3100004196167,12.920000076293945,82.06387063584182,14.0,5.0,37.57484309700339,0.7046916018825908,False,,,,,,,,,,-14.038587452856413,4.72135954392519,False,,False,27.443630059537035,,,,,,,,,65.6541900186816,44.81793852891087,17.744999592911228,15.19938519340791,39.03541929161416,-17.679870002650656,28.635386553998956,12.515012009607695,15.19938519340791,True,False
AOUT,bull_flag,17.68000030517578,15.699999809265137,16.06999969482422,75.32466369404833,15.0,8.0,24.535804657118625,0.2624141884332224,False,,,,,,,,,,-9.106338136658506,2.302426213973424,False,-3300.0,False,62.77745105114583,,,-3300.0,-33.33333333333333,,,-300.0,,25.425897245976703,-24.027315876142197,-3.297154089394072,-5.035529286757868,-20.83554686669925,-16.821620475113118,-1.0891798807671438,92.57625749107805,-24.027315876142197,True,False
VICR,bull_flag,313.55999755859375,276.6499938964844,282.7799987792969,73.31647910625747,15.0,4.0,24.46759926775576,0.8025638175688192,False,,,,,,,,,,-9.816302787011324,2.1677646613177988,False,142.3076923076923,False,11.442850509699074,633.3333333333334,320.8333333333332,142.3076923076923,,-56.43564356435642,60.31746031746028,-30.76923076923077,1416.6666666666667,20.220713434360626,11.540461285693482,18.522851684090757,11.871316420900602,5.31865304295942,-2.860817039928276,14.968869083564119,2.2113911118678775,11.540461285693482,True,False
VRA,bull_flag,5.21999979019165,4.829999923706055,4.980000019073486,68.09211176435713,14.0,3.0,13.526579062243368,0.28543835444625615,False,,,,,,,,,,-4.597696949511803,3.0120500962435477,False,,False,62.44284218935185,,,,,,-269.99999999999983,,,1.1163171413248962,7.832584791698927,-39.162778697512415,-11.67657449314019,28.629133603820335,-34.381773631137506,36.359693508746574,-12.144006322504165,-39.162778697512415,True,False
MXL,bull_flag,113.12999725341797,102.87999725341797,107.36000061035156,63.497451471387414,14.0,3.0,7.413716813338719,0.8144386790915904,False,,,,,,,,,,-5.10032421386988,4.172879407101675,False,,False,13.776716713171295,,,,,,,,,55.171716614742714,43.00397152179125,48.03129102607224,55.92587112524969,23.077091290783457,0.5511741769034462,7.889513597292397,16.21681232940917,43.00397152179125,True,False
SHMD,bull_flag,4.880000114440918,4.251999855041504,4.489999771118164,53.31230336108514,12.0,5.0,35.97634662053667,0.4158192621122097,False,,,,,,,,,,-7.9918101265748565,5.300666552537262,False,,False,136.77641519469907,,,,,,,,,,,,,,,,,,False,False
SDGR,bull_flag,33.779998779296875,26.8700008392334,27.290000915527344,52.57623427615721,5.0,13.0,21.499996185302734,0.8416379423186002,False,,,,,,,,,,-19.212546176132868,1.5390255119228506,False,,False,26.77639157818287,,,,,,-280.0,,,7.542139191731034,-1.6187805410488476,-1.2251321942547855,53.935959195239434,0.5154727157901995,-32.84002980455093,60.5827994993005,-0.7943899632937068,-1.6187805410488476,True,False
QMCO,bull_flag,35.650001525878906,30.399999618530273,31.06999969482422,51.116951884770415,14.0,3.0,35.132822233637626,0.7115950670566077,False,,,,,,,,,,-12.847129411004346,2.156421251608692,False,,False,31.77650949892361,,,,,,,,,25.692996920013698,27.310121933303954,8.59297653019626,-12.709127856804836,3.601559094289297,4.569222106025261,18.92848600813202,-2.4437669165914833,-12.709127856804836,True,False
AXTI,bull_flag,88.36000061035156,78.69999694824219,79.79000091552734,50.49071272328531,14.0,3.0,24.887210887073977,0.6598293653107414,False,,,,,,,,,,-9.69895839251525,1.3660909321697208,False,,False,20.777377254131945,,,,,,,,,164.76577278290864,39.098987394089676,-8.221469826727745,18.227955170226263,76.75308275144852,16.852567162883545,-17.578250760150237,55.53021030377212,-8.221469826727745,True,False
P,bull_flag,153.4600067138672,140.25999450683594,152.66000366210938,49.434848809772134,14.0,3.0,0.0,0.4781759209476721,False,,,,,,,,,,-0.5213104501223259,8.122631244473862,False,-15.789473684210531,False,53.776634668761574,49.99999999999998,,123.07692307692308,-15.789473684210531,199.99999999999994,-75.86206896551724,81.25000000000003,14.28571428571428,37.73463940850312,35.24936254391542,20.351494927498347,16.049271302606762,12.632016837370452,-0.5672851998719475,9.793115890561799,12.015186956592427,16.049271302606762,True,False
FEIM,bull_flag,89.58999633789062,78.80000305175781,79.1500015258789,48.60577877277959,11.0,12.0,35.039494106417344,0.8275828172613782,False,,,,,,,,,,-11.653080967474372,0.4421964211923081,False,-251.51515151515147,True,62.77713679025463,485.7142857142856,-251.51515151515147,-90.0,-35.71428571428572,,-412.5,-11.111111111111105,157.1428571428571,,,-100.0,-100.0,,,,,-100.0,False,False
OCC,bull_flag,18.170000076293945,15.850000381469727,16.15999984741211,48.53420332041758,13.0,3.0,40.10066064347734,0.7122003709524417,False,,,,,,,,,,-11.062191636995342,1.918313544984511,False,,False,69.4433591708912,,,,,-280.0,-44.44444444444444,800.0,,21.99187032893992,26.57529897295392,4.372449637820708,1.762145465117393,9.378811564747181,35.19388252234883,-17.136447460172967,-0.44178519780092573,1.762145465117393,True,False
LONA,bull_flag,6.210000038146973,4.510000228881836,5.829999923706055,48.307697589580826,5.0,3.0,19.745217126409518,0.15451246356118747,False,,,,,,,,,,-6.119164446161706,22.641504495682945,False,-398.5781990521327,False,,,,-398.5781990521327,,,,,,,,,,,,,,,False,False
CRDO,bull_flag,226.60000610351562,206.05999755859375,220.00999450683594,45.67259958980503,14.0,3.0,18.35157005252985,0.8224031753508663,False,,,,,,,,,,-2.9082133359119293,6.340619652080736,False,97.05882352941175,False,52.77729001564815,97.05882352941175,313.63636363636357,412.5,,-26.373626373626347,10.975609756097526,86.36363636363636,29.411764705882337,114.14189837008628,151.11506967389744,192.38947716268444,248.83905562641536,11.418685912911354,7.368578813401072,51.85485044417166,17.879352960320883,114.14189837008628,True,False
SVCO,bull_flag,9.119999885559082,8.300000190734863,8.399999618530273,44.77847104432841,13.0,3.0,30.035321340286732,0.40801157923561393,False,,,,,,,,,,-7.894739869118656,1.1904694325796505,False,-222.22222222222223,False,33.776326243715275,,,-222.22222222222223,,,,,,47.79216467463478,25.993471473176278,2.2005711406013706,70.17863652934744,0.28724303013236696,-2.7229892614508033,-2.249357326478152,54.980079681274894,2.2005711406013706,True,False
KRSA,bull_flag,34.33000183105469,29.5,31.649999618530273,44.55782031576025,15.0,6.0,42.93893317327135,0.8117277035453996,False,,,,,,,,,,-7.806589191906486,6.79304784974311,False,-160.8695652173913,False,,,,-160.8695652173913,,,,,,-90.48640915593705,-75.42997542997543,,,-66.75,-46.59546061415221,-26.13412228796844,-27.467811158798284,-90.48640915593705,False,False
ALAB,bull_flag,401.739990234375,342.0,382.25,43.92175541213022,5.0,11.0,19.34726993268772,0.7913834828708237,False,,,,,,,,,,-4.851394112645979,10.5297580117724,False,-79.67479674796748,False,25.777501932326388,186.20689655172416,144.44444444444446,-79.67479674796748,,88.63636363636363,76.0,-50.0,72.41379310344828,104.45486518171161,93.40010787621831,91.77226852639338,103.8934969845958,27.253446447507955,13.961704911247196,17.351404098449528,20.13807476878988,91.77226852639338,True,False
LTRX,bull_flag,7.489999771118164,7.0,7.210000038146973,42.97028747519738,11.0,6.0,10.138241050676813,0.5521449105473221,False,,,,,,,,,,-3.7383143061083284,2.912621872897304,False,,False,26.77680872431713,,,,,,,,,8.027324109712541,5.884210526315781,-4.451076666345754,-13.447404351741564,3.237565032972123,1.3535299254383126,-0.06712760958582642,3.311487915669753,-13.447404351741564,True,False
BAND,bull_flag,67.13999938964844,57.060001373291016,57.470001220703125,42.77854265093131,15.0,6.0,27.974262854722387,0.7651116226431902,False,,,,,,,,,,-14.402737945863342,0.7134154144830783,False,-500.0,False,20.444034784583334,,-137.037037037037,-500.0,,,,,,19.824840307390335,-1.0958760578942628,-1.0253606556531514,3.6929298049561687,0.5373962285956324,8.21959926001199,6.60063439862677,3.3126531642954316,-1.0958760578942628,True,False
ACLS,bull_flag,147.91000366210938,135.85000610351562,138.39999389648438,42.428919780685234,12.0,3.0,27.078593848302972,0.7268623768574346,False,,,,,,,,,,-6.429592002005482,1.8424768102778974,False,-65.90909090909092,True,25.44416681480324,-23.469387755102044,-65.90909090909092,-27.922077922077936,-44.29530201342282,150.0,-72.97297297297297,33.734939759036145,-15.306122448979597,10.604798914384418,3.3199524311523954,-5.58084439637584,-16.74163171762212,8.152053720420604,-16.52079050056644,11.571969608306688,9.800867670038649,-16.74163171762212,True,False
VECO,bull_flag,57.380001068115234,52.880001068115234,53.529998779296875,40.32771319297537,13.0,3.0,27.28926344426182,0.7667755271784333,False,,,,,,,,,,-6.709658796011627,1.2142681225560426,False,-105.0,True,26.776185134074073,-10.000000000000009,-105.0,-92.00000000000004,-52.77777777777777,,-150.00000000000023,-88.23529411764711,-15.000000000000002,16.481842700958428,-5.350524830834713,-9.396533264518393,-10.240954076414855,22.19260962100782,-4.045643782155784,-0.5208553119404824,-0.13425323893464514,-10.240954076414855,True,False
RXT,bull_flag,4.275000095367432,3.700000047683716,3.8499999046325684,39.534877826319594,15.0,9.0,42.01679308529917,0.5799466246701437,False,,,,,,,,,,-9.941524707693251,3.896100276999047,False,,False,27.77644042116898,,,,,-1000.0000000000002,,,,0.5703136725198954,1.908626390141266,-0.40840140023337135,-0.6806747558449233,-1.1797669960182833,-0.6883421206795526,1.728247914183556,0.7354044724598552,-0.6806747558449233,True,False
VIAV,bull_flag,48.189998626708984,45.959999084472656,46.27000045776367,39.51422042600996,13.0,3.0,8.545722463333583,0.6696087854770928,False,,,,,,,,,,-3.9842254070560736,0.6699835103178614,False,-625.0,False,19.776184545671295,400.0000000000001,-66.66666666666667,-625.0,,400.0000000000001,,,-433.33333333333337,52.53012048192771,42.8370786516854,36.37370753323486,25.56675062972291,8.92330383480826,10.154346060113738,23.470411233701107,2.960413080895008,25.56675062972291,True,False
DOCN,bull_flag,151.8300018310547,126.90499877929688,127.27999877929688,39.37255634035262,12.0,12.0,46.63357824138857,0.5681938185249099,False,,,,,,,,,,-16.169401801809407,0.2946260241958745,False,-61.53846153846154,True,26.443865288148146,-25.64102564102565,-61.53846153846154,9.523809523809534,357.5757575757575,93.33333333333333,-34.78260869565217,-84.76821192052981,287.1794871794872,28.57064471879287,22.40214899645472,18.282298401854334,15.693960218455905,9.026191814815544,6.400841618878661,5.554926535269167,4.999542752629171,15.693960218455905,True,False
INTC,bull_flag,126.93000030517578,111.13999938964844,113.12000274658203,38.96585789701024,14.0,9.0,45.49271960993547,0.8276387691801531,False,,,,,,,,,,-10.880010655787121,1.7503565318764285,False,,False,20.776965669930558,,,,,,,-111.11111111111111,,25.421883505715837,7.184021473119118,-4.109396914446006,2.777777777777768,18.789128673491938,-0.7093754570718147,0.1538123489343013,6.174663659693591,-4.109396914446006,True,False
DELL,bull_flag,595.510009765625,520.1799926757812,578.9600219726562,38.447064568014696,11.0,14.0,41.75031918318986,0.5225103698854524,False,,,,,,,,,,-2.7791283977715726,10.152692252670104,False,39.02439024390243,True,49.777228017418985,272.94117647058823,282.4817518248175,55.60747663551404,39.02439024390243,20.992366412213737,57.357357357357365,46.05263157894739,34.11764705882352,57.747850617947336,87.53528958850201,39.48017216163136,10.830665681687602,7.13699192555084,31.346055903412328,23.603036474726903,-9.306152606125739,10.830665681687602,True,False
NNBR,bull_flag,4.590000152587891,3.9000000953674316,4.019999980926514,38.34356570783149,12.0,3.0,48.800001373290755,0.7299509353684795,False,,,,,,,,,,-12.418303980665552,2.9850717942397833,False,,False,19.77671647365741,,,,,,,,,19.291889437644194,12.077056997956248,-1.6871180043750544,-8.544111562062561,8.686218890352215,13.117384162878643,0.8028339847134358,-3.7425524226054274,-8.544111562062561,True,False
AMD,bull_flag,658.52001953125,596.0700073242188,645.8599853515625,38.24754468169858,15.0,8.0,19.808561538826172,0.790909223690937,False,,,,,,,,,,-1.9224979961428066,7.709097816338854,False,59.5744680851064,True,25.77749823320602,155.55555555555554,90.90909090909089,206.6666666666666,59.5744680851064,64.28571428571428,-8.695652173913038,22.666666666666657,38.888888888888886,50.11060507482108,37.84619521376713,34.10812222512405,35.5917289925209,12.513410709060757,-0.16553067185978154,11.075059485182791,20.31229668184775,34.10812222512405,True,True
WYY,bull_flag,7.630000114440918,7.010000228881836,7.010000228881836,38.20841376146862,5.0,3.0,26.315773863302432,0.1018819503849444,False,,,,,,,,,,-8.125817513234887,0.0,False,,False,34.77610429775463,,,,,0.0,,,,,,,,-39.31338028169014,62.10045662100456,-28.86723507917174,,,False,False
FIRY,bull_flag,13.258999824523926,11.614999771118164,11.850000381469727,36.88611075457664,9.0,10.0,42.06799777602112,0.6601262416205901,False,,,,,,,,,,-10.626740038476397,1.9831274496753724,False,,False,34.777112193159724,,,,,,,,,22.91584040612358,32.91775129013106,68.87625907377188,11.439504966617807,6.483422092423985,-3.018893072540063,9.633228611090816,8.566669310700403,11.439504966617807,True,False
TER,bull_flag,448.0,404.79998779296875,411.7799987792969,36.40339972482267,14.0,3.0,36.915906294938246,0.7822737418100655,False,,,,,,,,,,-8.084821701049805,1.6950825700665528,False,-15.73033707865169,True,12.776289320381943,385.71428571428567,314.75409836065575,82.02247191011234,-15.73033707865169,-5.928853754940711,56.17283950617282,116.00000000000001,53.06122448979591,,,,,7.575783454696938,4.6785914362566405,-27.769080543721415,,,False,False
CVI,bull_flag,58.91999816894531,49.7599983215332,57.380001068115234,35.03521351416048,15.0,13.0,28.21249259926839,0.800587161026612,False,,,,,,,,,,-2.6137086705507695,13.279893002330901,False,-489.2857142857145,False,19.777228791030094,,,-489.2857142857145,,,,-129.30107526881721,,,,,,,,,,,False,False
RFAI,bull_flag,50.79999923706055,35.0,37.150001525878906,34.88532270041396,11.0,6.0,43.17959246015345,0.3540489642184558,False,,,,,,,,,,-26.87007463815756,5.787352456449303,False,,False,,,,,,,,,,,,,,,,,,,False,False
SMTC,bull_flag,201.99000549316406,167.11000061035156,193.77999877929688,34.638117628815635,15.0,8.0,32.38805858462884,0.7799686137251428,False,,,,,,,,,,-4.064560864693396,13.76302938226393,False,-141.97530864197532,False,45.776393591122684,22.72727272727273,-141.97530864197532,,,,,,-240.9090909090909,16.098779377080596,9.287853154462633,12.81177323131888,19.61647542958831,6.074734091842338,2.7741157226033764,3.7358882371628432,2.660393192511612,9.287853154462633,True,False
TITN,bull_flag,25.950000762939453,22.229999542236328,24.040000915527344,34.37849484780939,13.0,14.0,28.827371884560044,0.48182945619903045,False,,,,,,,,,,-7.36030748076077,7.529123562228913,False,-28.57142857142857,False,46.44293450173611,,,,-28.57142857142857,,,-3279.9999999999995,,-9.158056168630335,-12.1067880794702,-15.539246842763921,-5.194579773588459,-4.976635827107034,-18.61132534062493,-0.41504398690478395,17.95009754294268,-15.539246842763921,True,False
BE,bull_flag,302.35400390625,251.3000030517578,291.2900085449219,34.04265375115838,15.0,11.0,35.92481455562115,0.8000556235620027,False,,,,,,,,,,-3.6592852148102213,13.728588114959983,False,65.44129822818347,False,18.777357786782407,,65.44129822818347,,,-99.76979281353218,,,,133.78948951018285,36.28098998656175,59.520627975487585,21.377789349547417,-3.411645196146307,50.539320633275594,29.545293951384966,24.116243085616198,21.377789349547417,True,False
PDFS,bull_flag,56.97999954223633,52.33000183105469,53.16999816894531,33.99324590412749,13.0,3.0,22.5141886129134,0.8022794846382557,False,,,,,,,,,,-6.686559150403043,1.5798314215125113,False,-99.99999999999997,False,27.776620184675924,233.33333333333334,,-99.99999999999997,-50.0,-16.666666666666664,3.458764513820541e+18,-99.99999999999999,0.0,18.947185276832656,25.852903009753447,24.594189877208738,23.068801310090727,2.3266256444370637,-3.642453087191322,9.258513525343615,10.4140890813486,18.947185276832656,True,False
XERS,bull_flag,10.329999923706055,9.039999961853027,10.109999656677246,33.959728828781664,12.0,6.0,37.154137533421014,0.8263883715347621,False,,,,,,,,,,-2.1297218649918435,10.583577954105342,False,,False,27.442773569340275,,,,,-1900.0,-85.71428571428571,,,28.740966465843808,38.270762986742966,42.77608612456114,37.06051448367362,10.79432675304053,-3.123288309811556,15.36300080666846,3.9712604313731026,28.740966465843808,True,False
SEI,bull_flag,80.27999877929688,67.31999969482422,76.45999908447266,33.10199240557215,15.0,9.0,15.946193086000605,0.7571016555702221,False,,,,,,,,,,-4.758345481950038,11.953962201268938,False,,False,24.776393658738428,,,,,,,,,46.068253070874235,26.08044174979536,-2.171723952738991,0.5939269527510893,25.097111416781303,3.9343512323440244,0.23960745649234116,12.075345633962066,-2.171723952738991,True,False
MTC,bull_flag,5.671999931335449,4.730000019073486,4.989999771118164,33.08270501473145,15.0,8.0,43.93939038172442,0.27053140096618356,False,,,,,,,,,,-12.023980403270404,5.210416111630737,False,,False,,,,,,,,,,,,,,,,,,,False,False
RSKD,bull_flag,8.170000076293945,7.659999847412109,8.050000190734863,32.830822563296145,15.0,4.0,13.775508962835408,0.8497971331544205,False,,,,,,,,,,-1.4687868352323943,4.84472464698354,False,,False,33.443116814907405,,,,,,,,,,,,,,,,,,False,False
RBRK,bull_flag,127.9000015258789,113.56999969482422,123.7300033569336,32.45238848471246,12.0,6.0,4.267415208435529,0.8201943107698745,False,,,,,,,,,,-3.2603581854544137,8.211430846566795,False,-107.73286467486818,False,55.776498922361114,,,-107.73286467486818,,,,,,37.888078487058664,38.992606317845734,46.3324292909725,48.263597794883516,10.383705188752357,2.484616769574566,7.858558512248481,13.007809978700058,37.888078487058664,True,False
OBIO,bull_flag,6.5,5.639999866485596,5.659999847412109,31.856546451385736,11.0,12.0,40.397353712066185,0.6082615362149534,False,,,,,,,,,,-12.923079270582932,0.35335656299810947,False,,False,27.77669570241898,,,,,,-217.8571428571429,,,-89.47368421052632,-87.32718894009217,12120.158102766798,-12.765957446808507,-19.999999999999996,-99.64420868777695,3490.8246225319394,2.9904306220095656,-89.47368421052632,True,False
NET,bull_flag,370.3500061035156,338.6700134277344,342.9700012207031,31.561201207007517,15.0,9.0,23.408445511172875,0.8318451687476712,False,,,,,,,,,,-7.393007811956018,1.2537504089757645,False,,False,20.776718628935186,,,,,,,,,35.86555953747297,33.536288816018796,33.604162227739785,30.6790333006264,8.801181702370432,4.108659461975206,9.337629686829985,9.703190999305122,30.6790333006264,True,False
MRAM,bull_flag,19.0,16.799999237060547,17.229999542236328,31.03688290651263,12.0,3.0,45.515710073601845,0.7056431560350915,False,,,,,,,,,,-9.315791882966694,2.495648964596376,False,-100.0,False,33.77677584,,,-28.57142857142856,-100.0,,-120.0,,,41.9286417695629,13.19835591414218,11.779808200558794,16.265608203092707,25.98171059709522,0.4661217320813371,5.284495021337121,6.507082796757824,11.779808200558794,True,False
VPG,bull_flag,79.0,74.13999938964844,75.33999633789062,30.715816665238282,14.0,3.0,26.533911902657458,0.8054662379421222,False,,,,,,,,,,-4.632916027986551,1.5927754268268726,False,-750.0,False,26.44283542784722,-750.0,,-333.33333333333337,,,,-123.72881355932202,2849.9999999999995,11.674937800188934,17.57990549337198,10.8997563761992,5.28345240138921,-0.4943511196993544,4.692697214913366,1.0585992374071873,6.0762895650669835,5.28345240138921,True,False
CRWD,bull_flag,286.989990234375,264.5,265.44000244140625,30.618168409524806,15.0,3.0,8.751987800683102,0.6319490951056944,False,,,,,,,,,,-7.508968440108174,0.35412990987059234,False,,False,53.77727938619213,,,,,-90.9090909090909,,,,25.83040193267132,25.574252741894842,23.318671601775275,22.180843376117878,6.153739565208283,6.147965144115686,5.763123012953675,5.585515915110295,22.180843376117878,True,False
FSLY,bull_flag,28.280000686645508,24.139999389648438,25.280000686645508,30.59226581810972,15.0,9.0,40.6400146484375,0.5080245925785981,False,,,,,,,,,,-10.608203419940763,4.509498678927216,False,,False,26.777094987442126,,,,,,,,,23.27229690200323,19.75926464277309,22.78647593168255,15.317843243006868,5.950722744637926,0.2369476050332553,9.094126644040369,6.39772979443074,15.317843243006868,True,False
VGZ,bull_flag,2.799999952316284,2.549999952316284,2.640000104904175,30.555547277132987,5.0,11.0,40.90909747709736,0.6641375941441834,False,,,,,,,,,,-5.714280362031807,3.409096553469925,False,,False,20.776189909305558,,,,,,,,,,,,,,,,,,False,False
NRXS,bull_flag,8.050000190734863,6.599999904632568,6.829999923706055,30.052724445530153,12.0,7.0,46.78363584142237,0.3717244982953164,False,,,,,,,,,,-15.155282461147843,3.367496656554647,False,,False,,,,,,,,,,115.71694445500769,79.5203510280186,27.190162448352197,21.71970748171761,19.952446788727784,66.08182604141813,19.3135686591555,-9.246537805088106,21.71970748171761,True,False
AMAT,bull_flag,546.0,514.010009765625,520.6500244140625,30.01106737906185,12.0,3.0,20.880774802942966,0.6572635474274033,False,,,,,,,,,,-4.642852671417125,1.2753316694664802,False,12.918660287081352,True,34.77750093987269,42.79279279279278,33.460076045627375,75.17241379310346,12.918660287081352,-9.686609686609682,38.188976377952756,7.627118644067776,6.3063063063063085,24.82881402355519,11.40845070422536,-2.149037119732067,-3.477643718949608,15.233881163084707,12.806617227609806,3.117647058823536,-6.874828814023559,-3.477643718949608,True,False
LITE,bull_flag,1137.2049560546875,1072.0450439453125,1111.0699462890625,29.98574971720176,14.0,3.0,5.3416666869800284,0.7085327341430572,False,,,,,,,,,,-2.298179376239738,3.5123713384645048,False,-3177.4193548387093,False,27.77681834636574,-3177.4193548387093,,,,-6459.999999999999,68.53932584269661,1680.0,-98.38709677419355,55.91955887122933,16.016371077762614,9.651035986913858,6.0768261964735615,13.052681091251173,5.718547986076583,19.382606114574052,9.27667855984431,6.0768261964735615,True,False
SITM,bull_flag,731.489990234375,664.0250244140625,665.1599731445312,29.247580777340332,12.0,3.0,28.288890147729127,0.5482348724687892,False,,,,,,,,,,-9.067795591924792,0.17062793557815892,False,,False,26.77639237520833,,,,,,-145.45454545454544,,,126.5404207557487,88.29293364724609,66.32408862004668,44.835176262608755,38.624776563614425,0.24892969060335002,35.561884475929496,20.250669122514164,44.835176262608755,True,False
LRCX,bull_flag,351.3699951171875,321.1099853515625,329.510009765625,29.205186066986677,12.0,3.0,33.585555903076596,0.6944385061586426,False,,,,,,,,,,-6.221358014440546,2.5492471139305595,False,35.074626865671576,True,12.776816892800925,35.074626865671576,40.77669902912619,36.95652173913042,44.18604651162792,24.827586206896534,15.07936507936507,1.6129032258064502,-7.462686567164201,29.988921747003182,23.75575058128141,22.137422198618985,27.740010978949982,15.07749395359539,9.293104257958817,0.3872526305963353,2.9543297134833946,22.137422198618985,True,True
MRNA,bull_flag,212.22000122070312,182.5,196.47999572753906,29.109331051052667,5.0,8.0,36.52988547403812,0.8305853024081522,False,,,,,,,,,,-7.416834135626489,7.115225993248328,False,-1800.0,False,27.443438731747683,,,,-1800.0,,,,,2.1126760563380254,260.18518518518516,-29.81366459627329,-45.43501611170784,-62.724935732647815,-42.62536873156342,-33.26771653543307,615.4929577464789,-45.43501611170784,True,False
CBRL,bull_flag,57.209999084472656,54.22999954223633,56.400001525878906,29.014337683135484,12.0,3.0,12.20095002410804,0.4767715803376484,False,,,,,,,,,,-1.4158321474498872,3.847521143500115,False,-600.0,True,61.44395915616898,86.20689655172413,239.28571428571422,-93.93939393939394,-600.0,-71.57894736842105,3066.666666666667,,-479.3103448275862,-2.1505537384981066,-2.8959492027615052,-7.859588662357453,-5.668160394940647,6.51832844850615,-8.853280171738776,9.737853555246701,-8.159016784388184,-7.859588662357453,True,False
UMC,bull_flag,26.3700008392334,22.850000381469727,23.309999465942383,28.499237638858645,15.0,12.0,45.744684448749126,0.8393556403696727,False,,,,,,,,,,-11.604100401613687,1.9733980909984516,False,,False,19.442899023865742,,,,,,,,,,,,,,,,,,False,False
ANF,bull_flag,144.49000549316406,130.80999755859375,139.44000244140625,28.457297915101588,15.0,15.0,29.299782048936944,0.4040387258486242,False,,,,,,,,,,-3.4950535398773535,6.189045275181269,False,-7.547169811320764,True,47.44411440577546,43.29896907216495,-7.547169811320764,1.4084507042253946,-5.600000000000005,183.6734693877551,-59.16666666666668,52.54237288135597,-18.900343642611695,4.809773614880508,1.5045871225204177,5.355800966233559,6.753953378341482,13.724646958532837,-33.29622314501959,29.37993319484682,6.789815979347313,1.5045871225204177,True,False
KLIC,bull_flag,101.94000244140625,93.66999816894531,94.94999694824219,28.227376208066566,13.0,3.0,32.006431476402156,0.6629731446657559,False,,,,,,,,,,-6.856979915398593,1.348076693456462,False,-78.80794701986756,False,40.77691342833333,,,-78.80794701986756,-31.428571428571452,62.12121212121213,106.25,122.2222222222221,,122.6280716648811,49.778993246329925,20.166261346945657,-2.074244839206041,36.18318282424027,21.5383844708829,12.42805167888803,19.63776758100706,-2.074244839206041,True,False
DDOG,bull_flag,285.67999267578125,259.260009765625,271.3399963378906,27.812404351313468,14.0,7.0,16.14503126524215,0.6613593504536737,False,,,,,,,,,,-5.019601199081909,4.451974178264092,False,-28.57142857142857,True,27.443894074606483,1100.0,114.28571428571428,-7.1428571428571725,-28.57142857142857,-19.999999999999996,15.384615384615397,29.99999999999996,900.0,35.64444336929702,32.154426546806334,29.20687462977498,28.35224110745258,11.429354964994953,5.584592433439584,7.626367496903397,7.123107068556767,28.35224110745258,True,False
OKTA,bull_flag,226.44000244140625,210.3800048828125,218.0,27.70570863832582,14.0,4.0,4.877519535746512,0.6290770152641866,False,,,,,,,,,,-3.727257706416158,3.4954106042144497,False,19.999999999999996,False,53.776643971388886,75.67567567567568,19.999999999999996,133.3333333333334,,54.761904761904766,19.99999999999997,45.83333333333337,-35.13513513513513,10.576923076923084,11.191860465116289,11.58357771260996,11.578947368421044,5.228758169934644,0.5256241787122251,2.5606469002695365,1.9230769230769162,10.576923076923084,True,False
ON,bull_flag,86.91999816894531,82.05000305175781,82.51000213623047,27.462464466323276,12.0,3.0,15.527589916518828,0.834533384622558,False,,,,,,,,,,-5.073626467574458,0.5575070567967769,False,-54.545454545454554,False,24.44330194347222,36.585365853658544,,-54.545454545454554,-32.25806451612904,,-120.0,-36.50793650793652,53.65853658536586,9.178184789269416,4.6759355329598185,-11.169811320754718,-11.975708042454169,5.960483711094966,-1.09796745310764,-1.3411567476948827,5.596786273575272,-11.975708042454169,True,False
TTRX,bull_flag,14.630000114440918,11.3100004196167,12.100000381469727,27.448974775801393,14.0,8.0,43.86615373870525,0.513576630778974,False,,,,,,,,,,-17.293231122219133,6.528925098736815,False,,False,34.77626692407407,,,,,,-399.9999999999997,,,,,,,,,,,,False,False
GCTS,bull_flag,2.2699999809265137,2.0199999809265137,2.059999942779541,27.167631412047122,13.0,11.0,38.297884212785014,0.8291044982834276,False,,,,,,,,,,-9.251103079800904,1.9417457749564655,False,,False,33.77709635856482,,,,,,,,,-17.85109983079526,287.0967741935484,-57.535014005602235,-83.52490421455938,-49.427083333333336,153.2981530343008,76.27906976744185,-63.62098138747885,-83.52490421455938,True,False
DSP,bull_flag,12.989999771118164,11.789999961853027,12.779999732971191,26.99600598930285,10.0,4.0,34.56563571120837,0.8108481885503969,False,,,,,,,,,,-1.616628497668527,7.746477244158763,False,-250.0,False,31.777196613402776,-250.0,,218.18181818181813,-33.333333333333336,,-108.57142857142857,483.3333333333333,200.0,33.91134574133303,25.333371082358937,22.286628023186083,7.08190485723581,17.75057037656147,-19.601540082089286,28.67659087191232,9.927684225399158,7.08190485723581,True,False
COHR,bull_flag,341.760009765625,316.8500061035156,334.55999755859375,26.46904635831966,14.0,3.0,28.622058400444743,0.8129320128409594,False,,,,,,,,,,-2.1067450846484155,5.293517331514344,False,72.72727272727273,False,26.777290076620368,,,72.72727272727273,,23.711340206185593,27.631578947368407,-36.1344537815126,,33.744269129273796,20.546519445162126,17.492864187806912,17.30116049208721,13.28569743376451,7.119716141570898,6.5924149697289325,3.3961538763308763,17.30116049208721,True,False
RVTY,bull_flag,166.25,148.30999755859375,153.60000610351562,26.418055484761148,14.0,5.0,14.334905378783356,0.830518751342489,False,,,,,,,,,,-7.609018885103383,3.4440158429139522,False,-48.051948051948045,True,25.443116917604165,2.1739130434782483,2.857142857142869,11.688311688311636,-48.051948051948045,30.555555555555557,-58.13953488372092,114.99999999999994,-13.043478260869568,1.3055961259725413,6.973322783191582,5.852157746664255,2.178206531988214,2.611380952247022,-7.892950770410434,10.459561427228593,-2.962026089709058,1.3055961259725413,True,False
TSEM,bull_flag,268.92999267578125,240.5399932861328,248.25,26.255760368663594,13.0,4.0,1.5145668502403913,0.8332014571787576,False,,,,,,,,,,-7.689730873831094,3.1057428857471048,False,,False,31.442931371909722,,,,,,,,,,,,,,,,,,False,False
MPWR,bull_flag,1491.6400146484375,1412.6800537109375,1425.97998046875,26.20631620758744,13.0,3.0,9.048157645444746,0.6729581513385773,False,,,,,,,,,,-4.401868650269671,0.9326867796166767,False,-88.11447811447812,True,20.776787471145834,85.76512455516013,39.5017793594306,-88.11447811447812,25.762711864406775,33.16326530612243,11.048158640226657,-4.85175202156336,32.02846975088966,47.55948923671405,26.135982206997376,20.829546459910087,18.876538212826887,21.942339138382327,7.059794583008827,1.8962907094099535,10.924592295214675,18.876538212826887,True,False
SLGL,bull_flag,79.5,70.75,71.94499969482422,25.303644245753,7.0,5.0,23.5333251953125,0.724806781351284,False,,,,,,,,,,-9.503145037956957,1.6609906176845644,False,,False,41.44305926203703,,,,,,,,,,,,,,,,,,False,False
SYNA,bull_flag,121.0,118.30000305175781,119.45999908447266,25.07746215226938,6.0,3.0,11.532106932191397,0.7993340391071058,False,,,,,,,,,,-1.2727280293614411,0.9710330165787012,False,-860.0,False,27.77633222434028,,,-860.0,,,,,,8.910891089108919,10.352588147036768,13.211077844311369,13.50407450523865,4.690686607749828,-2.7438016528925635,3.418803418803429,3.4299858557284235,8.910891089108919,True,False
ROG,bull_flag,161.4600067138672,151.8300018310547,153.9600067138672,24.513618677042803,12.0,3.0,25.93650212363591,0.7452779193501057,False,,,,,,,,,,-4.645113147611342,1.3834793387422284,False,-1009.0909090909091,False,20.776472987534724,,,-17.24137931034483,-1009.0909090909091,24.99999999999989,-58.33333333333329,,,5.249343832021003,4.8387096774193505,2.710413694721825,-5.3221288515406195,-0.496277915632759,-6.7129629629629655,6.5088757396449815,6.45669291338582,-5.3221288515406195,True,False
DBI,bull_flag,6.329999923706055,5.800000190734863,5.889999866485596,24.077664900610586,12.0,11.0,43.790190900477754,0.6671154805103726,False,,,,,,,,,,-6.951027843975867,1.5280081118988684,False,45.83333333333333,False,60.44389897868056,47.61904761904763,,,45.83333333333333,1450.0,,-202.85714285714283,66.66666666666666,-1.2292390232036432,1.3744178632104198,0.002382380474563739,-3.1887791207858007,4.957851655058509,-2.4158163873041816,-5.159680015310785,1.6812843763936325,-3.1887791207858007,True,False
GNRC,bull_flag,227.14999389648438,211.2899932861328,221.33999633789062,23.864482982217574,13.0,3.0,13.19130764192371,0.5334365312596999,False,,,,,,,,,,-2.557780195777356,4.540527341663003,False,-119.1588785046729,True,19.443714441122683,92.0,69.86301369863016,-119.1588785046729,-40.74074074074073,93.54838709677418,,-136.60714285714286,-10.399999999999988,10.586532399646043,12.444685979826374,-11.604865885272197,-5.0453192542709635,10.77485097204458,-2.9444692827511387,-2.0504274677772716,5.011831291716962,-11.604865885272197,True,False
JILL,bull_flag,25.135000228881836,22.860000610351562,24.489999771118164,23.739912064572046,10.0,11.0,34.09524606934887,0.8174752638029474,False,,,,,,,,,,-2.5661446265774135,6.655774503881015,False,-309.0909090909091,True,61.443588642129626,60.86956521739133,-59.210526315789465,-309.0909090909091,-25.00000000000001,258.0645161290323,,-138.3333333333333,-13.043478260869556,0.9411917014596982,-5.998233903851647,-3.084981725860003,-0.4342554397248177,7.712020114108897,4.192185622062761,-8.038651179721368,-2.194387804641229,-5.998233903851647,True,False
XMTR,bull_flag,112.94000244140625,100.55000305175781,107.80000305175781,22.840312588483226,13.0,6.0,18.988644881299564,0.7756822351598504,False,,,,,,,,,,-4.55108843504328,6.725417249310346,False,,False,25.442769402256946,,,,,,,,,41.054587288599606,35.87907611395566,29.52082183296756,27.535321599457994,11.768663046339544,6.621690454162721,6.464875632902634,11.177074938325537,27.535321599457994,True,False
CLS,bull_flag,393.7200012207031,367.1499938964844,371.57000732421875,22.53860534623424,14.0,3.0,28.312756249697458,0.5715152770766524,False,,,,,,,,,,-5.625823892057748,1.1895506474174673,False,74.17582417582416,True,17.77729152236111,74.17582417582416,147.29729729729732,77.51937984496129,208.0,73.22404371584699,-20.087336244541486,-0.8658008658008698,26.923076923076916,62.39026750535701,52.79770444763272,43.57151274698512,27.78555711142228,16.100815418828752,10.72806369531314,14.43018159048215,10.38916154005669,27.78555711142228,True,False
PRLB,bull_flag,99.95999908447266,91.41000366210938,93.2699966430664,22.51865724193469,9.0,7.0,30.825358026690452,0.8331725588552229,False,,,,,,,,,,-6.6926795745093655,1.9942029032926971,False,3.4482758620689724,False,21.443215625474537,105.55555555555559,120.00000000000001,,3.4482758620689724,12.12121212121211,32.00000000000001,-16.666666666666664,66.66666666666667,10.571362993565959,10.40450061408027,12.10924024640656,7.7591765576863425,7.180484584027091,2.082890697691453,0.8325576584962358,0.22433975255991,7.7591765576863425,True,False
TENB,bull_flag,39.7599983215332,36.79999923706055,38.939998626708984,22.384582288757503,15.0,3.0,0.7418286781560404,0.6433845175987606,False,,,,,,,,,,-2.062373564991132,5.495632935591861,False,-200.0,False,19.776316547314813,,,-200.0,,200.0,,-150.00000000000006,,8.578014112699407,9.584882305958509,10.521314549210746,11.163954061861482,2.461287195964257,0.5853385175774273,3.2059103153224466,2.080511130431262,8.578014112699407,True,False
ASYS,bull_flag,18.25,16.559999465942383,17.600000381469727,22.042623286933562,11.0,6.0,1.6667042838083002,0.8234685668313988,False,,,,,,,,,,-3.5616417453713614,5.909095982874611,False,-50.0,False,61.77738387909722,900.0,,-50.0,,25.0,700.0,-87.50000000000001,700.0000000000007,14.450069028992175,31.373555840821577,-22.193971703916336,-17.70902455209025,9.356068008598783,7.879618405101985,-4.379598830763031,1.4572787237306262,-22.193971703916336,True,False
PANW,bull_flag,432.3299865722656,399.1700134277344,405.57000732421875,21.95372680412513,15.0,3.0,5.606801228775064,0.7029044211769379,False,,,,,,,,,,-6.189711581242316,1.5780244546949755,False,-227.77777777777771,True,41.7766349821412,-227.77777777777771,-159.45945945945948,60.52631578947367,-4.081632653061229,,-136.0655737704918,29.78723404255319,30.555555555555515,34.43721663709836,31.14897335080822,14.931324767390342,15.661524076671341,13.590939373750842,15.728604471858132,4.850444624090544,-2.464025231618372,14.931324767390342,True,False
BB,bull_flag,9.720000267028809,8.729999542236328,8.770000457763672,21.727753314907705,12.0,3.0,34.33738175661604,0.8112567214758146,False,,,,,,,,,,-9.773660320644527,0.4561107575762189,False,,False,69.7773794797801,,,,,149.99999999999994,0.0,,,26.003086419753085,25.636811832374697,10.091743119266061,-1.253481894150421,6.801831262262925,-1.9871794871794912,10.014104372355437,9.41358024691359,-1.253481894150421,True,False
PAYS,bull_flag,15.09000015258789,13.75,14.949999809265137,21.48900192413077,11.0,4.0,24.015734875532356,0.8414985590778098,False,,,,,,,,,,-0.9277689987216087,8.026754679431146,False,0.0,True,33.7766331040625,450.0,79.99999999999999,0.0,33.33333333333335,22.222222222222232,349.9999999999999,-49.999999999999986,100.0,48.08443370347535,50.75921802755747,45.80637439089279,41.55655408529033,0.76197934662805,23.217677404316795,5.365310028792658,13.198859461296264,41.55655408529033,True,False
BHE,bull_flag,88.5199966430664,83.16000366210938,83.2300033569336,21.20168296902265,14.0,3.0,27.670468128260527,0.7817091363903497,False,,,,,,,,,,-5.976043252083841,0.08410391926097084,False,-67.3469387755102,True,25.777376332685186,1733.3333333333335,259.99999999999994,-67.3469387755102,-7.14285714285714,52.77777777777779,124.99999999999996,-58.974358974358964,1200.0000000000002,16.796758812766456,6.585435902449754,6.184607822484378,3.330877346239758,11.436225104055598,-3.8768661034602525,3.305342859582705,5.548895718976921,3.330877346239758,True,False
AIP,bull_flag,24.700000762939453,23.149999618530273,23.399999618530273,20.8231260743438,13.0,3.0,35.529417150160846,0.8105403034706676,False,,,,,,,,,,-5.2631623654025805,1.0683760857928688,False,,False,25.777501301076388,,,,,,,,,46.248939522482125,38.736994918945065,30.008393053134476,18.317134506898668,5.223229856993372,13.89978646273029,15.676700367647056,5.490243606835543,18.317134506898668,True,False
A,bull_flag,176.78643688258376,165.82277698871337,169.08999633789062,20.73085090900704,11.0,8.0,22.649103826292105,0.8425046290696268,False,,,,,,,,,,-4.353524331623289,1.932236927043517,False,-3.603603603603611,True,47.777498791666666,8.47457627118644,59.999999999999986,-3.603603603603611,24.39024390243909,6.666666666666665,12.149532710280365,-30.065359477124186,29.661016949152575,8.055235903337167,10.011990407673865,6.960142772159439,9.406231628453842,2.3433242506812,2.057842046718572,-3.3852767329392797,7.077100115074808,6.960142772159439,True,False
MKSI,bull_flag,286.3800048828125,269.1099853515625,273.1499938964844,20.583150711224363,13.0,3.0,21.070324933793177,0.8397965563271996,False,,,,,,,,,,-4.619739772594069,1.479043981400533,False,17.910447761194035,True,26.776795618541666,161.9565217391304,53.24675324675323,17.910447761194035,19.565217391304344,104.23728813559325,-25.316455696202546,43.636363636363626,19.565217391304344,28.26310380267214,15.170940170940161,10.588235294117654,10.267857142857139,15.76994434137291,4.255319148936176,4.6558704453441235,1.541623843782114,10.267857142857139,True,False
ENTG,bull_flag,169.6300048828125,151.88999938964844,166.32000732421875,20.424835922313143,11.0,6.0,10.971447172619047,0.8376991347617809,False,,,,,,,,,,-1.951304287752886,8.676050564644894,False,-50.74626865671641,True,20.44383681068287,74.28571428571429,46.34146341463414,-50.74626865671641,-9.80392156862745,1.6666666666666607,81.81818181818177,-28.260869565217384,31.428571428571452,11.45885916203937,5.005173305742372,-3.0486886449645145,-0.07428500680946026,8.78186968838528,-1.4564874377958503,2.0815264527320076,1.8551236749116518,-3.0486886449645145,True,False
AGCC,bull_flag,15.5,14.050000190734863,15.5,20.414676454579595,10.0,4.0,41.01562572759565,0.28258696521391446,True,,,,,,,,,,0.0,9.354837479129914,True,,False,,,,,,,,,,,,,,,,,,,False,False
WNC,bull_flag,14.550000190734863,13.399999618530273,13.710000038146973,19.897522767854415,6.0,3.0,27.46782679309196,0.590037186186786,False,,,,,,,,,,-5.773196849322279,2.2611263220579723,False,-1130.000000000004,False,20.44277265193287,-120.70895522388061,-1130.000000000004,,-135.9375,,-206.1855670103093,,-104.2910447761194,-20.389351256268217,-22.878550144668843,-17.766787345918456,-16.671328163309784,-5.6692580252789675,-15.760688688268976,-16.83049414144232,20.458925148993146,-22.878550144668843,True,False
AP,bull_flag,9.869999885559082,8.960000038146973,9.220000267028809,19.605428112179844,12.0,3.0,46.540861641663206,0.8250184633407187,False,,,,,,,,,,-6.585609180009169,2.8199590168300754,False,-1893.7499999999995,False,33.44410537467593,,-166.66666666666669,-1893.7499999999995,,,,,,-10.124571984614395,3.9354604639912916,11.451270168394757,12.681379789729785,-5.068311177046669,-1.1899629214451979,0.6024212514940119,-4.759806486555962,-10.124571984614395,True,False
AMKR,bull_flag,56.560001373291016,51.11000061035156,52.27000045776367,19.594269513384987,14.0,11.0,38.90875947276654,0.7862143055020261,False,,,,,,,,,,-7.5848670639410285,2.219245910184059,False,-18.518518518518523,True,17.777487402534724,266.6666666666667,58.13953488372094,4.081632653061229,-18.518518518518523,-51.470588235294116,33.33333333333333,131.81818181818184,144.44444444444446,27.476760683275646,15.893753552535795,6.735052688858811,3.415592750880281,-10.770129541335328,-4.978540167732948,31.46609218521734,14.362938160906502,3.415592750880281,True,False
SANM,bull_flag,230.55999755859375,215.05999755859375,219.41000366210938,19.5344671763229,13.0,3.0,37.3497153703284,0.8069867654959924,False,,,,,,,,,,-4.8360487571790305,1.98259242099764,False,-23.275862068965512,True,24.77639389814815,68.25396825396825,46.551724137931046,-23.275862068965512,-19.266055045871553,24.705882352941178,91.01123595505618,1.1363636363636465,-30.15873015873016,69.67478822587803,102.27364823999032,58.98004732977529,3.91012661678658,-13.685968378412516,25.81997703227239,52.15155371705291,2.6856887030616727,3.91012661678658,True,False
CRCT,bull_flag,6.619999885559082,6.289999961853027,6.360000133514404,19.3223410433651,15.0,4.0,21.327008648607116,0.7206174440645378,False,,,,,,,,,,-3.927488769476313,1.1006316067904909,False,-50.00000000000004,True,25.777290481678243,72.72727272727273,-9.090909090909083,-50.00000000000004,100.0,89.99999999999999,233.33333333333366,-70.00000000000003,-9.090909090909083,-9.195756251743049,-1.9448577788162336,-2.7289796425380652,1.5170647447733554,-1.997855409447491,-21.67320736553092,19.455869324149088,-0.9732034953983448,-9.195756251743049,True,False
ESI,bull_flag,38.380001068115234,36.43000030517578,37.16999816894531,19.314247287893128,13.0,3.0,24.4299698551906,0.5825770288198632,False,,,,,,,,,,-3.152691155538164,1.9908471891929835,False,-86.36363636363636,True,12.777152975196758,-42.50000000000001,-86.36363636363636,-5.882352941176472,-48.71794871794871,666.666666666666,-81.24999999999997,-20.000000000000007,-50.0,41.4855987872663,8.330663248958658,1.7209302325581488,2.0401501550514123,24.22360248447204,3.063557384545046,4.942418426103656,5.305709954522486,1.7209302325581488,True,False
ICHR,bull_flag,65.0,59.91999816894531,60.869998931884766,18.817856658153854,11.0,3.0,30.105379854409815,0.842183406113537,False,,,,,,,,,,-6.353847797100361,1.56070441861274,False,,False,24.777007834143518,,,,,,,,,22.680982999354924,4.746282698954851,-4.1514674805286145,13.335764591098753,15.119421403689648,14.51749953042405,-6.556733083712219,-0.4115945647876429,-4.1514674805286145,True,False
WATT,bull_flag,13.949999809265137,11.991000175476074,12.300000190734863,18.732528561347127,15.0,7.0,37.26365723146005,0.7614760545912831,False,,,,,,,,,,-11.827954416417965,2.512195207050057,False,-94.70712773465067,False,,,,-94.70712773465067,,,-157.33333333333331,,,216.82051282051282,798.5422740524781,610.2803738317757,453.04347826086956,0.2271252433484694,1.3815789473684115,138.99371069182388,30.461538461538453,216.82051282051282,True,False
QUIK,bull_flag,11.8100004196167,10.960000038146973,11.1899995803833,18.58141472675088,12.0,3.0,48.9247320097767,0.7138345122553051,False,,,,,,,,,,-5.249795234584089,2.0554025992952694,False,,False,33.77647878898148,,,,,,,,,48.68456739896936,16.78612716763006,-39.18214402085369,-51.79377524352577,8.532963769550594,35.306723814626295,83.98225726959092,-44.96880933007865,-51.79377524352577,True,False
KLAC,bull_flag,208.67999267578125,191.1999969482422,196.8300018310547,18.552495500156073,10.0,4.0,29.12281692279687,0.8426928959745192,False,,,,,,,,,,-5.678546703390715,2.8603387849606934,False,-350.11061946902646,True,19.776914781342594,-350.11061946902646,11.76470588235292,40.90909090909089,20.827389443651946,-347.9166666666667,5.069124423963123,2.4793388429751984,-6.305309734513298,15.208012244148428,11.493492226159141,7.159755217265973,12.956174132275411,7.100218501597921,3.576790351413006,2.724557092011204,1.1010346985785624,7.159755217265973,True,False
TWIN,bull_flag,29.239999771118164,26.799999237060547,27.209999084472656,18.29875426393319,14.0,3.0,38.7755340360104,0.8196043289446475,False,,,,,,,,,,-6.942546862297321,1.506798460886664,False,20.000000000000128,False,26.442923871261577,20.000000000000128,,2114.285714285714,,-47.8260869565217,-85.16129032258064,,-140.0,18.33095430190943,19.01971886462668,0.2880306046418424,9.738398013635674,18.311374025275605,7.223331115546694,12.730636531826601,-17.255218353710255,0.2880306046418424,True,False
STAK,bull_flag,1.2599999904632568,1.031000018119812,1.0800000429153442,18.08510820430671,6.0,4.0,46.47058142922808,0.09889426204010067,False,,,,,,,,,,-14.285710230976514,4.537039152633913,False,,False,,,,,,,,,,,,,,,,,,,False,False
IDT,bull_flag,82.30999755859375,77.38135329263214,80.20999908447266,18.05167501347178,5.0,4.0,20.686883307168934,0.7599961828418742,False,,,,,,,,,,-2.5513285583882745,3.526550086182577,False,1.1627906976744207,True,55.776998531932875,28.358208955223873,1.1627906976744207,4.999999999999982,30.88235294117647,-1.1494252873563315,3.571428571428581,-5.61797752808989,32.835820895522396,,,,,4.545921155024257,,,,,False,False
TLYS,bull_flag,4.690000057220459,4.309999942779541,4.429999828338623,17.811705745371988,7.0,5.0,45.71430712329953,0.473706942330159,False,,,,,,,,,,-5.543714833895455,2.7088011333870736,False,-94.11764705882352,True,54.77627378184028,19.999999999999996,-37.5,-94.11764705882352,-33.333333333333336,259.99999999999994,150.0,-90.9090909090909,46.66666666666668,51.943574541636075,-13.053359546018594,-14.2938716867137,30.555171937577686,31.102166487596005,-10.652138093088903,-7.7147352832284355,40.55812138164314,-14.2938716867137,True,False
GFS,bull_flag,49.470001220703125,47.18000030517578,48.06999969482422,17.65115698642319,13.0,3.0,39.723711377824536,0.8397781914210228,False,,,,,,,,,,-2.8300009931938463,1.851465353232081,False,,False,26.443739600266202,,,,,,,,,,,,,,,,,,False,False
ECO,bull_flag,90.63999938964844,84.12000274658203,88.04000091552734,17.58091060990168,15.0,4.0,12.636467673564267,0.84952831880627,False,,,,,,,,,,-2.8684890684344233,4.452519454999181,False,,False,33.777194618796294,,,,,,,,,,,,,,,,,,False,False
ASTC,bull_flag,7.380000114440918,6.570000171661377,6.860000133514404,17.470876437771075,12.0,3.0,46.666657584051656,0.8266638436022301,False,,,,,,,,,,-7.046070092993582,4.227404609458211,False,327.27272727272714,False,,327.27272727272714,,,,,,-316.6666666666667,-45.45454545454546,,,,,-2.985074626865669,13.559322033898313,-42.43902439024391,,,False,False
SWBI,bull_flag,14.800000190734863,13.850000381469727,14.510000228881836,17.386890631379792,15.0,8.0,19.411622609476982,0.5686804424823326,False,,,,,,,,,,-1.959459176457132,4.548586057899532,False,-60.00000000000001,False,55.776326891145835,,94.73684210526318,59.999999999999986,-60.00000000000001,-83.78378378378379,362.5,100.0,,32.335413801615,26.7300355917393,17.106614315916644,-3.862614609921422,-36.88680355851538,31.449645933578463,8.854576080853448,46.53784219001611,-3.862614609921422,True,False
AMRX,bull_flag,20.780000686645508,18.735000610351562,19.649999618530273,17.11711980039854,5.0,11.0,26.84208025452727,0.8163867328344045,False,,,,,,,,,,-5.437926038382866,4.656483592579065,False,157.1428571428571,False,25.444118664953702,157.1428571428571,375.0,,,-5.263157894736848,90.00000000000001,899.9999999999998,-85.71428571428572,9.894852782854024,3.8967818009260524,11.471449026581148,11.679535580268418,10.197378892458197,-11.27322339279816,3.7992996929305134,8.282172177532887,3.8967818009260524,True,False
FFIV,bull_flag,472.25,428.92999267578125,466.6499938964844,17.034545441443562,11.0,10.0,40.77143219735775,0.8443035696983957,False,,,,,,,,,,-1.1858138916920329,8.083146193948188,False,4.0322580645161255,True,18.777124891238426,11.384615384615394,4.0322580645161255,9.929078014184412,16.487455197132572,40.31007751937985,-16.774193548387096,-4.61538461538461,0.0,10.854722759716552,11.020990996043079,7.302909761262066,8.493130871036092,6.575951706295435,-1.308870286273578,1.527608043550721,3.8084498378974097,7.302909761262066,True,False
MCHP,bull_flag,82.55999755859375,76.54000091552734,78.0199966430664,16.855875807176602,12.0,3.0,40.75019106001724,0.7935879682471726,False,,,,,,,,,,-5.499032279289076,1.8969441056372933,False,-78.57142857142858,False,27.77681606771991,,,,-78.57142857142858,68.18181818181819,266.6666666666667,100.0,,38.04741980474198,35.10561566202988,15.594541910331383,-2.0106547516755446,13.232153752287989,10.556492411467122,3.9985969835145463,6.034402603440259,-2.0106547516755446,True,False
VSXY,bull_flag,91.9739990234375,83.0999984741211,85.79000091552734,16.847543367192387,15.0,7.0,40.769843462605486,0.8076722177699565,False,,,,,,,,,,-6.7236373035539145,3.1355663978310786,False,-8.298755186721984,False,55.44284143722223,990.0,,-8.298755186721984,,289.2857142857143,-74.6606334841629,,-330.0,10.418094585332426,15.299334811529942,7.68865685809208,9.279881217520414,3.26923076923078,-31.247245482591445,54.144021739130444,0.8910212474297463,7.68865685809208,True,False
PPLI,bull_flag,42.290000915527344,40.25,40.59000015258789,16.65275968998825,5.0,5.0,28.54757419556985,0.5501139868579857,False,,,,,,,,,,-4.019864568778656,0.8376451128596837,False,159.92217898832686,False,24.776552443819448,159.92217898832686,,,,,,,-110.50583657587549,-1.4689326718511309,-12.205669253414053,-53.92394639532139,-8.131931464174457,3.273404856547635,-51.85989620507636,48.94429062399859,33.06192709708131,-53.92394639532139,True,False
DT,bull_flag,61.58000183105469,58.90999984741211,59.810001373291016,16.154298118854516,15.0,3.0,4.96969512014678,0.7624185430054788,False,,,,,,,,,,-2.874310498755237,1.5047676061094597,False,-89.07563025210084,True,26.443883219247688,-25.0,-50.0,-89.07563025210084,26.666666666666682,99.99999999999983,-53.84615384615381,-31.57894736842105,18.75,16.17244406084437,19.442453921579638,18.181943237598276,18.109243797966656,4.294021620564359,3.1510864778562686,4.37866635348052,3.456590461067277,16.17244406084437,True,False
PLAB,bull_flag,31.399999618530273,29.770000457763672,30.110000610351562,15.94256240070866,14.0,3.0,39.72284858338615,0.7074470876661594,False,,,,,,,,,,-4.108277146020843,1.1291934430283654,False,8.823529411764696,True,61.443214984398146,25.64102564102564,260.00000000000006,8.823529411764696,96.29629629629632,-9.259259259259267,-27.027027027027017,-30.188679245283012,171.79487179487177,2.686863693831576,-0.49859710320770967,6.094146263281441,-3.0804750525540325,2.908926359912356,-6.720695262722931,4.308291236038375,2.5552059469376553,-3.0804750525540325,True,False
AVT,bull_flag,107.97000122070312,102.33999633789062,102.52999877929688,15.811140007079128,14.0,3.0,31.506877948550727,0.699515425903492,False,,,,,,,,,,-5.038438806985154,0.1853139994815018,False,-24.242424242424242,True,19.444054868321757,1577.7777777777803,12.871287128712861,-24.242424242424242,-7.57575757575758,32.456140350877185,51.99999999999998,22.95081967213115,577.7777777777789,47.66250815488995,33.94567092778882,11.575605680278777,5.253604827278058,16.51172037783757,12.673361339018863,7.12686053505831,4.997992984792066,5.253604827278058,True,False
BLZE,bull_flag,14.430000305175781,13.529999732971191,13.729999542236328,15.806452406804873,15.0,3.0,42.34693405877456,0.6476574116825845,False,,,,,,,,,,-4.851010035587979,1.4566628982753844,False,,False,27.77734695258102,,,,,,,,,17.673150035814643,11.709473319273101,11.768188006866742,14.032342201356297,10.466559768271866,2.393940998887767,1.6145524998654626,2.380296435065299,11.709473319273101,True,False
PUBM,bull_flag,19.479999542236328,18.219999313354492,18.56999969482422,15.611815122158834,13.0,4.0,37.06567317619924,0.8488968972488353,False,,,,,,,,,,-4.671457232014084,1.8847624513816108,False,-46.153846153846146,False,31.77654034424768,,,-46.153846153846146,,,-292.8571428571429,,,10.54645193051551,-1.97101449275362,-6.381137283338401,-5.32973003092525,25.614141640161737,-21.836194188341707,17.783990582695708,-4.409592798368378,-6.381137283338401,True,False
ADI,bull_flag,422.6700134277344,404.6000061035156,410.0799865722656,15.547616916216466,14.0,3.0,22.358786212775954,0.6830332601021746,False,,,,,,,,,,-2.9786893925516953,1.3363199005529376,False,68.42105263157896,True,46.444168116481485,163.46153846153845,110.52631578947367,116.66666666666666,68.42105263157896,14.166666666666682,42.01183431952662,5.625000000000013,53.84615384615381,39.63239858517096,37.24892692157928,30.418327367328967,25.904989552657277,10.995938970019026,14.657071262739851,2.735461622558577,6.7967134526800255,25.904989552657277,True,True
KRT,bull_flag,55.36000061035156,51.76499938964844,53.380001068115234,15.381340928704091,9.0,9.0,33.17174588414312,0.8063989552726086,False,,,,,,,,,,-3.576588729058098,3.0254807908414683,False,-20.000000000000007,True,27.776909792604165,170.37037037037032,6.25,21.42857142857144,-20.000000000000007,329.4117647058823,-1.1102230246251565e-14,-5.555555555555525,-33.333333333333336,9.93337957511331,12.857060140507981,13.741404244016175,10.41491163508348,16.55023215644693,1.1503498620445196,-7.14687269105978,0.42746761731162763,9.93337957511331,True,False
KRNT,bull_flag,18.770000457763672,17.26799964904785,17.93000030517578,15.293340033990276,6.0,3.0,9.568972037607658,0.6514320029563933,False,,,,,,,,,,-4.475227128939407,3.6921396813185363,False,,False,26.443582699652776,,,,,,,,,,,,,,,,,,False,False
RLGT,bull_flag,9.550000190734863,9.149999618530273,9.350000381469727,15.129145447999948,15.0,3.0,17.073180187137332,0.3048352277160767,False,,,,,,,,,,-2.094238798646002,2.139045505664621,False,-57.14285714285715,True,31.776470536423613,50.000000000000064,100.0,-15.384615384615385,-57.14285714285715,50.00000000000002,-9.090909090909083,266.6666666666667,-70.0,18.522078157584552,0.05981112767339258,-12.252782145881213,11.34281433448776,22.089336166437068,-7.752121655968636,2.4155655070481563,2.754102819838611,-12.252782145881213,True,False
NFE,high_tight_flag,7.130000114440918,4.920000076293945,4.954999923706055,2227.272711509516,20.0,10.0,24.163265264813774,0.33963104593015925,False,,,,,,,,,,-30.50491102138518,0.7063541463373324,False,-3666.666666666667,False,31.776717408252313,,,,-3666.666666666667,,,,,19.44337273333099,-51.87759333404352,-7.211284110884197,-46.12283879761819,47.092552398846735,-43.224378565451026,35.74555380787123,5.361965557153381,-51.87759333404352,True,False
TJGC,high_tight_flag,36.7599983215332,23.729999542236328,31.0,618.9040845347344,33.0,8.0,11.111112283796087,0.062000310723811916,False,,,,,,,,,,-15.669201807768099,23.451614379882812,False,,False,,,,,,,,,,,,,,,,,,,False,False
PSIG,high_tight_flag,4.824999809265137,4.460000038146973,4.690000057220459,323.1481472283234,28.0,8.0,3.1518661735387288,0.8461535409955728,False,,,,,,,,,,-2.797922432772876,4.904051519560033,False,,False,,,,,,,,,,,,,,,,,,,False,False
RFAI,high_tight_flag,50.79999923706055,31.0,37.150001525878906,303.7674755173119,24.0,12.0,23.06874096362273,0.052033301312840216,False,,,,,,,,,,-26.87007463815756,16.554512175712237,False,,False,,,,,,,,,,,,,,,,,,,False,False
MRNA,high_tight_flag,212.22000122070312,182.5,196.47999572753906,269.2536253788846,35.0,8.0,11.294996828187955,0.6394070294222224,False,,,,,,,,,,-7.416834135626489,7.115225993248328,False,-1800.0,False,27.443438731747683,,,,-1800.0,,,,,2.1126760563380254,260.18518518518516,-29.81366459627329,-45.43501611170784,-62.724935732647815,-42.62536873156342,-33.26771653543307,615.4929577464789,-45.43501611170784,True,False
IGR,high_tight_flag,12.73169280374991,10.84000015258789,11.069999694824219,185.60321573511817,15.0,21.0,23.065955892300202,0.838256485800802,False,,,,,,,,,,-13.051627419381868,2.077683365645118,False,,False,,,,,,,,,,,,,,,,,,,False,False
RCEL,high_tight_flag,13.5,11.34000015258789,13.050000190734863,169.09090672642736,39.0,8.0,6.720430055840579,0.6257651291933735,False,,,,,,,,,,-3.333331920482494,13.103448376659987,False,,False,27.776475765555556,,,,,,,,,17.90299572039944,4.0327421555252485,-4.288381287063469,-12.875116015262456,12.72031053294167,9.368366703000408,3.1603243179262552,-7.2917809722374605,-12.875116015262456,True,False
OABI,high_tight_flag,5.090000152587891,4.215000152587891,4.559999942779541,152.30769005047503,38.0,11.0,23.73737093989018,0.7499779787978853,False,,,,,,,,,,-10.412577483693857,7.565784967562002,False,,False,26.776698679212963,,,,,,,,,244.23915832691816,247.30380356283098,-22.473158089596446,-46.332694151486095,-7.014625355236714,72.24212034383955,274.09557838320677,-42.54554785732615,-46.332694151486095,True,False
REPL,high_tight_flag,13.829999923706055,12.069999694824219,13.199999809265137,151.77571041384743,39.0,11.0,17.241385587714984,0.48157066674590576,False,,,,,,,,,,-4.555315386235342,8.560607051280153,False,,False,27.44314108984954,,,,,,,,,,,,,,,,,,False,False
TEAM,high_tight_flag,200.0,168.0500030517578,195.7899932861328,142.8945589139169,30.0,23.0,23.2515425493824,0.5796663659346802,False,,,,,,,,,,-2.1050033569335938,14.168236981261359,False,,False,27.776295805983796,,,,,,,,,27.603326918742745,31.712974565052665,23.308249051857686,20.607502561499125,-1.1473045729337494,12.64919010410921,10.733424871540521,3.4824436700704453,20.607502561499125,True,False
ABCL,high_tight_flag,15.015000343322754,11.779999732971191,12.829999923706055,142.47618175688243,37.0,14.0,12.700532986678647,0.739955445488573,False,,,,,,,,,,-14.552117014025775,8.18394541682555,False,,False,31.777496799247686,,,,,,,,,-76.29360805431983,96.3400236127509,788.373935432759,37.6210235131397,-51.2928442573662,-81.46207696080617,400.88218872138464,-47.58253336455163,-76.29360805431983,True,False
AXTI,high_tight_flag,88.36000061035156,69.5999984741211,79.79000091552734,116.20231989717963,37.0,12.0,24.0456286107984,0.6233022121893941,False,,,,,,,,,,-9.69895839251525,12.771026851089118,False,,False,20.777377254131945,,,,,,,,,164.76577278290864,39.098987394089676,-8.221469826727745,18.227955170226263,76.75308275144852,16.852567162883545,-17.578250760150237,55.53021030377212,-8.221469826727745,True,False
HTFL,high_tight_flag,54.31999969482422,46.779998779296875,49.36000061035156,110.40629450331716,39.0,13.0,14.908003551693842,0.8249842883191179,False,,,,,,,,,,-9.131073476322682,5.226908020972798,False,,False,33.77701728798611,,,,,,-106.98689956331877,,,47.57277081798084,41.34390538906061,49.17410578733224,49.01783989180137,21.859014585353798,7.038612632050323,6.165182816146597,6.567796610169485,41.34390538906061,True,False
PURR,high_tight_flag,13.050000190734863,11.600000381469727,11.729999542236328,106.92432049169666,39.0,8.0,18.825300231452722,0.6330836711656157,False,,,,,,,,,,-10.114947350236047,1.108262283374456,False,,False,38.443214288854165,,,,,1306192.0792079207,,,,,,,,425.2,,,,,False,False
OMER,high_tight_flag,21.239999771118164,16.5,18.75,104.55531522917508,34.0,24.0,24.481333260389782,0.6751343157491718,False,,,,,,,,,,-11.723162890538392,12.0,False,,False,34.77665257621528,,,,,-75.80645161290323,-56.64335664335665,,,-4.916011198506864,-65.6767165111196,-100.0,-100.0,188.37561912463357,,,-100.0,-100.0,True,False
RNG,high_tight_flag,81.9000015258789,67.97000122070312,76.54000091552734,103.17463861885243,31.0,23.0,21.63677583325996,0.6978549207278513,False,,,,,,,,,,-6.544567167874717,11.196759331480044,False,221.4285714285714,False,27.776473926319444,221.4285714285714,,,,28.57142857142858,34.61538461538463,36.842105263157876,35.7142857142857,5.901534176448031,5.251643640451209,4.803974535891897,4.909940617479647,1.9888264340677253,0.025775076742950986,0.8420821883489582,2.9427883390984455,4.803974535891897,True,False
FGI,high_tight_flag,8.300000190734863,7.349999904632568,7.684999942779541,103.14009948389864,39.0,10.0,24.82435474272625,0.00504102241899469,False,,,,,,,,,,-7.40964137135606,4.359141712964131,False,-1241.6666666666672,False,34.77712931732639,,,-1241.6666666666672,,,,,,2.8623929214091293,-8.162842549749572,-14.399566381545249,-0.6934174320141762,4.537789338608711,0.10659036437152825,-15.007109988794342,15.647978305879096,-14.399566381545249,True,False
AAPL,rainbow_convergence,336.6700134277344,327.1058073447045,336.6700134277344,,,,,,True,2.177766474880639,1.0,True,,,,,,,0.0,2.840825051703878,True,18.333333333333336,True,24.77749947872685,28.6624203821656,21.818181818181802,18.333333333333336,89.69072164948457,0.4975124378109541,-29.225352112676063,54.347826086956516,17.19745222929936,16.356501765281383,16.59518241592299,15.652453740949323,7.938480985989682,-1.5892574471146892,-22.65783689028632,40.29629340464154,8.964651835467263,7.938480985989682,True,False
ABBV,rainbow_convergence,271.3599853515625,259.9034321414566,271.3599853515625,,,,,,True,2.564758733876474,3.0,True,,,,,,,0.0,4.221902206864898,True,-88.63636363636364,False,21.444166730960646,290.38461538461536,-45.83333333333333,,-88.63636363636364,420.51282051282044,-61.764705882352935,919.9999999999998,-80.76923076923077,7.313606409096773,17.741243745532522,19.210829493087566,21.352095442031207,0.8377853326857698,-0.5073689296931638,4.335770103352665,2.51970538829307,7.313606409096773,True,False
ACCO,rainbow_convergence,4.420000076293945,4.2484182970610656,4.420000076293945,,,,,,True,2.317049869248793,4.0,True,,,,,,,0.0,3.8819406396197755,True,-55.55555555555556,False,20.777495965300925,-51.61290322580645,,9.523809523809557,-55.55555555555556,-25.00000000000001,-13.043478260869568,475.0,-87.09677419354838,5.141843971631199,8.286074354127294,-4.3070743137692435,-8.83820384889522,20.77393075356415,-19.84608208955224,11.753974459212934,-2.8115501519756836,-8.83820384889522,True,False
AMG,rainbow_convergence,386.989990234375,365.6219796272624,386.989990234375,,,,,,True,3.6380190388372915,11.0,True,,,,,,,0.0,5.521592585423553,True,74.54545454545452,True,24.444167270208332,148.21428571428572,74.54545454545452,119.59595959595947,81.74603174603176,80.98958333333334,-64.67341306347745,58.22416302765643,145.35714285714286,29.90673154906731,9.72613773660893,6.160595079153164,2.2463206816421444,17.581207561020374,-2.1020481494789744,5.41666666666667,7.055961070559613,2.2463206816421444,True,False
AMGN,rainbow_convergence,413.0799865722656,404.34359259479487,413.0799865722656,,,,,,True,0.9721204427626424,1.0,True,,,,,,,0.0,2.1149400264983256,True,4.374999999999996,True,25.777487296018517,64.9056603773585,4.374999999999996,109.4017094017095,13.601532567049812,30.83832335329342,36.326530612244824,-58.68465430016862,123.7735849056604,9.532628826669566,5.755307399680953,8.584635703279764,12.395625073503469,16.662798793223477,-12.649503344820602,3.23323218583238,4.118095653121245,5.755307399680953,True,False
AMN,rainbow_convergence,36.529998779296875,34.59188677227346,36.529998779296875,,,,,,True,4.905444284310893,10.0,True,,,,,,,0.0,5.305535373085818,True,322.22222222222223,False,27.777466390844907,,,,322.22222222222223,-66.66666666666667,,-125.0,,2.288449120674585,99.89775688763265,1.83963991185625,-7.710880875741266,-51.15669987760826,84.21744796017241,17.92430527536817,-3.597675390283739,-7.710880875741266,True,False
APA,rainbow_convergence,43.810001373291016,42.48968260206161,43.810001373291016,,,,,,True,2.6398567461985913,2.0,True,,,,,,,0.0,3.013738255745277,True,-18.55670103092778,False,26.77741511667824,26.347305389221564,31.25,-18.55670103092778,,67.46031746031744,59.49367088607585,38.59649122807027,-65.8682634730539,,,,,,,,,,False,False
APH,rainbow_convergence,87.55000305175781,82.32858477753201,87.55000305175781,,,,,,True,5.417768138199402,11.0,True,,,,,,,0.0,5.963927004250359,True,24.13793103448276,True,19.444065634398147,59.302325581395365,24.13793103448276,57.62711864406778,102.08333333333334,90.27777777777779,-22.580645161290303,-4.123711340206215,12.790697674418606,55.002389253667936,58.38910829349408,49.123416475601566,53.37228879865306,14.934187215390882,18.342910389812083,3.948727883249381,9.629577190591654,49.123416475601566,True,False
ATKR,rainbow_convergence,94.8499984741211,92.37195717348223,94.8499984741211,,,,,,False,2.514330547669329,0.0,False,,,,,,,0.0,2.6125897105997042,False,-174.51923076923077,False,41.44405533991898,-98.4,,-66.41221374045801,-174.51923076923077,,-929.5454545454545,,-224.00000000000003,8.129434252324685,4.225586946453386,-0.9143028157624689,-4.603087415022511,8.67172470558959,11.567268910895923,-12.827338961797096,2.3081580039317373,-4.603087415022511,True,False
BGR,rainbow_convergence,17.549999237060547,17.023078463810712,17.549999237060547,,,,,,True,1.4950367406123881,1.0,True,,,,,,,0.0,3.002397698896359,True,,False,,,,,,,,,,,,,,,,,,,False,False
BOW,rainbow_convergence,34.029998779296875,33.343318576247256,34.029998779296875,,,,,,True,1.539271654102197,1.0,True,,,,,,,0.0,2.017867257366405,True,2.220446049250313e-14,True,25.444019713877314,33.33333333333333,41.17647058823528,2.220446049250313e-14,25.0,0.0,9.090909090909038,-2.222222222222192,25.0,22.957610139348517,26.873431337396923,27.109084966772535,23.270612618939545,5.24297660796178,2.647714236738352,5.3817080287913655,8.005973150837065,22.957610139348517,True,False
BTX,rainbow_convergence,9.399999618530273,8.898190896090448,9.399999618530273,,,,,,True,4.535854537260856,13.0,True,,,,,,,0.0,5.338390880895435,True,,False,,,,,,,,,,,,,,,,,,,False,False
BZH,rainbow_convergence,33.41999816894531,32.98785801156661,33.41999816894531,,,,,,False,1.2269743349254463,0.0,False,,,,,,,0.0,1.2930585908297851,False,-1230.0,False,34.44398464023148,,-107.14285714285714,-1230.0,-40.23668639053256,,,-211.8811881188119,,-5.328705257193778,-27.504382326356403,-22.48882084132099,-1.7690102548262976,25.97561035120508,12.752722900979663,-54.098644266418816,45.204238613630835,-27.504382326356403,True,False
CBRL,rainbow_convergence,56.400001525878906,52.223172431012614,56.400001525878906,,,,,,True,5.612879748573384,4.0,True,,,,,,,0.0,7.405725145148749,True,-600.0,True,61.44395915616898,86.20689655172413,239.28571428571422,-93.93939393939394,-600.0,-71.57894736842105,3066.666666666667,,-479.3103448275862,-2.1505537384981066,-2.8959492027615052,-7.859588662357453,-5.668160394940647,6.51832844850615,-8.853280171738776,9.737853555246701,-8.159016784388184,-7.859588662357453,True,False
CLOV,rainbow_convergence,4.559999942779541,4.451562403694214,4.559999942779541,,,,,,True,1.5874083018899876,2.0,True,,,,,,,0.0,2.378016237851727,True,,False,26.777290513229165,,,,,0.0,,,,55.597964909342146,62.04602330365041,44.73606894525513,50.051663816596474,-0.8038025117827363,53.61456776302165,-1.8006644518272386,3.9843390142791257,44.73606894525513,True,False
CON,rainbow_convergence,36.400001525878906,34.54660390132747,36.400001525878906,,,,,,True,4.014854961282962,4.0,True,,,,,,,0.0,5.091751502355692,True,2.7027027027026973,True,27.777291854456017,45.71428571428573,30.000000000000004,124.99999999999983,2.7027027027026973,30.76923076923077,44.44444444444444,-28.947368421052634,8.571428571428585,10.030229581415618,13.739935137553116,15.920961807668576,16.98438438193115,6.404122516701638,5.653149810788749,-5.886871508379887,3.997022431620323,10.030229581415618,True,False
CORT,rainbow_convergence,119.5999984741211,112.91151116575327,119.5999984741211,,,,,,True,4.829355306223307,4.0,True,,,,,,,0.0,5.592380763963867,True,-276.4705882352941,True,26.77729046582176,24.13793103448276,-276.4705882352941,-20.000000000000018,-60.97560975609756,,-250.0,24.99999999999998,-44.82758620689654,31.742529445044497,4.890785807879716,11.124855682005608,13.745576457440855,55.33192240286715,-18.415337043908476,-2.655101667324866,6.793190351283229,4.890785807879716,True,False
CTVA,rainbow_convergence,14.449999809265137,12.410413731586457,14.449999809265137,,,,,,True,6.125138082450024,2.0,True,,,,,,,0.0,14.114782730799243,False,-9.895833333333325,False,33.777252511585644,-9.895833333333325,12.631578947368439,,,61.68224299065419,,,-124.47916666666667,-1.2486511484507523,11.013710946280053,-1.5683345780433178,12.208562950402712,29.702368900587174,24.911482043500243,49.37665281450698,-59.195313704331745,-1.5683345780433178,True,False
DAC,rainbow_convergence,164.47999572753906,153.81488963523253,164.47999572753906,,,,,,True,5.940615814700472,5.0,True,,,,,,,0.0,6.4841356817477465,True,,False,38.77722878134259,,,,,,,,,,,,,,,,,,False,False
DDI,rainbow_convergence,13.510000228881836,12.799394546379869,13.510000228881836,,,,,,True,4.083948650661991,13.0,True,,,,,,,0.0,5.259849522302938,True,,False,31.777231676273146,,,,,,,,,,,,,,,,,,False,False
DGII,rainbow_convergence,75.20999908447266,73.69547759383236,75.20999908447266,,,,,,True,1.6234599023146616,11.0,True,,,,,,,0.0,2.0137235860610043,True,-18.74999999999999,True,33.777202740358796,48.14814814814814,3.5714285714285587,14.814814814814813,-18.74999999999999,37.93103448275863,-6.451612903225811,19.23076923076923,-3.703703703703709,28.978551630485327,25.109327004966374,17.90383763695531,8.839431900392182,6.063039703846473,6.762097630285302,7.105249348423093,6.347080380229553,8.839431900392182,True,False
DK,rainbow_convergence,75.45999908447266,70.90388034353553,75.45999908447266,,,,,,True,4.8695978948351755,4.0,True,,,,,,,0.0,6.037793262940328,True,,False,28.44386148259259,,,,,,-371.54471544715454,-58.02047781569968,,47.83332127613398,0.423937317839429,2.3465475839406835,-5.107809623981064,54.046210093852466,9.20803490573805,-15.850363699341873,4.42740360269116,-5.107809623981064,True,False
DSGR,rainbow_convergence,35.06999969482422,34.47732751535393,35.06999969482422,,,,,,False,1.5558586328216901,0.0,False,,,,,,,0.0,1.6899691606149643,False,-85.71428571428572,False,20.443874922268517,63.636363636363626,-85.71428571428572,,-69.56521739130434,1700.0,,-200.0,27.272727272727295,14.887066616036115,18.562872773844564,6.6323543149035435,16.284287165594314,-0.5065946805477228,2.6588664135430484,6.480242801499769,5.6358541263104245,6.6323543149035435,True,False
EFSI,rainbow_convergence,45.79499816894531,44.39505327164067,45.79499816894531,,,,,,False,2.7571133497130984,0.0,False,,,,,,,0.0,3.0569821012766822,False,-36.7816091954023,False,13.777193635208333,-6.122448979591832,,-36.7816091954023,7.216494845360821,33.33333333333335,-37.27272727272728,5.769230769230771,6.1224489795918435,,,,,,,,,,False,False
ENTG,rainbow_convergence,166.32000732421875,148.0137091883862,166.32000732421875,,,,,,True,9.701371247372107,12.0,True,,,,,,,0.0,11.006672276142252,False,-50.74626865671641,True,20.44383681068287,74.28571428571429,46.34146341463414,-50.74626865671641,-9.80392156862745,1.6666666666666607,81.81818181818177,-28.260869565217384,31.428571428571452,11.45885916203937,5.005173305742372,-3.0486886449645145,-0.07428500680946026,8.78186968838528,-1.4564874377958503,2.0815264527320076,1.8551236749116518,-3.0486886449645145,True,False
EXEL,rainbow_convergence,58.439998626708984,56.90562347072242,58.439998626708984,,,,,,True,2.584811803769092,10.0,True,,,,,,,0.0,2.6255564545569774,True,26.15384615384615,True,18.777164921689817,26.15384615384615,43.636363636363626,89.36170212765953,72.49999999999999,3.797468354430378,-11.235955056179737,28.985507246376784,6.153846153846132,10.63402204268813,9.96764767835636,5.62994592019479,10.789336140652628,2.926923505104684,2.0293554136467495,0.15190169885654914,5.190220690844516,5.62994592019479,True,False
FBLA,rainbow_convergence,17.1200008392334,16.1821800549747,17.1200008392334,,,,,,True,4.932578536596082,13.0,True,,,,,,,0.0,5.477924873166602,True,-100.0,False,20.777171007268517,-100.0,-75.0,,,-100.0,,-233.33333333333331,19.999999999999996,,,,,11.523502276359032,-1.5932826964158542,9.293728516765022,,,False,False
FIGS,rainbow_convergence,14.0600004196167,13.45066926939306,14.0600004196167,,,,,,True,3.1292480176845188,6.0,True,,,,,,,0.0,4.333791835265467,True,275.0,False,27.777122171400464,275.0,,900.0,,400.0,-70.0,100.0,25.0,28.812237945492658,28.02299421141543,32.974162061766044,8.167806631528652,22.96218934097134,-20.79981772793914,33.12321559267048,-0.6413784067085926,8.167806631528652,True,False
FNGO,rainbow_convergence,166.63999938964844,153.22410290446012,166.63999938964844,,,,,,True,5.938771821092489,14.0,True,,,,,,,0.0,8.050826052764435,True,,False,,,,,,,,,,,,,,,,,,,False,False
FRAF,rainbow_convergence,63.459999084472656,62.70950929138507,63.459999084472656,,,,,,True,0.6915812659794958,2.0,True,,,,,,,0.0,1.1826186635909008,True,11.363636363636353,True,18.443780432280093,11.363636363636353,68.18181818181819,938.4615384615394,25.263157894736832,-0.6756756756756799,9.62962962962961,13.445378151260524,-9.848484848484862,,,,,,,,,,False,False
FROG,rainbow_convergence,98.1500015258789,91.98603216676915,98.1500015258789,,,,,,True,5.28131216350956,6.0,True,,,,,,,0.0,6.280152076701214,True,,False,27.777103146319444,,,,,,,,,28.731331551642825,25.79100868414388,25.17962059994141,25.538255575117375,6.361339680601641,5.967406714106782,6.1348214481363295,7.614368809935534,25.17962059994141,True,False
GEF-B,rainbow_convergence,108.93000030517578,106.03990492119713,108.93000030517578,,,,,,True,1.5291480798533257,1.0,True,,,,,,,0.0,2.6531675166453885,True,,False,25.777093817511574,,,,,,,,,-0.5192878338278972,-21.40938536893664,11.606176846660766,-18.79395218002813,7.840772014475261,-12.329250022032257,-18.11358879988454,28.495919881305642,-21.40938536893664,True,False
GGB,rainbow_convergence,5.019999980926514,4.851074063353214,5.019999980926514,,,,,,True,3.2758454529506738,3.0,True,,,,,,,0.0,3.3650581317755717,True,,False,17.777066363252313,,,,,,,,,,,,,,,,,,False,False
GPRK,rainbow_convergence,11.109999656677246,10.758957159079621,11.109999656677246,,,,,,True,2.927851660527684,3.0,True,,,,,,,0.0,3.1596985458648876,True,,False,26.77704635363426,,,,,,,,,,,,,,,,,,False,False
GSAT,rainbow_convergence,83.66999816894531,82.40585422499102,83.66999816894531,,,,,,True,1.2041685812124467,14.0,True,,,,,,,0.0,1.5108688557656627,True,-276.9230769230769,False,27.443714879340277,-276.9230769230769,,,-116.66666666666667,,,,-107.6923076923077,-3.538452373860723,16.711087420042638,17.62753976167515,2.127041641888061,-7.55309431377027,-2.6361501368797002,-2.551289863904127,9.973491392148691,-3.538452373860723,True,False
HPK,rainbow_convergence,8.520000457763672,7.933847866317194,8.520000457763672,,,,,,True,3.134266708640659,3.0,True,,,,,,,0.0,6.879724882084466,True,-492.3076923076923,True,26.777007282604167,210.52631578947367,-492.3076923076923,-366.66666666666646,-142.85714285714286,,,,-178.94736842105263,25.844912967958898,-20.721160731663424,-20.907472551808727,-30.457548107725962,26.18709034902842,16.24594807068933,-1.6668255128082898,-12.75453638345837,-30.457548107725962,True,False
HRTG,rainbow_convergence,34.540000915527344,33.21653321977945,34.540000915527344,,,,,,True,2.610004500260572,2.0,True,,,,,,,0.0,3.8316956012381964,True,20.2020202020202,True,26.77700471571759,32.258064516129025,20.2020202020202,225.75757575757595,503.70370370370364,72.2689075630252,-44.65116279069768,31.901840490797582,5.161290322580636,2.9610402095801236,0.5380105900151255,2.403180778358527,0.2879409390650789,0.7227567267631629,-1.234464693752435,1.3447300420316388,2.1265652414257152,0.2879409390650789,True,False
HSTM,rainbow_convergence,32.099998474121094,29.393918160422462,32.099998474121094,,,,,,True,5.7769815714518735,7.0,True,,,,,,,0.0,8.430157141223118,True,-43.750000000000036,True,24.777008900578707,27.77777777777779,42.85714285714286,-43.750000000000036,5.263157894736836,14.999999999999991,122.22222222222231,-55.000000000000014,11.111111111111116,12.549061777514915,10.50282370551814,7.3738802451673635,4.622751214173326,3.1144169550386014,1.8743178311106723,4.230195883568277,2.7931609226302445,4.622751214173326,True,False
HUM,rainbow_convergence,396.510009765625,387.9372330075156,396.510009765625,,,,,,True,2.0206349221986013,6.0,True,,,,,,,0.0,2.162058093609471,True,-59.29648241206029,False,28.443683072511575,-4.563106796116512,,-59.29648241206029,-19.75088967971531,,-506.7901234567901,-64.07982261640798,-56.21359223300971,25.712143928035978,28.55917667238421,45.058930190389844,27.27272727272727,11.874583055370236,-6.312499999999998,14.28571428571428,4.94752623688155,25.712143928035978,True,False
IDT,rainbow_convergence,80.20999908447266,70.91579469447869,80.20999908447266,,,,,,True,10.365537470234862,7.0,True,,,,,,,0.0,11.587338855603067,False,1.1627906976744207,True,55.776998531932875,28.358208955223873,1.1627906976744207,4.999999999999982,30.88235294117647,-1.1494252873563315,3.571428571428581,-5.61797752808989,32.835820895522396,,,,,4.545921155024257,,,,,False,False
IHS,rainbow_convergence,8.4399995803833,8.384761819394312,8.4399995803833,,,,,,True,0.37940094051437484,2.0,True,,,,,,,0.0,0.6544758736407488,True,,False,32.443655649722224,,,,,,,,,,,,,,,,,,False,False
IOSP,rainbow_convergence,97.41999816894531,93.97200247826603,97.41999816894531,,,,,,True,3.538387706190042,12.0,True,,,,,,,0.0,3.5393099522541354,True,-60.902255639097746,False,25.776965496319445,32.97872340425532,-6.870229007633588,,-60.902255639097746,2.4590163934426146,-35.78947368421053,265.38461538461536,-44.680851063829785,11.758016829656581,2.8130671506352067,-2.3993144815766976,-0.3382949932341006,8.428949691085608,-0.5267778753292318,3.100248925096172,0.5003411416875103,-2.3993144815766976,True,False
ITGR,rainbow_convergence,126.58999633789062,123.17912215458558,126.58999633789062,,,,,,False,2.6101936962220145,0.0,False,,,,,,,0.0,2.6944263227568364,False,-33.65384615384615,False,20.44358946752315,-33.65384615384615,,55.55555555555556,12.121212121212132,43.75,-65.71428571428571,26.126126126126103,6.730769230769229,-2.5989834079757523,0.5002377729816709,5.019610809415864,8.408106310136132,5.580326675462932,-6.880481294750663,0.9341637961816751,-1.847452433818686,-2.5989834079757523,True,False
JAKK,rainbow_convergence,27.770000457763672,25.183101808102396,27.770000457763672,,,,,,True,7.011400189885234,9.0,True,,,,,,,0.0,9.315443309393446,True,-62.5,False,13.776926111979167,,,,-62.5,,,-126.4367816091954,,16.91437016138513,-5.807351681633155,-2.774187133339967,-34.3264740085695,30.524204132138433,-16.07848073382948,-39.81629657686663,77.34730548978118,-34.3264740085695,True,False
JCI,rainbow_convergence,155.92999267578125,147.17473279830998,155.92999267578125,,,,,,True,5.301134407650639,11.0,True,,,,,,,0.0,5.614865829998288,True,-26.206896551724135,True,18.443586279189816,38.888888888888886,34.92063492063491,180.64516129032265,-26.206896551724135,17.647058823529417,-67.43295019157088,143.92523364485982,48.611111111111114,8.21000704721635,6.837449318098043,3.1049935979513554,2.611054594777884,5.951354148697607,-10.01241850357032,6.444150693985451,6.624383368569409,2.611054594777884,True,False
KEYS,rainbow_convergence,381.4200134277344,347.23731893118867,381.4200134277344,,,,,,True,8.64179842189399,13.0,True,,,,,,,0.0,8.961956188232929,True,35.570469798657726,False,46.776915230914355,109.09090909090904,35.570469798657726,68.04123711340206,,13.861386138613852,23.926380368098176,20.740740740740726,22.72727272727273,41.34762633996938,32.28043143297381,31.470829909613805,,7.513104251601632,7.312500000000011,18.343195266272193,3.522205206738138,31.470829909613805,False,False
KRNT,rainbow_convergence,17.93000030517578,16.39262068462923,17.93000030517578,,,,,,True,7.148341202133975,6.0,True,,,,,,,0.0,8.574342411487653,True,,False,26.443582699652776,,,,,,,,,,,,,,,,,,False,False
KSS,rainbow_convergence,20.1200008392334,18.134613873983216,20.1200008392334,,,,,,True,6.531821636300843,7.0,True,,,,,,,0.0,9.867728043921037,True,-64.99999999999999,False,46.44357538099537,-5.185185185185192,,153.48837209302326,-64.99999999999999,,-111.92660550458714,1457.1428571428567,-94.81481481481482,-0.8742244782853903,-2.041447571914634,-4.150453955901423,-3.638814016172509,10.988317019261128,-38.77827179586314,44.69930069930071,0.8178228990411762,-4.150453955901423,True,False
LAUR,rainbow_convergence,38.560001373291016,37.35323648917226,38.560001373291016,,,,,,True,2.5949028669736403,9.0,True,,,,,,,0.0,3.129576870177793,True,-58.92857142857143,False,20.443547586273148,50.76923076923077,,90.00000000000003,-58.92857142857143,,-113.1578947368421,395.6521739130434,-64.61538461538461,17.4961271071971,15.434320508803289,27.868604656655506,8.570358976863046,125.91191877100054,-49.64572543166823,35.271248101063414,-23.64410595318951,8.570358976863046,True,False
LCUT,rainbow_convergence,9.229999542236328,8.859160583564341,9.229999542236328,,,,,,True,2.456087651193376,5.0,True,,,,,,,0.0,4.017757064613428,True,-350.0,False,27.443523215925925,,,102.43902439024399,-350.0,,-126.50602409638554,,,7.3614839756715345,2.443516436449289,-5.173158865650285,-6.486724652817443,-1.3511441870836416,-29.678449974029032,18.708408953418033,30.372662328798295,-6.486724652817443,True,False
LILA,rainbow_convergence,8.90999984741211,8.461067049152478,8.90999984741211,,,,,,True,3.2927842276703965,3.0,True,,,,,,,0.0,5.038527563948538,True,,False,26.77684642420139,,,,,,,-1450.0,,1.4631453022913465,-0.06460544531610157,0.7997913587759697,2.13918472273229,1.8285925378648038,-6.614920224234588,4.224719101123586,2.3741603018312407,-0.06460544531610157,True,False
LILAK,rainbow_convergence,8.850000381469727,8.409903762681983,8.850000381469727,,,,,,True,3.364443801310669,3.0,True,,,,,,,0.0,4.972842935794949,True,,False,26.776845415104166,,,,,,,-1450.0,,1.4631453022913465,-0.06460544531610157,0.7997913587759697,2.13918472273229,1.8285925378648038,-6.614920224234588,4.224719101123586,2.3741603018312407,-0.06460544531610157,True,False
LIND,rainbow_convergence,35.0099983215332,29.913649758736476,35.0099983215332,,,,,,True,13.29411196077829,8.0,True,,,,,,,0.0,14.556837495368214,False,-100.0,False,25.443515400555555,,,,-100.0,-122.22222222222223,,,,18.638244663431493,15.742178153916342,23.26373234460901,16.58551976893765,-4.214159691942331,13.555991068942742,-23.72924404177007,43.00634136175534,15.742178153916342,True,False
LITE,rainbow_convergence,1111.0699462890625,942.1092914588053,1111.0699462890625,,,,,,True,12.912709840091285,14.0,True,,,,,,,0.0,15.207022329654432,False,-3177.4193548387093,False,27.77681834636574,-3177.4193548387093,,,,-6459.999999999999,68.53932584269661,1680.0,-98.38709677419355,55.91955887122933,16.016371077762614,9.651035986913858,6.0768261964735615,13.052681091251173,5.718547986076583,19.382606114574052,9.27667855984431,6.0768261964735615,True,False
LTRX,rainbow_convergence,7.210000038146973,6.2645068651460205,7.210000038146973,,,,,,True,12.785332093242843,13.0,True,,,,,,,0.0,13.11363617196251,False,,False,26.77680872431713,,,,,,,,,8.027324109712541,5.884210526315781,-4.451076666345754,-13.447404351741564,3.237565032972123,1.3535299254383126,-0.06712760958582642,3.311487915669753,-13.447404351741564,True,False
LXP,rainbow_convergence,60.959999084472656,60.44255948423794,60.959999084472656,,,,,,False,0.8199231603430347,0.0,False,,,,,,,0.0,0.8488182546028212,False,-110.00000000000001,True,20.443481463564815,-106.38297872340425,-110.00000000000001,745.4545454545457,500.0,,-103.2258064516129,675.0000000000002,-74.46808510638299,-0.6153846153846176,0.20618556701030855,2.935420743639927,6.8560235063663155,-0.30864197530864335,-7.604562737642584,-3.574702108157657,11.897435897435905,-0.6153846153846176,True,False
MCK,rainbow_convergence,910.3300170898438,880.0959260932557,910.3300170898438,,,,,,True,2.8262695954667736,4.0,True,,,,,,,0.0,3.3212231200769193,True,-17.599999999999994,True,26.77681373642361,-17.599999999999994,37.57575757575764,37.98561151079136,377.0053475935828,-62.187958883994135,42.0229405630866,7.5112107623318325,42.72,7.720772383902186,6.024905585589546,11.400507901861602,10.142977651066198,9.434550080481863,-9.290868328340773,2.9161415414445058,5.441238103999924,6.024905585589546,True,False
MEOH,rainbow_convergence,60.40999984741211,58.866964145609636,60.40999984741211,,,,,,True,1.972725473845216,3.0,True,,,,,,,0.0,2.5542719842740995,True,,False,20.776804956631942,,,,,,,,,,,,,,,,,,False,False
MSGE,rainbow_convergence,82.0,79.24826316502042,82.0,,,,,,True,1.787327868415714,14.0,True,,,,,,,0.0,3.35577662802388,True,-35.29411764705883,False,27.443434126805556,,-35.29411764705883,24.35897435897436,,-290.9090909090909,-94.3298969072165,,,86.79827734711456,2.3041228606653696,12.494802659978754,14.987020349704604,28.61995834302009,-50.3812588723024,175.56618033435618,6.216709732988801,2.3041228606653696,True,False
MSGM,rainbow_convergence,5.349999904632568,4.523244186035565,5.349999904632568,,,,,,True,11.422110235243162,7.0,True,,,,,,,0.0,15.453378193168103,False,-90.2439024390244,False,27.776763571319446,-90.2439024390244,-81.81818181818183,,,33.33333333333335,-57.14285714285712,-7.771561172376096e-14,-82.92682926829268,36.58103895302178,129.25201867778097,94.93030544216894,71.94181079189283,-12.187838678894025,4.774472935894636,24.11498900974123,19.60684301500093,36.58103895302178,True,False
MSGS,rainbow_convergence,404.9700012207031,398.304067620596,404.9700012207031,,,,,,True,1.3428593587082682,14.0,True,,,,,,,0.0,1.6460314541852366,True,580.0,False,21.44339255085648,,,580.0,,,-344.1176470588235,,,36.668513461170726,1.8863876925107936,12.764179237978635,-25.98720618305288,-35.50540376076761,7.132694138177209,922.5173619911797,-80.65572645214432,-25.98720618305288,True,False
MSM,rainbow_convergence,130.3800048828125,123.00930417682385,130.3800048828125,,,,,,True,4.761266627824585,14.0,True,,,,,,,0.0,5.65324469240015,True,3.0303030303030054,True,13.443418899467591,41.17647058823528,8.571428571428585,12.048192771084354,3.0303030303030054,89.4736842105263,-18.279569892473123,-8.823529411764708,0.0,7.819429642329423,2.9221154245124836,4.006531076464426,2.7188317770749038,14.089416348687145,-4.961250264061534,-1.2769698673550267,0.7238877819481182,2.7188317770749038,True,False
MTSI,rainbow_convergence,335.9100036621094,289.59545962389575,335.9100036621094,,,,,,True,11.236444097507492,9.0,True,,,,,,,0.0,13.787783493581587,False,42.85714285714286,False,27.443383969618058,166.66666666666669,42.85714285714286,,67.49999999999999,113.33333333333333,-6.25,-4.477611940298498,39.58333333333333,35.7657718413672,22.49721264842912,24.522973381868862,30.123063125903048,18.43954941080792,6.385211257234591,3.9981621166290227,3.6064091019085254,22.49721264842912,True,False
MU,rainbow_convergence,1088.0,1005.892026625966,1088.0,,,,,,True,5.993247581236768,14.0,True,,,,,,,0.0,7.546688729231069,True,175.44910179640718,True,75.77671732542824,1368.452380952381,756.0283687943263,175.44910179640718,249.3827160493827,104.39105219552611,162.3913043478261,62.544169611307396,68.45238095238095,345.7155144608107,196.28709797590963,56.65403605465611,46.0,73.74685666387259,74.888221065748,20.574458683163943,21.65358563595312,46.0,True,True
NKSH,rainbow_convergence,42.79999923706055,41.74051883416076,42.79999923706055,,,,,,True,2.4613629501401317,4.0,True,,,,,,,0.0,2.475421546228399,True,52.941176470588246,True,13.77671728957176,119.44444444444446,52.941176470588246,86.00000000000003,64.28571428571428,1.2820512820512775,-16.129032258064523,34.782608695652215,91.66666666666666,5.743755193821176,4.028529267092962,6.873022151898733,2.7379908408847298,2.2837959241571726,-2.1513833626353285,2.4943095599393006,3.0845187466392865,2.7379908408847298,True,False
NVDA,rainbow_convergence,237.47000122070312,223.37472167460805,237.47000122070312,,,,,,True,5.285542646167761,14.0,True,,,,,,,0.0,5.935604275756502,True,66.66666666666667,True,39.776718624224536,127.77777777777777,214.47368421052633,97.75280898876404,66.66666666666667,2.9288702928870203,35.79545454545454,35.384615384615394,20.370370370370374,105.85114348672526,85.22763378875223,73.21451272533118,62.49358645459211,17.896220057587463,19.79831784754944,19.50847279233765,21.95622874013221,62.49358645459211,True,True
OGN,rainbow_convergence,13.789999961853027,13.669593490009014,13.789999961853027,,,,,,True,0.5384364177554996,2.0,True,,,,,,,0.0,0.8731433805445353,True,-285.7142857142858,True,31.443318134074076,-28.57142857142857,66.66666666666667,-285.7142857142858,-55.79710144927537,-27.27272727272727,,-227.8688524590164,8.92857142857142,-2.258469259723961,-3.502974223397226,-5.339195979899502,1.2642225031605614,6.712328767123288,-3.1187790311877905,-5.9300873907615514,0.5018820577164407,-5.339195979899502,True,False
OSCR,rainbow_convergence,32.90999984741211,30.93230132066818,32.90999984741211,,,,,,True,3.1344188169244647,2.0,True,,,,,,,0.0,6.00941518053348,True,124.99999999999996,False,31.443293242916667,,124.99999999999996,,,-46.859903381642496,,,,-6.187471140526402,32.05542725173209,86.3050706566916,79.64890794039601,6.593214410633097,-36.218627997769104,1.8634246108396813,35.46252116361397,-6.187471140526402,True,False
PACB,rainbow_convergence,2.7200000286102295,1.7307454591334595,2.7200000286102295,,,,,,True,31.88321936735359,14.0,True,,,,,,,0.0,36.36965290703415,False,,False,27.77662582681713,,,,,,,,,4.99017575969638,-6.97825706207621,6.7420098297836795,2.4632826591084678,4.919576093388556,-3.2855544860955765,-3.331992154101493,7.033079428309952,-6.97825706207621,True,False
PAGS,rainbow_convergence,10.510000228881836,9.308129424496435,10.510000228881836,,,,,,True,8.124440816886217,8.0,True,,,,,,,0.0,11.435497414002132,False,,False,32.77663417498842,,,,,,,,,,,,,,,,,,False,False
PARR,rainbow_convergence,86.12000274658203,80.26596508956332,86.12000274658203,,,,,,True,5.9869434636057335,5.0,True,,,,,,,0.0,6.797535381234118,True,699.1452991452992,False,25.77662124400463,699.1452991452992,,,3869.2307692307695,749.9999999999998,-21.42857142857144,-72.86821705426357,341.02564102564105,56.797793220586044,4.510737887355898,-1.0359558153738013,-6.110125642918874,62.789252912954076,0.5796254218967123,-9.920633343534025,6.311165192628443,-6.110125642918874,True,False
PCVX,rainbow_convergence,66.95999908447266,59.7252344004138,66.95999908447266,,,,,,True,7.689985267094373,11.0,True,,,,,,,0.0,10.804606904088994,False,,False,25.776618309641204,,,,,,,,,,,,,,,,,,False,False
PEBK,rainbow_convergence,44.25,43.577063640842724,44.25,,,,,,True,0.7509678504555533,3.0,True,,,,,,,0.0,1.52076013368876,True,-6.94444444444443,True,10.443269330046297,1.0526315789473717,1.2658227848101333,86.15384615384617,-6.94444444444443,19.999999999999996,-33.88429752066116,80.59701492537312,-29.473684210526308,,,,,,,,,,False,False
PENG,rainbow_convergence,72.61000061035156,55.78527871544305,72.61000061035156,,,,,,True,11.831979116037703,9.0,True,,,,,,,0.0,23.171356222946947,False,-60.00000000000001,False,88.77660356923612,,544.4444444444445,-60.00000000000001,,17.24137931034484,1349.9999999999998,-60.00000000000001,,47.63655316406117,-6.161102432431697,0.5772466886737604,8.604908275161648,39.56687920372946,-0.02098690941525483,1.5237244097750402,4.2161782076231,-6.161102432431697,True,False
PM,rainbow_convergence,192.69000244140625,188.23007484447612,192.69000244140625,,,,,,True,1.1620237791384747,3.0,True,,,,,,,0.0,2.3145609738036708,True,-9.302325581395344,False,12.443234256828703,-7.692307692307687,-9.302325581395344,,13.197969543147202,15.384615384615374,14.705882352941234,-39.01345291479823,14.358974358974352,10.374753451676533,9.085044618858195,6.758705955079325,9.423872464937944,10.309481569091261,-2.084539664157503,-4.453665283540797,6.952662721893499,6.758705955079325,True,False
PRAA,rainbow_convergence,20.280000686645508,19.41097583066184,20.280000686645508,,,,,,True,1.9499886727696882,2.0,True,,,,,,,0.0,4.285132280867846,True,-1611.5942028985507,True,31.776552854791667,39.81481481481482,711.1111111111111,212.76595744680847,-1611.5942028985507,106.84931506849318,-50.340136054421755,,-1065.7407407407406,-1.401191818328229,163.63636363636363,-16.093535075653364,31.96440793976729,-5.334776557909382,253.38797814207652,-52.54149377593361,-37.89660170719923,-16.093535075653364,True,False
PRSU,rainbow_convergence,52.5,49.67601661701253,52.5,,,,,,True,4.443686072245449,13.0,True,,,,,,,0.0,5.379015967595183,True,-107.73913043478261,False,26.776557722824073,170.00000000000003,,-107.73913043478261,57.57575757575759,,,-134.23076923076923,1200.0,14.347755325801126,37.42249660714761,24.616257996899506,32.24293168437975,158.49695983889083,-9.515883167171868,-76.32041888292356,106.45520502299925,14.347755325801126,True,False
PWR,rainbow_convergence,701.0700073242188,651.8271315022229,701.0700073242188,,,,,,True,5.467405753074505,8.0,True,,,,,,,0.0,7.023959848167187,True,2.4630541871920597,True,20.443202247210646,94.73684210526316,51.04166666666667,2.4630541871920597,14.871794871794886,104.13793103448276,-30.288461538461508,-7.142857142857184,47.36842105263159,41.10419493143886,26.33346777182164,19.661880464892988,17.52982789446198,21.36197461594833,0.41876074669202623,2.7588617985042863,12.673853725531359,17.52982789446198,True,False
QQQX,rainbow_convergence,30.889999389648438,30.17648296800096,30.889999389648438,,,,,,True,2.037751183786108,14.0,True,,,,,,,0.0,2.3098622070111894,True,,False,,,,,,,,,,,,,,,,,,,False,False
RAL,rainbow_convergence,72.91000366210938,68.37682519202902,72.91000366210938,,,,,,True,5.961653786309992,14.0,True,,,,,,,0.0,6.2174986180068,True,-1603.703703703704,True,17.776510506516203,21.42857142857144,-31.57894736842104,-1603.703703703704,-38.59649122807017,30.76923076923077,,-3580.0000000000005,-16.666666666666675,12.815418239618515,10.95890410958904,4.306940003761528,-0.8619074386359338,6.210250654695093,-3.606202668589975,4.819504819504816,5.126167295847406,-0.8619074386359338,True,False
RCKY,rainbow_convergence,46.209999084472656,44.84434436969905,46.209999084472656,,,,,,True,2.8117488466438223,9.0,True,,,,,,,0.0,2.9553229643592185,True,-74.24242424242425,True,18.776474428900464,281.25000000000006,-74.24242424242425,32.30769230769228,37.142857142857146,976.470588235294,-80.23255813953489,-10.416666666666675,100.0,12.04104233911043,9.053851481069142,9.107095444109525,6.971384674476666,-4.849639472351508,-10.961521944516017,14.016647625265222,15.990042310713992,6.971384674476666,True,False
RELL,rainbow_convergence,20.0,17.821380041178845,20.0,,,,,,True,6.232759502020411,5.0,True,,,,,,,0.0,10.893099794105776,False,,False,89.77647443311344,,,,,,,,,18.891350925705485,27.57424502302992,3.1001412534384043,5.651532601887221,-1.9245585147363187,19.33407845399482,6.089351285189726,-4.246708297471025,3.1001412534384043,True,False
RGA,rainbow_convergence,251.52999877929688,245.68497199256265,251.52999877929688,,,,,,True,1.8598634331568547,4.0,True,,,,,,,0.0,2.323789136524784,True,16.627634660421563,True,27.776461382280093,159.62962962962962,16.627634660421563,212.6696832579185,63.519313304721024,40.76305220883532,-27.930535455861083,81.3648293963255,41.1111111111111,18.53902482586176,23.46007604562739,26.597977485212752,9.78587860555653,2.2020326455189476,-2.125094197437827,6.9471308833011,10.805500982318271,9.78587860555653,True,False
RLGT,rainbow_convergence,9.350000381469727,8.782997300099753,9.350000381469727,,,,,,True,4.667724703175653,8.0,True,,,,,,,0.0,6.064203831410393,True,-57.14285714285715,True,31.776470536423613,50.000000000000064,100.0,-15.384615384615385,-57.14285714285715,50.00000000000002,-9.090909090909083,266.6666666666667,-70.0,18.522078157584552,0.05981112767339258,-12.252782145881213,11.34281433448776,22.089336166437068,-7.752121655968636,2.4155655070481563,2.754102819838611,-12.252782145881213,True,False
SAFT,rainbow_convergence,103.87999725341797,101.22684593793905,103.87999725341797,,,,,,False,2.528761225304232,0.0,False,,,,,,,0.0,2.5540540870505515,False,-166.89189189189187,True,24.776407716423613,21.02564102564102,-166.89189189189187,142.85714285714272,10.404624277456653,,-172.7941176470588,-28.795811518324587,-2.051282051282055,2.8867760407857546,4.749619380689385,11.695791040283599,11.173978236794913,3.5819189111939487,-1.5276546817735381,-1.8635511492192558,2.785294899364543,2.8867760407857546,True,False
SILC,rainbow_convergence,59.95000076293945,48.57357784562708,59.95000076293945,,,,,,True,17.324182402693324,14.0,True,,,,,,,0.0,18.976518386210227,False,,False,20.443059771469905,,,,,,,,,,,,,,,,,,False,False
SLDE,rainbow_convergence,24.6299991607666,23.302297792888083,24.6299991607666,,,,,,True,2.783926048694597,1.0,True,,,,,,,0.0,5.390586330158826,True,36.00000000000001,True,18.77639420966435,89.28571428571428,36.00000000000001,739.9999999999999,75.55555555555556,3.9215686274509887,-19.047619047619037,59.49367088607591,41.071428571428555,47.861869139587256,38.243138146189715,73.41382481109824,27.04620548842591,-0.6334723067793813,12.182716248616753,30.604871035367886,1.5618848119507422,27.04620548842591,True,True
SN,rainbow_convergence,185.19000244140625,174.44197264236925,185.19000244140625,,,,,,True,4.766615749169734,9.0,True,,,,,,,0.0,5.803785116552204,True,,False,27.443055288136573,,,,,8.235294117647074,-13.265306122448983,18.07228915662651,,,,,,24.96237983134273,-2.219567630717101,18.17692563129889,,,False,False
TECH,rainbow_convergence,72.52999877929688,71.82342318138471,72.52999877929688,,,,,,False,0.9144224204762503,0.0,False,,,,,,,0.0,0.9741839374108052,False,9.090909090909083,False,31.44296244460648,,128.57142857142856,9.090909090909083,14.28571428571428,12.499999999999956,33.33333333333335,0.0,,1.3335857271307594,-1.5073644526394703,-0.38851163683252254,-1.0029088848814038,3.1395404845623975,5.251506538189865,3.253127671825662,-9.594119224520059,-1.5073644526394703,True,False
TENB,rainbow_convergence,38.939998626708984,35.66567572873586,38.939998626708984,,,,,,True,6.347379659811487,6.0,True,,,,,,,0.0,8.408636398171982,True,-200.0,False,19.776316547314813,,,-200.0,,200.0,,-150.00000000000006,,8.578014112699407,9.584882305958509,10.521314549210746,11.163954061861482,2.461287195964257,0.5853385175774273,3.2059103153224466,2.080511130431262,8.578014112699407,True,False
TSEM,rainbow_convergence,248.25,229.28236912290504,248.25,,,,,,True,7.096322420104942,9.0,True,,,,,,,0.0,7.640536103562925,True,,False,31.442931371909722,,,,,,,,,,,,,,,,,,False,False
UFCS,rainbow_convergence,55.04999923706055,53.69300437372018,55.04999923706055,,,,,,True,1.6346379372140156,4.0,True,,,,,,,0.0,2.465022492546771,True,18.852459016393432,True,25.776240293356484,48.27586206896552,71.6417910447761,18.852459016393432,96.05263157894737,12.17391304347828,-20.68965517241381,-2.6845637583892468,71.26436781609196,14.383571852280209,11.575132506832976,9.793952127260441,9.615313161838479,3.8663714466682153,0.9939694810910726,3.3297741922727164,5.528015667430752,9.615313161838479,True,False
UVE,rainbow_convergence,45.25,43.15035079130062,45.25,,,,,,True,1.8268810359307146,3.0,True,,,,,,,0.0,4.640108748506923,True,30.555555555555557,False,13.776232905613425,68.59504132231406,30.555555555555557,895.652173913044,,8.510638297872353,-17.903930131004408,65.94202898550732,14.049586776859503,6.7206309775804,-0.32973127660705925,6.007395876915567,3.464549456333832,8.503804962331518,-3.520491461686681,1.7320022644464528,0.209926001084626,-0.32973127660705925,True,False
VIAV,rainbow_convergence,46.27000045776367,40.282406193097565,46.27000045776367,,,,,,True,12.37582813586415,8.0,True,,,,,,,0.0,12.940553718238498,False,-625.0,False,19.776184545671295,400.0000000000001,-66.66666666666667,-625.0,,400.0000000000001,,,-433.33333333333337,52.53012048192771,42.8370786516854,36.37370753323486,25.56675062972291,8.92330383480826,10.154346060113738,23.470411233701107,2.960413080895008,25.56675062972291,True,False
VSTS,rainbow_convergence,13.9399995803833,13.600879329666263,13.9399995803833,,,,,,True,2.0815893901272777,5.0,True,,,,,,,0.0,2.432713493006526,True,-600.0,False,41.77618469607639,,,-600.0,,300.0,,,,-1.8011306042306385,-0.8736578333826905,-2.982245751557522,4.052428753684523,0.3375606767591188,-0.5955790578062947,-6.828967529996022,5.6711274430505165,-2.982245751557522,True,False
W,rainbow_convergence,104.47000122070312,100.45635791554227,104.47000122070312,,,,,,True,3.353499556273995,3.0,True,,,,,,,0.0,3.841909886343008,True,-109.09090909090908,False,26.442831239641205,-109.09090909090908,,,,,,,-790.9090909090909,7.5160403299725065,7.362637362637359,6.920858699134902,8.07905686546464,20.061412487205722,-12.166616721606239,7.058068655758731,-4.766269477543538,6.920858699134902,True,False
WEST,rainbow_convergence,8.170000076293945,8.010600759975114,8.170000076293945,,,,,,True,1.9388391642444678,9.0,True,,,,,,,0.0,1.9510320052669754,True,,False,27.77613132224537,,,,,,,,,8.82969746385196,44.44844618234205,48.25593836935587,60.6560717196414,-1.0254998785720115,-9.027843238912192,-4.326921721975618,26.335634606688775,8.82969746385196,True,False
WKC,rainbow_convergence,36.68000030517578,35.602589301583514,36.68000030517578,,,,,,True,1.8912193487173725,5.0,True,,,,,,,0.0,2.9373255033485863,True,-19.298245614035082,False,13.776107744826389,,,,-19.298245614035082,87.99999999999999,,-1191.304347826087,,50.29027014474805,2.4596667548267614,-7.494493109984123,-10.4766988532919,40.33247289623127,7.265477904529849,-3.8629442705338746,3.8536817312264438,-10.4766988532919,True,False
WNC,rainbow_convergence,13.710000038146973,12.73097362561202,13.710000038146973,,,,,,True,6.115759891431733,4.0,True,,,,,,,0.0,7.140965790013791,True,-1130.000000000004,False,20.44277265193287,-120.70895522388061,-1130.000000000004,,-135.9375,,-206.1855670103093,,-104.2910447761194,-20.389351256268217,-22.878550144668843,-17.766787345918456,-16.671328163309784,-5.6692580252789675,-15.760688688268976,-16.83049414144232,20.458925148993146,-22.878550144668843,True,False
WSM,rainbow_convergence,240.4600067138672,230.99081722449364,240.4600067138672,,,,,,True,2.848991078822179,5.0,True,,,,,,,0.0,3.937947777170824,True,-7.0552147239263725,True,40.442773584444446,41.99999999999999,4.324324324324325,-7.0552147239263725,4.8128342245989275,47.1502590673575,-36.30363036303629,54.59183673469386,-2.0000000000000018,6.696411071669672,4.354802258580803,-4.268062373031145,4.5619736675500455,8.546372772307942,-23.404446680686554,25.191813955069374,2.5073498987347342,-4.268062373031145,True,False
XERS,rainbow_convergence,10.109999656677246,8.781415595432785,10.109999656677246,,,,,,True,10.679022303645342,12.0,True,,,,,,,0.0,13.141286907630953,False,,False,27.442773569340275,,,,,-1900.0,-85.71428571428571,,,28.740966465843808,38.270762986742966,42.77608612456114,37.06051448367362,10.79432675304053,-3.123288309811556,15.36300080666846,3.9712604313731026,28.740966465843808,True,False
XMTR,rainbow_convergence,107.80000305175781,96.84629143689466,107.80000305175781,,,,,,True,9.368174241775822,14.0,True,,,,,,,0.0,10.161142212216792,False,,False,25.442769402256946,,,,,,,,,41.054587288599606,35.87907611395566,29.52082183296756,27.535321599457994,11.768663046339544,6.621690454162721,6.464875632902634,11.177074938325537,27.535321599457994,True,False
XOM,rainbow_convergence,164.0500030517578,160.89617863836585,164.0500030517578,,,,,,True,1.7948631029945137,5.0,True,,,,,,,0.0,1.9224775097364226,True,,False,21.44277095523148,,,,,112.19512195121952,,,,,,,,42.34166809805413,,,,,False,False
ZIM,rainbow_convergence,29.989999771118164,28.609273941429258,29.989999771118164,,,,,,True,2.9585190792221474,1.0,True,,,,,,,0.0,4.603954118794667,True,,False,41.44276887333333,,,,,,,,,,,,,,,,,,False,False
ABBV,vcp,266.9700012207031,246.77000427246094,271.3599853515625,,,,,,True,,,,2.0,10%->8%,9.821663795030315,7.566392049997754,0.6741745065486073,49.0,1.6443735666128987,9.061756488247088,True,-88.63636363636364,False,21.444166730960646,290.38461538461536,-45.83333333333333,,-88.63636363636364,420.51282051282044,-61.764705882352935,919.9999999999998,-80.76923076923077,7.313606409096773,17.741243745532522,19.210829493087566,21.352095442031207,0.8377853326857698,-0.5073689296931638,4.335770103352665,2.51970538829307,7.313606409096773,True,False
AEF,vcp,9.890000343322754,9.170000076293945,9.260000228881836,,,,,,False,,,,2.0,18%->7%,18.000960949537507,7.280083337053853,0.6296326881446581,76.0,-6.370071714570398,0.9719238700143998,False,,False,,,,,,,,,,,,,,,,,,,False,False
ALGT,vcp,85.0,74.33000183105469,76.27999877929688,,,,,,False,,,,3.0,32%->16%->13%,31.87552025783012,12.552939022288603,0.8161424212368359,44.0,-10.258824965533089,2.556367303943161,False,32.94797687861271,False,26.777500923796296,,32.94797687861271,,,-109.13043478260869,26.373626373626323,,,33.10897415149181,8.925658694770977,7.570150008579657,1.0542159435079412,22.431114068344836,12.80388080853536,20.52073889392565,-20.029518957514714,1.0542159435079412,True,False
ALMS,vcp,7.170000076293945,6.639999866485596,6.769999980926514,,,,,,False,,,,5.0,64%->37%->16%->12%->7%,63.74559802353321,7.391913586733153,0.4445808127197289,29.0,-5.578801828607303,1.9202380326022794,False,-244.1558441558442,False,34.77750184471065,-244.1558441558442,,-102.11386696730554,,,,,-237.66233766233765,-37.65941485371342,-89.98792339985047,,,-4.537622056289492,-9.745982374287198,-6.631171345595355,-22.505626406601653,-89.98792339985047,False,False
AMAT,vcp,474.0400085449219,411.510009765625,520.6500244140625,,,,,,True,,,,2.0,21%->13%,20.9748516895046,13.190869473493247,0.7910911492216578,36.0,9.832506756594507,20.96226054560609,False,12.918660287081352,True,34.77750093987269,42.79279279279278,33.460076045627375,75.17241379310346,12.918660287081352,-9.686609686609682,38.188976377952756,7.627118644067776,6.3063063063063085,24.82881402355519,11.40845070422536,-2.149037119732067,-3.477643718949608,15.233881163084707,12.806617227609806,3.117647058823536,-6.874828814023559,-3.477643718949608,True,False
AMKR,vcp,56.560001373291016,51.11000061035156,52.27000045776367,,,,,,False,,,,2.0,13%->10%,13.077659626605886,9.635786122015679,0.8079358413819793,20.0,-7.5848670639410285,2.219245910184059,False,-18.518518518518523,True,17.777487402534724,266.6666666666667,58.13953488372094,4.081632653061229,-18.518518518518523,-51.470588235294116,33.33333333333333,131.81818181818184,144.44444444444446,27.476760683275646,15.893753552535795,6.735052688858811,3.415592750880281,-10.770129541335328,-4.978540167732948,31.46609218521734,14.362938160906502,3.415592750880281,True,False
APEI,vcp,43.86000061035156,40.060001373291016,46.04999923706055,,,,,,True,,,,3.0,19%->16%->9%,19.437197791342882,8.663928828500051,0.6638275832302247,42.0,4.993156854156802,13.007596010878638,False,6.349206349206371,False,31.777414323055552,,129.2682926829268,6.349206349206371,650.0,-44.680851063829785,40.29850746268653,123.33333333333339,,5.507907056756323,6.190785835394497,-3.5220279081104144,6.5914760778986725,-1.7208620906728922,10.363165540327168,-2.9929847134148257,0.2758561370310719,-3.5220279081104144,True,False
ASA,vcp,59.77000045776367,53.349998474121094,55.79999923706055,,,,,,False,,,,2.0,18%->11%,18.21561338289963,10.741177738787632,0.6313699536730641,24.0,-6.642130149402487,4.390682430891939,False,,False,,,,,,,,,,,,,,,,,,,False,False
ASTH,vcp,35.52000045776367,32.220001220703125,37.13999938964844,,,,,,True,,,,2.0,19%->9%,19.349184967744083,9.290538272893688,0.6121130147279832,17.0,4.560807744952265,13.24716814701026,False,-96.96969696969697,False,27.777381769699073,110.52631578947367,107.14285714285711,,-96.96969696969697,37.93103448275863,141.66666666666666,1100.0,-94.73684210526316,48.519871473775524,55.56343590322217,42.89088091111215,99.7133964195442,0.7688322453631713,1.5335767782578724,-0.5778998544006209,46.00432493188844,42.89088091111215,True,False
ATEX,vcp,86.43000030517578,77.55999755859375,81.18000030517578,,,,,,False,,,,2.0,20%->10%,20.23021885293896,10.262643428512009,0.8419939466870875,24.0,-6.074279742523162,4.459229777006088,False,-185.36585365853657,False,33.77739822388889,-99.25925925925925,90.19607843137263,-185.36585365853657,,-98.96907216494846,,-112.23776223776223,111.85185185185182,38.0818053596615,40.964722822174224,0.4469987228607808,0.06447453255964408,0.0,24.47552447552448,1.3530927835051498,9.44992947813823,0.06447453255964408,True,False
ATI,vcp,193.1699981689453,178.25999450683594,189.19000244140625,,,,,,False,,,,2.0,18%->8%,17.558759017178186,7.7185918121038535,0.6819494306713302,29.0,-2.0603591475205083,5.777265074012264,False,-25.531914893617003,True,18.44406412550926,55.71428571428574,26.86567164179103,-25.531914893617003,36.84210526315792,28.23529411764707,21.428571428571395,-10.256410256410241,11.428571428571432,10.584005612065939,0.6204124432016789,0.3752025240897128,7.068112633181123,9.518019973947034,-2.1748364624925687,4.584629053753897,-1.306559102069449,0.3752025240897128,True,False
ATRO,vcp,70.41000366210938,64.02999877929688,64.62999725341797,,,,,,False,,,,3.0,23%->19%->9%,23.47025024753533,9.061219359438626,0.704554504982846,38.0,-8.209069887894174,0.9283591205620276,False,157.6923076923077,False,32.777373182534724,2400.0,157.6923076923077,,,11.940298507462677,-19.277108433734945,,-1133.3333333333335,27.007787842367037,11.985762567011115,15.11796298072312,3.804161061964284,12.721414974481714,-3.9355679872702165,13.535306719887252,3.307145858372662,3.804161061964284,True,False
AUGO,vcp,88.37999725341797,80.80000305175781,82.0199966430664,,,,,,False,,,,2.0,17%->9%,17.12410185664195,8.576594746801728,0.6941105769230769,11.0,-7.196199149129978,1.4874343346022636,False,,False,27.77738353574074,,,,,,,,,,,,,,,,,,False,False
BDSX,vcp,30.0,26.06999969482422,26.420000076293945,,,,,,False,,,,2.0,18%->13%,17.64153741252193,13.100001017252605,0.6613333333333333,7.0,-11.933333079020182,1.3247554143036275,False,-133.33333333333331,False,25.777358063611114,,,-133.33333333333331,,,,,,34.18423418922969,42.30426550840851,40.75578834010476,19.927276734064247,5.110545881432205,-11.128499391410184,32.097574421168694,8.742132081126996,19.927276734064247,True,False
BJRI,vcp,63.400001525878906,56.86000061035156,59.31999969482422,,,,,,False,,,,2.0,14%->10%,14.462081158412085,10.315458609031445,0.6638374244578035,31.0,-6.435333963500447,4.146997803655241,False,-29.31034482758621,False,20.777345940439815,-11.340206185567014,-29.31034482758621,,,109.75609756097562,-30.508474576271226,2850.0000000000014,-97.9381443298969,6.370675908172108,2.915456084236423,3.211951013390868,1.3678147509072813,8.592140020886973,0.7650556135498476,7.64545352665551,-9.693733810726012,1.3678147509072813,True,False
BLZE,vcp,14.640000343322754,13.529999732971191,13.729999542236328,,,,,,False,,,,2.0,12%->8%,12.388771447473335,7.581971204377938,0.6475607186926294,10.0,-6.215852320669334,1.4566628982753844,False,,False,27.77734695258102,,,,,,,,,17.673150035814643,11.709473319273101,11.768188006866742,14.032342201356297,10.466559768271866,2.393940998887767,1.6145524998654626,2.380296435065299,11.709473319273101,True,False
BNED,vcp,11.489999771118164,10.46500015258789,11.65999984741211,,,,,,True,,,,2.0,16%->9%,16.3153792671806,8.92079755394568,0.5184477593690774,22.0,1.479548126025781,10.248711067431483,False,-95.95959595959596,False,62.77734436150463,,-95.95959595959596,-67.79661016949152,-55.828220858895705,-408.3333333333332,-36.84210526315786,-73.61111111111111,,0.9774636277760207,-5.507721626563422,12.429497001165224,6.8856155547693865,25.75925505337271,-53.34075133789011,-21.127327982935785,118.18264710280508,-5.507721626563422,True,False
BSRR,vcp,42.13999938964844,38.43000030517578,39.31999969482422,,,,,,False,,,,3.0,14%->11%->9%,14.459003802890416,8.803984665894433,0.7827294415865205,79.0,-6.691978489959218,2.263477610773202,False,-2.7027027027027084,True,17.444011976238425,-1.2820512820512886,47.69230769230768,31.506849315068486,-2.7027027027027084,-19.791666666666664,0.0,33.33333333333333,-7.692307692307699,,,,,-3.3887836613686884,,,,,False,False
BSTZ,vcp,30.195972882416992,27.700000762939453,29.90999984741211,,,,,,False,,,,2.0,11%->8%,10.912766821597518,8.26591058747087,0.8234379076126339,54.0,-0.9470568678759275,7.388830142919145,False,,False,,,,,,,,,,,,,,,,,,,False,False
BVS,vcp,14.149999618530273,12.75,12.770000457763672,,,,,,False,,,,2.0,15%->10%,14.89655067180765,9.893990503695067,0.7822632066963889,23.0,-9.752644508621824,0.15662065032669878,False,327.27272727272725,False,25.44399155365741,327.27272727272725,,424.99999999999955,,1074.9999999999998,-80.95238095238095,320.0,-54.54545454545454,3.7572802383854853,6.630017113888087,2.7713776180992244,-0.22523819118620558,15.988462324644747,-16.346421785940468,13.883058903289559,-6.1011783827712325,-0.22523819118620558,True,False
BWMX,vcp,17.360000610351562,15.848999977111816,16.219999313354492,,,,,,False,,,,3.0,18%->13%->9%,18.20349711504087,8.703920392368849,0.5265127508676626,61.0,-6.5668275167991705,2.287295634699683,False,,False,13.777326399120371,,,,,,,,,,,,,,,,,,False,False
CBLL,vcp,25.25,23.315000534057617,23.479999542236328,,,,,,False,,,,2.0,10%->8%,9.509502469088666,7.663364221553991,0.6672029235933186,15.0,-7.009902803024443,0.7027215136095176,False,-121.47239263803682,False,25.77732062283565,,,-121.47239263803682,,,,,,32.53927072031699,29.295788394905074,33.721808568037126,31.369584181448083,6.05042651166301,6.899612653324727,9.717118951702153,6.5569130619368865,29.295788394905074,True,False
CCSI,vcp,38.56999969482422,33.61000061035156,35.869998931884766,,,,,,False,,,,2.0,19%->13%,18.74085014876668,12.859733273833154,0.5805599456393107,28.0,-7.000261302314118,6.300525198857186,False,5.504587155963292,True,27.77729266003472,33.644859813084096,21.495327102803728,15.217391304347782,5.504587155963292,9.999999999999986,22.641509433962305,-7.826086956521761,7.47663551401867,4.445326228671842,1.7570699517062582,0.6147400233532441,0.12894177261004724,3.3637016425814625,1.4074251060973264,-0.7173033910941373,0.36392494756534166,0.12894177261004724,True,False
CLDT,vcp,13.786958810576014,12.437047138481304,13.479999542236328,,,,,,False,,,,2.0,12%->10%,12.175790293770362,9.791221477061267,0.6514018421736494,50.0,-2.226446546748339,7.737035898904773,False,-40.0,False,26.443956666296295,85.7142857142857,,,-40.0,,-360.0,66.66666666666667,-57.14285714285715,3.91820470959352,0.5026458076342166,2.37108764619538,1.2260774395835172,-13.841953726326894,0.8071323673955577,26.351854828105136,-5.305902210907886,0.5026458076342166,True,False
CLMT,vcp,55.58000183105469,51.33000183105469,56.290000915527344,,,,,,True,,,,2.0,13%->8%,13.278772181012263,7.64663522847414,0.7109359161029913,12.0,1.277436238003059,8.811510044059109,True,,False,28.443958470405093,,,,,,,-111.91135734072022,,40.76563413208649,3.601972029379219,9.383886255924168,-2.035623409669207,40.34184713994367,-0.8569227806662805,-3.6549165120593696,5.006818624586007,-2.035623409669207,True,False
CLOV,vcp,4.690000057220459,4.110000133514404,4.559999942779541,,,,,,False,,,,3.0,22%->16%->12%,22.254339057308567,12.366735962254833,0.7465452538460466,43.0,-2.7718574169477277,9.868416993681803,False,,False,26.777290513229165,,,,,0.0,,,,55.597964909342146,62.04602330365041,44.73606894525513,50.051663816596474,-0.8038025117827363,53.61456776302165,-1.8006644518272386,3.9843390142791257,44.73606894525513,True,False
CNQ,vcp,51.84456626668263,46.58000183105469,47.5,,,,,,False,,,,2.0,19%->10%,18.696747057297653,10.154515342162592,0.7411103536718056,87.0,-8.37998382382961,1.9368382504111843,False,,False,27.44395769877315,,,,,,,,,,,,,,,,,,False,False
COFS,vcp,34.702783123043154,31.899999618530273,33.09000015258789,,,,,,False,,,,2.0,12%->8%,12.102087839908062,8.076538111007563,0.6652559553978713,58.0,-4.647416792874899,3.596254241674732,False,-7.777777777777784,False,21.44396300422454,-7.777777777777784,,81.01265822784806,14.117647058823524,-8.791208791208794,-36.36363636363635,47.4226804123711,7.777777777777772,1.0690635479972066,33.58020728239934,73.63178283284304,71.17947547159042,1.9122165576668904,-2.2746716320265703,-0.6168414384075449,2.1108898081473537,1.0690635479972066,True,False
CPAY,vcp,427.4599914550781,386.2300109863281,402.42999267578125,,,,,,False,,,,2.0,12%->10%,11.831234755976244,9.645342556715713,0.38389098681388545,77.0,-5.8555184764998724,4.025540338516638,False,-7.0351758793969825,True,26.77729012071759,-7.0351758793969825,49.117647058823536,9.037900874635518,0.2564102564102555,-27.02169625246549,35.56149732620322,-4.347826086956519,-1.7587939698492372,,,,,12.502473901539691,,,,,False,False
CRDO,vcp,226.60000610351562,208.10000610351562,220.00999450683594,,,,,,False,,,,5.0,34%->16%->13%->11%->8%,34.24282271735643,8.164165711252812,0.667664454466085,28.0,-2.9082133359119293,5.413385164622717,False,97.05882352941175,False,52.77729001564815,97.05882352941175,313.63636363636357,412.5,,-26.373626373626347,10.975609756097526,86.36363636363636,29.411764705882337,114.14189837008628,151.11506967389744,192.38947716268444,248.83905562641536,11.418685912911354,7.368578813401072,51.85485044417166,17.879352960320883,114.14189837008628,True,False
CTRN,vcp,52.029998779296875,47.08000183105469,50.310001373291016,,,,,,False,,,,2.0,32%->10%,32.290936954230126,9.513736429707217,0.6432312631066321,22.0,-3.3057802159516085,6.420193707152425,False,-123.91304347826086,False,53.44393711366898,-123.91304347826086,727.2727272727274,,,-112.08791208791209,-1.0869565217391242,,-286.95652173913044,,,,,5.539746442949656,,,,,False,False
CV,vcp,6.980000019073486,6.110000133514404,6.539999961853027,,,,,,False,,,,2.0,15%->12%,14.905929894585174,12.464181707474614,0.5651156462585034,12.0,-6.3037257309186066,6.5749209609595765,False,,False,34.777261102928236,,,,,,-104.10958904109589,,,9.894419306184021,0.3233920229967602,32.097100472016194,24.44600773830461,30.479942693409747,-28.739152628892295,10.740531373657426,6.726998491704372,0.3233920229967602,True,False
CVU,vcp,5.349999904632568,4.940000057220459,5.099999904632568,,,,,,False,,,,2.0,17%->8%,16.55518804009483,7.663548686367083,0.5504088914148589,37.0,-4.672897279559292,3.137251968706392,False,-50.0,False,,,,-50.0,50.0,-44.44444444444444,124.99999999999996,-55.55555555555555,,15.827175088285816,12.722432776679993,-10.815211369165457,-0.776405455461382,1.2764560246175893,-10.577106238370737,0.7483690729334525,26.944890305807156,-10.815211369165457,True,False
DE,vcp,692.8300170898438,644.0800170898438,656.8699951171875,,,,,,False,,,,2.0,10%->7%,10.485439863346956,7.036357951805987,0.7340980187695516,10.0,-5.19030946778293,1.9471094923527419,False,-24.13793103448276,True,47.44386650449074,7.36842105263158,-1.3554216867469826,-24.13793103448276,-14.22319474835887,-22.137404580152676,170.6611570247934,-38.26530612244898,-17.47368421052632,4.909302712597774,4.748099976494546,12.964268923366241,11.225771715721455,-5.6922731692722,39.1010300697118,-22.460669624848727,3.1369612248294265,4.748099976494546,True,False
DRH,vcp,12.855589454258215,11.74546902647557,12.350000381469727,,,,,,False,,,,2.0,13%->9%,13.05293895184913,8.635313314357086,0.767098774088747,46.0,-3.9328346209828604,4.8949905774999944,False,-9.090909090909083,False,25.77722023322917,144.44444444444446,75.00000000000003,,-9.090909090909083,528.5714285714286,-41.666666666666664,19.999999999999996,-44.44444444444444,4.110297003794328,1.2983955456675078,-1.6187005242769281,0.08943320391823217,23.289252484873835,-5.9635600690624795,-3.801894990609145,-6.651838283396572,-1.6187005242769281,True,False
DVA,vcp,195.75,173.9499969482422,176.77999877929688,,,,,,False,,,,2.0,31%->11%,30.744680555910925,11.136655454282407,0.6809424502619428,46.0,-9.690932935225096,1.6008608726080134,False,-18.399999999999995,True,19.77719189505787,55.81395348837208,43.50000000000001,4.545454545454541,-18.399999999999995,40.06968641114981,-10.869565217391298,57.843137254901954,-20.93023255813954,1.4005406250927166,4.13629230677639,0.5761470981307859,1.7011478637815935,-0.47224746140921425,1.7228558940625138,3.7535975154374457,-3.467319802930835,0.5761470981307859,True,False
EGBN,vcp,29.1299991607666,26.520000457763672,28.030000686645508,,,,,,False,,,,2.0,14%->9%,14.387457392229871,8.959831027108905,0.5534274967375451,58.0,-3.7761706344386505,5.387085950380493,False,-408.33333333333337,False,12.777190367430556,,700.0,-117.64705882352939,-408.33333333333337,-52.08333333333333,,,,,,,,,,,,,False,False
EPRX,vcp,8.069999694824219,7.474999904632568,7.78000020980835,,,,,,False,,,,2.0,23%->7%,23.235611917718927,7.372984048230633,0.5918697254249375,5.0,-3.59355013609063,3.920312300136745,False,,False,25.777165152488426,,,,,,,,,,,,,,,,,,False,False
EXEL,vcp,59.720001220703125,54.54999923706055,58.439998626708984,,,,,,False,,,,2.0,12%->9%,12.256364264666706,8.657069454061388,0.6340373032972816,44.0,-2.1433398657574076,6.656398838227523,False,26.15384615384615,True,18.777164921689817,26.15384615384615,43.636363636363626,89.36170212765953,72.49999999999999,3.797468354430378,-11.235955056179737,28.985507246376784,6.153846153846132,10.63402204268813,9.96764767835636,5.62994592019479,10.789336140652628,2.926923505104684,2.0293554136467495,0.15190169885654914,5.190220690844516,5.62994592019479,True,False
EXFY,vcp,2.4000000953674316,2.2100000381469727,2.2699999809265137,,,,,,False,,,,2.0,14%->8%,14.405011747714717,7.916668736272306,0.5300688599846978,10.0,-5.416671219799072,2.6431693076513456,False,,False,27.777164138032408,,,,,,,,,-5.307012638407338,-5.835227587736325,-4.8805534536806805,-0.971504419780278,-0.3032176396125852,-3.4916756633899704,0.37929559389704437,-1.9544793647243042,-5.835227587736325,True,False
FCCO,vcp,33.72999954223633,31.25,32.33000183105469,,,,,,False,,,,2.0,11%->7%,11.327228799131959,7.352503930902521,0.35721412891638393,18.0,-4.150601038190289,3.3405560466665,False,12.727272727272743,True,12.443799680671296,19.402985074626855,15.68627450980391,12.727272727272743,34.00000000000001,35.593220338983066,-4.838709677419373,-7.462686567164168,0.0,20.4574332909784,21.28052182122473,7.839855818743557,7.507802813288289,3.984148326374637,12.458716326449416,-0.05567707297673419,3.0659507316473267,7.507802813288289,True,False
FGI,vcp,8.229999542236328,7.5,7.684999942779541,,,,,,False,,,,2.0,24%->9%,23.95240627374627,8.869982780557557,0.24434142350695393,13.0,-6.6221097177448325,2.407286195927147,False,-1241.6666666666672,False,34.77712931732639,,,-1241.6666666666672,,,,,,2.8623929214091293,-8.162842549749572,-14.399566381545249,-0.6934174320141762,4.537789338608711,0.10659036437152825,-15.007109988794342,15.647978305879096,-14.399566381545249,True,False
FIRY,vcp,12.949999809265137,11.729999542236328,11.850000381469727,,,,,,False,,,,2.0,17%->9%,16.52892703586165,9.420851621603529,0.5411790250787102,10.0,-8.494204200747637,1.0126652773872318,False,,False,34.777112193159724,,,,,,,,,22.91584040612358,32.91775129013106,68.87625907377188,11.439504966617807,6.483422092423985,-3.018893072540063,9.633228611090816,8.566669310700403,11.439504966617807,True,False
FLNG,vcp,32.974998474121094,30.56999969482422,30.889999389648438,,,,,,False,,,,2.0,9%->7%,8.65905074493331,7.293400729599206,0.742583667096599,34.0,-6.322969464605046,1.0359329917353575,False,,False,49.443795318668975,,,,,,,,,,,,,,,,,,False,False
FMAO,vcp,35.709999084472656,32.65999984741211,34.900001525878906,,,,,,False,,,,2.0,13%->9%,12.548688074188115,8.541023005477312,0.654179780455976,49.0,-2.2682654140586394,6.4183426376236685,False,18.032786885245965,True,17.777121401944445,53.571428571428555,37.254901960784295,18.032786885245965,33.33333333333335,22.857142857142865,-2.7777777777778123,12.500000000000021,14.28571428571428,,,,,,,,,,False,False
FMX,vcp,125.0,113.29000091552734,117.11000061035156,,,,,,False,,,,2.0,18%->9%,18.4703503621576,9.367999267578126,0.7223723364230256,50.0,-6.311999511718749,3.2618902526814284,False,,False,19.443777650069443,,,,,,,,,,,,,,,,,,False,False
FN,vcp,428.5,373.70001220703125,497.989990234375,,,,,,True,,,,3.0,31%->16%->13%,31.406593666832407,12.78879528424008,0.41604842056254493,36.0,16.21703389366978,24.958328573802792,False,24.882629107981224,True,24.777098904282408,58.92116182572613,53.33333333333334,30.672268907563026,24.882629107981224,11.014492753623184,10.932475884244376,16.917293233082688,10.373443983402497,44.64104334214218,39.28589044034232,35.901766777670076,21.62322127555867,8.358361614536204,7.185617642697251,15.822060098473823,7.5229858017878515,21.62322127555867,True,True
FNKO,vcp,5.679999828338623,5.28000020980835,6.309999942779541,,,,,,True,,,,2.0,29%->7%,29.047616050974735,7.042247017941754,0.6760249892505754,27.0,11.09155164578923,16.32329227117994,False,-75.0,False,27.7770981062963,,,,-75.0,,,-100.0,,7.365521091234251,5.337136086484673,-7.024502177176917,-14.298157225078134,3.384448459329392,-26.42916776518147,8.844383332336946,29.687443466395138,-14.298157225078134,True,False
FNRN,vcp,18.0,16.530000686645508,17.540000915527344,,,,,,False,,,,2.0,17%->8%,17.246751661424515,8.166662851969402,0.7842652302556711,49.0,-2.555550469292535,5.758267823051993,False,-12.121212121212132,True,19.777114162094907,-12.121212121212132,63.636363636363626,-8.108108108108091,11.764705882352944,-19.444444444444443,5.882352941176472,-10.526315789473696,15.151515151515138,,,,,,,,,,False,False
FRST,vcp,16.8799991607666,14.84000015258789,15.25,,,,,,False,,,,2.0,18%->12%,17.650563466325877,12.085302782005973,0.5781905944452508,71.0,-9.656393612596457,2.6885235895876023,False,-67.3913043478261,False,13.77710561892361,280.0,-67.3913043478261,,460.00000000000006,26.666666666666682,-74.78991596638656,325.0,180.00000000000003,,,,,,,,,,False,False
GAIN,vcp,16.851238686716762,15.100000381469727,15.289999961853027,,,,,,False,,,,2.0,14%->10%,13.755761666319513,10.392341701429194,0.6398630547189621,100.0,-9.264830638796923,1.2426395085502298,False,-89.28571428571429,False,25.777096531631944,26.66666666666666,-89.28571428571429,,36.00000000000001,533.3333333333333,-85.0,-41.17647058823529,126.66666666666674,,,,,,,,,,False,False
GEV,vcp,983.3400268554688,868.25,997.0900268554688,,,,,,True,,,,2.0,21%->12%,20.52089074493127,11.703990858940665,0.8266431702338861,36.0,1.3982955665874641,12.921604206772846,False,32.79569892473118,False,19.443755629606482,32.79569892473118,1816.4835164835165,658.8571428571431,,-85.83715596330275,31.32530120481927,709.7560975609758,-11.827956989247323,21.8746570080123,16.272410358565747,3.7696533434362633,11.847862672500842,18.89923974729628,-14.759036144578308,9.900692145651524,9.417188014487987,3.7696533434362633,True,False
GILD,vcp,154.1999969482422,142.60000610351562,146.85000610351562,,,,,,False,,,,2.0,9%->8%,9.245433757718075,7.522692006680224,0.8485217871294611,57.0,-4.766531122042509,2.894109515395011,False,-641.6666666666666,True,20.77704758414352,-641.6666666666666,54.807692307692314,22.377622377622398,143.00000000000003,-624.8447204968944,-7.9999999999999964,-27.98353909465021,55.769230769230774,10.180739903981916,4.394780260986941,4.703395428722423,2.96885354539429,12.112068965517242,-12.176656151419563,2.0079804350624286,9.700649534029937,2.96885354539429,True,False
GLW,vcp,160.7100067138672,149.25999450683594,163.25,,,,,,True,,,,2.0,17%->7%,16.90017304873896,7.1246417327436165,0.6929735454920666,20.0,1.5804823470980816,8.569681772229135,True,18.518518518518512,False,18.443712878344908,18.518518518518512,138.88888888888889,69.44444444444449,,48.837209302325576,-29.508196721311485,22.00000000000002,-7.407407407407418,20.464557468962763,15.663157894736845,,,9.501274117218795,9.879999999999999,-4.104334484081318,4.405286343612325,15.663157894736845,False,False
GPRE,vcp,16.030000686645508,14.329999923706055,15.34000015258789,,,,,,False,,,,2.0,19%->11%,18.998791514024134,10.60511971378587,0.7141501224555705,32.0,-4.304432342491739,6.584095298795983,False,-75.36231884057972,False,26.443714238981485,,,,-75.36231884057972,97.61904761904762,61.53846153846152,52.941176470588225,,-30.69845442596202,19.115103498298282,2.3666917238536422,14.537027553006254,7.428919387324928,1.1441430771052863,-5.62051465492186,-32.422305821208965,-30.69845442596202,True,False
GPRK,vcp,11.510000228881836,10.260000228881836,11.109999656677246,,,,,,False,,,,2.0,20%->11%,19.801982930755184,10.860121417403604,0.67403825717322,23.0,-3.47524382493821,7.650760162576153,False,,False,26.77704635363426,,,,,,,,,,,,,,,,,,False,False
GSL,vcp,46.56999969482422,43.25,44.720001220703125,,,,,,False,,,,2.0,10%->7%,10.22599781246303,7.129052429848315,0.7664940777709242,47.0,-3.9725112438141204,3.287122496818242,False,,False,31.44367820863426,,,,,,,,,,,,,,,,,,False,False
HAFC,vcp,32.70000076293945,30.170000076293945,31.3799991607666,,,,,,False,,,,2.0,10%->8%,10.477608469657644,7.737004977421543,0.8364674892555108,67.0,-4.036702053135349,3.8559563952617273,False,20.68965517241377,True,11.777009213425925,58.00000000000001,29.31034482758621,20.68965517241377,48.979591836734706,5.3333333333333455,7.142857142857184,-4.109589041095929,46.0,5.394402646763896,7.292302946166895,9.553372235376,10.873724088454818,0.9390778290222723,-1.3591241704010493,0.05959644691659882,5.7894958058879675,5.394402646763896,True,False
HLF,vcp,13.170000076293945,11.510000228881836,12.649999618530273,,,,,,False,,,,2.0,20%->13%,19.923078096829926,12.604402716748012,0.7472371267680437,29.0,-3.948370954831465,9.01185315435517,False,-152.08333333333334,True,24.777008204120374,-152.08333333333334,16.326530612244895,-53.714285714285694,-8.695652173913048,-143.859649122807,-29.62962962962966,92.85714285714293,-12.5,5.376856484790715,7.816976344438076,6.261388106675492,2.6928968797871544,0.728818706346801,2.6656274356975818,0.7301562377325821,1.1595584147406912,2.6928968797871544,True,False
HLT,vcp,335.6471570705618,300.0,320.5299987792969,,,,,,False,,,,2.0,13%->11%,13.282120819718783,10.620425741627185,0.6804611043139083,77.0,-4.503883906898958,6.405016334659193,False,-38.04878048780485,True,18.443674140208334,14.130434782608692,34.959349593495936,-38.04878048780485,28.98550724637683,26.50602409638556,30.70866141732278,-28.651685393258397,-3.2608695652173947,6.503028371055142,8.979591836734691,10.923463887890762,8.824555284269264,13.75553285665645,-4.85908649173955,-1.057692307692304,-0.5419190309212674,6.503028371055142,True,False
HTLD,vcp,12.09000015258789,11.010000228881836,11.279999732971191,,,,,,False,,,,2.0,12%->9%,12.404788491794159,8.933001737596161,0.542252933071688,16.0,-6.699755247259587,2.3936126815690684,False,,False,20.44367042923611,,,,,,,,,2.0408163265306145,-0.6329113924050667,-27.692307692307693,-26.630434782608692,-4.458598726114649,11.347517730496449,4.444444444444451,-8.163265306122447,-27.692307692307693,True,False
IMMX,vcp,10.329999923706055,9.399999618530273,9.489999771118164,,,,,,False,,,,3.0,22%->16%->9%,21.937984553432745,9.002907183392587,0.6855844516730144,11.0,-8.131656909892087,0.9483683325451366,False,,False,28.776992658622685,,,,,,,,,,,,,,,,,,False,False
INGM,vcp,28.0049991607666,25.989999771118164,27.649999618530273,,,,,,False,,,,2.0,13%->7%,13.228582865390035,7.195141760515873,0.4845666926377916,21.0,-1.2676291836268367,6.003616167501221,False,19.999999999999996,True,32.77698447425926,200.0,44.827586206896555,44.44444444444442,19.999999999999996,14.28571428571428,-19.23076923076922,23.809523809523792,162.5,13.57760648856381,13.697251890607177,11.488024806907937,7.150842481799136,4.068529492377015,-6.148312216618834,18.041877202468637,-1.4866472887666626,7.150842481799136,True,False
INNV,vcp,9.260000228881836,8.600000381469727,9.130000114440918,,,,,,False,,,,2.0,27%->7%,26.573427214681516,7.12742798162766,0.657949974530572,18.0,-1.4038888901476383,5.805035337654498,False,,False,25.77697373284722,,,,,,-375.0,33.33333333333335,,18.307168406980523,15.494952828891261,14.693371738620753,15.093447465657928,3.97232707398103,5.104126687469757,1.5260159674721052,6.634118582216275,14.693371738620753,True,False
IRDM,vcp,50.80444194362045,45.81071216488614,48.36000061035156,,,,,,False,,,,2.0,23%->10%,22.682756869318368,9.829317255912459,0.4380509307468205,67.0,-4.811471674035071,5.271481417061316,False,-55.00000000000001,True,13.443589350636573,-55.00000000000001,-25.92592592592593,-19.999999999999986,66.66666666666666,-55.00000000000001,-16.666666666666664,-31.428571428571427,74.99999999999997,3.840834278443195,1.944824505067988,-0.023944673718612197,6.656922230943119,2.821183527575011,2.8726401803324864,-6.166964108665473,4.62366186274239,-0.023944673718612197,True,False
KDP,vcp,32.93121622142098,30.059999465942383,30.540000915527344,,,,,,False,,,,2.0,14%->9%,13.518407456227296,8.718829988462256,0.7331826077488058,43.0,-7.261242007631072,1.5717139331875902,False,-90.0,False,25.44358902246528,-90.0,-47.36842105263158,,8.888888888888879,-80.0,-23.076923076923073,-46.93877551020408,22.499999999999986,75.57050204179679,9.381017881705645,10.540540540540544,10.665638653302501,83.82796780684106,-11.624805512336078,4.482117974918709,3.435022820081679,9.381017881705645,True,False
KEX,vcp,143.57000732421875,127.62000274658203,137.36000061035156,,,,,,False,,,,3.0,18%->15%->11%,18.460270251545037,11.109565900917886,0.7340461051053947,110.0,-4.325420629006003,7.090854557724511,False,0.0,True,19.443584976203702,0.0,12.781954887218049,127.02702702702693,6.451612903225801,11.333333333333329,-10.714285714285698,1.8181818181818077,-1.19760479041916,7.825543132017465,7.43834157057961,6.164661012195949,4.81405861042965,9.276163104090873,-0.9011769540078096,-2.2253062292733494,1.835982021263538,4.81405861042965,True,False
KEYS,vcp,339.17999267578125,311.43499755859375,381.4200134277344,,,,,,True,,,,2.0,16%->8%,16.254472672896224,8.180021144026812,0.45685005797209854,36.0,12.45357086623029,18.3485431821475,False,35.570469798657726,False,46.776915230914355,109.09090909090904,35.570469798657726,68.04123711340206,,13.861386138613852,23.926380368098176,20.740740740740726,22.72727272727273,41.34762633996938,32.28043143297381,31.470829909613805,,7.513104251601632,7.312500000000011,18.343195266272193,3.522205206738138,31.470829909613805,False,False
KRYS,vcp,373.30999755859375,319.6099853515625,324.57000732421875,,,,,,False,,,,2.0,20%->14%,19.506778045075375,14.384830987175112,0.5038999716808982,49.0,-13.056170623109256,1.5281824754995295,False,10.457516339869244,True,24.443576526030093,38.759689922480625,52.500000000000014,10.457516339869244,192.30769230769232,-2.1857923497267784,8.284023668639096,-36.46616541353386,106.20155038759691,24.135274150892315,31.949468718460473,17.51700680272108,16.64937202561991,2.4622498001839244,8.638252182437789,9.51431492842536,1.8304491784844057,16.64937202561991,True,False
LASR,vcp,41.650001525878906,38.244998931884766,39.880001068115234,,,,,,False,,,,3.0,29%->12%->8%,28.532108691854212,8.175276036613033,0.5139174165905143,35.0,-4.249700823333454,4.0998046450346814,False,,False,27.776899439178244,,,,,-300.0,,,,33.78310520774277,55.18502748316172,71.34505392456892,18.908229257603026,3.005699604644496,-1.236681653014715,21.640046747175703,8.110472179476801,18.908229257603026,True,False
LEA,vcp,134.92999267578125,116.44000244140625,119.62999725341797,,,,,,False,,,,2.0,21%->14%,20.806667262976354,13.703395270170937,0.5681024108201548,49.0,-11.33921014813002,2.6665509364295974,False,-16.182572614107894,True,21.443516469641203,23.8562091503268,124.16107382550337,-3.658536585365879,-16.182572614107894,13.473053892215582,111.39240506329111,-21.78217821782178,-33.98692810457516,2.968293977182279,4.72096829307771,4.794736289504087,1.7083303488288903,6.63941746238923,-2.7685936612897866,5.436811155322374,-5.813876359777126,1.7083303488288903,True,False
LFUS,vcp,461.3399963378906,425.94000244140625,434.739990234375,,,,,,False,,,,3.0,16%->10%->8%,16.48392799391069,7.673298256706324,0.7875580795043883,36.0,-5.765814001531634,2.0241956090178275,False,19.396551724137943,False,19.443496114293982,69.14285714285715,,19.396551724137943,26.37362637362637,,-450.5415162454874,20.434782608695667,31.428571428571427,18.520783609083047,12.167991176648329,10.090061509719938,9.834392441032858,10.613132098852729,-4.915791495901645,1.8302513966935718,10.66304412536736,9.834392441032858,True,False
LRCX,vcp,352.55999755859375,321.1099853515625,329.510009765625,,,,,,False,,,,2.0,18%->9%,17.64066645342081,8.920470962337243,0.7170190696312541,20.0,-6.537890842008516,2.5492471139305595,False,35.074626865671576,True,12.776816892800925,35.074626865671576,40.77669902912619,36.95652173913042,44.18604651162792,24.827586206896534,15.07936507936507,1.6129032258064502,-7.462686567164201,29.988921747003182,23.75575058128141,22.137422198618985,27.740010978949982,15.07749395359539,9.293104257958817,0.3872526305963353,2.9543297134833946,22.137422198618985,True,True
LVLU,vcp,13.239999771118164,12.274999618530273,12.274999618530273,,,,,,False,,,,2.0,17%->7%,17.0872379604461,7.2885209159364885,0.22869955156950675,4.0,-7.2885209159364885,0.0,False,-102.30326295585412,False,33.77684358658565,,,-102.30326295585412,,,,,,-16.82163886162905,-10.324994154781386,-4.7303732595582515,-8.599639818667326,17.861674575446273,-8.70703608492811,-14.367245994754796,-9.72644749754662,-16.82163886162905,True,False
MAAS,vcp,13.256999969482422,11.510000228881836,12.399999618530273,,,,,,False,,,,2.0,34%->13%,33.545032149617185,13.177941801479781,0.7857760110611822,4.0,-6.4645119780113225,7.177414653452432,False,,False,,,,,,,,,,,,,,,,,,,False,False
MATX,vcp,240.8699951171875,218.10000610351562,222.9199981689453,,,,,,False,,,,2.0,11%->9%,11.41075213947984,9.453227664406217,0.7085436364873138,45.0,-7.45215149753675,2.1622071169122923,False,-28.01358234295416,True,26.77680613298611,46.23287671232876,-15.13761467889908,21.138211382113848,-28.01358234295416,130.81081081081075,-58.61297539149888,5.4245283018868,45.205479452054796,16.72486453943407,-3.0946291560102313,-4.3131528698191595,-8.513513513513516,27.922934811295864,-11.045897405798799,-3.2041813430292,5.972305839855507,-8.513513513513516,True,False
MBX,vcp,61.119998931884766,53.36000061035156,54.540000915527344,,,,,,False,,,,2.0,20%->13%,19.50769277719351,12.696332554228837,0.7097031582460678,14.0,-10.7657037489325,2.1635502115289467,False,-102.31854838709677,False,27.44348405349537,,,-102.31854838709677,,,,,,,,,,,,,,,False,False
MCHP,vcp,83.4000015258789,76.54000091552734,78.0199966430664,,,,,,False,,,,2.0,20%->8%,19.549103806714154,8.22542024561344,0.8458326021810926,42.0,-6.450845065204335,1.8969441056372933,False,-78.57142857142858,False,27.77681606771991,,,,-78.57142857142858,68.18181818181819,266.6666666666667,100.0,,38.04741980474198,35.10561566202988,15.594541910331383,-2.0106547516755446,13.232153752287989,10.556492411467122,3.9985969835145463,6.034402603440259,-2.0106547516755446,True,False
MGA,vcp,69.2300033569336,61.720001220703125,65.02999877929688,,,,,,False,,,,2.0,14%->11%,14.01256755692245,10.847900869671587,0.7922113048756624,32.0,-6.066740392864759,5.089954821969841,False,,False,21.443471048912038,,,,,,,,,,,,,,,,,,False,False
MGNI,vcp,26.399999618530273,24.420000076293945,25.239999771118164,,,,,,False,,,,2.0,14%->7%,13.971683974220946,7.499998374418755,0.7826325630422653,14.0,-4.393938879445667,3.2488102308247035,False,62.5,False,26.776808021099537,62.5,,211.5384615384615,225.0,333.33333333333337,-96.2962962962963,523.076923076923,62.5,11.24489419149377,5.5209249475191235,5.871071516951254,10.796713641105416,17.309622743671337,-19.95802411422116,14.408281056748407,3.5550273463641924,5.5209249475191235,True,False
MLI,vcp,64.48027897345447,57.81999969482422,60.220001220703125,,,,,,False,,,,3.0,23%->16%->10%,23.185332562774917,10.329172554250562,0.6570228924631354,78.0,-6.607101924148373,3.985389367700322,False,1.8018018018017834,True,11.443470448206018,1.8018018018017834,55.395683453237424,104.95867768595045,27.027027027027017,-47.6851851851852,-12.903225806451623,31.914893617021313,69.36936936936935,25.457465604965158,19.280818664920286,4.206549609327626,8.01668819669863,19.691283775005132,23.96338263792557,-10.710375719969123,-5.3022695143884135,4.206549609327626,True,False
MOD,vcp,190.1699981689453,176.5,189.44000244140625,,,,,,False,,,,2.0,14%->7%,14.317539176424276,7.188304306971181,0.5541900696472702,8.0,-0.3838648233516524,6.830659984502793,False,-218.42105263157893,True,18.77679607403935,44.2105263157895,50.0,-218.42105263157893,-3.488372093023262,-0.7246376811594013,,-208.43373493975906,-12.631578947368416,28.01698886936146,47.46600741656366,30.512321660181584,12.294832826747726,-8.413663034367147,18.55900621118012,8.94573013939639,8.216168717047445,12.294832826747726,True,False
MXL,vcp,94.95999908447266,88.25,107.36000061035156,,,,,,True,,,,2.0,11%->7%,10.600711336763151,7.066132212684319,0.6488012565064448,8.0,13.05813147159822,17.79992595166676,False,,False,13.776716713171295,,,,,,,,,55.171716614742714,43.00397152179125,48.03129102607224,55.92587112524969,23.077091290783457,0.5511741769034462,7.889513597292397,16.21681232940917,43.00397152179125,True,False
NECB,vcp,27.65999984741211,25.6299991607666,27.329999923706055,,,,,,False,,,,2.0,10%->7%,10.211862940192102,7.339120382661305,0.48988991661756975,71.0,-1.1930582990835763,6.220273573674151,False,-12.195121951219512,True,13.735050595763887,-12.195121951219512,-5.128205128205132,5.405405405405417,-8.42105263157894,-2.7027027027027084,-5.128205128205154,-10.344827586206872,6.0975609756097615,,,,,,,,,,False,False
NEXA,vcp,13.354999542236328,11.6899995803833,12.600000381469727,,,,,,False,,,,2.0,19%->12%,19.194857540218376,12.467240875503759,0.6241216042505784,20.0,-5.653307275517698,7.222228361395325,False,,False,20.77671720837963,,,,,,,,,,,,,,,,,,False,False
NOVT,vcp,153.6699981689453,141.9499969482422,143.63999938964844,,,,,,False,,,,3.0,22%->15%->8%,21.51037611469266,7.6267334940800335,0.7989068774874389,43.0,-6.526972667930835,1.1765541970115336,False,-43.39622641509434,True,25.44338534087963,150.0,-13.559322033898303,2.2222222222222143,-43.39622641509434,-41.17647058823529,10.869565217391308,53.33333333333332,150.0,10.27094076308137,10.430396887292925,8.522641350919935,1.4038174341768794,3.143104378227979,-0.24850105864547833,4.241918042576542,2.8156101041696857,1.4038174341768794,True,False
NRIX,vcp,23.985000610351562,22.100000381469727,22.729999542236328,,,,,,False,,,,2.0,15%->8%,14.952563480144645,7.859079345064926,0.6024118271756749,14.0,-5.232441259866364,2.7716637635471684,False,,False,,,,,,,,,,-79.47385146177592,-66.11933019021296,2.2056609454983445,-37.28948204639339,44.641714651311574,-53.95153568535023,71.99138586268052,-82.08189576902126,-79.47385146177592,True,False
NWL,vcp,5.849999904632568,5.139999866485596,5.71999979019165,,,,,,False,,,,2.0,18%->12%,17.92890085051685,12.136752986692006,0.7126930536689883,21.0,-2.222224214704207,10.139859177977725,False,127.2727272727273,False,21.443385345601854,127.2727272727273,,,,,,-1600.0,-54.54545454545454,3.0490956072351416,-1.085568326947639,-2.668034889687021,-7.241910631741144,28.728211749515808,-18.344754876120195,5.03875968992249,-6.666666666666665,-7.241910631741144,True,False
NXG,vcp,62.09023689079536,53.54999923706055,56.029998779296875,,,,,,False,,,,2.0,17%->14%,17.12185930577694,13.754558013291895,0.5040117143968962,69.0,-9.760372024602297,4.426199529300525,False,,False,,,,,,,,,,,,,,,,,,,False,False
OFG,vcp,54.09226217658783,48.97999954223633,50.91999816894531,,,,,,False,,,,2.0,13%->9%,13.049513074339874,9.451005427841373,0.7153973158092624,158.0,-5.864543060311378,3.8098953190696214,False,15.454545454545432,True,12.44333601607639,20.869565217391294,26.0,15.454545454545432,15.999999999999993,10.317460317460302,-0.7874015748031815,9.482758620689701,0.8695652173912993,14.074154536896222,18.77990733473429,23.11709232473067,20.91033233374735,0.7311172452013848,2.3071974529238037,4.101612381455055,6.331016004055323,14.074154536896222,True,False
OVID,vcp,2.6050000190734863,2.2699999809265137,2.359999895095825,,,,,,False,,,,2.0,17%->13%,17.398949701222556,12.859886207068868,0.7542862057761043,11.0,-9.404995093428049,3.8135558546563906,False,,False,33.44330128422454,,,,,-266.6666666666667,,,,-88.31313775510205,-100.0,844.7368421052632,-23.699421965317924,,-100.0,443.93939393939394,-97.8954081632653,-100.0,True,False
P,vcp,103.5,92.2699966430664,152.66000366210938,,,,,,True,,,,2.0,20%->11%,20.45696621958549,10.850244789307819,0.5512092357964917,28.0,47.49758807933273,39.55849965306396,False,-15.789473684210531,False,53.776634668761574,49.99999999999998,,123.07692307692308,-15.789473684210531,199.99999999999994,-75.86206896551724,81.25000000000003,14.28571428571428,37.73463940850312,35.24936254391542,20.351494927498347,16.049271302606762,12.632016837370452,-0.5672851998719475,9.793115890561799,12.015186956592427,16.049271302606762,True,False
PACS,vcp,45.849998474121094,40.61000061035156,43.189998626708984,,,,,,False,,,,3.0,18%->16%->11%,18.479164441426597,11.428567149739644,0.7010114014510938,51.0,-5.801526577832889,5.97360059826891,False,51.61290322580645,True,31.77663466363426,51.61290322580645,194.1176470588235,90.90909090909089,219.99999999999997,-6.000000000000005,19.04761904761907,31.24999999999998,3.2258064516129004,9.062397574722226,11.196216087111432,12.420872908954061,31.244117796375193,0.5308603980819226,4.5843132258047925,0.997915646930525,2.7062047657502752,9.062397574722226,True,False
PANL,vcp,8.65999984741211,7.889999866485596,8.350000381469727,,,,,,False,,,,3.0,19%->15%->9%,19.158297599384255,8.891454901775948,0.5627174282650205,79.0,-3.5796705704910696,5.508987951724666,False,-5.263157894736848,False,27.776621098506947,,,-5.263157894736848,72.72727272727273,-23.809523809523803,16.666666666666675,-5.263157894736848,,19.420635781707716,38.90653246689793,24.940001098150134,10.158875027476078,9.695743932465707,-7.233062784671807,9.017816535205903,7.646249577187936,10.158875027476078,True,False
PDFS,vcp,56.97999954223633,52.33000183105469,53.16999816894531,,,,,,False,,,,2.0,16%->8%,16.064508015808528,8.160754209439467,0.6681323991302247,18.0,-6.686559150403043,1.5798314215125113,False,-99.99999999999997,False,27.776620184675924,233.33333333333334,,-99.99999999999997,-50.0,-16.666666666666664,3.458764513820541e+18,-99.99999999999999,0.0,18.947185276832656,25.852903009753447,24.594189877208738,23.068801310090727,2.3266256444370637,-3.642453087191322,9.258513525343615,10.4140890813486,18.947185276832656,True,False
PEB,vcp,18.77995899052324,17.40069479115968,18.709999084472656,,,,,,False,,,,2.0,11%->7%,11.150712063797407,7.344340847919673,0.8028305473816463,46.0,-0.37252427487135564,6.997885394871892,False,-254.16666666666669,False,20.77661005677083,183.33333333333334,,,-254.16666666666669,,,,-716.6666666666667,-0.09692371490196416,7.927785028694889,3.382109004739342,-1.435493041307201,17.78820561483092,-0.9632741004761969,-12.466047857785977,-2.1627484130275265,-1.435493041307201,True,False
PEBK,vcp,45.47133841915521,41.90999984741211,44.25,,,,,,False,,,,2.0,10%->8%,9.579127002545775,7.832051343891945,0.6427726286728456,72.0,-2.685952209932553,5.28813593805173,False,-6.94444444444443,True,10.443269330046297,1.0526315789473717,1.2658227848101333,86.15384615384617,-6.94444444444443,19.999999999999996,-33.88429752066116,80.59701492537312,-29.473684210526308,,,,,,,,,,False,False
PEO,vcp,29.75,27.25,28.790000915527344,,,,,,False,,,,2.0,13%->8%,12.673482833521286,8.403361344537815,0.6866254788252819,97.0,-3.226887678899685,5.349082551424211,False,,False,,,,,,,,,,,,,,,,,,,False,False
PESI,vcp,16.31999969482422,14.949999809265137,15.079999923706055,,,,,,False,,,,2.0,21%->8%,20.563672295203418,8.394607298881068,0.6124216100710735,14.0,-7.598037955303528,0.8620697287707226,False,,False,32.77658427476852,,,,,,,,,-11.661867544220483,-20.066096702349313,6.890219017820698,3.818700927908636,15.809814848103532,-29.201399936366524,-9.963332187464191,19.66269025092555,-20.066096702349313,True,False
PLAB,vcp,29.979999542236328,26.93000030517578,30.110000610351562,,,,,,True,,,,2.0,29%->10%,28.62041789802432,10.17344657648729,0.2304300739800401,29.0,0.4336259843236044,10.561276123264255,False,8.823529411764696,True,61.443214984398146,25.64102564102564,260.00000000000006,8.823529411764696,96.29629629629632,-9.259259259259267,-27.027027027027017,-30.188679245283012,171.79487179487177,2.686863693831576,-0.49859710320770967,6.094146263281441,-3.0804750525540325,2.908926359912356,-6.720695262722931,4.308291236038375,2.5552059469376553,-3.0804750525540325,True,False
PLGO,vcp,25.72595284569501,23.440000534057617,23.809999465942383,,,,,,False,,,,2.0,20%->9%,20.176110691110434,8.885782872061524,0.7560496959295602,43.0,-7.447550694213614,1.5539644694827015,False,,False,33.77656585446759,,,,,,,,,,,,,,,,,,False,False
PLXS,vcp,256.6700134277344,236.5800018310547,266.57000732421875,,,,,,True,,,,2.0,22%->8%,21.805367693805056,7.8271751843485395,0.8174525426680598,43.0,3.8570901852824835,11.250329995560373,False,-3.658536585365846,True,19.776551701724536,-3.658536585365846,29.078014184397173,12.686567164179108,26.351351351351404,-13.186813186813184,20.529801324503303,-19.25133689839572,14.024390243902452,28.13196007494785,18.73011824479427,9.602283321142234,-1.1102991717681365,12.117735919096507,8.77738229213012,-99.97345274731852,395653.68159731635,-1.1102991717681365,True,False
PMTS,vcp,25.290000915527344,23.469999313354492,25.280000686645508,,,,,,True,,,,2.0,26%->7%,25.92592855426331,7.1965264384605945,0.4764465587672579,21.0,-0.03954222427764358,7.159815364432219,True,-57.49999999999999,True,25.44322481221065,325.0,-57.49999999999999,10.714285714285744,72.72727272727273,0.0,-72.58064516129032,226.3157894736842,375.0,14.973064206607933,19.832845936413037,22.349235786915656,10.593101458104549,1.4091687739619774,-3.884903367438941,10.93602771697375,6.329718773361703,10.593101458104549,True,False
PNRG,vcp,214.25999450683594,197.5,209.57000732421875,,,,,,False,,,,2.0,14%->8%,13.706105556417485,7.8222696427359475,0.7871551785586998,24.0,-2.18892341214335,5.759415423193475,False,-51.075268817204304,True,38.73490135395833,106.76691729323306,-51.075268817204304,47.42268041237128,-50.227272727272734,51.098901098901095,27.272727272727295,-67.351598173516,229.32330827067665,1.1695209965938647,-21.280166213840502,-15.667646961636317,-33.813260384421575,7.791087199269109,-22.802343122465373,11.03545790733087,9.496701045661338,-33.813260384421575,True,False
PSMT,vcp,181.8300018310547,166.35000610351562,169.72000122070312,,,,,,False,,,,2.0,17%->9%,16.56009227232749,8.5134441905369,0.6948915215304983,46.0,-6.660067364242472,1.9856204884214992,False,6.6115702479338845,True,17.776538193171298,12.28070175438598,11.724137931034484,6.6115702479338845,8.510638297872353,-20.98765432098766,25.581395348837212,26.470588235294066,-10.526315789473639,12.488072093519342,9.651979710914249,9.919757954249153,8.558413435069667,-0.9184047373235416,8.157708415748854,3.8884276564172815,1.038951968778301,8.558413435069667,True,False
PUMP,vcp,9.854999542236328,9.085000038146973,9.279999732971191,,,,,,False,,,,2.0,20%->8%,19.780630093432244,7.813288075654488,0.7135167218794711,13.0,-5.8346000606171105,2.1012898753800435,False,-133.33333333333331,False,19.443213581250003,,-133.33333333333331,,,,-399.9999999999997,,,-6.2363751759154535,-24.687548690097273,-9.63301035083013,-18.553044326457325,12.97670724273603,-6.555622680590312,-1.4429292723090903,-9.883458888674268,-24.687548690097273,True,False
PURR,vcp,13.050000190734863,11.600000381469727,11.729999542236328,,,,,,False,,,,2.0,21%->11%,20.697833724947152,11.111109487144653,0.5770912116460678,12.0,-10.114947350236047,1.108262283374456,False,,False,38.443214288854165,,,,,1306192.0792079207,,,,,,,,425.2,,,,,False,False
PWR,vcp,653.7580426629248,607.3460383017438,701.0700073242188,,,,,,True,,,,2.0,18%->7%,18.08774624846319,7.099263233861418,0.7014115386176936,36.0,7.23692277170008,13.368703274041383,False,2.4630541871920597,True,20.443202247210646,94.73684210526316,51.04166666666667,2.4630541871920597,14.871794871794886,104.13793103448276,-30.288461538461508,-7.142857142857184,47.36842105263159,41.10419493143886,26.33346777182164,19.661880464892988,17.52982789446198,21.36197461594833,0.41876074669202623,2.7588617985042863,12.673853725531359,17.52982789446198,True,False
QTTB,vcp,9.109999656677246,7.800000190734863,7.989999771118164,,,,,,False,,,,2.0,25%->14%,25.48076649742004,14.379797094527971,0.298306223309822,5.0,-12.294181424454493,2.3779672819278592,False,78.70722433460071,False,,,,78.70722433460071,,,-111.48936170212767,,,-100.0,-100.0,-55.860349127182054,0.0,,-100.0,-55.860349127182054,0.0,-100.0,True,False
QUIK,vcp,12.180000305175781,10.960000038146973,11.1899995803833,,,,,,False,,,,2.0,13%->10%,13.357079796472474,10.0164223026364,0.7134314762576398,21.0,-8.128084564758087,2.0554025992952694,False,,False,33.77647878898148,,,,,,,,,48.68456739896936,16.78612716763006,-39.18214402085369,-51.79377524352577,8.532963769550594,35.306723814626295,83.98225726959092,-44.96880933007865,-51.79377524352577,True,False
RCMT,vcp,41.77000045776367,38.84000015258789,41.400001525878906,,,,,,False,,,,2.0,9%->7%,9.445346206571744,7.014604436354968,0.5991814461118691,26.0,-0.8858006412015611,6.183577968447111,False,-14.28571428571428,True,26.776475021886576,36.00000000000001,-3.703703703703709,110.52631578947363,-14.28571428571428,30.76923076923077,-35.0,166.66666666666669,-40.0,20.021492720620216,-1.698767653569777,12.434990638651966,16.439990060465504,12.979599701341549,-3.9756695499329253,23.0292079841796,-10.077271447944113,-1.698767653569777,True,False
RCUS,vcp,26.350000381469727,23.899999618530273,24.520000457763672,,,,,,False,,,,3.0,26%->13%->9%,25.92945670624582,9.297915474272184,0.7038878506986127,24.0,-6.944971146918756,2.5285514994233615,False,,False,18.77647127204861,,,,,,,,,312.5,-12.5,-52.17391304347826,-14.28571428571429,371.42857142857144,-36.36363636363637,83.33333333333333,-25.0,-52.17391304347826,True,False
RHP,vcp,131.9600022293497,117.46390968315575,119.29000091552734,,,,,,False,,,,2.0,17%->11%,16.877633098852083,10.985216960666147,0.8478365516060586,49.0,-9.601395195342285,1.5307999147931124,False,-43.617021276595736,True,24.776465558379627,26.785714285714256,3.0000000000000027,-4.440892098500626e-14,-43.617021276595736,37.8640776699029,-8.035714285714256,111.32075471698104,-52.67857142857143,13.564968196326088,13.161013485901108,13.923780906778994,7.72786285498166,12.700805932239101,-9.926159651291389,24.53338464498749,-10.167623177638108,7.72786285498166,True,False
RIO,vcp,106.83999633789062,91.68000030517578,93.16000366210938,,,,,,False,,,,2.0,19%->14%,19.255126138315042,14.189438929565348,0.6387704783784621,79.0,-12.80418676964112,1.5886682039017028,False,,False,132.77647290501156,,,,,,,,,,,,,,,,,,False,False
RLJ,vcp,11.62023482060311,10.446374817664605,11.130000114440918,,,,,,False,,,,2.0,17%->10%,17.145071009941233,10.101861288183335,0.6311187708260448,43.0,-4.218802061495249,6.142185891708348,False,-177.7777777777778,False,26.7764594221875,6.666666666666665,,,-177.7777777777778,,,,-146.66666666666669,5.476407520731041,3.613932750008386,-0.4230444045104531,-4.540642787727334,12.651149930730599,3.464468202304971,-0.4399400081807059,-9.104303737506992,-4.540642787727334,True,False
SAIC,vcp,136.0800018310547,121.3499984741211,122.08000183105469,,,,,,False,,,,2.0,14%->11%,13.9913123520889,10.824517312412377,0.43939541402265736,26.0,-10.288065705188044,0.5979712860291715,False,-20.657276995305164,True,55.44306430878472,-12.177121771217713,83.80281690140845,-5.0505050505050715,-20.657276995305164,-8.812260536398464,38.829787234042556,11.242603550295849,-37.63837638376384,6.274731486715668,1.5450186467767635,-4.787812840043526,-5.566801619433203,-1.364113326337879,8.914285714285718,-6.216505894962488,5.483323911814586,-5.566801619433203,True,False
SATL,vcp,5.739999771118164,5.074999809265137,5.179999828338623,,,,,,False,,,,3.0,18%->14%->12%,17.82945197732177,11.585365651042247,0.6753530620741612,8.0,-9.75609695312674,2.027027462415243,False,,False,34.77643248670139,,,,,,-449.9999999999999,,,236.6962774957699,98.28843995510664,108.18902260052835,26.3395739186572,125.25824253572947,-0.3665585788805825,81.22125702606029,-17.216582064297803,26.3395739186572,True,False
SCSC,vcp,59.310001373291016,55.0,59.68000030517578,,,,,,True,,,,2.0,20%->7%,20.020963127105855,7.266904861735397,0.41314508276533596,33.0,0.623839020936841,7.841823527554348,True,5.405405405405417,True,27.443063335381943,40.22988505747127,5.405405405405417,7.14285714285714,28.98550724637683,56.41025641025643,4.0000000000000036,-15.73033707865169,2.298850574712641,17.25014331652901,8.788148349925585,2.543822918352845,-4.632662007787724,24.298699774384126,0.03626818627757711,3.6317177043196036,-9.009381389272297,-4.632662007787724,True,False
SEI,vcp,71.4000015258789,64.2300033569336,76.45999908447266,,,,,,True,,,,2.0,14%->10%,13.848995388971957,10.04201402761392,0.6627236600984207,18.0,7.086831163105447,15.995286259456293,False,,False,24.776393658738428,,,,,,,,,46.068253070874235,26.08044174979536,-2.171723952738991,0.5939269527510893,25.097111416781303,3.9343512323440244,0.23960745649234116,12.075345633962066,-2.171723952738991,True,False
SGHT,vcp,9.0,8.350000381469727,8.470000267028809,,,,,,False,,,,2.0,14%->7%,14.032738333396008,7.2222179836697045,0.5806247361756015,6.0,-5.888885921902127,1.4167636573307547,False,,False,27.776397150324073,,,,,,,,,19.546105090983446,12.508567511994517,6.873230575652722,-1.2452249838765694,18.7328662808407,-3.3701250919793924,2.40630965538029,1.748108771212431,-1.2452249838765694,True,False
SHMD,vcp,4.718999862670898,4.251999855041504,4.489999771118164,,,,,,False,,,,2.0,15%->10%,14.558230960959964,9.896164891284357,0.4363842637391972,5.0,-4.8527251158495055,5.300666552537262,False,,False,136.77641519469907,,,,,,,,,,,,,,,,,,False,False
SKK,vcp,4.710000038146973,4.28000020980835,5.079999923706055,,,,,,True,,,,2.0,24%->9%,23.69485332305095,9.129507958725949,0.26704278326281145,9.0,7.8556238335965896,15.748026100639676,False,,False,,,,,,,,,,,,,,,,,,,False,False
SLS,vcp,12.0,11.109999656677246,11.3100004196167,,,,,,False,,,,2.0,11%->7%,10.614524756982393,7.416669527689616,0.5541238734488863,5.0,-5.749996503194174,1.7683532760313658,False,,False,33.776392066875,,,,,,,,,,,,-100.0,,,,,-100.0,False,False
SMTC,vcp,185.0,167.11000061035156,193.77999877929688,,,,,,True,,,,2.0,15%->10%,14.729333781449542,9.670269940350506,0.6819170808631255,12.0,4.745945286106419,13.76302938226393,False,-141.97530864197532,False,45.776393591122684,22.72727272727273,-141.97530864197532,,,,,,-240.9090909090909,16.098779377080596,9.287853154462633,12.81177323131888,19.61647542958831,6.074734091842338,2.7741157226033764,3.7358882371628432,2.660393192511612,9.287853154462633,True,False
SND,vcp,5.480000019073486,5.084000110626221,5.21999979019165,,,,,,False,,,,2.0,9%->7%,8.623849663125473,7.226275676440929,0.45227312314927715,15.0,-4.744529707607458,2.605357950798625,False,-70.00000000000004,False,33.77637084552083,-53.70370370370371,,-70.00000000000004,,,-433.3333333333338,-62.50000000000006,-85.18518518518519,13.533287366888835,-42.195923180592985,-46.84582625296326,-64.3644390318161,7.974499089253184,8.339582428858971,8.236148489897044,-10.330958400367729,-64.3644390318161,True,False
SNOW,vcp,348.6099853515625,316.6300048828125,332.8500061035156,,,,,,False,,,,2.0,17%->9%,17.451109261913608,9.173569838081134,0.5363691521158561,23.0,-4.5208054589008455,4.873066223005789,False,,False,54.7763651696875,,,,,,,,,35.094749290155455,33.47910033260595,30.120899500390163,28.746069925081798,11.203989213135479,8.330023349018756,5.8607034822892645,5.933785106845679,28.746069925081798,True,False
SNX,vcp,280.6099853515625,254.24000549316406,271.5199890136719,,,,,,False,,,,2.0,19%->9%,18.6564890330482,9.397377582754505,0.3824964466789707,10.0,-3.239370233565357,6.364166256517384,False,32.45614035087716,True,90.44299862796296,89.05109489051092,87.78280542986427,104.04040404040403,32.45614035087716,24.819277108433724,2.722772277227725,33.77483443708611,10.218978102189746,37.74526027984035,30.967485965604236,18.094852862089784,9.685196114275918,10.133394377764926,14.064373594430869,-1.2540436408245759,11.042261785949513,9.685196114275918,True,False
SON,vcp,51.15999984741211,47.380001068115234,47.7400016784668,,,,,,False,,,,2.0,20%->7%,20.35146417976922,7.388582467886938,0.7821297625934127,31.0,-6.684906526868003,0.7540858770307529,False,23.636363636363633,False,12.776336028113427,23.636363636363633,,141.17647058823528,439.1304347826087,-79.57957957957957,170.7317073170732,-75.2016129032258,801.8181818181818,-1.918175925037502,66.95478089248364,57.31774655040556,49.39314248268496,-5.177332723973627,-17.039586919104988,11.550579159471553,11.77215678657264,-1.918175925037502,True,False
SRCE,vcp,91.23999786376953,82.9800033569336,84.44000244140625,,,,,,False,,,,2.0,13%->9%,12.557710903001096,9.053041100646384,0.8490617203601257,78.0,-7.452866704925132,1.7290372362148663,False,7.2368421052631415,True,13.776335548923612,29.13907284768211,7.2368421052631415,31.49606299212593,21.27659574468086,19.631901840490794,-2.395209580838331,-2.3391812865497075,13.245033112582782,,,,,,,,,,False,False
STAK,vcp,1.1399999856948853,1.031000018119812,1.0800000429153442,,,,,,False,,,,2.0,18%->10%,18.461539872299337,9.561400784459877,0.3310227770477442,8.0,-5.2631529414422,4.537039152633913,False,,False,,,,,,,,,,,,,,,,,,,False,False
STM,vcp,52.777834790784475,47.447144300532784,56.18000030517578,,,,,,True,,,,3.0,28%->15%->10%,28.032467062946232,10.100244754986578,0.4801961417557141,54.0,6.446201379571104,15.544421426139529,False,,False,20.44298709425926,,,,,,,,,,,,,,,,,,False,False
STRZ,vcp,24.209999084472656,21.489999771118164,23.530000686645508,,,,,,False,,,,2.0,26%->11%,26.44320402456949,11.235024437068207,0.6760040238334752,11.0,-2.8087502005040252,8.669786893313395,False,-1076.923076923077,False,20.77633616773148,,,,-1076.923076923077,,,,,-6.866303690260134,-68.37712519319939,-7.494955318535601,-8.026467203682397,0.325839035516462,-4.3627298223745665,0.3753518923991228,-3.2970356926799727,-68.37712519319939,True,False
STX,vcp,903.0,780.9000244140625,807.5700073242188,,,,,,False,,,,2.0,16%->14%,16.33733333453723,13.521591980723976,0.7175613401419852,4.0,-10.568105501193937,3.3024979467134834,False,67.74193548387098,True,18.77631755150463,150.00000000000006,108.28025477707004,67.74193548387098,72.3404255319149,71.25382262996939,25.769230769230766,6.995884773662553,8.482142857142904,48.48608837970541,44.07407407407406,21.505376344086024,21.26383763837638,16.613110539845756,10.159292035398227,7.455306200076084,7.569558101472995,21.26383763837638,True,True
SU,vcp,72.05999755859375,65.86000061035156,68.13999938964844,,,,,,False,,,,3.0,19%->11%->9%,19.15058657138912,8.603937216623992,0.7073859763325897,87.0,-5.4399088284146355,3.346050483885451,False,,False,25.776333512245373,,,,,,,,,,,,,,,,,,False,False
SUNE,vcp,2.4200000762939453,2.25,2.3399999141693115,,,,,,False,,,,5.0,40%->29%->13%->10%->7%,40.24640340424532,7.024796319605415,0.0018751267717029509,20.0,-3.3057917191121846,3.8461503192516595,False,-99.79591122766577,False,32.44299756777778,,,-99.79591122766577,,,-101.13647125674781,,,-37.52427807971278,-43.06674765867313,76.9849851217093,29.047002843925963,13.4483961176179,-73.56051132117567,43.26377003328905,45.38630372618291,-43.06674765867313,True,False
TCMD,vcp,23.299999237060547,21.610000610351562,22.020000457763672,,,,,,False,,,,3.0,24%->15%->7%,24.379420326572692,7.253213227667852,0.46193557716640754,45.0,-5.49355717257249,1.8619429558983238,False,12.5,False,24.77630221398148,142.85714285714283,,12.5,71.42857142857142,,-117.77777777777779,25.0,157.1428571428571,8.609086876623785,22.848795456029247,21.042238710054328,17.323136278439797,13.858663159153405,-27.34424773635539,20.80228558101569,8.681325644762694,8.609086876623785,True,False
TER,vcp,451.8599853515625,404.79998779296875,411.7799987792969,,,,,,False,,,,2.0,15%->10%,15.378033262008541,10.414730023500415,0.7132950237679764,18.0,-8.870001299425093,1.6950825700665528,False,-15.73033707865169,True,12.776289320381943,385.71428571428567,314.75409836065575,82.02247191011234,-15.73033707865169,-5.928853754940711,56.17283950617282,116.00000000000001,53.06122448979591,,,,,7.575783454696938,4.6785914362566405,-27.769080543721415,,,False,False
TGB,vcp,9.100000381469727,8.420000076293945,8.520000457763672,,,,,,False,,,,4.0,17%->12%->10%->7%,17.486333273229267,7.472530512860874,0.7060205713280069,21.0,-6.373625268050591,1.1737133344705786,False,,False,33.776286577546294,,,,,,,,,,,,,,,,,,False,False
THC,vcp,283.04998779296875,248.86000061035156,259.8299865722656,,,,,,False,,,,2.0,14%->12%,14.495508516305605,12.079133954114413,0.6718177640204918,65.0,-8.203498400320345,4.22198611739643,False,-21.06339468302658,True,20.442925551597224,213.37579617834393,87.58782201405153,11.345646437994649,-21.06339468302658,22.846441947565555,89.81042654028433,9.326424870466333,22.92993630573248,6.7729083665338585,2.7761822707256467,9.164526960300211,3.1798673429574764,4.843517138599096,-2.8767866835534672,4.499905464170917,0.34149117814457064,2.7761822707256467,True,False
TIGO,vcp,97.19999694824219,82.69999694824219,90.7699966430664,,,,,,False,,,,2.0,20%->15%,19.621018558735905,14.917695941617234,0.5724389758116273,43.0,-6.615226859111608,8.890602614603772,False,,False,27.442924822673614,,,,,,,,,,,,,,,,,,False,False
TNK,vcp,103.16000366210938,92.54000091552734,102.12000274658203,,,,,,False,,,,2.0,12%->10%,12.272346111464772,10.29469016050719,0.8119171986844651,32.0,-1.0081435426599694,9.381121791416454,False,,False,26.776267083680555,,,,,,,,,,,,,,,,,,False,False
TRLV,vcp,11.300000190734863,10.390000343322754,10.779999732971191,,,,,,False,,,,2.0,21%->8%,20.997680498902206,8.053095858867682,0.721977031679645,10.0,-4.601773884836148,3.617805188395358,False,,False,27.44293310236111,,,,,,,,,-10.306336606132028,-3.6962654486835,-2.6558634544820547,1.3729228517960879,-5.510646756453264,-2.1808171327013404,1.7211046993792278,-4.6010076600703105,-10.306336606132028,True,False
TRV,vcp,383.989990234375,353.7900085449219,360.6099853515625,,,,,,False,,,,2.0,10%->8%,9.987456387691163,7.86478357704586,0.7365441483232987,50.0,-6.088701653014993,1.8912334887209952,False,22.321428571428605,True,7.442932876712963,57.1209800918836,357.64705882352945,22.321428571428605,52.02952029520296,31.87660668380463,-29.014598540145986,33.00970873786409,26.186830015313944,0.305381313965003,0.9652836579170154,3.530979347101937,4.754704301075274,1.9204964776920574,-4.086229086229087,-0.30473135525260764,2.921756355232752,0.305381313965003,True,False
TSAT,vcp,49.25,45.5099983215332,46.7400016784668,,,,,,False,,,,3.0,13%->10%->8%,13.10410123325122,7.593912037496034,0.652602523659306,11.0,-5.096443292453205,2.631586035009191,False,,False,32.442944451956016,,,,,,,,,,,,,,,,,,False,False
TWN,vcp,108.2699966430664,99.41000366210938,101.91000366210938,,,,,,False,,,,2.0,13%->8%,12.606818882537329,8.183239360545805,0.7172485825126828,26.0,-5.874197079661888,2.4531448436494485,False,,False,,,,,,,,,,,,,,,,,,,False,False
TYRA,vcp,22.6200008392334,19.600000381469727,20.389999389648438,,,,,,False,,,,2.0,22%->13%,22.106822280662684,13.351018327663427,0.7299229426283788,12.0,-9.858538314981498,3.874443510674044,False,,False,26.77625114773148,,,,,,,,,,,,,,,,,,False,False
UMAC,vcp,23.360000610351562,20.639999389648438,21.8799991607666,,,,,,False,,,,2.0,16%->12%,16.40807345585594,11.643840537820044,0.722202894068834,5.0,-6.335622478233691,5.6672752224855145,False,,False,27.442914189479165,,,,,-176.19047619047618,,-620.0,,687.3212427670824,296.4077755471772,144.42714030227305,39.400390788263806,106.55639516413129,65.27649361755641,129.47561777729476,0.499912898958077,39.400390788263806,True,False
VATE,vcp,7.659999847412109,7.039999961853027,7.300000190734863,,,,,,False,,,,2.0,13%->8%,13.447436924589315,8.093993445294203,0.7209086694483079,11.0,-4.699734514993105,3.5616468779251185,False,,False,34.77619906996528,,,,,,,,,-35.464961364241944,-15.103036876355747,-0.8493236866939258,-11.800635230881994,-22.644522516767807,-0.6662436548223405,-12.686980609418285,-3.8102851052491338,-35.464961364241944,True,False
VELO,vcp,10.0,8.899999618530273,9.100000381469727,,,,,,False,,,,2.0,24%->11%,24.052866996971265,11.000003814697266,0.44581845434907197,3.0,-8.999996185302734,2.1978104896205655,False,-102.31326644370122,False,31.77619599244213,,,-102.31326644370122,,,,,,52.254641909814325,48.240343347639495,14.477991997089855,31.863882443928837,49.565720903300516,46.34043003919077,-30.784457478005866,0.5010315355142847,14.477991997089855,True,False
VIR,vcp,11.720000267028809,10.329999923706055,11.520000457763672,,,,,,False,,,,2.0,14%->12%,14.32160886300532,11.860070918540512,0.796176101999673,24.0,-1.7064829753270954,10.329865336555958,False,,False,26.776178503402775,,,,,,,,,417.77921448197833,-89.91596638655463,-60.520325203252035,-94.62182489002412,26595.833333333332,-80.23064250411862,-59.96042216358839,-75.49700985938259,-94.62182489002412,True,False
VMD,vcp,9.390000343322754,8.595000267028809,9.369999885559082,,,,,,False,,,,2.0,31%->8%,31.093117684024772,8.466454177067963,0.5744544828507704,50.0,-0.21299741248565807,8.271073938055137,False,-12.49999999999999,True,26.776179768229166,-12.49999999999999,0.0,39.99999999999997,-10.000000000000009,16.666666666666675,-57.14285714285715,55.55555555555558,12.5,23.85340015224562,27.541477109371026,25.51445753356949,23.981104751396455,3.5576948577187295,-1.0068127223323398,5.933476096448542,14.047830499873125,23.85340015224562,True,False
VRA,vcp,5.21999979019165,4.829999923706055,4.980000019073486,,,,,,False,,,,2.0,13%->7%,12.663754003662275,7.471262110362595,0.8236252083017724,12.0,-4.597696949511803,3.0120500962435477,False,,False,62.44284218935185,,,,,,-269.99999999999983,,,1.1163171413248962,7.832584791698927,-39.162778697512415,-11.67657449314019,28.629133603820335,-34.381773631137506,36.359693508746574,-12.144006322504165,-39.162778697512415,True,False
VRT,vcp,258.1000061035156,239.63999938964844,246.49000549316406,,,,,,False,,,,2.0,23%->7%,23.140906390792164,7.152268995477463,0.582701882270377,21.0,-4.498256619837182,2.7790198185969035,False,53.0120481927711,True,12.442836666354166,53.0120481927711,135.71428571428572,200.00000000000006,121.73913043478262,28.282828282828287,-13.157894736842113,11.764705882352944,22.89156626506026,24.11584094613548,30.13261296660117,22.741220593249235,29.047504219918018,23.581807888280814,-8.003472222222218,7.631362583152712,1.429058792312654,22.741220593249235,True,True
WASH,vcp,39.94241340158059,36.59000015258789,37.439998626708984,,,,,,False,,,,2.0,18%->8%,18.238986380994962,8.393116398069317,0.3413312693498452,119.0,-6.265056519525629,2.2702951530418085,False,-12.49999999999999,False,10.77616292599537,22.058823529411754,4.761904761904767,,-12.49999999999999,25.757575757575736,-21.42857142857141,49.99999999999996,-17.647058823529406,-2.7379857186664913,-10.928033176553885,-2.311856490818387,-6.363445441180882,0.8482756271221081,-4.314803546592493,-1.706717932286661,2.543041135497437,-10.928033176553885,True,False
WAT,vcp,426.2200012207031,392.95001220703125,435.989990234375,,,,,,True,,,,2.0,10%->8%,9.989048460581818,7.805825376187396,0.780756697115878,65.0,2.2922408581695883,9.871781231538542,True,-156.27530364372467,True,25.442829711226853,-156.27530364372467,-142.85714285714286,-3.0927835051546615,-7.749077490774903,,-123.13829787234043,50.4,1.2145748987854255,113.35927367055771,91.38972809667673,6.839010259947709,8.04830441507216,29.834254143646397,35.88603162380053,16.56633999552437,3.7466926070038875,6.839010259947709,True,False
WELL,vcp,243.0399932861328,220.8699951171875,221.1199951171875,,,,,,False,,,,2.0,12%->9%,11.61833653292256,9.12195473229972,0.7664116011807526,50.0,-9.01909100332254,0.11306078397275059,False,-43.83561643835616,True,17.776138924791667,154.99999999999997,-35.00000000000011,-43.83561643835616,7.14285714285714,684.6153846153853,-68.29268292682929,-8.888888888888902,12.5,49.14916895946968,45.07542519970169,36.37692818638671,41.448309368032255,8.797903955005616,23.997729665222643,4.5826475715407655,5.712646082390727,36.37692818638671,True,False
WLY,vcp,49.63174570004176,45.65128338441383,48.79999923706055,,,,,,False,,,,2.0,15%->8%,15.14323257486185,8.019992566218727,0.4364748026207485,24.0,-1.6758355992715266,6.452286684167537,False,-204.54545454545453,False,55.442771975590276,-204.54545454545453,103.2,,13.513513513513509,-109.05511811023622,353.57142857142856,-33.33333333333333,281.8181818181818,-2.6307963709677473,1.2115351157646392,1.3370371651846291,-1.1355032290580103,-13.747346190681364,9.244310255684862,-2.7777053284995135,6.288054435483881,-2.6307963709677473,True,False
WST,vcp,360.2900085449219,331.989990234375,366.4800109863281,,,,,,True,,,,2.0,16%->8%,15.733165792242696,7.85478854238567,0.28477729826561354,53.0,1.7180610881787648,9.411160150079729,True,2.2471910112359605,True,20.44276873574074,18.13186813186811,56.09756097560976,2.2471910112359605,3.7837837837837673,11.979166666666675,5.494505494505475,-5.208333333333314,5.494505494505497,13.803000652315722,21.0458452722063,7.505341880341887,7.725264426295353,3.2429873357793904,4.956521739130437,0.0497141436738735,4.9706457925636105,7.505341880341887,True,False
WT,vcp,25.030000686645508,23.110000610351562,23.3700008392334,,,,,,False,,,,2.0,17%->8%,16.634502089249782,7.670795140322713,0.6809865155283574,23.0,-6.632040758583697,1.1125383805949605,False,-200.0,False,21.442776691215276,64.70588235294119,-200.0,39.99999999999997,,,-160.71428571428572,115.38461538461537,-23.529411764705888,,,,,,,,,,False,False
WTS,vcp,392.89207047582164,343.2200012207031,348.260009765625,,,,,,False,,,,2.0,15%->13%,15.314034693028706,12.642675428639203,0.755758197362581,69.0,-11.359878211882434,1.4471970377287198,False,17.27574750830565,True,26.77610702517361,17.27574750830565,34.389140271493225,23.762376237623783,18.93203883495147,18.855218855218837,18.80000000000002,2.0408163265306145,-18.604651162790688,18.564548702811877,21.37992831541218,15.673575129533667,12.527593818984538,12.682710763324966,8.35066389377699,2.190616315187177,-4.971259903681835,12.527593818984538,True,False
ZGN,vcp,12.989999771118164,12.050000190734863,12.1899995803833,,,,,,False,,,,2.0,19%->7%,18.68759453415392,7.236332539999626,0.7649480286538698,31.0,-6.158585102623141,1.1484773951406106,False,,False,160.4427734520023,,,,,,,,,,,,,,,,,,False,False
