ticker,pattern_type,entry_price,stop_price,last_close,ribbon_width_pct,squeeze_days_ago,expanding,breakout,n_contractions,contraction_pcts,first_contraction_pct,final_contraction_pct,volume_dryup_ratio,base_len,pole_gain_pct,pole_len,flag_len,retracement_pct,volume_ratio,extension_pct,risk_pct,is_lre,eps_min_yoy_pct,eps_full_history_available,days_to_earnings,eps_yoy_q1_pct,eps_yoy_q2_pct,eps_yoy_q3_pct,eps_yoy_q4_pct,eps_qoq_q1_pct,eps_qoq_q2_pct,eps_qoq_q3_pct,eps_qoq_q4_pct,revenue_yoy_q1_pct,revenue_yoy_q2_pct,revenue_yoy_q3_pct,revenue_yoy_q4_pct,revenue_qoq_q1_pct,revenue_qoq_q2_pct,revenue_qoq_q3_pct,revenue_qoq_q4_pct,revenue_min_yoy_pct,revenue_full_history_available,passes_growth
BURU,bull_flag,1.25,0.8799999952316284,1.0399999618530273,,,,False,,,,,,,3548.6486660641767,10.0,6.0,35.7958888230398,0.5700196617586187,-16.800003051757812,15.384612739438744,False,,False,,,,,,,,,,,,-100.0,,28.77093738654315,,,,-100.0,False,False
OPTT,bull_flag,2.5999999046325684,1.75,2.119999885559082,,,,False,,,,,,,1505.8823472694542,7.0,6.0,38.28125048657966,0.04115939979243873,-18.461539872299337,17.452825732653583,False,,False,82.84062084689815,,,,,-211.30434782608694,,,,-38.01652892561983,22.672064777327925,162.5,25.581395348837212,-0.990099009900991,-57.56302521008403,-5.555555555555558,56.19834710743801,-38.01652892561983,True,False
SWVL,bull_flag,5.989999771118164,3.880000114440918,4.050000190734863,,,,False,,,,,,,277.39726609015094,15.0,6.0,40.24691451051903,0.05058717767368046,-32.38730641923143,4.197532550315737,False,,False,,,,,,,,,,,,,,,,,,,False,False
INDP,bull_flag,4.090000152587891,2.9000000953674316,3.990000009536743,,,,False,,,,,,,247.78761799477945,11.0,3.0,36.78571232423495,0.49259697961436855,-2.4449911814275547,27.31829352290817,False,-101.90114068441063,False,,,,-101.90114068441063,,,,,,,,,,,,,,,False,False
RFAI,bull_flag,54.70000076293945,25.0,36.0,,,,False,,,,,,,220.00000000000003,15.0,9.0,31.818181818181817,0.0841707225758143,-34.18647258156739,30.555555555555557,False,,False,,,,,,,,,,,,,,,,,,,False,False
IGR,bull_flag,12.73169280374991,12.051749012022691,12.25,,,,False,,,,,,,191.1669203969298,14.0,9.0,8.357058213278583,0.7616700701644151,-3.783415223528134,1.6183754120596625,False,,False,,,,,,,,,,,,,,,,,,,False,False
CAPR,bull_flag,11.0,8.180000305175781,9.34000015258789,,,,False,,,,,,,157.40259981533399,15.0,15.0,28.547847501180485,0.23681287891833977,-15.090907703746447,12.41969837752841,False,,False,48.84132499400463,,,,,,,,,-7.921690517003965,-63.4382475774409,1.3777014586210834,64.29114312270147,392.14278829275366,-43.0523150556549,-19.06383632603793,-59.40733891022807,-63.4382475774409,True,False
MRNA,bull_flag,187.1999969482422,130.3800048828125,182.55999755859375,,,,False,,,,,,,154.69705307864396,15.0,14.0,25.496262777504963,0.3686562238260583,-2.4786321929969493,28.582380244080447,False,-1800.0,False,43.50743475517361,,,,-1800.0,,,,,2.1126760563380254,260.18518518518516,-29.81366459627329,-45.43501611170784,-62.724935732647815,-42.62536873156342,-33.26771653543307,615.4929577464789,-45.43501611170784,True,False
QMCO,bull_flag,26.5,21.719999313354492,25.649999618530273,,,,False,,,,,,,106.5365065807982,15.0,15.0,20.796817296293078,0.36864346965386696,-3.2075486093197227,15.321638844534874,False,,False,47.840557938541664,,,,,,,,,25.692996920013698,27.310121933303954,8.59297653019626,-12.709127856804836,3.601559094289297,4.569222106025261,18.92848600813202,-2.4437669165914833,-12.709127856804836,True,False
VNCE,bull_flag,11.25,8.670000076293945,10.140000343322754,,,,False,,,,,,,95.22861402024425,5.0,3.0,24.008345348005054,0.5152036879145652,-9.866663614908854,14.497043562693879,False,-38.235294117647065,False,76.5069319082176,-13.978494623655912,,,-38.235294117647065,,,-233.33333333333334,-77.41935483870968,11.66969320462583,10.532856920925893,4.699186991869908,6.192460267957389,27.723900991645188,-23.501021419952927,-1.6669407701524808,16.22724976447618,4.699186991869908,True,False
PURR,bull_flag,14.760000228881836,10.545000076293945,13.949999809265137,,,,False,,,,,,,83.3832382454819,11.0,15.0,30.610410613281907,0.8447127173383745,-5.487807635881466,24.40860057008532,False,,False,54.50722928980324,,,,,1306192.0792079207,,,,,,,,425.2,,,,,False,False
HTFL,bull_flag,52.22100067138672,45.40999984741211,50.16999816894531,,,,False,,,,,,,71.68653742663125,15.0,15.0,23.669200460990957,0.8285117310689708,-3.92754347115605,9.487738679009142,False,,False,49.84100307704861,,,,,,-106.98689956331877,,,47.57277081798084,41.34390538906061,49.17410578733224,49.01783989180137,21.859014585353798,7.038612632050323,6.165182816146597,6.567796610169485,41.34390538906061,True,False
IRD,bull_flag,6.579999923706055,5.039999961853027,5.159999847412109,,,,False,,,,,,,67.67956805401695,7.0,8.0,42.04081998075914,0.2853349301124916,-21.58054852216713,2.3255792462719835,False,,False,49.50759080710648,,,,,,,,,-73.8029146426093,-50.64073226544623,-10.1580660158066,-20.37755365916731,-64.99768196569309,-44.191461836998705,25.527768756089642,6.835530881332419,-73.8029146426093,True,False
ARX,bull_flag,19.899999618530273,19.510000228881836,19.790000915527344,,,,False,,,,,,,63.87042861086325,15.0,15.0,2.860849484513581,0.2240469410115699,-0.5527573121182486,1.4148593920772268,False,-1525.0000000000007,False,49.508153124386574,800.0,-166.66666666666669,-1525.0000000000007,,,,,-17575.0,62.89365586490187,53.53932584269663,61.6135328562134,105.53420445810913,30.5890962312477,10.024154589371982,-7.10545998504114,22.0447284345048,53.53932584269663,True,False
AMLX,bull_flag,35.310001373291016,31.3700008392334,33.0,,,,False,,,,,,,60.94260936681724,12.0,13.0,23.88974357701146,0.29917413521289193,-6.542059709570935,4.939391396262429,False,,False,43.508190140324075,,,,,,,,,,-100.0,,-100.0,,,,,-100.0,False,False
AOUT,bull_flag,17.0,15.8100004196167,16.68000030517578,,,,False,,,,,,,60.05025624127136,10.0,3.0,1.924682238930276,0.30237108950246344,-1.8823511460248161,5.215826556604572,False,-3300.0,False,78.84148478834491,,,-3300.0,-33.33333333333333,,,-300.0,,25.425897245976703,-24.027315876142197,-3.297154089394072,-5.035529286757868,-20.83554686669925,-16.821620475113118,-1.0891798807671438,92.57625749107805,-24.027315876142197,True,False
ETON,bull_flag,62.38999938964844,53.599998474121094,57.09000015258789,,,,False,,,,,,,51.86274569385652,14.0,13.0,39.50850978561798,0.555762887875337,-8.49494997420998,6.113157591765385,False,150.0,False,50.8411347341088,,150.0,,,599.9999999999999,,,,98.58939137785292,40.411989353084145,82.71657937666352,117.5416505230531,54.90398087859556,14.026596494525624,-5.245113317600958,18.65490278951818,40.411989353084145,True,False
AVAH,bull_flag,14.710000038146973,13.020000457763672,13.220000267028809,,,,False,,,,,,,50.39106508374487,15.0,14.0,9.75608776171592,0.7635484382160935,-10.129162251897997,1.5128578307516678,False,38.46153846153846,False,43.50814251549768,38.46153846153846,533.3333333333334,453.3333333333334,,-5.263157894736848,-77.10843373493977,1283.3333333333335,-53.846153846153854,13.727349364688157,15.859655522652826,27.43136772128525,22.18347697451786,3.48317294706868,-2.1985569375679304,6.517971129140654,5.493823286456001,13.727349364688157,True,False
TITN,bull_flag,26.440000534057617,22.520000457763672,24.170000076293945,,,,False,,,,,,,48.135582955760945,13.0,11.0,43.42722400358367,0.6134464505737315,-8.58547810859407,6.826643000918321,False,-28.57142857142857,False,62.50700168520833,,,,-28.57142857142857,,,-3279.9999999999995,,-9.158056168630335,-12.1067880794702,-15.539246842763921,-5.194579773588459,-4.976635827107034,-18.61132534062493,-0.41504398690478395,17.95009754294268,-15.539246842763921,True,False
ANF,bull_flag,150.0,133.89999389648438,136.2100067138672,,,,False,,,,,,,47.10776346632819,15.0,9.0,37.33060826634637,0.49584289758258415,-9.193328857421875,1.6959200525078866,False,-7.547169811320764,True,63.50818866453704,43.29896907216495,-7.547169811320764,1.4084507042253946,-5.600000000000005,183.6734693877551,-59.16666666666668,52.54237288135597,-18.900343642611695,4.809773614880508,1.5045871225204177,5.355800966233559,6.753953378341482,13.724646958532837,-33.29622314501959,29.37993319484682,6.789815979347313,1.5045871225204177,True,False
RCMT,bull_flag,42.5099983215332,38.84000015258789,40.79999923706055,,,,False,,,,,,,46.98456345057285,14.0,14.0,22.985063749580455,0.7660763304521169,-4.022580926818023,4.803919414518757,False,-14.28571428571428,True,42.84047539032407,36.00000000000001,-3.703703703703709,110.52631578947363,-14.28571428571428,30.76923076923077,-35.0,166.66666666666669,-40.0,20.021492720620216,-1.698767653569777,12.434990638651966,16.439990060465504,12.979599701341549,-3.9756695499329253,23.0292079841796,-10.077271447944113,-1.698767653569777,True,False
CNH,bull_flag,14.359999656677246,13.279999732971191,13.670000076293945,,,,False,,,,,,,43.569292142588665,13.0,11.0,25.62928867023971,0.619073610985467,-4.805011120334243,2.852965187608736,False,-90.0,True,47.507954940081014,-35.29411764705883,-90.0,-42.8571428571429,-75.0,1000.0,-87.5,33.33333333333328,-64.70588235294117,3.0340711265854248,-0.06305170239596647,7.7984984257689405,-7.380535401551159,30.69400630914827,-28.780049427095033,20.232306861156136,-7.933349912956977,-7.380535401551159,True,False
KRSA,bull_flag,35.474998474121094,31.15999984741211,34.97999954223633,,,,False,,,,,,,43.3673493385182,7.0,3.0,25.09805080204004,0.4597855800893194,-1.395345886331372,10.920525285347102,False,-160.8695652173913,False,,,,-160.8695652173913,,,,,,-90.48640915593705,-75.42997542997543,,,-66.75,-46.59546061415221,-26.13412228796844,-27.467811158798284,-90.48640915593705,False,False
FEIM,bull_flag,89.5999984741211,82.51000213623047,85.05000305175781,,,,False,,,,,,,42.761731292951175,6.0,6.0,11.675118283913566,0.8375706428977812,-5.078119977510315,2.986479511331243,False,-251.51515151515147,True,78.8411662997338,485.7142857142856,-251.51515151515147,-90.0,-35.71428571428572,,-412.5,-11.111111111111105,157.1428571428571,,,-100.0,-100.0,,,,,-100.0,False,False
RCEL,bull_flag,11.8100004196167,9.600000381469727,11.489999771118164,,,,False,,,,,,,42.67515853924549,15.0,11.0,47.76117830877669,0.7408763416593243,-2.7095735573980697,16.449081177523034,False,,False,43.840499200069445,,,,,,,,,17.90299572039944,4.0327421555252485,-4.288381287063469,-12.875116015262456,12.72031053294167,9.368366703000408,3.1603243179262552,-7.2917809722374605,-12.875116015262456,True,False
VRA,bull_flag,4.579999923706055,4.059999942779541,4.289999961853027,,,,False,,,,,,,39.34426447359092,5.0,3.0,15.833337472544612,0.17749988804514022,-6.331877001831137,5.361305853581869,False,,False,78.50692990416667,,,,,,-269.99999999999983,,,1.1163171413248962,7.832584791698927,-39.162778697512415,-11.67657449314019,28.629133603820335,-34.381773631137506,36.359693508746574,-12.144006322504165,-39.162778697512415,True,False
OKTA,bull_flag,198.0850067138672,180.5500030517578,196.6199951171875,,,,False,,,,,,,38.70703726234481,12.0,6.0,11.339600297726754,0.8481972421473257,-0.7395873221217037,8.173121993951739,False,19.999999999999996,False,69.84067465488425,75.67567567567568,19.999999999999996,133.3333333333334,,54.761904761904766,19.99999999999997,45.83333333333337,-35.13513513513513,10.576923076923084,11.191860465116289,11.58357771260996,11.578947368421044,5.228758169934644,0.5256241787122251,2.5606469002695365,1.9230769230769162,10.576923076923084,True,False
DELL,bull_flag,595.510009765625,547.7100219726562,548.9199829101562,,,,False,,,,,,,38.447064568014696,11.0,3.0,24.902078556791448,0.7294654863626359,-7.823550585456187,0.22042574057611575,False,39.02439024390243,True,65.84121925394676,272.94117647058823,282.4817518248175,55.60747663551404,39.02439024390243,20.992366412213737,57.357357357357365,46.05263157894739,34.11764705882352,57.747850617947336,87.53528958850201,39.48017216163136,10.830665681687602,7.13699192555084,31.346055903412328,23.603036474726903,-9.306152606125739,10.830665681687602,True,False
PRE,bull_flag,25.010000228881836,21.549999237060547,22.899999618530273,,,,False,,,,,,,35.058438425911916,13.0,9.0,43.17461470807732,0.5370165642263931,-8.436627713081384,5.89519827055949,False,,False,48.50722717931713,,,,,,,,,,,,,,,,,,False,False
AGRO,bull_flag,12.789999961853027,10.920000076293945,10.930000305175781,,,,False,,,,,,,34.904609019211776,12.0,14.0,35.369780244042445,0.7382282144543431,-14.54260877423621,0.0914933998409903,False,,False,49.84156301424768,,,,,,,,,,,,,,,,,,False,False
NRXS,bull_flag,7.809999942779541,7.110000133514404,7.309999942779541,,,,False,,,,,,,34.094904001954276,5.0,3.0,26.804121937581034,0.4477383158328186,-6.402048702474797,2.7359755243594317,False,,False,,,,,,,,,,115.71694445500769,79.5203510280186,27.190162448352197,21.71970748171761,19.952446788727784,66.08182604141813,19.3135686591555,-9.246537805088106,21.71970748171761,True,False
HBIO,bull_flag,8.369999885559082,7.849999904632568,7.920000076293945,,,,False,,,,,,,32.90112978718997,15.0,13.0,17.24137688039466,0.6350825861255309,-5.376341880739209,0.8838405427659108,False,106799.99999999991,False,43.50766326366898,,,106799.99999999991,,,-107.20299345182414,,,11.134474327628352,-4.679893450904748,-3.3433784003909395,-6.276741010468823,9.501324981932058,-12.555298082999789,15.268806760235055,0.6894865525672422,-6.276741010468823,True,False
EPRX,bull_flag,8.770000457763672,7.929999828338623,8.579999923706055,,,,False,,,,,,,32.807568984947586,7.0,7.0,23.557705092712737,0.5093365601656854,-2.1664826013711163,7.575758754630267,False,,False,41.84121376881944,,,,,,,,,,,,,,,,,,False,False
CMDB,bull_flag,24.760000228881836,22.559999465942383,22.75,,,,False,,,,,,,31.37685882794836,15.0,11.0,24.300716789466104,0.794740575811425,-8.117932997986115,0.8351671826708448,False,,False,51.507996950590275,,,,,,,,,,,,,,,,,,False,False
MGRT,bull_flag,121.9800033569336,116.98999786376953,119.5,,,,False,,,,,,,29.85476160419045,11.0,8.0,13.369366070171735,0.30984572230014024,-2.033122879720453,2.100420197682401,False,,False,,,,,,,,,,,,,,,,,,,False,False
MOVE,bull_flag,11.75,10.010000228881836,10.90999984741211,,,,False,,,,,,,29.56926561971953,13.0,7.0,44.09448434566114,0.3963923117799813,-7.148937468833112,8.249309176147756,False,-195.37444933920702,False,,,,-195.37444933920702,,,,,,,,,,,,,,,False,False
OABI,bull_flag,4.925000190734863,3.890000104904175,4.920000076293945,,,,False,,,,,,,28.106502281059086,15.0,11.0,46.31577969918094,0.43386103053118563,-0.10152516238119977,20.93495844344847,False,,False,42.84069724142361,,,,,,,,,244.23915832691816,247.30380356283098,-22.473158089596446,-46.332694151486095,-7.014625355236714,72.24212034383955,274.09557838320677,-42.54554785732615,-46.332694151486095,True,False
DBI,bull_flag,6.639999866485596,5.949999809265137,6.389999866485596,,,,False,,,,,,,26.796118230798992,6.0,6.0,42.02901104672658,0.8173683363622596,-3.7650603166701484,6.885760037776846,False,45.83333333333333,False,76.50793872322916,47.61904761904763,,,45.83333333333333,1450.0,,-202.85714285714283,66.66666666666666,-1.2292390232036432,1.3744178632104198,0.002382380474563739,-3.1887791207858007,4.957851655058509,-2.4158163873041816,-5.159680015310785,1.6812843763936325,-3.1887791207858007,True,False
FDMT,bull_flag,16.229999542236328,12.9399995803833,15.880000114440918,,,,False,,,,,,,26.660675240774935,15.0,15.0,39.39395107039531,0.6279914425693702,-2.1564968432967917,18.513857133943258,False,,False,48.84115940109954,,,,,,-334.88372093023247,,,25106.666666666668,21664.285714285714,8508900.0,2900.0,24.089268132589424,-96.41908567399224,94444.44444444445,500.0,2900.0,True,False
MRVI,bull_flag,7.514999866485596,6.485000133514404,7.460000038146973,,,,False,,,,,,,26.584511875302375,15.0,10.0,46.68872959232008,0.49031540109032024,-0.7318673228978223,13.069703748617586,False,,False,43.840769014386574,,,,,,,,,8.534295419541316,40.52721451440768,-11.832101559461083,-39.688518652662076,-21.864605009341254,32.02783459671921,19.783809752582272,-12.167436757600692,-39.688518652662076,True,False
MLAB,bull_flag,136.19000244140625,119.06999969482422,134.6300048828125,,,,False,,,,,,,25.987675438428347,15.0,15.0,33.36374375641425,0.7017868418337518,-1.1454567373731535,11.557605751802766,False,-42.352941176470594,False,43.840767979930554,-42.352941176470594,,,-28.57142857142857,,-213.84615384615384,44.44444444444444,-47.05882352941176,0.9992778328266949,2.5573348354389625,3.6378103119032446,5.021354589939997,-5.627393132885572,-2.152750053741981,7.226237713420147,2.0052734998236676,0.9992778328266949,True,False
BSIN,bull_flag,1.6699999570846558,1.440000057220459,1.5199999809265137,,,,False,,,,,,,25.619829174078657,15.0,15.0,25.806431765359157,0.6547662499430082,-8.98203473130618,5.2631529414422,False,,False,,,,,,,,,,5.226824457593682,-26.85818513451892,-67.00591715976331,-64.93847084930403,33.04239401496258,15.064562410329984,-19.792865362485614,-14.299802761341219,-67.00591715976331,True,False
JILL,bull_flag,24.689899444580078,23.059999465942383,24.549999237060547,,,,False,,,,,,,25.612935982634276,6.0,7.0,20.77394072224419,0.7502386402376663,-0.5666293126610611,6.069245692150036,False,-309.0909090909091,True,77.50756893245371,60.86956521739133,-59.210526315789465,-309.0909090909091,-25.00000000000001,258.0645161290323,,-138.3333333333333,-13.043478260869556,0.9411917014596982,-5.998233903851647,-3.084981725860003,-0.4342554397248177,7.712020114108897,4.192185622062761,-8.038651179721368,-2.194387804641229,-5.998233903851647,True,False
CLS,bull_flag,359.04998779296875,313.0,356.0899963378906,,,,False,,,,,,,24.761493861711426,6.0,7.0,48.77869786044175,0.7315231412126469,-0.8243953643538017,12.100872470734311,False,74.17582417582416,True,33.84130304638889,74.17582417582416,147.29729729729732,77.51937984496129,208.0,73.22404371584699,-20.087336244541486,-0.8658008658008698,26.923076923076916,62.39026750535701,52.79770444763272,43.57151274698512,27.78555711142228,16.100815418828752,10.72806369531314,14.43018159048215,10.38916154005669,27.78555711142228,True,False
CBLL,bull_flag,25.62700080871582,23.040000915527344,24.25,,,,False,,,,,,,24.24870720299863,15.0,15.0,20.08543943190358,0.8320622565302563,-5.373242147975031,4.989686946278995,False,-121.47239263803682,False,41.841333508796296,,,-121.47239263803682,,,,,,32.53927072031699,29.295788394905074,33.721808568037126,31.369584181448083,6.05042651166301,6.899612653324727,9.717118951702153,6.5569130619368865,29.295788394905074,True,False
PSNL,bull_flag,17.350000381469727,15.914999961853027,16.360000610351562,,,,False,,,,,,,23.830096024496463,14.0,11.0,38.82177154633805,0.5834746849995694,-5.706050428537805,2.7200527622044657,False,,False,41.84056063603009,,,,,,,,,29.95989071673546,-24.91142926474157,3.2440476190476186,-43.61896612081372,44.49974146845914,-10.79850100893629,19.6619523973784,-15.741440446433764,-43.61896612081372,True,False
VBNK,bull_flag,23.739999771118164,22.639999389648438,23.18000030517578,,,,False,,,,,,,23.754279591460303,11.0,3.0,18.423975101580623,0.6440037922259368,-2.358885725953849,2.3295983969714134,False,,False,77.5069322828125,,,,,,,,,,,,,,,,,,False,False
FCEL,bull_flag,18.86989974975586,17.170000076293945,17.860000610351562,,,,False,,,,,,,22.986108011301564,10.0,3.0,16.31417206361902,0.8208707719161765,-5.351905165353956,3.863384717118635,False,,False,85.50780212107638,,,,,,,,,-29.399054403867964,-4.85750949045608,60.714849713112606,11.535498520050268,-7.271909859788139,16.566768202810266,-44.50523484077359,17.698906788182178,-29.399054403867964,True,False
PBR,bull_flag,21.43000030517578,20.240699768066406,20.760000228881836,,,,False,,,,,,,22.57882982659345,13.0,5.0,38.13717212988045,0.7874296310964163,-3.126458547609664,2.5014472788539077,False,,False,48.84062834239583,,,,,,,,,,,,,,,,,,False,False
HNST,bull_flag,5.699999809265137,5.21999979019165,5.409999847412109,,,,False,,,,,,,22.127659660812537,15.0,10.0,50.0,0.8498006036465398,-5.087718799247033,3.512015944165805,False,-100.0,False,42.84099753825232,200.0,-100.0,,,,,-2200.0,-66.66666666666666,-10.866797205191581,-19.692544987146533,-11.819265402606248,-6.717252637625082,6.663337558739557,-11.288435544146214,-4.897862181460722,-0.9501492633133268,-19.692544987146533,True,False
BDSX,bull_flag,29.989999771118164,25.420000076293945,28.149999618530273,,,,False,,,,,,,21.57564754656398,11.0,13.0,36.099582599281064,0.4154588525516144,-6.135379015107231,9.69804468643493,False,-133.33333333333331,False,41.841392566747686,,,-133.33333333333331,,,,,,34.18423418922969,42.30426550840851,40.75578834010476,19.927276734064247,5.110545881432205,-11.128499391410184,32.097574421168694,8.742132081126996,19.927276734064247,True,False
INTG,bull_flag,39.5,35.79999923706055,37.220001220703125,,,,False,,,,,,,21.212125184523025,12.0,9.0,44.18261554486117,0.4814272640828204,-5.772148808346519,3.8151583478528233,False,,False,,,,,,,,,,21.08892058963385,19.80472266463542,5.95646516029813,20.71354089080888,17.750419050921916,-3.4165131468765653,10.526315789473696,-3.6673799334284385,5.95646516029813,True,False
TII,bull_flag,3.190000057220459,2.7249999046325684,3.119999885559082,,,,False,,,,,,,21.13821027898075,14.0,8.0,49.0384853450513,0.5088345026278991,-2.19436270864428,12.660256263302152,False,,False,42.507008155405096,,,,,,,,,,,,,,,,,,False,False
NKTX,bull_flag,3.0799999237060547,2.744999885559082,2.950000047683716,,,,False,,,,,,,20.746887227917178,15.0,9.0,33.00004005432129,0.8485435598165902,-4.220775300082301,6.94915792579719,False,,False,48.8406971278588,,,,,,,,,,,,,,,,,,False,False
TBBB,bull_flag,52.97999954223633,49.029998779296875,51.380001068115234,,,,False,,,,,,,20.41506558766453,15.0,14.0,10.283716884628895,0.46545579999876785,-3.020004696009019,4.573768470154226,False,,False,56.84037784877315,,,,,,,,,,,,,,,,,,False,False
HPE,bull_flag,63.86000061035156,59.64500045776367,61.029998779296875,,,,False,,,,,,,20.295639155558565,11.0,3.0,13.545872074480794,0.6319629961516295,-4.431571882252614,2.269373012019516,False,-87.25490196078431,False,71.84098681394676,404.7619047619048,,-29.54545454545454,-87.25490196078431,140.9090909090909,41.93548387096775,138.46153846153854,-38.095238095238116,32.95819935691318,39.10428662827896,18.10945273631841,14.328703703703694,14.110937356268982,14.479780960404387,-3.867179591010328,5.873526259378359,14.328703703703694,True,False
DE,bull_flag,705.8800048828125,665.4500122070312,703.1199951171875,,,,False,,,,,,,20.277972072445394,10.0,13.0,27.959899473938492,0.7760799814890078,-0.3910026841011322,5.357546815871433,False,-24.13793103448276,True,63.50788807655093,7.36842105263158,-1.3554216867469826,-24.13793103448276,-14.22319474835887,-22.137404580152676,170.6611570247934,-38.26530612244898,-17.47368421052632,4.909302712597774,4.748099976494546,12.964268923366241,11.225771715721455,-5.6922731692722,39.1010300697118,-22.460669624848727,3.1369612248294265,4.748099976494546,True,False
ROIV,bull_flag,42.275001525878906,38.11000061035156,38.220001220703125,,,,False,,,,,,,19.74595921797824,5.0,10.0,49.26898913313237,0.6562007375017631,-9.591957797313118,0.28780901841514606,False,-265.21739130434787,False,47.50712105597222,,,-265.21739130434787,,-176.47058823529412,,,,-33.54838709677419,-66.7107001321004,-77.83322244400088,-64.89385474860335,-42.77777777777778,26.063031515757885,27.243793761935066,-27.6036866359447,-77.83322244400088,True,False
BBY,bull_flag,95.66000366210938,92.58000183105469,94.81999969482422,,,,False,,,,,,,19.216727667341928,12.0,3.0,12.990161850202844,0.8265566657641585,-0.8781140864809304,2.3623685625173043,False,-47.61904761904761,True,62.50808276381944,70.11494252873563,37.89473684210527,365.45454545454527,-47.61904761904761,12.977099236641209,-48.828125,287.8787878787879,-24.13793103448275,3.6130536130536184,1.9276833580472275,-0.9607112130771478,2.4033880359978887,9.433751119068944,-35.31200231649052,42.82464846980976,2.4793388429751984,-0.9607112130771478,True,False
HAE,bull_flag,110.44999694824219,100.52999877929688,108.5199966430664,,,,False,,,,,,,19.004732673452217,15.0,15.0,15.431355144627092,0.7730771250856626,-1.7473973368058993,7.362696379405049,False,-135.04273504273505,True,43.50766429094907,2.857142857142869,-135.04273504273505,28.37837837837838,22.72727272727273,,-143.15789473684214,17.28395061728394,15.714285714285726,5.596246351829848,4.764684708665179,-2.7471581617136476,-5.266402516851853,-2.0126981010593292,2.1783831464419867,3.559873516337464,1.8422870370946587,-5.266402516851853,True,False
AEHR,bull_flag,100.94490051269531,87.1500015258789,100.5999984741211,,,,False,,,,,,,18.722967139385062,9.0,3.0,23.809523809523807,0.6164161989076656,-0.34167356332263876,13.369778481360653,False,-650.0,False,40.841540738611116,,,-650.0,-450.0,,,,,33.68585421250621,-43.666357131152026,-26.5293986471419,-16.388444241176913,82.63356928148937,4.340348037231889,-9.89151244416082,-22.144935765490803,-43.666357131152026,True,False
SGMT,bull_flag,11.449000358581543,10.25,11.09000015258789,,,,False,,,,,,,18.42672507922023,14.0,13.0,43.27483945088438,0.8001324915138941,-3.1356467355210227,7.574392615241521,False,,False,50.507118048437505,,,,,,,,,,,,,,,,,,False,False
PDEX,bull_flag,73.5,68.97000122070312,72.41000366210938,,,,False,,,,,,,18.369024005003464,5.0,4.0,25.829577081704674,0.6681935372980405,-1.482988214817177,4.7507281693542165,False,8.196721311475418,True,36.84062695420139,160.60606060606065,22.44897959183674,8.196721311475418,86.66666666666664,-28.3333333333333,81.81818181818181,-52.85714285714285,324.24242424242414,16.645707099577002,14.557252785115416,11.135592211040324,24.220687805859086,2.2908416461977943,6.89063923270643,0.7177549919050286,5.9220304104264265,11.135592211040324,True,False
EZPW,bull_flag,33.869998931884766,29.420000076293945,30.709999084472656,,,,False,,,,,,,17.908787714779173,15.0,14.0,49.275345721753766,0.578584301247216,-9.329790218674402,4.200583023888626,False,37.5,True,56.841133024050926,41.17647058823528,84.84848484848484,37.5,74.99999999999977,-21.311475409836067,10.90909090909089,57.14285714285721,2.9411764705881804,34.653885607159275,45.88888598701995,19.317550051535125,14.347939745578863,-6.295411977685339,16.97873665969494,13.4216909679852,8.306616802955812,14.347939745578863,True,False
BRKR,bull_flag,63.4382920893406,60.35080859503064,61.209999084472656,,,,False,,,,,,,17.718442899485765,5.0,3.0,27.924127885050904,0.7537178322379676,-3.5125362481855946,1.403676690562094,False,-919.9999999999999,True,41.50807206040509,-919.9999999999999,-81.81818181818181,11.111111111111116,-251.85185185185182,-2150.0,-80.0,,-919.9999999999999,5.1542513167795345,2.7451959071624676,-0.24499795835034588,-0.45118000925497004,1.8338596065095913,-15.738845681539093,13.561882626380006,7.913217958364682,-0.45118000925497004,True,False
BBCP,bull_flag,10.360713919298393,9.59000015258789,10.020000457763672,,,,False,,,,,,,17.454957026338192,6.0,7.0,45.87584092863338,0.6802597001082084,-3.2885133610348074,4.291420015281631,False,-43.750000000000014,False,112.84139710945601,28.57142857142856,,,-43.750000000000014,125.0,,-166.66666666666669,28.571428571428537,13.135228708886038,14.391858581590245,4.644486594555808,-3.152305944124445,9.30891180544866,19.354088081124775,-17.411445795318915,4.998991068299374,-3.152305944124445,True,False
WPM,bull_flag,160.99000549316406,144.05999755859375,153.80999755859375,,,,False,,,,,,,17.04253157467872,14.0,10.0,48.9251536146308,0.5620288914990971,-4.459909118318024,6.338989763188669,False,,False,43.84020638625,,,,,,,,,,,,,,,,,,False,False
KB,bull_flag,133.2899932861328,125.31999969482422,129.22000122070312,,,,False,,,,,,,16.575412395933785,15.0,7.0,35.64196062061092,0.8197047734822724,-3.0534865859679807,3.018109804238311,False,,False,36.507568111944444,,,,,,,,,,,,,,,,,,False,False
LB,bull_flag,89.1500015258789,81.75,86.91000366210938,,,,False,,,,,,,16.49681227441293,12.0,15.0,47.00864690886542,0.7383272869611567,-2.51261674192938,5.937180352874625,False,14.999999999999991,False,47.840843673877316,66.66666666666667,14.999999999999991,,,73.91304347826086,-4.1666666666666625,-7.692307692307699,8.333333333333348,40.6180969011003,16.049691702122825,55.55616438356164,78.43577772317197,31.04597588471718,-10.167670576631792,11.699553422124298,6.938337575999842,16.049691702122825,True,False
EFXT,bull_flag,23.100000381469727,21.719999313354492,22.389999389648438,,,,False,,,,,,,16.227184961271245,12.0,7.0,37.50001490115764,0.759353507565337,-3.0735973164348303,2.992407747021674,False,,False,36.84122034577546,,,,,,,,,,,,,,,,,,False,False
GPRK,bull_flag,11.420000076293945,10.529999732971191,10.899999618530273,,,,False,,,,,,,16.168894836830837,14.0,4.0,47.77070992258835,0.5583925210878765,-4.553419039314263,3.3944944817252374,False,,False,42.841054779340276,,,,,,,,,,,,,,,,,,False,False
FNV,bull_flag,271.2995209028687,255.66000366210938,267.20001220703125,,,,False,,,,,,,16.032788173751158,12.0,12.0,38.08699146503003,0.8440486802500579,-1.5110637431996008,4.318865276091557,False,,False,41.84111180439815,,,,,,,,,,,,,,,,,,False,False
CMBT,bull_flag,20.375,19.1200008392334,19.34000015258789,,,,False,,,,,,,15.637395402457589,15.0,3.0,46.73909062323994,0.7254391630837511,-5.079753852329371,1.1375352203658282,False,,False,64.50795917803241,,,,,,,,,,,,,,,,,,False,False
GOLD,bull_flag,48.41999816894531,43.560001373291016,44.650001525878906,,,,False,,,,,,,15.236258710702778,7.0,5.0,49.339878823000596,0.7740042610885145,-7.786032188419896,2.4412096648107218,False,-110.8108108108108,False,43.84106329912037,18.604651162790773,,70.37037037037037,-110.8108108108108,-75.5980861244019,354.34782608695645,,-109.30232558139534,,,,,20.324105334233632,335.5882352941176,,,,False,False
IGR,high_tight_flag,12.73169280374991,12.051749012022691,12.25,,,,False,,,,,,,203.9258720545333,40.0,9.0,8.177479829694068,0.7765718740742911,-3.783415223528134,1.6183754120596625,False,,False,,,,,,,,,,,,,,,,,,,False,False
MRNA,high_tight_flag,187.1999969482422,130.3800048828125,182.55999755859375,,,,False,,,,,,,186.4277804014937,18.0,14.0,23.79244947549339,0.4249392227513811,-2.4786321929969493,28.582380244080447,False,-1800.0,False,43.50743475517361,,,,-1800.0,,,,,2.1126760563380254,260.18518518518516,-29.81366459627329,-45.43501611170784,-62.724935732647815,-42.62536873156342,-33.26771653543307,615.4929577464789,-45.43501611170784,True,False
RCEL,high_tight_flag,11.8100004196167,9.600000381469727,11.489999771118164,,,,False,,,,,,,183.54429554584,39.0,11.0,22.068958350509064,0.5617324964224861,-2.7095735573980697,16.449081177523034,False,,False,43.840499200069445,,,,,,,,,17.90299572039944,4.0327421555252485,-4.288381287063469,-12.875116015262456,12.72031053294167,9.368366703000408,3.1603243179262552,-7.2917809722374605,-12.875116015262456,True,False
REPL,high_tight_flag,16.329999923706055,12.399999618530273,13.470000267028809,,,,False,,,,,,,174.95327664229626,19.0,20.0,24.679491310534438,0.26005523095614846,-17.513776301526008,7.943582979115665,False,,False,43.50716483655093,,,,,,,,,,,,,,,,,,False,False
AGEN,high_tight_flag,8.819999694824219,6.659999847412109,8.699999809265137,,,,False,,,,,,,161.4583302289249,37.0,24.0,18.709684829103104,0.16295345998327762,-1.360542967246368,23.448275937667407,False,,False,43.508228456504625,,,,,-100.98039215686273,1033.3333333333294,-95.36082474226802,,34.358335603907975,40.18116845341977,27.45090732943325,20.400605288308384,2.3179985771875744,-1.3682610221026792,13.127170497767482,17.687127787941304,20.400605288308384,True,False
QMCO,high_tight_flag,26.5,21.799999237060547,25.649999618530273,,,,False,,,,,,,157.60415166202577,36.0,11.0,19.365502099785477,0.6348423212689803,-3.2075486093197227,15.009748299132056,False,,False,47.840557938541664,,,,,,,,,25.692996920013698,27.310121933303954,8.59297653019626,-12.709127856804836,3.601559094289297,4.569222106025261,18.92848600813202,-2.4437669165914833,-12.709127856804836,True,False
CAPR,high_tight_flag,11.0,8.180000305175781,9.34000015258789,,,,False,,,,,,,149.09091922440268,20.0,16.0,24.564456210857717,0.28883434140796255,-15.090907703746447,12.41969837752841,False,,False,48.84132499400463,,,,,,,,,-7.921690517003965,-63.4382475774409,1.3777014586210834,64.29114312270147,392.14278829275366,-43.0523150556549,-19.06383632603793,-59.40733891022807,-63.4382475774409,True,False
ENTX,high_tight_flag,3.559999942779541,2.680000066757202,2.9800000190734863,,,,False,,,,,,,139.6694218132895,40.0,25.0,13.017752731444476,0.10015337925080557,-16.292132950238425,10.067112429400499,False,-12.49999999999999,True,51.84121319020833,133.33333333333334,16.666666666666675,0.0,-12.49999999999999,100.0,16.666666666666675,-14.285714285714302,16.666666666666675,,-100.0,-100.0,-100.0,,,,,-100.0,False,False
OABI,high_tight_flag,4.925000190734863,3.890000104904175,4.920000076293945,,,,False,,,,,,,122.0512727089106,27.0,11.0,18.487388307651745,0.6284164007548682,-0.10152516238119977,20.93495844344847,False,,False,42.84069724142361,,,,,,,,,244.23915832691816,247.30380356283098,-22.473158089596446,-46.332694151486095,-7.014625355236714,72.24212034383955,274.09557838320677,-42.54554785732615,-46.332694151486095,True,False
ABCL,high_tight_flag,13.180000305175781,10.319999694824219,12.649999618530273,,,,False,,,,,,,120.38094656808033,28.0,12.0,19.77848196770786,0.4929670190391374,-4.021249426203554,18.418972284338796,False,,False,43.84156177231481,,,,,,,,,-76.29360805431983,96.3400236127509,788.373935432759,37.6210235131397,-51.2928442573662,-81.46207696080617,400.88218872138464,-47.58253336455163,-76.29360805431983,True,False
OMER,high_tight_flag,21.239900588989258,16.5,21.049999237060547,,,,False,,,,,,,114.87888116294145,38.0,22.0,21.385535708403903,0.7467809287064554,-0.8940783462383793,21.615199059246688,False,,False,50.84064309528935,,,,,-75.80645161290323,-56.64335664335665,,,-4.916011198506864,-65.6767165111196,-100.0,-100.0,188.37561912463357,,,-100.0,-100.0,True,False
BOLD,high_tight_flag,3.1640000343322754,2.75,2.880000114440918,,,,False,,,,,,,104.28571027152387,40.0,24.0,7.534239808442092,0.0521963483884224,-8.975977143163725,4.513892683165894,False,-105.74018126888218,False,,,,-105.74018126888218,,,,,,,,,,,,,,,False,False
AMLX,high_tight_flag,35.474998474121094,31.3700008392334,33.0,,,,False,,,,,,,104.11281283262332,31.0,16.0,19.018062116700452,0.5114733869198632,-6.976740184856098,4.939391396262429,False,,False,43.508190140324075,,,,,,,,,,-100.0,,-100.0,,,,,-100.0,False,False
RNG,high_tight_flag,79.93000030517578,67.97000122070312,79.7300033569336,,,,False,,,,,,,103.17463861885243,31.0,12.0,21.63677583325996,0.7071091762981269,-0.2502151225804974,14.749782567527985,False,221.4285714285714,False,43.84045219004629,221.4285714285714,,,,28.57142857142858,34.61538461538463,36.842105263157876,35.7142857142857,5.901534176448031,5.251643640451209,4.803974535891897,4.909940617479647,1.9888264340677253,0.025775076742950986,0.8420821883489582,2.9427883390984455,4.803974535891897,True,False
A,rainbow_convergence,167.25999450683594,148.99492472833722,167.25999450683594,6.552950352649542,5.0,True,True,,,,,,,,,,,,0.0,10.920166434509968,False,-3.603603603603611,True,63.84155770439815,8.47457627118644,59.999999999999986,-3.603603603603611,24.39024390243909,6.666666666666665,12.149532710280365,-30.065359477124186,29.661016949152575,8.055235903337167,10.011990407673865,6.960142772159439,9.406231628453842,2.3433242506812,2.057842046718572,-3.3852767329392797,7.077100115074808,6.960142772159439,True,False
AAPL,rainbow_convergence,339.75,321.65013050880384,339.75,4.475320913295456,9.0,True,True,,,,,,,,,,,,0.0,5.327408238762667,True,18.333333333333336,True,36.841563142326386,28.6624203821656,21.818181818181802,18.333333333333336,89.69072164948457,0.4975124378109541,-29.225352112676063,54.347826086956516,17.19745222929936,16.356501765281383,16.59518241592299,15.652453740949323,7.938480985989682,-1.5892574471146892,-22.65783689028632,40.29629340464154,8.964651835467263,7.938480985989682,True,False
ABBV,rainbow_convergence,265.2099914550781,256.2254354808082,265.2099914550781,2.851486267556392,7.0,True,True,,,,,,,,,,,,0.0,3.387713986556861,True,-88.63636363636364,False,36.50822846771991,290.38461538461536,-45.83333333333333,,-88.63636363636364,420.51282051282044,-61.764705882352935,919.9999999999998,-80.76923076923077,7.313606409096773,17.741243745532522,19.210829493087566,21.352095442031207,0.8377853326857698,-0.5073689296931638,4.335770103352665,2.51970538829307,7.313606409096773,True,False
ABSI,rainbow_convergence,10.710000038146973,8.870263709282316,10.710000038146973,7.8263780746226805,9.0,True,True,,,,,,,,,,,,0.0,17.177743438953012,False,,False,54.84156388252315,,,,,,,,,-46.37436762225969,-81.76420695504665,-2.2556390977443663,-77.77777777777779,47.906976744186046,-66.92307692307693,71.95767195767195,-36.25632377740303,-81.76420695504665,True,False
ACA,rainbow_convergence,146.60000610351562,144.55246649851117,146.60000610351562,0.9934681976169306,3.0,True,True,,,,,,,,,,,,0.0,1.3966845291661671,True,60.41666666666667,False,36.84155976980324,446.7213114754099,60.41666666666667,,335.2941176470588,766.2337662337663,-27.358490566037762,-28.378378378378343,21.311475409836067,1.7297297297297343,4.401022644265895,33.668567997598316,24.578388507183014,15.217771558509718,-35.80011229646266,11.619453497117082,23.212355212355206,1.7297297297297343,True,False
ADX,rainbow_convergence,26.15999984741211,25.757360828782595,26.15999984741211,0.6785192973314379,1.0,True,True,,,,,,,,,,,,0.0,1.5391399884482255,True,,False,,,,,,,,,,,,,,,,,,,False,False
AEF,rainbow_convergence,9.829999923706055,9.50058957078772,9.829999923706055,3.3125137343347224,3.0,True,True,,,,,,,,,,,,0.0,3.3510717749236902,True,,False,,,,,,,,,,,,,,,,,,,False,False
ALNT,rainbow_convergence,108.05999755859375,96.43706010043327,108.05999755859375,6.525897274497608,3.0,True,True,,,,,,,,,,,,0.0,10.756003813398324,False,52.380952380952394,True,42.84156510047454,79.41176470588233,52.380952380952394,123.52941176470584,200.0,90.625,-15.789473684210531,-2.564102564102566,14.705882352941169,10.167791485764234,4.60230567080564,17.493648061634293,10.805587279276118,10.69358960515423,-3.0965302677288364,3.3234109108207344,-0.5982318130364428,4.60230567080564,True,False
AMD,rainbow_convergence,623.77001953125,507.1585664562297,623.77001953125,11.8784568529479,10.0,True,True,,,,,,,,,,,,0.0,18.694622925714082,False,59.5744680851064,True,41.84152847931713,155.55555555555554,90.90909090909089,206.6666666666666,59.5744680851064,64.28571428571428,-8.695652173913038,22.666666666666657,38.888888888888886,50.11060507482108,37.84619521376713,34.10812222512405,35.5917289925209,12.513410709060757,-0.16553067185978154,11.075059485182791,20.31229668184775,34.10812222512405,True,True
AMN,rainbow_convergence,34.540000915527344,33.79879166205252,34.540000915527344,1.6608778320712743,5.0,True,True,,,,,,,,,,,,0.0,2.1459445102145693,True,322.22222222222223,False,43.84152341657408,,,,322.22222222222223,-66.66666666666667,,-125.0,,2.288449120674585,99.89775688763265,1.83963991185625,-7.710880875741266,-51.15669987760826,84.21744796017241,17.92430527536817,-3.597675390283739,-7.710880875741266,True,False
AMRX,rainbow_convergence,19.5,17.773302430015214,19.5,6.221977031436829,3.0,True,True,,,,,,,,,,,,0.0,8.854859333255312,True,157.1428571428571,False,36.508190024351855,157.1428571428571,375.0,,,-5.263157894736848,90.00000000000001,899.9999999999998,-85.71428571428572,9.894852782854024,3.8967818009260524,11.471449026581148,11.679535580268418,10.197378892458197,-11.27322339279816,3.7992996929305134,8.282172177532887,3.8967818009260524,True,False
ANET,rainbow_convergence,205.19000244140625,191.02522621814006,205.19000244140625,5.169094184063446,5.0,True,True,,,,,,,,,,,,0.0,6.903248723002993,True,15.517241379310365,True,41.84148383574074,35.71428571428572,25.0,17.46031746031751,15.517241379310365,18.74999999999998,8.108108108108091,10.44776119402988,-4.2857142857142705,37.68595791001452,35.125698324022345,28.871773673026844,27.46700535645259,12.059800664451824,8.891389983117604,7.776285578131081,4.694303338171268,27.46700535645259,True,False
APPS,rainbow_convergence,12.1899995803833,10.960098967555268,12.1899995803833,5.4707514560819135,2.0,True,True,,,,,,,,,,,,0.0,10.089422929983067,False,,False,41.841483320162034,,,,,,-199.99999999999991,,,26.776194186028746,19.636262924667648,12.44977235083966,18.234114951822654,16.439259482704195,-5.84548114584641,7.8517135998062315,7.218581488779918,12.44977235083966,True,False
ARW,rainbow_convergence,221.8300018310547,212.88544519925838,221.8300018310547,2.6122910180450094,11.0,True,True,,,,,,,,,,,,0.0,4.032167226238613,True,11.170212765957444,True,36.508149997858794,46.518105849582184,201.3245033112583,100.0,11.170212765957444,15.604395604395593,21.657754010695186,78.94736842105266,-41.78272980501393,31.824628852945814,39.03029593263416,20.095808291146476,13.032103584780375,5.475129275747581,8.313311831227143,13.405296646072928,1.7492734447879466,13.032103584780375,True,False
AVIR,rainbow_convergence,5.639999866485596,5.257031775718745,5.639999866485596,3.1629612244217697,1.0,True,True,,,,,,,,,,,,0.0,6.79021453604194,True,,False,49.84148367481482,,,,,,,,,,,,,485.71820426076624,-45.669056647513706,-8.477684322194435,,,False,False
AVT,rainbow_convergence,98.25,91.6889133806213,98.25,4.188537660049583,12.0,True,True,,,,,,,,,,,,0.0,6.677950757637352,True,-24.242424242424242,True,35.50814858284722,1577.7777777777803,12.871287128712861,-24.242424242424242,-7.57575757575758,32.456140350877185,51.99999999999998,22.95081967213115,577.7777777777789,47.66250815488995,33.94567092778882,11.575605680278777,5.253604827278058,16.51172037783757,12.673361339018863,7.12686053505831,4.997992984792066,5.253604827278058,True,False
BAP,rainbow_convergence,393.2200012207031,379.69674482221393,393.2200012207031,1.8118956427660253,4.0,True,True,,,,,,,,,,,,0.0,3.4391069519627457,True,,False,47.841414010127316,,,,,,,,,,,,,,,,,,False,False
BATRA,rainbow_convergence,57.7400016784668,55.79479622565616,57.7400016784668,1.6575648823028466,3.0,True,True,,,,,,,,,,,,0.0,3.3689043925609603,True,-141.30434782608697,False,42.50811893731481,-141.30434782608697,,,193.74999999999994,,,-236.17021276595747,2.1739130434782483,-2.3431698886186125,52.52165808815743,17.623469818488815,7.1778005600776185,323.73519241184886,17.460809422051128,-80.32246467525631,-0.2886954295224675,-2.3431698886186125,True,False
BBCP,rainbow_convergence,10.020000457763672,9.717268273606248,10.020000457763672,2.1541665085083728,2.0,True,True,,,,,,,,,,,,0.0,3.0212791449810963,True,-43.750000000000014,False,112.84139710945601,28.57142857142856,,,-43.750000000000014,125.0,,-166.66666666666669,28.571428571428537,13.135228708886038,14.391858581590245,4.644486594555808,-3.152305944124445,9.30891180544866,19.354088081124775,-17.411445795318915,4.998991068299374,-3.152305944124445,True,False
BBY,rainbow_convergence,94.81999969482422,86.67270378106228,94.81999969482422,7.080257530835175,13.0,True,True,,,,,,,,,,,,0.0,8.592381290849826,True,-47.61904761904761,True,62.50808276381944,70.11494252873563,37.89473684210527,365.45454545454527,-47.61904761904761,12.977099236641209,-48.828125,287.8787878787879,-24.13793103448275,3.6130536130536184,1.9276833580472275,-0.9607112130771478,2.4033880359978887,9.433751119068944,-35.31200231649052,42.82464846980976,2.4793388429751984,-0.9607112130771478,True,False
BE,rainbow_convergence,276.5299987792969,243.73021376120943,276.5299987792969,10.20249492135748,12.0,True,True,,,,,,,,,,,,0.0,11.861203183335451,False,65.44129822818347,False,34.841406828819444,,65.44129822818347,,,-99.76979281353218,,,,133.78948951018285,36.28098998656175,59.520627975487585,21.377789349547417,-3.411645196146307,50.539320633275594,29.545293951384966,24.116243085616198,21.377789349547417,True,False
BFLY,rainbow_convergence,9.930000305175781,7.97707728372624,9.930000305175781,5.691341874970717,1.0,True,True,,,,,,,,,,,,0.0,19.666897899606564,False,,False,37.50805857318287,,,,,,,,,39.468844887311306,24.994110718492337,40.98514674302076,4.513399153737652,22.924990576705607,-15.812521816393232,46.647121783237935,-8.099901637942096,4.513399153737652,True,False
BIIB,rainbow_convergence,225.36000061035156,214.06260223293157,225.36000061035156,2.6718282968910874,2.0,True,True,,,,,,,,,,,,0.0,5.013045059825521,True,-119.2307692307693,True,35.50807238659722,31.09756097560976,-119.2307692307693,19.172932330827063,8.250000000000002,,-111.04100946372245,-26.78983833718245,164.02439024390247,1.9251336898395754,-7.141402208009129,2.794224997972261,7.326869244188394,8.704044924102838,-10.072197893241807,-4.188244188244184,8.823529411764696,-7.141402208009129,True,False
BMEZ,rainbow_convergence,16.8700008392334,16.22492893735986,16.8700008392334,2.5400403158740463,2.0,True,True,,,,,,,,,,,,0.0,3.8237810894077717,True,,False,,,,,,,,,,,,,,,,,,,False,False
BOW,rainbow_convergence,33.86000061035156,32.993366927050644,33.86000061035156,2.3186787244936533,0.0,False,False,,,,,,,,,,,,0.0,2.559461511161267,False,2.220446049250313e-14,True,41.508071070219906,33.33333333333333,41.17647058823528,2.220446049250313e-14,25.0,0.0,9.090909090909038,-2.222222222222192,25.0,22.957610139348517,26.873431337396923,27.109084966772535,23.270612618939545,5.24297660796178,2.647714236738352,5.3817080287913655,8.005973150837065,22.957610139348517,True,False
BRKR,rainbow_convergence,61.209999084472656,57.87054561657605,61.209999084472656,4.4504637593751,13.0,True,True,,,,,,,,,,,,0.0,5.455731935705475,True,-919.9999999999999,True,41.50807206040509,-919.9999999999999,-81.81818181818181,11.111111111111116,-251.85185185185182,-2150.0,-80.0,,-919.9999999999999,5.1542513167795345,2.7451959071624676,-0.24499795835034588,-0.45118000925497004,1.8338596065095913,-15.738845681539093,13.561882626380006,7.913217958364682,-0.45118000925497004,True,False
BST,rainbow_convergence,50.0099983215332,47.042491150652324,50.0099983215332,3.877491494626941,4.0,True,True,,,,,,,,,,,,0.0,5.933827775401335,True,,False,,,,,,,,,,,,,,,,,,,False,False
BSTZ,rainbow_convergence,29.920000076293945,28.682718046028775,29.920000076293945,1.9889142682921646,2.0,True,True,,,,,,,,,,,,0.0,4.135300892747948,True,,False,,,,,,,,,,,,,,,,,,,False,False
BTX,rainbow_convergence,9.050000190734863,8.70673950993084,9.050000190734863,1.9221228867907239,2.0,True,True,,,,,,,,,,,,0.0,3.792935619553295,True,,False,,,,,,,,,,,,,,,,,,,False,False
BZH,rainbow_convergence,33.36000061035156,32.7001654655717,33.36000061035156,1.9161441949237163,0.0,False,False,,,,,,,,,,,,0.0,1.9779230596749933,False,-1230.0,False,50.50799942122685,,-107.14285714285714,-1230.0,-40.23668639053256,,,-211.8811881188119,,-5.328705257193778,-27.504382326356403,-22.48882084132099,-1.7690102548262976,25.97561035120508,12.752722900979663,-54.098644266418816,45.204238613630835,-27.504382326356403,True,False
CGON,rainbow_convergence,77.73999786376953,74.25851915006768,77.73999786376953,2.6441226954703967,2.0,True,True,,,,,,,,,,,,0.0,4.47836224513762,True,,False,47.50799677829861,,,,,,,,,,1982.6923076923076,409.2105263157895,3774.418604651163,6.8328716528162525,-53.35917312661499,39.37575030012004,,409.2105263157895,False,False
CLOV,rainbow_convergence,4.670000076293945,4.446593277303815,4.670000076293945,3.191536337048918,9.0,True,True,,,,,,,,,,,,0.0,4.783871420563736,True,,False,42.841326078668985,,,,,0.0,,,,55.597964909342146,62.04602330365041,44.73606894525513,50.051663816596474,-0.8038025117827363,53.61456776302165,-1.8006644518272386,3.9843390142791257,44.73606894525513,True,False
CNXN,rainbow_convergence,86.83999633789062,82.00116810219411,86.83999633789062,4.952037731002061,14.0,True,True,,,,,,,,,,,,0.0,5.572119345639815,True,-4.90196078431373,True,35.84132592625,35.05154639175259,33.33333333333335,5.128205128205066,-4.90196078431373,92.64705882352942,-17.0731707317073,-15.463917525773208,0.0,12.41330379508565,2.9698479129757427,-0.8404606028802442,-2.159325640215426,18.30395114882817,2.69255226982712,-0.8643740797779631,-6.663876065726548,-2.159325640215426,True,False
CODA,rainbow_convergence,11.15999984741211,10.382511856480544,11.15999984741211,5.056068142705935,6.0,True,True,,,,,,,,,,,,0.0,6.966738365250576,True,0.0,True,127.5079523621412,9.090909090909083,87.5,0.0,399.9999999999995,-19.999999999999996,87.5,-19.999999999999986,-9.090909090909117,9.975263125869361,32.521874997000786,32.73556509987245,29.000972145937286,11.782381027147704,2.889668607617879,-5.020428759787087,0.674546156949396,9.975263125869361,True,False
COHU,rainbow_convergence,64.54000091552734,53.56121714493464,64.54000091552734,8.688575577428436,5.0,True,True,,,,,,,,,,,,0.0,17.01082059940191,False,,False,36.84128358778935,,,,,,,,,38.37481426448737,29.259171255307503,29.863368819192115,32.41698307146903,19.088228006937392,2.3635768632905174,-3.1833915516162548,17.244613670133724,29.259171255307503,True,False
CPIX,rainbow_convergence,8.199999809265137,6.9130300123070105,8.199999809265137,7.6894807054547405,3.0,True,True,,,,,,,,,,,,0.0,15.694753986506022,False,-375.0,False,41.84128386744213,,-375.0,,,,,,,-18.787983755826943,-22.041542535230985,31.077193778317213,-8.732986962330113,-3.614768822503922,-33.24402384416416,64.95482228103404,-23.48358175323646,-22.041542535230985,True,False
CRON,rainbow_convergence,3.430000066757202,3.181492418127602,3.430000066757202,4.9258612760303935,4.0,True,True,,,,,,,,,,,,0.0,7.245120810290389,True,-108.33333333333333,False,43.507950567175925,,100.0,-108.33333333333333,250.00000000000006,125.0,,-114.28571428571428,,58.4426842026603,40.133903663753024,46.96214646381307,6.055918748540745,17.246184472461845,1.5247804899957362,22.543273067503232,8.62053504707816,6.055918748540745,True,False
CTKB,rainbow_convergence,5.710000038146973,4.754227072768562,5.710000038146973,10.04473099691551,7.0,True,True,,,,,,,,,,,,0.0,16.738580717918545,False,,False,42.841284916527776,,,,,,,-100.0,,5.56554537081706,6.459705236751323,8.116431206068619,1.5398058252427127,9.074430723915249,-28.97603836436491,18.83234849788691,14.67260207885619,1.5398058252427127,True,False
CVEO,rainbow_convergence,34.09000015258789,33.55974531458405,34.09000015258789,1.4853013159272699,3.0,True,True,,,,,,,,,,,,0.0,1.5554556633335426,True,,False,36.50795106224537,,,,,,,,,10.647596100655221,19.871011635333645,7.067856456731003,-3.3157912645033982,4.2567485390954785,6.835168914738277,-5.20320720741857,4.792432419142689,-3.3157912645033982,True,False
CYRX,rainbow_convergence,17.56999969482422,15.974381607741826,17.56999969482422,6.561840009210676,6.0,True,True,,,,,,,,,,,,0.0,9.081491831513413,True,-109.38967136150235,False,41.84128545775463,-109.38967136150235,,,,,,,-108.4507042253521,7.737492849914207,16.466861598440552,-59.80295043690522,15.439622099851235,2.454077576467628,5.166116611661176,2.75133949766011,-2.686232234786823,-59.80295043690522,True,False
DBRG,rainbow_convergence,15.979999542236328,15.895370163660603,15.979999542236328,0.20003535805239542,1.0,True,True,,,,,,,,,,,,0.0,0.529595625782362,True,1049.9999999999998,False,36.841269021469905,1049.9999999999998,,,,3733.333333333333,-89.28571428571429,211.11111111111117,-10.000000000000009,3.0201027421359994,-3.139595513595672,4.130929286762308,21.83019508500692,0.604748651341791,-17.43517485294952,13.339764201500536,9.427411977199696,-3.139595513595672,True,False
DDD,rainbow_convergence,3.5899999141693115,3.295587423882501,3.5899999141693115,5.443569852091536,5.0,True,True,,,,,,,,,,,,0.0,8.200905217986184,True,-115.78947368421053,False,41.841222146643524,-115.78947368421053,,,,,-174.99999999999983,,-124.56140350877195,-0.27309728168033454,1.055637825259148,-4.277453523562469,-19.20577297680184,-1.003789068224159,-10.103034580098802,16.467029775668784,-3.784348046141839,-19.20577297680184,True,False
DDI,rainbow_convergence,13.100000381469727,12.49676255768085,13.100000381469727,3.3779075219064163,2.0,True,True,,,,,,,,,,,,0.0,4.60486874979158,True,,False,47.8412257081713,,,,,,,,,,,,,,,,,,False,False
DXCM,rainbow_convergence,89.52999877929688,85.50075091999764,89.52999877929688,3.42936455498061,3.0,True,True,,,,,,,,,,,,0.0,4.500444447935104,True,42.22222222222223,True,36.84121964429398,42.22222222222223,88.88888888888889,81.08108108108112,105.88235294117645,25.49019607843137,-23.880597014925364,-4.285714285714293,55.555555555555536,13.07579293060237,15.048262548262548,13.120790300853159,21.635485817742904,9.774309925329305,-5.374722134010801,4.15943107582899,4.511278195488733,13.07579293060237,True,False
DXPE,rainbow_convergence,189.85000610351562,182.48349870459353,189.85000610351562,2.2960531858254893,2.0,True,True,,,,,,,,,,,,0.0,3.8801723266237405,True,-2.400000000000002,True,43.84122064082176,23.076923076923084,-2.400000000000002,7.8125,3.149606299212593,44.26229508196722,-11.594202898550721,5.343511450381677,-8.391608391608385,15.596913463890827,9.46116931651031,11.992847951005924,8.62465243638133,10.5055419451058,-1.0868617152391957,2.660183289081286,3.016351101503556,8.62465243638133,True,False
EFSI,rainbow_convergence,46.33000183105469,43.42344187160276,46.33000183105469,5.4810525627886335,11.0,True,True,,,,,,,,,,,,0.0,6.273602081974618,True,-36.7816091954023,False,29.84122169912037,-6.122448979591832,,-36.7816091954023,7.216494845360821,33.33333333333335,-37.27272727272728,5.769230769230771,6.1224489795918435,,,,,,,,,,False,False
EMBJ,rainbow_convergence,76.93000030517578,72.83638034817034,76.93000030517578,4.0170380775884595,3.0,True,True,,,,,,,,,,,,0.0,5.321227012565122,True,,False,48.50788612511574,,,,,,,,,,,,,,,,,,False,False
EPRX,rainbow_convergence,8.579999923706055,7.474320404864196,8.579999923706055,11.688980573004057,14.0,True,True,,,,,,,,,,,,0.0,12.886707793399028,False,,False,41.84121376881944,,,,,,,,,,,,,,,,,,False,False
ESP,rainbow_convergence,64.30000305175781,61.96636159127952,64.30000305175781,2.889440210852103,9.0,True,True,,,,,,,,,,,,0.0,3.629302254620179,True,24.590163934426236,True,,57.14285714285714,39.43661971830987,24.590163934426236,46.57534246575344,0.0,30.263157894736835,-28.971962616822434,69.84126984126986,,,,,,,,,,False,False
ETN,rainbow_convergence,442.489990234375,415.4572376893044,442.489990234375,2.5779226184548247,7.0,True,True,,,,,,,,,,,,0.0,6.10923481698469,True,-15.936254980079678,True,41.5078020750463,-15.936254980079678,-9.387755102040817,18.367346938775487,2.371541501976293,-4.954954954954971,-23.448275862068947,11.969111969111946,3.1872509960159334,21.385885031303363,16.84177512937117,13.060897435897445,10.133963750985032,14.494698698161312,5.613040396881641,0.9587864911276389,-0.569151963574277,10.133963750985032,True,False
EXEL,rainbow_convergence,58.150001525878906,55.918661854828464,58.150001525878906,3.15542339759072,14.0,True,True,,,,,,,,,,,,0.0,3.8372134350803297,True,26.15384615384615,True,34.84113618148148,26.15384615384615,43.636363636363626,89.36170212765953,72.49999999999999,3.797468354430378,-11.235955056179737,28.985507246376784,6.153846153846132,10.63402204268813,9.96764767835636,5.62994592019479,10.789336140652628,2.926923505104684,2.0293554136467495,0.15190169885654914,5.190220690844516,5.62994592019479,True,False
FBLA,rainbow_convergence,16.31999969482422,15.76192383449678,16.31999969482422,2.655798485543396,13.0,True,True,,,,,,,,,,,,0.0,3.41958254144103,True,-100.0,False,36.84116812059028,-100.0,-75.0,,,-100.0,,-233.33333333333331,19.999999999999996,,,,,11.523502276359032,-1.5932826964158542,9.293728516765022,,,False,False
FFIV,rainbow_convergence,453.3299865722656,408.93908350310016,453.3299865722656,6.946565148442277,8.0,True,True,,,,,,,,,,,,0.0,9.792183262531449,True,4.0322580645161255,True,33.84113094653935,11.384615384615394,4.0322580645161255,9.929078014184412,16.487455197132572,40.31007751937985,-16.774193548387096,-4.61538461538461,0.0,10.854722759716552,11.020990996043079,7.302909761262066,8.493130871036092,6.575951706295435,-1.308870286273578,1.527608043550721,3.8084498378974097,7.302909761262066,True,False
FIRY,rainbow_convergence,12.600000381469727,9.922184472111244,12.600000381469727,9.617126743229305,7.0,True,True,,,,,,,,,,,,0.0,21.252506573703204,False,,False,50.841134870590274,,,,,,,,,22.91584040612358,32.91775129013106,68.87625907377188,11.439504966617807,6.483422092423985,-3.018893072540063,9.633228611090816,8.566669310700403,11.439504966617807,True,False
FNGO,rainbow_convergence,163.02200317382812,147.61093367024586,163.02200317382812,6.104104552803399,4.0,True,True,,,,,,,,,,,,0.0,9.453367768490525,True,,False,,,,,,,,,,,,,,,,,,,False,False
FOSL,rainbow_convergence,6.409999847412109,5.179246044097625,6.409999847412109,9.744983596110119,4.0,True,True,,,,,,,,,,,,0.0,19.200527809862162,False,,False,50.84111155740741,,,,,,,,,-4.85507377897163,-3.657203602336978,-18.0463692242971,-6.121208120381216,-6.70623462255463,-19.8781565926623,3.820489191379761,22.602410294571396,-18.0463692242971,True,False
FSLY,rainbow_convergence,26.079999923706055,23.41363058895187,26.079999923706055,7.6408374689586624,6.0,True,True,,,,,,,,,,,,0.0,10.223808828812615,False,,False,42.841065464618055,,,,,,,,,23.27229690200323,19.75926464277309,22.78647593168255,15.317843243006868,5.950722744637926,0.2369476050332553,9.094126644040369,6.39772979443074,15.317843243006868,True,False
FTK,rainbow_convergence,30.860000610351562,27.167778633417278,30.860000610351562,9.624241260556076,6.0,True,True,,,,,,,,,,,,0.0,11.964426130619646,False,-40.00000000000002,True,41.84106347935185,420.0,-29.41176470588236,-40.00000000000002,562.5,116.6666666666667,33.33333333333337,-83.01886792452831,960.0,70.29477292202229,26.532639716773243,33.02401639182773,12.643239113827342,41.849509642974404,3.7500555399220925,20.502935874783603,-3.974293059125966,12.643239113827342,True,False
FTNT,rainbow_convergence,174.25999450683594,161.4504331533886,174.25999450683594,6.2289091038079665,7.0,True,True,,,,,,,,,,,,0.0,7.350833098382115,True,-11.428571428571422,True,42.841063155497686,43.85964912280702,28.57142857142856,-1.4705882352940902,-11.428571428571422,13.888888888888884,7.462686567164178,8.064516129032251,8.771929824561408,25.638036809815958,20.127297525491983,14.752123366062285,14.375704528877398,10.721237024221452,-2.9081364829396272,10.441184996231655,5.822085889570561,14.375704528877398,True,False
FTRE,rainbow_convergence,20.43000030517578,18.431804015356587,20.43000030517578,7.265033970892587,5.0,True,True,,,,,,,,,,,,0.0,9.7806963287855,True,,False,43.50773265892361,,,,,,,,,-4.519217232155426,-2.2723783202825087,-5.236728837876614,3.9116906208327196,6.551453260015716,-3.6336109008327067,-5.8177670041351774,-1.2670702520061972,-5.236728837876614,True,False
GEF-B,rainbow_convergence,113.58999633789062,105.1925533519079,113.58999633789062,4.153152669652825,4.0,True,True,,,,,,,,,,,,0.0,7.392766314564582,True,,False,35.84106359328704,,,,,,,,,-0.5192878338278972,-21.40938536893664,11.606176846660766,-18.79395218002813,7.840772014475261,-12.329250022032257,-18.11358879988454,28.495919881305642,-21.40938536893664,True,False
GGB,rainbow_convergence,5.019999980926514,4.809894113237437,5.019999980926514,3.97459829638806,14.0,True,True,,,,,,,,,,,,0.0,4.185375866282344,True,,False,33.84106518008102,,,,,,,,,,,,,,,,,,False,False
GH,rainbow_convergence,177.16000366210938,163.596719012603,177.16000366210938,6.9133085769331375,7.0,True,True,,,,,,,,,,,,0.0,7.6559518904589385,True,,False,35.84106338311342,,,,,,,,,44.332322222605214,48.259457121653696,39.3689238605845,38.500908730075835,11.043044436709604,7.252565187402671,6.059669074948348,14.265278687394446,38.500908730075835,True,False
HVT,rainbow_convergence,28.270000457763672,27.10318107951946,28.270000457763672,2.2216263602487762,1.0,True,True,,,,,,,,,,,,0.0,4.127411953839479,True,0.0,True,35.507645501828705,6.896551724137945,0.0,54.54545454545456,3800.0,6.896551724137945,70.58823529411762,-56.41025641025641,34.48275862068968,7.68733600331446,4.1213436362334654,9.528458989004784,10.556923024449594,3.1161068500396683,-6.373347728544609,3.822936591184889,7.43488468443585,4.1213436362334654,True,False
IBRX,rainbow_convergence,9.289999961853027,8.027705284921783,9.289999961853027,6.7532491697447,7.0,True,True,,,,,,,,,,,,0.0,13.587671497465333,False,,False,41.5076366422801,,,,,,,,,93.90728476821192,167.6394018284192,406.9518008474576,425.0736980019653,15.911867167352845,15.465587044534423,19.412993980225203,21.328287606433307,93.90728476821192,True,False
IGR,rainbow_convergence,12.25,7.515587412905505,12.25,37.35726952029118,10.0,True,True,,,,,,,,,,,,0.0,38.64826601709792,False,,False,,,,,,,,,,,,,,,,,,,False,False
INCY,rainbow_convergence,126.93000030517578,122.88869578247905,126.93000030517578,2.108262647792432,4.0,True,True,,,,,,,,,,,,0.0,3.1838844347122746,True,62.22222222222222,False,34.507596974965274,83.74999999999999,62.22222222222222,290.7407407407407,,0.6849315068493178,-30.805687203791464,3.4313725490195957,154.99999999999997,20.8736268850354,27.83893753955635,20.04700005536655,16.456864084525268,-15.539790355281102,10.311644387179907,12.377409341940826,15.44603560838751,16.456864084525268,True,False
INTC,rainbow_convergence,123.86000061035156,101.32134522429587,123.86000061035156,10.921827423049246,5.0,True,True,,,,,,,,,,,,0.0,18.19687976343513,False,,False,29.84093309418982,,,,,,,-111.11111111111111,,25.421883505715837,7.184021473119118,-4.109396914446006,2.777777777777768,18.789128673491938,-0.7093754570718147,0.1538123489343013,6.174663659693591,-4.109396914446006,True,False
IOSP,rainbow_convergence,96.08000183105469,91.64323685084263,96.08000183105469,2.3521727886882946,1.0,True,True,,,,,,,,,,,,0.0,4.617781948020346,True,-60.902255639097746,False,41.840929481770836,32.97872340425532,-6.870229007633588,,-60.902255639097746,2.4590163934426146,-35.78947368421053,265.38461538461536,-44.680851063829785,11.758016829656581,2.8130671506352067,-2.3993144815766976,-0.3382949932341006,8.428949691085608,-0.5267778753292318,3.100248925096172,0.5003411416875103,-2.3993144815766976,True,False
IRWD,rainbow_convergence,4.525000095367432,4.192484451348564,4.525000095367432,3.8568766652261943,3.0,True,True,,,,,,,,,,,,0.0,7.348411867643664,True,-66.66666666666673,False,47.50756895125,121.4285714285714,,-66.66666666666673,1050.0,29.166666666666675,2300.0000000000045,-95.65217391304348,64.28571428571428,32.616525299452135,158.8678511532946,-47.30907283671103,33.264913966285256,6.13580455561189,123.24089794378419,-60.913485171227265,43.19736270955783,-47.30907283671103,True,False
JNJ,rainbow_convergence,269.19000244140625,264.7264138580453,269.19000244140625,1.6266622784009972,0.0,False,False,,,,,,,,,,,,0.0,1.6581554080309948,False,-52.863436123348016,True,20.5075909081713,-0.8733624454148492,-52.863436123348016,47.51773049645389,90.990990990991,6.074766355140171,2.8846153846153966,-1.8867924528301883,-7.423580786026196,6.5998399528282015,9.907276298360213,9.07637655417406,6.7731743135597045,5.186601280026593,-2.0436411007979105,2.379860792731203,1.0529419197237155,6.5998399528282015,True,False
KEYS,rainbow_convergence,347.32000732421875,329.26605121869153,347.32000732421875,2.4286095494284026,9.0,True,True,,,,,,,,,,,,0.0,5.1980754706923875,True,35.570469798657726,False,62.840924287777774,109.09090909090904,35.570469798657726,68.04123711340206,,13.861386138613852,23.926380368098176,20.740740740740726,22.72727272727273,41.34762633996938,32.28043143297381,31.470829909613805,,7.513104251601632,7.312500000000011,18.343195266272193,3.522205206738138,31.470829909613805,False,False
KF,rainbow_convergence,68.41999816894531,64.52708966073372,68.41999816894531,2.9105136757554946,4.0,True,True,,,,,,,,,,,,0.0,5.689723198470525,True,,False,,,,,,,,,,,,,,,,,,,False,False
KODK,rainbow_convergence,9.670000076293945,9.32847822690532,9.670000076293945,2.76718301915529,4.0,True,True,,,,,,,,,,,,0.0,3.531766770362991,True,-654.5454545454544,False,43.84089632918982,,,-654.5454545454544,-153.33333333333331,,,,,18.250950570342205,7.287449392712553,9.022556390977442,3.065134099616862,17.35849056603773,-8.62068965517241,7.806691449814118,2.281368821292773,3.065134099616862,True,False
KOPN,rainbow_convergence,4.940000057220459,4.498720962005907,4.940000057220459,5.226753530056468,3.0,True,True,,,,,,,,,,,,0.0,8.932775103303172,True,99.99999999999983,False,48.84084346456019,,,99.99999999999983,,,-150.0,100.0,,45.01953893466541,-3.089757431538087,-43.15579459936415,-9.571949001541768,19.622335454911966,26.16128354069207,-31.082190649676377,39.43014524805024,-43.15579459936415,True,False
KYMR,rainbow_convergence,122.05999755859375,115.08494911327416,122.05999755859375,3.018090486124902,2.0,True,True,,,,,,,,,,,,0.0,5.714442556801855,True,,False,41.50750988178241,,,,,,,,,466.39944231439523,55.49773755656109,-61.171219908033535,-26.116011761561076,89.1459333624327,1096.969696969697,3.871201157742399,-75.91495294527711,-61.171219908033535,True,False
LITE,rainbow_convergence,945.6699829101562,881.7326085872608,945.6699829101562,5.095896758508843,3.0,True,True,,,,,,,,,,,,0.0,6.761066278760156,True,-3177.4193548387093,False,43.84084198016204,-3177.4193548387093,,,,-6459.999999999999,68.53932584269661,1680.0,-98.38709677419355,55.91955887122933,16.016371077762614,9.651035986913858,6.0768261964735615,13.052681091251173,5.718547986076583,19.382606114574052,9.27667855984431,6.0768261964735615,True,False
LQDT,rainbow_convergence,42.93000030517578,41.490246119648184,42.93000030517578,3.2696048384600647,8.0,True,True,,,,,,,,,,,,0.0,3.353725076386771,True,4.545454545454541,True,57.50750771274305,39.13043478260869,4.545454545454541,27.77777777777779,19.999999999999996,39.13043478260869,0.0,-4.1666666666666625,4.347826086956519,8.094264859228373,3.7439312567132177,-0.9090091636625219,10.437962348144069,7.326972136633203,-0.40175220056262173,2.651412505927775,-1.490719499478621,-0.9090091636625219,True,False
LXFR,rainbow_convergence,17.290000915527344,17.151003862857273,17.290000915527344,0.5708725242435002,2.0,True,True,,,,,,,,,,,,0.0,0.8039158201850876,True,-192.30769230769224,True,34.840841576770835,79.99999999999999,-35.0,-192.30769230769224,-78.72340425531914,38.46153846153846,,-220.00000000000003,0.0,-10.22514071294559,-13.505154639175254,-14.79690522243714,-6.539235412474853,14.06436233611441,-4.76730987514189,-5.166846071044128,-12.851782363977481,-14.79690522243714,True,False
LXP,rainbow_convergence,60.869998931884766,60.08868760780341,60.869998931884766,1.2498319710108208,0.0,False,False,,,,,,,,,,,,0.0,1.2835737437019954,False,-110.00000000000001,True,36.50749673834491,-106.38297872340425,-110.00000000000001,745.4545454545457,500.0,,-103.2258064516129,675.0000000000002,-74.46808510638299,-0.6153846153846176,0.20618556701030855,2.935420743639927,6.8560235063663155,-0.30864197530864335,-7.604562737642584,-3.574702108157657,11.897435897435905,-0.6153846153846176,True,False
MDB,rainbow_convergence,427.69000244140625,387.7074843931102,427.69000244140625,3.561947959501811,1.0,True,True,,,,,,,,,,,,0.0,9.348480866997516,True,,False,69.84082926447917,,,,,900.0,,,,30.498882316935006,25.245622151711977,26.74590352262407,18.68883116883118,12.23895313663439,-1.0726946273191817,10.625822644590489,6.240594384192133,18.68883116883118,True,False
MEDP,rainbow_convergence,630.1900024414062,590.9938001728984,630.1900024414062,4.588213562657016,6.0,True,True,,,,,,,,,,,,0.0,6.219743587911362,True,16.621253405994562,True,28.840796077604168,37.09677419354838,16.621253405994562,26.702997275204375,28.239202657807304,-0.7009345794392607,-7.95698924731183,20.46632124352332,24.51612903225806,17.241522199993042,26.502318420251726,32.02842398931025,23.735601902808277,0.10288648238616638,-0.26056884748394404,7.356687270704931,9.380236726994863,17.241522199993042,True,False
MRVL,rainbow_convergence,262.3599853515625,227.98174519357752,262.3599853515625,8.117147998043132,10.0,True,True,,,,,,,,,,,,0.0,13.103461685255896,False,-80.0,False,69.84076822905094,50.0,-80.0,95.65217391304337,,725.0,-91.11111111111111,-79.54545454545456,900.0,36.54852699267235,27.568195008705754,22.080994827775946,36.83134357891959,13.297212341798325,8.973723351512142,6.951072547601833,3.409600717810668,22.080994827775946,True,False
MSGE,rainbow_convergence,80.16999816894531,78.4877542565771,80.16999816894531,1.5815376917850061,3.0,True,True,,,,,,,,,,,,0.0,2.098345953336746,True,-35.29411764705883,False,43.507435899722225,,-35.29411764705883,24.35897435897436,,-290.9090909090909,-94.3298969072165,,,86.79827734711456,2.3041228606653696,12.494802659978754,14.987020349704604,28.61995834302009,-50.3812588723024,175.56618033435618,6.216709732988801,2.3041228606653696,True,False
MTRN,rainbow_convergence,253.3000030517578,247.9687877083219,253.3000030517578,1.4568094245309648,3.0,True,True,,,,,,,,,,,,0.0,2.1047040186361747,True,8.235294117647074,False,35.50743410670139,52.066115702479344,8.235294117647074,,14.018691588785037,100.0,206.66666666666643,-75.40983606557374,0.8264462809917328,42.22046156911259,30.807698712916043,12.104946311382548,1.8531536585645103,11.655002328017684,12.265341375466043,10.104584449919972,3.046393209438958,1.8531536585645103,True,False
MU,rainbow_convergence,1096.1600341796875,957.73478292027,1096.1600341796875,6.66974682497144,4.0,True,True,,,,,,,,,,,,0.0,12.628197247038672,False,175.44910179640718,True,7.840767296388888,1368.452380952381,756.0283687943263,175.44910179640718,249.3827160493827,104.39105219552611,162.3913043478261,62.544169611307396,68.45238095238095,345.7155144608107,196.28709797590963,56.65403605465611,46.0,73.74685666387259,74.888221065748,20.574458683163943,21.65358563595312,46.0,True,True
NBBK,rainbow_convergence,22.780000686645508,22.458916189409216,22.780000686645508,1.344015201710919,13.0,True,True,,,,,,,,,,,,0.0,1.4095017013082176,True,-52.49999999999997,True,28.840769519236108,35.897435897435905,9.090909090909083,-52.49999999999997,104.76190476190474,47.22222222222223,89.47368421052614,-55.81395348837206,10.256410256410241,,,,,,,,,,False,False
NBIS,rainbow_convergence,236.1199951171875,219.38337775065267,236.1199951171875,3.4387826455261052,2.0,True,True,,,,,,,,,,,,0.0,7.088183005521563,True,,False,48.50739920267361,,,,,,,,,,,,,,,,,,False,False
NET,rainbow_convergence,353.0,301.0423211887337,353.0,10.985564817846122,10.0,True,True,,,,,,,,,,,,0.0,14.718889181661844,False,,False,36.84069829456019,,,,,,,,,35.86555953747297,33.536288816018796,33.604162227739785,30.6790333006264,8.801181702370432,4.108659461975206,9.337629686829985,9.703190999305122,30.6790333006264,True,False
NKSH,rainbow_convergence,42.83000183105469,41.183216561331385,42.83000183105469,3.4932109858397795,13.0,True,True,,,,,,,,,,,,0.0,3.8449339232324533,True,52.941176470588246,True,29.840700377662035,119.44444444444446,52.941176470588246,86.00000000000003,64.28571428571428,1.2820512820512775,-16.129032258064523,34.782608695652215,91.66666666666666,5.743755193821176,4.028529267092962,6.873022151898733,2.7379908408847298,2.2837959241571726,-2.1513833626353285,2.4943095599393006,3.0845187466392865,2.7379908408847298,True,False
NRC,rainbow_convergence,21.860000610351562,21.17950655856328,21.860000610351562,1.1284688516683865,1.0,True,True,,,,,,,,,,,,0.0,3.1129644683817754,True,-43.99999999999999,False,33.84070022318287,,-43.99999999999999,18262.962962962964,-25.0,-207.1428571428571,-99.71762807583703,27444.444444444445,,3.977907045067286,3.731632440165722,-4.644105454249869,-3.3808872386163813,1.6923828405597252,-1.1081749211490965,1.6903606102635305,1.674598977613262,-4.644105454249869,True,False
NRGV,rainbow_convergence,4.769999980926514,3.9279119233608157,4.769999980926514,12.470544213672323,12.0,True,True,,,,,,,,,,,,0.0,17.653837755406716,False,,False,47.84070059494213,,,,,,,,,-10.96504955659885,-72.16294214023736,-99.3114102593554,-86.85884455032758,-74.50330136536105,2691.576313594662,-78.26323422770123,-42.45174752217006,-99.3114102593554,True,False
NUAI,rainbow_convergence,6.974999904632568,5.53683791353917,6.974999904632568,14.868709458188947,12.0,True,True,,,,,,,,,,,,0.0,20.61881019006492,False,,False,50.84070867349537,,,,,,,,,,,,,-0.8371530720419407,,,,,False,False
NVDA,rainbow_convergence,228.8699951171875,217.26423992232372,228.8699951171875,2.9102555806400825,3.0,True,True,,,,,,,,,,,,0.0,5.070894150594673,True,66.66666666666667,True,55.84069681740741,127.77777777777777,214.47368421052633,97.75280898876404,66.66666666666667,2.9288702928870203,35.79545454545454,35.384615384615394,20.370370370370374,105.85114348672526,85.22763378875223,73.21451272533118,62.49358645459211,17.896220057587463,19.79831784754944,19.50847279233765,21.95622874013221,62.49358645459211,True,True
PANW,rainbow_convergence,374.57000732421875,352.3760016697729,374.57000732421875,4.753943785257545,6.0,True,True,,,,,,,,,,,,0.0,5.925195616432592,True,-227.77777777777771,True,57.84063298415509,-227.77777777777771,-159.45945945945948,60.52631578947367,-4.081632653061229,,-136.0655737704918,29.78723404255319,30.555555555555515,34.43721663709836,31.14897335080822,14.931324767390342,15.661524076671341,13.590939373750842,15.728604471858132,4.850444624090544,-2.464025231618372,14.931324767390342,True,False
PDEX,rainbow_convergence,72.41000366210938,65.4249837086938,72.41000366210938,7.914945496215295,6.0,True,True,,,,,,,,,,,,0.0,9.646484739885032,True,8.196721311475418,True,36.84062695420139,160.60606060606065,22.44897959183674,8.196721311475418,86.66666666666664,-28.3333333333333,81.81818181818181,-52.85714285714285,324.24242424242414,16.645707099577002,14.557252785115416,11.135592211040324,24.220687805859086,2.2908416461977943,6.89063923270643,0.7177549919050286,5.9220304104264265,11.135592211040324,True,False
PDLB,rainbow_convergence,20.440000534057617,20.27343620755864,20.440000534057617,0.7010010072114995,2.0,True,True,,,,,,,,,,,,0.0,0.8148939439675883,True,39.99999999999999,True,37.50729509741898,39.99999999999999,43.99999999999999,290.90909090909093,170.00000000000003,-2.777777777777779,-16.279069767441857,59.25925925925923,8.000000000000007,,,,,,,,,,False,False
PLPC,rainbow_convergence,425.20001220703125,404.7909352838349,425.20001220703125,2.8320643164438737,2.0,True,True,,,,,,,,,,,,0.0,4.79987684319705,True,-65.5844155844156,True,35.84060609805556,75.390625,-8.154506437768239,-19.248826291079823,-65.5844155844156,109.81308411214954,24.418604651162813,224.52830188679238,-79.296875,25.40079362739607,18.67295898102208,3.585511946719966,21.16987473889762,20.65090368622289,1.8306384994425384,-2.795262989437741,5.0035082340316395,3.585511946719966,True,False
PPIH,rainbow_convergence,30.329999923706055,28.155863706598097,30.329999923706055,6.872872952497435,14.0,True,True,,,,,,,,,,,,0.0,7.1682697744045925,True,-63.934426229508205,True,78.50723028795139,209.99999999999997,-63.934426229508205,165.21739130434767,148.38709677419354,40.90909090909092,-63.93442622950819,-20.779220779220797,670.0,,,,,11.893800408459976,7.586027111574567,14.258967703501968,,,False,False
PRAA,rainbow_convergence,20.579999923706055,19.168753986583944,20.579999923706055,6.104092748175302,7.0,True,True,,,,,,,,,,,,0.0,6.8573660950139255,True,-1611.5942028985507,True,47.84055921517361,39.81481481481482,711.1111111111111,212.76595744680847,-1611.5942028985507,106.84931506849318,-50.340136054421755,,-1065.7407407407406,-1.401191818328229,163.63636363636363,-16.093535075653364,31.96440793976729,-5.334776557909382,253.38797814207652,-52.54149377593361,-37.89660170719923,-16.093535075653364,True,False
PRLB,rainbow_convergence,89.45999908447266,81.96789875583242,89.45999908447266,5.415139251644186,4.0,True,True,,,,,,,,,,,,0.0,8.374804834913775,True,3.4482758620689724,False,37.50722457094908,105.55555555555559,120.00000000000001,,3.4482758620689724,12.12121212121211,32.00000000000001,-16.666666666666664,66.66666666666667,10.571362993565959,10.40450061408027,12.10924024640656,7.7591765576863425,7.180484584027091,2.082890697691453,0.8325576584962358,0.22433975255991,7.7591765576863425,True,False
PSTL,rainbow_convergence,23.940000534057617,23.450231781028204,23.940000534057617,1.505412639006821,7.0,True,True,,,,,,,,,,,,0.0,2.0458176361886715,True,-5.882352941176472,True,41.84055933180556,25.0,83.33333333333334,-5.882352941176472,333.33333333333337,36.36363636363635,-31.24999999999999,23.076923076923062,8.333333333333348,22.40161020941287,20.306997742663647,21.658554848371402,23.689428992728946,7.257580306214351,2.5080781658716633,6.865082627641206,4.17541004667894,20.306997742663647,True,False
PVLA,rainbow_convergence,158.1300048828125,149.50918217322294,158.1300048828125,3.0020342947765193,2.0,True,True,,,,,,,,,,,,0.0,5.451731134757321,True,-999.9999999999993,False,49.50722977991898,,,-999.9999999999993,,,,,,254.36583811344806,84.14835513781279,-56.040627227369924,118.75725900116146,15.0503517726583,193.8386704499392,-34.51022033448368,60.05948587210537,-56.040627227369924,True,False
QQQX,rainbow_convergence,30.81999969482422,29.791367633510454,30.81999969482422,2.092808090498143,4.0,True,True,,,,,,,,,,,,0.0,3.3375472793612935,True,,False,,,,,,,,,,,,,,,,,,,False,False
QRVO,rainbow_convergence,118.44000244140625,103.22627223809035,118.44000244140625,11.580861634793335,14.0,True,True,,,,,,,,,,,,0.0,12.845094469533066,False,-3.0303030303029277,False,47.840499114016204,-3.0303030303029277,306.9767441860465,,,-81.7142857142857,36.71875,374.074074074074,-18.181818181818166,-7.038393327460046,8.364135992238486,1.1460962113082562,-7.657067841397769,-18.59915666205755,-6.1921411654005665,29.27838803680607,-5.8306516353565545,-7.657067841397769,True,False
RAL,rainbow_convergence,69.0,66.09674363879928,69.0,2.9020361300955306,5.0,True,True,,,,,,,,,,,,0.0,4.207617914783649,True,-1603.703703703704,True,33.84053396543982,21.42857142857144,-31.57894736842104,-1603.703703703704,-38.59649122807017,30.76923076923077,,-3580.0000000000005,-16.666666666666675,12.815418239618515,10.95890410958904,4.306940003761528,-0.8619074386359338,6.210250654695093,-3.606202668589975,4.819504819504816,5.126167295847406,-0.8619074386359338,True,False
RBB,rainbow_convergence,26.790000915527344,26.530959984318745,26.790000915527344,0.7362269007712476,7.0,True,True,,,,,,,,,,,,0.0,0.966931401105179,True,13.461538461538458,True,26.84048617471065,13.461538461538458,407.6923076923077,136.0,51.28205128205128,-10.60606060606062,11.86440677966103,0.0,13.461538461538458,4.722412118159247,10.15360437052144,5.1816450465342,5.424185294909778,-1.1294924926965155,0.570530559256599,-0.2963417126507273,5.630914258986075,4.722412118159247,True,False
RIOT,rainbow_convergence,24.93000030517578,21.364143069405674,24.93000030517578,8.276690899463675,4.0,True,True,,,,,,,,,,,,0.0,14.30347850830066,False,-373.9130434782608,False,36.84045428690972,-217.24137931034483,,-373.9130434782608,,,,-826.9230769230768,-55.172413793103445,13.888017360838756,3.6136739638260806,7.206189761360293,112.56929210011086,4.195695465228244,9.414320393113961,-15.201771080125837,17.805971710199486,3.6136739638260806,True,False
RUSHB,rainbow_convergence,54.459999084472656,51.872903650621865,54.459999084472656,4.421136564249004,6.0,True,True,,,,,,,,,,,,0.0,4.750450747966337,True,-14.432989690721653,False,35.84044717479167,1.1111111111111072,5.47945205479452,,-14.432989690721653,18.181818181818187,-4.938271604938271,-2.409638554216853,-7.777777777777784,-1.7822868409209325,-9.580325086605136,-12.52115958429525,-1.0815139313471334,13.375396065601786,-5.1882081143810765,-6.066817681616554,-2.7276046850672864,-12.52115958429525,True,False
RYAM,rainbow_convergence,9.15999984741211,8.494575285625793,9.15999984741211,1.6569606192951989,9.0,True,True,,,,,,,,,,,,0.0,7.264460402521874,True,,False,41.84045150259259,,,,,,,,,10.614383851691533,-9.506670750799806,-0.37301421998371387,-12.033318125269565,17.888831429332576,-24.1996255891744,19.298146169477693,3.7609396320519517,-12.033318125269565,True,False
S,rainbow_convergence,23.850000381469727,21.014385378552767,23.850000381469727,9.332110740360775,6.0,True,True,,,,,,,,,,,,0.0,11.889370891247838,False,,False,71.84045110045139,,,,,,,,,20.5621368964791,20.79561976867559,20.234035854754097,22.912631498993584,5.538988711653792,2.029850305915848,4.727456713258893,6.9079993228261305,20.234035854754097,True,False
SCL,rainbow_convergence,64.37999725341797,61.58655534686047,64.37999725341797,1.8110616437168339,1.0,True,True,,,,,,,,,,,,0.0,4.338990409648071,True,-310.4651162790698,True,35.507115346527776,100.0,-310.4651162790698,57.142857142856826,-54.36893203883495,,-922.7272727272738,-53.19148936170217,-6.000000000000005,15.036430806690548,1.8969920186092004,5.379854606751411,7.944159373274173,13.167711316125974,9.13960634498796,-6.166184412926656,-0.7407233024320226,1.8969920186092004,True,False
SCSC,rainbow_convergence,57.75,55.76087213151524,57.75,2.889850847691267,1.0,True,True,,,,,,,,,,,,0.0,3.4443772614454677,True,5.405405405405417,True,43.50711808888889,40.22988505747127,5.405405405405417,7.14285714285714,28.98550724637683,56.41025641025643,4.0000000000000036,-15.73033707865169,2.298850574712641,17.25014331652901,8.788148349925585,2.543822918352845,-4.632662007787724,24.298699774384126,0.03626818627757711,3.6317177043196036,-9.009381389272297,-4.632662007787724,True,False
SII,rainbow_convergence,131.55999755859375,124.78064820661459,131.55999755859375,3.057704683588724,1.0,True,True,,,,,,,,,,,,0.0,5.153047641977798,True,,False,42.50711836805555,,,,,,,,,,,,,,,,,,False,False
SILC,rainbow_convergence,49.58000183105469,43.43854253118328,49.58000183105469,7.147675828941896,4.0,True,True,,,,,,,,,,,,0.0,12.386968683056145,False,,False,36.50711477967592,,,,,,,,,,,,,,,,,,False,False
SLAB,rainbow_convergence,221.97000122070312,219.24426340346048,221.97000122070312,0.7222281261941812,14.0,True,True,,,,,,,,,,,,0.0,1.2279757635052968,True,,False,41.840441161076384,,,,,,,,,18.327672483082267,20.136849094612685,25.237445037263374,23.801195949397513,6.880093676814991,2.5426740823991656,1.0713644240991416,6.8210220643522,18.327672483082267,True,False
SMTC,rainbow_convergence,174.3300018310547,148.20015575260666,174.3300018310547,14.678100391558417,14.0,True,True,,,,,,,,,,,,0.0,14.988725867031642,False,-141.97530864197532,False,61.84041162483796,22.72727272727273,-141.97530864197532,,,,,,-240.9090909090909,16.098779377080596,9.287853154462633,12.81177323131888,19.61647542958831,6.074734091842338,2.7741157226033764,3.7358882371628432,2.660393192511612,9.287853154462633,True,False
SNDK,rainbow_convergence,1887.0400390625,1595.072551855452,1887.0400390625,8.581793313229289,14.0,True,True,,,,,,,,,,,,0.0,15.472246542903259,False,-48.630136986301366,False,44.84040524335648,,,615.2777777777778,-48.630136986301366,94.65914025184543,347.18446601941747,586.6666666666667,,371.59389794844816,251.03244837758112,61.24733475479744,22.570366436537448,50.67226890756302,96.69421487603307,31.065857885615245,21.409784324039972,22.570366436537448,True,False
SNX,rainbow_convergence,283.25,259.3764910347666,283.25,5.058742818259483,13.0,True,True,,,,,,,,,,,,0.0,8.428423288696694,True,31.73076923076923,True,1.5070768511921298,87.78280542986427,104.04040404040403,32.45614035087716,31.73076923076923,2.722772277227725,33.77483443708611,10.218978102189746,23.98190045248869,30.967485965604236,18.094852862089784,9.685196114275918,6.579713650495833,14.064373594430869,-1.2540436408245759,11.042261785949513,4.714265690238695,6.579713650495833,True,False
SPNT,rainbow_convergence,25.479999542236328,24.24462600062343,25.479999542236328,2.973596859099407,7.0,True,True,,,,,,,,,,,,0.0,4.848404881503665,True,15.999999999999993,False,36.84040150280093,15.999999999999993,67.3469387755102,,2333.333333333333,-29.268292682926834,-57.29166666666667,163.01369863013701,46.0,-0.5479818230419653,6.503506118520552,58.893603133159274,34.45393098541445,-3.937516137361219,-20.44777652254288,28.813335097235093,1.0291365944934405,-0.5479818230419653,True,False
STK,rainbow_convergence,54.150001525878906,51.77234613992592,54.150001525878906,2.6743387865654853,4.0,True,True,,,,,,,,,,,,0.0,4.390868548390854,True,,False,,,,,,,,,,,,,,,,,,,False,False
TD,rainbow_convergence,122.6500015258789,120.60023189924975,122.6500015258789,1.5246478811142508,8.0,True,True,,,,,,,,,,,,0.0,1.6712348969654593,True,,False,71.50702871462963,,,,,,,,,,,,,,,,,,False,False
TECH,rainbow_convergence,72.55000305175781,71.33518778453458,72.55000305175781,1.5218793567502453,0.0,False,False,,,,,,,,,,,,0.0,1.6744523998938639,False,9.090909090909083,False,47.5070028412037,,128.57142857142856,9.090909090909083,14.28571428571428,12.499999999999956,33.33333333333335,0.0,,1.3335857271307594,-1.5073644526394703,-0.38851163683252254,-1.0029088848814038,3.1395404845623975,5.251506538189865,3.253127671825662,-9.594119224520059,-1.5073644526394703,True,False
TEO,rainbow_convergence,14.180000305175781,13.505991930891206,14.180000305175781,3.274149799759375,7.0,True,True,,,,,,,,,,,,0.0,4.753232438496906,True,,False,47.507000314085644,,,,,,,,,,,,,,,,,,False,False
TEVA,rainbow_convergence,39.52000045776367,36.79881877172253,39.52000045776367,6.243171399665302,7.0,True,True,,,,,,,,,,,,0.0,6.885581109619062,True,-304.16666666666663,False,42.84036240795139,-304.16666666666663,72.22222222222223,,,-258.06451612903226,-26.190476190476176,13.513513513513487,54.16666666666667,-0.8141762452107293,2.338730403495237,11.397493497280674,3.416435826408115,4.018081366147674,-15.474421566546381,5.156249999999996,7.279693486590033,-0.8141762452107293,True,False
TGB,rainbow_convergence,9.359999656677246,8.329996380403383,9.359999656677246,4.471581513604251,2.0,True,True,,,,,,,,,,,,0.0,11.004308910835038,False,,False,49.84033588700231,,,,,,,,,,,,,,,,,,False,False
TGTX,rainbow_convergence,58.11000061035156,53.982654404286585,58.11000061035156,4.978343335745193,5.0,True,True,,,,,,,,,,,,0.0,7.102643542787613,True,-70.58823529411764,True,40.507001872997684,-70.58823529411764,300.0,-12.500000000000199,12050.0,-58.33333333333333,-14.285714285714091,-94.23868312757203,1329.4117647058824,70.27162977867204,69.55550407096047,78.00434441003836,92.78842141656433,17.283498765359795,6.41000342725393,19.086754602403076,14.56697934083373,69.55550407096047,True,False
THM,rainbow_convergence,2.950000047683716,2.475747957968771,2.950000047683716,6.340353461874479,2.0,True,True,,,,,,,,,,,,0.0,16.076341764377883,False,,False,44.84033559771991,,,,,-200.0,,,,,,,,,,,,,False,False
TSM,rainbow_convergence,452.0,423.22526749868547,452.0,3.583311471400239,12.0,True,True,,,,,,,,,,,,0.0,6.366091261352773,True,,False,22.507002397708334,,,,,,,,,,,,,,,,,,False,False
TWIN,rainbow_convergence,25.93000030517578,23.76066244113266,25.93000030517578,5.595099697172767,11.0,True,True,,,,,,,,,,,,0.0,8.366131270774067,True,20.000000000000128,False,42.50700019791667,20.000000000000128,,2114.285714285714,,-47.8260869565217,-85.16129032258064,,-140.0,18.33095430190943,19.01971886462668,0.2880306046418424,9.738398013635674,18.311374025275605,7.223331115546694,12.730636531826601,-17.255218353710255,0.2880306046418424,True,False
TWN,rainbow_convergence,102.27999877929688,97.90324572574275,102.27999877929688,3.0826300333991563,2.0,True,True,,,,,,,,,,,,0.0,4.279187627874758,True,,False,,,,,,,,,,,,,,,,,,,False,False
UMC,rainbow_convergence,25.770000457763672,21.36717577475545,25.770000457763672,12.785957407234584,12.0,True,True,,,,,,,,,,,,0.0,17.085078016293917,False,,False,35.50700159003472,,,,,,,,,,,,,,,,,,False,False
UTMD,rainbow_convergence,76.66000366210938,71.31959535083371,76.66000366210938,4.3355870581059905,6.0,True,True,,,,,,,,,,,,0.0,6.966355408505234,True,-19.60784313725491,True,29.507002755092593,-10.638297872340418,-10.869565217391308,-8.045977011494232,-19.60784313725491,2.4390243902439046,2.499999999999969,-2.43902439024386,-12.765957446808507,-14.307244047020994,-10.175077239958807,-1.2338938632889263,-1.9290354822588673,-2.212795230451736,-3.571033720287453,-7.816958825927434,-1.4166582939817096,-14.307244047020994,True,False
VBNK,rainbow_convergence,23.18000030517578,21.067966302215275,23.18000030517578,7.9485318142168655,12.0,True,True,,,,,,,,,,,,0.0,9.1114494182682,True,,False,77.5069322828125,,,,,,,,,,,,,,,,,,False,False
VGZ,rainbow_convergence,2.819999933242798,2.2270726249666843,2.819999933242798,10.978313115082749,3.0,True,True,,,,,,,,,,,,0.0,21.025791571359704,False,,False,36.84026398266204,,,,,,,,,,,,,,,,,,False,False
VLGEA,rainbow_convergence,45.18000030517578,43.54561354626725,45.18000030517578,2.249716185696765,7.0,True,True,,,,,,,,,,,,0.0,3.617500548625051,True,,False,13.506931738032408,,,,,,,,,1.5821341957780177,6.88867357846481,4.464072785042772,3.707130467265163,-10.667140955973785,10.018314672507223,-2.8482189459922314,6.387436598429219,1.5821341957780177,True,False
VNCE,rainbow_convergence,10.140000343322754,7.136776558348014,10.140000343322754,22.92399466910824,6.0,True,True,,,,,,,,,,,,0.0,29.617590564998146,False,-38.235294117647065,False,76.5069319082176,-13.978494623655912,,,-38.235294117647065,,,-233.33333333333334,-77.41935483870968,11.66969320462583,10.532856920925893,4.699186991869908,6.192460267957389,27.723900991645188,-23.501021419952927,-1.6669407701524808,16.22724976447618,4.699186991869908,True,False
VTRS,rainbow_convergence,17.18000030517578,16.67825975235988,17.18000030517578,2.0911776304705425,7.0,True,True,,,,,,,,,,,,0.0,2.920492106538213,True,-237.5,False,43.50693203528935,,,,-237.5,-166.66666666666669,,,,4.9565704679181755,8.217192895905278,4.986630255447455,0.2541466024612138,6.729919936176887,-4.904218711897467,-1.5156771180787176,5.001400952647805,0.2541466024612138,True,False
W,rainbow_convergence,107.3499984741211,99.37274949169674,107.3499984741211,4.86554466243954,7.0,True,True,,,,,,,,,,,,0.0,7.431065762285441,True,-109.09090909090908,False,34.506929951261576,-109.09090909090908,,,,,,,-790.9090909090909,7.5160403299725065,7.362637362637359,6.920858699134902,8.07905686546464,20.061412487205722,-12.166616721606239,7.058068655758731,-4.766269477543538,6.920858699134902,True,False
WAT,rainbow_convergence,425.739990234375,405.88772343885876,425.739990234375,3.9444696300546687,6.0,True,True,,,,,,,,,,,,0.0,4.663002595689292,True,-156.27530364372467,True,37.50692912763889,-156.27530364372467,-142.85714285714286,-3.0927835051546615,-7.749077490774903,,-123.13829787234043,50.4,1.2145748987854255,113.35927367055771,91.38972809667673,6.839010259947709,8.04830441507216,29.834254143646397,35.88603162380053,16.56633999552437,3.7466926070038875,6.839010259947709,True,False
WBD,rainbow_convergence,30.829999923706055,28.066280755659566,30.829999923706055,4.897722557799094,2.0,True,True,,,,,,,,,,,,0.0,8.964382662620078,True,-220.00000000000003,False,43.506922623576386,-90.47619047619048,,,-220.00000000000003,,,,-109.52380952380953,-11.159804321239298,-0.9577903998218118,-5.654732222997905,-6.006442897225394,-1.9790846733385825,-5.993657505285411,4.588170259812041,-7.816958825927434,-11.159804321239298,True,False
WCC,rainbow_convergence,362.0799865722656,345.721173399601,362.0799865722656,1.5375680086062924,6.0,True,True,,,,,,,,,,,,0.0,4.518010875864756,True,-0.5249343832021025,True,36.50687503230324,10.44386422976502,48.09523809523808,10.6312292358804,-0.5249343832021025,36.01286173633442,-6.606606606606613,-12.137203166226907,-1.0443864229765065,12.975455963116133,13.7807137376724,10.342382311762455,12.928553211644257,9.621552277100708,0.19115102578890486,-2.106757432530526,5.076615363753478,10.342382311762455,True,False
WST,rainbow_convergence,371.0899963378906,349.8964622502447,371.0899963378906,3.8768453985022293,7.0,True,True,,,,,,,,,,,,0.0,5.711157481148707,True,2.2471910112359605,True,29.506874237673614,18.13186813186811,56.09756097560976,2.2471910112359605,3.7837837837837673,11.979166666666675,5.494505494505475,-5.208333333333314,5.494505494505497,13.803000652315722,21.0458452722063,7.505341880341887,7.725264426295353,3.2429873357793904,4.956521739130437,0.0497141436738735,4.9706457925636105,7.505341880341887,True,False
XMTR,rainbow_convergence,105.12999725341797,91.16321662444201,105.12999725341797,7.035923006551584,4.0,True,True,,,,,,,,,,,,0.0,13.285247782617885,False,,False,41.506874373900466,,,,,,,,,41.054587288599606,35.87907611395566,29.52082183296756,27.535321599457994,11.768663046339544,6.621690454162721,6.464875632902634,11.177074938325537,27.535321599457994,True,False
ZBIO,rainbow_convergence,33.04999923706055,31.23136967280059,33.04999923706055,3.5310846753175826,1.0,True,True,,,,,,,,,,,,0.0,5.502661440974077,True,-114.66666666666667,False,50.50687394962963,,,-114.66666666666667,,,,,,,,,,-90.0,-80.0,,,,False,False
ZD,rainbow_convergence,58.20000076293945,55.39959978312524,58.20000076293945,4.36117677778346,8.0,True,True,,,,,,,,,,,,0.0,4.8116854692508015,True,-97.38562091503267,False,43.840206409201386,2623.809523809524,3.5087719298245723,-97.38562091503267,,2808.4745762711864,1374.9999999999986,,-114.28571428571428,-2.7357252131084198,-1.896882880769457,25.94695547486452,2.8652638723909662,7.13530438161567,-48.52443945239625,42.95360877179959,23.374253314925554,-2.7357252131084198,True,False
ABBV,vcp,266.9700012207031,246.77000427246094,265.2099914550781,,,,False,2.0,10%->8%,9.821663795030315,7.566392049997754,0.6741745065486073,38.0,,,,,,-0.6592537579418919,6.952976047940711,False,-88.63636363636364,False,36.50822846771991,290.38461538461536,-45.83333333333333,,-88.63636363636364,420.51282051282044,-61.764705882352935,919.9999999999998,-80.76923076923077,7.313606409096773,17.741243745532522,19.210829493087566,21.352095442031207,0.8377853326857698,-0.5073689296931638,4.335770103352665,2.51970538829307,7.313606409096773,True,False
ACHC,vcp,29.799999237060547,26.969999313354492,29.3700008392334,,,,False,2.0,18%->9%,18.314568743643864,9.496644282415103,0.7028363075412825,18.0,,,,,,-1.4429476806576027,8.171608639087632,False,-3705.555555555557,True,42.84152453008102,-44.44444444444444,-3705.555555555557,-45.945945945945944,-61.1764705882353,,-3344.9999999999995,21.212121212121215,266.6666666666667,7.566076793791088,6.0990289807526965,4.406265555383904,9.194512838550818,0.893897321716608,-3.5362793324823616,-2.031563495131339,12.813284793739177,4.406265555383904,True,False
AEM,vcp,208.63999938964844,192.6999969482422,203.5500030517578,,,,False,3.0,16%->14%->8%,16.300217963308075,7.639955180232379,0.665861284820921,57.0,,,,,,-2.4396071476134993,5.330388573247396,False,,False,35.84156270291666,,,,,,,,,,,,,,,,,,False,False
AGRO,vcp,12.119999885559082,10.920000076293945,10.930000305175781,,,,False,2.0,12%->10%,11.727912466566409,9.90098861877821,0.8126437573601263,8.0,,,,,,-9.818478478710047,0.0914933998409903,False,,False,49.84156301424768,,,,,,,,,,,,,,,,,,False,False
ALTO,vcp,4.230000019073486,3.809999942779541,3.819999933242798,,,,False,2.0,13%->10%,12.500004063952966,9.929079773052568,0.7199571387711152,21.0,,,,,,-9.692673380188126,0.2617798596338677,False,,False,42.84153549663194,,,,,199.99999999999994,-82.14285714285714,47.36842105263159,,128.34768804274427,49.25046525372814,40.56885804011807,-29.75876995799669,26.16083467514956,2.4977357351313234,36.288825696965255,29.567937068322102,-29.75876995799669,True,False
AMAT,vcp,474.0400085449219,411.510009765625,472.4599914550781,,,,False,2.0,21%->13%,20.9748516895046,13.190869473493247,0.7910911492216578,25.0,,,,,,-0.33330880545160174,12.90055936836893,False,12.918660287081352,True,50.841534250532405,42.79279279279278,33.460076045627375,75.17241379310346,12.918660287081352,-9.686609686609682,38.188976377952756,7.627118644067776,6.3063063063063085,24.82881402355519,11.40845070422536,-2.149037119732067,-3.477643718949608,15.233881163084707,12.806617227609806,3.117647058823536,-6.874828814023559,-3.477643718949608,True,False
AMLX,vcp,34.345001220703125,31.899999618530273,33.0,,,,False,3.0,20%->12%->7%,19.834710667169606,7.118944577876467,0.5589611130587806,21.0,,,,,,-3.916148414321092,3.3333344893022017,False,,False,43.508190140324075,,,,,,,,,,-100.0,,-100.0,,,,,-100.0,False,False
ANDE,vcp,72.69000244140625,66.79000091552734,66.94000244140625,,,,False,3.0,18%->11%->8%,17.517775700530823,8.116661614690084,0.8131061268856544,34.0,,,,,,-7.910303765135988,0.22408353810594075,False,-78.0952380952381,True,41.84148486033565,16400.0,-25.954198473282418,-26.250000000000007,-78.0952380952381,70.10309278350515,64.40677966101696,156.52173913043475,2200.0,3.604358447284528,1.7215562847384902,-3.4684260682986134,23.992535137341807,46.52457393246119,14.999348920874201,10.941227062293812,-44.57838055232818,-3.4684260682986134,True,False
AROW,vcp,40.803119951084696,36.95000076293945,37.459999084472656,,,,False,2.0,12%->9%,12.154575303603046,9.443197463244015,0.7864359799713878,47.0,,,,,,-8.193297156246425,1.3614477682798445,False,1.538461538461533,True,36.50815164512731,1.538461538461533,115.78947368421053,214.81481481481475,45.28301886792452,-19.512195121951216,-3.52941176470587,10.389610389610372,18.461538461538463,,,,,,,,,,False,False
ASC,vcp,19.3700008392334,17.770000457763672,17.770000457763672,,,,False,2.0,11%->8%,10.735063109172238,8.26019779115843,0.8408779786771833,21.0,,,,,,-8.26019779115843,0.0,False,,False,42.50814854653935,,,,,,,,,,,,,,,,,,False,False
ASTI,vcp,3.1500000953674316,2.7149999141693115,3.140000104904175,,,,False,2.0,17%->14%,17.487680299467836,13.809529143756407,0.572983975187387,12.0,,,,,,-0.31746000509534544,13.535037469300763,False,-100.33497536945812,False,,,,-100.33497536945812,,,,,,461.3053475620541,232.46287762416796,,233.906432748538,83.28007084552596,232.1439989769167,-45.22049809100144,68.32144331112553,232.46287762416796,False,False
ATEN,vcp,27.219999313354492,24.09000015258789,26.700000762939453,,,,False,2.0,15%->11%,14.75467016719612,11.498895076132431,0.7246130897920028,30.0,,,,,,-1.9103547521396185,9.77528290551338,False,-45.83333333333337,True,41.84148451696759,-14.285714285714302,30.76923076923077,-45.83333333333337,0.0,-29.41176470588236,30.76923076923088,-23.529411764705955,21.42857142857142,15.499473934537278,13.400970712309302,8.289310549296536,11.931775602883654,6.8493333333333295,-6.664177711405639,7.596207921587528,7.6373174985227,8.289310549296536,True,False
AVBH,vcp,34.04999923706055,31.09000015258789,31.799999237060547,,,,False,2.0,12%->9%,11.702750041796492,8.693095890736313,0.4845013913156021,56.0,,,,,,-6.607929663478715,2.2327015770654635,False,-995.6521739130435,True,29.841474707986112,-5.333333333333334,18.309859154929576,-46.753246753246735,-995.6521739130435,-15.476190476190476,104.87804878048772,,-649.3333333333334,,,,,13.213386942813333,,,,,False,False
AVTR,vcp,16.049999237060547,14.90999984741211,14.9399995803833,,,,False,2.0,11%->7%,10.533515553404099,7.10280027313709,0.7043951541515406,38.0,,,,,,-6.915886040132518,0.20080143114985105,False,-1400.0,True,35.50813493649306,-33.333333333333336,-89.04109589041094,-1400.0,-35.71428571428572,-25.000000000000068,,-1255.5555555555557,0.0,0.1635940351097931,-1.4183979753987441,-6.059039742706185,-1.5284477247631822,-4.961194029850747,2.4026410711010637,-3.4643531633616664,6.612974265399862,-6.059039742706185,True,False
B,vcp,45.810001373291016,41.880001068115234,43.880001068115234,,,,False,2.0,13%->9%,12.566737142781085,8.578913310112062,0.6434416582434472,19.0,,,,,,-4.213054458236811,4.55788503034762,False,,False,47.50812881670139,,,,,,,,,,,,,,,,,,False,False
BALL,vcp,67.33545870591831,59.34000015258789,59.970001220703125,,,,False,2.0,20%->12%,20.20994007983195,11.874068591779977,0.6236441217551417,108.0,,,,,,-10.938452973764054,1.0505270223301955,False,9.210526315789469,True,41.50811751509259,9.210526315789469,22.222222222222232,217.3913043478255,81.53846153846152,7.792207792207795,5.47945205479452,-38.13559322033898,55.263157894736835,,,,,11.34649910233394,-2.4518388791593737,15.446825717751711,,,False,False
BBGI,vcp,18.5,16.329999923706055,16.90999984741211,,,,False,2.0,25%->12%,24.525477966122363,11.729730142129434,0.3138980564723139,14.0,,,,,,-8.594595419394004,3.429922702186289,False,,False,47.84140446422453,,,,,2496.045197740113,,,,-16.74350450703401,-12.928667569708463,-21.15625014676269,-12.395696203802032,3.6088580700976536,-19.72024530255707,4.067240381092296,-3.8163698666205947,-21.15625014676269,True,False
BCX,vcp,13.27641773223877,12.140000343322754,12.380000114440918,,,,False,3.0,18%->14%->9%,18.00867571477594,8.559668819070703,0.5605371853150888,141.0,,,,,,-6.751953997508715,1.9386087956349143,False,,False,,,,,,,,,,,,,,,,,,,False,False
BELFA,vcp,210.4199981689453,188.00999450683594,203.2100067138672,,,,False,2.0,23%->11%,22.964141393069664,10.650130147856233,0.5561651629683817,25.0,,,,,,-3.4264763415163864,7.47995261298025,False,,False,35.84139205013889,,,,,,,,,25.18493871027161,17.244708942576747,17.402358216723712,44.76131933547938,18.03676375839678,1.4510793575009284,-1.6996312437143835,6.3464429378665255,17.244708942576747,True,False
BLZE,vcp,14.1899995803833,12.149999618530273,14.300000190734863,,,,True,2.0,35%->14%,34.59787553976422,14.37632150936204,0.6362720999536738,24.0,,,,,,0.7751981226527362,15.034968835857782,False,,False,43.84139726123843,,,,,,,,,17.673150035814643,11.709473319273101,11.768188006866742,14.032342201356297,10.466559768271866,2.393940998887767,1.6145524998654626,2.380296435065299,11.709473319273101,True,False
BMA,vcp,80.7699966430664,72.93499755859375,74.5999984741211,,,,False,2.0,26%->10%,25.752684415918132,9.700383075533086,0.6322531495664984,36.0,,,,,,-7.638972917395767,2.231904758154836,False,,False,63.841406687870375,,,,,,,,,,,,,,,,,,False,False
BOW,vcp,33.20000076293945,30.049999237060547,33.86000061035156,,,,True,3.0,17%->13%->9%,17.278206565235365,9.487956185215497,0.6628332462101412,87.0,,,,,,1.9879513019435076,11.252218855915304,False,2.220446049250313e-14,True,41.508071070219906,33.33333333333333,41.17647058823528,2.220446049250313e-14,25.0,0.0,9.090909090909038,-2.222222222222192,25.0,22.957610139348517,26.873431337396923,27.109084966772535,23.270612618939545,5.24297660796178,2.647714236738352,5.3817080287913655,8.005973150837065,22.957610139348517,True,False
BPOP,vcp,178.26144933737996,158.00999450683594,160.19000244140625,,,,False,2.0,16%->11%,16.154306766705513,11.360535273229969,0.8498701625541942,153.0,,,,,,-10.137607970286076,1.3608888827926127,False,39.84063745019923,True,29.508058580891202,40.77669902912622,47.65625,39.84063745019923,45.370370370370374,15.07936507936507,7.692307692307643,11.783439490445913,1.6181229773462924,,,,,3.1305828553258586,2.6266043927379634,,,,False,False
BSTZ,vcp,30.195972882416992,27.700000762939453,29.920000076293945,,,,False,2.0,11%->8%,10.912766821597518,8.26591058747087,0.8234379076126339,42.0,,,,,,-0.9139391110122,7.419783782398551,False,,False,,,,,,,,,,,,,,,,,,,False,False
BURU,vcp,1.100000023841858,0.9900000095367432,1.0399999618530273,,,,False,2.0,55%->10%,54.871796219855185,10.00000108372079,0.2634985505868935,6.0,,,,,,-5.454550971669479,4.8076878990645735,False,,False,,,,,,,,,,,,-100.0,,28.77093738654315,,,,-100.0,False,False
BWB,vcp,22.6200008392334,20.420799255371094,20.829999923706055,,,,False,2.0,12%->10%,12.350601578936791,9.722376225768684,0.6580803868015059,47.0,,,,,,-7.913354770627001,1.9644775316070013,False,18.421052631578938,True,27.841362774467594,18.421052631578938,87.09677419354837,61.5384615384615,40.74074074074075,-22.413793103448263,38.095238095238116,10.526315789473673,0.0,,,,,,,,,,False,False
BWLP,vcp,26.469999313354492,24.315000534057617,24.440000534057617,,,,False,2.0,10%->8%,9.950929938216914,8.141287628253346,0.7474185900435993,19.0,,,,,,-7.669054899720801,0.5114566173016653,False,,False,61.84138433333333,,,,,,,,,,,,,,,,,,False,False
BWMX,vcp,17.475358920304394,15.152000427246094,16.75,,,,False,2.0,18%->13%,18.20349711504087,13.295054503051269,0.7540751471253961,50.0,,,,,,-4.150752631819248,9.540295956739739,False,,False,29.841324202962962,,,,,,,,,,,,,,,,,,False,False
CCSI,vcp,38.56999969482422,34.36000061035156,36.470001220703125,,,,False,2.0,19%->11%,18.74085014876668,10.915216794874913,0.7552700092382632,17.0,,,,,,-5.444642184954169,5.785578666648815,False,5.504587155963292,True,42.841325025300925,33.644859813084096,21.495327102803728,15.217391304347782,5.504587155963292,9.999999999999986,22.641509433962305,-7.826086956521761,7.47663551401867,4.445326228671842,1.7570699517062582,0.6147400233532441,0.12894177261004724,3.3637016425814625,1.4074251060973264,-0.7173033910941373,0.36392494756534166,0.12894177261004724,True,False
CEVA,vcp,29.309999465942383,26.8799991607666,33.36000061035156,,,,True,3.0,22%->12%->8%,21.936051532970822,8.290686965038644,0.4389853197761867,25.0,,,,,,13.81781377756488,19.424464421545082,False,-600.0,False,47.50799685836806,,-55.555555555555515,,-600.0,-362.4999999999998,,,,35.58585905758185,54.47582028123927,6.795874230577281,17.83718104495746,7.434132622853751,5.241841264896019,5.910497009692728,13.225610610376881,6.795874230577281,True,False
CHRN,vcp,19.530000686645508,17.780000686645508,21.200000762939453,,,,True,3.0,29%->19%->9%,29.011084771038732,8.960573161662195,0.38864898210980875,17.0,,,,,,8.550947350636198,16.13207525101877,False,-142.23602484472048,False,,,-142.23602484472048,,,,,,,-36.56296296296296,-38.31041257367387,2.3734560426253326,-58.44444444444444,-31.81528662420382,-25.715637568015136,105.49343704423917,-39.05185185185185,-58.44444444444444,True,False
CLDT,vcp,13.890000343322754,12.529999732971191,13.239999771118164,,,,False,2.0,12%->10%,12.17579625449225,9.791220854831343,0.6514018421736494,39.0,,,,,,-4.679629633825461,5.3625381451725715,False,-40.0,False,42.50799146993056,85.7142857142857,,,-40.0,,-360.0,66.66666666666667,-57.14285714285715,3.91820470959352,0.5026458076342166,2.37108764619538,1.2260774395835172,-13.841953726326894,0.8071323673955577,26.351854828105136,-5.305902210907886,0.5026458076342166,True,False
CLS,vcp,353.9599914550781,328.9200134277344,356.0899963378906,,,,True,2.0,11%->7%,11.3314447592068,7.074239640589896,0.836119995141897,7.0,,,,,,0.6017643050719826,7.630088794849181,True,74.17582417582416,True,33.84130304638889,74.17582417582416,147.29729729729732,77.51937984496129,208.0,73.22404371584699,-20.087336244541486,-0.8658008658008698,26.923076923076916,62.39026750535701,52.79770444763272,43.57151274698512,27.78555711142228,16.100815418828752,10.72806369531314,14.43018159048215,10.38916154005669,27.78555711142228,True,False
CNQ,vcp,51.84456626668263,47.18000030517578,47.77000045776367,,,,False,2.0,19%->9%,18.696740425365828,8.997212817854125,0.836696131546431,76.0,,,,,,-7.859195480505798,1.2350850888300602,False,,False,43.50798564237269,,,,,,,,,,,,,,,,,,False,False
CON,vcp,35.83495432698202,33.31999969482422,34.880001068115234,,,,False,2.0,8%->7%,8.323188023870019,7.018160562476735,0.7649576744928924,38.0,,,,,,-2.664865288101547,4.472480864448871,False,2.7027027027026973,True,43.8412860434375,45.71428571428573,30.000000000000004,124.99999999999983,2.7027027027026973,30.76923076923077,44.44444444444444,-28.947368421052634,8.571428571428585,10.030229581415618,13.739935137553116,15.920961807668576,16.98438438193115,6.404122516701638,5.653149810788749,-5.886871508379887,3.997022431620323,10.030229581415618,True,False
CPAY,vcp,427.4599914550781,388.19000244140625,392.95001220703125,,,,False,2.0,12%->9%,11.831234755976244,9.186822111701364,0.35822452417451195,66.0,,,,,,-8.073265320240745,1.2113524921121828,False,-7.0351758793969825,True,42.8412854512037,-7.0351758793969825,49.117647058823536,9.037900874635518,0.2564102564102555,-27.02169625246549,35.56149732620322,-4.347826086956519,-1.7587939698492372,,,,,12.502473901539691,,,,,False,False
CPIX,vcp,6.900000095367432,6.239999771118164,8.199999809265137,,,,True,2.0,31%->10%,31.441044602390683,9.565221958364653,0.27655579399141633,16.0,,,,,,18.84057530333235,23.902440045576327,False,-375.0,False,41.84128386744213,,-375.0,,,,,,,-18.787983755826943,-22.041542535230985,31.077193778317213,-8.732986962330113,-3.614768822503922,-33.24402384416416,64.95482228103404,-23.48358175323646,-22.041542535230985,True,False
CRSR,vcp,13.630000114440918,12.670000076293945,13.579999923706055,,,,False,2.0,23%->7%,23.11111126303056,7.043287087942556,0.7349922836762416,27.0,,,,,,-0.36683925396220884,6.701029841860011,False,2199.9999999999723,False,41.841284470208336,,,2199.9999999999723,,-45.45454545454546,-52.17391304347826,,,-1.8046808616984045,-4.121162947937796,5.616708935431536,13.663424271611667,-11.333043733357407,-18.849046022135497,26.3452133397732,8.013132903483777,-4.121162947937796,True,False
CSTM,vcp,28.100000381469727,25.040000915527344,25.329999923706055,,,,False,2.0,17%->11%,16.52032495514164,10.889677666909463,0.8261185465854537,28.0,,,,,,-9.85765274078189,1.1448835730445628,False,-50.98039215686274,False,35.507949575983794,446.1538461538461,,1139.9999999999998,-50.98039215686274,79.74683544303795,27.419354838709676,148.0,-3.8461538461538547,24.355735219807983,27.89076118535736,20.199778024417302,8.850931677018625,11.812812358019077,1.6158818097876226,2.9957203994293913,6.265790803436078,8.850931677018625,True,False
CURR,vcp,3.3499999046325684,2.9200000762939453,3.059999942779541,,,,False,3.0,42%->20%->13%,41.73228183854894,12.835816136710784,0.04744488767583456,12.0,,,,,,-8.65671552563327,4.575159121030156,False,,False,43.50795255277778,,,,,,,,,,,,,-10.69429282230564,-14.075012879534176,2.885994139541892,,,False,False
CVU,vcp,5.349999904632568,4.940000057220459,5.119999885559082,,,,False,2.0,17%->8%,16.55518804009483,7.663548686367083,0.5504088914148589,26.0,,,,,,-4.299065853708318,3.515621725819001,False,-50.0,False,,,,-50.0,50.0,-44.44444444444444,124.99999999999996,-55.55555555555555,,15.827175088285816,12.722432776679993,-10.815211369165457,-0.776405455461382,1.2764560246175893,-10.577106238370737,0.7483690729334525,26.944890305807156,-10.815211369165457,True,False
DGXX,vcp,3.9049999713897705,3.559999942779541,4.360000133514404,,,,True,3.0,22%->12%->9%,21.779861145465595,8.83482794207155,0.5547126436781609,17.0,,,,,,11.651732790223337,18.348627665981706,False,,False,50.50788869185185,,,,,,,,,,,,,-2.3962701944504117,-16.27458515128798,-12.55996413336069,,,False,False
DRH,vcp,12.970000267028809,11.850000381469727,12.3100004196167,,,,False,2.0,13%->9%,13.052938330051953,8.635311198923002,0.767098774088747,35.0,,,,,,-5.08866487142566,3.7367995326298766,False,-9.090909090909083,False,41.84122174405093,144.44444444444446,75.00000000000003,,-9.090909090909083,528.5714285714286,-41.666666666666664,19.999999999999996,-44.44444444444444,4.110297003794328,1.2983955456675078,-1.6187005242769281,0.08943320391823217,23.289252484873835,-5.9635600690624795,-3.801894990609145,-6.651838283396572,-1.6187005242769281,True,False
DUOT,vcp,9.145000457763672,7.949999809265137,9.180000305175781,,,,True,2.0,22%->13%,21.60377244755826,13.067256300507193,0.7659816333808844,17.0,,,,,,0.382721111647361,13.398697767113987,False,,False,50.84122061789352,,,,,,,,,29.507153652910635,-45.03381840541094,613.7039387348979,112.33325408856683,126.86854318491329,-73.89138270709721,51.597367739556454,44.22612769935763,-45.03381840541094,True,False
EGBN,vcp,29.1299991607666,26.520000457763672,28.020000457763672,,,,False,2.0,14%->9%,14.387457392229871,8.959831027108905,0.5534274967375451,47.0,,,,,,-3.810500291733336,5.353318970358496,False,-408.33333333333337,False,28.841220677627316,,700.0,-117.64705882352939,-408.33333333333337,-52.08333333333333,,,,,,,,,,,,,False,False
ELV,vcp,394.28389763807013,361.4070000897202,402.42999267578125,,,,True,2.0,16%->8%,16.24334785811254,8.338381999695308,0.4566243791788239,49.0,,,,,,2.066048115713,10.193820871376085,False,-16.753381893860553,True,28.507885723171295,-13.082901554404147,-16.753381893860553,36.17021276595764,22.018348623853214,-16.125,212.49999999999974,-51.87969924812026,-31.088082901554404,1.402282224365159,2.638522427440626,9.473614717662082,12.426284751474315,0.5838863314800324,0.8724144169497627,-1.900968231744593,1.8784153005464432,1.402282224365159,True,False
EQBK,vcp,52.27000045776367,48.59000015258789,48.560001373291016,,,,False,3.0,12%->9%->7%,12.186608209156905,7.040367845700277,0.7466407295850067,158.0,,,,,,-7.0977598086506415,-0.061776726623765994,False,-221.09375,True,20.841144320462963,47.67441860465116,-5.88235294117646,0.9433962264151052,-221.09375,58.74999999999999,-25.233644859813086,,-280.2325581395349,,,,,,,,,,False,False
ESTA,vcp,76.41999816894531,67.52999877929688,70.23999786376953,,,,False,3.0,24%->17%->12%,24.346752124644564,11.633079825512288,0.3784973379842115,35.0,,,,,,-8.086888842254826,3.858199269494141,False,,False,42.50783391125,,,,,,,,,31.6608187134503,44.710829687990916,45.16107292087883,33.69627364705296,12.801242547221815,-7.335530897441844,20.14614555055594,4.838206627680308,31.6608187134503,True,False
EXEL,vcp,59.720001220703125,54.54999923706055,58.150001525878906,,,,False,2.0,12%->9%,12.256364264666706,8.657069454061388,0.6340373032972816,33.0,,,,,,-2.6289344653930566,6.190889414192405,False,26.15384615384615,True,34.84113618148148,26.15384615384615,43.636363636363626,89.36170212765953,72.49999999999999,3.797468354430378,-11.235955056179737,28.985507246376784,6.153846153846132,10.63402204268813,9.96764767835636,5.62994592019479,10.789336140652628,2.926923505104684,2.0293554136467495,0.15190169885654914,5.190220690844516,5.62994592019479,True,False
FF,vcp,5.539528527530404,5.150000095367432,5.289999961853027,,,,False,2.0,28%->7%,27.610874479959328,7.031797565931651,0.4704764838775929,29.0,,,,,,-4.504509082989052,2.6465003307212753,False,-416.66666666666686,False,47.84113661635416,,,-416.66666666666686,,,,,,120.6879152300059,82.18725054168092,-67.74130615031946,-55.633554947203756,146.38833249874813,61.032154016732186,-12.547930715324608,-36.39727525018922,-67.74130615031946,True,False
FIGS,vcp,14.289999961853027,12.8100004196167,12.949999809265137,,,,False,2.0,20%->10%,19.93391365032908,10.35688975638326,0.8054168176349275,15.0,,,,,,-9.377187936773995,1.0810763838643016,False,275.0,False,43.84113453309028,275.0,,900.0,,400.0,-70.0,100.0,25.0,28.812237945492658,28.02299421141543,32.974162061766044,8.167806631528652,22.96218934097134,-20.79981772793914,33.12321559267048,-0.6413784067085926,8.167806631528652,True,False
FIRY,vcp,10.399999618530273,9.5,12.600000381469727,,,,True,2.0,15%->9%,15.284244730793638,8.653842803289075,0.6845867134400351,21.0,,,,,,21.153854265721183,24.60317688584171,False,,False,50.841134870590274,,,,,,,,,22.91584040612358,32.91775129013106,68.87625907377188,11.439504966617807,6.483422092423985,-3.018893072540063,9.633228611090816,8.566669310700403,11.439504966617807,True,False
FIX,vcp,1695.5699462890625,1545.2099609375,1625.1300048828125,,,,False,2.0,20%->9%,20.065295986655666,8.867813780295029,0.8340248504778089,25.0,,,,,,-4.154351848498813,4.917763114654664,False,91.88361408882082,True,29.84113653894676,91.88361408882082,121.26315789473682,129.1666666666666,101.71149144254281,19.219790675547088,12.406417112299483,13.333333333333307,26.339969372128635,-4.337759647837336,-2.865961444390097,1.0158179590843641,14.326574422345306,-4.177629367017621,-2.1198741350989203,-3.9502708926275276,6.18984161535483,-4.337759647837336,True,False
FMAO,vcp,35.709999084472656,32.65999984741211,35.369998931884766,,,,False,2.0,13%->9%,12.548688074188115,8.541023005477312,0.654179780455976,38.0,,,,,,-0.9521147054179813,7.661857976562422,False,18.032786885245965,True,33.841127062256945,53.571428571428555,37.254901960784295,18.032786885245965,33.33333333333335,22.857142857142865,-2.7777777777778123,12.500000000000021,14.28571428571428,,,,,,,,,,False,False
FMX,vcp,125.0,115.5,122.02999877929688,,,,False,2.0,18%->8%,18.4703503621576,7.6,0.566756384384732,39.0,,,,,,-2.3760009765625,5.35114221471641,False,,False,35.507800253553235,,,,,,,,,,,,,,,,,,False,False
FNRN,vcp,18.0,16.530000686645508,17.389999389648438,,,,False,2.0,17%->8%,17.246751661424515,8.166662851969402,0.7842652302556711,38.0,,,,,,-3.3888922797309027,4.945363618096802,False,-12.121212121212132,True,35.84113744650463,-12.121212121212132,63.636363636363626,-8.108108108108091,11.764705882352944,-19.444444444444443,5.882352941176472,-10.526315789473696,15.151515151515138,,,,,,,,,,False,False
FROG,vcp,96.80999755859375,86.7699966430664,89.94999694824219,,,,False,3.0,17%->14%->10%,16.79273995603143,10.37083066699871,0.7834551222166329,16.0,,,,,,-7.086045639242561,3.5352978466531515,False,,False,43.841065574780096,,,,,,,,,28.731331551642825,25.79100868414388,25.17962059994141,25.538255575117375,6.361339680601641,5.967406714106782,6.1348214481363295,7.614368809935534,25.17962059994141,True,False
FRST,vcp,16.8799991607666,15.520000457763672,15.8100004196167,,,,False,2.0,18%->8%,17.650563466325877,8.056864754850885,0.5676744302717889,60.0,,,,,,-6.338855416751741,1.8342818099688458,False,-67.3913043478261,False,29.841065688321756,280.0,-67.3913043478261,,460.00000000000006,26.666666666666682,-74.78991596638656,325.0,180.00000000000003,,,,,,,,,,False,False
FSTR,vcp,39.13999938964844,36.290000915527344,37.77000045776367,,,,False,2.0,15%->7%,15.450746711020201,7.281549613091838,0.41318219352901436,33.0,,,,,,-3.500252818724102,3.9184525398439924,False,-87.76758409785933,False,40.50773202125,7.407407407407396,,,-87.76758409785933,107.14285714285711,-36.36363636363633,-45.00000000000003,48.14814814814814,-3.488485490185156,23.87925392670156,25.11253442344148,0.5965111372994159,14.368024829954429,-24.461100060483997,15.971971132291053,-3.6723832875910745,-3.488485490185156,True,False
FTK,vcp,28.729999542236328,25.90999984741211,30.860000610351562,,,,True,3.0,41%->14%->10%,40.81169491805757,9.815522936846909,0.445122462674048,28.0,,,,,,7.413856951107476,16.04018361969521,False,-40.00000000000002,True,41.84106347935185,420.0,-29.41176470588236,-40.00000000000002,562.5,116.6666666666667,33.33333333333337,-83.01886792452831,960.0,70.29477292202229,26.532639716773243,33.02401639182773,12.643239113827342,41.849509642974404,3.7500555399220925,20.502935874783603,-3.974293059125966,12.643239113827342,True,False
GAIN,vcp,16.851238686716762,15.620806537146125,15.800000190734863,,,,False,2.0,14%->7%,13.755751490035816,7.301731180987564,0.7077790470919721,89.0,,,,,,-6.238345533676127,1.134137034338884,False,-89.28571428571429,False,41.84106461314815,26.66666666666666,-89.28571428571429,,36.00000000000001,533.3333333333333,-85.0,-41.17647058823529,126.66666666666674,,,,,,,,,,False,False
GEV,vcp,983.3400268554688,868.25,950.280029296875,,,,False,2.0,21%->12%,20.52089074493127,11.703990858940665,0.8266431702338861,25.0,,,,,,-3.3620107649144746,8.632195433757577,False,32.79569892473118,False,35.507732519027776,32.79569892473118,1816.4835164835165,658.8571428571431,,-85.83715596330275,31.32530120481927,709.7560975609758,-11.827956989247323,21.8746570080123,16.272410358565747,3.7696533434362633,11.847862672500842,18.89923974729628,-14.759036144578308,9.900692145651524,9.417188014487987,3.7696533434362633,True,False
GHRS,vcp,28.6200008392334,26.520000457763672,27.860000610351562,,,,False,2.0,13%->7%,13.444555614593032,7.337527323168228,0.8079930495221547,23.0,,,,,,-2.6554863962128135,4.809763543544234,False,,False,43.50772994885417,,,,,,,,,,,,,,,,,,False,False
GPRE,vcp,16.030000686645508,14.329999923706055,15.069999694824219,,,,False,2.0,19%->11%,18.998791514024134,10.60511971378587,0.7141501224555705,21.0,,,,,,-5.988776985025708,4.910416629751602,False,-75.36231884057972,False,42.507729923877314,,,,-75.36231884057972,97.61904761904762,61.53846153846152,52.941176470588225,,-30.69845442596202,19.115103498298282,2.3666917238536422,14.537027553006254,7.428919387324928,1.1441430771052863,-5.62051465492186,-32.422305821208965,-30.69845442596202,True,False
GSAT,vcp,84.69999694824219,78.36000061035156,82.5199966430664,,,,False,3.0,20%->9%->7%,20.080376921720777,7.485237976767367,0.7496570129113497,124.0,,,,,,-2.5737902995532793,5.041197530228426,False,-276.9230769230769,False,43.50767675105324,-276.9230769230769,,,-116.66666666666667,,,,-107.6923076923077,-3.538452373860723,16.711087420042638,17.62753976167515,2.127041641888061,-7.55309431377027,-2.6361501368797002,-2.551289863904127,9.973491392148691,-3.538452373860723,True,False
HCSG,vcp,23.649999618530273,21.010000228881836,21.56999969482422,,,,False,3.0,17%->14%->11%,16.920671738519573,11.162788296960233,0.5734545454545454,45.0,,,,,,-8.794925823492745,2.596195984540307,False,60.86956521739128,False,28.507669129166665,,60.86956521739128,186.66666666666666,210.52631578947367,-13.513513513513509,-13.953488372093037,-27.118644067796595,,2.686421325609434,3.3739741143988145,6.594154568627619,8.45243127976476,1.7378113344541202,-0.8391152862120221,0.5048046896872549,1.2752703978922142,2.686421325609434,True,False
HLF,vcp,13.170000076293945,11.510000228881836,12.229999542236328,,,,False,2.0,20%->13%,19.923078096829926,12.604402716748012,0.7472371267680437,18.0,,,,,,-7.137437574883709,5.887157320554045,False,-152.08333333333334,True,42.8410019659375,-152.08333333333334,16.326530612244895,-53.714285714285694,-8.695652173913048,-143.859649122807,-29.62962962962966,92.85714285714293,-12.5,5.376856484790715,7.816976344438076,6.261388106675492,2.6928968797871544,0.728818706346801,2.6656274356975818,0.7301562377325821,1.1595584147406912,2.6928968797871544,True,False
HPE,vcp,61.99319960164336,54.8811870199367,61.029998779296875,,,,False,2.0,18%->11%,18.078335798204662,11.472246355095592,0.8340144012528748,17.0,,,,,,-1.5537201314593114,10.07506452948846,False,-87.25490196078431,False,71.84098681394676,404.7619047619048,,-29.54545454545454,-87.25490196078431,140.9090909090909,41.93548387096775,138.46153846153854,-38.095238095238116,32.95819935691318,39.10428662827896,18.10945273631841,14.328703703703694,14.110937356268982,14.479780960404387,-3.867179591010328,5.873526259378359,14.328703703703694,True,False
HRTG,vcp,34.959999084472656,32.439998626708984,33.5,,,,False,2.0,13%->7%,12.520547109107449,7.208239484430994,0.33085990948321226,32.0,,,,,,-4.176198863578086,3.164183203853778,False,20.2020202020202,True,42.84097957929398,32.258064516129025,20.2020202020202,225.75757575757595,503.70370370370364,72.2689075630252,-44.65116279069768,31.901840490797582,5.161290322580636,2.9610402095801236,0.5380105900151255,2.403180778358527,0.2879409390650789,0.7227567267631629,-1.234464693752435,1.3447300420316388,2.1265652414257152,0.2879409390650789,True,False
HSBC,vcp,107.43000030517578,99.87000274658203,101.58999633789062,,,,False,2.0,10%->7%,9.925738792982814,7.0371381710119225,0.6298949295828282,77.0,,,,,,-5.436101601689929,1.6930737802055391,False,,False,34.50766884365741,,,,,,,,,,,,,,,,,,False,False
HUM,vcp,419.9700012207031,370.0,372.0,,,,False,2.0,18%->12%,17.531710871424565,11.898469194337249,0.5755844723361899,47.0,,,,,,-11.422244703495828,0.5376344086021506,False,-59.29648241206029,False,44.50765454353009,-4.563106796116512,,-59.29648241206029,-19.75088967971531,,-506.7901234567901,-64.07982261640798,-56.21359223300971,25.712143928035978,28.55917667238421,45.058930190389844,27.27272727272727,11.874583055370236,-6.312499999999998,14.28571428571428,4.94752623688155,25.712143928035978,True,False
IAG,vcp,21.0,19.149999618530273,20.889999389648438,,,,False,2.0,14%->9%,13.7544791075249,8.809525626046318,0.7727024485309947,19.0,,,,,,-0.5238124302455357,8.329343331529158,False,,False,41.84100117206018,,,,,,,,,,,,,,,,,,False,False
IBIO,vcp,1.350000023841858,1.1699999570846558,1.3300000429153442,,,,False,2.0,18%->13%,18.24324171938456,13.333338042836045,0.38491090839336717,19.0,,,,,,-1.4814800424667633,12.0300812532284,False,,False,,,,,,,,,,-100.0,,300.0,,-100.0,-50.0,,-100.0,-100.0,False,False
IMMX,vcp,13.289999961853027,11.75,12.829999923706055,,,,False,2.0,21%->12%,21.125830817675286,11.587659640883135,0.7792845298878692,19.0,,,,,,-3.4612493564133517,8.417770304975088,False,,False,44.84094522251157,,,,,,,,,,,,,,,,,,False,False
INBX,vcp,115.11000061035156,99.05500030517578,110.66999816894531,,,,False,3.0,28%->17%->14%,27.625503182869554,13.947528642209036,0.5364834943639292,14.0,,,,,,-3.857182189092067,10.495164051632532,False,,False,51.840961009664355,,,,,,,,,,-100.0,,1200.0,,,-100.0,,-100.0,False,False
INCY,vcp,130.8000030517578,119.97000122070312,126.93000030517578,,,,False,2.0,13%->8%,12.692314242663528,8.279817720469957,0.4910910729527779,39.0,,,,,,-2.958717627132366,5.4833365380436785,False,62.22222222222222,False,34.507596974965274,83.74999999999999,62.22222222222222,290.7407407407407,,0.6849315068493178,-30.805687203791464,3.4313725490195957,154.99999999999997,20.8736268850354,27.83893753955635,20.04700005536655,16.456864084525268,-15.539790355281102,10.311644387179907,12.377409341940826,15.44603560838751,16.456864084525268,True,False
INNV,vcp,11.4399995803833,10.454999923706055,10.654999732971191,,,,False,2.0,15%->9%,14.770492409416768,8.610137174884786,0.39415703434610305,9.0,,,,,,-6.861887029770395,1.8770512836922044,False,,False,41.840930450902775,,,,,,-375.0,33.33333333333335,,18.307168406980523,15.494952828891261,14.693371738620753,15.093447465657928,3.97232707398103,5.104126687469757,1.5260159674721052,6.634118582216275,14.693371738620753,True,False
IQV,vcp,271.79998779296875,252.52999877929688,270.0899963378906,,,,False,3.0,15%->10%->7%,14.925525775255025,7.0897681674474216,0.7302144848631205,72.0,,,,,,-0.6291359572762869,6.501535709092191,False,-21.82741116751269,True,41.50759345467593,15.000000000000014,23.23651452282156,24.51612903225806,-21.82741116751269,-45.791245791245785,53.88601036269429,25.324675324675326,10.000000000000009,8.40950639853748,10.257705912076798,5.236139630390135,5.322496067121141,-4.880843263061408,6.439024390243908,2.066218571072942,4.909898145729952,5.236139630390135,True,False
IRD,vcp,5.550000190734863,5.039999961853027,5.159999847412109,,,,False,2.0,22%->9%,22.340422602371433,9.189192997384527,0.5083067312499664,7.0,,,,,,-7.027032971527067,2.3255792462719835,False,,False,49.50759080710648,,,,,,,,,-73.8029146426093,-50.64073226544623,-10.1580660158066,-20.37755365916731,-64.99768196569309,-44.191461836998705,25.527768756089642,6.835530881332419,-73.8029146426093,True,False
IRDM,vcp,50.80444194362045,45.81071216488614,48.650001525878906,,,,False,2.0,23%->10%,22.682756869318368,9.829317255912459,0.4380509307468205,56.0,,,,,,-4.240653642318144,5.836154721356858,False,-55.00000000000001,True,29.507591689189812,-55.00000000000001,-25.92592592592593,-19.999999999999986,66.66666666666666,-55.00000000000001,-16.666666666666664,-31.428571428571427,74.99999999999997,3.840834278443195,1.944824505067988,-0.023944673718612197,6.656922230943119,2.821183527575011,2.8726401803324864,-6.166964108665473,4.62366186274239,-0.023944673718612197,True,False
JNJ,vcp,281.07000732421875,260.67999267578125,269.19000244140625,,,,False,2.0,9%->7%,8.897774329519706,7.254425629596718,0.7366176935866429,39.0,,,,,,-4.2267067183403615,3.1613394585400125,False,-52.863436123348016,True,20.5075909081713,-0.8733624454148492,-52.863436123348016,47.51773049645389,90.990990990991,6.074766355140171,2.8846153846153966,-1.8867924528301883,-7.423580786026196,6.5998399528282015,9.907276298360213,9.07637655417406,6.7731743135597045,5.186601280026593,-2.0436411007979105,2.379860792731203,1.0529419197237155,6.5998399528282015,True,False
JWEL,vcp,2.4200000762939453,2.2200000286102295,2.3499999046325684,,,,False,4.0,22%->16%->13%->8%,21.75438267739221,8.264464519769826,0.5239960500329164,16.0,,,,,,-2.892568985724048,5.531909842467201,False,,False,,,,,,,,,,,,,,,,,,,False,False
KDP,vcp,33.16999816894531,30.559999465942383,31.510000228881836,,,,False,2.0,14%->8%,13.518405626874255,7.868552448237649,0.7534143170666927,32.0,,,,,,-5.004516224597243,3.0149182990760166,False,-90.0,False,33.50756440549769,-90.0,-47.36842105263158,,8.888888888888879,-80.0,-23.076923076923073,-46.93877551020408,22.499999999999986,75.57050204179679,9.381017881705645,10.540540540540544,10.665638653302501,83.82796780684106,-11.624805512336078,4.482117974918709,3.435022820081679,9.381017881705645,True,False
KEX,vcp,143.57000732421875,132.24000549316406,132.47000122070312,,,,False,3.0,18%->15%->8%,18.460270251545037,7.8916216849307315,0.6816607700240906,99.0,,,,,,-7.731424069965323,0.1736209899748363,False,0.0,True,36.507586706990736,0.0,12.781954887218049,127.02702702702693,6.451612903225801,11.333333333333329,-10.714285714285698,1.8181818181818077,-1.19760479041916,7.825543132017465,7.43834157057961,6.164661012195949,4.81405861042965,9.276163104090873,-0.9011769540078096,-2.2253062292733494,1.835982021263538,4.81405861042965,True,False
KEYS,vcp,339.17999267578125,311.43499755859375,347.32000732421875,,,,True,2.0,16%->8%,16.254472672896224,8.180021144026812,0.45685005797209854,25.0,,,,,,2.3999100254178196,10.331973110931903,False,35.570469798657726,False,62.840924287777774,109.09090909090904,35.570469798657726,68.04123711340206,,13.861386138613852,23.926380368098176,20.740740740740726,22.72727272727273,41.34762633996938,32.28043143297381,31.470829909613805,,7.513104251601632,7.312500000000011,18.343195266272193,3.522205206738138,31.470829909613805,False,False
KINS,vcp,20.469999313354492,18.872499465942383,19.030000686645508,,,,False,2.0,11%->8%,11.483251567724569,7.804103082553164,0.512991646362687,32.0,,,,,,-7.0346784319115185,0.827646952286518,False,-248.14814814814815,True,43.84092623819445,34.61538461538463,-248.14814814814815,147.72727272727272,34.545454545454525,,-136.69724770642202,47.29729729729728,-5.128205128205132,25.92757299920896,18.370665427032627,34.00742411191124,36.49774667387167,10.167687437591733,5.9454169906211,1.3813703573730463,6.420738483281485,18.370665427032627,True,False
KLIC,vcp,86.3169900030361,78.10819124465867,89.54000091552734,,,,True,2.0,27%->10%,26.878808402826003,9.510061412114453,0.7954908220271348,25.0,,,,,,3.7339241236028755,12.767265528234159,False,-78.80794701986756,False,56.84087351837963,,,-78.80794701986756,-31.428571428571452,62.12121212121213,106.25,122.2222222222221,,122.6280716648811,49.778993246329925,20.166261346945657,-2.074244839206041,36.18318282424027,21.5383844708829,12.42805167888803,19.63776758100706,-2.074244839206041,True,False
KNSA,vcp,81.56600189208984,74.47000122070312,78.0,,,,False,2.0,14%->9%,13.89558860215956,8.699703929064198,0.48823097123521175,38.0,,,,,,-4.371921890700971,4.525639460637019,False,145.45454545454547,False,34.50754917880787,145.45454545454547,,,,50.000000000000064,-21.739130434782638,0.0,109.09090909090908,55.50749355880538,64.95315662335967,61.16972926729285,44.339092892452435,6.005630123635131,11.76190871139864,15.34340580495801,13.798308959610983,44.339092892452435,True,False
KOP,vcp,47.72708411901884,44.07419821889442,46.099998474121094,,,,False,2.0,17%->8%,16.79245794743866,7.653695941313064,0.6567218627077782,32.0,,,,,,-3.4091452996378777,4.394360785855303,False,-1051.8518518518517,False,44.50751047122685,-1051.8518518518517,,,7.339449541284382,-2302.8571428571427,-75.69444444444446,23.07692307692313,44.44444444444442,3.030903328050716,-0.2628696604600189,-9.287211740041935,-12.448132780082988,14.232374258730518,5.223018257453194,-10.838656501133315,-3.8629160063391454,-12.448132780082988,True,False
KRNY,vcp,10.239999771118164,9.449999809265137,9.550000190734863,,,,False,2.0,10%->8%,10.34836105226032,7.714843549911161,0.8049125434163182,47.0,,,,,,-6.7382773027929055,1.0471243923821496,False,0.0,True,29.50750936150463,0.0,45.45454545454546,49.99999999999998,49.99999999999998,-31.25000000000001,6.666666666666665,0.0,36.363636363636374,41.4049766380528,29.261614555732194,12.747997855153681,8.90380724664337,6.704475572258284,12.260865563106949,10.085963756734383,7.231337607301969,8.90380724664337,True,False
KRSA,vcp,35.474998474121094,31.15999984741211,34.97999954223633,,,,False,2.0,15%->12%,15.2441616775035,12.163492071343605,0.35412348877374783,5.0,,,,,,-1.395345886331372,10.920525285347102,False,-160.8695652173913,False,,,,-160.8695652173913,,,,,,-90.48640915593705,-75.42997542997543,,,-66.75,-46.59546061415221,-26.13412228796844,-27.467811158798284,-90.48640915593705,False,False
KRYS,vcp,373.30999755859375,331.7950134277344,350.8800048828125,,,,False,2.0,20%->11%,19.506778045075375,11.120780156535533,0.4149592373722124,38.0,,,,,,-6.008409317315618,5.439178975573761,False,10.457516339869244,True,40.50750884064815,38.759689922480625,52.500000000000014,10.457516339869244,192.30769230769232,-2.1857923497267784,8.284023668639096,-36.46616541353386,106.20155038759691,24.135274150892315,31.949468718460473,17.51700680272108,16.64937202561991,2.4622498001839244,8.638252182437789,9.51431492842536,1.8304491784844057,16.64937202561991,True,False
KYN,vcp,14.985250224588276,13.83937798914401,14.1899995803833,,,,False,2.0,10%->8%,9.863634385597857,7.64666734469393,0.7468474797578751,85.0,,,,,,-5.306889323076517,2.47090628335184,False,,False,,,,,,,,,,,,,,,,,,,False,False
LASR,vcp,42.435001373291016,37.33000183105469,41.20000076293945,,,,False,2.0,29%->12%,28.532108691854212,12.030162311835019,0.737017290107057,24.0,,,,,,-2.910334795296798,9.393201117039633,False,,False,43.840841808692126,,,,,-300.0,,,,33.78310520774277,55.18502748316172,71.34505392456892,18.908229257603026,3.005699604644496,-1.236681653014715,21.640046747175703,8.110472179476801,18.908229257603026,True,False
LB,vcp,91.56579933648786,81.75,86.91000366210938,,,,False,2.0,16%->11%,15.909092911334705,10.71994064117385,0.5810771002383439,29.0,,,,,,-5.084644821664549,5.937180352874625,False,14.999999999999991,False,47.840843673877316,66.66666666666667,14.999999999999991,,,73.91304347826086,-4.1666666666666625,-7.692307692307699,8.333333333333348,40.6180969011003,16.049691702122825,55.55616438356164,78.43577772317197,31.04597588471718,-10.167670576631792,11.699553422124298,6.938337575999842,16.049691702122825,True,False
LEA,vcp,134.92999267578125,119.36000061035156,122.4000015258789,,,,False,2.0,21%->12%,20.806667262976354,11.53931142858823,0.6147531917963021,38.0,,,,,,-9.28629054328213,2.4836608477366724,False,-16.182572614107894,True,29.507507920810184,23.8562091503268,124.16107382550337,-3.658536585365879,-16.182572614107894,13.473053892215582,111.39240506329111,-21.78217821782178,-33.98692810457516,2.968293977182279,4.72096829307771,4.794736289504087,1.7083303488288903,6.63941746238923,-2.7685936612897866,5.436811155322374,-5.813876359777126,1.7083303488288903,True,False
LIVN,vcp,83.5199966430664,76.77999877929688,78.48999786376953,,,,False,2.0,13%->8%,12.93144087108183,8.069921138256017,0.5269332006880971,34.0,,,,,,-6.022508359037933,2.1786203733125347,False,-45.19230769230775,False,42.50750793534722,286.0,,-45.19230769230775,-18.333333333333336,382.49999999999994,-29.8245614035087,16.32653061224478,-2.0000000000000018,10.797279050504361,14.329267330482388,12.146474846968891,12.45850622406639,7.8201171540725145,0.3704411768780336,0.8855271653906538,1.4833032644585797,10.797279050504361,True,False
LOMA,vcp,10.5600004196167,9.25,9.59000015258789,,,,False,2.0,27%->12%,26.758282106425273,12.405306511003424,0.7574842763663245,43.0,,,,,,-9.185608224284683,3.5453612844431555,False,,False,43.84084297982639,,,,,,,,,,,,,,,,,,False,False
LSTR,vcp,193.57854562417273,165.05999755859375,168.67999267578125,,,,False,2.0,23%->15%,22.574384680828512,14.732287596037082,0.6281130732906398,47.0,,,,,,-12.862248173271906,2.146072607523448,False,-60.2836879432624,True,34.84084196565973,36.47058823529412,-46.15384615384613,-60.2836879432624,-18.918918918918926,65.71428571428567,25.00000000000002,-53.33333333333332,41.176470588235304,1.5712308623821558,-2.9359882356044364,-0.7464347271982308,-1.1025841995215946,-0.27761406464696936,-2.5783921389857967,-0.5277702796120831,5.104402733327573,-2.9359882356044364,True,False
MEDP,vcp,629.6900024414062,577.6400146484375,630.1900024414062,,,,True,2.0,17%->8%,16.883022287239953,8.265970174397376,0.40329503043018006,42.0,,,,,,0.07940415094116503,8.338753009312416,True,16.621253405994562,True,28.840796077604168,37.09677419354838,16.621253405994562,26.702997275204375,28.239202657807304,-0.7009345794392607,-7.95698924731183,20.46632124352332,24.51612903225806,17.241522199993042,26.502318420251726,32.02842398931025,23.735601902808277,0.10288648238616638,-0.26056884748394404,7.356687270704931,9.380236726994863,17.241522199993042,True,False
MEI,vcp,14.65999984741211,12.9399995803833,13.520000457763672,,,,False,2.0,20%->12%,20.059168438864454,11.7326076734744,0.6244610720146867,11.0,,,,,,-7.776257854802629,4.289947172652007,False,,False,70.84076929780093,,,,,-3299.9999999999973,,,,10.353430353430348,15.94710229482692,-2.5844101709045386,-15.61859193438141,-10.969473331096946,27.556696619597766,-5.34629404617254,2.6611226611226613,-15.61859193438141,True,False
MET,vcp,100.93000030517578,93.37000274658203,95.91999816894531,,,,False,2.0,18%->7%,17.558454416091145,7.490337397934265,0.6884677839416561,157.0,,,,,,-4.963838423741242,2.6584606662230503,False,-32.59668508287293,True,47.84076965722222,5.825242718446599,35.9375,-32.571428571428584,-32.59668508287293,-37.35632183908045,47.4576271186441,-3.27868852459019,18.446601941747566,19.86754966887416,20.130932896890343,7.913669064748197,12.09386281588447,-1.3623978201634857,22.33333333333334,-3.3816425120772986,2.81456953642385,7.913669064748197,True,False
MFC,vcp,44.517941593801226,41.33454669996313,44.16999816894531,,,,False,2.0,9%->7%,8.51273738851591,7.150813312269949,0.6905932922803283,90.0,,,,,,-0.7815802177708087,6.419405901120712,False,,False,42.84076808219908,,,,,,,,,,,,,,,,,,False,False
MGA,vcp,69.2300033569336,62.56999969482422,63.790000915527344,,,,False,2.0,14%->10%,14.01256755692245,9.620111713373701,0.8073290115431931,21.0,,,,,,-7.857868232880011,1.9125273603909925,False,,False,37.50743572592592,,,,,,,,,,,,,,,,,,False,False
MRVL,vcp,241.8800048828125,213.6300048828125,262.3599853515625,,,,True,2.0,21%->12%,21.201889117151417,11.679344894046423,0.5624418816799285,17.0,,,,,,8.467000188243036,18.573709097998233,False,-80.0,False,69.84076822905094,50.0,-80.0,95.65217391304337,,725.0,-91.11111111111111,-79.54545454545456,900.0,36.54852699267235,27.568195008705754,22.080994827775946,36.83134357891959,13.297212341798325,8.973723351512142,6.951072547601833,3.409600717810668,22.080994827775946,True,False
MS,vcp,222.0,198.2100067138672,200.17999267578125,,,,False,2.0,13%->11%,12.620022320353403,10.716213191951718,0.6990586705170457,48.0,,,,,,-9.828832128026464,0.9841073204077507,False,20.179372197309455,True,21.507435044444446,62.44131455399062,31.92307692307692,20.179372197309455,48.93617021276595,0.8746355685131046,27.985074626865615,-4.285714285714226,31.45539906103285,,,,,,,,,,False,False
NBN,vcp,137.02000427246094,126.8499984741211,131.86000061035156,,,,False,3.0,14%->10%->7%,13.707140415500405,7.422278120877179,0.7289014615747289,40.0,,,,,,-3.765876150353078,3.799485904019602,False,,False,34.50739969909722,,,,,,,,,,,,,,,,,,False,False
NEM,vcp,130.7100067138672,120.0,127.26000213623047,,,,False,2.0,10%->8%,10.155955847293727,8.193715984815224,0.7063382985213458,19.0,,,,,,-2.6394341675683686,5.704857782776645,False,-3.252032520325243,True,29.840707787870368,11.351351351351347,78.57142857142858,-3.252032520325243,108.74999999999999,-31.333333333333336,152.10084033613458,-28.742514970059908,-9.72972972972974,15.064886214030459,45.84830339321358,20.629865534324132,19.95656894679696,-16.27206788011496,7.172191258433558,23.425054308472127,3.8931728418281075,15.064886214030459,True,False
NEOG,vcp,12.260000228881836,11.369999885559082,13.979999542236328,,,,True,2.0,13%->7%,13.229577528969806,7.259382762702654,0.44049396646363304,35.0,,,,,,14.029357922054162,18.669526052500387,False,,False,13.840700733842594,,,,,,,-141.1764705882353,,-0.05278589773730635,-4.434389140271488,-2.8396855460135484,-3.583543813720247,6.685606060606064,-6.004245830941157,7.410523497889465,-7.20815830446373,-4.434389140271488,True,False
NUE,vcp,268.4700012207031,241.2100067138672,245.66000366210938,,,,False,3.0,21%->15%->10%,20.58432061490983,10.153832600621218,0.5507072861989994,68.0,,,,,,-8.496292865079614,1.8114454456993705,False,27.55905511811012,True,33.84069562293981,93.84615384615384,382.08955223880594,27.55905511811012,150.47619047619048,56.03715170278638,99.38271604938281,-38.40304182509509,1.1538461538461497,22.95411542100283,21.27713920817369,8.634821933295655,14.468027941966689,9.488205560235885,23.53323793417459,-9.787583616946371,0.7686849574266796,8.634821933295655,True,False
NWE,vcp,73.43835485182716,67.3499984741211,69.87000274658203,,,,False,2.0,11%->8%,11.163878020708095,8.290431328411742,0.7052403860954156,94.0,,,,,,-4.858976092867016,3.6067041268067124,False,-45.03816793893128,True,35.84069700927083,14.285714285714302,-17.599999999999994,-45.03816793893128,-18.42105263157895,-61.165048543689316,43.055555555555515,16.129032258064548,77.14285714285715,3.280168522419502,-0.907441016333943,-14.53396524486572,25.447445493003574,4.761904761904767,-24.30683918669131,12.269779507133594,16.009629852542883,-14.53396524486572,True,False
NXG,vcp,62.09023689079536,53.70000076293945,56.08000183105469,,,,False,2.0,17%->14%,17.12185839061321,13.51297168122051,0.5733934137358891,57.0,,,,,,-9.67983915138141,4.243938998584862,False,,False,,,,,,,,,,,,,,,,,,,False,False
OCC,vcp,15.199999809265137,14.029999732971191,14.15999984741211,,,,False,2.0,23%->8%,23.13527128960401,7.697369019575734,0.40411118201801033,8.0,,,,,,-6.842105098048074,0.9180799141369828,False,,False,85.50736691444443,,,,,-280.0,-44.44444444444444,800.0,,21.99187032893992,26.57529897295392,4.372449637820708,1.762145465117393,9.378811564747181,35.19388252234883,-17.136447460172967,-0.44178519780092573,1.762145465117393,True,False
ODC,vcp,95.06999969482422,84.33999633789062,90.80999755859375,,,,False,2.0,17%->11%,16.95541288758438,11.286424099481462,0.6411250171423801,39.0,,,,,,-4.480911065430866,7.124767530720895,False,-17.567567567567565,True,15.840694926736111,-17.567567567567565,110.00000000000001,283.33333333333337,37.83783783783781,-3.1746031746031744,36.95652173913042,-9.80392156862745,-31.081081081081074,9.374810607700358,0.7039362266281213,-5.829848763140411,10.122952982357392,7.2976209687693805,-2.281592882160588,-3.7743986199405777,8.407719413684722,-5.829848763140411,True,False
OOMA,vcp,23.809999465942383,21.93000030517578,22.219999313354492,,,,False,2.0,18%->8%,17.831233222851797,7.895838735551994,0.7414364974198204,17.0,,,,,,-6.67786723331184,1.3051260897403267,False,150.0,False,75.84064293649305,150.0,,,,11.111111111111116,-40.000000000000014,200.00000000000006,25.0,25.4113676089446,24.78894031893464,14.573636265880152,3.8355827844058554,2.5619539365857813,8.802155958382496,10.290573012939008,1.9001265746489082,3.8355827844058554,True,False
OPRT,vcp,7.730000019073486,7.079999923706055,8.289999961853027,,,,True,2.0,14%->8%,13.734943579824435,8.408798108196388,0.36575433319674383,32.0,,,,,,7.244501182377258,14.595899200420584,False,-76.19047619047619,False,41.840626703657406,21.42857142857142,-76.19047619047619,-73.07692307692307,,240.0,-28.57142857142857,-36.36363636363635,-21.42857142857143,6.650144568360172,-9.754163362410784,6.504809894640395,-22.329026158209896,13.444639718804918,-2.107526881720434,-5.660377358490565,1.7967781908302394,-22.329026158209896,True,False
OPTT,vcp,2.380000114440918,2.110100030899048,2.119999885559082,,,,False,2.0,46%->11%,45.82043375646849,11.340339099322772,0.49794337166413544,6.0,,,,,,-10.92437883949061,0.4669743016247102,False,,False,82.84062084689815,,,,,-211.30434782608694,,,,-38.01652892561983,22.672064777327925,162.5,25.581395348837212,-0.990099009900991,-57.56302521008403,-5.555555555555558,56.19834710743801,-38.01652892561983,True,False
P,vcp,103.5,92.2699966430664,110.88999938964844,,,,True,2.0,20%->11%,20.45696621958549,10.850244789307819,0.5512092357964917,17.0,,,,,,7.140096028645833,16.791417484956902,False,-15.789473684210531,False,69.84062920578704,49.99999999999998,,123.07692307692308,-15.789473684210531,199.99999999999994,-75.86206896551724,81.25000000000003,14.28571428571428,37.73463940850312,35.24936254391542,20.351494927498347,16.049271302606762,12.632016837370452,-0.5672851998719475,9.793115890561799,12.015186956592427,16.049271302606762,True,False
PACS,vcp,45.849998474121094,41.150001525878906,41.529998779296875,,,,False,3.0,18%->16%->10%,18.479164441426597,10.250811569590313,0.7591618569636136,40.0,,,,,,-9.422028001293253,0.9149946173545307,False,51.61290322580645,True,47.840642387083335,51.61290322580645,194.1176470588235,90.90909090909089,219.99999999999997,-6.000000000000005,19.04761904761907,31.24999999999998,3.2258064516129004,9.062397574722226,11.196216087111432,12.420872908954061,31.244117796375193,0.5308603980819226,4.5843132258047925,0.997915646930525,2.7062047657502752,9.062397574722226,True,False
PANL,vcp,7.679248755376118,6.528595977521186,8.380000114440918,,,,True,2.0,19%->15%,19.158297599384255,14.983923747090222,0.5528960589775112,68.0,,,,,,9.125259271933531,22.09312782382045,False,-5.263157894736848,False,43.84061983916666,,,-5.263157894736848,72.72727272727273,-23.809523809523803,16.666666666666675,-5.263157894736848,,19.420635781707716,38.90653246689793,24.940001098150134,10.158875027476078,9.695743932465707,-7.233062784671807,9.017816535205903,7.646249577187936,10.158875027476078,True,False
PEB,vcp,18.790000915527344,17.40999984741211,18.260000228881836,,,,False,2.0,11%->7%,11.15070618517054,7.344337418178909,0.8028305473816463,35.0,,,,,,-2.8206527984122416,4.6549856013981925,False,-254.16666666666669,False,36.84062762956019,183.33333333333334,,,-254.16666666666669,,,,-716.6666666666667,-0.09692371490196416,7.927785028694889,3.382109004739342,-1.435493041307201,17.78820561483092,-0.9632741004761969,-12.466047857785977,-2.1627484130275265,-1.435493041307201,True,False
PENG,vcp,53.237998962402344,46.189998626708984,56.58000183105469,,,,True,3.0,25%->16%->13%,25.36882175692134,13.238665000671396,0.6979875795927993,25.0,,,,,,6.277476490077187,18.363384355076164,False,-60.00000000000001,False,13.840627956481482,,544.4444444444445,-60.00000000000001,,17.24137931034484,1349.9999999999998,-60.00000000000001,,47.63655316406117,-6.161102432431697,0.5772466886737604,8.604908275161648,39.56687920372946,-0.02098690941525483,1.5237244097750402,4.2161782076231,-6.161102432431697,True,False
PFAI,vcp,3.0199999809265137,2.640000104904175,2.8666999340057373,,,,False,3.0,22%->16%->13%,21.824099428160405,12.582777431202425,0.75,17.0,,,,,,-5.076160526125071,7.9080418013889275,False,,False,,,,,,,,,,,,,,,,,,,False,False
PGC,vcp,47.99804207260118,44.22999954223633,44.68000030517578,,,,False,2.0,14%->8%,13.695561997560926,7.850408824312797,0.6215102019516777,56.0,,,,,,-6.912868992461347,1.0071637418662338,False,25.581395348837212,True,35.840632193703705,91.1111111111111,86.046511627907,30.769230769230795,25.581395348837212,7.499999999999996,17.64705882352939,25.925925925925952,19.999999999999996,16.85780967677173,17.80841915277631,16.339644058864078,16.74772210381772,4.911513895303643,3.1111885472021372,5.480308014628865,2.413546476611117,16.339644058864078,True,True
PGEN,vcp,7.269999980926514,6.539999961853027,7.889999866485596,,,,True,2.0,15%->10%,14.507770932611358,10.041265763255925,0.5686624482234665,18.0,,,,,,8.528196522499401,17.110265240522647,False,,False,50.84061775347222,,,,,,,,,3011.375212224109,1156.185845488925,-51.44639818491208,-91.98062432723358,136.44417684500257,2616.355140186916,-36.16703952274422,-24.10865874363328,-91.98062432723358,True,False
PKOH,vcp,47.34000015258789,44.0,47.16999816894531,,,,False,3.0,13%->9%->7%,13.17435828492821,7.055344617284091,0.6475000000000001,27.0,,,,,,-0.3591085405463075,6.7203694975597905,False,-47.945205479452056,False,42.840626882847225,30.303030303030297,-5.000000000000004,,-47.945205479452056,50.877192982456144,850.0000000000026,-84.21052631578951,-42.42424242424243,9.997500624843791,3.848051307350775,1.6992790937178093,-4.549808429118773,4.536817102137758,6.582278481012649,-0.9031610637230347,-0.37490627343164107,-4.549808429118773,True,False
PLAB,vcp,29.979999542236328,26.93000030517578,30.420000076293945,,,,True,2.0,29%->10%,28.62041789802432,10.17344657648729,0.2304300739800401,18.0,,,,,,1.467646900520252,11.472714537689605,False,8.823529411764696,True,77.50728830240742,25.64102564102564,260.00000000000006,8.823529411764696,96.29629629629632,-9.259259259259267,-27.027027027027017,-30.188679245283012,171.79487179487177,2.686863693831576,-0.49859710320770967,6.094146263281441,-3.0804750525540325,2.908926359912356,-6.720695262722931,4.308291236038375,2.5552059469376553,-3.0804750525540325,True,False
PLGO,vcp,25.72595284569501,23.459999084472656,23.559999465942383,,,,False,2.0,20%->9%,20.176110691110434,8.808046002469206,0.7292164252566447,32.0,,,,,,-8.419331998095757,0.424449846080362,False,,False,49.84061058804398,,,,,,,,,,,,,,,,,,False,False
PLPC,vcp,428.5,390.6499938964844,425.20001220703125,,,,False,3.0,17%->12%->9%,16.538139336997478,8.833140280867124,0.7916252237915258,25.0,,,,,,-0.770125505943699,8.12559203166823,False,-65.5844155844156,True,35.84060609805556,75.390625,-8.154506437768239,-19.248826291079823,-65.5844155844156,109.81308411214954,24.418604651162813,224.52830188679238,-79.296875,25.40079362739607,18.67295898102208,3.585511946719966,21.16987473889762,20.65090368622289,1.8306384994425384,-2.795262989437741,5.0035082340316395,3.585511946719966,True,False
PLXS,vcp,256.6700134277344,236.5800018310547,263.3299865722656,,,,True,2.0,22%->8%,21.805367693805056,7.8271751843485395,0.8174525426680598,32.0,,,,,,2.594760897694958,10.15835115833644,False,-3.658536585365846,True,35.84056099731482,-3.658536585365846,29.078014184397173,12.686567164179108,26.351351351351404,-13.186813186813184,20.529801324503303,-19.25133689839572,14.024390243902452,28.13196007494785,18.73011824479427,9.602283321142234,-1.1102991717681365,12.117735919096507,8.77738229213012,-99.97345274731852,395653.68159731635,-1.1102991717681365,True,False
PMTS,vcp,25.290000915527344,23.469999313354492,24.950000762939453,,,,False,2.0,26%->7%,25.92592855426331,7.1965264384605945,0.4764465587672579,10.0,,,,,,-1.3444054578073983,5.931869356025608,False,-57.49999999999999,True,41.50722641021991,325.0,-57.49999999999999,10.714285714285744,72.72727272727273,0.0,-72.58064516129032,226.3157894736842,375.0,14.973064206607933,19.832845936413037,22.349235786915656,10.593101458104549,1.4091687739619774,-3.884903367438941,10.93602771697375,6.329718773361703,10.593101458104549,True,False
POWL,vcp,185.0,167.30999755859375,191.89999389648438,,,,True,2.0,16%->10%,15.695719721554847,9.562163481841218,0.7458726583216904,17.0,,,,,,3.7297264305320947,12.81396410630168,False,-1.5748031496062964,True,55.84056026481481,7.575757575757569,-1.5748031496062964,18.881118881118873,149.60212201591517,13.59999999999999,-63.23529411764706,-63.8682252922423,612.8787878787879,8.896053766858913,6.4544146200530506,4.039663506343438,8.33263652326921,5.099202670127934,18.08674119370661,-15.705258353664476,4.09050102524513,4.039663506343438,True,False
POWW,vcp,2.3399999141693115,2.0999999046325684,2.369999885559082,,,,True,2.0,19%->10%,18.726591225196433,10.256411040166299,0.3693163739340715,30.0,,,,,,1.2820501064172196,11.392404808611237,False,,False,54.50722642719907,,,,,,-200.00000000000009,0.0,,22.123596316756753,10.10391236614392,6.968593421412317,0.010790267329086056,4.258050636740962,3.6938989351198437,11.76663929199453,1.0705403961213777,0.010790267329086056,True,False
PSMT,vcp,181.8300018310547,166.35000610351562,172.80999755859375,,,,False,2.0,17%->9%,16.56009227232749,8.5134441905369,0.6948915215304983,35.0,,,,,,-4.960679855704877,3.738204702472593,False,6.6115702479338845,True,33.84055900650463,12.28070175438598,11.724137931034484,6.6115702479338845,8.510638297872353,-20.98765432098766,25.581395348837212,26.470588235294066,-10.526315789473639,12.488072093519342,9.651979710914249,9.919757954249153,8.558413435069667,-0.9184047373235416,8.157708415748854,3.8884276564172815,1.038951968778301,8.558413435069667,True,False
PWR,vcp,653.8699951171875,607.4500122070312,642.6300048828125,,,,False,2.0,18%->7%,18.087745280617305,7.099267936562343,0.7014115386176936,25.0,,,,,,-1.7189946500543358,5.474377543606377,False,2.4630541871920597,True,36.50722570993056,94.73684210526316,51.04166666666667,2.4630541871920597,14.871794871794886,104.13793103448276,-30.288461538461508,-7.142857142857184,47.36842105263159,41.10419493143886,26.33346777182164,19.661880464892988,17.52982789446198,21.36197461594833,0.41876074669202623,2.7588617985042863,12.673853725531359,17.52982789446198,True,False
RBRK,vcp,94.61000061035156,85.77999877929688,111.87000274658203,,,,True,2.0,20%->9%,20.285428853830393,9.33305334963561,0.43072607393141815,17.0,,,,,,18.243316800425006,23.32171567599455,False,-107.73286467486818,False,71.84049969199074,,,-107.73286467486818,,,,,,37.888078487058664,38.992606317845734,46.3324292909725,48.263597794883516,10.383705188752357,2.484616769574566,7.858558512248481,13.007809978700058,37.888078487058664,True,False
RCMT,vcp,41.77000045776367,38.84000015258789,40.79999923706055,,,,False,2.0,9%->7%,9.445346206571744,7.014604436354968,0.5991814461118691,15.0,,,,,,-2.322243739700112,4.803919414518757,False,-14.28571428571428,True,42.84047539032407,36.00000000000001,-3.703703703703709,110.52631578947363,-14.28571428571428,30.76923076923077,-35.0,166.66666666666669,-40.0,20.021492720620216,-1.698767653569777,12.434990638651966,16.439990060465504,12.979599701341549,-3.9756695499329253,23.0292079841796,-10.077271447944113,-1.698767653569777,True,False
RGLD,vcp,271.42999267578125,240.75999450683594,258.2900085449219,,,,False,2.0,18%->11%,18.005051278148347,11.299413843915227,0.7889408117509711,66.0,,,,,,-4.841021436623208,6.786950117366662,False,-36.19631901840484,True,42.84049517622685,38.3084577114428,91.86046511627906,-36.19631901840484,31.506849315068486,-15.75757575757576,217.30769230769204,-45.83333333333328,-4.477611940298498,114.90772408332259,142.52207448458404,85.29028436018957,30.041220200477724,-3.9618438582467386,24.992006906033183,48.89791643524764,20.236783484304265,30.041220200477724,True,False
RHP,vcp,133.27000427246094,118.62999725341797,121.55000305175781,,,,False,2.0,17%->11%,16.877639636617495,10.985222893151956,0.8478365516060586,38.0,,,,,,-8.794177868218886,2.4023082887924416,False,-43.617021276595736,True,40.840496906712964,26.785714285714256,3.0000000000000027,-4.440892098500626e-14,-43.617021276595736,37.8640776699029,-8.035714285714256,111.32075471698104,-52.67857142857143,13.564968196326088,13.161013485901108,13.923780906778994,7.72786285498166,12.700805932239101,-9.926159651291389,24.53338464498749,-10.167623177638108,7.72786285498166,True,False
RIO,vcp,106.83999633789062,94.95999908447266,97.48999786376953,,,,False,2.0,19%->11%,19.255126138315042,11.119428735140033,0.6415370790893679,68.0,,,,,,-8.751402840328563,2.5951367676017822,False,,False,148.84049905717592,,,,,,,,,,,,,,,,,,False,False
RLJ,vcp,11.779999732971191,10.59000015258789,11.029999732971191,,,,False,2.0,17%->10%,17.14507353982959,10.101864239033858,0.6311187708260448,32.0,,,,,,-6.3667234040830705,3.9891168724876884,False,-177.7777777777778,False,42.84049823329861,6.666666666666665,,,-177.7777777777778,,,,-146.66666666666669,5.476407520731041,3.613932750008386,-0.4230444045104531,-4.540642787727334,12.651149930730599,3.464468202304971,-0.4399400081807059,-9.104303737506992,-4.540642787727334,True,False
RLYB,vcp,17.09000015258789,15.850000381469727,16.920000076293945,,,,False,2.0,11%->7%,11.289400930361586,7.255703686640367,0.37120545534535854,78.0,,,,,,-0.9947341999771877,6.323875236403574,False,,False,,,,,,,,-111.11111111111111,,-100.0,0.0,11000.0,-29.096989966555185,-100.0,-4.504504504504503,4.716981132075482,0.0,-100.0,True,False
RMR,vcp,20.530000686645508,18.68000030517578,19.31999969482422,,,,False,2.0,14%->9%,13.597197580708755,9.01120467410957,0.5006526829905799,47.0,,,,,,-5.893818564791274,3.3126262927420846,False,-76.19047619047619,True,49.84045461797454,-28.000000000000004,-76.19047619047619,86.84210526315788,-44.117647058823486,259.99999999999994,-92.95774647887323,273.68421052631567,-23.99999999999998,3.308523191431423,-7.63212833754533,40.76426401080351,-5.675396989069914,8.312714122573283,-36.99389905712701,45.854650400104944,3.7895978941635544,-7.63212833754533,True,False
RYAM,vcp,8.859999656677246,8.100000381469727,9.15999984741211,,,,True,2.0,18%->9%,18.080808392180177,8.577870255725733,0.6463335644539167,33.0,,,,,,3.3860067986432854,11.57204676419132,False,,False,41.84045150259259,,,,,,,,,10.614383851691533,-9.506670750799806,-0.37301421998371387,-12.033318125269565,17.888831429332576,-24.1996255891744,19.298146169477693,3.7609396320519517,-12.033318125269565,True,False
SCSC,vcp,59.310001373291016,55.0,57.75,,,,False,2.0,20%->7%,20.020963127105855,7.266904861735397,0.41314508276533596,22.0,,,,,,-2.6302501048221667,4.761904761904762,False,5.405405405405417,True,43.50711808888889,40.22988505747127,5.405405405405417,7.14285714285714,28.98550724637683,56.41025641025643,4.0000000000000036,-15.73033707865169,2.298850574712641,17.25014331652901,8.788148349925585,2.543822918352845,-4.632662007787724,24.298699774384126,0.03626818627757711,3.6317177043196036,-9.009381389272297,-4.632662007787724,True,False
SEI,vcp,71.4000015258789,64.86000061035156,65.66999816894531,,,,False,2.0,14%->9%,13.848995388971957,9.159664952047548,0.7115981530668972,7.0,,,,,,-8.025214614115598,1.2334362436099318,False,,False,40.84045228105324,,,,,,,,,46.068253070874235,26.08044174979536,-2.171723952738991,0.5939269527510893,25.097111416781303,3.9343512323440244,0.23960745649234116,12.075345633962066,-2.171723952738991,True,False
SEPN,vcp,39.400001525878906,36.599998474121094,40.380001068115234,,,,True,3.0,24%->14%->7%,23.757338066842753,7.106606455125898,0.7099525147785638,28.0,,,,,,2.487308386505112,9.36107601289515,True,-101.5840220385675,False,47.84045471056713,,,-101.5840220385675,,,,-227.77777777777777,,22375.63025210084,12010.95890410959,11276.415094339623,12113.068181818182,0.8407797006371842,9.97180529065429,12.20283786927192,17963.025210084033,11276.415094339623,True,False
SFST,vcp,65.08999633789062,60.290000915527344,60.5099983215332,,,,False,2.0,9%->7%,9.397435017945632,7.374398052576131,0.6625463535228677,47.0,,,,,,-7.0364084714063555,0.36357199158534875,False,48.14814814814814,True,34.50710859847222,48.14814814814814,83.07692307692307,72.46376811594205,98.14814814814814,0.8403361344537785,0.0,11.214953271028016,32.09876543209877,10.330877577152187,9.854907873352792,7.790091264667542,7.537058152793619,5.971053757307865,-0.20455717817819963,-0.6485703177464441,5.008629168445089,7.537058152793619,True,False
SILC,vcp,43.2400016784668,40.099998474121094,49.58000183105469,,,,True,3.0,20%->13%->7%,19.63317686289884,7.261801763318158,0.5788967049241022,17.0,,,,,,14.662349459956575,19.12061921505567,False,,False,36.50711477967592,,,,,,,,,,,,,,,,,,False,False
SLGL,vcp,65.44000244140625,58.29999923706055,60.95000076293945,,,,False,3.0,20%->16%->11%,19.515756708928627,10.910762435772718,0.4860565790798349,19.0,,,,,,-6.8612492526831135,4.347828536025606,False,,False,57.507080855856486,,,,,,,,,,,,,,,,,,False,False
SNDA,vcp,41.0099983215332,37.79999923706055,38.119998931884766,,,,False,2.0,11%->8%,11.489559267486598,7.82735726859851,0.7020013568521031,18.0,,,,,,-7.047060492394558,0.8394535776247384,False,,False,47.50707234821759,,,,,,,,,-28.179041206907296,-39.6957929476435,-43.29552509435636,-41.9122011891189,-0.5524480353566785,0.6638629175211186,-6.660394497793931,-23.136961536063836,-43.29552509435636,True,False
SOLV,vcp,94.16000366210938,86.52999877929688,88.75,,,,False,2.0,10%->8%,9.75555419921875,8.103233417654236,0.5742780331280894,32.0,,,,,,-5.745543173004779,2.501409826144366,False,-91.02564102564102,True,43.84040555302084,3.9215686274509887,-91.02564102564102,105.55555555555642,931.4285714285714,657.1428571428571,-81.08108108108112,-94.8753462603878,1315.6862745098038,2.2211938917167995,-3.04347826086957,-3.710843373493977,0.672430355427478,10.06477329347284,0.45045045045044585,-4.67557251908397,-3.007866728366493,-3.710843373493977,True,False
STAK,vcp,1.1299999952316284,1.0299999713897705,1.0499999523162842,,,,False,2.0,23%->9%,23.357667980898324,8.849559669366176,0.3516341749227655,8.0,,,,,,-7.079649845391881,1.9047601747403906,False,,False,,,,,,,,,,,,,,,,,,,False,False
STM,vcp,52.869998931884766,47.529998779296875,53.40999984741211,,,,True,3.0,28%->15%->10%,28.032463630504733,10.100246378797353,0.4801961417557141,43.0,,,,,,1.0213749317889256,11.009176343220192,False,,False,36.507065421458336,,,,,,,,,,,,,,,,,,False,False
SU,vcp,72.05999755859375,65.86499786376953,66.94000244140625,,,,False,3.0,19%->11%->9%,19.15058657138912,8.597002365684112,0.6925996081012472,76.0,,,,,,-7.1051835840326065,1.6059225252907465,False,,False,41.84035564997685,,,,,,,,,,,,,,,,,,False,False
SYRE,vcp,92.0999984741211,85.26000213623047,91.97000122070312,,,,False,2.0,24%->7%,23.75766038278335,7.426706244531128,0.7877068107480345,23.0,,,,,,-0.1411479430746096,7.295856252486583,False,-103.37899543378994,False,41.84037051496528,-103.37899543378994,,,,,,,-105.47945205479452,,,-100.0,-100.0,,,,,-100.0,False,False
TCMD,vcp,24.899999618530273,21.288999557495117,22.68000030517578,,,,False,2.0,24%->15%,24.379420326572692,14.502008499421398,0.7255413759444705,34.0,,,,,,-8.915660029578458,6.133160180616158,False,12.5,False,40.840376122569445,142.85714285714283,,12.5,71.42857142857142,,-117.77777777777779,25.0,157.1428571428571,8.609086876623785,22.848795456029247,21.042238710054328,17.323136278439797,13.858663159153405,-27.34424773635539,20.80228558101569,8.681325644762694,8.609086876623785,True,False
THC,vcp,283.04998779296875,253.50999450683594,262.05999755859375,,,,False,2.0,14%->10%,14.495508516305605,10.43631674972523,0.6745650910368878,54.0,,,,,,-7.415647814734304,3.262612810582098,False,-21.06339468302658,True,34.84033512983796,213.37579617834393,87.58782201405153,11.345646437994649,-21.06339468302658,22.846441947565555,89.81042654028433,9.326424870466333,22.92993630573248,6.7729083665338585,2.7761822707256467,9.164526960300211,3.1798673429574764,4.843517138599096,-2.8767866835534672,4.499905464170917,0.34149117814457064,2.7761822707256467,True,False
THG,vcp,235.0688712762226,216.0797295150364,218.41000366210938,,,,False,2.0,10%->8%,9.734111500008298,8.078118407635785,0.7523917194729193,54.0,,,,,,-7.086802911704069,1.0669264722315626,False,18.695652173913068,True,35.84033470438658,25.116279069767455,48.57142857142858,18.695652173913068,75.00000000000003,3.4615384615384492,-4.761904761904779,11.428571428571432,13.953488372093027,4.339941972920691,6.125249500997998,5.522943886890119,6.36938606018016,1.4576231338897294,1.7705467161143629,0.40840840840841164,0.6407156673114089,4.339941972920691,True,False
THM,vcp,2.630000114440918,2.2699999809265137,2.950000047683716,,,,True,2.0,19%->14%,19.243991913431937,13.688217408725576,0.6933968096945715,21.0,,,,,,12.167297312487875,23.050849347989853,False,,False,44.84033559771991,,,,,-200.0,,,,,,,,,,,,,False,False
TRDA,vcp,7.070000171661377,6.454999923706055,6.710000038146973,,,,False,2.0,18%->9%,18.31168678362182,8.698730311498757,0.7579813784813478,10.0,,,,,,-5.091939530035513,3.8002997465159263,False,,False,43.50700177478009,,,,,,,,,-53.94871794871795,-95.7437493919642,-96.52655222204396,-91.7526826775677,2.6285714285714246,-32.640492686682066,-19.516728624535318,-17.230769230769226,-96.52655222204396,True,False
TWIN,vcp,24.209999084472656,22.15999984741211,25.93000030517578,,,,True,2.0,11%->8%,11.309524980892455,8.467572550943778,0.5837473167739957,21.0,,,,,,7.104507582597416,14.539145443091867,False,20.000000000000128,False,42.50700019791667,20.000000000000128,,2114.285714285714,,-47.8260869565217,-85.16129032258064,,-140.0,18.33095430190943,19.01971886462668,0.2880306046418424,9.738398013635674,18.311374025275605,7.223331115546694,12.730636531826601,-17.255218353710255,0.2880306046418424,True,False
UMC,vcp,19.770000457763672,17.8799991607666,25.770000457763672,,,,True,2.0,13%->10%,12.805755527308705,9.559945641047609,0.7988076979016541,34.0,,,,,,30.34901295434114,30.61700099667661,False,,False,35.50700159003472,,,,,,,,,,,,,,,,,,False,False
UNM,vcp,94.55000305175781,86.54000091552734,93.31999969482422,,,,False,2.0,11%->8%,11.38969443607741,8.471710076884605,0.7195958802496597,68.0,,,,,,-1.3009025036839765,7.265322333335704,False,-93.35260115606935,True,41.84033348956019,-16.145833333333325,33.01886792452828,-44.50261780104717,-93.35260115606935,14.184397163120588,33.01886792452835,360.86956521739114,-88.02083333333334,0.25584577854464996,8.5263294087204,0.23172464932337267,5.0170966739198075,0.44110634239389324,3.4246786473906443,-3.975254558370822,0.5057416552626925,0.23172464932337267,True,False
UTMD,vcp,74.6960224819888,67.86473733469442,76.66000366210938,,,,True,2.0,12%->9%,12.122883289239347,9.145447000128534,0.6865530303030304,47.0,,,,,,2.629298207403396,11.473083625434487,False,-19.60784313725491,True,29.507002755092593,-10.638297872340418,-10.869565217391308,-8.045977011494232,-19.60784313725491,2.4390243902439046,2.499999999999969,-2.43902439024386,-12.765957446808507,-14.307244047020994,-10.175077239958807,-1.2338938632889263,-1.9290354822588673,-2.212795230451736,-3.571033720287453,-7.816958825927434,-1.4166582939817096,-14.307244047020994,True,False
UVE,vcp,45.11000061035156,41.720001220703125,43.029998779296875,,,,False,2.0,17%->8%,16.765237863569695,7.514961968035358,0.7178364134885874,56.0,,,,,,-4.610955005346158,3.044382049167132,False,30.555555555555557,False,29.840318442627318,68.59504132231406,30.555555555555557,895.652173913044,,8.510638297872353,-17.903930131004408,65.94202898550732,14.049586776859503,6.7206309775804,-0.32973127660705925,6.007395876915567,3.464549456333832,8.503804962331518,-3.520491461686681,1.7320022644464528,0.209926001084626,-0.32973127660705925,True,False
VAC,vcp,106.75890896026921,98.48486269284969,99.1500015258789,,,,False,2.0,18%->8%,18.158338427989136,7.75021620958935,0.8319648962231136,18.0,,,,,,-7.1271873312437,0.6708409710468956,False,-1030.2325581395348,True,42.50698454027778,19.774011299435035,-56.16438356164384,-1030.2325581395348,-103.30188679245282,231.25,,,-103.954802259887,6.228373702422152,4.766187050359716,-0.7258064516128981,-3.6945812807881784,5.407725321888401,-5.361494719740046,4.944586530264283,1.4705882352941124,-3.6945812807881784,True,False
VERA,vcp,36.22999954223633,33.08000183105469,36.2599983215332,,,,True,2.0,16%->9%,16.020460294485595,8.694445903896373,0.5605032739190512,5.0,,,,,,0.08280093755425783,8.76998521147216,True,,False,43.840264684710654,,,,,,,,,,,,,,,,,,False,False
VMD,vcp,9.390000343322754,8.595000267028809,8.960000038146973,,,,False,2.0,31%->8%,31.093117684024772,8.466454177067963,0.5744544828507704,39.0,,,,,,-4.579342805685361,4.073658142457441,False,-12.49999999999999,True,42.84026437141204,-12.49999999999999,0.0,39.99999999999997,-10.000000000000009,16.666666666666675,-57.14285714285715,55.55555555555558,12.5,23.85340015224562,27.541477109371026,25.51445753356949,23.981104751396455,3.5576948577187295,-1.0068127223323398,5.933476096448542,14.047830499873125,23.85340015224562,True,False
VMI,vcp,511.8699951171875,461.9700012207031,468.010009765625,,,,False,2.0,22%->10%,22.196768592078282,9.748567873188243,0.6529621294015489,61.0,,,,,,-8.568579086477063,1.2905725131705312,False,21.16788321167884,False,27.506929198888887,,27.54629629629628,134.28571428571422,21.16788321167884,11.433756805807626,-38.91352549889135,81.12449799196784,,6.486233851285239,6.1778742492113015,0.09312692447849269,2.529467983434208,8.6953226641741,-0.8729027411245704,-0.7380638253121519,-0.43482068406203167,0.09312692447849269,True,False
VPG,vcp,66.80000305175781,59.470001220703125,69.91000366210938,,,,True,3.0,21%->14%->11%,20.840953927344813,10.973056132011362,0.40184041709713847,25.0,,,,,,4.6556893237592805,14.93348862040561,False,-750.0,False,41.50693104737268,-750.0,,-333.33333333333337,,,,-123.72881355932202,2849.9999999999995,11.674937800188934,17.57990549337198,10.8997563761992,5.28345240138921,-0.4943511196993544,4.692697214913366,1.0585992374071873,6.0762895650669835,5.28345240138921,True,False
VSH,vcp,34.040000915527344,30.190000534057617,33.13999938964844,,,,False,2.0,20%->11%,19.928928337592886,11.310224083200742,0.791173140290836,25.0,,,,,,-2.6439527076169105,8.90162616150282,False,1800.0,False,42.50693077061342,1800.0,,,,280.0,400.0000000000003,,-700.0,16.5726467694326,17.337773825702296,12.061574107757478,7.518429924131675,5.878280638957545,4.78448588002327,1.3004654457148712,3.7244998360117965,7.518429924131675,True,False
VSXY,vcp,78.48999786376953,71.72000122070312,83.81999969482422,,,,True,2.0,22%->9%,22.3109708218574,8.625298544174623,0.8288882742634374,18.0,,,,,,6.790676488876529,14.43569377019248,False,-8.298755186721984,False,71.50692906089121,990.0,,-8.298755186721984,,289.2857142857143,-74.6606334841629,,-330.0,10.418094585332426,15.299334811529942,7.68865685809208,9.279881217520414,3.26923076923078,-31.247245482591445,54.144021739130444,0.8910212474297463,7.68865685809208,True,False
W,vcp,107.91999816894531,93.0,107.3499984741211,,,,False,2.0,16%->14%,16.295169120663353,13.825054134627143,0.496433225632111,34.0,,,,,,-0.5281687402661946,13.367488288861459,False,-109.09090909090908,False,34.506929951261576,-109.09090909090908,,,,,,,-790.9090909090909,7.5160403299725065,7.362637362637359,6.920858699134902,8.07905686546464,20.061412487205722,-12.166616721606239,7.058068655758731,-4.766269477543538,6.920858699134902,True,False
WAT,vcp,426.2200012207031,392.95001220703125,425.739990234375,,,,False,2.0,10%->8%,9.989048460581818,7.805825376187396,0.780756697115878,54.0,,,,,,-0.11262047415732798,7.701878794447397,False,-156.27530364372467,True,37.50692912763889,-156.27530364372467,-142.85714285714286,-3.0927835051546615,-7.749077490774903,,-123.13829787234043,50.4,1.2145748987854255,113.35927367055771,91.38972809667673,6.839010259947709,8.04830441507216,29.834254143646397,35.88603162380053,16.56633999552437,3.7466926070038875,6.839010259947709,True,False
WATT,vcp,11.770000457763672,10.5,12.970000267028809,,,,True,3.0,39%->21%->11%,39.004150362777104,10.79014790459044,0.44812235422640995,29.0,,,,,,10.195410047529766,19.043949238056886,False,-94.70712773465067,False,,,,-94.70712773465067,,,-157.33333333333331,,,216.82051282051282,798.5422740524781,610.2803738317757,453.04347826086956,0.2271252433484694,1.3815789473684115,138.99371069182388,30.461538461538453,216.82051282051282,True,False
WHWK,vcp,4.300000190734863,3.9600000381469727,4.039999961853027,,,,False,2.0,17%->8%,17.047815862736723,7.9069799420121685,0.5477600888559793,13.0,,,,,,-6.046516682535364,1.9801961500356329,False,-117.4863387978142,False,43.506873805983794,,-117.4863387978142,,,,,,,,-100.0,-100.0,-100.0,,,,,-100.0,False,False
WSFS,vcp,82.73689545294805,76.33999633789062,76.88999938964844,,,,False,2.0,15%->8%,14.883385184493699,7.731616082567781,0.8172904635738246,155.0,,,,,,-7.06685455296628,0.7153115569303261,False,23.148148148148096,True,29.840208020034723,28.346456692913378,46.428571428571395,23.148148148148096,26.851851851851862,-0.6097560975609762,23.308270676691766,-2.91970802919711,7.874015748031504,43.70771279639085,47.88475209833509,73.99897604761748,66.63709538649792,14.414229307240056,9.20635391044069,8.403532967247319,6.098365604906353,43.70771279639085,True,False
WST,vcp,360.2900085449219,331.989990234375,371.0899963378906,,,,True,2.0,16%->8%,15.733165792242696,7.85478854238567,0.28477729826561354,42.0,,,,,,2.9975818193199157,10.536529275748432,False,2.2471910112359605,True,29.506874237673614,18.13186813186811,56.09756097560976,2.2471910112359605,3.7837837837837673,11.979166666666675,5.494505494505475,-5.208333333333314,5.494505494505497,13.803000652315722,21.0458452722063,7.505341880341887,7.725264426295353,3.2429873357793904,4.956521739130437,0.0497141436738735,4.9706457925636105,7.505341880341887,True,False
WTS,vcp,392.89207047582164,345.6000061035156,354.2900085449219,,,,False,2.0,15%->12%,15.314034693028706,12.036909860520167,0.7137475416193457,58.0,,,,,,-9.82510588318817,2.452793539703903,False,17.27574750830565,True,35.84020756608796,17.27574750830565,34.389140271493225,23.762376237623783,18.93203883495147,18.855218855218837,18.80000000000002,2.0408163265306145,-18.604651162790688,18.564548702811877,21.37992831541218,15.673575129533667,12.527593818984538,12.682710763324966,8.35066389377699,2.190616315187177,-4.971259903681835,12.527593818984538,True,False
ZIM,vcp,29.03499984741211,26.850000381469727,30.510000228881836,,,,True,2.0,10%->8%,10.317994899068283,7.525398579043325,0.24173282316625305,24.0,,,,,,5.080077111146234,11.996066273206466,False,,False,57.506873930277784,,,,,,,,,,,,,,,,,,False,False
