ticker,pattern_type,entry_price,stop_price,last_close,ribbon_width_pct,squeeze_days_ago,expanding,breakout,n_contractions,contraction_pcts,first_contraction_pct,final_contraction_pct,volume_dryup_ratio,base_len,pole_gain_pct,pole_len,flag_len,retracement_pct,volume_ratio,extension_pct,risk_pct,is_lre,eps_yoy_q1_pct,eps_yoy_q2_pct,eps_yoy_q3_pct,eps_yoy_q4_pct,eps_qoq_q1_pct,eps_qoq_q2_pct,eps_qoq_q3_pct,eps_qoq_q4_pct,eps_min_yoy_pct,eps_full_history_available,days_to_earnings,revenue_yoy_q1_pct,revenue_yoy_q2_pct,revenue_yoy_q3_pct,revenue_yoy_q4_pct,revenue_qoq_q1_pct,revenue_qoq_q2_pct,revenue_qoq_q3_pct,revenue_qoq_q4_pct,revenue_min_yoy_pct,revenue_full_history_available,passes_growth
GTBP,bull_flag,10.479999542236328,6.329999923706055,6.889999866485596,,,,False,,,,,,,4515.079336264447,5.0,9.0,46.58112268689564,0.16320041410163977,-34.25572359313922,8.127720662281842,False,,,,,,-102.03703703703704,,,,False,,,,,,,,,,,False,False
BURU,bull_flag,1.25,0.8799999952316284,0.9900000095367432,,,,False,,,,,,,3548.6486660641767,11.0,9.0,35.7958888230398,0.49614004932659256,-20.799999237060547,11.11111244903803,False,,,,,,,,,,False,,,,-100.0,,28.77093738654315,,,,-100.0,False,False
OPTT,bull_flag,2.309999942779541,2.0,2.009999990463257,,,,False,,,,,,,1990.9090588900667,6.0,4.0,13.698628254184882,0.027213485027183217,-12.987011244481023,0.4975119657066306,False,,,,,-211.30434782608694,,,,,False,76.78521906513889,-38.01652892561983,22.672064777327925,162.5,25.581395348837212,-0.990099009900991,-57.56302521008403,-5.555555555555558,56.19834710743801,-38.01652892561983,True,False
SWVL,bull_flag,5.989999771118164,3.700000047683716,4.090000152587891,,,,False,,,,,,,277.39726609015094,15.0,9.0,44.691360393978144,0.047996780607453084,-31.71952739783823,9.535454531888163,False,,,,,,,,,,False,,,,,,,,,,,False,False
INDP,bull_flag,4.21999979019165,3.4600000381469727,3.8499999046325684,,,,False,,,,,,,253.0973474667024,14.0,3.0,18.53146743842038,0.29964858627873214,-8.767770235890902,10.12986691288804,False,,,-101.90114068441063,,,,,,-101.90114068441063,False,,,,,,,,,,,False,False
RFAI,bull_flag,54.70000076293945,25.0,32.75,,,,False,,,,,,,220.00000000000003,15.0,12.0,31.818181818181817,0.07353675277673781,-40.12797158462034,23.66412213740458,False,,,,,,,,,,False,,,,,,,,,,,False,False
IGR,bull_flag,12.73169280374991,11.729999542236328,11.729999542236328,,,,False,,,,,,,191.1669203969298,14.0,13.0,12.200224954452077,0.7411816682375117,-7.867714662566707,0.0,False,,,,,,,,,,False,,,,,,,,,,,False,False
VNCE,bull_flag,12.989999771118164,10.029999732971191,11.5,,,,False,,,,,,,101.59045567334286,8.0,3.0,2.1526537666821848,0.6131804499184265,-11.470360256903273,12.782611017641814,False,-13.978494623655912,,,-38.235294117647065,,,-233.33333333333334,-77.41935483870968,-38.235294117647065,False,70.45144582626158,11.66969320462583,10.532856920925893,4.699186991869908,6.192460267957389,27.723900991645188,-23.501021419952927,-1.6669407701524808,16.22724976447618,4.699186991869908,True,False
PURR,bull_flag,14.760000228881836,10.545000076293945,12.850000381469727,,,,False,,,,,,,78.60140262148394,13.0,15.0,39.59075156573543,0.8148549109165715,-12.940378169335599,17.937745033063926,False,,,,,1306192.0792079207,,,,,False,48.451779891342596,,,,,425.2,,,,,False,False
AOUT,bull_flag,17.68899917602539,16.3700008392334,17.549999237060547,,,,False,,,,,,,69.1457311188536,12.0,4.0,6.686033093329921,0.21178791561132018,-0.7857987757342197,6.723637886748915,False,,,-3300.0,-33.33333333333333,,,-300.0,,-3300.0,False,72.78620432377315,25.425897245976703,-24.027315876142197,-3.297154089394072,-5.035529286757868,-20.83554686669925,-16.821620475113118,-1.0891798807671438,92.57625749107805,-24.027315876142197,True,False
SDGR,bull_flag,31.139999389648438,27.690000534057617,28.850000381469727,,,,False,,,,,,,63.29788302555015,8.0,3.0,25.29411632709454,0.6626153846153846,-7.3538826366835215,4.020796644970494,False,,,,,,-280.0,,,,False,36.78499602466435,7.542139191731034,-1.6187805410488476,-1.2251321942547855,53.935959195239434,0.5154727157901995,-32.84002980455093,60.5827994993005,-0.7943899632937068,-1.6187805410488476,True,False
HTFL,bull_flag,52.22100067138672,45.40999984741211,49.16999816894531,,,,False,,,,,,,60.303123887674694,15.0,15.0,22.994649733761655,0.78089921344584,-5.842481881265695,7.646936061730292,False,,,,,,-106.98689956331877,,,,False,43.785623509918985,47.57277081798084,41.34390538906061,49.17410578733224,49.01783989180137,21.859014585353798,7.038612632050323,6.165182816146597,6.567796610169485,41.34390538906061,True,False
AMLX,bull_flag,34.720001220703125,29.469999313354492,29.489999771118164,,,,False,,,,,,,59.12271576536212,14.0,14.0,36.543013653426726,0.34260880215735423,-15.063367700766017,0.06782115265819659,False,,,,,,,,,,False,37.452872290370365,,-100.0,,-100.0,,,,,-100.0,False,False
IRD,bull_flag,5.619999885559082,4.599999904632568,4.760000228881836,,,,False,,,,,,,49.44751432158056,11.0,7.0,45.251394415730616,0.3194513983612268,-15.302485305863891,3.361351188145909,False,,,,,,,,,,False,43.45221978423611,-73.8029146426093,-50.64073226544623,-10.1580660158066,-20.37755365916731,-64.99768196569309,-44.191461836998705,25.527768756089642,6.835530881332419,-73.8029146426093,True,False
TITN,bull_flag,26.440000534057617,22.520000457763672,23.489999771118164,,,,False,,,,,,,48.135582955760945,13.0,14.0,43.42722400358367,0.5622775800711743,-11.157340027809488,4.1294138901914454,False,,,,-28.57142857142857,,,-3279.9999999999995,,-28.57142857142857,False,56.45153702421296,-9.158056168630335,-12.1067880794702,-15.539246842763921,-5.194579773588459,-4.976635827107034,-18.61132534062493,-0.41504398690478395,17.95009754294268,-15.539246842763921,True,False
ANF,bull_flag,150.0,130.80999755859375,135.7100067138672,,,,False,,,,,,,47.10776346632819,15.0,12.0,43.67556934938817,0.47507524262486195,-9.526662190755209,3.610646903588092,False,43.29896907216495,-7.547169811320764,1.4084507042253946,-5.600000000000005,183.6734693877551,-59.16666666666668,52.54237288135597,-18.900343642611695,-7.547169811320764,True,57.452871271875004,4.809773614880508,1.5045871225204177,5.355800966233559,6.753953378341482,13.724646958532837,-33.29622314501959,29.37993319484682,6.789815979347313,1.5045871225204177,True,False
ETON,bull_flag,60.599998474121094,53.599998474121094,57.68000030517578,,,,False,,,,,,,46.81373197543821,15.0,15.0,32.98430521888471,0.5956459648319543,-4.818478947969417,7.073512152337104,False,,150.0,,,599.9999999999999,,,,150.0,False,44.785770139606484,98.58939137785292,40.411989353084145,82.71657937666352,117.5416505230531,54.90398087859556,14.026596494525624,-5.245113317600958,18.65490278951818,40.411989353084145,True,False
FEIM,bull_flag,89.58999633789062,82.69999694824219,88.43000030517578,,,,False,,,,,,,46.69524095281044,10.0,4.0,22.23791967726559,0.8297728828574881,-1.2947829893193583,6.479705232567118,False,485.7142857142856,-251.51515151515147,-90.0,-35.71428571428572,,-412.5,-11.111111111111105,157.1428571428571,-251.51515151515147,True,72.78575880997685,,,-100.0,-100.0,,,,,-100.0,False,False
COHU,bull_flag,67.26000213623047,61.7599983215332,67.0,,,,False,,,,,,,46.15036489704507,14.0,3.0,13.640836350806133,0.6668282779309719,-0.3865627831885174,7.820898027562384,False,,,,,,,,,,False,30.785984104467595,38.37481426448737,29.259171255307503,29.863368819192115,32.41698307146903,19.088228006937392,2.3635768632905174,-3.1833915516162548,17.244613670133724,29.259171255307503,True,False
NRGV,bull_flag,4.688000202178955,4.195000171661377,4.400000095367432,,,,False,,,,,,,45.8715599005904,14.0,3.0,38.33332061767578,0.7222706134199454,-6.143346723356853,4.65908907415457,False,,,,,,,,,,False,41.785263654780096,-10.96504955659885,-72.16294214023736,-99.3114102593554,-86.85884455032758,-74.50330136536105,2691.576313594662,-78.26323422770123,-42.45174752217006,-99.3114102593554,True,False
ALAB,bull_flag,377.8699951171875,348.3500061035156,364.6199951171875,,,,False,,,,,,,43.92175541213022,5.0,3.0,13.622417599167342,0.6629806518140621,-3.506496988703965,4.462176850296639,False,186.20689655172416,144.44444444444446,-79.67479674796748,,88.63636363636363,76.0,-50.0,72.41379310344828,-79.67479674796748,False,35.78628426336806,104.45486518171161,93.40010787621831,91.77226852639338,103.8934969845958,27.253446447507955,13.961704911247196,17.351404098449528,20.13807476878988,91.77226852639338,True,False
CNH,bull_flag,14.359999656677246,12.949999809265137,13.09000015258789,,,,False,,,,,,,43.569292142588665,13.0,14.0,33.18077453632768,0.5976373750581986,-8.844007900089464,1.0695213268968211,False,-35.29411764705883,-90.0,-42.8571428571429,-75.0,1000.0,-87.5,33.33333333333328,-64.70588235294117,-90.0,True,41.452626275590276,3.0340711265854248,-0.06305170239596647,7.7984984257689405,-7.380535401551159,30.69400630914827,-28.780049427095033,20.232306861156136,-7.933349912956977,-7.380535401551159,True,False
FOSL,bull_flag,6.380000114440918,5.71999979019165,6.199999809265137,,,,False,,,,,,,42.76169652934747,8.0,3.0,35.93750155220423,0.7205214731373359,-2.821321347132213,7.741936029678345,False,,,,,,,,,,False,44.78572599456019,-4.85507377897163,-3.657203602336978,-18.0463692242971,-6.121208120381216,-6.70623462255463,-19.8781565926623,3.820489191379761,22.602410294571396,-18.0463692242971,True,False
GORO,bull_flag,3.950000047683716,3.369999885559082,3.5,,,,False,,,,,,,42.75092314076498,14.0,13.0,40.86957278909759,0.8237491364724369,-11.392406132946665,3.7142889840262274,False,,,,,,,,,,False,63.785659956909726,,,,,,,,,,False,False
AXTI,bull_flag,80.44000244140625,69.5999984741211,78.94000244140625,,,,False,,,,,,,42.452324782954534,13.0,4.0,43.366926798488855,0.7411029769587204,-1.8647438519070452,11.831775625061372,False,,,,,,,,,,False,30.786089279780093,164.76577278290864,39.098987394089676,-8.221469826727745,18.227955170226263,76.75308275144852,16.852567162883545,-17.578250760150237,55.53021030377212,-8.221469826727745,True,False
VRA,bull_flag,4.289999961853027,4.0,4.03000020980835,,,,False,,,,,,,41.11842156859977,6.0,3.0,23.199996948242188,0.11538943935783269,-6.06060033465299,0.7444220408558315,False,,,,,,-269.99999999999983,,,,False,72.45142724670139,1.1163171413248962,7.832584791698927,-39.162778697512415,-11.67657449314019,28.629133603820335,-34.381773631137506,36.359693508746574,-12.144006322504165,-39.162778697512415,True,False
SEI,bull_flag,71.9000015258789,64.2300033569336,70.97000122070312,,,,False,,,,,,,40.60649366399034,12.0,5.0,26.99145207414106,0.6496491303496276,-1.2934635402490875,9.496967377539459,False,,,,,,,,,,False,34.78498502246528,46.068253070874235,26.08044174979536,-2.171723952738991,0.5939269527510893,25.097111416781303,3.9343512323440244,0.23960745649234116,12.075345633962066,-2.171723952738991,True,False
RCMT,bull_flag,42.0,38.84000015258789,40.470001220703125,,,,False,,,,,,,40.07606574918272,15.0,15.0,14.408959635790161,0.7143615114361512,-3.642854236421131,4.02767733864406,False,36.00000000000001,-3.703703703703709,110.52631578947363,-14.28571428571428,30.76923076923077,-35.0,166.66666666666669,-40.0,-14.28571428571428,True,36.78505549252315,20.021492720620216,-1.698767653569777,12.434990638651966,16.439990060465504,12.979599701341549,-3.9756695499329253,23.0292079841796,-10.077271447944113,-1.698767653569777,True,False
DOCN,bull_flag,151.8300018310547,136.02000427246094,139.75,,,,False,,,,,,,39.37255634035262,12.0,4.0,24.55800233667525,0.6615484219745561,-7.95626798746695,2.6690488211370753,False,-25.64102564102565,-61.53846153846154,9.523809523809534,357.5757575757575,93.33333333333333,-34.78260869565217,-84.76821192052981,287.1794871794872,-61.53846153846154,True,36.452532825381944,28.57064471879287,22.40214899645472,18.282298401854334,15.693960218455905,9.026191814815544,6.400841618878661,5.554926535269167,4.999542752629171,15.693960218455905,True,False
DELL,bull_flag,595.510009765625,530.4500122070312,562.8900146484375,,,,False,,,,,,,38.447064568014696,11.0,6.0,35.465118450768095,0.6775721389550357,-5.47765689614953,5.763115634884232,False,272.94117647058823,282.4817518248175,55.60747663551404,39.02439024390243,20.992366412213737,57.357357357357365,46.05263157894739,34.11764705882352,39.02439024390243,True,59.78586610337963,57.747850617947336,87.53528958850201,39.48017216163136,10.830665681687602,7.13699192555084,31.346055903412328,23.603036474726903,-9.306152606125739,10.830665681687602,True,False
FTK,bull_flag,31.889999389648438,28.6299991607666,29.530000686645508,,,,False,,,,,,,37.779720742076584,12.0,5.0,32.171903310479856,0.7991100337633106,-7.400435083636252,3.0477531491759096,False,420.0,-29.41176470588236,-40.00000000000002,562.5,116.6666666666667,33.33333333333337,-83.01886792452831,960.0,-40.00000000000002,True,35.78570655274306,70.29477292202229,26.532639716773243,33.02401639182773,12.643239113827342,41.849509642974404,3.7500555399220925,20.502935874783603,-3.974293059125966,12.643239113827342,True,False
RXT,bull_flag,4.275000095367432,3.9000000953674316,3.9700000286102295,,,,False,,,,,,,37.66667048136394,14.0,3.0,20.353981927451557,0.6227390010414924,-7.134504326390845,1.7632224871117343,False,,,,,-1000.0000000000002,,,,,False,37.78500596768519,0.5703136725198954,1.908626390141266,-0.40840140023337135,-0.6806747558449233,-1.1797669960182833,-0.6883421206795526,1.728247914183556,0.7354044724598552,-0.6806747558449233,True,False
HUT,bull_flag,107.19999694824219,95.63500213623047,96.81999969482422,,,,False,,,,,,,37.43715486628396,14.0,3.0,37.7926932786455,0.5599077751426536,-9.68283353443526,1.2239181598108364,False,-207.62711864406782,,-273.758865248227,4200.0,,,-669.7674418604652,-63.559322033898304,-273.758865248227,False,36.45227745922454,81.43780721082834,225.54205821682328,179.2137313056099,90.94546701726307,5.512764549333249,-19.74936153863539,5.96814752724224,102.2082859149132,81.43780721082834,True,False
AMD,bull_flag,639.0,599.239990234375,630.6300048828125,,,,False,,,,,,,36.74368960968663,12.0,3.0,14.635181059839827,0.8092792966289625,-1.3098583907961658,4.977564404705194,False,155.55555555555554,90.90909090909089,206.6666666666666,59.5744680851064,64.28571428571428,-8.695652173913038,22.666666666666657,38.888888888888886,59.5744680851064,True,35.78623560533565,50.11060507482108,37.84619521376713,34.10812222512405,35.5917289925209,12.513410709060757,-0.16553067185978154,11.075059485182791,20.31229668184775,34.10812222512405,True,True
BFLY,bull_flag,10.050000190734863,8.84000015258789,9.390000343322754,,,,False,,,,,,,35.47067405909554,7.0,3.0,41.9230766409248,0.8268934289687243,-6.567162536181502,5.857296811772423,False,,,,,,,,,,False,31.452749292824073,39.468844887311306,24.994110718492337,40.98514674302076,4.513399153737652,22.924990576705607,-15.812521816393232,46.647121783237935,-8.099901637942096,4.513399153737652,True,False
KEEL,bull_flag,4.170000076293945,3.7300000190734863,3.799999952316284,,,,False,,,,,,,35.17915914036664,14.0,3.0,38.88889011532172,0.6477853315559484,-8.87290448940461,1.84210352950477,False,,,,,,,,,,False,41.452182816412034,,,,,-50.039403690812364,,,,,False,False
PRE,bull_flag,25.010000228881836,21.549999237060547,22.969999313354492,,,,False,,,,,,,35.058438425911916,13.0,12.0,43.17461470807732,0.5556744594446273,-8.156740891075751,6.181977008020081,False,,,,,,,,,,False,42.45177412363426,,,,,,,,,,False,False
CRML,bull_flag,8.489999771118164,7.610000133514404,7.829999923706055,,,,False,,,,,,,34.48819039544819,5.0,3.0,42.46574447669083,0.6662377275320852,-7.7738500024150765,2.809703605814612,False,,,,,,,,,,False,,,,,,,,,,,False,False
NRXS,bull_flag,7.989999771118164,6.940000057220459,7.559999942779541,,,,False,,,,,,,34.094904001954276,5.0,6.0,35.56701220973461,0.3884084826024295,-5.381725164661006,8.201056749361962,False,,,,,,,,,,False,,115.71694445500769,79.5203510280186,27.190162448352197,21.71970748171761,19.952446788727784,66.08182604141813,19.3135686591555,-9.246537805088106,21.71970748171761,True,False
BE,bull_flag,292.7200012207031,251.3000030517578,288.70001220703125,,,,False,,,,,,,34.04265375115838,15.0,3.0,35.92481455562115,0.8339586148833383,-1.3733222864538421,12.954626800796015,False,,65.44129822818347,,,-99.76979281353218,,,,65.44129822818347,False,28.786084015868056,133.78948951018285,36.28098998656175,59.520627975487585,21.377789349547417,-3.411645196146307,50.539320633275594,29.545293951384966,24.116243085616198,21.377789349547417,True,False
EPRX,bull_flag,8.770000457763672,7.841000080108643,8.010000228881836,,,,False,,,,,,,32.807568984947586,7.0,10.0,27.83653929917773,0.6730868219579736,-8.665908656926502,2.109864468715316,False,,,,,,,,,,False,35.78580923057871,,,,,,,,,,False,False
AEHR,bull_flag,105.58000183105469,92.37999725341797,104.38999938964844,,,,False,,,,,,,31.899833357690976,12.0,3.0,33.78545253626392,0.7769575265684887,-1.1271096995342442,11.504935536402934,False,,,-650.0,-450.0,,,,,-650.0,False,34.78628205637732,33.68585421250621,-43.666357131152026,-26.5293986471419,-16.388444241176913,82.63356928148937,4.340348037231889,-9.89151244416082,-22.144935765490803,-43.666357131152026,True,False
OBIO,bull_flag,6.480000019073486,5.75,5.949999809265137,,,,False,,,,,,,31.856546451385736,11.0,4.0,33.11257776233935,0.6006680782710281,-8.17901555938775,3.361341439939273,False,,,,,,-217.8571428571429,,,,False,37.78526281113426,-89.47368421052632,-87.32718894009217,12120.158102766798,-12.765957446808507,-19.999999999999996,-99.64420868777695,3490.8246225319394,2.9904306220095656,-89.47368421052632,True,False
XHLD,bull_flag,13.600000381469727,11.010000228881836,12.949999809265137,,,,False,,,,,,,31.502235895830545,6.0,3.0,25.622756234689454,0.3846108160716064,-4.779415838033568,14.980691961055623,False,,,,,,,,,,False,,-34.49820788530465,15.426251691474956,-13.691931540342296,1.495327102803734,-14.302461899179363,20.8215297450425,30.018416206261513,-51.344086021505376,-34.49820788530465,True,False
CMDB,bull_flag,24.760000228881836,21.59000015258789,21.899999618530273,,,,False,,,,,,,31.37685882794836,15.0,14.0,41.258743124209715,0.7960177039988522,-11.550890888181225,1.4155227001925725,False,,,,,,,,,,False,45.45267526076389,,,,,,,,,,False,False
TRX,bull_flag,1.399999976158142,1.2699999809265137,1.2899999618530273,,,,False,,,,,,,31.192651720884477,14.0,3.0,47.05882559185674,0.6925349383037567,-7.857144012743132,1.5503861641813224,False,,,,,,,,,,False,62.78481048591435,,,,,,,,,,False,False
IOVA,bull_flag,11.130000114440918,10.119999885559082,11.0,,,,False,,,,,,,30.712529417160916,8.0,3.0,20.800018310546875,0.803620162953017,-1.1680153917720613,8.000001040371982,False,,,,,,,,,,False,37.45221510604167,65.6541900186816,44.81793852891087,17.744999592911228,15.19938519340791,39.03541929161416,-17.679870002650656,28.635386553998956,12.515012009607695,15.19938519340791,True,False
CIFR,bull_flag,19.559999465942383,17.440000534057617,17.729999542236328,,,,False,,,,,,,30.663932930779623,14.0,3.0,36.8303445509972,0.8114842155990865,-9.355828086255457,1.6356402462835749,False,,,-4875.000000000002,,,,,,-4875.000000000002,False,34.45268515677083,-42.988637667852636,-28.842500868073284,41.418184401866284,197.51472906812714,-28.70715884953212,-41.65564133911674,-16.729189618865657,64.59772753357053,-42.988637667852636,True,False
VGZ,bull_flag,2.799999952316284,2.6600000858306885,2.75,,,,False,,,,,,,30.555547277132987,5.0,3.0,24.24240672774037,0.678060007609997,-1.7857126131349395,3.272724151611328,False,,,,,,,,,,False,30.784780041145833,,,,,,,,,,False,False
RBRK,bull_flag,116.12000274658203,109.18000030517578,109.55000305175781,,,,False,,,,,,,30.363528096114333,6.0,4.0,14.36715746886186,0.7257963772642099,-5.65793966536709,0.337747819511443,False,,,-107.73286467486818,,,,,,-107.73286467486818,False,65.78507643722222,37.888078487058664,38.992606317845734,46.3324292909725,48.263597794883516,10.383705188752357,2.484616769574566,7.858558512248481,13.007809978700058,37.888078487058664,True,False
MGRT,bull_flag,121.9800033569336,116.98999786376953,121.70999908447266,,,,False,,,,,,,29.85476160419045,11.0,11.0,13.369366070171735,0.2616345786051256,-0.22135125842787567,3.878071856222113,False,,,,,,,,,,False,,,,,,,,,,,False,False
UMC,bull_flag,25.3799991607666,23.799999237060547,24.309999465942383,,,,False,,,,,,,29.758306474228704,12.0,3.0,33.3333548488289,0.6473579548059045,-4.215916982685588,2.097903085503279,False,,,,,,,,,,False,29.451476379571762,,,,,,,,,,False,False
MOVE,bull_flag,12.039999961853027,10.010000228881836,11.770000457763672,,,,False,,,,,,,29.56926561971953,13.0,10.0,44.09448434566114,0.358446714860082,-2.2425208051894456,14.9532723910891,False,,,-195.37444933920702,,,,,,-195.37444933920702,False,,,,,,,,,,,False,False
INTC,bull_flag,127.44000244140625,119.44000244140625,123.0,,,,False,,,,,,,29.290184409945997,11.0,3.0,15.75195493055782,0.8371988785281664,-3.483994316029343,2.894306958206301,False,,,,,,,-111.11111111111111,,,False,23.78555878171296,25.421883505715837,7.184021473119118,-4.109396914446006,2.777777777777768,18.789128673491938,-0.7093754570718147,0.1538123489343013,6.174663659693591,-4.109396914446006,True,False
SMTC,bull_flag,185.0,162.55999755859375,182.3000030517578,,,,False,,,,,,,28.751853537255666,12.0,3.0,30.233757702394488,0.8291812695949268,-1.4594578098606419,10.828307823757726,False,22.72727272727273,-141.97530864197532,,,,,,-240.9090909090909,-141.97530864197532,False,55.78496260818287,16.098779377080596,9.287853154462633,12.81177323131888,19.61647542958831,6.074734091842338,2.7741157226033764,3.7358882371628432,2.660393192511612,9.287853154462633,True,False
OABI,bull_flag,4.994999885559082,3.890000104904175,4.610000133514404,,,,False,,,,,,,28.106502281059086,15.0,14.0,46.31577969918094,0.40988643394188523,-7.707702920229104,15.618221426413323,False,,,,,,,,,,False,36.78526105931713,244.23915832691816,247.30380356283098,-22.473158089596446,-46.332694151486095,-7.014625355236714,72.24212034383955,274.09557838320677,-42.54554785732615,-46.332694151486095,True,False
JILL,bull_flag,24.729999542236328,22.860000610351562,24.6299991607666,,,,False,,,,,,,28.064674234123533,13.0,3.0,29.849184863830843,0.5983638488507986,-0.4043687154095416,7.186352459298859,False,60.86956521739133,-59.210526315789465,-309.0909090909091,-25.00000000000001,258.0645161290323,,-138.3333333333333,-13.043478260869556,-309.0909090909091,True,,0.9411917014596982,-5.998233903851647,-3.084981725860003,-0.4342554397248177,7.712020114108897,4.192185622062761,-8.038651179721368,-2.194387804641229,-5.998233903851647,True,False
FIVN,bull_flag,40.0,35.61000061035156,35.77000045776367,,,,False,,,,,,,27.768600085550112,8.0,3.0,36.190480515528996,0.7385393003180373,-10.57499885559082,0.4473017762497186,False,300.0,2000.0,37.50000000000002,,-80.95238095238095,-4.545454545454564,4.761904761904789,2000.0,37.50000000000002,False,41.78572039615741,10.299397392584432,9.157505228723117,7.75927653771622,8.195107918026201,2.3336248317333608,1.6774232221711483,5.055417168126741,0.9047936766818809,7.75927653771622,True,False
NUAI,bull_flag,7.269000053405762,6.460000038146973,7.059999942779541,,,,False,,,,,,,27.74725010807435,5.0,3.0,33.99339352288268,0.8193818241077734,-2.8752250528364955,8.498582287471617,False,,,,,,,,,,False,44.78528648699074,,,,,-0.8371530720419407,,,,,False,False
GCTS,bull_flag,2.2699999809265137,2.0999999046325684,2.2300000190734863,,,,False,,,,,,,27.167631412047122,13.0,3.0,21.27662488592686,0.7004642159410679,-1.762112871767564,5.829601494574427,False,,,,,,,,,,False,43.78571382684028,-17.85109983079526,287.0967741935484,-57.535014005602235,-83.52490421455938,-49.427083333333336,153.2981530343008,76.27906976744185,-63.62098138747885,-83.52490421455938,True,False
AMBQ,bull_flag,73.08000183105469,66.8499984741211,69.79000091552734,,,,False,,,,,,,27.082585060965947,13.0,4.0,27.986788807500275,0.6530672819524871,-4.501916848788704,4.212641356696327,False,,,,,,-101.47058823529412,,,,False,37.45292438574074,89.67716667599173,59.2931604373252,2.358630218099278,-10.305155046415171,35.27932960893854,20.80601619745468,14.197632810349582,1.633749230683157,-10.305155046415171,True,False
MRVL,bull_flag,267.4800109863281,252.19000244140625,261.94000244140625,,,,False,,,,,,,27.063149351165205,13.0,3.0,18.19968646841706,0.689478839092285,-2.071186001710253,3.72222642938281,False,50.0,-80.0,95.65217391304337,,725.0,-91.11111111111111,-79.54545454545456,900.0,-80.0,False,63.785343315034716,36.54852699267235,27.568195008705754,22.080994827775946,36.83134357891959,13.297212341798325,8.973723351512142,6.951072547601833,3.409600717810668,22.080994827775946,True,False
AGEN,bull_flag,8.699999809265137,8.199999809265137,8.539999961853027,,,,False,,,,,,,26.822152185704027,9.0,3.0,27.173917832132037,0.6095243542810657,-1.839078746205445,3.981266441529546,False,,,,,-100.98039215686273,1033.3333333333294,-95.36082474226802,,,False,37.45294657869213,34.358335603907975,40.18116845341977,27.45090732943325,20.400605288308384,2.3179985771875744,-1.3682610221026792,13.127170497767482,17.687127787941304,20.400605288308384,True,False
DBI,bull_flag,6.586623836064718,5.902170044736079,6.130000114440918,,,,False,,,,,,,26.79611003448541,6.0,9.0,42.02902274245875,0.757193699833409,-6.932591460948183,3.716640545701169,False,47.61904761904763,,,45.83333333333333,1450.0,,-202.85714285714283,66.66666666666666,45.83333333333333,False,70.45257137767362,-1.2292390232036432,1.3744178632104198,0.002382380474563739,-3.1887791207858007,4.957851655058509,-2.4158163873041816,-5.159680015310785,1.6812843763936325,-3.1887791207858007,True,False
THM,bull_flag,2.859999895095825,2.7100000381469727,2.759999990463257,,,,False,,,,,,,26.60944825232012,6.0,3.0,38.7096712169997,0.45943386960535876,-3.4965002902287807,1.8115924814873587,False,,,,,-200.0,,,,,False,38.784880078715275,,,,,,,,,,False,False
MRVI,bull_flag,7.760000228881836,6.485000133514404,7.599999904632568,,,,False,,,,,,,26.584511875302375,15.0,13.0,46.68872959232008,0.46063247286836595,-2.0618597877583125,14.671049804073256,False,,,,,,,,,,False,37.785344269305554,8.534295419541316,40.52721451440768,-11.832101559461083,-39.688518652662076,-21.864605009341254,32.02783459671921,19.783809752582272,-12.167436757600692,-39.688518652662076,True,False
GLSI,bull_flag,20.308000564575195,17.1200008392334,18.219999313354492,,,,False,,,,,,,26.347306111123547,7.0,5.0,47.2221947947204,0.8251951547779274,-10.28166827443842,6.0373134773657275,False,,,,,,,,,,False,44.78566194244213,,,,,,,,,,False,False
CTKB,bull_flag,5.849999904632568,5.480000019073486,5.650000095367432,,,,False,,,,,,,26.048560125531317,8.0,3.0,19.491529875670754,0.7908510986314814,-3.4188002141121143,3.0088508570704695,False,,,,,,,-100.0,,,False,36.78592479564815,5.56554537081706,6.459705236751323,8.116431206068619,1.5398058252427127,9.074430723915249,-28.97603836436491,18.83234849788691,14.67260207885619,1.5398058252427127,True,False
BRUN,bull_flag,17.18000030517578,15.800999641418457,16.770000457763672,,,,False,,,,,,,25.939576543293864,5.0,3.0,36.61932794146174,0.42237823513068756,-2.3864949949307603,5.778180023224841,False,,,,,,,,,,False,48.452722187002315,,,,,269.6782619019352,,,,,False,False
SILC,bull_flag,53.310001373291016,46.54999923706055,52.779998779296875,,,,False,,,,,,,25.48722839108113,13.0,3.0,30.089389652438392,0.801169845912087,-0.994189796175242,11.803712933544185,False,,,,,,,,,,False,30.451617865729165,,,,,,,,,,False,False
FORM,bull_flag,133.05999755859375,116.5199966430664,129.69000244140625,,,,False,,,,,,,25.049777779199367,13.0,4.0,11.673646979205904,0.827836201880103,-2.532688395476261,10.154989243901074,False,491.6666666666667,225.0,141.6666666666666,-16.666666666666664,173.07692307692304,-10.344827586206872,44.99999999999995,66.66666666666667,-16.666666666666664,True,29.785707817824076,31.892052012788685,31.97320198884195,13.552666993872808,-2.52071740165547,14.19361115041744,5.103572640277365,6.161064950956208,3.5128040122983872,-2.52071740165547,True,False
PSNL,bull_flag,17.350000381469727,15.914999961853027,16.459999084472656,,,,False,,,,,,,23.830096024496463,14.0,14.0,38.82177154633805,0.5227005196033174,-5.129690359820487,3.3110519619271868,False,,,,,,,,,,False,35.78510261162037,29.95989071673546,-24.91142926474157,3.2440476190476186,-43.61896612081372,44.49974146845914,-10.79850100893629,19.6619523973784,-15.741440446433764,-43.61896612081372,True,False
TSEM,bull_flag,236.9600067138672,217.19000244140625,230.47000122070312,,,,False,,,,,,,23.801803398577583,6.0,3.0,42.69069207270951,0.5988786204423582,-2.738861119716646,5.762137679072453,False,,,,,,,,,,False,41.45146873359954,,,,,,,,,,False,False
QRVO,bull_flag,121.08999633789062,115.54000091552734,117.97000122070312,,,,False,,,,,,,23.730597414671873,15.0,4.0,7.428818889407019,0.7176695624452061,-2.5765919659303957,2.059845960863929,False,-3.0303030303029277,306.9767441860465,,,-81.7142857142857,36.71875,374.074074074074,-18.181818181818166,-3.0303030303029277,False,41.78510162256944,-7.038393327460046,8.364135992238486,1.1460962113082562,-7.657067841397769,-18.59915666205755,-6.1921411654005665,29.27838803680607,-5.8306516353565545,-7.657067841397769,True,False
OSUR,bull_flag,4.119999885559082,3.7799999713897705,3.930000066757202,,,,False,,,,,,,23.529411330507056,8.0,3.0,27.631584313437617,0.6519528897727114,-4.611646215521605,3.8167962549477163,False,,,,,,,,,,False,36.78519272597222,-1.9300941040906516,-6.702081454010889,-28.527173187341436,-32.14330452210948,9.718889883616821,4.3418151926166715,-1.1888499169281919,-13.305806286409316,-32.14330452210948,True,False
HBIO,bull_flag,8.1899995803833,7.849999904632568,7.960000038146973,,,,False,,,,,,,23.384622427133415,14.0,14.0,11.18424354826971,0.6719882966543697,-2.8082973628866035,1.3819112184327513,False,,,106799.99999999991,,,-107.20299345182414,,,106799.99999999991,False,37.452318266435185,11.134474327628352,-4.679893450904748,-3.3433784003909395,-6.276741010468823,9.501324981932058,-12.555298082999789,15.268806760235055,0.6894865525672422,-6.276741010468823,True,False
SNDK,bull_flag,1902.219970703125,1726.3900146484375,1777.800048828125,,,,False,,,,,,,23.2638433718531,5.0,3.0,45.10803622229687,0.7284637692040581,-6.540774662827779,2.8917781959549123,False,,,615.2777777777778,-48.630136986301366,94.65914025184543,347.18446601941747,586.6666666666667,,-48.630136986301366,False,38.78496374938658,371.59389794844816,251.03244837758112,61.24733475479744,22.570366436537448,50.67226890756302,96.69421487603307,31.065857885615245,21.409784324039972,22.570366436537448,True,False
CRWD,bull_flag,263.8699951171875,248.50999450683594,252.1300048828125,,,,False,,,,,,,22.927932263037754,13.0,3.0,3.3233342024910693,0.8064554492563915,-4.449156952900668,1.435771350442446,False,,,,,-90.9090909090909,,,,,False,63.785920674062496,25.83040193267132,25.574252741894842,23.318671601775275,22.180843376117878,6.153739565208283,6.147965144115686,5.763123012953675,5.585515915110295,22.180843376117878,True,False
S,bull_flag,24.398000717163086,22.299999237060547,22.3799991607666,,,,False,,,,,,,22.685183777058416,9.0,3.0,35.14741945668675,0.8411916838113572,-8.271175904085023,0.35746169216261214,False,,,,,,,,,,False,65.78502893984954,20.5621368964791,20.79561976867559,20.234035854754097,22.912631498993584,5.538988711653792,2.029850305915848,4.727456713258893,6.9079993228261305,20.234035854754097,True,False
OMER,bull_flag,20.969999313354492,19.65999984741211,20.079999923706055,,,,False,,,,,,,22.59754888483425,5.0,3.0,35.824734286123004,0.47426026514112957,-4.244155549788941,2.0916338540325463,False,,,,,-75.80645161290323,-56.64335664335665,,,,False,44.78526294255787,-4.916011198506864,-65.6767165111196,-100.0,-100.0,188.37561912463357,,,-100.0,-100.0,True,False
PBR,bull_flag,21.43000030517578,20.200000762939453,20.3700008392334,,,,False,,,,,,,22.57882982659345,13.0,8.0,39.15210985566461,0.7923663581648777,-4.946334348331163,0.834560968532307,False,,,,,,,,,,False,42.785186950740744,,,,,,,,,,False,False
FGI,bull_flag,8.619000434875488,7.659999847412109,7.659999847412109,,,,False,,,,,,,22.551936340963774,13.0,3.0,39.47369741930788,0.2962878528819484,-11.12658706435293,0.0,False,,,-1241.6666666666672,,,,,,-1241.6666666666672,False,44.78573817940972,2.8623929214091293,-8.162842549749572,-14.399566381545249,-0.6934174320141762,4.537789338608711,0.10659036437152825,-15.007109988794342,15.647978305879096,-14.399566381545249,True,False
QLYS,bull_flag,190.0,172.00999450683594,172.42999267578125,,,,False,,,,,,,21.985632694504375,7.0,3.0,34.2312648073486,0.5272482287999304,-9.247372275904606,0.24357605218660056,False,16.279069767441868,10.077519379844958,23.529411764705888,12.096774193548377,5.633802816901423,-3.4013605442177353,5.7553956834532904,7.751937984496116,10.077519379844958,True,35.78507570803241,11.040338408650396,9.843088449583792,10.107983491529037,10.408339669974719,3.721859734226074,0.2031012882098615,3.1786769640103074,3.5474393826724127,9.843088449583792,True,False
HPE,bull_flag,65.6500015258789,60.44499969482422,62.939998626708984,,,,False,,,,,,,21.6948821500778,13.0,4.0,11.854648203201155,0.5343387056308101,-4.127955576819983,3.9640911762365323,False,404.7619047619048,,-29.54545454545454,-87.25490196078431,140.9090909090909,41.93548387096775,138.46153846153854,-38.095238095238116,-87.25490196078431,False,65.78559808381944,32.95819935691318,39.10428662827896,18.10945273631841,14.328703703703694,14.110937356268982,14.479780960404387,-3.867179591010328,5.873526259378359,14.328703703703694,True,False
FTRE,bull_flag,20.709999084472656,19.25,19.889999389648438,,,,False,,,,,,,21.679566355962354,9.0,3.0,32.417596237282595,0.5561451960353933,-3.959438585581659,3.217694365448393,False,,,,,,,,,,False,37.45237299528935,-4.519217232155426,-2.2723783202825087,-5.236728837876614,3.9116906208327196,6.551453260015716,-3.6336109008327067,-5.8177670041351774,-1.2670702520061972,-5.236728837876614,True,False
ATRC,bull_flag,61.70000076293945,57.88999938964844,58.380001068115234,,,,False,,,,,,,21.67529201173175,15.0,3.0,8.96948607162747,0.8441565289636714,-5.380874641444738,0.8393313968855265,False,,,,,,-100.0,,,,False,28.78612059924769,12.82879997649462,14.260637437307878,13.053903779460407,15.839013027348802,8.746964580280213,0.533096085409257,4.640684000029793,-1.3735961039819555,12.82879997649462,True,False
AIP,bull_flag,24.979999542236328,23.200000762939453,23.889999389648438,,,,False,,,,,,,21.411077275375344,5.0,3.0,36.15559771799092,0.6149729509627131,-4.363491483436227,2.888232081780469,False,,,,,,,,,,False,35.78628324684028,46.248939522482125,38.736994918945065,30.008393053134476,18.317134506898668,5.223229856993372,13.89978646273029,15.676700367647056,5.490243606835543,18.317134506898668,True,False
GRDN,bull_flag,45.369998931884766,41.189998626708984,41.209999084472656,,,,False,,,,,,,21.397733435840884,14.0,5.0,47.91933046052486,0.6626749532615835,-9.16905432080268,0.048533021616124626,False,,,,,,,,,,False,41.78566085526621,2.158950321490183,2.2128220389422637,17.440167292339236,20.049428581425154,4.507791262496474,-15.346716429922335,5.349113868377198,9.610726794333413,2.158950321490183,True,False
PDEX,bull_flag,74.19999694824219,70.5199966430664,71.7699966430664,,,,False,,,,,,,21.239978052741115,6.0,5.0,15.97172262505136,0.7729397293972939,-3.27493316053748,1.741674875946592,False,160.60606060606065,22.44897959183674,8.196721311475418,86.66666666666664,-28.3333333333333,81.81818181818181,-52.85714285714285,324.24242424242414,8.196721311475418,True,30.785184250833332,16.645707099577002,14.557252785115416,11.135592211040324,24.220687805859086,2.2908416461977943,6.89063923270643,0.7177549919050286,5.9220304104264265,11.135592211040324,True,False
NEWP,bull_flag,6.769999980926514,6.349999904632568,6.619999885559082,,,,False,,,,,,,21.228071555022908,5.0,3.0,46.28098554749968,0.43166658307838907,-2.215658726588405,4.07854963132996,False,,,,,,,,,,False,45.785300118229166,,,,,,,,,,False,False
TNK,bull_flag,103.16000366210938,92.54000091552734,94.06999969482422,,,,False,,,,,,,21.189910492160145,11.0,10.0,47.022113553747616,0.7989786554957111,-8.811558399182095,1.6264470971195895,False,,,,,,,,,,False,36.7848307993287,,,,,,,,,,False,False
TII,bull_flag,3.2149999141693115,2.7249999046325684,2.880000114440918,,,,False,,,,,,,21.13821027898075,14.0,11.0,49.0384853450513,0.5519903212655997,-10.419900736294435,5.381951515597045,False,,,,,,,,,,False,36.451548144236114,,,,,,,,,,False,False
TER,bull_flag,400.4599914550781,376.0199890136719,398.3800048828125,,,,False,,,,,,,21.108744731963537,6.0,3.0,32.62342295814581,0.5080971541100614,-0.5193993449153207,5.612735477454008,False,385.71428571428567,314.75409836065575,82.02247191011234,-15.73033707865169,-5.928853754940711,56.17283950617282,116.00000000000001,53.06122448979591,-15.73033707865169,True,22.784895986157405,,,,,7.575783454696938,4.6785914362566405,-27.769080543721415,,,False,False
ABCL,bull_flag,12.970000267028809,11.779999732971191,12.699999809265137,,,,False,,,,,,,21.03250287994143,7.0,4.0,40.00000866976726,0.8261511881212911,-2.0817305489965428,7.244095197724097,False,,,,,,,,,,False,37.78628145263889,-76.29360805431983,96.3400236127509,788.373935432759,37.6210235131397,-51.2928442573662,-81.46207696080617,400.88218872138464,-47.58253336455163,-76.29360805431983,True,False
MPWR,bull_flag,1377.1400146484375,1302.0999755859375,1367.4300537109375,,,,False,,,,,,,20.846247774342473,5.0,3.0,32.96943578367479,0.5866348760492537,-0.7050816063883527,4.777580977374817,False,85.76512455516013,39.5017793594306,-88.11447811447812,25.762711864406775,33.16326530612243,11.048158640226657,-4.85175202156336,32.02846975088966,-88.11447811447812,True,30.785354818645832,47.55948923671405,26.135982206997376,20.829546459910087,18.876538212826887,21.942339138382327,7.059794583008827,1.8962907094099535,10.924592295214675,18.876538212826887,True,False
MDB,bull_flag,438.27801513671875,409.17999267578125,410.44000244140625,,,,False,,,,,,,20.13764113522647,10.0,3.0,25.819513370436304,0.7723236355661616,-6.351679010554194,0.3069900005189862,False,,,,,900.0,,,,,False,63.78540770364584,30.498882316935006,25.245622151711977,26.74590352262407,18.68883116883118,12.23895313663439,-1.0726946273191817,10.625822644590489,6.240594384192133,18.68883116883118,True,False
QCOM,bull_flag,205.85000610351562,191.75,201.97000122070312,,,,False,,,,,,,19.650136907993556,14.0,3.0,20.02343045255919,0.7822459896702139,-1.8848699381924552,5.060158022940842,False,-23.04526748971194,173.015873015873,-1.7667844522968323,-207.7821011673152,-72.81976744186046,147.48201438848923,,-213.9917695473251,-207.7821011673152,True,36.7850783272801,-4.032802701398941,-3.46115311048365,4.996143628417182,10.01464128843339,-6.151523728653652,-13.49167482859941,8.70375299441044,8.74095513748192,-4.032802701398941,True,False
DE,bull_flag,721.219970703125,665.4500122070312,690.4600219726562,,,,False,,,,,,,19.595950485659586,11.0,15.0,25.4526006466145,0.7704291447037993,-4.264988488946105,3.6222241650097233,False,7.36842105263158,-1.3554216867469826,-24.13793103448276,-14.22319474835887,-22.137404580152676,170.6611570247934,-38.26530612244898,-17.47368421052632,-24.13793103448276,True,57.45254780275462,4.909302712597774,4.748099976494546,12.964268923366241,11.225771715721455,-5.6922731692722,39.1010300697118,-22.460669624848727,3.1369612248294265,4.748099976494546,True,False
AMKR,bull_flag,54.88999938964844,51.54999923706055,53.61000061035156,,,,False,,,,,,,19.594269513384987,14.0,3.0,33.98927585583311,0.6216468837777132,-2.3319344024956696,3.842569203204317,False,266.6666666666667,58.13953488372094,4.081632653061229,-18.518518518518523,-51.470588235294116,33.33333333333333,131.81818181818184,144.44444444444446,-18.518518518518523,True,27.786201854456017,27.476760683275646,15.893753552535795,6.735052688858811,3.415592750880281,-10.770129541335328,-4.978540167732948,31.46609218521734,14.362938160906502,3.415592750880281,True,False
GSIT,bull_flag,5.829999923706055,5.389999866485596,5.610000133514404,,,,False,,,,,,,19.591837131892675,5.0,3.0,48.95835920340382,0.4721808185705559,-3.773581356272118,3.9215732939918606,False,,,,,,,,,,False,30.785659982071756,0.46156294763648464,7.4111847696753275,12.22755818248984,41.62637362637363,-0.11077702168064141,3.999341672152723,-5.710738671632532,2.562470157568031,0.46156294763648464,True,False
MASS,bull_flag,11.71500015258789,10.779999732971191,11.4399995803833,,,,False,,,,,,,19.57219089886708,8.0,3.0,21.85795567655118,0.7222400513478819,-2.3474226941759033,5.769229647034619,False,,-126.01626016260164,,,,-455.55555555555543,,,-126.01626016260164,False,42.45209747483796,23.314154200230153,13.619767343126444,-33.734939759036145,-3.5401887182312852,20.125551154622222,-23.009205983889526,24.098536237058198,7.4415036440352855,-33.734939759036145,True,False
AMRX,bull_flag,20.170000076293945,18.735000610351562,19.770000457763672,,,,False,,,,,,,19.502067839424097,7.0,4.0,43.31305977655607,0.8175660628028598,-1.9831413833279952,5.235203962808535,False,157.1428571428571,375.0,,,-5.263157894736848,90.00000000000001,899.9999999999998,-85.71428571428572,157.1428571428571,False,30.452866538611115,9.894852782854024,3.8967818009260524,11.471449026581148,11.679535580268418,10.197378892458197,-11.27322339279816,3.7992996929305134,8.282172177532887,3.8967818009260524,True,False
CVI,bull_flag,54.11000061035156,49.7599983215332,51.52000045776367,,,,False,,,,,,,19.43820567613237,10.0,4.0,39.19078157620618,0.8472984315711342,-4.786546152971967,3.41615318437997,False,,,-489.2857142857145,,,,-129.30107526881721,,-489.2857142857145,False,29.785914711458332,,,,,,,,,,False,False
VBNK,bull_flag,24.040000915527344,21.975000381469727,23.40999984741211,,,,False,,,,,,,19.272347256726817,7.0,10.0,17.647068032582,0.8377807848443843,-2.6206366228061126,6.129856793232815,False,,,,,,,,,,False,71.45144728336805,,,,,,,,,,False,False
BBY,bull_flag,96.52999877929688,88.62999725341797,90.51000213623047,,,,False,,,,,,,19.216727667341928,12.0,6.0,38.904964624205704,0.8454226148750644,-6.236399791975897,2.0771238961886493,False,70.11494252873563,37.89473684210527,365.45454545454527,-47.61904761904761,12.977099236641209,-48.828125,287.8787878787879,-24.13793103448275,-47.61904761904761,True,56.452756056192136,3.6130536130536184,1.9276833580472275,-0.9607112130771478,2.4033880359978887,9.433751119068944,-35.31200231649052,42.82464846980976,2.4793388429751984,-0.9607112130771478,True,False
STX,bull_flag,926.257494687353,884.2911357047544,916.8300170898438,,,,False,,,,,,,19.179590805279247,5.0,3.0,23.535796996564038,0.6242220272530364,-1.017803111076725,3.549063706309772,False,150.00000000000006,108.28025477707004,67.74193548387098,72.3404255319149,71.25382262996939,25.769230769230766,6.995884773662553,8.482142857142904,67.74193548387098,True,28.7848872722338,48.48608837970541,44.07407407407406,21.505376344086024,21.26383763837638,16.613110539845756,10.159292035398227,7.455306200076084,7.569558101472995,21.26383763837638,True,True
DC,bull_flag,6.809999942779541,6.400000095367432,6.610000133514404,,,,False,,,,,,,18.965514973426203,5.0,3.0,45.45454939534876,0.7438069548735147,-2.936854786279273,3.177005051516086,False,,,,,,,,,,False,44.744257731041664,,,,,,,,,,False,False
VSTS,bull_flag,14.52400016784668,13.524999618530273,13.649999618530273,,,,False,,,,,,,18.961254485040648,14.0,3.0,39.34785267806238,0.7724729252176824,-6.017629710933727,0.9157509413429495,False,,,-600.0,,300.0,,,,-600.0,False,51.78475020762731,-1.8011306042306385,-0.8736578333826905,-2.982245751557522,4.052428753684523,0.3375606767591188,-0.5955790578062947,-6.828967529996022,5.6711274430505165,-2.982245751557522,True,False
MU,bull_flag,1108.719970703125,1044.0,1082.280029296875,,,,False,,,,,,,18.628183005458364,6.0,3.0,30.302697205637376,0.82235210865445,-2.384726721345372,3.5369801031757366,False,1368.452380952381,756.0283687943263,175.44910179640718,249.3827160493827,104.39105219552611,162.3913043478261,62.544169611307396,68.45238095238095,175.44910179640718,True,1.7853432533333333,345.7155144608107,196.28709797590963,56.65403605465611,46.0,73.74685666387259,74.888221065748,20.574458683163943,21.65358563595312,46.0,True,True
GNRC,bull_flag,208.89999389648438,193.9600067138672,208.13999938964844,,,,False,,,,,,,17.791235563518605,5.0,3.0,39.209992596008114,0.38334869282630835,-0.3638078166783171,6.812718707294506,False,92.0,69.86301369863016,-119.1588785046729,-40.74074074074073,93.54838709677418,,-136.60714285714286,-10.399999999999988,-119.1588785046729,True,29.45232604486111,10.586532399646043,12.444685979826374,-11.604865885272197,-5.0453192542709635,10.77485097204458,-2.9444692827511387,-2.0504274677772716,5.011831291716962,-11.604865885272197,True,False
TH,bull_flag,21.760000228881836,20.559999465942383,20.579999923706055,,,,False,,,,,,,17.76425592713611,13.0,4.0,22.4299376398202,0.7769537640352199,-5.422795463069796,0.09718395450834474,False,,,-216.6666666666668,-105.0,,,,,-216.6666666666668,False,37.45154526318287,-0.6406533575317619,-1.007130909411036,18.33395015044974,35.24225177670963,-2.6252601248599294,-23.54876871405066,-19.8236012384981,66.46823956442832,-1.007130909411036,True,False
BRKR,bull_flag,65.26000213623047,59.16999816894531,64.18000030517578,,,,False,,,,,,,17.718442899485765,5.0,6.0,40.37695315642952,0.8070937216080045,-1.6549215380045195,7.806173437843437,False,-919.9999999999999,-81.81818181818181,11.111111111111116,-251.85185185185182,-2150.0,-80.0,,-919.9999999999999,-919.9999999999999,True,35.45272037907407,5.1542513167795345,2.7451959071624676,-0.24499795835034588,-0.45118000925497004,1.8338596065095913,-15.738845681539093,13.561882626380006,7.913217958364682,-0.45118000925497004,True,False
ENTG,bull_flag,153.60000610351562,143.80999755859375,151.88999938964844,,,,False,,,,,,,17.577027378555087,6.0,3.0,32.31520245761785,0.6504192514827187,-1.1132855767692893,5.31964043947804,False,74.28571428571429,46.34146341463414,-50.74626865671641,-9.80392156862745,1.6666666666666607,81.81818181818177,-28.260869565217384,31.428571428571452,-50.74626865671641,True,36.45247183349537,11.45885916203937,5.005173305742372,-3.0486886449645145,-0.07428500680946026,8.78186968838528,-1.4564874377958503,2.0815264527320076,1.8551236749116518,-3.0486886449645145,True,False
UCTT,bull_flag,78.05999755859375,72.37000274658203,77.69000244140625,,,,False,,,,,,,17.57026928915042,14.0,3.0,36.53845640842327,0.7817414955260357,-0.47398812293040693,6.847727542339259,False,,,-119.4444444444444,,,,,,-119.4444444444444,False,35.78479062159722,-21.30135778522306,-31.32871536523929,-30.63403416557161,-23.098741357915266,2.31545162769371,3.2914989344068113,-2.65099124020286,-23.505554575912534,-31.32871536523929,True,False
BBCP,bull_flag,10.360713919298393,9.529999732971191,9.770000457763672,,,,False,,,,,,,17.454957026338192,6.0,10.0,49.79887549860232,0.5645501623125676,-5.70147449428584,2.45650679168357,False,28.57142857142856,,,-43.750000000000014,125.0,,-166.66666666666669,28.571428571428537,-43.750000000000014,False,106.78608343712963,13.135228708886038,14.391858581590245,4.644486594555808,-3.152305944124445,9.30891180544866,19.354088081124775,-17.411445795318915,4.998991068299374,-3.152305944124445,True,False
OPTX,bull_flag,7.760000228881836,7.071000099182129,7.400000095367432,,,,False,,,,,,,17.440002441406243,5.0,3.0,24.67890052740807,0.3852944885862025,-4.639176841445504,4.445945837098897,False,,,,,,,,,,False,,26.136363463123068,-7.860697390113113,2.507485305964008,-11.646245306752622,27.028912546907378,-13.216077027495887,7.98604936246623,5.9572784629210895,-11.646245306752622,True,False
COHR,bull_flag,312.239990234375,290.20001220703125,295.8299865722656,,,,False,,,,,,,17.38966391191694,12.0,3.0,43.91039064216323,0.7450374596678411,-5.25557397365777,1.9031114561670983,False,,,72.72727272727273,,23.711340206185593,27.631578947368407,-36.1344537815126,,72.72727272727273,False,36.78597568396991,33.744269129273796,20.546519445162126,17.492864187806912,17.30116049208721,13.28569743376451,7.119716141570898,6.5924149697289325,3.3961538763308763,17.30116049208721,True,False
KOPN,bull_flag,5.099999904632568,4.71999979019165,4.989999771118164,,,,False,,,,,,,17.339667754368836,14.0,3.0,30.137022093236688,0.7784144027398529,-2.156865403359832,5.410821509236499,False,,,99.99999999999983,,,-150.0,100.0,,99.99999999999983,False,42.78547241210648,45.01953893466541,-3.089757431538087,-43.15579459936415,-9.571949001541768,19.622335454911966,26.16128354069207,-31.082190649676377,39.43014524805024,-43.15579459936415,True,False
NVAX,bull_flag,10.949999809265137,10.34000015258789,10.630000114440918,,,,False,,,,,,,17.334782890813273,5.0,3.0,30.624978393321424,0.7032255962629096,-2.9223716931342505,2.728127551560989,False,-151.61290322580646,-102.04778156996588,,,,-121.42857142857144,,-301.61290322580646,-151.61290322580646,False,37.451928975625,-76.30078582176894,-79.07253376934096,66.61457802538754,-16.644973494888305,-59.3603509325229,-5.182174678365358,108.8707502306764,-70.55467313158334,-79.07253376934096,True,False
PDFS,bull_flag,50.2599983215332,46.540000915527344,49.54999923706055,,,,False,,,,,,,16.94833599250838,5.0,3.0,27.06549269637674,0.6158161203679494,-1.4126524237635458,6.07466875454944,False,233.33333333333334,,-99.99999999999997,-50.0,-16.666666666666664,3.458764513820541e+18,-99.99999999999999,0.0,-99.99999999999997,False,37.785184414953704,18.947185276832656,25.852903009753447,24.594189877208738,23.068801310090727,2.3266256444370637,-3.642453087191322,9.258513525343615,10.4140890813486,18.947185276832656,True,False
MTSI,bull_flag,289.260009765625,266.4200134277344,285.57000732421875,,,,False,,,,,,,16.72231372203403,6.0,3.0,33.117011699799086,0.6408057757128541,-1.2756697493013642,6.705884163368263,False,166.66666666666669,42.85714285714286,,67.49999999999999,113.33333333333333,-6.25,-4.477611940298498,39.58333333333333,42.85714285714286,False,37.45202307788195,35.7657718413672,22.49721264842912,24.522973381868862,30.123063125903048,18.43954941080792,6.385211257234591,3.9981621166290227,3.6064091019085254,22.49721264842912,True,False
COCO,bull_flag,61.29999923706055,57.16999816894531,58.59000015258789,,,,False,,,,,,,16.63405137732972,8.0,3.0,28.588238884420957,0.4575521981548559,-4.420879475042887,2.4236251577819075,False,115.78947368421053,61.290322580645174,66.6666666666666,25.0,63.99999999999999,400.0000000000007,-75.00000000000003,5.263157894736836,25.0,True,29.45264296965278,28.083835528771807,37.30799489768639,0.3880810413769753,37.17439393255384,20.24198258837928,40.67549907267563,-29.907905634814846,8.031571649512026,0.3880810413769753,True,False
KB,bull_flag,133.2899932861328,123.01000213623047,127.26000213623047,,,,False,,,,,,,16.575412395933785,15.0,10.0,47.94882248383377,0.7940708207521273,-4.523963878486961,3.3396196201933273,False,,,,,,,,,,False,30.452185332662037,,,,,,,,,,False,False
MTD,bull_flag,1541.02001953125,1478.18994140625,1511.6400146484375,,,,False,,,,,,,16.41288017332998,8.0,3.0,5.980619063245044,0.7999745676500508,-1.9065297342307959,2.212833274988886,False,18.340163934426236,6.658130601792589,16.79261125104954,6.124497991967859,38.65546218487397,-40.11502516175411,31.59886471144746,8.29918032786885,6.124497991967859,True,37.78535700966435,4.484546200701578,7.172099612557492,8.09547547809979,7.874410053062486,8.466340839190512,-16.16379062346479,9.715072074460585,4.72711628413145,4.484546200701578,True,False
CAMT,bull_flag,152.7100067138672,142.67999267578125,147.0500030517578,,,,False,,,,,,,16.372714084181506,12.0,5.0,30.695918745840743,0.8032146352480615,-3.7063737890566184,2.97178530111178,False,,,,,,,,,,False,48.452649947094905,,,,,,,,,,False,False
FFIV,bull_flag,462.0,441.8599853515625,443.05999755859375,,,,False,,,,,,,16.351827999976187,10.0,3.0,18.003457477765657,0.79381555403976,-4.0995676280100115,0.2708464347139692,False,11.384615384615394,4.0322580645161255,9.929078014184412,16.487455197132572,40.31007751937985,-16.774193548387096,-4.61538461538461,0.0,4.0322580645161255,True,27.78575134115741,10.854722759716552,11.020990996043079,7.302909761262066,8.493130871036092,6.575951706295435,-1.308870286273578,1.527608043550721,3.8084498378974097,7.302909761262066,True,False
PPIH,bull_flag,31.90999984741211,29.25,31.739999771118164,,,,False,,,,,,,16.334212278644912,13.0,10.0,38.24884306564531,0.8331783160963421,-0.5327485963862587,7.844989883660746,False,209.99999999999997,-63.934426229508205,165.21739130434767,148.38709677419354,40.90909090909092,-63.93442622950819,-20.779220779220797,670.0,-63.934426229508205,True,,,,,,11.893800408459976,7.586027111574567,14.258967703501968,,,False,False
ONTO,bull_flag,290.0,272.260009765625,287.6400146484375,,,,False,,,,,,,16.23934850171267,5.0,3.0,29.129860204071424,0.453740083959544,-0.8137880522629309,5.346962904869274,False,75.36231884057972,-48.46153846153845,-77.55102040816328,-46.728971962616825,80.59701492537312,204.5454545454549,-61.40350877192986,-17.391304347826086,-77.55102040816328,True,37.78526188767361,35.30483404772138,9.50537682806527,1.1093514385954295,-13.48756988224099,17.530459087032323,9.399099173367897,22.30731508343531,-13.960732973970513,-13.48756988224099,True,False
EFXT,bull_flag,23.690000534057617,21.719999313354492,23.56999969482422,,,,False,,,,,,,16.227184961271245,12.0,10.0,37.50001490115764,0.750773727647868,-0.5065463762268845,7.8489622631432265,False,,,,,,,,,,False,30.78581087612268,,,,,,,,,,False,False
GPRK,bull_flag,11.510000228881836,10.529999732971191,11.199999809265137,,,,False,,,,,,,16.168894836830837,14.0,7.0,47.77070992258835,0.6146940296165083,-2.6933137571867354,5.982143640214097,False,,,,,,,,,,False,36.78566069810185,,,,,,,,,,False,False
CIEN,bull_flag,369.0,346.55999755859375,356.9100036621094,,,,False,,,,,,,16.096518452387887,12.0,3.0,43.05283243104432,0.48895815055948033,-3.276421771786077,2.899892409099883,False,422.85714285714295,2383.3333333333335,232.25806451612905,-49.99999999999998,22.818791946308735,44.66019417475729,692.3076923076924,-62.857142857142854,-49.99999999999998,True,72.45265748798612,37.04687198874843,39.51236279596901,33.08731091339787,20.271289693553673,6.391259146172601,10.069570482158197,5.551692919442841,10.874252184502842,20.271289693553673,True,False
ADPT,bull_flag,29.959999084472656,27.5,29.43000030517578,,,,False,,,,,,,15.950407360789164,7.0,3.0,14.50776305978354,0.7130102647127082,-1.769021346771526,6.557935049821786,False,,,,,,,-233.33333333333331,,,False,36.78628411890046,21.525501452130634,35.14482390404821,51.03773783686971,102.37536341121998,0.9580382086519679,-1.1258213473584355,-23.721707298905002,59.60359381103619,21.525501452130634,True,False
SWBI,bull_flag,14.260000228881836,13.819999694824219,14.260000228881836,,,,True,,,,,,,15.740512275161201,12.0,3.0,12.55144587086413,0.5353022902011078,0.0,3.0855576928144184,True,,94.73684210526318,59.999999999999986,-60.00000000000001,-83.78378378378379,362.5,100.0,,-60.00000000000001,False,65.78488096201389,32.335413801615,26.7300355917393,17.106614315916644,-3.862614609921422,-36.88680355851538,31.449645933578463,8.854576080853448,46.53784219001611,-3.862614609921422,True,False
TWIN,bull_flag,26.670000076293945,25.350000381469727,26.1299991607666,,,,False,,,,,,,15.655665552798892,14.0,3.0,16.524213273080683,0.6764947990720646,-2.0247503336429764,2.9850700510852652,False,20.000000000000128,,2114.285714285714,,-47.8260869565217,-85.16129032258064,,-140.0,20.000000000000128,False,36.45146199233797,18.33095430190943,19.01971886462668,0.2880306046418424,9.738398013635674,18.311374025275605,7.223331115546694,12.730636531826601,-17.255218353710255,0.2880306046418424,True,False
VSXY,bull_flag,84.80999755859375,81.25499725341797,82.91000366210938,,,,False,,,,,,,15.486356544786272,5.0,3.0,22.820310755344142,0.44367520205936667,-2.2402947189943054,1.9961480347247402,False,990.0,,-8.298755186721984,,289.2857142857143,-74.6606334841629,,-330.0,-8.298755186721984,False,65.45138077515045,10.418094585332426,15.299334811529942,7.68865685809208,9.279881217520414,3.26923076923078,-31.247245482591445,54.144021739130444,0.8910212474297463,7.68865685809208,True,False
OCC,bull_flag,14.720000267028809,13.649999618530273,14.529999732971191,,,,False,,,,,,,15.30944751890515,5.0,3.0,27.127670097695813,0.5355718085106382,-1.29076447425886,6.0564358610691436,False,,,,,-280.0,-44.44444444444444,800.0,,,False,,21.99187032893992,26.57529897295392,4.372449637820708,1.762145465117393,9.378811564747181,35.19388252234883,-17.136447460172967,-0.44178519780092573,1.762145465117393,True,False
RVTY,bull_flag,152.25999450683594,140.0800018310547,151.11000061035156,,,,False,,,,,,,15.284370021038995,7.0,3.0,16.999977513363486,0.8477376371331953,-0.7552830276982208,7.299317540033999,False,2.1739130434782483,2.857142857142869,11.688311688311636,-48.051948051948045,30.555555555555557,-58.13953488372092,114.99999999999994,-13.043478260869568,-48.051948051948045,True,27.451697818437502,1.3055961259725413,6.973322783191582,5.852157746664255,2.178206531988214,2.611380952247022,-7.892950770410434,10.459561427228593,-2.962026089709058,1.3055961259725413,True,False
VSAT,bull_flag,77.97000122070312,71.55000305175781,73.0199966430664,,,,False,,,,,,,15.23838059767122,13.0,4.0,47.82173199368195,0.7340367096686846,-6.348601385326591,2.0131383989157943,False,,,,,-184.44444444444446,150.0,,,,False,37.78473309465278,-1.2391401250497425,2.1102240293196184,2.9612900183044966,1.6601292746257101,-1.2588705766643171,1.2309806446594518,1.415733114323614,-2.5755430577923843,-1.2391401250497425,True,False
LSCC,bull_flag,128.36000061035156,117.0999984741211,128.0500030517578,,,,False,,,,,,,15.062448340028123,5.0,3.0,33.85286780077008,0.481566024316727,-0.24150635487668448,8.551350501109107,False,600.0000000000001,300.0,-150.0,-60.00000000000001,-12.49999999999999,,-400.0,0.0,-150.0,True,34.785421532708334,62.198417371804695,42.23637120266335,24.16389170406834,4.9240308125673815,17.66093026793918,17.219737708516234,9.331153589453244,7.564672383057336,4.9240308125673815,True,False
OPTT,high_tight_flag,2.380000114440918,1.75,2.009999990463257,,,,False,,,,,,,1364.2856739917581,35.0,8.0,15.706804183219472,0.059681538580679976,-15.54622294900928,12.935322969993301,False,,,,,-211.30434782608694,,,,,False,76.78521906513889,-38.01652892561983,22.672064777327925,162.5,25.581395348837212,-0.990099009900991,-57.56302521008403,-5.555555555555558,56.19834710743801,-38.01652892561983,True,False
XHLD,high_tight_flag,13.600000381469727,9.170000076293945,12.949999809265137,,,,False,,,,,,,1083.1870028069525,28.0,8.0,3.0117018350283096,0.46051754890270713,-4.779415838033568,29.189187557105395,False,,,,,,,,,,False,,-34.49820788530465,15.426251691474956,-13.691931540342296,1.495327102803734,-14.302461899179363,20.8215297450425,30.018416206261513,-51.344086021505376,-34.49820788530465,True,False
RFAI,high_tight_flag,46.0,31.0,32.75,,,,False,,,,,,,256.8353246716984,20.0,8.0,9.010902703042985,0.06655147759771211,-28.804347826086957,5.343511450381679,False,,,,,,,,,,False,,,,,,,,,,,False,False
IGR,high_tight_flag,12.73169280374991,11.729999542236328,11.729999542236328,,,,False,,,,,,,203.9258720545333,40.0,13.0,11.938063722500045,0.7556826238537485,-7.867714662566707,0.0,False,,,,,,,,,,False,,,,,,,,,,,False,False
RCEL,high_tight_flag,12.229999542236328,9.600000381469727,11.84000015258789,,,,False,,,,,,,183.54429554584,39.0,14.0,22.068958350509064,0.5787300487681506,-3.1888749325098,18.918916741977938,False,,,,,,,,,,False,37.78505565456019,17.90299572039944,4.0327421555252485,-4.288381287063469,-12.875116015262456,12.72031053294167,9.368366703000408,3.1603243179262552,-7.2917809722374605,-12.875116015262456,True,False
MRNA,high_tight_flag,202.6699981689453,141.16000366210938,198.8800048828125,,,,False,,,,,,,171.29647358856553,35.0,9.0,5.97063119769876,0.7679064457827314,-1.87003173650472,29.022526047660698,False,,,,-1800.0,,,,,-1800.0,False,37.45200803320601,2.1126760563380254,260.18518518518516,-29.81366459627329,-45.43501611170784,-62.724935732647815,-42.62536873156342,-33.26771653543307,615.4929577464789,-45.43501611170784,True,False
REPL,high_tight_flag,16.329999923706055,12.069999694824219,12.359999656677246,,,,False,,,,,,,162.61683067636991,17.0,25.0,22.758625641352808,0.24710703200107131,-24.31108564345802,2.3462780736920217,False,,,,,,,,,,False,37.45171111700231,,,,,,,,,,False,False
AGEN,high_tight_flag,8.819999694824219,6.659999847412109,8.539999961853027,,,,False,,,,,,,160.06942616292798,39.0,25.0,18.004338080673406,0.14953388034279044,-3.1746002569081924,22.014052960639493,False,,,,,-100.98039215686273,1033.3333333333294,-95.36082474226802,,,False,37.45294657869213,34.358335603907975,40.18116845341977,27.45090732943325,20.400605288308384,2.3179985771875744,-1.3682610221026792,13.127170497767482,17.687127787941304,20.400605288308384,True,False
OABI,high_tight_flag,4.994999885559082,4.239999771118164,4.610000133514404,,,,False,,,,,,,129.74358510375427,32.0,9.0,9.48617591578415,0.5874499560513965,-7.707702920229104,8.026037997403979,False,,,,,,,,,,False,36.78526105931713,244.23915832691816,247.30380356283098,-22.473158089596446,-46.332694151486095,-7.014625355236714,72.24212034383955,274.09557838320677,-42.54554785732615,-46.332694151486095,True,False
ABCL,high_tight_flag,13.180000305175781,10.319999694824219,12.699999809265137,,,,False,,,,,,,120.38094656808033,28.0,15.0,19.77848196770786,0.48854962136229874,-3.6418853171205807,18.740158662873498,False,,,,,,,,,,False,37.78628145263889,-76.29360805431983,96.3400236127509,788.373935432759,37.6210235131397,-51.2928442573662,-81.46207696080617,400.88218872138464,-47.58253336455163,-76.29360805431983,True,False
OMER,high_tight_flag,21.239999771118164,16.5,20.079999923706055,,,,False,,,,,,,114.87888116294145,38.0,25.0,21.385535708403903,0.7150292864348848,-5.4613929374399515,17.828684946754294,False,,,,,-75.80645161290323,-56.64335664335665,,,,False,44.78526294255787,-4.916011198506864,-65.6767165111196,-100.0,-100.0,188.37561912463357,,,-100.0,-100.0,True,False
FGI,high_tight_flag,10.300000190734863,7.659999847412109,7.659999847412109,,,,False,,,,,,,104.34783359856921,30.0,11.0,18.518522197817433,0.019195976218875647,-25.631070819760836,0.0,False,,,-1241.6666666666672,,,,,,-1241.6666666666672,False,44.78573817940972,2.8623929214091293,-8.162842549749572,-14.399566381545249,-0.6934174320141762,4.537789338608711,0.10659036437152825,-15.007109988794342,15.647978305879096,-14.399566381545249,True,False
RNG,high_tight_flag,81.9000015258789,67.97000122070312,76.16000366210938,,,,False,,,,,,,103.17463861885243,31.0,15.0,21.63677583325996,0.7352987580278095,-7.008544269630809,10.753679159131773,False,221.4285714285714,,,,28.57142857142858,34.61538461538463,36.842105263157876,35.7142857142857,221.4285714285714,False,37.78503041714121,5.901534176448031,5.251643640451209,4.803974535891897,4.909940617479647,1.9888264340677253,0.025775076742950986,0.8420821883489582,2.9427883390984455,4.803974535891897,True,False
A,rainbow_convergence,172.7899932861328,151.98331754754426,172.7899932861328,9.20671212606288,8.0,True,True,,,,,,,,,,,,0.0,12.041597631254948,False,8.47457627118644,59.999999999999986,-3.603603603603611,24.39024390243909,6.666666666666665,12.149532710280365,-30.065359477124186,29.661016949152575,-3.603603603603611,True,57.78627889138889,8.055235903337167,10.011990407673865,6.960142772159439,9.406231628453842,2.3433242506812,2.057842046718572,-3.3852767329392797,7.077100115074808,6.960142772159439,True,False
AAMI,rainbow_convergence,93.87999725341797,89.96003284994156,93.87999725341797,2.9565321961878386,5.0,True,True,,,,,,,,,,,,0.0,4.175505451810924,True,171.4285714285714,25.92592592592593,-12.61261261261264,-6.666666666666677,11.764705882352944,-29.89690721649484,130.95238095238096,49.99999999999998,-12.61261261261264,True,30.45295064846065,45.290423861852425,39.282735613010836,2.6221692491060766,17.140536149471973,10.838323353293422,-3.0197444831591147,19.41747572815533,13.186813186813184,2.6221692491060766,True,False
AAPL,rainbow_convergence,341.07000732421875,323.93706700166825,341.07000732421875,4.145663068943297,12.0,True,True,,,,,,,,,,,,0.0,5.023291393154967,True,28.6624203821656,21.818181818181802,18.333333333333336,89.69072164948457,0.4975124378109541,-29.225352112676063,54.347826086956516,17.19745222929936,18.333333333333336,True,30.786283669050928,16.356501765281383,16.59518241592299,15.652453740949323,7.938480985989682,-1.5892574471146892,-22.65783689028632,40.29629340464154,8.964651835467263,7.938480985989682,True,False
ACA,rainbow_convergence,146.6199951171875,144.8309208750643,146.6199951171875,1.0694374211858642,6.0,True,True,,,,,,,,,,,,0.0,1.2202116366824802,True,446.7213114754099,60.41666666666667,,335.2941176470588,766.2337662337663,-27.358490566037762,-28.378378378378343,21.311475409836067,60.41666666666667,False,30.786282073854167,1.7297297297297343,4.401022644265895,33.668567997598316,24.578388507183014,15.217771558509718,-35.80011229646266,11.619453497117082,23.212355212355206,1.7297297297297343,True,False
AEHR,rainbow_convergence,104.38999938964844,93.92043221365113,104.38999938964844,4.830948441134587,4.0,True,True,,,,,,,,,,,,0.0,10.02928176761298,False,,,-650.0,-450.0,,,,,-650.0,False,34.78628205637732,33.68585421250621,-43.666357131152026,-26.5293986471419,-16.388444241176913,82.63356928148937,4.340348037231889,-9.89151244416082,-22.144935765490803,-43.666357131152026,True,False
ALNT,rainbow_convergence,116.01000213623047,98.89760845486106,116.01000213623047,10.584212739500137,6.0,True,True,,,,,,,,,,,,0.0,14.750791626806748,False,79.41176470588233,52.380952380952394,123.52941176470584,200.0,90.625,-15.789473684210531,-2.564102564102566,14.705882352941169,52.380952380952394,True,36.78628457318287,10.167791485764234,4.60230567080564,17.493648061634293,10.805587279276118,10.69358960515423,-3.0965302677288364,3.3234109108207344,-0.5982318130364428,4.60230567080564,True,False
AMD,rainbow_convergence,630.6300048828125,523.5877119034733,630.6300048828125,14.229300132525891,13.0,True,True,,,,,,,,,,,,0.0,16.97386615773705,False,155.55555555555554,90.90909090909089,206.6666666666666,59.5744680851064,64.28571428571428,-8.695652173913038,22.666666666666657,38.888888888888886,59.5744680851064,True,35.78623560533565,50.11060507482108,37.84619521376713,34.10812222512405,35.5917289925209,12.513410709060757,-0.16553067185978154,11.075059485182791,20.31229668184775,34.10812222512405,True,True
AME,rainbow_convergence,250.74000549316406,240.50404780760016,250.74000549316406,2.3010609310269334,3.0,True,True,,,,,,,,,,,,0.0,4.082299378366635,True,14.193548387096765,14.473684210526304,3.5928143712575134,8.843537414965997,1.724137931034475,0.5780346820809079,8.125000000000027,3.2258064516129004,3.5928143712575134,True,30.452890920868054,14.979336983762037,11.343492471871652,13.444921156992319,10.773784300734413,6.013159880255348,-3.5032685363842297,5.59044213878912,6.444397701759685,10.773784300734413,True,False
AMG,rainbow_convergence,373.69000244140625,360.0424100222271,373.69000244140625,1.9055453142897125,2.0,True,True,,,,,,,,,,,,0.0,3.6521160132773582,True,148.21428571428572,74.54545454545452,119.59595959595947,81.74603174603176,80.98958333333334,-64.67341306347745,58.22416302765643,145.35714285714286,74.54545454545452,True,34.45287256445602,29.90673154906731,9.72613773660893,6.160595079153164,2.2463206816421444,17.581207561020374,-2.1020481494789744,5.41666666666667,7.055961070559613,2.2463206816421444,True,False
AMN,rainbow_convergence,34.560001373291016,33.87616755035795,34.560001373291016,1.5392625388218037,8.0,True,True,,,,,,,,,,,,0.0,1.9786857516202363,True,,,,322.22222222222223,-66.66666666666667,,-125.0,,322.22222222222223,False,37.78619998274306,2.288449120674585,99.89775688763265,1.83963991185625,-7.710880875741266,-51.15669987760826,84.21744796017241,17.92430527536817,-3.597675390283739,-7.710880875741266,True,False
AMRX,rainbow_convergence,19.770000457763672,18.033708143678222,19.770000457763672,7.317969327100553,6.0,True,True,,,,,,,,,,,,0.0,8.78245965545038,True,157.1428571428571,375.0,,,-5.263157894736848,90.00000000000001,899.9999999999998,-85.71428571428572,157.1428571428571,False,30.452866538611115,9.894852782854024,3.8967818009260524,11.471449026581148,11.679535580268418,10.197378892458197,-11.27322339279816,3.7992996929305134,8.282172177532887,3.8967818009260524,True,False
AMTB,rainbow_convergence,29.56999969482422,28.731215954313402,29.56999969482422,2.0749380947635463,1.0,True,True,,,,,,,,,,,,0.0,2.8366038186251075,True,-3.6363636363636376,57.14285714285714,-84.90566037735852,,20.45454545454546,450.0000000000011,-77.14285714285718,-36.363636363636374,-84.90566037735852,False,28.786199185937498,,,,,,,,,,False,False
ANET,rainbow_convergence,206.5500030517578,193.0110392505932,206.5500030517578,5.536915558330238,8.0,True,True,,,,,,,,,,,,0.0,6.554811716837393,True,35.71428571428572,25.0,17.46031746031751,15.517241379310365,18.74999999999998,8.108108108108091,10.44776119402988,-4.2857142857142705,15.517241379310365,True,35.786198181793985,37.68595791001452,35.125698324022345,28.871773673026844,27.46700535645259,12.059800664451824,8.891389983117604,7.776285578131081,4.694303338171268,27.46700535645259,True,False
APH,rainbow_convergence,84.08999633789062,80.35989207867424,84.08999633789062,2.4963931471891394,3.0,True,True,,,,,,,,,,,,0.0,4.435847807898666,True,59.302325581395365,24.13793103448276,57.62711864406778,102.08333333333334,90.27777777777779,-22.580645161290303,-4.123711340206215,12.790697674418606,24.13793103448276,True,29.452866015243053,55.002389253667936,58.38910829349408,49.123416475601566,53.37228879865306,14.934187215390882,18.342910389812083,3.948727883249381,9.629577190591654,49.123416475601566,True,False
ARQT,rainbow_convergence,26.920000076293945,25.48111295936462,26.920000076293945,3.7848438606027845,5.0,True,True,,,,,,,,,,,,0.0,5.345048710443453,True,,,,,,-164.28571428571428,133.33333333333334,,,False,28.78619943335648,59.330830388692576,65.08160260627133,83.82785467128026,121.69366551223328,23.210117839048184,-17.336846976149577,28.50663683367096,21.735129564193166,59.330830388692576,True,False
ARW,rainbow_convergence,232.8000030517578,215.14242839088976,232.8000030517578,4.885083690803999,14.0,True,True,,,,,,,,,,,,0.0,7.584868741149582,True,46.518105849582184,201.3245033112583,100.0,11.170212765957444,15.604395604395593,21.657754010695186,78.94736842105266,-41.78272980501393,11.170212765957444,True,30.452847649074073,31.824628852945814,39.03029593263416,20.095808291146476,13.032103584780375,5.475129275747581,8.313311831227143,13.405296646072928,1.7492734447879466,13.032103584780375,True,False
AVT,rainbow_convergence,103.08000183105469,93.09015132383193,103.08000183105469,6.854768266153196,14.0,True,True,,,,,,,,,,,,0.0,9.691356548087619,True,1577.7777777777803,12.871287128712861,-24.242424242424242,-7.57575757575758,32.456140350877185,51.99999999999998,22.95081967213115,577.7777777777789,-24.242424242424242,True,29.45279748210648,47.66250815488995,33.94567092778882,11.575605680278777,5.253604827278058,16.51172037783757,12.673361339018863,7.12686053505831,4.997992984792066,5.253604827278058,True,False
AZTA,rainbow_convergence,34.02000045776367,31.899627247628977,34.02000045776367,5.969620698679068,8.0,True,True,,,,,,,,,,,,0.0,6.232725401538923,True,,,,,,,-130.35714285714286,,,False,52.78610833688658,12.04198672274166,1.0164785332570592,0.8179820396646775,-31.95498202615078,11.314617217445356,-2.588097576727977,-6.627217448112965,10.661429912064225,-31.95498202615078,True,False
BAND,rainbow_convergence,61.810001373291016,52.77454482900238,61.810001373291016,10.150787716740679,4.0,True,True,,,,,,,,,,,,0.0,14.618114129654405,False,,-137.037037037037,-500.0,,,,,,-500.0,False,30.452755867407404,19.824840307390335,-1.0958760578942628,-1.0253606556531514,3.6929298049561687,0.5373962285956324,8.21959926001199,6.60063439862677,3.3126531642954316,-1.0958760578942628,True,False
BAP,rainbow_convergence,386.1600036621094,380.4177096548522,386.1600036621094,1.32658307262603,7.0,True,True,,,,,,,,,,,,0.0,1.4870245371868378,True,,,,,,,,,,False,41.786086273645836,,,,,,,,,,False,False
BATRA,rainbow_convergence,59.029998779296875,56.19572311252773,59.029998779296875,3.3542549782085556,6.0,True,True,,,,,,,,,,,,0.0,4.801415763815308,True,-141.30434782608697,,,193.74999999999994,,,-236.17021276595747,2.1739130434782483,-141.30434782608697,False,36.45278508710648,-2.3431698886186125,52.52165808815743,17.623469818488815,7.1778005600776185,323.73519241184886,17.460809422051128,-80.32246467525631,-0.2886954295224675,-2.3431698886186125,True,False
BATRK,rainbow_convergence,54.2599983215332,51.39792480913987,54.2599983215332,3.5026360964857584,4.0,True,True,,,,,,,,,,,,0.0,5.2747394045854765,True,-141.30434782608697,,,193.74999999999994,,,-236.17021276595747,2.1739130434782483,-141.30434782608697,False,36.452754703749996,-2.3431698886186125,52.52165808815743,17.623469818488815,7.1778005600776185,323.73519241184886,17.460809422051128,-80.32246467525631,-0.2886954295224675,-2.3431698886186125,True,False
BCH,rainbow_convergence,42.040000915527344,41.43600562385785,42.040000915527344,0.8077476854683001,4.0,True,True,,,,,,,,,,,,0.0,1.4367156958039164,True,,,,,,,,,,False,30.78608778574074,,,,,,,,,,False,False
BFLY,rainbow_convergence,9.390000343322754,8.166483178875241,9.390000343322754,10.10246323495146,4.0,True,True,,,,,,,,,,,,0.0,13.030001274894074,False,,,,,,,,,,False,31.452749292824073,39.468844887311306,24.994110718492337,40.98514674302076,4.513399153737652,22.924990576705607,-15.812521816393232,46.647121783237935,-8.099901637942096,4.513399153737652,True,False
BIIB,rainbow_convergence,227.60000610351562,215.88948240128607,227.60000610351562,4.041116614749109,5.0,True,True,,,,,,,,,,,,0.0,5.145221172315542,True,31.09756097560976,-119.2307692307693,19.172932330827063,8.250000000000002,,-111.04100946372245,-26.78983833718245,164.02439024390247,-119.2307692307693,True,29.452747579131948,1.9251336898395754,-7.141402208009129,2.794224997972261,7.326869244188394,8.704044924102838,-10.072197893241807,-4.188244188244184,8.823529411764696,-7.141402208009129,True,False
BMEZ,rainbow_convergence,16.829999923706055,16.326973011150496,16.829999923706055,2.652531978861571,6.0,True,True,,,,,,,,,,,,0.0,2.9888705575513113,True,,,,,,,,,,False,,,,,,,,,,,False,False
BRKR,rainbow_convergence,64.18000030517578,58.54254771088379,64.18000030517578,6.0252185563515335,7.0,True,True,,,,,,,,,,,,0.0,8.783815156568894,True,-919.9999999999999,-81.81818181818181,11.111111111111116,-251.85185185185182,-2150.0,-80.0,,-919.9999999999999,-919.9999999999999,True,35.45272037907407,5.1542513167795345,2.7451959071624676,-0.24499795835034588,-0.45118000925497004,1.8338596065095913,-15.738845681539093,13.561882626380006,7.913217958364682,-0.45118000925497004,True,False
BTX,rainbow_convergence,9.039999961853027,8.747743265671453,9.039999961853027,2.4649541175482073,5.0,True,True,,,,,,,,,,,,0.0,3.2329280687482176,True,,,,,,,,,,False,,,,,,,,,,,False,False
BZH,rainbow_convergence,33.369998931884766,32.79246188932238,33.369998931884766,1.6879928596546516,0.0,False,False,,,,,,,,,,,,0.0,1.730707404999499,False,,-107.14285714285714,-1230.0,-40.23668639053256,,,-211.8811881188119,,-1230.0,False,44.4526654537963,-5.328705257193778,-27.504382326356403,-22.48882084132099,-1.7690102548262976,25.97561035120508,12.752722900979663,-54.098644266418816,45.204238613630835,-27.504382326356403,True,False
CLDT,rainbow_convergence,13.350000381469727,13.049614570079624,13.350000381469727,1.4268245619070663,4.0,True,True,,,,,,,,,,,,0.0,2.2500809199005585,True,85.7142857142857,,,-40.0,,-360.0,66.66666666666667,-57.14285714285715,-40.0,False,36.4526722616088,3.91820470959352,0.5026458076342166,2.37108764619538,1.2260774395835172,-13.841953726326894,0.8071323673955577,26.351854828105136,-5.305902210907886,0.5026458076342166,True,False
CLS,rainbow_convergence,365.44000244140625,332.19182093277647,365.44000244140625,7.453629671074344,7.0,True,True,,,,,,,,,,,,0.0,9.098123162901608,True,74.17582417582416,147.29729729729732,77.51937984496129,208.0,73.22404371584699,-20.087336244541486,-0.8658008658008698,26.923076923076916,74.17582417582416,True,27.786008412002314,62.39026750535701,52.79770444763272,43.57151274698512,27.78555711142228,16.100815418828752,10.72806369531314,14.43018159048215,10.38916154005669,27.78555711142228,True,False
CNK,rainbow_convergence,37.77000045776367,35.37383481056957,37.77000045776367,3.261464334761656,4.0,True,True,,,,,,,,,,,,0.0,6.344097479886495,True,,-8.333333333333337,-66.38655462184873,96.875,-118.18181818181816,-17.499999999999982,-36.5079365079365,,-66.38655462184873,False,36.452624285844905,18.938413168115396,-4.666584796757956,-6.975482751139072,28.098610732770357,-17.1583150843746,-9.469387755102044,-8.825093035619346,73.94118734973183,-6.975482751139072,True,False
COHU,rainbow_convergence,67.0,55.16934539997495,67.0,12.542746457892406,8.0,True,True,,,,,,,,,,,,0.0,17.65769343287321,False,,,,,,,,,,False,30.785984104467595,38.37481426448737,29.259171255307503,29.863368819192115,32.41698307146903,19.088228006937392,2.3635768632905174,-3.1833915516162548,17.244613670133724,29.259171255307503,True,False
CTKB,rainbow_convergence,5.650000095367432,4.884087572469339,5.650000095367432,12.259511796755849,10.0,True,True,,,,,,,,,,,,0.0,13.555973627789541,False,,,,,,,-100.0,,,False,36.78592479564815,5.56554537081706,6.459705236751323,8.116431206068619,1.5398058252427127,9.074430723915249,-28.97603836436491,18.83234849788691,14.67260207885619,1.5398058252427127,True,False
CWBC,rainbow_convergence,26.770000457763672,25.994381868225354,26.770000457763672,0.8825763654002878,1.0,True,True,,,,,,,,,,,,0.0,2.897342459003874,True,-75.60975609756098,36.36363636363635,100.0,216.66666666666666,-83.33333333333333,3.44827586206895,1.7543859649123084,39.02439024390243,-75.60975609756098,True,23.785913892858797,,,,,,,,,,False,False
CYRX,rainbow_convergence,17.40999984741211,16.177541607279668,17.40999984741211,6.653210653433773,9.0,True,True,,,,,,,,,,,,0.0,7.0790249910061815,True,-109.38967136150235,,,,,,,-108.4507042253521,-109.38967136150235,False,35.785915585567125,7.737492849914207,16.466861598440552,-59.80295043690522,15.439622099851235,2.454077576467628,5.166116611661176,2.75133949766011,-2.686232234786823,-59.80295043690522,True,False
DBRG,rainbow_convergence,15.979999542236328,15.907607345762885,15.979999542236328,0.3646410863536518,4.0,True,True,,,,,,,,,,,,0.0,0.45301751281096525,True,1049.9999999999998,,,,3733.333333333333,-89.28571428571429,211.11111111111117,-10.000000000000009,1049.9999999999998,False,30.785929558900463,3.0201027421359994,-3.139595513595672,4.130929286762308,21.83019508500692,0.604748651341791,-17.43517485294952,13.339764201500536,9.427411977199696,-3.139595513595672,True,False
DDD,rainbow_convergence,3.569999933242798,3.324711878762857,3.569999933242798,5.094793798130293,8.0,True,True,,,,,,,,,,,,0.0,6.8708139794594985,True,-115.78947368421053,,,,,-174.99999999999983,,-124.56140350877195,-115.78947368421053,False,35.785919919166666,-0.27309728168033454,1.055637825259148,-4.277453523562469,-19.20577297680184,-1.003789068224159,-10.103034580098802,16.467029775668784,-3.784348046141839,-19.20577297680184,True,False
DDI,rainbow_convergence,13.0,12.56687598931343,13.0,3.1933036854779897,5.0,True,True,,,,,,,,,,,,0.0,3.331723159127456,True,,,,,,,,,,False,41.78590401646991,,,,,,,,,,False,False
DDOG,rainbow_convergence,268.1300048828125,238.35650539383153,268.1300048828125,6.063896517626555,4.0,True,True,,,,,,,,,,,,0.0,11.104128201539258,False,1100.0,114.28571428571428,-7.1428571428571725,-28.57142857142857,-19.999999999999996,15.384615384615397,29.99999999999996,900.0,-28.57142857142857,True,37.452552630775465,35.64444336929702,32.154426546806334,29.20687462977498,28.35224110745258,11.429354964994953,5.584592433439584,7.626367496903397,7.123107068556767,28.35224110745258,True,False
DGII,rainbow_convergence,78.30000305175781,72.88236982218618,78.30000305175781,3.760974216760385,3.0,True,True,,,,,,,,,,,,0.0,6.919071543318428,True,48.14814814814814,3.5714285714285587,14.814814814814813,-18.74999999999999,37.93103448275863,-6.451612903225811,19.23076923076923,-3.703703703703709,-18.74999999999999,True,43.785857233692134,28.978551630485327,25.109327004966374,17.90383763695531,8.839431900392182,6.063039703846473,6.762097630285302,7.105249348423093,6.347080380229553,8.839431900392182,True,False
DHR,rainbow_convergence,224.49000549316406,208.7276332522083,224.49000549316406,5.476362994741211,7.0,True,True,,,,,,,,,,,,0.0,7.021413806966001,True,59.74025974025974,9.84848484848484,12.666666666666625,13.392857142857139,-15.172413793103445,-14.201183431952636,33.070866141732246,64.93506493506493,9.84848484848484,True,22.45254603517361,5.542452830188682,3.6578993206758392,4.588559192413588,4.398068299413582,5.276424130398261,-12.971629131324946,12.968775813646127,1.9710242587601012,3.6578993206758392,True,False
DSGR,rainbow_convergence,34.959999084472656,34.223472039709335,34.959999084472656,2.0260896592180355,0.0,False,False,,,,,,,,,,,,0.0,2.106770778179014,False,63.636363636363626,-85.71428571428572,,-69.56521739130434,1700.0,,-200.0,27.272727272727295,-85.71428571428572,False,30.45252083346065,14.887066616036115,18.562872773844564,6.6323543149035435,16.284287165594314,-0.5065946805477228,2.6588664135430484,6.480242801499769,5.6358541263104245,6.6323543149035435,True,False
DXPE,rainbow_convergence,192.10000610351562,183.85130856050463,192.10000610351562,3.583687800327593,5.0,True,True,,,,,,,,,,,,0.0,4.29396006295079,True,23.076923076923084,-2.400000000000002,7.8125,3.149606299212593,44.26229508196722,-11.594202898550721,5.343511450381677,-8.391608391608385,-2.400000000000002,True,37.78582293819444,15.596913463890827,9.46116931651031,11.992847951005924,8.62465243638133,10.5055419451058,-1.0868617152391957,2.660183289081286,3.016351101503556,8.62465243638133,True,False
E,rainbow_convergence,54.709999084472656,53.855986330662084,54.709999084472656,1.2967256892198011,2.0,True,True,,,,,,,,,,,,0.0,1.5609811151558783,True,,,,,,,,,,False,24.78582109202546,,,,,,,,,,False,False
EBF,rainbow_convergence,22.1299991607666,21.583780405571904,22.1299991607666,1.944733157030775,4.0,True,True,,,,,,,,,,,,0.0,2.4682276362805613,True,2.6315789473684292,2.9411764705881804,7.692307692307687,27.499999999999993,11.428571428571477,-16.666666666666696,-17.647058823529417,34.210526315789465,2.6315789473684292,True,83.45248880032408,1.4588927641799643,3.9503349478430705,0.3969089214300725,-0.3655162664835676,2.3369965650716473,-3.7976579112881437,1.5110057156755508,1.5216519028365072,-0.3655162664835676,True,False
EFSI,rainbow_convergence,45.90999984741211,43.81986403891059,45.90999984741211,4.200544608275931,14.0,True,True,,,,,,,,,,,,0.0,4.5526809310572025,True,-6.122448979591832,,-36.7816091954023,7.216494845360821,33.33333333333335,-37.27272727272728,5.769230769230771,6.1224489795918435,-36.7816091954023,False,23.785822291655094,,,,,,,,,,False,False
EGBN,rainbow_convergence,28.540000915527344,27.914923614655752,28.540000915527344,1.285305862066547,9.0,True,True,,,,,,,,,,,,0.0,2.1901796805182125,True,,700.0,-117.64705882352939,-408.33333333333337,-52.08333333333333,,,,-408.33333333333337,False,22.7858200753125,,,,,,,,,,False,False
EMBJ,rainbow_convergence,78.62999725341797,73.26474120252897,78.62999725341797,4.510232745278321,6.0,True,True,,,,,,,,,,,,0.0,6.823421389164273,True,,,,,,,,,,False,42.452487752361115,,,,,,,,,,False,False
EMR,rainbow_convergence,158.22999572753906,151.78829694636735,158.22999572753906,2.1035228021386203,3.0,True,True,,,,,,,,,,,,0.0,4.071098372690259,True,48.837209302325576,4.90196078431373,-35.63218390804598,82.4561403508772,19.626168224299057,-4.464285714285721,7.692307692307709,20.93023255813955,-35.63218390804598,True,36.78582143263888,7.02833296727432,2.933212996389889,4.095808383233535,5.130980731760126,6.817185444980267,4.970087436723425,-10.502471169686988,6.654952778387879,2.933212996389889,True,False
ENTG,rainbow_convergence,151.88999938964844,141.50633722864117,151.88999938964844,4.4768575551150915,4.0,True,True,,,,,,,,,,,,0.0,6.836304037614559,True,74.28571428571429,46.34146341463414,-50.74626865671641,-9.80392156862745,1.6666666666666607,81.81818181818177,-28.260869565217384,31.428571428571452,-50.74626865671641,True,36.45247183349537,11.45885916203937,5.005173305742372,-3.0486886449645145,-0.07428500680946026,8.78186968838528,-1.4564874377958503,2.0815264527320076,1.8551236749116518,-3.0486886449645145,True,False
ERO,rainbow_convergence,37.869998931884766,34.348247355757486,37.869998931884766,6.1730879729797214,4.0,True,True,,,,,,,,,,,,0.0,9.299581926214763,True,,,,,,,,,,False,35.785790637905095,,,,,,,,,,False,False
ESP,rainbow_convergence,65.62999725341797,62.243266573373106,65.62999725341797,2.9094618228971183,12.0,True,True,,,,,,,,,,,,0.0,5.1603395120795685,True,7.47663551401867,57.14285714285714,39.43661971830987,24.590163934426236,16.161616161616156,0.0,30.263157894736835,-28.971962616822434,7.47663551401867,True,48.45245836893518,,,,,,,,,,False,False
ESQ,rainbow_convergence,122.27999877929688,120.36842744946375,122.27999877929688,1.4783252868865762,9.0,True,True,,,,,,,,,,,,0.0,1.5632739196238605,True,7.971014492753636,5.263157894736836,14.074074074074105,20.895522388059696,6.428571428571428,-9.090909090909093,-4.938271604938271,17.391304347826097,5.263157894736836,True,23.45245173082176,,,,,,,,,,False,False
ETN,rainbow_convergence,439.9800109863281,418.8210402765502,439.9800109863281,3.885751850689345,10.0,True,True,,,,,,,,,,,,0.0,4.809075453756332,True,-15.936254980079678,-9.387755102040817,18.367346938775487,2.371541501976293,-4.954954954954971,-23.448275862068947,11.969111969111946,3.1872509960159334,-15.936254980079678,True,35.45245652423611,21.385885031303363,16.84177512937117,13.060897435897445,10.133963750985032,14.494698698161312,5.613040396881641,0.9587864911276389,-0.569151963574277,10.133963750985032,True,False
EXEL,rainbow_convergence,58.15999984741211,56.15823311283037,58.15999984741211,2.7902613678250154,7.0,True,True,,,,,,,,,,,,0.0,3.441827269314915,True,26.15384615384615,43.636363636363626,89.36170212765953,72.49999999999999,3.797468354430378,-11.235955056179737,28.985507246376784,6.153846153846132,26.15384615384615,True,28.785769194282405,10.63402204268813,9.96764767835636,5.62994592019479,10.789336140652628,2.926923505104684,2.0293554136467495,0.15190169885654914,5.190220690844516,5.62994592019479,True,False
FBLA,rainbow_convergence,16.469999313354492,15.83538464275172,16.469999313354492,2.760892941562276,14.0,True,True,,,,,,,,,,,,0.0,3.8531554162737764,True,-100.0,-75.0,,,-100.0,,-233.33333333333331,19.999999999999996,-100.0,False,30.785788853680554,,,,,11.523502276359032,-1.5932826964158542,9.293728516765022,,,False,False
FIRY,rainbow_convergence,12.420000076293945,10.31503368001296,12.420000076293945,15.26380121429457,10.0,True,True,,,,,,,,,,,,0.0,16.94819954388515,False,,,,,,,,,,False,44.78572824195602,22.91584040612358,32.91775129013106,68.87625907377188,11.439504966617807,6.483422092423985,-3.018893072540063,9.633228611090816,8.566669310700403,11.439504966617807,True,False
FNGO,rainbow_convergence,161.87899780273438,149.50781006868576,161.87899780273438,6.647759189416197,7.0,True,True,,,,,,,,,,,,0.0,7.64224383766209,True,,,,,,,,,,False,,,,,,,,,,,False,False
FOSL,rainbow_convergence,6.199999809265137,5.303898262169001,6.199999809265137,11.23413461065918,7.0,True,True,,,,,,,,,,,,0.0,14.453251204250392,False,,,,,,,,,,False,44.78572599456019,-4.85507377897163,-3.657203602336978,-18.0463692242971,-6.121208120381216,-6.70623462255463,-19.8781565926623,3.820489191379761,22.602410294571396,-18.0463692242971,True,False
FTRE,rainbow_convergence,19.889999389648438,18.624743629560246,19.889999389648438,6.269729054580584,8.0,True,True,,,,,,,,,,,,0.0,6.36126595733674,True,,,,,,,,,,False,37.45237299528935,-4.519217232155426,-2.2723783202825087,-5.236728837876614,3.9116906208327196,6.551453260015716,-3.6336109008327067,-5.8177670041351774,-1.2670702520061972,-5.236728837876614,True,False
GH,rainbow_convergence,177.25,165.4211924627342,177.25,6.2596765262575325,10.0,True,True,,,,,,,,,,,,0.0,6.6735162410526305,True,,,,,,,,,,False,29.785661387314818,44.332322222605214,48.259457121653696,39.3689238605845,38.500908730075835,11.043044436709604,7.252565187402671,6.059669074948348,14.265278687394446,38.500908730075835,True,False
GRMN,rainbow_convergence,294.1400146484375,280.1952814724507,294.1400146484375,3.0392292926913553,3.0,True,True,,,,,,,,,,,,0.0,4.7408487392148455,True,21.511627906976738,21.428571428571395,0.48309178743961567,32.692307692307686,-23.161764705882348,30.76923076923075,0.48309178743961567,20.348837209302317,0.48309178743961567,True,29.45232603622685,14.226444027388464,16.59170804159642,11.65677399178573,20.435317332051927,-17.481123129666276,19.992873684073807,-2.406252962144073,18.205014790577035,11.65677399178573,True,False
GSAT,rainbow_convergence,82.87999725341797,82.04020533572465,82.87999725341797,0.7228351761537802,7.0,True,True,,,,,,,,,,,,0.0,1.0132624825330645,True,-276.9230769230769,,,-116.66666666666667,,,,-107.6923076923077,-276.9230769230769,False,37.452327569479166,-3.538452373860723,16.711087420042638,17.62753976167515,2.127041641888061,-7.55309431377027,-2.6361501368797002,-2.551289863904127,9.973491392148691,-3.538452373860723,True,False
HAFC,rainbow_convergence,32.099998474121094,31.739316975091064,32.099998474121094,0.7060261428154424,12.0,True,True,,,,,,,,,,,,0.0,1.1236184304519812,True,58.00000000000001,29.31034482758621,20.68965517241377,48.979591836734706,5.3333333333333455,7.142857142857184,-4.109589041095929,46.0,20.68965517241377,True,21.78565820934028,5.394402646763896,7.292302946166895,9.553372235376,10.873724088454818,0.9390778290222723,-1.3591241704010493,0.05959644691659882,5.7894958058879675,5.394402646763896,True,False
HVT,rainbow_convergence,27.950000762939453,27.191732784406828,27.950000762939453,2.0755447930144366,4.0,True,True,,,,,,,,,,,,0.0,2.7129443929678088,True,6.896551724137945,0.0,54.54545454545456,3800.0,6.896551724137945,70.58823529411762,-56.41025641025641,34.48275862068968,0.0,True,29.45225484048611,7.68733600331446,4.1213436362334654,9.528458989004784,10.556923024449594,3.1161068500396683,-6.373347728544609,3.822936591184889,7.43488468443585,4.1213436362334654,True,False
IFF,rainbow_convergence,85.69000244140625,83.52424612351143,85.69000244140625,2.1191974905586277,4.0,True,True,,,,,,,,,,,,0.0,2.5274317378806646,True,-91.41630901287554,,,-30.434782608695656,-69.6969696969697,724.9999999999993,-49.99999999999996,-93.13304721030042,-91.41630901287554,False,35.78559186206019,1.8238665971860302,-3.58775940907492,23.926380368098155,-7.8974358974359005,-28.71214885078438,-20.180547466511356,27.468448403860425,40.38561750911933,-7.8974358974359005,True,False
INTC,rainbow_convergence,123.0,104.52840317834155,123.0,13.799038552132592,8.0,True,True,,,,,,,,,,,,0.0,15.017558391592237,False,,,,,,,-111.11111111111111,,,False,23.78555878171296,25.421883505715837,7.184021473119118,-4.109396914446006,2.777777777777768,18.789128673491938,-0.7093754570718147,0.1538123489343013,6.174663659693591,-4.109396914446006,True,False
IOSP,rainbow_convergence,98.72000122070312,92.44996784056362,98.72000122070312,4.171038341385536,4.0,True,True,,,,,,,,,,,,0.0,6.3513303308434175,True,32.97872340425532,-6.870229007633588,,-60.902255639097746,2.4590163934426146,-35.78947368421053,265.38461538461536,-44.680851063829785,-60.902255639097746,False,35.78556463486111,11.758016829656581,2.8130671506352067,-2.3993144815766976,-0.3382949932341006,8.428949691085608,-0.5267778753292318,3.100248925096172,0.5003411416875103,-2.3993144815766976,True,False
IRDM,rainbow_convergence,48.75,47.60945565024025,48.75,1.7071348609417578,4.0,True,True,,,,,,,,,,,,0.0,2.339578153353334,True,-55.00000000000001,-25.92592592592593,-19.999999999999986,66.66666666666666,-55.00000000000001,-16.666666666666664,-31.428571428571427,74.99999999999997,-55.00000000000001,True,23.45222255184028,3.840834278443195,1.944824505067988,-0.023944673718612197,6.656922230943119,2.821183527575011,2.8726401803324864,-6.166964108665473,4.62366186274239,-0.023944673718612197,True,False
JCI,rainbow_convergence,150.1999969482422,143.96358210489612,150.1999969482422,1.761348248495345,10.0,True,True,,,,,,,,,,,,0.0,4.152073881529499,True,38.888888888888886,34.92063492063491,180.64516129032265,-26.206896551724135,17.647058823529417,-67.43295019157088,143.92523364485982,48.611111111111114,-26.206896551724135,True,36.452223017060184,8.21000704721635,6.837449318098043,3.1049935979513554,2.611054594777884,5.951354148697607,-10.01241850357032,6.444150693985451,6.624383368569409,2.611054594777884,True,False
JNJ,rainbow_convergence,271.2200012207031,265.51553501602507,271.2200012207031,1.7160100100996198,2.0,True,True,,,,,,,,,,,,0.0,2.1032616248814526,True,-0.8733624454148492,-52.863436123348016,47.51773049645389,90.990990990991,6.074766355140171,2.8846153846153966,-1.8867924528301883,-7.423580786026196,-52.863436123348016,True,14.452192732962963,6.5998399528282015,9.907276298360213,9.07637655417406,6.7731743135597045,5.186601280026593,-2.0436411007979105,2.379860792731203,1.0529419197237155,6.5998399528282015,True,False
JWEL,rainbow_convergence,2.609999895095825,2.329222429095212,2.609999895095825,3.7220488283639392,2.0,True,True,,,,,,,,,,,,0.0,10.75775775041955,False,,,,,,,,,,False,,,,,,,,,,,False,False
KELYA,rainbow_convergence,16.479999542236328,15.957028539643042,16.479999542236328,2.8661619416412503,4.0,True,True,,,,,,,,,,,,0.0,3.1733678223289488,True,-40.38461538461539,-206.25,,-21399.999999999996,,,,-919.2307692307692,-21399.999999999996,False,37.45217903674768,-5.7723724813940835,-10.661859387071848,-11.913357400722024,-9.93160581832193,-0.24022292687614355,-0.8101410598551295,12.213903743315502,-15.138863677618442,-11.913357400722024,True,False
KEYS,rainbow_convergence,362.1499938964844,333.24529847798635,362.1499938964844,5.338648015764633,12.0,True,True,,,,,,,,,,,,0.0,7.9814154095388545,True,109.09090909090904,35.570469798657726,68.04123711340206,,13.861386138613852,23.926380368098176,20.740740740740726,22.72727272727273,35.570469798657726,False,56.78550732304398,41.34762633996938,32.28043143297381,31.470829909613805,,7.513104251601632,7.312500000000011,18.343195266272193,3.522205206738138,31.470829909613805,False,False
KOPN,rainbow_convergence,4.989999771118164,4.556332146024687,4.989999771118164,6.416098838077803,6.0,True,True,,,,,,,,,,,,0.0,8.690734368436665,True,,,99.99999999999983,,,-150.0,100.0,,99.99999999999983,False,42.78547241210648,45.01953893466541,-3.089757431538087,-43.15579459936415,-9.571949001541768,19.622335454911966,26.16128354069207,-31.082190649676377,39.43014524805024,-43.15579459936415,True,False
LGND,rainbow_convergence,301.5199890136719,288.49117276593216,301.5199890136719,2.790181427867442,11.0,True,True,,,,,,,,,,,,0.0,4.321045609732012,True,825.0000000000002,,,,,-127.68595041322315,-57.3943661971831,2266.666666666667,825.0000000000002,False,37.4521241253125,33.7329665945787,14.093485981514565,39.36746706530878,122.84605882807074,23.14488998878621,-13.314115241511082,-48.32367639289457,142.42761458836375,14.093485981514565,True,False
LITE,rainbow_convergence,941.6500244140625,889.2887607445252,941.6500244140625,4.82084171696649,6.0,True,True,,,,,,,,,,,,0.0,5.560586450589096,True,-3177.4193548387093,,,,-6459.999999999999,68.53932584269661,1680.0,-98.38709677419355,-3177.4193548387093,False,37.785430122013885,55.91955887122933,16.016371077762614,9.651035986913858,6.0768261964735615,13.052681091251173,5.718547986076583,19.382606114574052,9.27667855984431,6.0768261964735615,True,False
LQDT,rainbow_convergence,43.61000061035156,41.73661526399486,43.61000061035156,3.39987487896286,11.0,True,True,,,,,,,,,,,,0.0,4.295770053055277,True,39.13043478260869,4.545454545454541,27.77777777777779,19.999999999999996,39.13043478260869,0.0,-4.1666666666666625,4.347826086956519,4.545454545454541,True,51.45209679829861,8.094264859228373,3.7439312567132177,-0.9090091636625219,10.437962348144069,7.326972136633203,-0.40175220056262173,2.651412505927775,-1.490719499478621,-0.9090091636625219,True,False
LTRX,rainbow_convergence,7.019999980926514,5.805370098193392,7.019999980926514,10.107385401159062,5.0,True,True,,,,,,,,,,,,0.0,17.302420028964335,False,,,,,,,,,,False,36.785422267337964,8.027324109712541,5.884210526315781,-4.451076666345754,-13.447404351741564,3.237565032972123,1.3535299254383126,-0.06712760958582642,3.311487915669753,-13.447404351741564,True,False
MET,rainbow_convergence,97.69999694824219,95.76636212412286,97.69999694824219,1.4893771560585394,2.0,True,True,,,,,,,,,,,,0.0,1.9791554601006702,True,5.825242718446599,35.9375,-32.571428571428584,-32.59668508287293,-37.35632183908045,47.4576271186441,-3.27868852459019,18.446601941747566,-32.59668508287293,True,41.7853919028125,19.86754966887416,20.130932896890343,7.913669064748197,12.09386281588447,-1.3623978201634857,22.33333333333334,-3.3816425120772986,2.81456953642385,7.913669064748197,True,False
MFC,rainbow_convergence,43.86000061035156,43.29753956899167,43.86000061035156,1.2201758930103535,0.0,False,False,,,,,,,,,,,,0.0,1.2824008972474736,False,,,,,,,,,,False,36.78539447256944,,,,,,,,,,False,False
MRVI,rainbow_convergence,7.599999904632568,7.036313352568279,7.599999904632568,5.484153268293607,4.0,True,True,,,,,,,,,,,,0.0,7.4169284097055685,True,,,,,,,,,,False,37.785344269305554,8.534295419541316,40.52721451440768,-11.832101559461083,-39.688518652662076,-21.864605009341254,32.02783459671921,19.783809752582272,-12.167436757600692,-39.688518652662076,True,False
MRVL,rainbow_convergence,261.94000244140625,232.52732054026484,261.94000244140625,9.48401468670556,13.0,True,True,,,,,,,,,,,,0.0,11.228785839123896,False,50.0,-80.0,95.65217391304337,,725.0,-91.11111111111111,-79.54545454545456,900.0,-80.0,False,63.785343315034716,36.54852699267235,27.568195008705754,22.080994827775946,36.83134357891959,13.297212341798325,8.973723351512142,6.951072547601833,3.409600717810668,22.080994827775946,True,False
MSGS,rainbow_convergence,402.8399963378906,394.67400060747883,402.8399963378906,1.2749815137194298,6.0,True,True,,,,,,,,,,,,0.0,2.0271064950468305,True,,,580.0,,,-344.1176470588235,,,580.0,False,31.452021549872686,36.668513461170726,1.8863876925107936,12.764179237978635,-25.98720618305288,-35.50540376076761,7.132694138177209,922.5173619911797,-80.65572645214432,-25.98720618305288,True,False
MTD,rainbow_convergence,1511.6400146484375,1385.3593594162676,1511.6400146484375,6.551391674281716,6.0,True,True,,,,,,,,,,,,0.0,8.35388412640949,True,18.340163934426236,6.658130601792589,16.79261125104954,6.124497991967859,38.65546218487397,-40.11502516175411,31.59886471144746,8.29918032786885,6.124497991967859,True,37.78535700966435,4.484546200701578,7.172099612557492,8.09547547809979,7.874410053062486,8.466340839190512,-16.16379062346479,9.715072074460585,4.72711628413145,4.484546200701578,True,False
MTRN,rainbow_convergence,264.9599914550781,249.47618765079272,264.9599914550781,3.0446807142166747,6.0,True,True,,,,,,,,,,,,0.0,5.843827107350491,True,52.066115702479344,8.235294117647074,,14.018691588785037,100.0,206.66666666666643,-75.40983606557374,0.8264462809917328,8.235294117647074,False,29.4520221716088,42.22046156911259,30.807698712916043,12.104946311382548,1.8531536585645103,11.655002328017684,12.265341375466043,10.104584449919972,3.046393209438958,1.8531536585645103,True,False
MU,rainbow_convergence,1082.280029296875,974.5498868063216,1082.280029296875,8.367590590637011,7.0,True,True,,,,,,,,,,,,0.0,9.95399892581797,True,1368.452380952381,756.0283687943263,175.44910179640718,249.3827160493827,104.39105219552611,162.3913043478261,62.544169611307396,68.45238095238095,175.44910179640718,True,1.7853432533333333,345.7155144608107,196.28709797590963,56.65403605465611,46.0,73.74685666387259,74.888221065748,20.574458683163943,21.65358563595312,46.0,True,True
NBIS,rainbow_convergence,237.3300018310547,221.69646336496828,237.3300018310547,5.267079736620871,5.0,True,True,,,,,,,,,,,,0.0,6.587257550865933,True,,,,,,,,,,False,42.452019578796296,,,,,,,,,,False,False
NDSN,rainbow_convergence,325.7699890136719,312.79790803857827,325.7699890136719,2.6020491314977687,4.0,True,True,,,,,,,,,,,,0.0,3.981975446654539,True,22.97297297297296,6.091370558375631,44.242424242424235,25.94339622641513,30.622009569377994,-12.184873949579833,-10.861423220973787,20.270270270270263,6.091370558375631,True,71.78535199474537,10.270677766554414,8.47939344420723,8.781157583438958,0.9856517686122723,10.369212536461635,10.663205175506874,-10.954616796573646,1.3905427985364982,0.9856517686122723,True,False
NET,rainbow_convergence,349.0199890136719,308.3254515258984,349.0199890136719,11.643221705021661,13.0,True,True,,,,,,,,,,,,0.0,11.65965811951801,False,,,,,,,,,,False,30.785323422048613,35.86555953747297,33.536288816018796,33.604162227739785,30.6790333006264,8.801181702370432,4.108659461975206,9.337629686829985,9.703190999305122,30.6790333006264,True,False
NEWP,rainbow_convergence,6.619999885559082,6.0894778087594315,6.619999885559082,6.591538206803165,4.0,True,True,,,,,,,,,,,,0.0,8.01392879110067,True,,,,,,,,,,False,45.785300118229166,,,,,,,,,,False,False
NHC,rainbow_convergence,227.36000061035156,222.13656279219455,227.36000061035156,1.0779126175003646,1.0,True,True,,,,,,,,,,,,0.0,2.2974304205377405,True,67.10526315789474,9.661835748792269,315.78947368421063,-8.424908424908429,11.894273127753308,43.670886075949355,-36.8,64.4736842105263,-8.424908424908429,True,38.45193022733796,4.131014534235677,2.2671021302131944,4.5731843825557394,12.874459190565734,2.313110963886378,-1.038572491343004,0.7269757324341208,2.1026616283517985,2.2671021302131944,True,False
NTAP,rainbow_convergence,201.14999389648438,188.23763696780068,201.14999389648438,4.675521577651458,11.0,True,True,,,,,,,,,,,,0.0,6.419267869989913,True,63.478260869565226,23.170731707317003,15.972222222222232,6.338028169014098,-6.930693069306915,20.958083832335305,10.596026490066212,31.304347826086975,6.338028169014098,True,63.78526279541667,29.890955740859514,12.471131639722866,4.387568555758681,2.834740651387224,3.952772073921973,13.718622300058382,0.46920821114369016,9.364977549711352,2.834740651387224,True,False
NUAI,rainbow_convergence,7.059999942779541,5.740391824791512,7.059999942779541,16.126777339804345,14.0,True,True,,,,,,,,,,,,0.0,18.691333267468774,False,,,,,,,,,,False,44.78528648699074,,,,,-0.8371530720419407,,,,,False,False
NVDA,rainbow_convergence,225.07000732421875,218.3480116149784,225.07000732421875,2.816461538362889,6.0,True,True,,,,,,,,,,,,0.0,2.98662437930131,True,127.77777777777777,214.47368421052633,97.75280898876404,66.66666666666667,2.9288702928870203,35.79545454545454,35.384615384615394,20.370370370370374,66.66666666666667,True,49.785260867118055,105.85114348672526,85.22763378875223,73.21451272533118,62.49358645459211,17.896220057587463,19.79831784754944,19.50847279233765,21.95622874013221,62.49358645459211,True,True
OGN,rainbow_convergence,13.729999542236328,13.639493507220157,13.729999542236328,0.5462455685234794,3.0,True,True,,,,,,,,,,,,0.0,0.6591845450377145,True,-28.57142857142857,66.66666666666667,-285.7142857142858,-55.79710144927537,-27.27272727272727,,-227.8688524590164,8.92857142857142,-285.7142857142858,True,41.45192944540509,-2.258469259723961,-3.502974223397226,-5.339195979899502,1.2642225031605614,6.712328767123288,-3.1187790311877905,-5.9300873907615514,0.5018820577164407,-5.339195979899502,True,False
PACB,rainbow_convergence,1.6200000047683716,1.3788682316892245,1.6200000047683716,8.286217050221035,6.0,True,True,,,,,,,,,,,,0.0,14.884677306752495,False,,,,,,,,,,False,37.785185442627316,4.99017575969638,-6.97825706207621,6.7420098297836795,2.4632826591084678,4.919576093388556,-3.2855544860955765,-3.331992154101493,7.033079428309952,-6.97825706207621,True,False
PFE,rainbow_convergence,28.670000076293945,27.383782652989314,28.670000076293945,3.0941323004553682,3.0,True,True,,,,,,,,,,,,0.0,4.486283292228352,True,-107.84313725490196,-9.615384615384626,-514.2857142857149,-20.512820512820518,-108.51063829787235,,-146.77419354838705,21.568627450980383,-514.2857142857149,True,35.45185089607639,-33.92063092541321,-5.812356979405031,46.79083549394147,76.77734913199228,-30.417881438289605,-18.398096748612215,8.109582635127243,7.647453645440061,-33.92063092541321,True,False
PNTG,rainbow_convergence,40.77000045776367,39.131749452957514,40.77000045776367,2.1603857834429023,13.0,True,True,,,,,,,,,,,,0.0,4.0182756595829074,True,25.0,9.090909090909083,56.25,-15.000000000000002,4.166666666666674,-3.999999999999959,47.05882352941168,-15.000000000000002,-15.000000000000002,True,36.78511673408565,35.755190181365926,35.98993528464274,53.168477225081,26.759386345523772,4.4224218892362055,-1.3683668425946038,26.32040831474116,4.345310499724375,26.759386345523772,True,False
POWW,rainbow_convergence,2.2899999618530273,2.209885188611895,2.2899999618530273,3.32207497834836,4.0,True,True,,,,,,,,,,,,0.0,3.49846177186418,True,,,,,,-200.00000000000009,0.0,,,False,48.45177169133102,22.123596316756753,10.10391236614392,6.968593421412317,0.010790267329086056,4.258050636740962,3.6938989351198437,11.76663929199453,1.0705403961213777,0.010790267329086056,True,False
PRAA,rainbow_convergence,20.649999618530273,19.332256415965592,20.649999618530273,5.22982424867421,10.0,True,True,,,,,,,,,,,,0.0,6.38132313272396,True,39.81481481481482,711.1111111111111,212.76595744680847,-1611.5942028985507,106.84931506849318,-50.340136054421755,,-1065.7407407407406,-1611.5942028985507,True,41.7851047516088,-1.401191818328229,163.63636363636363,-16.093535075653364,31.96440793976729,-5.334776557909382,253.38797814207652,-52.54149377593361,-37.89660170719923,-16.093535075653364,True,False
PRLB,rainbow_convergence,96.25,83.49141161299099,96.25,8.497167524130607,7.0,True,True,,,,,,,,,,,,0.0,13.25567624624313,False,105.55555555555559,120.00000000000001,,3.4482758620689724,12.12121212121211,32.00000000000001,-16.666666666666664,66.66666666666667,3.4482758620689724,False,31.45175778804398,10.571362993565959,10.40450061408027,12.10924024640656,7.7591765576863425,7.180484584027091,2.082890697691453,0.8325576584962358,0.22433975255991,7.7591765576863425,True,False
QCOM,rainbow_convergence,201.97000122070312,178.30584639641498,201.97000122070312,8.799085266585898,14.0,True,True,,,,,,,,,,,,0.0,11.71666815926247,False,-23.04526748971194,173.015873015873,-1.7667844522968323,-207.7821011673152,-72.81976744186046,147.48201438848923,,-213.9917695473251,-207.7821011673152,True,36.7850783272801,-4.032802701398941,-3.46115311048365,4.996143628417182,10.01464128843339,-6.151523728653652,-13.49167482859941,8.70375299441044,8.74095513748192,-4.032802701398941,True,False
RAL,rainbow_convergence,70.02999877929688,66.6402834710364,70.02999877929688,3.995934226100311,8.0,True,True,,,,,,,,,,,,0.0,4.8403760778910465,True,21.42857142857144,-31.57894736842104,-1603.703703703704,-38.59649122807017,30.76923076923077,,-3580.0000000000005,-16.666666666666675,-1603.703703703704,True,27.78509139951389,12.815418239618515,10.95890410958904,4.306940003761528,-0.8619074386359338,6.210250654695093,-3.606202668589975,4.819504819504816,5.126167295847406,-0.8619074386359338,True,False
RUSHB,rainbow_convergence,55.189998626708984,52.31044728436898,55.189998626708984,4.557531089574484,9.0,True,True,,,,,,,,,,,,0.0,5.217523852132247,True,1.1111111111111072,5.47945205479452,,-14.432989690721653,18.181818181818187,-4.938271604938271,-2.409638554216853,-7.777777777777784,-14.432989690721653,False,29.785028165555552,-1.7822868409209325,-9.580325086605136,-12.52115958429525,-1.0815139313471334,13.375396065601786,-5.1882081143810765,-6.066817681616554,-2.7276046850672864,-12.52115958429525,True,False
SATL,rainbow_convergence,6.170000076293945,5.2273123226022555,6.170000076293945,9.30440517801852,5.0,True,True,,,,,,,,,,,,0.0,15.278569562967037,False,,,,,,-449.9999999999999,,,,False,44.78501110006945,236.6962774957699,98.28843995510664,108.18902260052835,26.3395739186572,125.25824253572947,-0.3665585788805825,81.22125702606029,-17.216582064297803,26.3395739186572,True,False
SCCO,rainbow_convergence,203.9199981689453,196.54133548566367,203.9199981689453,2.5157244484952077,4.0,True,True,,,,,,,,,,,,0.0,3.6184105284114954,True,71.79487179487178,66.95652173913045,48.1132075471699,20.535714285714278,4.6875,22.29299363057322,16.29629629629632,15.384615384615397,20.535714285714278,True,23.785008176516204,40.57686004588659,36.17989045132772,38.98146817985921,15.230816472755816,0.8844145457966857,9.860974727376082,14.582654783406856,10.694854146181587,15.230816472755816,True,True
SCL,rainbow_convergence,64.52999877929688,61.97910287626364,64.52999877929688,2.97044474035047,4.0,True,True,,,,,,,,,,,,0.0,3.953038821150015,True,100.0,-310.4651162790698,57.142857142856826,-54.36893203883495,,-922.7272727272738,-53.19148936170217,-6.000000000000005,-310.4651162790698,True,29.4516532203125,15.036430806690548,1.8969920186092004,5.379854606751411,7.944159373274173,13.167711316125974,9.13960634498796,-6.166184412926656,-0.7407233024320226,1.8969920186092004,True,False
SCSC,rainbow_convergence,58.29999923706055,56.11250517214973,58.29999923706055,3.2704686494165633,4.0,True,True,,,,,,,,,,,,0.0,3.7521339511789464,True,40.22988505747127,5.405405405405417,7.14285714285714,28.98550724637683,56.41025641025643,4.0000000000000036,-15.73033707865169,2.298850574712641,5.405405405405417,True,37.451648706319446,17.25014331652901,8.788148349925585,2.543822918352845,-4.632662007787724,24.298699774384126,0.03626818627757711,3.6317177043196036,-9.009381389272297,-4.632662007787724,True,False
SFNC,rainbow_convergence,23.229999542236328,22.852744870847758,23.229999542236328,0.5923165587346918,1.0,True,True,,,,,,,,,,,,0.0,1.6239977564470167,True,6.976744186046524,80.76923076923075,-5.263157894736848,-2100.0,-2.127659574468077,30.555555555555603,,-1030.2325581395348,-2100.0,True,16.784958441481482,,,,,,,,,,False,False
SILC,rainbow_convergence,52.779998779296875,44.500779502572705,52.779998779296875,10.764306738800244,7.0,True,True,,,,,,,,,,,,0.0,15.686281675269232,False,,,,,,,,,,False,30.451617865729165,,,,,,,,,,False,False
SLAB,rainbow_convergence,221.24000549316406,219.53014392139872,221.24000549316406,0.7350043398384463,6.0,True,True,,,,,,,,,,,,0.0,0.7728537015509052,True,,,,,,,,,,False,35.784945543599534,18.327672483082267,20.136849094612685,25.237445037263374,23.801195949397513,6.880093676814991,2.5426740823991656,1.0713644240991416,6.8210220643522,18.327672483082267,True,False
SLP,rainbow_convergence,18.459999084472656,18.30714513004334,18.459999084472656,0.7382332939061789,2.0,True,True,,,,,,,,,,,,0.0,0.8280279632185105,True,,46.66666666666668,200.0,-175.00000000000065,-18.181818181818187,633.3333333333334,,,-175.00000000000065,False,30.784957148449074,7.479251583754842,8.287268188302432,-2.6580004227436005,-6.450921560222889,-9.900786299452468,31.865805330872377,5.504009163802981,-14.256249079212303,-6.450921560222889,True,False
SNDK,rainbow_convergence,1777.800048828125,1621.1312692241534,1777.800048828125,8.48691732257037,6.0,True,True,,,,,,,,,,,,0.0,8.812508454324952,True,,,615.2777777777778,-48.630136986301366,94.65914025184543,347.18446601941747,586.6666666666667,,-48.630136986301366,False,38.78496374938658,371.59389794844816,251.03244837758112,61.24733475479744,22.570366436537448,50.67226890756302,96.69421487603307,31.065857885615245,21.409784324039972,22.570366436537448,True,False
SPNT,rainbow_convergence,25.3799991607666,24.42390296782332,25.3799991607666,3.7172747014558998,10.0,True,True,,,,,,,,,,,,0.0,3.767124604248421,True,15.999999999999993,67.3469387755102,,2333.333333333333,-29.268292682926834,-57.29166666666667,163.01369863013701,46.0,15.999999999999993,False,30.784923642465277,-0.5479818230419653,6.503506118520552,58.893603133159274,34.45393098541445,-3.937516137361219,-20.44777652254288,28.813335097235093,1.0291365944934405,-0.5479818230419653,True,False
STX,rainbow_convergence,916.8300170898438,855.4274117558554,916.8300170898438,4.902124796230761,10.0,True,True,,,,,,,,,,,,0.0,6.697272579369673,True,150.00000000000006,108.28025477707004,67.74193548387098,72.3404255319149,71.25382262996939,25.769230769230766,6.995884773662553,8.482142857142904,67.74193548387098,True,28.7848872722338,48.48608837970541,44.07407407407406,21.505376344086024,21.26383763837638,16.613110539845756,10.159292035398227,7.455306200076084,7.569558101472995,21.26383763837638,True,True
TECH,rainbow_convergence,72.61000061035156,71.50727434368893,72.61000061035156,1.41843910671574,0.0,False,False,,,,,,,,,,,,0.0,1.5186975036403176,False,,128.57142857142856,9.090909090909083,14.28571428571428,12.499999999999956,33.33333333333335,0.0,,9.090909090909083,False,41.45154612864583,1.3335857271307594,-1.5073644526394703,-0.38851163683252254,-1.0029088848814038,3.1395404845623975,5.251506538189865,3.253127671825662,-9.594119224520059,-1.5073644526394703,True,False
TER,rainbow_convergence,398.3800048828125,371.24979030444746,398.3800048828125,4.20900264243711,10.0,True,True,,,,,,,,,,,,0.0,6.810134606616532,True,385.71428571428567,314.75409836065575,82.02247191011234,-15.73033707865169,-5.928853754940711,56.17283950617282,116.00000000000001,53.06122448979591,-15.73033707865169,True,22.784895986157405,,,,,7.575783454696938,4.6785914362566405,-27.769080543721415,,,False,False
TGTX,rainbow_convergence,57.43000030517578,54.4038056035641,57.43000030517578,4.649254924864079,8.0,True,True,,,,,,,,,,,,0.0,5.269362154850883,True,-70.58823529411764,300.0,-12.500000000000199,12050.0,-58.33333333333333,-14.285714285714091,-94.23868312757203,1329.4117647058824,-70.58823529411764,True,34.451546022199075,70.27162977867204,69.55550407096047,78.00434441003836,92.78842141656433,17.283498765359795,6.41000342725393,19.086754602403076,14.56697934083373,69.55550407096047,True,False
THM,rainbow_convergence,2.759999990463257,2.519897902535433,2.759999990463257,8.326708400278756,5.0,True,True,,,,,,,,,,,,0.0,8.699351041936911,True,,,,,-200.0,,,,,False,38.784880078715275,,,,,,,,,,False,False
TMP,rainbow_convergence,99.56999969482422,97.541778320505,99.56999969482422,0.9152237838820132,1.0,True,True,,,,,,,,,,,,0.0,2.036980396239416,True,36.00000000000001,32.84671532846715,383.4532374100721,26.923076923076916,12.08791208791209,-72.91666666666667,307.2727272727273,9.999999999999986,26.923076923076916,True,24.451500032141205,7.283871840980716,10.784513915831173,14.879540631631505,15.788948954271543,2.266171469647671,-1.7449020247020885,5.655106433867485,1.0547788928205515,7.283871840980716,True,False
TSM,rainbow_convergence,450.6099853515625,426.8874153069084,450.6099853515625,4.422682568080058,7.0,True,True,,,,,,,,,,,,0.0,5.26454601891388,True,,,,,,,,,,False,16.45146222568287,,,,,,,,,,False,False
TWIN,rainbow_convergence,26.1299991607666,24.069648106875142,26.1299991607666,6.5231214649068905,14.0,True,True,,,,,,,,,,,,0.0,7.885002373000508,True,20.000000000000128,,2114.285714285714,,-47.8260869565217,-85.16129032258064,,-140.0,20.000000000000128,False,36.45146199233797,18.33095430190943,19.01971886462668,0.2880306046418424,9.738398013635674,18.311374025275605,7.223331115546694,12.730636531826601,-17.255218353710255,0.2880306046418424,True,False
TWN,rainbow_convergence,102.0999984741211,98.59686560691205,102.0999984741211,3.155613653313684,6.0,True,True,,,,,,,,,,,,0.0,3.4310802346358242,True,,,,,,,,,,False,,,,,,,,,,,False,False
VGZ,rainbow_convergence,2.75,2.297631659848756,2.75,13.774052297613501,6.0,True,True,,,,,,,,,,,,0.0,16.449757823681598,False,,,,,,,,,,False,30.784780041145833,,,,,,,,,,False,False
VLGEA,rainbow_convergence,45.369998931884766,43.787430650191276,45.369998931884766,2.929463779190412,10.0,True,True,,,,,,,,,,,,0.0,3.488138238816015,True,,,,,,,,,,False,7.45146551,1.5821341957780177,6.88867357846481,4.464072785042772,3.707130467265163,-10.667140955973785,10.018314672507223,-2.8482189459922314,6.387436598429219,1.5821341957780177,True,False
VNCE,rainbow_convergence,11.5,7.71062203493619,11.5,26.50027804037342,9.0,True,True,,,,,,,,,,,,0.0,32.95111273968531,False,-13.978494623655912,,,-38.235294117647065,,,-233.33333333333334,-77.41935483870968,-38.235294117647065,False,70.45144582626158,11.66969320462583,10.532856920925893,4.699186991869908,6.192460267957389,27.723900991645188,-23.501021419952927,-1.6669407701524808,16.22724976447618,4.699186991869908,True,False
VTRS,rainbow_convergence,17.829999923706055,16.788404220960924,17.829999923706055,3.4239591695000446,10.0,True,True,,,,,,,,,,,,0.0,5.8418155199219415,True,,,,-237.5,-166.66666666666669,,,,-237.5,False,37.451371984803245,4.9565704679181755,8.217192895905278,4.986630255447455,0.2541466024612138,6.729919936176887,-4.904218711897467,-1.5156771180787176,5.001400952647805,0.2541466024612138,True,False
WABC,rainbow_convergence,60.66999816894531,59.166646065684205,60.66999816894531,1.3105983741303109,11.0,True,True,,,,,,,,,,,,0.0,2.4779168429753096,True,4.464285714285698,-2.5862068965517238,-5.882352941176572,-14.50381679389312,3.539823008849563,0.8928571428572063,-7.771561172376096e-14,0.0,-14.50381679389312,True,16.743039602511573,,,,,,,,,,False,False
WAT,rainbow_convergence,433.5400085449219,409.01756824115984,433.5400085449219,4.30489514375993,9.0,True,True,,,,,,,,,,,,0.0,5.65632694109732,True,-156.27530364372467,-142.85714285714286,-3.0927835051546615,-7.749077490774903,,-123.13829787234043,50.4,1.2145748987854255,-156.27530364372467,True,31.451373358634257,113.35927367055771,91.38972809667673,6.839010259947709,8.04830441507216,29.834254143646397,35.88603162380053,16.56633999552437,3.7466926070038875,6.839010259947709,True,False
WBD,rainbow_convergence,30.860000610351562,28.450204938519438,30.860000610351562,6.513821300819493,5.0,True,True,,,,,,,,,,,,0.0,7.808799819089414,True,-90.47619047619048,,,-220.00000000000003,,,,-109.52380952380953,-220.00000000000003,False,37.45136697181713,-11.159804321239298,-0.9577903998218118,-5.654732222997905,-6.006442897225394,-1.9790846733385825,-5.993657505285411,4.588170259812041,-7.816958825927434,-11.159804321239298,True,False
WCC,rainbow_convergence,367.44000244140625,348.39362908366957,367.44000244140625,3.447468105635307,9.0,True,True,,,,,,,,,,,,0.0,5.183532884603088,True,10.44386422976502,48.09523809523808,10.6312292358804,-0.5249343832021025,36.01286173633442,-6.606606606606613,-12.137203166226907,-1.0443864229765065,-0.5249343832021025,True,30.451367150659724,12.975455963116133,13.7807137376724,10.342382311762455,12.928553211644257,9.621552277100708,0.19115102578890486,-2.106757432530526,5.076615363753478,10.342382311762455,True,False
WST,rainbow_convergence,370.44000244140625,353.1444234705012,370.44000244140625,4.583188199802476,10.0,True,True,,,,,,,,,,,,0.0,4.668928532803573,True,18.13186813186811,56.09756097560976,2.2471910112359605,3.7837837837837673,11.979166666666675,5.494505494505475,-5.208333333333314,5.494505494505497,2.2471910112359605,True,23.45136756403935,13.803000652315722,21.0458452722063,7.505341880341887,7.725264426295353,3.2429873357793904,4.956521739130437,0.0497141436738735,4.9706457925636105,7.505341880341887,True,False
XMTR,rainbow_convergence,100.56999969482422,92.52110349422283,100.56999969482422,7.360300136818656,7.0,True,True,,,,,,,,,,,,0.0,8.003277543030183,True,,,,,,,,,,False,35.451366985243055,41.054587288599606,35.87907611395566,29.52082183296756,27.535321599457994,11.768663046339544,6.621690454162721,6.464875632902634,11.177074938325537,27.535321599457994,True,False
ABBV,vcp,266.9700012207031,246.77000427246094,264.3399963378906,,,,False,2.0,10%->8%,9.821663795030315,7.566392049997754,0.6741745065486073,41.0,,,,,,-0.9851312397598877,6.646739921631449,False,290.38461538461536,-45.83333333333333,,-88.63636363636364,420.51282051282044,-61.764705882352935,919.9999999999998,-80.76923076923077,-88.63636363636364,False,30.452948693263888,7.313606409096773,17.741243745532522,19.210829493087566,21.352095442031207,0.8377853326857698,-0.5073689296931638,4.335770103352665,2.51970538829307,7.313606409096773,True,False
ACHV,vcp,8.420000076293945,7.510000228881836,7.539999961853027,,,,False,2.0,19%->11%,18.865741315631197,10.807599039982966,0.681340872374798,15.0,,,,,,-10.451307677757756,0.3978744446017038,False,,,,,,,,,,False,37.452946958703706,,,,,,,,,,False,False
AEHR,vcp,100.94000244140625,92.37999725341797,104.38999938964844,,,,True,2.0,21%->8%,21.247206705672895,8.480290252575733,0.8387651707058869,10.0,,,,,,3.417868897164774,11.504935536402934,False,,,-650.0,-450.0,,,,,-650.0,False,34.78628205637732,33.68585421250621,-43.666357131152026,-26.5293986471419,-16.388444241176913,82.63356928148937,4.340348037231889,-9.89151244416082,-22.144935765490803,-43.666357131152026,True,False
AGEN,vcp,8.819999694824219,8.199999809265137,8.539999961853027,,,,False,2.0,21%->7%,20.525062572073253,7.029477403756741,0.6586068949288152,14.0,,,,,,-3.1746002569081924,3.981266441529546,False,,,,,-100.98039215686273,1033.3333333333294,-95.36082474226802,,,False,37.45294657869213,34.358335603907975,40.18116845341977,27.45090732943325,20.400605288308384,2.3179985771875744,-1.3682610221026792,13.127170497767482,17.687127787941304,20.400605288308384,True,False
ALGT,vcp,85.0,74.77999877929688,79.08999633789062,,,,False,3.0,32%->16%->12%,31.87552025783012,12.023530847886029,0.8243635666799334,36.0,,,,,,-6.952945484834559,5.449485090605455,False,,32.94797687861271,,,-109.13043478260869,26.373626373626323,,,32.94797687861271,False,36.78628222814815,33.10897415149181,8.925658694770977,7.570150008579657,1.0542159435079412,22.431114068344836,12.80388080853536,20.52073889392565,-20.029518957514714,1.0542159435079412,True,False
ALMS,vcp,8.140000343322754,7.034999847412109,7.099999904632568,,,,False,3.0,64%->37%->14%,63.74559802353321,13.574944094653226,0.37766050106103316,21.0,,,,,,-12.776417626853032,0.9154937759653786,False,-244.1558441558442,,-102.11386696730554,,,,,-237.66233766233765,-244.1558441558442,False,44.78628440782407,-37.65941485371342,-89.98792339985047,,,-4.537622056289492,-9.745982374287198,-6.631171345595355,-22.505626406601653,-89.98792339985047,False,False
AMAT,vcp,474.0400085449219,411.510009765625,485.0,,,,True,2.0,21%->13%,20.9748516895046,13.190869473493247,0.7910911492216578,28.0,,,,,,2.3120393337094276,15.1525753060567,False,42.79279279279278,33.460076045627375,75.17241379310346,12.918660287081352,-9.686609686609682,38.188976377952756,7.627118644067776,6.3063063063063085,12.918660287081352,True,44.78628143072917,24.82881402355519,11.40845070422536,-2.149037119732067,-3.477643718949608,15.233881163084707,12.806617227609806,3.117647058823536,-6.874828814023559,-3.477643718949608,True,False
ANIK,vcp,21.65999984741211,20.0,20.3700008392334,,,,False,2.0,11%->8%,10.652469830156239,7.663895933085349,0.5984859255046915,23.0,,,,,,-5.955674133270307,1.8164007068706776,False,,,,,,-1949.9999999999982,,,,False,36.452865842245366,15.560438002764098,13.161112809538377,0.042480883602369346,-5.893298149463789,10.124273942996087,-3.276171811203654,10.058597260667934,-1.4245720968142028,-5.893298149463789,True,False
ARCB,vcp,134.8699951171875,124.68000030517578,125.16000366210938,,,,False,2.0,12%->8%,11.543070909897278,7.555420168257373,0.7095893662473296,13.0,,,,,,-7.199519393947622,0.3835117792337591,False,-155.35714285714283,-138.46153846153845,-128.92561983471077,-59.33806146572105,,,-120.34883720930235,53.571428571428555,-155.35714285714283,True,36.45286482300926,15.874399367673075,3.2788495642022353,-2.8909443964678094,-1.409713260165324,18.597277094392584,2.683080288849049,-7.198391050024943,2.5317532985866587,-2.8909443964678094,True,False
AROW,vcp,39.970001220703125,36.86000061035156,37.650001525878906,,,,False,3.0,12%->9%->8%,12.154575303603046,7.780836916113692,0.804731346979201,50.0,,,,,,-5.804352324168898,2.0982759190177798,False,1.538461538461533,115.78947368421053,214.81481481481475,45.28301886792452,-19.512195121951216,-3.52941176470587,10.389610389610372,18.461538461538463,1.538461538461533,True,30.452865873368054,,,,,,,,,,False,False
ARWR,vcp,72.48999786376953,65.4000015258789,65.91999816894531,,,,False,2.0,25%->10%,24.982557011265115,9.780654637643742,0.6363267143060998,10.0,,,,,,-9.063318924593183,0.7888298809319065,False,,-133.8181818181818,,,,-522.7272727272727,,,-133.8181818181818,False,56.78617420270833,171.0159541902258,-86.41316064410209,10461.32,,2.0559556260764555,-72.0728090806831,2.9480801023113568,823.6575791407066,-86.41316064410209,False,False
ASTH,vcp,35.52000045776367,32.220001220703125,36.369998931884766,,,,True,2.0,19%->9%,19.349184967744083,9.290538272893688,0.6121130147279832,9.0,,,,,,2.393013691347822,11.410497203901292,False,110.52631578947367,107.14285714285711,,-96.96969696969697,37.93103448275863,141.66666666666666,1100.0,-94.73684210526316,-96.96969696969697,False,37.78618020631944,48.519871473775524,55.56343590322217,42.89088091111215,99.7133964195442,0.7688322453631713,1.5335767782578724,-0.5778998544006209,46.00432493188844,42.89088091111215,True,False
ATEX,vcp,86.43000030517578,80.25,81.41999816894531,,,,False,2.0,20%->7%,20.23021885293896,7.150295364288802,0.8229077781424352,16.0,,,,,,-5.796600854495716,1.4369911511390399,False,-99.25925925925925,90.19607843137263,-185.36585365853657,,-98.96907216494846,,-112.23776223776223,111.85185185185182,-185.36585365853657,False,43.786169572025464,38.0818053596615,40.964722822174224,0.4469987228607808,0.06447453255964408,0.0,24.47552447552448,1.3530927835051498,9.44992947813823,0.06447453255964408,True,False
AVBH,vcp,34.04999923706055,31.09000015258789,31.40999984741211,,,,False,2.0,12%->9%,11.702750041796492,8.693095890736313,0.4845013913156021,60.0,,,,,,-7.753302345966049,1.0187828601679656,False,-5.333333333333334,18.309859154929576,-46.753246753246735,-995.6521739130435,-15.476190476190476,104.87804878048772,,-649.3333333333334,-995.6521739130435,True,23.78612209111111,,,,,13.213386942813333,,,,,False,False
AVIR,vcp,5.65500020980835,5.039999961853027,5.170000076293945,,,,False,2.0,13%->11%,13.220342325431334,10.875335546206195,0.822269935706746,14.0,,,,,,-8.576483033072092,2.5145089462765937,False,,,,,,,,,,False,43.786109132546294,,,,,485.71820426076624,-45.669056647513706,-8.477684322194435,,,False,False
AVTR,vcp,16.049999237060547,14.670000076293945,15.25,,,,False,2.0,11%->9%,10.533515553404099,8.598126020966337,0.6603833223054776,41.0,,,,,,-4.984419159430823,3.803278188236424,False,-33.333333333333336,-89.04109589041094,-1400.0,-35.71428571428572,-25.000000000000068,,-1255.5555555555557,0.0,-1400.0,True,29.45275659553241,0.1635940351097931,-1.4183979753987441,-6.059039742706185,-1.5284477247631822,-4.961194029850747,2.4026410711010637,-3.4643531633616664,6.612974265399862,-6.059039742706185,True,False
AYA,vcp,30.670000076293945,27.309999465942383,28.469999313354492,,,,False,2.0,16%->11%,16.21710647052346,10.955332905097185,0.7624195713961882,12.0,,,,,,-7.173135824802038,4.074463910745461,False,,,,,,,,,,False,43.78612917505787,,,,,,,,,,False,False
B,vcp,45.810001373291016,41.40999984741211,42.880001068115234,,,,False,2.0,13%->10%,12.566737142781085,9.604892805011518,0.7108505752335109,22.0,,,,,,-6.395983884174436,3.428174403186268,False,,,,,,,,,,False,41.4527864209375,,,,,,,,,,False,False
BBY,vcp,96.52999877929688,88.62999725341797,90.51000213623047,,,,False,2.0,15%->8%,15.023270865734997,8.183985937823556,0.805582563343099,26.0,,,,,,-6.236399791975897,2.0771238961886493,False,70.11494252873563,37.89473684210527,365.45454545454527,-47.61904761904761,12.977099236641209,-48.828125,287.8787878787879,-24.13793103448275,-47.61904761904761,True,56.452756056192136,3.6130536130536184,1.9276833580472275,-0.9607112130771478,2.4033880359978887,9.433751119068944,-35.31200231649052,42.82464846980976,2.4793388429751984,-0.9607112130771478,True,False
BCX,vcp,13.27641773223877,11.9399995803833,11.979999542236328,,,,False,3.0,18%->14%->10%,18.00866974811763,10.066105020259194,0.5361552484020583,145.0,,,,,,-9.764819216665531,0.3338895106965962,False,,,,,,,,,,False,,,,,,,,,,,False,False
BELFA,vcp,210.4199981689453,188.00999450683594,203.10000610351562,,,,False,2.0,23%->11%,22.964141393069664,10.650130147856233,0.5561651629683817,28.0,,,,,,-3.4787530316165562,7.429843005021201,False,,,,,,,,,,False,29.786085859768516,25.18493871027161,17.244708942576747,17.402358216723712,44.76131933547938,18.03676375839678,1.4510793575009284,-1.6996312437143835,6.3464429378665255,17.244708942576747,True,False
BGC,vcp,12.510000228881836,11.449999809265137,11.84000015258789,,,,False,3.0,20%->16%->8%,19.937939610047543,8.473224622086548,0.639332039156971,65.0,,,,,,-5.355715939533848,3.293921776153954,False,36.36363636363635,54.54545454545456,-25.000000000000032,100.0,-11.764705882352954,466.66666666666725,-50.00000000000004,-45.45454545454546,-25.000000000000032,True,37.452756000567135,7.332583378469515,49.22311681120597,34.39048104078892,38.305892837250745,-12.805235017957761,24.91583071560335,2.868621392879356,-4.205456770348704,7.332583378469515,True,False
BLZE,vcp,14.609999656677246,12.967000007629395,13.1899995803833,,,,False,3.0,35%->14%->11%,34.59787553976422,11.24571997027356,0.5674865343262323,27.0,,,,,,-9.719371044919628,1.6906715682202158,False,,,,,,,,,,False,37.78607955216435,17.673150035814643,11.709473319273101,11.768188006866742,14.032342201356297,10.466559768271866,2.393940998887767,1.6145524998654626,2.380296435065299,11.709473319273101,True,False
BOW,vcp,33.20000076293945,30.049999237060547,33.7599983215332,,,,True,3.0,17%->13%->9%,17.278206565235365,9.487956185215497,0.6628332462101412,90.0,,,,,,1.6867395955570728,10.989334327384432,False,33.33333333333333,41.17647058823528,2.220446049250313e-14,25.0,0.0,9.090909090909038,-2.222222222222192,25.0,2.220446049250313e-14,True,35.452740428935186,22.957610139348517,26.873431337396923,27.109084966772535,23.270612618939545,5.24297660796178,2.647714236738352,5.3817080287913655,8.005973150837065,22.957610139348517,True,False
BPOP,vcp,178.26144933737996,158.00999450683594,160.47999572753906,,,,False,2.0,16%->11%,16.154306766705513,11.360535273229969,0.8498701625541942,156.0,,,,,,-9.974929338865344,1.5391334038272673,False,40.77669902912622,47.65625,39.84063745019923,45.370370370370374,15.07936507936507,7.692307692307643,11.783439490445913,1.6181229773462924,39.84063745019923,True,23.452728731817132,,,,,3.1305828553258586,2.6266043927379634,,,,False,False
BRUN,vcp,17.989999771118164,15.800999641418457,16.770000457763672,,,,False,2.0,30%->12%,30.407852564812675,12.167871915229325,0.7499807841764098,13.0,,,,,,-6.781541572408055,5.778180023224841,False,,,,,,,,,,False,48.452722187002315,,,,,269.6782619019352,,,,,False,False
BSTZ,vcp,30.195972882416992,27.700000762939453,29.3700008392334,,,,False,2.0,11%->8%,10.912766821597518,8.26591058747087,0.8234379076126339,46.0,,,,,,-2.7353715225534407,5.6860743226915575,False,,,,,,,,,,False,,,,,,,,,,,False,False
BWB,vcp,22.6200008392334,20.360000610351562,20.770000457763672,,,,False,2.0,12%->10%,12.350601578936791,9.99115890819051,0.6447799020693389,50.0,,,,,,-8.17860438917837,1.9740001847657853,False,18.421052631578938,87.09677419354837,61.5384615384615,40.74074074074075,-22.413793103448263,38.095238095238116,10.526315789473673,0.0,18.421052631578938,True,21.78600903,,,,,,,,,,False,False
BWEN,vcp,4.420000076293945,4.070000171661377,4.230000019073486,,,,False,3.0,25%->21%->8%,24.9122745083014,7.918549741882225,0.31920228449376636,31.0,,,,,,-4.298643754317966,3.7825022858310713,False,,,,-300.0,,-109.375,,,-300.0,False,48.45268406328704,67.37603305785125,-7.549269775775014,81.856564656553,24.60637129256682,-28.640220806295325,-45.469538067408536,41.17633762065147,204.67630853994493,-7.549269775775014,True,False
BWMX,vcp,17.475358920304394,15.152000427246094,16.739999771118164,,,,False,2.0,18%->13%,18.20349711504087,13.295054503051269,0.7540751471253961,53.0,,,,,,-4.207977372824234,9.486256664183923,False,,,,,,,,,,False,23.785996119189814,,,,,,,,,,False,False
CEVA,vcp,29.309999465942383,26.8799991607666,36.20000076293945,,,,True,3.0,22%->12%->8%,21.936051532970822,8.290686965038644,0.4389853197761867,28.0,,,,,,23.507340233844463,25.74586023687162,False,,-55.555555555555515,,-600.0,-362.4999999999998,,,,-600.0,False,41.452651366805554,35.58585905758185,54.47582028123927,6.795874230577281,17.83718104495746,7.434132622853751,5.241841264896019,5.910497009692728,13.225610610376881,6.795874230577281,True,False
CGAU,vcp,23.799999237060547,22.049999237060547,22.559999465942383,,,,False,2.0,10%->7%,9.642109118009868,7.3529414121785335,0.803667445144471,12.0,,,,,,-5.2100832389409435,2.260639365935074,False,,,,,,,,,,False,28.78600634791667,,,,,,,,,,False,False
CIEN,vcp,376.739990234375,346.55999755859375,356.9100036621094,,,,False,2.0,10%->8%,9.968062547305493,8.010828013507638,0.4385180033997837,6.0,,,,,,-5.263573574955269,2.899892409099883,False,422.85714285714295,2383.3333333333335,232.25806451612905,-49.99999999999998,22.818791946308735,44.66019417475729,692.3076923076924,-62.857142857142854,-49.99999999999998,True,72.45265748798612,37.04687198874843,39.51236279596901,33.08731091339787,20.271289693553673,6.391259146172601,10.069570482158197,5.551692919442841,10.874252184502842,20.271289693553673,True,False
CLBK,vcp,12.0,11.15999984741211,11.329999923706055,,,,False,2.0,10%->7%,10.483926627769796,7.000001271565755,0.30889702845789746,48.0,,,,,,-5.583333969116211,1.5004419897501473,False,,,,,16.666666666666675,,,,,False,21.78598401565972,,,,,,,,,,False,False
CLDT,vcp,13.890000343322754,12.529999732971191,13.350000381469727,,,,False,2.0,12%->10%,12.17579625449225,9.791220854831343,0.6514018421736494,42.0,,,,,,-3.8876886141519638,6.142326779531221,False,85.7142857142857,,,-40.0,,-360.0,66.66666666666667,-57.14285714285715,-40.0,False,36.4526722616088,3.91820470959352,0.5026458076342166,2.37108764619538,1.2260774395835172,-13.841953726326894,0.8071323673955577,26.351854828105136,-5.305902210907886,0.5026458076342166,True,False
CLS,vcp,353.9599914550781,328.9200134277344,365.44000244140625,,,,True,2.0,11%->7%,11.3314447592068,7.074239640589896,0.836119995141897,10.0,,,,,,3.243307510302355,9.993429501338568,True,74.17582417582416,147.29729729729732,77.51937984496129,208.0,73.22404371584699,-20.087336244541486,-0.8658008658008698,26.923076923076916,74.17582417582416,True,27.786008412002314,62.39026750535701,52.79770444763272,43.57151274698512,27.78555711142228,16.100815418828752,10.72806369531314,14.43018159048215,10.38916154005669,27.78555711142228,True,False
CNQ,vcp,51.84456626668263,46.9900016784668,47.40999984741211,,,,False,2.0,19%->9%,18.696747057297653,9.363690233696806,0.7706686454973015,79.0,,,,,,-8.55357993827088,0.8858851936238473,False,,,,,,,,,,False,37.452626935462966,,,,,,,,,,False,False
COHR,vcp,332.8599853515625,290.20001220703125,295.8299865722656,,,,False,2.0,15%->13%,15.09210808071679,12.816191498498783,0.7468031432133847,10.0,,,,,,-11.124797334887297,1.9031114561670983,False,,,72.72727272727273,,23.711340206185593,27.631578947368407,-36.1344537815126,,72.72727272727273,False,36.78597568396991,33.744269129273796,20.546519445162126,17.492864187806912,17.30116049208721,13.28569743376451,7.119716141570898,6.5924149697289325,3.3961538763308763,17.30116049208721,True,False
CON,vcp,35.83495432698202,33.31999969482422,35.0099983215332,,,,False,2.0,8%->7%,8.323188023870019,7.018160562476735,0.7649576744928924,41.0,,,,,,-2.302098665792538,4.8271885396507885,False,45.71428571428573,30.000000000000004,124.99999999999983,2.7027027027026973,30.76923076923077,44.44444444444444,-28.947368421052634,8.571428571428585,2.7027027027026973,True,37.78595895884259,10.030229581415618,13.739935137553116,15.920961807668576,16.98438438193115,6.404122516701638,5.653149810788749,-5.886871508379887,3.997022431620323,10.030229581415618,True,False
CPAY,vcp,427.4599914550781,388.19000244140625,398.1099853515625,,,,False,2.0,12%->9%,11.831234755976244,9.186822111701364,0.35848745326017256,69.0,,,,,,-6.866141086937261,2.491769429344035,False,-7.0351758793969825,49.117647058823536,9.037900874635518,0.2564102564102555,-27.02169625246549,35.56149732620322,-4.347826086956519,-1.7587939698492372,-7.0351758793969825,True,36.78593073155093,,,,,12.502473901539691,,,,,False,False
CRML,vcp,8.489999771118164,7.75,7.829999923706055,,,,False,2.0,21%->9%,21.058092712771014,8.716134170410035,0.3560865128390504,4.0,,,,,,-7.7738500024150765,1.0217104021144043,False,,,,,,,,,,False,,,,,,,,,,,False,False
CRSR,vcp,13.630000114440918,12.670000076293945,13.65999984741211,,,,True,2.0,23%->7%,23.11111126303056,7.043287087942556,0.7349922836762416,30.0,,,,,,0.2201007536266037,7.247436179918551,True,,,2199.9999999999723,,-45.45454545454546,-52.17391304347826,,,2199.9999999999723,False,35.785921803483795,-1.8046808616984045,-4.121162947937796,5.616708935431536,13.663424271611667,-11.333043733357407,-18.849046022135497,26.3452133397732,8.013132903483777,-4.121162947937796,True,False
CUE,vcp,35.22999954223633,30.434999465942383,31.40999984741211,,,,False,2.0,39%->14%,38.578313804534545,13.610559575924333,0.21680743243243245,4.0,,,,,,-10.84303078188951,3.1041082018663473,False,,,,,,-114.5748987854251,,,,False,,166.65538253215976,1250.5938242280286,1292.258883248731,-35.58153477218225,38.53323953570171,-74.08622732658827,921.0330386226152,-27.251184834123222,-35.58153477218225,True,False
CURR,vcp,3.200000047683716,2.9010000228881836,3.0,,,,False,4.0,42%->20%->13%->9%,41.73228183854894,9.343750635627647,0.042098009765446254,15.0,,,,,,-6.2500013969838415,3.299999237060547,False,,,,,,,,,,False,37.45260466918982,,,,,-10.69429282230564,-14.075012879534176,2.885994139541892,,,False,False
CVU,vcp,5.349999904632568,4.940000057220459,5.079999923706055,,,,False,2.0,17%->8%,16.55518804009483,7.663548686367083,0.5504088914148589,29.0,,,,,,-5.046728705410266,2.7559029249642277,False,,,-50.0,50.0,-44.44444444444444,124.99999999999996,-55.55555555555555,,-50.0,False,,15.827175088285816,12.722432776679993,-10.815211369165457,-0.776405455461382,1.2764560246175893,-10.577106238370737,0.7483690729334525,26.944890305807156,-10.815211369165457,True,False
DFTX,vcp,40.38999938964844,35.88999938964844,36.16999816894531,,,,False,2.0,16%->11%,16.15261508083942,11.141371795002566,0.4880493446414803,9.0,,,,,,-10.448133905604044,0.7741188650025291,False,,,-430.76923076923117,,,,,,-430.76923076923117,False,37.78586677328704,,,,,,,,,,False,False
DIBS,vcp,4.275000095367432,3.859999895095825,3.9700000286102295,,,,False,2.0,16%->10%,16.07929570941081,9.707606807338273,0.6103880306532052,8.0,,,,,,-7.134504326390845,2.770784199538453,False,,,,,,,,,,False,38.45253258940972,5.339959340411116,-0.6963850077622569,0.8695652173912993,3.690420009438422,4.149544398785054,-2.5252525252525304,4.533042053522673,-0.736390332053305,-0.6963850077622569,True,False
DOCN,vcp,151.8300018310547,136.02000427246094,139.75,,,,False,2.0,16%->10%,16.219586988292647,10.412960131678032,0.8331772374779904,10.0,,,,,,-7.95626798746695,2.6690488211370753,False,-25.64102564102565,-61.53846153846154,9.523809523809534,357.5757575757575,93.33333333333333,-34.78260869565217,-84.76821192052981,287.1794871794872,-61.53846153846154,True,36.452532825381944,28.57064471879287,22.40214899645472,18.282298401854334,15.693960218455905,9.026191814815544,6.400841618878661,5.554926535269167,4.999542752629171,15.693960218455905,True,False
DRH,vcp,12.970000267028809,11.850000381469727,12.489999771118164,,,,False,2.0,13%->9%,13.052938330051953,8.635311198923002,0.767098774088747,38.0,,,,,,-3.7008518583523817,5.124094486601754,False,144.44444444444446,75.00000000000003,,-9.090909090909083,528.5714285714286,-41.666666666666664,19.999999999999996,-44.44444444444444,-9.090909090909083,False,35.785865996944445,4.110297003794328,1.2983955456675078,-1.6187005242769281,0.08943320391823217,23.289252484873835,-5.9635600690624795,-3.801894990609145,-6.651838283396572,-1.6187005242769281,True,False
DSGN,vcp,13.295000076293945,11.831999778747559,12.119999885559082,,,,False,2.0,23%->11%,22.888885982452877,11.004139068453515,0.6267217630853994,16.0,,,,,,-8.837910372260795,2.3762385274827778,False,,,,,,,,,,False,37.45253257717593,,,,,64.99999999999999,-35.483870967741936,-78.16901408450705,,,False,False
EDSA,vcp,4.239999771118164,3.9000000953674316,4.010000228881836,,,,False,3.0,21%->12%->8%,20.98038656534656,8.018860710010568,0.7396991497710922,12.0,,,,,,-5.424517798397737,2.7431453176020684,False,,,25.0,,,-860.0,,,25.0,False,,,,,,,,,,,False,False
EGBN,vcp,29.1299991607666,26.520000457763672,28.540000915527344,,,,False,2.0,14%->9%,14.387457392229871,8.959831027108905,0.5534274967375451,50.0,,,,,,-2.025397398685442,7.077786941011202,False,,700.0,-117.64705882352939,-408.33333333333337,-52.08333333333333,,,,-408.33333333333337,False,22.7858200753125,,,,,,,,,,False,False
EOLS,vcp,8.510000228881836,7.711999893188477,7.96999979019165,,,,False,2.0,18%->9%,18.474760359888602,9.377206982733677,0.4310463875462934,14.0,,,,,,-6.345480895023882,3.237138065181427,False,,,,,,-1699.9999999999986,,,,False,36.7857914677662,21.18120108954127,6.735063191383794,14.38053377582429,12.903331423426367,14.967800155871846,-19.00664451827242,30.932184958023413,-0.6053007047429615,6.735063191383794,True,False
EXEL,vcp,59.720001220703125,54.54999923706055,58.15999984741211,,,,False,2.0,12%->9%,12.256364264666706,8.657069454061388,0.6340373032972816,36.0,,,,,,-2.6121924671867056,6.207016196393943,False,26.15384615384615,43.636363636363626,89.36170212765953,72.49999999999999,3.797468354430378,-11.235955056179737,28.985507246376784,6.153846153846132,26.15384615384615,True,28.785769194282405,10.63402204268813,9.96764767835636,5.62994592019479,10.789336140652628,2.926923505104684,2.0293554136467495,0.15190169885654914,5.190220690844516,5.62994592019479,True,False
FIX,vcp,1695.5699462890625,1545.2099609375,1658.9100341796875,,,,False,2.0,20%->9%,20.065295986655666,8.867813780295029,0.8340248504778089,28.0,,,,,,-2.1620996638687284,6.853902315348337,False,91.88361408882082,121.26315789473682,129.1666666666666,101.71149144254281,19.219790675547088,12.406417112299483,13.333333333333307,26.339969372128635,91.88361408882082,True,23.78572807616898,-4.337759647837336,-2.865961444390097,1.0158179590843641,14.326574422345306,-4.177629367017621,-2.1198741350989203,-3.9502708926275276,6.18984161535483,-4.337759647837336,True,False
FMAO,vcp,35.709999084472656,32.65999984741211,34.93000030517578,,,,False,2.0,13%->9%,12.548688074188115,8.541023005477312,0.654179780455976,41.0,,,,,,-2.1842587490741,6.498712962871956,False,53.571428571428555,37.254901960784295,18.032786885245965,33.33333333333335,22.857142857142865,-2.7777777777778123,12.500000000000021,14.28571428571428,18.032786885245965,True,27.785728647199075,,,,,,,,,,False,False
FMX,vcp,125.0,115.5,119.62000274658203,,,,False,2.0,18%->8%,18.4703503621576,7.6,0.566756384384732,42.0,,,,,,-4.303997802734375,3.444242310636257,False,,,,,,,,,,False,29.452387972511573,,,,,,,,,,False,False
FNRN,vcp,18.0,16.530000686645508,17.170000076293945,,,,False,2.0,17%->8%,17.246751661424515,8.166662851969402,0.7842652302556711,41.0,,,,,,-4.611110687255859,3.7274279953677087,False,-12.121212121212132,63.636363636363626,-8.108108108108091,11.764705882352944,-19.444444444444443,5.882352941176472,-10.526315789473696,15.151515151515138,-12.121212121212132,True,29.785739385578704,,,,,,,,,,False,False
FROG,vcp,96.80999755859375,86.7699966430664,89.18000030517578,,,,False,3.0,17%->14%->10%,16.79273995603143,10.37083066699871,0.7834594339332095,19.0,,,,,,-7.881414570638691,2.7024037383519772,False,,,,,,,,,,False,37.78572710327546,28.731331551642825,25.79100868414388,25.17962059994141,25.538255575117375,6.361339680601641,5.967406714106782,6.1348214481363295,7.614368809935534,25.17962059994141,True,False
FRST,vcp,16.8799991607666,15.40999984741211,15.6899995803833,,,,False,2.0,18%->9%,17.650563466325877,8.708527170849294,0.6011338124443442,63.0,,,,,,-7.049760897791758,1.7845745089838372,False,280.0,-67.3913043478261,,460.00000000000006,26.666666666666682,-74.78991596638656,325.0,180.00000000000003,-67.3913043478261,False,23.785706621782406,,,,,,,,,,False,False
FSTR,vcp,39.13999938964844,36.290000915527344,37.470001220703125,,,,False,2.0,15%->7%,15.450746711020201,7.281549613091838,0.41318219352901436,36.0,,,,,,-4.266730186477687,3.149186727338032,False,7.407407407407396,,,-87.76758409785933,107.14285714285711,-36.36363636363633,-45.00000000000003,48.14814814814814,-87.76758409785933,False,34.45237817901621,-3.488485490185156,23.87925392670156,25.11253442344148,0.5965111372994159,14.368024829954429,-24.461100060483997,15.971971132291053,-3.6723832875910745,-3.488485490185156,True,False
GAIN,vcp,16.851238686716762,15.510000228881836,15.8100004196167,,,,False,2.0,14%->8%,13.755745879178743,7.95928704571835,0.675174863091688,92.0,,,,,,-6.179001356860693,1.897534362887364,False,26.66666666666666,-89.28571428571429,,36.00000000000001,533.3333333333333,-85.0,-41.17647058823529,126.66666666666674,-89.28571428571429,False,35.78569059108796,,,,,,,,,,False,False
GEV,vcp,983.3400268554688,868.25,957.6300048828125,,,,False,2.0,21%->12%,20.52089074493127,11.703990858940665,0.8266431702338861,28.0,,,,,,-2.614560708453202,9.333459104985975,False,32.79569892473118,1816.4835164835165,658.8571428571431,,-85.83715596330275,31.32530120481927,709.7560975609758,-11.827956989247323,32.79569892473118,False,29.452366848171298,21.8746570080123,16.272410358565747,3.7696533434362633,11.847862672500842,18.89923974729628,-14.759036144578308,9.900692145651524,9.417188014487987,3.7696533434362633,True,False
GPRE,vcp,16.030000686645508,14.329999923706055,14.920000076293945,,,,False,2.0,19%->11%,18.998791514024134,10.60511971378587,0.7141501224555705,24.0,,,,,,-6.924520042449512,3.9544245949792503,False,,,,-75.36231884057972,97.61904761904762,61.53846153846152,52.941176470588225,,-75.36231884057972,False,36.45232622825231,-30.69845442596202,19.115103498298282,2.3666917238536422,14.537027553006254,7.428919387324928,1.1441430771052863,-5.62051465492186,-32.422305821208965,-30.69845442596202,True,False
GSIT,vcp,5.869999885559082,5.389999866485596,5.610000133514404,,,,False,2.0,19%->8%,18.664385686785927,8.177172545681731,0.5865440824786098,12.0,,,,,,-4.429297395461777,3.9215732939918606,False,,,,,,,,,,False,30.785659982071756,0.46156294763648464,7.4111847696753275,12.22755818248984,41.62637362637363,-0.11077702168064141,3.999341672152723,-5.710738671632532,2.562470157568031,0.46156294763648464,True,False
GTBP,vcp,7.275000095367432,6.590000152587891,6.889999866485596,,,,False,3.0,47%->19%->9%,47.161935178802,9.415806650170833,0.1524270940091307,9.0,,,,,,-5.292099296699612,4.354132361554411,False,,,,,,-102.03703703703704,,,,False,,,,,,,,,,,False,False
HCSG,vcp,23.649999618530273,20.809999465942383,21.049999237060547,,,,False,3.0,17%->14%->12%,16.920671738519573,12.008457498505372,0.6072523686477175,48.0,,,,,,-10.993659295590733,1.1401414718135543,False,,60.86956521739128,186.66666666666666,210.52631578947367,-13.513513513513509,-13.953488372093037,-27.118644067796595,,60.86956521739128,False,22.452282087233797,2.686421325609434,3.3739741143988145,6.594154568627619,8.45243127976476,1.7378113344541202,-0.8391152862120221,0.5048046896872549,1.2752703978922142,2.686421325609434,True,False
HELP,vcp,14.239999771118164,12.279999732971191,12.609999656677246,,,,False,2.0,17%->14%,16.501650580520142,13.76404543293801,0.4471999218673699,5.0,,,,,,-11.446630201124828,2.6169701244306784,False,,,,,,,,,,False,44.45228273152778,,,,,,,,,,False,False
HLF,vcp,13.170000076293945,11.510000228881836,12.550000190734863,,,,False,2.0,20%->13%,19.923078096829926,12.604402716748012,0.7472371267680437,21.0,,,,,,-4.707668048347884,8.286852159737938,False,-152.08333333333334,16.326530612244895,-53.714285714285694,-8.695652173913048,-143.859649122807,-29.62962962962966,92.85714285714293,-12.5,-152.08333333333334,True,36.78559238049769,5.376856484790715,7.816976344438076,6.261388106675492,2.6928968797871544,0.728818706346801,2.6656274356975818,0.7301562377325821,1.1595584147406912,2.6928968797871544,True,False
HPE,vcp,61.99319960164336,54.8811870199367,62.939998626708984,,,,True,2.0,18%->11%,18.078335798204662,11.472246355095592,0.8340144012528748,20.0,,,,,,1.5272627177651343,12.803958980946783,False,404.7619047619048,,-29.54545454545454,-87.25490196078431,140.9090909090909,41.93548387096775,138.46153846153854,-38.095238095238116,-87.25490196078431,False,65.78559808381944,32.95819935691318,39.10428662827896,18.10945273631841,14.328703703703694,14.110937356268982,14.479780960404387,-3.867179591010328,5.873526259378359,14.328703703703694,True,False
HSBC,vcp,107.43000030517578,99.33000183105469,100.94999694824219,,,,False,2.0,10%->8%,9.925738792982814,7.539791912046426,0.6182050126617628,80.0,,,,,,-6.031837790678475,1.604750040773239,False,,,,,,,,,,False,28.45228770030093,,,,,,,,,,False,False
HUM,vcp,419.9700012207031,369.1300048828125,397.92999267578125,,,,False,2.0,18%->12%,17.531710871424565,12.105625685195816,0.5677045515238325,50.0,,,,,,-5.247995923722986,7.237450889115042,False,-4.563106796116512,,-59.29648241206029,-19.75088967971531,,-506.7901234567901,-64.07982261640798,-56.21359223300971,-59.29648241206029,False,38.45225502809028,25.712143928035978,28.55917667238421,45.058930190389844,27.27272727272727,11.874583055370236,-6.312499999999998,14.28571428571428,4.94752623688155,25.712143928035978,True,False
INCY,vcp,130.8000030517578,119.97000122070312,123.88999938964844,,,,False,2.0,13%->8%,12.692314242663528,8.279817720469957,0.4910910729527779,42.0,,,,,,-5.282877294257458,3.164095720604908,False,83.74999999999999,62.22222222222222,290.7407407407407,,0.6849315068493178,-30.805687203791464,3.4313725490195957,154.99999999999997,62.22222222222222,False,28.45224733162037,20.8736268850354,27.83893753955635,20.04700005536655,16.456864084525268,-15.539790355281102,10.311644387179907,12.377409341940826,15.44603560838751,16.456864084525268,True,False
INGM,vcp,28.0049991607666,25.989999771118164,26.979999542236328,,,,False,2.0,13%->7%,13.228582865390035,7.195141760515873,0.4845666926377916,13.0,,,,,,-3.6600594509791633,3.669383943347927,False,200.0,44.827586206896555,44.44444444444442,19.999999999999996,14.28571428571428,-19.23076923076922,23.809523809523792,162.5,19.999999999999996,True,42.78558118820602,13.57760648856381,13.697251890607177,11.488024806907937,7.150842481799136,4.068529492377015,-6.148312216618834,18.041877202468637,-1.4866472887666626,7.150842481799136,True,False
IPAR,vcp,118.20002381519946,108.19999694824219,117.93000030517578,,,,False,2.0,15%->8%,14.873537791664331,8.460257912123497,0.6797629127857747,42.0,,,,,,-0.22844623994818022,8.250659994704128,False,-4.040404040404044,2.2727272727272707,12.820512820512885,6.217616580310881,-29.62962962962964,53.409090909090786,-57.07317073170728,107.07070707070704,-4.040404040404044,True,36.785552081921296,2.126455368693403,1.790336433316897,6.824544126759324,1.165723490388082,-1.1157342302506645,-10.692043762542891,-10.10384585838693,28.64111686071582,1.165723490388082,True,False
IQV,vcp,271.79998779296875,252.52999877929688,270.3699951171875,,,,False,3.0,15%->10%->7%,14.925525775255025,7.0897681674474216,0.7302144848631205,75.0,,,,,,-0.5261194775588002,6.598363967924091,False,15.000000000000014,23.23651452282156,24.51612903225806,-21.82741116751269,-45.791245791245785,53.88601036269429,25.324675324675326,10.000000000000009,-21.82741116751269,True,35.45221709121528,8.40950639853748,10.257705912076798,5.236139630390135,5.322496067121141,-4.880843263061408,6.439024390243908,2.066218571072942,4.909898145729952,5.236139630390135,True,False
IRDM,vcp,50.80444194362045,45.81071216488614,48.75,,,,False,2.0,23%->10%,22.682756869318368,9.829317255912459,0.4380509307468205,59.0,,,,,,-4.043823463114393,6.029308379720737,False,-55.00000000000001,-25.92592592592593,-19.999999999999986,66.66666666666666,-55.00000000000001,-16.666666666666664,-31.428571428571427,74.99999999999997,-55.00000000000001,True,23.45222255184028,3.840834278443195,1.944824505067988,-0.023944673718612197,6.656922230943119,2.821183527575011,2.8726401803324864,-6.166964108665473,4.62366186274239,-0.023944673718612197,True,False
JNJ,vcp,281.07000732421875,260.67999267578125,271.2200012207031,,,,False,2.0,9%->7%,8.897774329519706,7.254425629596718,0.7366176935866429,42.0,,,,,,-3.5044671600813975,3.8861472227282476,False,-0.8733624454148492,-52.863436123348016,47.51773049645389,90.990990990991,6.074766355140171,2.8846153846153966,-1.8867924528301883,-7.423580786026196,-52.863436123348016,True,14.452192732962963,6.5998399528282015,9.907276298360213,9.07637655417406,6.7731743135597045,5.186601280026593,-2.0436411007979105,2.379860792731203,1.0529419197237155,6.5998399528282015,True,False
JWEL,vcp,2.4200000762939453,2.191999912261963,2.609999895095825,,,,True,4.0,22%->16%->13%->9%,21.75438267739221,9.421494084460862,0.37019969278033793,19.0,,,,,,7.851231934374598,16.015325656498373,False,,,,,,,,,,False,,,,,,,,,,,False,False
KB,vcp,133.2899932861328,123.01000213623047,127.26000213623047,,,,False,2.0,10%->8%,10.313549527434127,7.712500313383878,0.6641262615812585,34.0,,,,,,-4.523963878486961,3.3396196201933273,False,,,,,,,,,,False,30.452185332662037,,,,,,,,,,False,False
KDP,vcp,33.16999816894531,30.559999465942383,31.950000762939453,,,,False,2.0,14%->8%,13.518405626874255,7.868552448237649,0.7534143170666927,35.0,,,,,,-3.678014692047995,4.35055168640061,False,-90.0,-47.36842105263158,,8.888888888888879,-80.0,-23.076923076923073,-46.93877551020408,22.499999999999986,-90.0,False,27.45218381689815,75.57050204179679,9.381017881705645,10.540540540540544,10.665638653302501,83.82796780684106,-11.624805512336078,4.482117974918709,3.435022820081679,9.381017881705645,True,False
KEX,vcp,143.57000732421875,127.66000366210938,128.8800048828125,,,,False,3.0,18%->15%->11%,18.460270251545037,11.081704290911132,0.7287921337893885,102.0,,,,,,-10.231943784910708,0.9466179193680532,False,0.0,12.781954887218049,127.02702702702693,6.451612903225801,11.333333333333329,-10.714285714285698,1.8181818181818077,-1.19760479041916,0.0,True,30.452184063194448,7.825543132017465,7.43834157057961,6.164661012195949,4.81405861042965,9.276163104090873,-0.9011769540078096,-2.2253062292733494,1.835982021263538,4.81405861042965,True,False
KEYS,vcp,339.17999267578125,311.43499755859375,362.1499938964844,,,,True,2.0,16%->8%,16.254472672896224,8.180021144026812,0.45685005797209854,28.0,,,,,,6.772215849022651,14.003865026265006,False,109.09090909090904,35.570469798657726,68.04123711340206,,13.861386138613852,23.926380368098176,20.740740740740726,22.72727272727273,35.570469798657726,False,56.78550732304398,41.34762633996938,32.28043143297381,31.470829909613805,,7.513104251601632,7.312500000000011,18.343195266272193,3.522205206738138,31.470829909613805,False,False
KFRC,vcp,53.41999816894531,49.65999984741211,51.560001373291016,,,,False,2.0,17%->7%,17.33555565998106,7.038559435441924,0.7350171020671195,26.0,,,,,,-3.4818361276836773,3.685030014105353,False,23.728813559322038,2.2222222222222143,-51.66666666666666,-16.000000000000004,58.69565217391304,58.6206896551724,-53.96825396825397,6.779661016949157,-51.66666666666666,True,34.78551798063658,4.49125976620921,0.10180954343268489,-3.4219359943219785,-5.8513694423453,5.741242992577877,-0.49816576209723573,-0.18848923026049125,-0.4998265114442568,-5.8513694423453,True,False
KLIC,vcp,86.3169900030361,78.10819124465867,91.18000030517578,,,,True,2.0,27%->10%,26.878808402826003,9.510061412114453,0.7954908220271348,28.0,,,,,,5.6338969905792995,14.336267840278893,False,,,-78.80794701986756,-31.428571428571452,62.12121212121213,106.25,122.2222222222221,,-78.80794701986756,False,50.78550793835649,122.6280716648811,49.778993246329925,20.166261346945657,-2.074244839206041,36.18318282424027,21.5383844708829,12.42805167888803,19.63776758100706,-2.074244839206041,True,False
KNSA,vcp,81.56600189208984,74.47000122070312,75.08000183105469,,,,False,2.0,14%->9%,13.89558860215956,8.699703929064198,0.48823097123521175,41.0,,,,,,-7.951842569917797,0.8124674953047927,False,145.45454545454547,,,,50.000000000000064,-21.739130434782638,0.0,109.09090909090908,145.45454545454547,False,28.452141319548613,55.50749355880538,64.95315662335967,61.16972926729285,44.339092892452435,6.005630123635131,11.76190871139864,15.34340580495801,13.798308959610983,44.339092892452435,True,False
KOP,vcp,47.72708411901884,44.07419821889442,46.27000045776367,,,,False,2.0,17%->8%,16.79245794743866,7.653695941313064,0.6567218627077782,35.0,,,,,,-3.0529492596312484,4.745628305912008,False,-1051.8518518518517,,,7.339449541284382,-2302.8571428571427,-75.69444444444446,23.07692307692313,44.44444444444442,-1051.8518518518517,False,38.45214194896991,3.030903328050716,-0.2628696604600189,-9.287211740041935,-12.448132780082988,14.232374258730518,5.223018257453194,-10.838656501133315,-3.8629160063391454,-12.448132780082988,True,False
KOS,vcp,2.8499999046325684,2.609999895095825,2.6500000953674316,,,,False,2.0,20%->8%,20.00000302753742,8.42105324798896,0.8420448602771057,9.0,,,,,,-7.017537402020417,1.5094414653619204,False,,,,-388.8888888888889,,,,,-388.8888888888889,False,41.45213579986111,,,,,6.051987847242768,55.059080127193006,-31.6996955424811,,,False,False
KRYS,vcp,373.30999755859375,331.7950134277344,345.82000732421875,,,,False,2.0,20%->11%,19.506778045075375,11.120780156535533,0.4149592373722124,41.0,,,,,,-7.363850530164343,4.055576195548292,False,38.759689922480625,52.500000000000014,10.457516339869244,192.30769230769232,-2.1857923497267784,8.284023668639096,-36.46616541353386,106.20155038759691,10.457516339869244,True,34.45214000450232,24.135274150892315,31.949468718460473,17.51700680272108,16.64937202561991,2.4622498001839244,8.638252182437789,9.51431492842536,1.8304491784844057,16.64937202561991,True,False
LAR,vcp,6.110000133514404,5.519999980926514,5.519999980926514,,,,False,2.0,23%->10%,22.90185043334865,9.656303432002202,0.5253070873100035,15.0,,,,,,-9.656303432002202,0.0,False,,,,,,,,,,False,41.452138976481486,,,,,,,,,,False,False
LASR,vcp,42.435001373291016,37.33000183105469,40.33000183105469,,,,False,2.0,29%->12%,28.532108691854212,12.030162311835019,0.737017290107057,27.0,,,,,,-4.960526626873716,7.438630954115048,False,,,,,-300.0,,,,,False,37.78547236069445,33.78310520774277,55.18502748316172,71.34505392456892,18.908229257603026,3.005699604644496,-1.236681653014715,21.640046747175703,8.110472179476801,18.908229257603026,True,False
LB,vcp,88.41999816894531,81.23999786376953,81.37999725341797,,,,False,3.0,16%->11%->8%,15.909092911334705,8.120335279194256,0.5412870571221982,32.0,,,,,,-7.962000747925731,0.17203169620721204,False,66.66666666666667,14.999999999999991,,,73.91304347826086,-4.1666666666666625,-7.692307692307699,8.333333333333348,14.999999999999991,False,41.78547376385417,40.6180969011003,16.049691702122825,55.55616438356164,78.43577772317197,31.04597588471718,-10.167670576631792,11.699553422124298,6.938337575999842,16.049691702122825,True,False
LEA,vcp,134.92999267578125,117.66999816894531,122.70999908447266,,,,False,2.0,21%->13%,20.806667262976354,12.791814602932202,0.5798730494578154,41.0,,,,,,-9.056543581582789,4.107245500065438,False,23.8562091503268,124.16107382550337,-3.658536585365879,-16.182572614107894,13.473053892215582,111.39240506329111,-21.78217821782178,-33.98692810457516,-16.182572614107894,True,23.452134659699073,2.968293977182279,4.72096829307771,4.794736289504087,1.7083303488288903,6.63941746238923,-2.7685936612897866,5.436811155322374,-5.813876359777126,1.7083303488288903,True,False
LOMA,vcp,10.5600004196167,9.25,9.350000381469727,,,,False,2.0,27%->12%,26.758282106425273,12.405306511003424,0.7574893009985735,46.0,,,,,,-11.45833323926035,1.0695227528323106,False,,,,,,,,,,False,37.78543145888889,,,,,,,,,,False,False
LPTH,vcp,10.380000114440918,9.550000190734863,9.979999542236328,,,,False,3.0,36%->21%->8%,36.22775860134466,7.99614561228509,0.45458180965950307,20.0,,,,,,-3.8535700172883325,4.3086109341154355,False,,,,,,,,,,False,44.78543416685186,,,,,17.112411638897406,78.36297222825492,23.472567516369747,,,False,False
MATX,vcp,240.8699951171875,220.7899932861328,224.66000366210938,,,,False,2.0,11%->8%,11.41075213947984,8.336447975301121,0.7667408436743857,37.0,,,,,,-6.729767834798883,1.722607635045307,False,46.23287671232876,-15.13761467889908,21.138211382113848,-28.01358234295416,130.81081081081075,-58.61297539149888,5.4245283018868,45.205479452054796,-28.01358234295416,True,36.78543014619213,16.72486453943407,-3.0946291560102313,-4.3131528698191595,-8.513513513513516,27.922934811295864,-11.045897405798799,-3.2041813430292,5.972305839855507,-8.513513513513516,True,False
MCB,vcp,95.94999694824219,87.30000305175781,89.5999984741211,,,,False,2.0,15%->9%,15.241615350115218,9.01510596310951,0.7035052903252341,59.0,,,,,,-6.618028844280674,2.5669592204597884,False,-12.5,101.37931034482759,44.973544973544996,-37.96296296296296,-47.26027397260274,6.5693430656934115,308.955223880597,-61.93181818181819,-37.96296296296296,True,23.78542151196759,10.698556917310054,12.429803408672901,12.450451464546152,6.167898193760268,4.349975643626269,-1.6566803472093161,3.995241104955949,3.7268709555505763,6.167898193760268,True,False
MEDP,vcp,629.6900024414062,577.6400146484375,618.8800048828125,,,,False,2.0,17%->8%,16.883022287239953,8.265970174397376,0.40329503043018006,45.0,,,,,,-1.7167173556324071,6.663648834830909,False,37.09677419354838,16.621253405994562,26.702997275204375,28.239202657807304,-0.7009345794392607,-7.95698924731183,20.46632124352332,24.51612903225806,16.621253405994562,True,22.785429080300926,17.241522199993042,26.502318420251726,32.02842398931025,23.735601902808277,0.10288648238616638,-0.26056884748394404,7.356687270704931,9.380236726994863,17.241522199993042,True,False
MFC,vcp,44.517941593801226,41.33454669996313,43.86000061035156,,,,False,2.0,9%->7%,8.51273738851591,7.150813312269949,0.6905932922803283,93.0,,,,,,-1.4779231920760598,5.757988771647198,False,,,,,,,,,,False,36.78539447256944,,,,,,,,,,False,False
MGA,vcp,69.2300033569336,61.720001220703125,65.0,,,,False,2.0,14%->11%,14.01256755692245,10.847900869671587,0.7922113048756624,24.0,,,,,,-6.110072442326332,5.046151968149038,False,,,,,,,,,,False,31.452037251435186,,,,,,,,,,False,False
MLI,vcp,64.48027897345447,57.81999969482422,60.52000045776367,,,,False,3.0,23%->16%->10%,23.185332562774917,10.329172554250562,0.6570228924631354,70.0,,,,,,-6.1418445744026435,4.461336322731454,False,1.8018018018017834,55.395683453237424,104.95867768595045,27.027027027027017,-47.6851851851852,-12.903225806451623,31.914893617021313,69.36936936936935,1.8018018018017834,True,21.45203392383102,25.457465604965158,19.280818664920286,4.206549609327626,8.01668819669863,19.691283775005132,23.96338263792557,-10.710375719969123,-5.3022695143884135,4.206549609327626,True,False
MPTI,vcp,81.25,72.48999786376953,74.05000305175781,,,,False,2.0,20%->11%,20.38576607503126,10.781541090745192,0.8279432155827006,29.0,,,,,,-8.861534705528847,2.1066915917584823,False,-18.867924528301895,19.64285714285714,32.35294117647063,-22.222222222222232,-35.820895522388064,-25.555555555555543,42.85714285714284,18.867924528301884,-22.222222222222232,True,43.78538062512731,13.755458515283836,15.34715677034244,11.15189379148771,7.234751021643704,2.880294157701213,3.1827443265650235,0.4446012702893354,6.685740099382631,7.234751021643704,True,False
MRVL,vcp,241.8800048828125,213.6300048828125,261.94000244140625,,,,True,2.0,21%->12%,21.201889117151417,11.679344894046423,0.5624418816799285,20.0,,,,,,8.293367435771525,18.44315381702735,False,50.0,-80.0,95.65217391304337,,725.0,-91.11111111111111,-79.54545454545456,900.0,-80.0,False,63.785343315034716,36.54852699267235,27.568195008705754,22.080994827775946,36.83134357891959,13.297212341798325,8.973723351512142,6.951072547601833,3.409600717810668,22.080994827775946,True,False
NBN,vcp,137.02000427246094,126.8499984741211,130.24000549316406,,,,False,3.0,14%->10%->7%,13.707140415500405,7.422278120877179,0.7289014615747289,43.0,,,,,,-4.948181701859396,2.6028922574184787,False,,,,,,,,,,False,28.452016877592595,,,,,,,,,,False,False
NEM,vcp,130.7100067138672,119.9000015258789,121.43000030517578,,,,False,2.0,10%->8%,10.155955847293727,8.270220054117274,0.7373382486491,22.0,,,,,,-7.099690866825484,1.2599841682053103,False,11.351351351351347,78.57142857142858,-3.252032520325243,108.74999999999999,-31.333333333333336,152.10084033613458,-28.742514970059908,-9.72972972972974,-3.252032520325243,True,23.78533726008102,15.064886214030459,45.84830339321358,20.629865534324132,19.95656894679696,-16.27206788011496,7.172191258433558,23.425054308472127,3.8931728418281075,15.064886214030459,True,False
NEOG,vcp,12.260000228881836,11.369999885559082,13.760000228881836,,,,True,2.0,13%->7%,13.229577528969806,7.259382762702654,0.44049396646363304,38.0,,,,,,12.234910048911201,17.369188252673233,False,,,,,,,-141.1764705882353,,,False,7.78533414099537,-0.05278589773730635,-4.434389140271488,-2.8396855460135484,-3.583543813720247,6.685606060606064,-6.004245830941157,7.410523497889465,-7.20815830446373,-4.434389140271488,True,False
NERV,vcp,3.8610000610351562,3.3299999237060547,3.4000000953674316,,,,False,2.0,29%->14%,28.54166811539061,13.752917092333258,0.6185836757938157,14.0,,,,,,-11.939910861957559,2.0588285205272077,False,,,,-112.12121212121211,,,,,-112.12121212121211,False,,,,,,,,,,,False,False
NEWP,vcp,6.940000057220459,6.349999904632568,6.619999885559082,,,,False,2.0,15%->9%,15.156253946479351,8.501443050768383,0.7448492000541681,12.0,,,,,,-4.610953444134989,4.07854963132996,False,,,,,,,,,,False,45.785300118229166,,,,,,,,,,False,False
NEXA,vcp,13.354999542236328,12.399999618530273,12.4399995803833,,,,False,2.0,19%->7%,19.194857540218376,7.150879494123423,0.6155733139086468,12.0,,,,,,-6.851366478592992,0.3215431125584883,False,,,,,,,,,,False,30.785300820289354,,,,,,,,,,False,False
NML,vcp,10.908898639429745,10.130000114440918,10.140000343322754,,,,False,2.0,9%->7%,9.40639223623774,7.140028986735032,0.8441758792309895,45.0,,,,,,-7.048358606320179,0.09862158326672192,False,,,,,,,,,,False,,,,,,,,,,,False,False
NUE,vcp,268.4700012207031,241.2100067138672,247.25,,,,False,3.0,21%->15%->10%,20.58432061490983,10.153832600621218,0.5518773063603638,71.0,,,,,,-7.9040492882698805,2.4428688720456266,False,93.84615384615384,382.08955223880594,27.55905511811012,150.47619047619048,56.03715170278638,99.38271604938281,-38.40304182509509,1.1538461538461497,27.55905511811012,True,27.785261140520834,22.95411542100283,21.27713920817369,8.634821933295655,14.468027941966689,9.488205560235885,23.53323793417459,-9.787583616946371,0.7686849574266796,8.634821933295655,True,False
NWE,vcp,73.43835485182716,67.3499984741211,68.83999633789062,,,,False,2.0,11%->8%,11.163878020708095,8.290431328411742,0.7052403860954156,97.0,,,,,,-6.261521684703323,2.164436291449093,False,14.285714285714302,-17.599999999999994,-45.03816793893128,-18.42105263157895,-61.165048543689316,43.055555555555515,16.129032258064548,77.14285714285715,-45.03816793893128,True,29.785262818333333,3.280168522419502,-0.907441016333943,-14.53396524486572,25.447445493003574,4.761904761904767,-24.30683918669131,12.269779507133594,16.009629852542883,-14.53396524486572,True,False
NXG,vcp,62.09023689079536,53.55009841918945,53.7599983215332,,,,False,2.0,17%->14%,17.12185930577694,13.754398274605311,0.5040204090071921,61.0,,,,,,-13.416342063428466,0.39043881863306534,False,,,,,,,,,,False,,,,,,,,,,,False,False
OABI,vcp,4.994999885559082,4.585000038146973,4.610000133514404,,,,False,2.0,28%->8%,28.36095344602673,8.208205341454553,0.4805807180984273,16.0,,,,,,-7.707702920229104,0.5423014022425413,False,,,,,,,,,,False,36.78526105931713,244.23915832691816,247.30380356283098,-22.473158089596446,-46.332694151486095,-7.014625355236714,72.24212034383955,274.09557838320677,-42.54554785732615,-46.332694151486095,True,False
OCC,vcp,15.199999809265137,13.649999618530273,14.529999732971191,,,,False,2.0,23%->10%,23.13527128960401,10.197369803847387,0.34425299581649293,11.0,,,,,,-4.407895294087752,6.0564358610691436,False,,,,,-280.0,-44.44444444444444,800.0,,,False,,21.99187032893992,26.57529897295392,4.372449637820708,1.762145465117393,9.378811564747181,35.19388252234883,-17.136447460172967,-0.44178519780092573,1.762145465117393,True,False
ODC,vcp,95.06999969482422,84.33999633789062,88.5999984741211,,,,False,2.0,17%->11%,16.95541288758438,11.286424099481462,0.6411250171423801,42.0,,,,,,-6.805513034050597,4.808128904736674,False,-17.567567567567565,110.00000000000001,283.33333333333337,37.83783783783781,-3.1746031746031744,36.95652173913042,-9.80392156862745,-31.081081081081074,-17.567567567567565,True,9.785260990208334,9.374810607700358,0.7039362266281213,-5.829848763140411,10.122952982357392,7.2976209687693805,-2.281592882160588,-3.7743986199405777,8.407719413684722,-5.829848763140411,True,False
OOMA,vcp,23.809999465942383,21.399999618530273,21.770000457763672,,,,False,2.0,18%->10%,17.831233222851797,10.121797150224015,0.6956379345636319,20.0,,,,,,-8.56782467003709,1.699590406308181,False,150.0,,,,11.111111111111116,-40.000000000000014,200.00000000000006,25.0,150.0,False,69.78525449902777,25.4113676089446,24.78894031893464,14.573636265880152,3.8355827844058554,2.5619539365857813,8.802155958382496,10.290573012939008,1.9001265746489082,3.8355827844058554,True,False
OPRT,vcp,7.730000019073486,7.079999923706055,8.550000190734863,,,,True,2.0,14%->8%,13.734943579824435,8.408798108196388,0.36575433319674383,35.0,,,,,,10.608022893118463,17.192985195740253,False,21.42857142857142,-76.19047619047619,-73.07692307692307,,240.0,-28.57142857142857,-36.36363636363635,-21.42857142857143,-76.19047619047619,False,35.785248143009255,6.650144568360172,-9.754163362410784,6.504809894640395,-22.329026158209896,13.444639718804918,-2.107526881720434,-5.660377358490565,1.7967781908302394,-22.329026158209896,True,False
OPTT,vcp,2.2899999618530273,2.0,2.009999990463257,,,,False,3.0,46%->16%->13%,45.82043375646849,12.663754003662275,0.3136689086569755,9.0,,,,,,-12.227073190132261,0.4975119657066306,False,,,,,-211.30434782608694,,,,,False,76.78521906513889,-38.01652892561983,22.672064777327925,162.5,25.581395348837212,-0.990099009900991,-57.56302521008403,-5.555555555555558,56.19834710743801,-38.01652892561983,True,False
P,vcp,103.5,92.2699966430664,126.0,,,,True,2.0,20%->11%,20.45696621958549,10.850244789307819,0.5512092357964917,20.0,,,,,,21.73913043478261,26.769843934074284,False,49.99999999999998,,123.07692307692308,-15.789473684210531,199.99999999999994,-75.86206896551724,81.25000000000003,14.28571428571428,-15.789473684210531,False,63.78518787583333,37.73463940850312,35.24936254391542,20.351494927498347,16.049271302606762,12.632016837370452,-0.5672851998719475,9.793115890561799,12.015186956592427,16.049271302606762,True,False
PACS,vcp,45.849998474121094,40.61000061035156,41.29999923706055,,,,False,3.0,18%->16%->11%,18.479164441426597,11.428567149739644,0.7010114014510938,43.0,,,,,,-9.923662788404851,1.6706988848799158,False,51.61290322580645,194.1176470588235,90.90909090909089,219.99999999999997,-6.000000000000005,19.04761904761907,31.24999999999998,3.2258064516129004,51.61290322580645,True,41.78519621248843,9.062397574722226,11.196216087111432,12.420872908954061,31.244117796375193,0.5308603980819226,4.5843132258047925,0.997915646930525,2.7062047657502752,9.062397574722226,True,False
PANL,vcp,8.65999984741211,7.949999809265137,8.010000228881836,,,,False,3.0,19%->15%->8%,19.158297599384255,8.198614903661273,0.5879364913290261,71.0,,,,,,-7.505769399343749,0.7490688876681223,False,,,-5.263157894736848,72.72727272727273,-23.809523809523803,16.666666666666675,-5.263157894736848,,-5.263157894736848,False,37.785185557395835,19.420635781707716,38.90653246689793,24.940001098150134,10.158875027476078,9.695743932465707,-7.233062784671807,9.017816535205903,7.646249577187936,10.158875027476078,True,False
PEB,vcp,18.790000915527344,17.40999984741211,18.420000076293945,,,,False,2.0,11%->7%,11.15070618517054,7.344337418178909,0.8028305473816463,38.0,,,,,,-1.9691368877350284,5.483171686745428,False,183.33333333333334,,,-254.16666666666669,,,,-716.6666666666667,-254.16666666666669,False,30.785186119930554,-0.09692371490196416,7.927785028694889,3.382109004739342,-1.435493041307201,17.78820561483092,-0.9632741004761969,-12.466047857785977,-2.1627484130275265,-1.435493041307201,True,False
PEO,vcp,29.75,27.40999984741211,27.700000762939453,,,,False,2.0,13%->8%,12.673482833521286,7.865546731387868,0.727963846644949,89.0,,,,,,-6.8907537380186445,1.046934684259444,False,,,,,,,,,,False,,,,,,,,,,,False,False
PFAI,vcp,3.0199999809265137,2.640000104904175,2.990000009536743,,,,False,3.0,22%->16%->13%,21.824099428160405,12.582777431202425,0.75,20.0,,,,,,-0.9933765423590082,11.705682391847073,False,,,,,,,,,,False,,,,,,,,,,,False,False
PGC,vcp,47.99804207260118,44.060001373291016,45.029998779296875,,,,False,2.0,14%->8%,13.695561997560926,8.204586123228815,0.5779143751360282,59.0,,,,,,-6.18367576080475,2.1541137737090685,False,91.1111111111111,86.046511627907,30.769230769230795,25.581395348837212,7.499999999999996,17.64705882352939,25.925925925925952,19.999999999999996,25.581395348837212,True,28.78518424115741,16.85780967677173,17.80841915277631,16.339644058864078,16.74772210381772,4.911513895303643,3.1111885472021372,5.480308014628865,2.413546476611117,16.339644058864078,True,True
PKOH,vcp,47.34000015258789,44.0,48.040000915527344,,,,True,3.0,13%->9%->7%,13.17435828492821,7.055344617284091,0.6475000000000001,30.0,,,,,,1.4786665836146746,8.409660363310998,True,30.303030303030297,-5.000000000000004,,-47.945205479452056,50.877192982456144,850.0000000000026,-84.21052631578951,-42.42424242424243,-47.945205479452056,False,36.785184131608794,9.997500624843791,3.848051307350775,1.6992790937178093,-4.549808429118773,4.536817102137758,6.582278481012649,-0.9031610637230347,-0.37490627343164107,-4.549808429118773,True,False
PLAB,vcp,29.979999542236328,26.93000030517578,30.399999618530273,,,,True,2.0,29%->10%,28.62041789802432,10.17344657648729,0.2304300739800401,21.0,,,,,,1.400934231844274,11.41447156874094,False,25.64102564102564,260.00000000000006,8.823529411764696,96.29629629629632,-9.259259259259267,-27.027027027027017,-30.188679245283012,171.79487179487177,8.823529411764696,True,71.45185419498843,2.686863693831576,-0.49859710320770967,6.094146263281441,-3.0804750525540325,2.908926359912356,-6.720695262722931,4.308291236038375,2.5552059469376553,-3.0804750525540325,True,False
PLGO,vcp,25.72595284569501,23.440000534057617,23.959999084472656,,,,False,2.0,20%->9%,20.176110691110434,8.885782872061524,0.7560496959295602,35.0,,,,,,-6.864483394704923,2.170277839250944,False,,,,,,,,,,False,43.78518549508102,,,,,,,,,,False,False
PLPC,vcp,428.5,390.6499938964844,423.3299865722656,,,,False,3.0,17%->12%->9%,16.538139336997478,8.833140280867124,0.7916252237915258,28.0,,,,,,-1.2065375560640315,7.71974433949118,False,75.390625,-8.154506437768239,-19.248826291079823,-65.5844155844156,109.81308411214954,24.418604651162813,224.52830188679238,-79.296875,-65.5844155844156,True,29.78518384559028,25.40079362739607,18.67295898102208,3.585511946719966,21.16987473889762,20.65090368622289,1.8306384994425384,-2.795262989437741,5.0035082340316395,3.585511946719966,True,False
PLRZ,vcp,11.989999771118164,10.5,10.774999618530273,,,,False,3.0,33%->22%->12%,32.72490487502888,12.427020847050521,0.17347600518806744,17.0,,,,,,-10.133446003181884,2.55220072636795,False,,,,,,,,,,False,,,,,,,,,,,False,False
PLSE,vcp,56.7400016784668,50.80099868774414,51.630001068115234,,,,False,2.0,14%->10%,14.13177868529671,10.46704761197874,0.8315654556704676,8.0,,,,,,-9.00599305461572,1.6056602037977774,False,,,,,,,,,,False,37.78516400733796,,,,,8.229426433915222,51.893939393939405,206.97674418604652,,,False,False
PLXS,vcp,256.6700134277344,236.5800018310547,263.0899963378906,,,,True,2.0,22%->8%,21.805367693805056,7.8271751843485395,0.8174525426680598,35.0,,,,,,2.5012594281738334,10.076397763443934,False,-3.658536585365846,29.078014184397173,12.686567164179108,26.351351351351404,-13.186813186813184,20.529801324503303,-19.25133689839572,14.024390243902452,-3.658536585365846,True,29.785117777349537,28.13196007494785,18.73011824479427,9.602283321142234,-1.1102991717681365,12.117735919096507,8.77738229213012,-99.97345274731852,395653.68159731635,-1.1102991717681365,True,False
PMTS,vcp,25.290000915527344,23.469999313354492,24.75,,,,False,2.0,26%->7%,25.92592855426331,7.1965264384605945,0.4764465587672579,13.0,,,,,,-2.1352348595440285,5.171719946042455,False,325.0,-57.49999999999999,10.714285714285744,72.72727272727273,0.0,-72.58064516129032,226.3157894736842,375.0,-57.49999999999999,True,35.45178133334491,14.973064206607933,19.832845936413037,22.349235786915656,10.593101458104549,1.4091687739619774,-3.884903367438941,10.93602771697375,6.329718773361703,10.593101458104549,True,False
POWL,vcp,185.0,167.30999755859375,189.52999877929688,,,,True,2.0,16%->10%,15.695719721554847,9.562163481841218,0.7458726583216904,20.0,,,,,,2.448647988809122,11.72373838643759,False,7.575757575757569,-1.5748031496062964,18.881118881118873,149.60212201591517,13.59999999999999,-63.23529411764706,-63.8682252922423,612.8787878787879,-1.5748031496062964,True,49.785105826076396,8.896053766858913,6.4544146200530506,4.039663506343438,8.33263652326921,5.099202670127934,18.08674119370661,-15.705258353664476,4.09050102524513,4.039663506343438,True,False
POWW,vcp,2.3399999141693115,2.0999999046325684,2.2899999618530273,,,,False,2.0,19%->10%,18.726591225196433,10.256411040166299,0.3693163739340715,33.0,,,,,,-2.1367501773620328,8.296945868362124,False,,,,,,-200.00000000000009,0.0,,,False,48.45177169133102,22.123596316756753,10.10391236614392,6.968593421412317,0.010790267329086056,4.258050636740962,3.6938989351198437,11.76663929199453,1.0705403961213777,0.010790267329086056,True,False
PSMT,vcp,181.8300018310547,166.35000610351562,174.72999572753906,,,,False,2.0,17%->9%,16.56009227232749,8.5134441905369,0.6948915215304983,38.0,,,,,,-3.904749508891561,4.795965105550949,False,12.28070175438598,11.724137931034484,6.6115702479338845,8.510638297872353,-20.98765432098766,25.581395348837212,26.470588235294066,-10.526315789473639,6.6115702479338845,True,27.785090184340277,12.488072093519342,9.651979710914249,9.919757954249153,8.558413435069667,-0.9184047373235416,8.157708415748854,3.8884276564172815,1.038951968778301,8.558413435069667,True,False
PWR,vcp,653.8699951171875,607.4500122070312,649.1300048828125,,,,False,2.0,18%->7%,18.087745280617305,7.099267936562343,0.7014115386176936,28.0,,,,,,-0.7249132503052831,6.420900645827602,False,94.73684210526316,51.04166666666667,2.4630541871920597,14.871794871794886,104.13793103448276,-30.288461538461508,-7.142857142857184,47.36842105263159,2.4630541871920597,True,30.45177954759259,41.10419493143886,26.33346777182164,19.661880464892988,17.52982789446198,21.36197461594833,0.41876074669202623,2.7588617985042863,12.673853725531359,17.52982789446198,True,False
RBRK,vcp,94.61000061035156,85.77999877929688,109.55000305175781,,,,True,2.0,20%->9%,20.285428853830393,9.33305334963561,0.43072607393141815,20.0,,,,,,15.79114506397289,21.69785815636226,False,,,-107.73286467486818,,,,,,-107.73286467486818,False,65.78507643722222,37.888078487058664,38.992606317845734,46.3324292909725,48.263597794883516,10.383705188752357,2.484616769574566,7.858558512248481,13.007809978700058,37.888078487058664,True,False
RCMT,vcp,41.77000045776367,38.84000015258789,40.470001220703125,,,,False,2.0,9%->7%,9.445346206571744,7.014604436354968,0.5991814461118691,18.0,,,,,,-3.1122796811435505,4.02767733864406,False,36.00000000000001,-3.703703703703709,110.52631578947363,-14.28571428571428,30.76923076923077,-35.0,166.66666666666669,-40.0,-14.28571428571428,True,36.78505549252315,20.021492720620216,-1.698767653569777,12.434990638651966,16.439990060465504,12.979599701341549,-3.9756695499329253,23.0292079841796,-10.077271447944113,-1.698767653569777,True,False
RGLD,vcp,271.42999267578125,240.75999450683594,252.49000549316406,,,,False,2.0,18%->11%,18.005051278148347,11.299413843915227,0.7889408117509711,69.0,,,,,,-6.977853477393965,4.6457327938256565,False,38.3084577114428,91.86046511627906,-36.19631901840484,31.506849315068486,-15.75757575757576,217.30769230769204,-45.83333333333328,-4.477611940298498,-36.19631901840484,True,36.78503178737269,114.90772408332259,142.52207448458404,85.29028436018957,30.041220200477724,-3.9618438582467386,24.992006906033183,48.89791643524764,20.236783484304265,30.041220200477724,True,False
RHP,vcp,133.27000427246094,118.62999725341797,121.45999908447266,,,,False,2.0,17%->11%,16.877639636617495,10.985222893151956,0.8478365516060586,41.0,,,,,,-8.861712920668612,2.3299867054061854,False,26.785714285714256,3.0000000000000027,-4.440892098500626e-14,-43.617021276595736,37.8640776699029,-8.035714285714256,111.32075471698104,-52.67857142857143,-43.617021276595736,True,34.785029915578704,13.564968196326088,13.161013485901108,13.923780906778994,7.72786285498166,12.700805932239101,-9.926159651291389,24.53338464498749,-10.167623177638108,7.72786285498166,True,False
RIO,vcp,106.83999633789062,93.55999755859375,94.55999755859375,,,,False,2.0,19%->12%,19.255126138315042,12.429800855943258,0.6240927714834003,71.0,,,,,,-11.493821789791465,1.0575296381330317,False,,,,,,,,,,False,142.78504718655094,,,,,,,,,,False,False
RLJ,vcp,11.779999732971191,10.59000015258789,11.199999809265137,,,,False,2.0,17%->10%,17.14507353982959,10.101864239033858,0.6311187708260448,35.0,,,,,,-4.9235987848343115,5.446425598798915,False,6.666666666666665,,,-177.7777777777778,,,,-146.66666666666669,-177.7777777777778,False,36.78503168775463,5.476407520731041,3.613932750008386,-0.4230444045104531,-4.540642787727334,12.651149930730599,3.464468202304971,-0.4399400081807059,-9.104303737506992,-4.540642787727334,True,False
RLYB,vcp,17.09000015258789,15.850000381469727,16.6200008392334,,,,False,2.0,11%->7%,11.289400930361586,7.255703686640367,0.37120545534535854,81.0,,,,,,-2.7501422420018033,4.632974842853186,False,,,,,,,-111.11111111111111,,,False,,-100.0,0.0,11000.0,-29.096989966555185,-100.0,-4.504504504504503,4.716981132075482,0.0,-100.0,True,False
RMR,vcp,20.530000686645508,18.469999313354492,18.530000686645508,,,,False,2.0,14%->10%,13.597197580708755,10.034102797819285,0.503342870124877,50.0,,,,,,-9.741840882163114,0.32380664364604345,False,-28.000000000000004,-76.19047619047619,86.84210526315788,-44.117647058823486,259.99999999999994,-92.95774647887323,273.68421052631567,-23.99999999999998,-76.19047619047619,True,43.78501870666667,3.308523191431423,-7.63212833754533,40.76426401080351,-5.675396989069914,8.312714122573283,-36.99389905712701,45.854650400104944,3.7895978941635544,-7.63212833754533,True,False
RXT,vcp,4.289999961853027,3.9000000953674316,3.9700000286102295,,,,False,2.0,13%->9%,13.239437603472826,9.090906059522172,0.42038252367858236,11.0,,,,,,-7.45920596942329,1.7632224871117343,False,,,,,-1000.0000000000002,,,,,False,37.78500596768519,0.5703136725198954,1.908626390141266,-0.40840140023337135,-0.6806747558449233,-1.1797669960182833,-0.6883421206795526,1.728247914183556,0.7354044724598552,-0.6806747558449233,True,False
RYOJ,vcp,4.089000225067139,3.5199999809265137,3.7300000190734863,,,,False,2.0,32%->14%,31.92307515962583,13.915387938900942,0.556549393758696,13.0,,,,,,-8.77965728132866,5.63002780356917,False,,,,,,,,,,False,,,,,,,,,,,False,False
SCSC,vcp,59.310001373291016,55.0,58.29999923706055,,,,False,2.0,20%->7%,20.020963127105855,7.266904861735397,0.41314508276533596,25.0,,,,,,-1.7029204397983735,5.660376123920736,False,40.22988505747127,5.405405405405417,7.14285714285714,28.98550724637683,56.41025641025643,4.0000000000000036,-15.73033707865169,2.298850574712641,5.405405405405417,True,37.451648706319446,17.25014331652901,8.788148349925585,2.543822918352845,-4.632662007787724,24.298699774384126,0.03626818627757711,3.6317177043196036,-9.009381389272297,-4.632662007787724,True,False
SEI,vcp,71.4000015258789,64.2300033569336,70.97000122070312,,,,False,2.0,14%->10%,13.848995388971957,10.04201402761392,0.6627236600984207,10.0,,,,,,-0.6022413109051935,9.496967377539459,False,,,,,,,,,,False,34.78498502246528,46.068253070874235,26.08044174979536,-2.171723952738991,0.5939269527510893,25.097111416781303,3.9343512323440244,0.23960745649234116,12.075345633962066,-2.171723952738991,True,False
SILC,vcp,43.2400016784668,40.099998474121094,52.779998779296875,,,,True,3.0,20%->13%->7%,19.63317686289884,7.261801763318158,0.5788967049241022,20.0,,,,,,22.062897156594993,24.02425274429819,False,,,,,,,,,,False,30.451617865729165,,,,,,,,,,False,False
SLS,vcp,12.140000343322754,11.100000381469727,11.609999656677246,,,,False,2.0,25%->9%,24.77320453339371,8.566721025053745,0.48023186515388333,12.0,,,,,,-4.365738646267987,4.392758744951419,False,,,,,,,,,,False,43.78495131335648,,,,-100.0,,,,,-100.0,False,False
SNDA,vcp,41.0099983215332,37.13999938964844,37.709999084472656,,,,False,2.0,11%->9%,11.489559267486598,9.436720532253076,0.7111601085481682,21.0,,,,,,-8.046816318272828,1.5115346291772251,False,,,,,,,,,,False,41.45162454818287,-28.179041206907296,-39.6957929476435,-43.29552509435636,-41.9122011891189,-0.5524480353566785,0.6638629175211186,-6.660394497793931,-23.136961536063836,-43.29552509435636,True,False
SOLV,vcp,94.16000366210938,86.52999877929688,89.5,,,,False,2.0,10%->8%,9.75555419921875,8.103233417654236,0.5742780331280894,35.0,,,,,,-4.949026636438622,3.3184371181040504,False,3.9215686274509887,-91.02564102564102,105.55555555555642,931.4285714285714,657.1428571428571,-81.08108108108112,-94.8753462603878,1315.6862745098038,-91.02564102564102,True,37.784957897280094,2.2211938917167995,-3.04347826086957,-3.710843373493977,0.672430355427478,10.06477329347284,0.45045045045044585,-4.67557251908397,-3.007866728366493,-3.710843373493977,True,False
SOPH,vcp,8.510000228881836,7.889999866485596,8.34000015258789,,,,False,2.0,9%->7%,8.96551436863854,7.2855504785069165,0.7457222062900296,5.0,,,,,,-1.9976506665297977,5.395686785001562,False,,,,,,,,,,False,35.45162317734954,,,,,,,,,,False,False
SPHR,vcp,151.36000061035156,133.2100067138672,141.1300048828125,,,,False,2.0,27%->12%,26.884325562045632,11.991274988963688,0.8069687396859824,30.0,,,,,,-6.75871808026369,5.6118457414648955,False,-131.56342182890856,,,,,-101.65289256198346,,-182.59587020648965,-131.56342182890856,False,37.451598657418984,10.971237041078808,37.81304673831543,73.38836426071451,-3.855367762243145,-18.85365038487148,-1.9982581891769047,50.280457278915726,-7.14503362410448,-3.855367762243145,True,False
SRZN,vcp,17.600000381469727,16.139999389648438,29.540000915527344,,,,True,2.0,18%->8%,18.461535403373006,8.295460001003525,0.5328118048346433,11.0,,,,,,67.84091065491523,45.3622244772354,False,-116.07843137254903,,,,,,,-427.84313725490193,-116.07843137254903,False,,408.64699898270607,408.64699898270607,-19.389312977099237,-90.16999999999999,0.0,846.9696969696969,-46.28687690742625,0.0,-90.16999999999999,True,False
STI,vcp,7.079999923706055,6.489999771118164,6.519999980926514,,,,False,2.0,23%->8%,23.396677543688362,8.333335578329395,0.0792200260200323,4.0,,,,,,-7.909603796809178,0.4601259186520194,False,,,,,,,,,,False,,9399.16349809886,28375.333333333332,,,46.22480275326013,813.6470588235294,133.75,204.1825095057034,9399.16349809886,False,False
STM,vcp,52.777834790784475,47.447144300532784,51.93000030517578,,,,False,3.0,28%->15%->10%,28.032467062946232,10.100244754986578,0.4801961417557141,46.0,,,,,,-1.6064215005590445,8.632497551124024,False,,,,,,,,,,False,30.45156702635417,,,,,,,,,,False,False
STRL,vcp,531.0,485.0,512.2899780273438,,,,False,3.0,27%->11%->9%,26.661388405817533,8.662900188323917,0.7569993343872203,28.0,,,,,,-3.5235446276188798,5.3270567838215905,False,116.45021645021644,141.40625,-22.314049586776854,50.76142131979697,61.81229773462784,9.574468085106357,-5.05050505050505,28.57142857142858,-22.314049586776854,True,34.78489658416667,90.1122597108393,91.59459704048507,51.47614532318432,16.04706429234295,41.48169679353258,9.272206804276784,9.665045521241078,12.132609021136975,16.04706429234295,True,False
STRO,vcp,16.549999237060547,14.949999809265137,15.979999542236328,,,,False,2.0,30%->10%,30.404135612124893,9.667670704253077,0.7005810200129116,16.0,,,,,,-3.444107076136982,6.445555459803522,False,,,,,,,,,,False,,-84.56506392658247,-16.529685614115753,-21.35188061314066,13.767605633802816,-32.252289471872196,24.69305400532327,20.158877540493148,-84.79410149815672,-84.56506392658247,True,False
SU,vcp,72.05999755859375,65.86000061035156,68.19000244140625,,,,False,3.0,19%->11%->9%,19.15058657138912,8.603937216623992,0.7073859763325897,79.0,,,,,,-5.370517968781101,3.4169258654254966,False,,,,,,,,,,False,35.78488207892361,,,,,,,,,,False,False
SUNE,vcp,2.6500000953674316,2.3499999046325684,2.4000000953674316,,,,False,3.0,40%->29%->11%,40.24640340424532,11.32076150711486,0.002892583691212587,12.0,,,,,,-9.433961924644258,2.0833411978347622,False,,,-99.79591122766577,,,-101.13647125674781,,,-99.79591122766577,False,42.45157872777778,-37.52427807971278,-43.06674765867313,76.9849851217093,29.047002843925963,13.4483961176179,-73.56051132117567,43.26377003328905,45.38630372618291,-43.06674765867313,True,False
SWVL,vcp,4.300000190734863,3.9200000762939453,4.090000152587891,,,,False,2.0,26%->9%,25.999999046325684,8.83721157175057,0.568060379374833,4.0,,,,,,-4.883721600744487,4.1564809279134165,False,,,,,,,,,,False,,,,,,,,,,,False,False
TCMD,vcp,24.899999618530273,21.288999557495117,22.729999542236328,,,,False,2.0,24%->15%,24.379420326572692,14.502008499421398,0.7255413759444705,37.0,,,,,,-8.714859877664649,6.339639303835357,False,142.85714285714283,,12.5,71.42857142857142,,-117.77777777777779,25.0,157.1428571428571,12.5,False,34.78488683233797,8.609086876623785,22.848795456029247,21.042238710054328,17.323136278439797,13.858663159153405,-27.34424773635539,20.80228558101569,8.681325644762694,8.609086876623785,True,False
THC,vcp,283.04998779296875,248.86000061035156,259.7099914550781,,,,False,2.0,14%->12%,14.495508516305605,12.079133954114413,0.6718177640204918,57.0,,,,,,-8.24589201359097,4.177733318590201,False,213.37579617834393,87.58782201405153,11.345646437994649,-21.06339468302658,22.846441947565555,89.81042654028433,9.326424870466333,22.92993630573248,-21.06339468302658,True,28.78487945542824,6.7729083665338585,2.7761822707256467,9.164526960300211,3.1798673429574764,4.843517138599096,-2.8767866835534672,4.499905464170917,0.34149117814457064,2.7761822707256467,True,False
TIGO,vcp,97.19999694824219,90.0999984741211,92.62999725341797,,,,False,2.0,20%->7%,19.621018558735905,7.304525408474813,0.48333812822271893,35.0,,,,,,-4.7016459241842234,2.7312953193502554,False,,,,,,,,,,False,37.45155148268518,,,,,,,,,,False,False
TLYS,vcp,4.429999828338623,4.110000133514404,4.269999980926514,,,,False,3.0,36%->21%->7%,35.68000030517578,7.223469689032195,0.10444746893796374,15.0,,,,,,-3.6117348445160977,3.7470690427823437,False,19.999999999999996,-37.5,-94.11764705882352,-33.333333333333336,259.99999999999994,150.0,-90.9090909090909,46.66666666666668,-94.11764705882352,True,64.78486659085648,51.943574541636075,-13.053359546018594,-14.2938716867137,30.555171937577686,31.102166487596005,-10.652138093088903,-7.7147352832284355,40.55812138164314,-14.2938716867137,True,False
TNK,vcp,103.16000366210938,92.54000091552734,94.06999969482422,,,,False,2.0,12%->10%,12.272346111464772,10.29469016050719,0.8119171986844651,24.0,,,,,,-8.811558399182095,1.6264470971195895,False,,,,,,,,,,False,36.7848307993287,,,,,,,,,,False,False
TRLV,vcp,12.930000305175781,11.940999984741211,12.210000038146973,,,,False,2.0,11%->8%,11.194032624359009,7.648880874648402,0.6163022128424264,9.0,,,,,,-5.568447409398729,2.203112633622776,False,,,,,,,,,,False,37.45148584444444,-10.306336606132028,-3.6962654486835,-2.6558634544820547,1.3729228517960879,-5.510646756453264,-2.1808171327013404,1.7211046993792278,-4.6010076600703105,-10.306336606132028,True,False
TWIN,vcp,24.209999084472656,22.15999984741211,26.1299991607666,,,,True,2.0,11%->8%,11.309524980892455,8.467572550943778,0.5837473167739957,24.0,,,,,,7.930607802151295,15.193262307161973,False,20.000000000000128,,2114.285714285714,,-47.8260869565217,-85.16129032258064,,-140.0,20.000000000000128,False,36.45146199233797,18.33095430190943,19.01971886462668,0.2880306046418424,9.738398013635674,18.311374025275605,7.223331115546694,12.730636531826601,-17.255218353710255,0.2880306046418424,True,False
UMC,vcp,25.799999237060547,23.799999237060547,24.309999465942383,,,,False,3.0,13%->10%->8%,12.805755527308705,7.7519382137309885,0.5726664110395648,37.0,,,,,,-5.775193082090661,2.097903085503279,False,,,,,,,,,,False,29.451476379571762,,,,,,,,,,False,False
UNM,vcp,94.55000305175781,86.54000091552734,92.08999633789062,,,,False,2.0,11%->8%,11.38969443607741,8.471710076884605,0.7195958802496597,71.0,,,,,,-2.601805007367953,6.026708266986567,False,-16.145833333333325,33.01886792452828,-44.50261780104717,-93.35260115606935,14.184397163120588,33.01886792452835,360.86956521739114,-88.02083333333334,-93.35260115606935,True,35.78479940923611,0.25584577854464996,8.5263294087204,0.23172464932337267,5.0170966739198075,0.44110634239389324,3.4246786473906443,-3.975254558370822,0.5057416552626925,0.23172464932337267,True,False
UTMD,vcp,74.6960224819888,67.86473733469442,74.18000030517578,,,,False,2.0,12%->9%,12.122883289239347,9.145447000128534,0.6865530303030304,50.0,,,,,,-0.6908295243397342,8.513430769075798,False,-10.638297872340418,-10.869565217391308,-8.045977011494232,-19.60784313725491,2.4390243902439046,2.499999999999969,-2.43902439024386,-12.765957446808507,-19.60784313725491,True,23.45146443601852,-14.307244047020994,-10.175077239958807,-1.2338938632889263,-1.9290354822588673,-2.212795230451736,-3.571033720287453,-7.816958825927434,-1.4166582939817096,-14.307244047020994,True,False
UVE,vcp,45.11000061035156,41.720001220703125,42.13999938964844,,,,False,2.0,17%->8%,16.765237863569695,7.514961968035358,0.7178364134885874,59.0,,,,,,-6.583908624513713,0.9966734101293883,False,68.59504132231406,30.555555555555557,895.652173913044,,8.510638297872353,-17.903930131004408,65.94202898550732,14.049586776859503,30.555555555555557,False,23.784783824699073,6.7206309775804,-0.32973127660705925,6.007395876915567,3.464549456333832,8.503804962331518,-3.520491461686681,1.7320022644464528,0.209926001084626,-0.32973127660705925,True,False
VISN,vcp,6.789999961853027,6.199999809265137,6.21999979019165,,,,False,2.0,11%->9%,11.386857574168541,8.689251191495979,0.45769982763499784,19.0,,,,,,-8.394700660731976,0.3215431125584883,False,1628.5714285714284,703.8194444444445,,,-94.7732181425486,268.04451510333854,1512.8205128205132,457.1428571428571,703.8194444444445,False,30.45146321118056,-1.3884603517432925,21.566606544704968,-135.09537250876744,50.59138791350952,-32.25943196269606,,-125.17641283671841,402.8386300524529,-135.09537250876744,True,False
VMD,vcp,9.390000343322754,8.595000267028809,8.90999984741211,,,,False,2.0,31%->8%,31.093117684024772,8.466454177067963,0.5744544828507704,42.0,,,,,,-5.111826180623877,3.535348886395231,False,-12.49999999999999,0.0,39.99999999999997,-10.000000000000009,16.666666666666675,-57.14285714285715,55.55555555555558,12.5,-12.49999999999999,True,36.7847809265162,23.85340015224562,27.541477109371026,25.51445753356949,23.981104751396455,3.5576948577187295,-1.0068127223323398,5.933476096448542,14.047830499873125,23.85340015224562,True,False
VMI,vcp,511.0230166790752,460.9800109863281,466.8299865722656,,,,False,2.0,22%->10%,22.196769707589922,9.792710711536175,0.708112035550055,64.0,,,,,,-8.6479529618845,1.253127638370317,False,,27.54629629629628,134.28571428571422,21.16788321167884,11.433756805807626,-38.91352549889135,81.12449799196784,,21.16788321167884,False,21.451446731377317,6.486233851285239,6.1778742492113015,0.09312692447849269,2.529467983434208,8.6953226641741,-0.8729027411245704,-0.7380638253121519,-0.43482068406203167,0.09312692447849269,True,False
VPG,vcp,66.80000305175781,59.470001220703125,71.62999725341797,,,,True,3.0,21%->14%->11%,20.840953927344813,10.973056132011362,0.40184041709713847,28.0,,,,,,7.230529911679483,16.976122433307232,False,-750.0,,-333.33333333333337,,,,-123.72881355932202,2849.9999999999995,-750.0,False,35.451445508125005,11.674937800188934,17.57990549337198,10.8997563761992,5.28345240138921,-0.4943511196993544,4.692697214913366,1.0585992374071873,6.0762895650669835,5.28345240138921,True,False
VSH,vcp,33.54999923706055,31.100000381469727,32.54999923706055,,,,False,3.0,20%->11%->7%,19.928928337592886,7.302530287048301,0.6700593291858034,28.0,,,,,,-2.9806259992261452,4.454681688409661,False,1800.0,,,,280.0,400.0000000000003,,-700.0,1800.0,False,36.45141259702546,16.5726467694326,17.337773825702296,12.061574107757478,7.518429924131675,5.878280638957545,4.78448588002327,1.3004654457148712,3.7244998360117965,7.518429924131675,True,False
VSXY,vcp,78.48999786376953,71.72000122070312,82.91000366210938,,,,True,2.0,22%->9%,22.3109708218574,8.625298544174623,0.8288882742634374,21.0,,,,,,5.631298150894828,13.496564886198628,False,990.0,,-8.298755186721984,,289.2857142857143,-74.6606334841629,,-330.0,-8.298755186721984,False,65.45138077515045,10.418094585332426,15.299334811529942,7.68865685809208,9.279881217520414,3.26923076923078,-31.247245482591445,54.144021739130444,0.8910212474297463,7.68865685809208,True,False
VTVT,vcp,32.37900161743164,29.790000915527344,30.209999084472656,,,,False,2.0,13%->8%,12.82952325445752,7.995925051964776,0.5755988023952096,12.0,,,,,,-6.698793738566895,1.3902621041825296,False,,,,,,,,,,False,45.4513748597338,,,-100.0,,-100.0,,,,-100.0,False,False
WAT,vcp,426.2200012207031,392.95001220703125,433.5400085449219,,,,True,2.0,10%->8%,9.989048460581818,7.805825376187396,0.780756697115878,57.0,,,,,,1.7174246406208282,9.362456875461548,True,-156.27530364372467,-142.85714285714286,-3.0927835051546615,-7.749077490774903,,-123.13829787234043,50.4,1.2145748987854255,-156.27530364372467,True,31.451373358634257,113.35927367055771,91.38972809667673,6.839010259947709,8.04830441507216,29.834254143646397,35.88603162380053,16.56633999552437,3.7466926070038875,6.839010259947709,True,False
WLY,vcp,50.0,45.9900016784668,47.61000061035156,,,,False,2.0,15%->8%,15.143227228237974,8.019996643066406,0.4364748026207485,17.0,,,,,,-4.779998779296875,3.4026442157460064,False,-204.54545454545453,103.2,,13.513513513513509,-109.05511811023622,353.57142857142856,-33.33333333333333,281.8181818181818,-204.54545454545453,False,65.45136778512732,-2.6307963709677473,1.2115351157646392,1.3370371651846291,-1.1355032290580103,-13.747346190681364,9.244310255684862,-2.7777053284995135,6.288054435483881,-2.6307963709677473,True,False
WST,vcp,360.2900085449219,331.989990234375,370.44000244140625,,,,True,2.0,16%->8%,15.733165792242696,7.85478854238567,0.28477729826561354,45.0,,,,,,2.817173292558527,10.379551871726655,False,18.13186813186811,56.09756097560976,2.2471910112359605,3.7837837837837673,11.979166666666675,5.494505494505475,-5.208333333333314,5.494505494505497,2.2471910112359605,True,23.45136756403935,13.803000652315722,21.0458452722063,7.505341880341887,7.725264426295353,3.2429873357793904,4.956521739130437,0.0497141436738735,4.9706457925636105,7.505341880341887,True,False
WTS,vcp,392.89207047582164,345.6000061035156,357.7900085449219,,,,False,2.0,15%->12%,15.314034693028706,12.036909860520167,0.7137475416193457,61.0,,,,,,-8.934275992994348,3.4070270690288855,False,17.27574750830565,34.389140271493225,23.762376237623783,18.93203883495147,18.855218855218837,18.80000000000002,2.0408163265306145,-18.604651162790688,17.27574750830565,True,29.784705837546294,18.564548702811877,21.37992831541218,15.673575129533667,12.527593818984538,12.682710763324966,8.35066389377699,2.190616315187177,-4.971259903681835,12.527593818984538,True,False
WULF,vcp,17.93000030517578,15.359999656677246,15.739999771118164,,,,False,2.0,17%->14%,17.201839803936817,14.333522614367517,0.8301997926433371,10.0,,,,,,-12.214168972576307,2.4142320201185297,False,,,,,,,,,,False,41.45136689479167,51.307056112567075,65.26525993424916,-12.117836252627823,-14.819197533152694,11.575246251306638,38.326834575819426,-27.301438994418824,34.85252237331993,-14.819197533152694,True,False
ZIM,vcp,29.03499984741211,26.850000381469727,29.190000534057617,,,,True,2.0,10%->8%,10.317994899068283,7.525398579043325,0.24173282316625305,27.0,,,,,,0.5338408385055426,8.016444363739152,True,,,,,,,,,,False,51.451367154594905,,,,,,,,,,False,False
