ticker,pattern_type,entry_price,stop_price,last_close,ribbon_width_pct,squeeze_days_ago,expanding,breakout,n_contractions,contraction_pcts,first_contraction_pct,final_contraction_pct,volume_dryup_ratio,base_len,pole_gain_pct,pole_len,flag_len,retracement_pct,volume_ratio,extension_pct,risk_pct,is_lre,eps_min_yoy_pct,eps_full_history_available,days_to_earnings,eps_yoy_q1_pct,eps_yoy_q2_pct,eps_yoy_q3_pct,eps_yoy_q4_pct,eps_qoq_q1_pct,eps_qoq_q2_pct,eps_qoq_q3_pct,eps_qoq_q4_pct,revenue_yoy_q1_pct,revenue_yoy_q2_pct,revenue_yoy_q3_pct,revenue_yoy_q4_pct,revenue_qoq_q1_pct,revenue_qoq_q2_pct,revenue_qoq_q3_pct,revenue_qoq_q4_pct,revenue_min_yoy_pct,revenue_full_history_available,passes_growth
RFAI,bull_flag,54.70000076293945,25.0,41.5,,,,False,,,,,,,220.00000000000003,15.0,5.0,31.818181818181817,0.12053313365780607,-24.131628114862416,39.75903614457831,False,,False,,,,,,,,,,,,,,,,,,,False,False
MRNA,bull_flag,156.4149932861328,130.3800048828125,145.6199951171875,,,,False,,,,,,,194.89417012841352,13.0,15.0,27.10297858187604,0.4173751102481273,-6.901511128922165,10.465589029934137,False,-1800.0,False,49.50554097457176,,,,-1800.0,,,,,2.1126760563380254,260.18518518518516,-29.81366459627329,-45.43501611170784,-62.724935732647815,-42.62536873156342,-33.26771653543307,615.4929577464789,-45.43501611170784,True,False
IGR,bull_flag,12.920000076293945,12.229999542236328,12.300000190734863,,,,False,,,,,,,183.77192418330915,5.0,5.0,8.472554520897276,0.8085175536235373,-4.7987606958043205,0.5691109545775784,False,,False,,,,,,,,,,,,,,,,,,,False,False
CAPR,bull_flag,11.0,8.180000305175781,8.5600004196167,,,,False,,,,,,,161.29871867040458,13.0,13.0,30.27375134518362,0.2381352808714998,-22.181814367120918,4.439253455760154,False,,False,54.83957467421296,,,,,,,,,-7.921690517003965,-63.4382475774409,1.3777014586210834,64.29114312270147,392.14278829275366,-43.0523150556549,-19.06383632603793,-59.40733891022807,-63.4382475774409,True,False
INDP,bull_flag,3.694999933242798,2.690000057220459,3.2100000381469727,,,,False,,,,,,,145.13274270932334,7.0,3.0,4.878044170967348,0.6067096696407042,-13.125843135541837,16.199376160340876,False,-101.90114068441063,False,,,,-101.90114068441063,,,,,,,,,,,,,,,False,False
OABI,bull_flag,5.429999828338623,3.890000104904175,4.349999904632568,,,,False,,,,,,,136.94581332858533,15.0,14.0,33.09351968861504,0.6000887273493963,-19.88950198616294,10.574708271568305,False,,False,48.838795193715285,,,,,,,,,244.23915832691816,247.30380356283098,-22.473158089596446,-46.332694151486095,-7.014625355236714,72.24212034383955,274.09557838320677,-42.54554785732615,-46.332694151486095,True,False
RCEL,bull_flag,11.390000343322754,9.600000381469727,10.449999809265137,,,,False,,,,,,,136.91276621142404,15.0,14.0,16.176465890445424,0.2829053014487614,-8.252857820225447,8.133965964686306,False,,False,49.838588999641196,,,,,,,,,17.90299572039944,4.0327421555252485,-4.288381287063469,-12.875116015262456,12.72031053294167,9.368366703000408,3.1603243179262552,-7.2917809722374605,-12.875116015262456,True,False
ABCL,bull_flag,12.579999923706055,10.319999694824219,11.670000076293945,,,,False,,,,,,,111.14864592747242,14.0,15.0,33.13070411022041,0.32360262323629335,-7.233703123457766,11.568126586494827,False,,False,49.83974626637731,,,,,,,,,-76.29360805431983,96.3400236127509,788.373935432759,37.6210235131397,-51.2928442573662,-81.46207696080617,400.88218872138464,-47.58253336455163,-76.29360805431983,True,False
QMCO,bull_flag,25.75,21.719999313354492,23.829999923706055,,,,False,,,,,,,106.5365065807982,15.0,11.0,20.796817296293078,0.32707904931778775,-7.456310975898816,8.854387818325323,False,,False,53.83861440736111,,,,,,,,,25.692996920013698,27.310121933303954,8.59297653019626,-12.709127856804836,3.601559094289297,4.569222106025261,18.92848600813202,-2.4437669165914833,-12.709127856804836,True,False
IOVA,bull_flag,9.920000076293945,7.659999847412109,9.869999885559082,,,,False,,,,,,,94.47002957708722,14.0,15.0,19.02438638608789,0.5111591337621197,-0.5040341769185053,22.3910847393266,False,,False,49.50570773076389,,,,,,,,,65.6541900186816,44.81793852891087,17.744999592911228,15.19938519340791,39.03541929161416,-17.679870002650656,28.635386553998956,12.515012009607695,15.19938519340791,True,False
HTFL,bull_flag,51.77799987792969,45.40999984741211,48.29999923706055,,,,False,,,,,,,83.6216387543476,14.0,15.0,19.7183084402782,0.7703915626873217,-6.717139806614342,5.983435683847679,False,,False,55.83913386445602,,,,,,-106.98689956331877,,,47.57277081798084,41.34390538906061,49.17410578733224,49.01783989180137,21.859014585353798,7.038612632050323,6.165182816146597,6.567796610169485,41.34390538906061,True,False
PEPG,bull_flag,3.4800000190734863,2.8399999141693115,2.9000000953674316,,,,False,,,,,,,77.46114224861958,15.0,15.0,39.130437209437325,0.5737229131248605,-16.666664382963813,2.0689716974136187,False,,False,55.5053966728125,,,,,,-1399.9999999999989,,,,,,,,,,,,False,False
AMLX,bull_flag,38.22999954223633,31.3700008392334,32.630001068115234,,,,False,,,,,,,74.80167312655288,6.0,15.0,37.9912583218948,0.23228838226516746,-14.648178240060508,3.8614777432939134,False,,False,49.50641051465278,,,,,,,,,,-100.0,,-100.0,,,,,-100.0,False,False
IRD,bull_flag,6.579999923706055,5.34499979019165,5.409999847412109,,,,False,,,,,,,67.67956805401695,7.0,4.0,29.591848849255832,0.30244553811282743,-17.78115638084941,1.2014798346353368,False,,False,55.505693491354165,,,,,,,,,-73.8029146426093,-50.64073226544623,-10.1580660158066,-20.37755365916731,-64.99768196569309,-44.191461836998705,25.527768756089642,6.835530881332419,-73.8029146426093,True,False
ARX,bull_flag,19.899999618530273,19.700000762939453,19.84000015258789,,,,False,,,,,,,63.87042861086325,15.0,11.0,0.39010118249420944,0.17217665730394452,-0.30150485976147023,0.7056420794945218,False,-1525.0000000000007,False,55.50634703665509,800.0,-166.66666666666669,-1525.0000000000007,,,,,-17575.0,62.89365586490187,53.53932584269663,61.6135328562134,105.53420445810913,30.5890962312477,10.024154589371982,-7.10545998504114,22.0447284345048,53.53932584269663,True,False
AOUT,bull_flag,15.920000076293945,14.920000076293945,15.4399995803833,,,,False,,,,,,,57.58794578644155,6.0,3.0,13.263528151947435,0.09565409094394602,-3.0150784774517727,3.367872527341392,False,-3300.0,False,84.83967453385416,,,-3300.0,-33.33333333333333,,,-300.0,,25.425897245976703,-24.027315876142197,-3.297154089394072,-5.035529286757868,-20.83554686669925,-16.821620475113118,-1.0891798807671438,92.57625749107805,-24.027315876142197,True,False
SUNE,bull_flag,3.4600000381469727,2.859999895095825,2.9100000858306885,,,,False,,,,,,,56.01850702070941,8.0,4.0,42.14876651861724,0.0671932407892986,-15.895952203828315,1.7182195622028729,False,-99.79591122766577,False,54.50516247744213,,,-99.79591122766577,,,-101.13647125674781,,,-37.52427807971278,-43.06674765867313,76.9849851217093,29.047002843925963,13.4483961176179,-73.56051132117567,43.26377003328905,45.38630372618291,-43.06674765867313,True,False
ETON,bull_flag,63.599998474121094,54.130001068115234,56.349998474121094,,,,False,,,,,,,54.534314745254406,8.0,15.0,40.08987941099017,0.5042099209202013,-11.399371342673904,3.939658324969432,False,150.0,False,56.83934333814815,,150.0,,,599.9999999999999,,,,98.58939137785292,40.411989353084145,82.71657937666352,117.5416505230531,54.90398087859556,14.026596494525624,-5.245113317600958,18.65490278951818,40.411989353084145,True,False
AVAH,bull_flag,14.710000038146973,12.970000267028809,14.260000228881836,,,,False,,,,,,,54.41340770217229,12.0,13.0,17.45378742853562,0.648201759422648,-3.0591421352696573,9.046282897249151,False,38.46153846153846,False,49.50633290038194,38.46153846153846,533.3333333333334,453.3333333333334,,-5.263157894736848,-77.10843373493977,1283.3333333333335,-53.846153846153854,13.727349364688157,15.859655522652826,27.43136772128525,22.18347697451786,3.48317294706868,-2.1985569375679304,6.517971129140654,5.493823286456001,13.727349364688157,True,False
JWEL,bull_flag,2.690000057220459,2.009999990463257,2.25,,,,False,,,,,,,52.90322312703357,15.0,12.0,43.90242980534866,0.0139947937448935,-16.356879102638576,10.666667090521917,False,,False,,,,,,,,,,,,,,,,,,,False,False
OMER,bull_flag,19.6200008392334,16.5,17.34000015258789,,,,False,,,,,,,52.41107721776781,14.0,15.0,41.930622002686974,0.5195795617947405,-11.62079810968343,4.8442914947871305,False,,False,56.83879604018519,,,,,-75.80645161290323,-56.64335664335665,,,-4.916011198506864,-65.6767165111196,-100.0,-100.0,188.37561912463357,,,-100.0,-100.0,True,False
TRX,bull_flag,1.309999942779541,1.0800000429153442,1.190000057220459,,,,False,,,,,,,51.85185375963655,15.0,15.0,35.71427861849495,0.8328491812867493,-9.160297007682901,9.243698236624217,False,,False,74.83841974594907,,,,,,,,,,,,,,,,,,False,False
FDMT,bull_flag,15.770000457763672,12.9399995803833,13.760000228881836,,,,False,,,,,,,51.361875717864905,15.0,14.0,49.621221562717984,0.6726053704261765,-12.745720802387803,5.959306939380553,False,,False,54.839292516759265,,,,,,-334.88372093023247,,,25106.666666666668,21664.285714285714,8508900.0,2900.0,24.089268132589424,-96.41908567399224,94444.44444444445,500.0,2900.0,True,False
VREX,bull_flag,18.530000686645508,18.450000762939453,18.469999313354492,,,,False,,,,,,,51.020408163265294,13.0,15.0,0.79998779296875,0.37218113355656135,-0.32380664364604345,0.10827585900655326,False,-211.76470588235296,False,61.83833232314815,,-211.76470588235296,,,,-480.0,-82.75862068965517,,3.6945812807881673,1.4560826679192118,4.904904904904894,11.278561011181342,-2.546296296296291,3.053435114503822,-8.43162953254697,12.758620689655164,1.4560826679192118,True,False
SGHT,bull_flag,8.789999961853027,7.699999809265137,8.140000343322754,,,,False,,,,,,,50.81080356595138,15.0,14.0,23.75887052483206,0.4585328416120062,-7.3947624727093455,5.405411738324432,False,,False,49.83851881640046,,,,,,,,,19.546105090983446,12.508567511994517,6.873230575652722,-1.2452249838765694,18.7328662808407,-3.3701250919793924,2.40630965538029,1.748108771212431,-1.2452249838765694,True,False
IAG,bull_flag,21.950000762939453,19.145000457763672,19.479999542236328,,,,False,,,,,,,49.79729588228565,15.0,15.0,41.04477158076373,0.6195000942675968,-11.252852550572543,1.7197078662466843,False,,False,47.83908885594907,,,,,,,,,,,,,,,,,,False,False
AEM,bull_flag,221.6877455928643,192.6999969482422,195.57000732421875,,,,False,,,,,,,48.801529246711354,15.0,15.0,42.15253849020322,0.6418176115033843,-11.781317996986402,1.4675104916361834,False,,False,41.839746635937495,,,,,,,,,,,,,,,,,,False,False
HNST,bull_flag,6.010000228881836,5.21999979019165,5.34499979019165,,,,False,,,,,,,48.57142680208841,15.0,14.0,26.737969550758173,0.5436125183726518,-11.064898724869254,2.3386343294041176,False,-100.0,False,48.839162843449074,200.0,-100.0,,,,,-2200.0,-66.66666666666666,-10.866797205191581,-19.692544987146533,-11.819265402606248,-6.717252637625082,6.663337558739557,-11.288435544146214,-4.897862181460722,-0.9501492633133268,-19.692544987146533,True,False
HZO,bull_flag,52.5,52.08000183105469,52.34000015258789,,,,False,,,,,,,48.56247378277987,15.0,13.0,0.644764427875826,0.8016384692819455,-0.30476161411830355,0.49674879781280973,False,-185.7142857142857,False,56.50575685127315,,-185.7142857142857,-146.75324675324674,-52.941176470588246,,,-550.0000000000008,,-6.984763200382249,-16.484644070212106,7.837792260188148,-1.947890510404493,15.897628419527798,4.401220955781926,-8.507605681758502,-15.978781390804963,-16.484644070212106,True,False
TITN,bull_flag,26.440000534057617,22.520000457763672,23.770000457763672,,,,False,,,,,,,48.135582955760945,13.0,7.0,43.42722400358367,0.6462561520405845,-10.098335939345738,5.25872938968215,False,-28.57142857142857,False,68.50508668056713,,,,-28.57142857142857,,,-3279.9999999999995,,-9.158056168630335,-12.1067880794702,-15.539246842763921,-5.194579773588459,-4.976635827107034,-18.61132534062493,-0.41504398690478395,17.95009754294268,-15.539246842763921,True,False
SSRM,bull_flag,39.439998626708984,34.150001525878906,35.220001220703125,,,,False,,,,,,,47.6561005111173,15.0,15.0,39.984011797026994,0.7163995893147945,-10.699790955743223,3.0380455926709296,False,-285.71428571428567,True,47.83849472005787,11.904761904761907,-285.71428571428567,2700.0000000000186,519.9999999999999,,-161.9047619047619,170.9677419354839,-26.190476190476186,35.24840311119961,131.28904679313678,-5.8066292637593335,-11.487539598138675,7.519655413996218,28.025486170629787,-4.31894321295302,2.688517741214258,-11.487539598138675,True,False
RCMT,bull_flag,43.09000015258789,38.84000015258789,39.279998779296875,,,,False,,,,,,,47.265074775154226,9.0,15.0,23.442136162623832,0.6025395106607884,-8.841961846830477,1.120159471442989,False,-14.28571428571428,True,48.83858483141204,36.00000000000001,-3.703703703703709,110.52631578947363,-14.28571428571428,30.76923076923077,-35.0,166.66666666666669,-40.0,20.021492720620216,-1.698767653569777,12.434990638651966,16.439990060465504,12.979599701341549,-3.9756695499329253,23.0292079841796,-10.077271447944113,-1.698767653569777,True,False
ANF,bull_flag,150.0,134.6999969482422,139.88999938964844,,,,False,,,,,,,47.10776346632819,15.0,5.0,35.687891682033815,0.5489952302866591,-6.740000406901042,3.7100596640579435,False,-7.547169811320764,True,69.50633870888889,43.29896907216495,-7.547169811320764,1.4084507042253946,-5.600000000000005,183.6734693877551,-59.16666666666668,52.54237288135597,-18.900343642611695,4.809773614880508,1.5045871225204177,5.355800966233559,6.753953378341482,13.724646958532837,-33.29622314501959,29.37993319484682,6.789815979347313,1.5045871225204177,True,False
EOLS,bull_flag,9.3100004196167,7.590000152587891,7.989999771118164,,,,False,,,,,,,46.6503357728385,15.0,15.0,48.51138312815142,0.7588681395649306,-14.178309226680794,5.006253191347655,False,,False,48.83934218085648,,,,,,-1699.9999999999986,,,21.18120108954127,6.735063191383794,14.38053377582429,12.903331423426367,14.967800155871846,-19.00664451827242,30.932184958023413,-0.6053007047429615,6.735063191383794,True,False
FRNM,bull_flag,17.174999237060547,14.25,14.729999542236328,,,,False,,,,,,,46.19376301969578,14.0,8.0,49.62546846578961,0.5747853457050603,-14.23580671577761,3.2586527980533386,False,,False,,,,,,,,,,,,,,,,,,,False,False
CNH,bull_flag,14.359999656677246,13.279999732971191,13.520000457763672,,,,False,,,,,,,43.569292142588665,13.0,7.0,25.62928867023971,0.6143830040698006,-5.849576733958928,1.7751532297816113,False,-90.0,True,53.50615197584491,-35.29411764705883,-90.0,-42.8571428571429,-75.0,1000.0,-87.5,33.33333333333328,-64.70588235294117,3.0340711265854248,-0.06305170239596647,7.7984984257689405,-7.380535401551159,30.69400630914827,-28.780049427095033,20.232306861156136,-7.933349912956977,-7.380535401551159,True,False
KRO,bull_flag,9.028054572714085,7.909999847412109,8.130000114440918,,,,False,,,,,,,43.47825012491495,14.0,15.0,35.351397782844366,0.7311991503445551,-9.947375163054502,2.7060303066666997,False,-151.61290322580646,False,49.839023907719906,,-125.0,,-151.61290322580646,,,,,12.884304207119746,4.083299305839128,-1.1344835736232572,-5.735506498865273,9.474303648489602,21.87425292852021,-8.448238126504704,-7.584951456310685,-5.735506498865273,True,False
WPM,bull_flag,161.4499969482422,144.02999877929688,146.72999572753906,,,,False,,,,,,,42.047335369826946,15.0,15.0,40.62923482264751,0.7430813892510573,-9.117374728363778,1.8401124697473414,False,,False,49.83827836299769,,,,,,,,,,,,,,,,,,False,False
GTE,bull_flag,11.069999694824219,9.40999984741211,10.630000114440918,,,,False,,,,,,,40.84919462691785,15.0,15.0,7.526883190618305,0.26231169581165387,-3.9747027327292765,11.476954411048698,False,-1524.9999999999998,False,49.505830986412036,,,,-1524.9999999999998,,,,,25.450510667878735,2.2894696259742053,-12.396760970093501,-1.7138309975864296,8.82881629150285,32.511179751970865,-12.917277234678926,-0.10494091225068392,-12.396760970093501,True,False
TTRX,bull_flag,14.289999961853027,12.109999656677246,13.720000267028809,,,,False,,,,,,,40.020370950185956,5.0,5.0,41.730285393690316,0.8363335183745976,-3.9888012340505643,11.734698097788177,False,,False,56.83842670805555,,,,,,-399.9999999999997,,,,,,,,,,,,False,False
FSM,bull_flag,12.9399995803833,11.271400451660156,11.489999771118164,,,,False,,,,,,,37.56905576655234,15.0,15.0,34.66469087765535,0.7286443717787238,-11.205563031573034,1.90251804884705,False,,False,48.8392374627662,,,,,,,,,,,,,,,,,,False,False
MTW,bull_flag,21.5,18.729999542236328,20.8799991607666,,,,False,,,,,,,37.08655517200532,13.0,15.0,14.231500390427426,0.7481268235383275,-2.883724833643714,10.296933452804492,False,-87.5,False,48.83885476506945,875.0,,-87.5,,,-185.0,42.85714285714284,250.00000000000006,10.268767377201105,5.032915693353157,13.60738255033558,5.449695121951215,20.279013344116457,-26.953182690887612,22.352728586917237,2.5764596848934174,5.032915693353157,True,False
SMTC,bull_flag,170.52000427246094,146.91000366210938,167.5500030517578,,,,False,,,,,,,35.58845213465291,11.0,5.0,39.57703756080644,0.7508715153422502,-1.7417318474597185,12.318710243933891,False,-141.97530864197532,False,67.83849686472222,22.72727272727273,-141.97530864197532,,,,,,-240.9090909090909,16.098779377080596,9.287853154462633,12.81177323131888,19.61647542958831,6.074734091842338,2.7741157226033764,3.7358882371628432,2.660393192511612,9.287853154462633,True,False
PRE,bull_flag,24.700000762939453,21.549999237060547,22.020000457763672,,,,False,,,,,,,35.058438425911916,13.0,5.0,43.17461470807732,0.5304401547579849,-10.850203329535626,2.1344287508287265,False,,False,54.50530679211805,,,,,,,,,,,,,,,,,,False,False
AGRO,bull_flag,12.789999961853027,11.279999732971191,11.619999885559082,,,,False,,,,,,,34.904609019211776,12.0,10.0,23.794230854148573,0.7885017252024843,-9.147772320434273,2.925991014943387,False,,False,55.83974577361111,,,,,,,,,,,,,,,,,,False,False
MOVE,bull_flag,12.095000267028809,10.470000267028809,10.920000076293945,,,,False,,,,,,,34.80791289878351,12.0,4.0,37.12373717882065,0.22525597866930214,-9.714759527024858,4.12087734543184,False,-195.37444933920702,False,,,,-195.37444933920702,,,,,,,,,,,,,,,False,False
BE,bull_flag,280.47900390625,249.0500030517578,270.0199890136719,,,,False,,,,,,,34.377119301909296,5.0,6.0,39.7208106264172,0.8493658199855696,-3.7289831848069626,7.7660865177104705,False,65.44129822818347,False,40.83960387175926,,65.44129822818347,,,-99.76979281353218,,,,133.78948951018285,36.28098998656175,59.520627975487585,21.377789349547417,-3.411645196146307,50.539320633275594,29.545293951384966,24.116243085616198,21.377789349547417,True,False
DCTH,bull_flag,16.940000534057617,15.680000305175781,16.219999313354492,,,,False,,,,,,,33.966745233421804,14.0,15.0,28.90442382620808,0.42929390205864004,-4.250302231428939,3.3292172073898354,False,-200.0,False,47.50609691737269,0.0,-200.0,,-66.66666666666666,,,-350.0,-71.42857142857143,20.603576751117725,26.33441164577437,37.27152317880795,83.59821428571428,16.559974393854525,20.58085681204169,0.8024120994018391,-14.874151349561181,20.603576751117725,True,False
CGAU,bull_flag,24.520000457763672,21.46500015258789,21.920000076293945,,,,False,,,,,,,33.536911906165365,15.0,15.0,44.70867663206668,0.8055089244152488,-10.603590264805637,2.075729571726271,False,,False,40.83955130645833,,,,,,,,,,,,,,,,,,False,False
DELL,bull_flag,576.75,525.8499755859375,563.2899780273438,,,,False,,,,,,,33.479994829963246,7.0,3.0,29.12362698758922,0.7212359378552823,-2.3337706064423496,6.646665820777092,False,39.02439024390243,True,71.83940359745371,272.94117647058823,282.4817518248175,55.60747663551404,39.02439024390243,20.992366412213737,57.357357357357365,46.05263157894739,34.11764705882352,57.747850617947336,87.53528958850201,39.48017216163136,10.830665681687602,7.13699192555084,31.346055903412328,23.603036474726903,-9.306152606125739,10.830665681687602,True,False
HBIO,bull_flag,8.369999885559082,7.849999904632568,7.96999979019165,,,,False,,,,,,,32.90112978718997,15.0,9.0,17.24137688039466,0.6315655532833446,-4.778973725645557,1.5056447768889647,False,106799.99999999991,False,49.50583598991898,,,106799.99999999991,,,-107.20299345182414,,,11.134474327628352,-4.679893450904748,-3.3433784003909395,-6.276741010468823,9.501324981932058,-12.555298082999789,15.268806760235055,0.6894865525672422,-6.276741010468823,True,False
EPRX,bull_flag,8.364999771118164,7.929999828338623,8.09000015258789,,,,False,,,,,,,32.807568984947586,7.0,3.0,23.557705092712737,0.3594513764456752,-3.2875030012524884,1.9777542797460326,False,,False,47.8393497858912,,,,,,,,,,,,,,,,,,False,False
CHYM,bull_flag,35.54999923706055,30.854999542236328,31.25,,,,False,,,,,,,32.665320488837764,15.0,15.0,27.546006900157412,0.6717496708796346,-12.095638057223464,1.2640014648437499,False,,False,48.839540378414355,,,,,-46.153846153846146,-95.89905362776025,,,26.81421341326027,24.798937433493194,41.36027363815005,41.46257033840517,3.457128425501277,8.556772945110147,9.721647265320987,2.910163609133032,24.798937433493194,True,False
PSNL,bull_flag,17.639999389648438,15.914999961853027,16.110000610351562,,,,False,,,,,,,32.38680240606986,13.0,15.0,31.63506999223275,0.6486728051887886,-8.67346276777489,1.2104322849822644,False,,False,47.83862201100695,,,,,,,,,29.95989071673546,-24.91142926474157,3.2440476190476186,-43.61896612081372,44.49974146845914,-10.79850100893629,19.6619523973784,-15.741440446433764,-43.61896612081372,True,False
AII,bull_flag,26.739999771118164,25.170000076293945,26.15999984741211,,,,False,,,,,,,31.896971056764635,11.0,14.0,22.6707980715635,0.7872364926026504,-2.169034886576595,3.7844028168681363,False,-63.30935251798561,False,54.83974766451389,7.407407407407396,-63.30935251798561,,103.03030303030303,70.58823529411764,75.86206896551721,-13.432835820895516,-58.64197530864197,54.59402139626035,26.493336671952818,1.4213349225268068,33.26601207485551,26.657575524298636,33.57669594852661,9.750749685615713,-16.74250661082699,1.4213349225268068,True,False
SII,bull_flag,139.3300018310547,122.08000183105469,124.08000183105469,,,,False,,,,,,,31.878963016233563,15.0,15.0,46.84659652327575,0.533929384947287,-10.945237780511526,1.6118632902046275,False,,False,48.50517423800926,,,,,,,,,,,,,,,,,,False,False
BSIN,bull_flag,1.6699999570846558,1.440000057220459,1.5299999713897705,,,,False,,,,,,,31.666665010982165,14.0,14.0,36.842101960961465,0.626703417902441,-8.383232891771168,5.882347441324486,False,,False,,,,,,,,,,5.226824457593682,-26.85818513451892,-67.00591715976331,-64.93847084930403,33.04239401496258,15.064562410329984,-19.792865362485614,-14.299802761341219,-67.00591715976331,True,False
HALO,bull_flag,111.1500015258789,103.47000122070312,108.44000244140625,,,,False,,,,,,,31.34686445464039,15.0,15.0,22.422381353979393,0.5404823892340245,-2.4381457915155234,4.583180661019058,False,-206.60377358490564,True,46.8391660075,42.85714285714284,31.182795698924725,-206.60377358490564,36.190476190476176,55.73770491803278,,-179.020979020979,7.5187969924811915,47.6729942066628,42.22856517192037,51.59559474913424,22.124625970408562,27.684838123958077,-16.61453802513242,27.522694939367256,8.76368894660735,22.124625970408562,True,False
CBLL,bull_flag,25.62689971923828,22.969999313354492,24.5,,,,False,,,,,,,31.232880892818926,13.0,15.0,17.193005586188388,0.5890383482521301,-4.397331443070775,6.244900761818399,False,-121.47239263803682,False,47.83957033657408,,,-121.47239263803682,,,,,,32.53927072031699,29.295788394905074,33.721808568037126,31.369584181448083,6.05042651166301,6.899612653324727,9.717118951702153,6.5569130619368865,29.295788394905074,True,False
NRGV,bull_flag,4.460000038146973,3.7899999618530273,3.9700000286102295,,,,False,,,,,,,31.192660149114417,5.0,5.0,49.01960875977925,0.8178697820758284,-10.986547205060718,4.534006686650187,False,,False,53.83883953817129,,,,,,,,,-10.96504955659885,-72.16294214023736,-99.3114102593554,-86.85884455032758,-74.50330136536105,2691.576313594662,-78.26323422770123,-42.45174752217006,-99.3114102593554,True,False
CYPH,bull_flag,2.7200000286102295,2.055000066757202,2.440000057220459,,,,False,,,,,,,30.95238787922481,5.0,4.0,27.884606346930603,0.7688257164149516,-10.294116486933829,15.778687763713906,False,,False,55.50610728413194,,,,,,-150.0,,,0.0,0.0,0.0,0.0,0.0,0.0,0.0,0.0,0.0,True,False
OKTA,bull_flag,191.99000549316406,165.74000549316406,188.1199951171875,,,,False,,,,,,,30.617874057336646,8.0,7.0,12.153038116442211,0.7251015327386441,-2.015735332699054,11.896656498466335,False,19.999999999999996,False,75.83879381637732,75.67567567567568,19.999999999999996,133.3333333333334,,54.761904761904766,19.99999999999997,45.83333333333337,-35.13513513513513,10.576923076923084,11.191860465116289,11.58357771260996,11.578947368421044,5.228758169934644,0.5256241787122251,2.5606469002695365,1.9230769230769162,10.576923076923084,True,False
GRAL,bull_flag,85.48999786376953,73.45999908447266,75.11000061035156,,,,False,,,,,,,30.189272758669873,13.0,15.0,47.439927484874744,0.8144540291404089,-12.141768058011602,2.1967800725214017,False,,False,55.83919487231481,,,,,,,,,25.723047490434393,28.105663222037247,13.973125588204539,26.322769789194478,9.56724285889421,-6.449985090717247,20.45366635353927,1.8287193337834795,13.973125588204539,True,False
RGLD,bull_flag,271.42999267578125,240.75509643554688,245.50999450683594,,,,False,,,,,,,29.96166157941613,15.0,15.0,43.74681439155929,0.7781448390987292,-9.549423007171626,1.9367431785579172,False,-36.19631901840484,True,48.83859821050926,38.3084577114428,91.86046511627906,-36.19631901840484,31.506849315068486,-15.75757575757576,217.30769230769204,-45.83333333333328,-4.477611940298498,114.90772408332259,142.52207448458404,85.29028436018957,30.041220200477724,-3.9618438582467386,24.992006906033183,48.89791643524764,20.236783484304265,30.041220200477724,True,False
MGRT,bull_flag,120.5,117.98999786376953,118.01000213623047,,,,False,,,,,,,29.85476160419045,11.0,4.0,9.76576246656813,0.3135203366058906,-2.0663882686884074,0.016951336411166754,False,,False,,,,,,,,,,,,,,,,,,,False,False
HAE,bull_flag,108.08000183105469,100.52999877929688,106.23999786376953,,,,False,,,,,,,29.569379990306288,14.0,15.0,31.51294713126138,0.6674386760439429,-1.702446276936005,5.374622740292719,False,-135.04273504273505,True,49.50583216159722,2.857142857142869,-135.04273504273505,28.37837837837838,22.72727272727273,,-143.15789473684214,17.28395061728394,15.714285714285726,5.596246351829848,4.764684708665179,-2.7471581617136476,-5.266402516851853,-2.0126981010593292,2.1783831464419867,3.559873516337464,1.8422870370946587,-5.266402516851853,True,False
OBIO,bull_flag,6.28000020980835,5.739999771118164,6.010000228881836,,,,False,,,,,,,29.113927870831446,5.0,3.0,27.536237893347433,0.7026844444444444,-4.2993626099696165,4.4925199248104795,False,,False,49.838797731643524,,,,,,-217.8571428571429,,,-89.47368421052632,-87.32718894009217,12120.158102766798,-12.765957446808507,-19.999999999999996,-99.64420868777695,3490.8246225319394,2.9904306220095656,-89.47368421052632,True,False
SGMT,bull_flag,11.449000358581543,10.104999542236328,10.460000038146973,,,,False,,,,,,,28.785985689871787,15.0,15.0,8.043495838041235,0.6325620537643704,-8.63831155087064,3.3938861817971286,False,,False,56.5051909130324,,,,,,,,,,,,,,,,,,False,False
ATNI,bull_flag,31.309999465942383,29.25,29.760000228881836,,,,False,,,,,,,27.905034534449257,14.0,15.0,21.791034833600882,0.7592969348659004,-4.9504926972182375,1.7137104333315323,False,-293.7500000000003,False,53.83966907524305,,,-293.7500000000003,,,,-272.2222222222222,,2.4416760769803814,2.009851857700795,1.179384996499544,1.4124980255403985,1.5486936432705267,-0.6765547749154277,1.2969741264145407,0.26609163643354083,1.179384996499544,True,False
GPRK,bull_flag,12.170000076293945,11.210000038146973,11.279999732971191,,,,False,,,,,,,27.848503832246372,14.0,6.0,28.42873069706896,0.7936426847488796,-7.313067688934479,0.6205646851179543,False,,False,48.83917471241898,,,,,,,,,,,,,,,,,,False,False
NTRA,bull_flag,357.1449890136719,316.0,345.3399963378906,,,,False,,,,,,,27.628308830801206,15.0,13.0,30.96018813344155,0.7032013535695855,-3.305378218628553,8.495974010836418,False,,False,49.83881306552083,,,,,,-266.6666666666667,,,37.71496523966338,38.820716178785645,39.7930097193427,34.66110906453095,8.053754859009764,4.6797896318557575,12.38080120503291,8.33937065495791,34.66110906453095,True,False
MLAB,bull_flag,132.6999969482422,119.06999969482422,125.29000091552734,,,,False,,,,,,,27.363611792448616,15.0,13.0,34.125308359804976,0.78808536948913,-5.584021253297399,4.964483338855394,False,-42.352941176470594,False,49.83890737777777,-42.352941176470594,,,-28.57142857142857,,-213.84615384615384,44.44444444444444,-47.05882352941176,0.9992778328266949,2.5573348354389625,3.6378103119032446,5.021354589939997,-5.627393132885572,-2.152750053741981,7.226237713420147,2.0052734998236676,0.9992778328266949,True,False
STLN,bull_flag,6.697000026702881,5.760000228881836,6.53000020980835,,,,False,,,,,,,27.0541171020378,15.0,13.0,42.96294517151298,0.5926513737291871,-2.4936511307847478,11.791729803774578,False,,False,53.838502649884255,,,,,,,,,34.623795929951086,41.21889546577784,41.578984112419846,36.69933233901563,9.387483807082164,3.8631416555717557,3.949064175038819,13.991419174972041,34.623795929951086,True,False
HYLN,bull_flag,4.079999923706055,3.619999885559082,3.940000057220459,,,,False,,,,,,,26.98412313963503,10.0,6.0,44.70590083244557,0.7455272253439288,-3.4313693407726165,8.121831650102223,False,,False,54.839089424537036,,,,,,,,,226.3366336633663,479.14110429447857,-52.81643472498343,,74.57627118644068,297.75280898876406,-6.192358366271411,-49.9009900990099,-52.81643472498343,False,False
VOXR,bull_flag,6.0,5.300000190734863,5.510000228881836,,,,False,,,,,,,26.69583685700676,15.0,15.0,40.16392257257599,0.7307541045614118,-8.166662851969402,3.8112528026081174,False,,False,55.838334142291664,,,,,,,,,,,,,,,,,,False,False
MRVI,bull_flag,7.159999847412109,6.485000133514404,6.840000152587891,,,,False,,,,,,,26.584511875302375,15.0,6.0,46.68872959232008,0.515952779641524,-4.469269576030488,5.190058642603587,False,,False,49.83888529255787,,,,,,,,,8.534295419541316,40.52721451440768,-11.832101559461083,-39.688518652662076,-21.864605009341254,32.02783459671921,19.783809752582272,-12.167436757600692,-39.688518652662076,True,False
SNDK,bull_flag,1807.3800048828125,1504.199951171875,1519.969970703125,,,,False,,,,,,,26.559058384637236,15.0,11.0,19.009677485227584,0.7185588193030601,-15.902025772290354,1.0375217823517213,False,-48.630136986301366,False,50.83851713753472,,,615.2777777777778,-48.630136986301366,94.65914025184543,347.18446601941747,586.6666666666667,,371.59389794844816,251.03244837758112,61.24733475479744,22.570366436537448,50.67226890756302,96.69421487603307,31.065857885615245,21.409784324039972,22.570366436537448,True,False
NVCT,bull_flag,25.190000534057617,21.309999465942383,21.8700008392334,,,,False,,,,,,,25.72185187939777,14.0,12.0,49.84552635362836,0.7925927282792758,-13.179831776245823,2.5605914577122855,False,,False,47.50548906409722,,,,,,,,,,,,,,,,,,False,False
JILL,bull_flag,24.290000915527344,23.209999084472656,23.940000534057617,,,,False,,,,,,,25.612935982634276,6.0,3.0,17.71895857984488,0.6680233445348139,-1.4409237063716593,3.049295878445965,False,-309.0909090909091,True,,60.86956521739133,-59.210526315789465,-309.0909090909091,-25.00000000000001,258.0645161290323,,-138.3333333333333,-13.043478260869556,0.9411917014596982,-5.998233903851647,-3.084981725860003,-0.4342554397248177,7.712020114108897,4.192185622062761,-8.038651179721368,-2.194387804641229,-5.998233903851647,True,False
TBBB,bull_flag,52.220001220703125,48.099998474121094,50.40999984741211,,,,False,,,,,,,25.23984732202631,11.0,15.0,27.38793209540314,0.4872561629478865,-3.466107489429592,4.582426860311931,False,,False,62.838484416064816,,,,,,,,,,,,,,,,,,False,False
TWLO,bull_flag,244.88999938964844,221.86000061035156,238.8800048828125,,,,False,,,,,,,24.91718434268144,15.0,13.0,40.46530115188961,0.5945835931996536,-2.4541608566356103,7.1249179188565614,False,375.0,False,42.83840695599537,4671.428571428571,375.0,,,1071.9298245614036,,-221.73913043478262,64.28571428571428,22.033416773510805,19.99585487985549,14.319550398172144,14.70940299863539,6.552103301781842,2.9999341108255972,5.039057153095738,5.859291369029451,14.319550398172144,True,False
CLS,bull_flag,329.7200012207031,313.0,323.8299865722656,,,,False,,,,,,,24.761493861711426,6.0,3.0,48.77869786044175,0.6956576169325519,-1.7863686238721466,3.3443433348779186,False,74.17582417582416,True,39.839490588194444,74.17582417582416,147.29729729729732,77.51937984496129,208.0,73.22404371584699,-20.087336244541486,-0.8658008658008698,26.923076923076916,62.39026750535701,52.79770444763272,43.57151274698512,27.78555711142228,16.100815418828752,10.72806369531314,14.43018159048215,10.38916154005669,27.78555711142228,True,False
CMDB,bull_flag,24.760000228881836,22.829999923706055,23.440000534057617,,,,False,,,,,,,24.423479381791125,13.0,6.0,19.527894360714836,0.8231104710366296,-5.331178039669307,2.6023916230942485,False,,False,57.506188191944446,,,,,,,,,,,,,,,,,,False,False
TLYS,bull_flag,4.960000038146973,4.329999923706055,4.380000114440918,,,,False,,,,,,,22.994649542857882,12.0,3.0,31.39535044901709,0.35261007735507754,-11.693546758978238,1.1415568362660995,False,-94.11764705882352,True,76.83842608560185,19.999999999999996,-37.5,-94.11764705882352,-33.333333333333336,259.99999999999994,150.0,-90.9090909090909,46.66666666666668,51.943574541636075,-13.053359546018594,-14.2938716867137,30.555171937577686,31.102166487596005,-10.652138093088903,-7.7147352832284355,40.55812138164314,-14.2938716867137,True,False
PUBM,bull_flag,17.8799991607666,15.640000343322754,16.850000381469727,,,,False,,,,,,,22.77447922164326,13.0,15.0,29.641660723028103,0.5761366702602061,-5.760619841397767,7.181008965896721,False,-46.153846153846146,False,53.838623938449075,,,-46.153846153846146,,,-292.8571428571429,,,10.54645193051551,-1.97101449275362,-6.381137283338401,-5.32973003092525,25.614141640161737,-21.836194188341707,17.783990582695708,-4.409592798368378,-6.381137283338401,True,False
MRK,bull_flag,154.27933114005333,142.32000732421875,144.91000366210938,,,,False,,,,,,,22.226555743186015,15.0,15.0,46.71319880823767,0.7088324362480937,-6.072963506329028,1.7873136929385431,False,-185.5721393034826,True,42.505576061759264,-130.6818181818182,-185.5721393034826,-20.134228187919444,87.09677419354837,,-244.53781512605036,-48.70689655172412,31.818181818181813,5.067695811717066,4.874750466868449,4.966717869943671,3.716155370114671,1.9710180523148768,-0.6951219512195128,-5.070618198657096,9.300265721877764,3.716155370114671,True,False
MG,bull_flag,20.09000015258789,18.170000076293945,19.360000610351562,,,,False,,,,,,,21.912603207764203,13.0,13.0,31.213870283205438,0.807504853237697,-3.633646275220627,6.1466967796547385,False,-29.41176470588229,False,48.83894054474536,129.99999999999997,,-29.41176470588229,104.99999999999999,228.57142857142856,-41.666666666666686,-70.73170731707316,309.99999999999994,4.167633019605721,4.590539244500813,5.0506278548726025,7.036355873756106,14.256303465574982,-6.845223333608885,-7.20740070263719,5.471265607723641,4.167633019605721,True,False
DSX,bull_flag,3.069999933242798,2.890000104904175,2.990000009536743,,,,False,,,,,,,21.830700762799225,15.0,7.0,22.248636634687937,0.8292929892861549,-2.6058607637020987,3.3444784051375938,False,,False,63.506035497418985,,,,,,,,,,,,,,,,,,False,False
HELP,bull_flag,13.920000076293945,11.255000114440918,13.470000267028809,,,,False,,,,,,,21.678321944817224,14.0,12.0,42.62673540153203,0.7805830227392516,-3.232757232749559,16.44395032425988,False,,False,56.50584010775463,,,,,,,,,,,,,,,,,,False,False
BDSX,bull_flag,28.790000915527344,25.420000076293945,28.559999465942383,,,,False,,,,,,,21.57564754656398,11.0,9.0,36.099582599281064,0.3729084036831677,-0.7988935125768405,10.994395827608004,False,-133.33333333333331,False,47.83959588111111,,,-133.33333333333331,,,,,,34.18423418922969,42.30426550840851,40.75578834010476,19.927276734064247,5.110545881432205,-11.128499391410184,32.097574421168694,8.742132081126996,19.927276734064247,True,False
KRT,bull_flag,50.66999816894531,45.18000030517578,49.599998474121094,,,,False,,,,,,,21.521896755887184,15.0,15.0,48.652478994269224,0.733510465116279,-2.1117026514518433,8.911286905082177,False,-20.000000000000007,True,49.8390123280787,170.37037037037032,6.25,21.42857142857144,-20.000000000000007,329.4117647058823,-1.1102230246251565e-14,-5.555555555555525,-33.333333333333336,9.93337957511331,12.857060140507981,13.741404244016175,10.41491163508348,16.55023215644693,1.1503498620445196,-7.14687269105978,0.42746761731162763,9.93337957511331,True,False
HPQ,bull_flag,35.189998626708984,32.650001525878906,32.70000076293945,,,,False,,,,,,,21.3577277849502,12.0,3.0,45.322610353918805,0.8448940760932269,-7.075868033366841,0.15290286206113338,False,-11.250000000000004,True,68.83915607325231,-11.250000000000004,16.666666666666675,-1.6949152542372947,-9.677419354838745,44.89795918367348,-15.517241379310342,-30.952380952380942,4.999999999999982,12.525122021246048,8.986384266263236,6.916469194312791,4.155104944859489,8.807606885063857,-0.20778501177448616,-1.3730446068720537,5.074648291702566,4.155104944859489,True,False
INTG,bull_flag,39.5,35.79999923706055,37.29999923706055,,,,False,,,,,,,21.212125184523025,12.0,5.0,44.18261554486117,0.5387609548935075,-5.5696221846568434,4.021447803434884,False,,False,,,,,,,,,,21.08892058963385,19.80472266463542,5.95646516029813,20.71354089080888,17.750419050921916,-3.4165131468765653,10.526315789473696,-3.6673799334284385,5.95646516029813,True,False
TII,bull_flag,3.0999999046325684,2.7249999046325684,2.799999952316284,,,,False,,,,,,,21.13821027898075,14.0,4.0,49.0384853450513,0.6088131057428035,-9.677418114367397,2.6785731771771086,False,,False,48.505111090613426,,,,,,,,,,,,,,,,,,False,False
ROIV,bull_flag,41.83000183105469,39.165000915527344,39.56999969482422,,,,False,,,,,,,21.118194724379833,5.0,5.0,36.28258059789747,0.6761460503433094,-5.402825812339884,1.0234995764982255,False,-265.21739130434787,False,53.505242708842594,,,-265.21739130434787,,-176.47058823529412,,,,-33.54838709677419,-66.7107001321004,-77.83322244400088,-64.89385474860335,-42.77777777777778,26.063031515757885,27.243793761935066,-27.6036866359447,-77.83322244400088,True,False
CACI,bull_flag,646.1199951171875,604.8599853515625,631.1799926757812,,,,False,,,,,,,20.599184391363945,15.0,14.0,18.62994298578763,0.8308779245637721,-2.3122643710626174,4.16996857150676,False,-0.7032348804500765,True,34.83958338260417,-0.7032348804500765,17.599999999999994,14.54918032786885,5.628517823639778,20.068027210884342,5.187835420393561,-0.7104795737122527,-20.815752461322077,17.573250630168946,8.491994857363828,5.728521022626354,11.217620396628103,15.229889213195058,5.896363987699638,-2.9517975645462546,-0.7170124783867693,5.728521022626354,True,False
PBR,bull_flag,21.989999771118164,20.809999465942383,20.90999984741211,,,,False,,,,,,,20.382876606036394,10.0,4.0,15.74585256928367,0.7761026987805023,-4.911323032956712,0.47824190434942987,False,,False,54.83876306927084,,,,,,,,,,,,,,,,,,False,False
DE,bull_flag,705.8800048828125,665.447509765625,669.469970703125,,,,False,,,,,,,20.277972072445394,10.0,9.0,27.96202487024715,0.7184767916253508,-5.15810533345992,0.600842623796154,False,-24.13793103448276,True,69.50607669331018,7.36842105263158,-1.3554216867469826,-24.13793103448276,-14.22319474835887,-22.137404580152676,170.6611570247934,-38.26530612244898,-17.47368421052632,4.909302712597774,4.748099976494546,12.964268923366241,11.225771715721455,-5.6922731692722,39.1010300697118,-22.460669624848727,3.1369612248294265,4.748099976494546,True,False
VBNK,bull_flag,23.09000015258789,21.975000381469727,22.6200008392334,,,,False,,,,,,,19.272347256726817,7.0,3.0,17.647068032582,0.545831303563374,-2.0355102219512777,2.8514608038605678,False,,False,83.5050003316551,,,,,,,,,,,,,,,,,,False,False
PDS,bull_flag,94.58000183105469,85.29000091552734,86.02999877929688,,,,False,,,,,,,19.23432302947092,14.0,13.0,34.522984795145256,0.8412210324722686,-9.039969217837845,0.8601625877828232,False,,False,41.83873314424769,,,,,,,,,,,,,,,,,,False,False
TSAT,bull_flag,50.29999923706055,46.91999816894531,48.790000915527344,,,,False,,,,,,,18.962219902065726,11.0,3.0,35.687285272960104,0.8047020624135651,-3.0019847801919077,3.832758170715479,False,,False,54.505098160740744,,,,,,,,,,,,,,,,,,False,False
TGTX,bull_flag,58.470001220703125,52.5,55.849998474121094,,,,False,,,,,,,18.690035786062786,14.0,9.0,49.10714399753748,0.7221665245641372,-4.480934995524402,5.998206921479799,False,-70.58823529411764,True,46.50508933409722,-70.58823529411764,300.0,-12.500000000000199,12050.0,-58.33333333333333,-14.285714285714091,-94.23868312757203,1329.4117647058824,70.27162977867204,69.55550407096047,78.00434441003836,92.78842141656433,17.283498765359795,6.41000342725393,19.086754602403076,14.56697934083373,69.55550407096047,True,False
NVA,bull_flag,6.090000152587891,5.789999961853027,6.019999980926514,,,,False,,,,,,,18.532819883410557,7.0,3.0,36.458321950502324,0.6993381525207699,-1.1494280772986682,3.8205983355848447,False,,False,,,,,,,,,,,,,,,,,,,False,False
NX,bull_flag,21.886225384804245,20.5,20.780000686645508,,,,False,,,,,,,18.17199123548221,5.0,5.0,37.84320507655462,0.6472533321774561,-5.054433456245025,1.3474527304777872,False,-84.09090909090908,False,84.8388129418287,,-84.09090909090908,,,728.5714285714284,,-118.36734693877551,,10.91036470281428,15.579036306006344,-16.879029423298476,76.66553710606574,8.538239104434364,13.023571887779916,-17.401312003682822,9.457918396032516,-16.879029423298476,True,False
DAVE,bull_flag,394.989990234375,345.0,365.8299865722656,,,,False,,,,,,,17.919606320446245,15.0,9.0,49.152849106044,0.7608085069909092,-7.3824664885322075,5.693898077475094,False,-20.967741935483875,True,48.839429935451385,-20.967741935483875,104.06091370558373,322.01834862385306,21033.333333333336,-87.81094527363183,-12.608695652173918,-27.444794952681395,922.5806451612904,29.627268380427594,46.708156215560436,62.35719952399841,62.96532560628832,7.814334591639627,-3.2414900959559234,8.622325427102329,14.396199063427373,29.627268380427594,True,False
EZPW,bull_flag,33.869998931884766,29.420000076293945,30.739999771118164,,,,False,,,,,,,17.908787714779173,15.0,10.0,49.275345721753766,0.5376773672939449,-9.241214229328074,4.294078414614782,False,37.5,True,62.83931977924769,41.17647058823528,84.84848484848484,37.5,74.99999999999977,-21.311475409836067,10.90909090909089,57.14285714285721,2.9411764705881804,34.653885607159275,45.88888598701995,19.317550051535125,14.347939745578863,-6.295411977685339,16.97873665969494,13.4216909679852,8.306616802955812,14.347939745578863,True,False
NKTX,bull_flag,3.0799999237060547,2.755000114440918,2.869999885559082,,,,False,,,,,,,17.813767292465556,13.0,5.0,35.22726164376584,0.8404514792899409,-6.818183225611482,4.00696082591522,False,,False,54.838845257754635,,,,,,,,,,,,,,,,,,False,False
TAYD,bull_flag,62.18000030517578,58.279998779296875,59.90999984741211,,,,False,,,,,,,17.738187365757963,13.0,13.0,27.510922486266466,0.829834967545919,-3.6506922589621156,2.720749578145166,False,-51.69491525423725,True,,-51.69491525423725,23.4375,88.23529411764706,-17.647058823529417,-27.848101265822756,23.4375,-8.571428571428562,-40.677966101694906,-42.45510326547761,5.758415134587058,35.730886884494,-14.628396151579082,-19.85600187448521,-3.7081228790830867,16.98994288364497,-36.26211783521968,-42.45510326547761,True,False
BBCP,bull_flag,10.5,10.039999961853027,10.09000015258789,,,,False,,,,,,,17.454956877919493,6.0,3.0,25.16130937621709,0.7491166847013964,-3.904760451543899,0.4955420215929253,False,-43.750000000000014,False,118.83963970988427,28.57142857142856,,,-43.750000000000014,125.0,,-166.66666666666669,28.571428571428537,13.135228708886038,14.391858581590245,4.644486594555808,-3.152305944124445,9.30891180544866,19.354088081124775,-17.411445795318915,4.998991068299374,-3.152305944124445,True,False
DOCN,bull_flag,125.73999786376953,114.30999755859375,123.76000213623047,,,,False,,,,,,,17.240386886753868,6.0,3.0,47.78762256934291,0.788845927681471,-1.5746745356909015,7.635750173335082,False,-61.53846153846154,True,48.5060596255324,-25.64102564102565,-61.53846153846154,9.523809523809534,357.5757575757575,93.33333333333333,-34.78260869565217,-84.76821192052981,287.1794871794872,28.57064471879287,22.40214899645472,18.282298401854334,15.693960218455905,9.026191814815544,6.400841618878661,5.554926535269167,4.999542752629171,15.693960218455905,True,False
TARS,bull_flag,83.33999633789062,77.08000183105469,77.63999938964844,,,,False,,,,,,,17.154982102509898,9.0,5.0,46.947170828003664,0.5722351249613084,-6.83944948249377,0.7212745530603561,False,,False,48.50516133296296,,,,,,,,,69.40580557179037,106.8730452543563,128.38814600650522,146.67899746456627,7.317313981759166,6.847851887016376,27.7774501461705,15.621468926553671,69.40580557179037,True,False
ROLR,bull_flag,6.71999979019165,6.050000190734863,6.179999828338623,,,,False,,,,,,,16.78832250167568,12.0,7.0,38.04346473996828,0.7829543880215272,-8.03571396893789,2.1035540649635864,False,,False,56.838576575717596,,,,,,-172.5,2.564102564102577,,-51.57731425616273,-35.20692974013474,-60.5759682224429,-16.431612559872278,-16.547831253713607,5.982367758186391,-49.43480337525872,8.274435442165151,-60.5759682224429,True,False
LB,bull_flag,90.80682782256604,81.75,82.69999694824219,,,,False,,,,,,,16.63953320421392,15.0,15.0,33.27174599178572,0.5223557749621728,-8.927556516085295,1.1487267029002954,False,14.999999999999991,False,53.83899807685185,66.66666666666667,14.999999999999991,,,73.91304347826086,-4.1666666666666625,-7.692307692307699,8.333333333333348,40.6180969011003,16.049691702122825,55.55616438356164,78.43577772317197,31.04597588471718,-10.167670576631792,11.699553422124298,6.938337575999842,16.049691702122825,True,False
KB,bull_flag,133.2899932861328,126.94999694824219,128.0,,,,False,,,,,,,16.575412395933785,15.0,3.0,26.957903375347176,0.8068326732285008,-3.9687850195751877,0.820314884185791,False,,False,42.50568929603009,,,,,,,,,,,,,,,,,,False,False
GOLD,bull_flag,48.810001373291016,46.455299377441406,46.81999969482422,,,,False,,,,,,,16.24879882557351,5.0,3.0,26.18251340944992,0.4862937239905522,-4.0770367188633845,0.778941306621001,False,-110.8108108108108,False,49.83918596207176,18.604651162790773,,70.37037037037037,-110.8108108108108,-75.5980861244019,354.34782608695645,,-109.30232558139534,,,,,20.324105334233632,335.5882352941176,,,,False,False
PPIH,bull_flag,31.100000381469727,29.25,30.280000686645508,,,,False,,,,,,,16.028530614091817,9.0,3.0,38.8758704789812,0.8494364367086694,-2.6366549349394806,3.4015873952729883,False,-63.934426229508205,True,,209.99999999999997,-63.934426229508205,165.21739130434767,148.38709677419354,40.90909090909092,-63.93442622950819,-20.779220779220797,670.0,,,,,11.893800408459976,7.586027111574567,14.258967703501968,,,False,False
FLXS,bull_flag,85.51000213623047,78.45999908447266,81.55000305175781,,,,False,,,,,,,15.918711095310156,8.0,13.0,32.624119711165164,0.7845645297996816,-4.631036119217695,3.7890911730855557,False,-27.160493827160504,False,32.83925274003472,28.42105263157899,,-27.160493827160504,77.02702702702705,114.03508771929829,-3.3898305084745783,-9.92366412213741,-31.052631578947356,0.6578775161197425,1.0116519846979921,9.00233216264299,6.184199140442481,0.20846905537459381,-2.641882806619933,7.071777180162808,-3.6401392536492994,0.6578775161197425,True,False
SND,bull_flag,5.46999979019165,4.840000152587891,5.179999828338623,,,,False,,,,,,,15.789482089801666,15.0,14.0,0.0,0.7678300521320337,-5.3016448441740565,6.563700521584384,False,-70.00000000000004,False,55.83849559871528,-53.70370370370371,,-70.00000000000004,,,-433.3333333333338,-62.50000000000006,-85.18518518518519,13.533287366888835,-42.195923180592985,-46.84582625296326,-64.3644390318161,7.974499089253184,8.339582428858971,8.236148489897044,-10.330958400367729,-64.3644390318161,True,False
HPE,bull_flag,62.150001525878906,55.02000045776367,56.68000030517578,,,,False,,,,,,,15.785340598780762,5.0,5.0,48.31880217594442,0.6861175224598886,-8.801288956405653,2.928722368515099,False,-87.25490196078431,False,77.8391617134838,404.7619047619048,,-29.54545454545454,-87.25490196078431,140.9090909090909,41.93548387096775,138.46153846153854,-38.095238095238116,32.95819935691318,39.10428662827896,18.10945273631841,14.328703703703694,14.110937356268982,14.479780960404387,-3.867179591010328,5.873526259378359,14.328703703703694,True,False
HAFN,bull_flag,9.84000015258789,9.229999542236328,9.710000038146973,,,,False,,,,,,,15.458013183774021,7.0,3.0,11.944293831131848,0.8390688138268363,-1.3211393539127976,4.94336245133781,False,,False,62.83917381295139,,,,,,,,,,,,,,,,,,False,False
MRNA,high_tight_flag,156.4149932861328,130.3800048828125,145.6199951171875,,,,False,,,,,,,186.4277804014937,18.0,10.0,23.79244947549339,0.34370348583323995,-6.901511128922165,10.465589029934137,False,-1800.0,False,49.50554097457176,,,,-1800.0,,,,,2.1126760563380254,260.18518518518516,-29.81366459627329,-45.43501611170784,-62.724935732647815,-42.62536873156342,-33.26771653543307,615.4929577464789,-45.43501611170784,True,False
RCEL,high_tight_flag,11.390000343322754,9.600000381469727,10.449999809265137,,,,False,,,,,,,176.96201134981072,38.0,8.0,19.17023302569603,0.49141146118097323,-8.252857820225447,8.133965964686306,False,,False,49.838588999641196,,,,,,,,,17.90299572039944,4.0327421555252485,-4.288381287063469,-12.875116015262456,12.72031053294167,9.368366703000408,3.1603243179262552,-7.2917809722374605,-12.875116015262456,True,False
REPL,high_tight_flag,16.329999923706055,12.399999618530273,12.960000038146973,,,,False,,,,,,,174.95327664229626,19.0,16.0,24.679491310534438,0.2732173691656703,-20.63686406187238,4.320990879385587,False,,False,49.505245910659724,,,,,,,,,,,,,,,,,,False,False
HELP,high_tight_flag,14.350000381469727,11.109999656677246,13.470000267028809,,,,False,,,,,,,170.35293579101562,40.0,24.0,5.248620531133384,0.8114843364324502,-6.132404815663066,17.520419922546353,False,,False,56.50584010775463,,,,,,,,,,,,,,,,,,False,False
AGEN,high_tight_flag,8.729999542236328,6.659999847412109,7.210000038146973,,,,False,,,,,,,161.4583302289249,37.0,20.0,18.709684829103104,0.1555187987731077,-17.411220891083616,7.62829664112204,False,,False,49.5064117102662,,,,,-100.98039215686273,1033.3333333333294,-95.36082474226802,,34.358335603907975,40.18116845341977,27.45090732943325,20.400605288308384,2.3179985771875744,-1.3682610221026792,13.127170497767482,17.687127787941304,20.400605288308384,True,False
ENTX,high_tight_flag,3.559999942779541,2.680000066757202,2.9600000381469727,,,,False,,,,,,,154.23729943667547,38.0,25.0,17.582413407717308,0.09330141519687292,-16.853930176305184,9.459458370988969,False,-12.49999999999999,True,57.839350551006945,133.33333333333334,16.666666666666675,0.0,-12.49999999999999,100.0,16.666666666666675,-14.285714285714302,16.666666666666675,,-100.0,-100.0,-100.0,,,,,-100.0,False,False
QMCO,high_tight_flag,25.75,21.719999313354492,23.829999923706055,,,,False,,,,,,,153.4374891345704,32.0,11.0,17.718945631109698,0.5060400318864161,-7.456310975898816,8.854387818325323,False,,False,53.83861440736111,,,,,,,,,25.692996920013698,27.310121933303954,8.59297653019626,-12.709127856804836,3.601559094289297,4.569222106025261,18.92848600813202,-2.4437669165914833,-12.709127856804836,True,False
CAPR,high_tight_flag,11.0,8.180000305175781,8.5600004196167,,,,False,,,,,,,149.09091922440268,20.0,12.0,24.564456210857717,0.2966563701245826,-22.181814367120918,4.439253455760154,False,,False,54.83957467421296,,,,,,,,,-7.921690517003965,-63.4382475774409,1.3777014586210834,64.29114312270147,392.14278829275366,-43.0523150556549,-19.06383632603793,-59.40733891022807,-63.4382475774409,True,False
IOVA,high_tight_flag,9.920000076293945,8.039999961853027,9.869999885559082,,,,False,,,,,,,121.37403718783774,37.0,8.0,13.836475535428427,0.719438331418145,-0.5040341769185053,18.541032876642177,False,,False,49.50570773076389,,,,,,,,,65.6541900186816,44.81793852891087,17.744999592911228,15.19938519340791,39.03541929161416,-17.679870002650656,28.635386553998956,12.515012009607695,15.19938519340791,True,False
ABCL,high_tight_flag,11.729999542236328,10.319999694824219,11.670000076293945,,,,False,,,,,,,120.38094656808033,28.0,8.0,19.77848196770786,0.4189504100165162,-0.5115044184472654,11.568126586494827,False,,False,49.83974626637731,,,,,,,,,-76.29360805431983,96.3400236127509,788.373935432759,37.6210235131397,-51.2928442573662,-81.46207696080617,400.88218872138464,-47.58253336455163,-76.29360805431983,True,False
OMER,high_tight_flag,19.649999618530273,16.5,17.34000015258789,,,,False,,,,,,,114.87888116294145,38.0,18.0,21.385535708403903,0.6685856935640111,-11.75572270120563,4.8442914947871305,False,,False,56.83879604018519,,,,,-75.80645161290323,-56.64335664335665,,,-4.916011198506864,-65.6767165111196,-100.0,-100.0,188.37561912463357,,,-100.0,-100.0,True,False
JLHL,high_tight_flag,7.630000114440918,5.489999771118164,5.510000228881836,,,,False,,,,,,,105.2287688640913,37.0,12.0,24.534173080027188,0.25581467987545004,-27.785057061095774,0.36298469932605865,False,,False,,,,,,,,,,,,,,,,,,,False,False
BOLD,high_tight_flag,3.1640000343322754,2.759999990463257,2.819999933242798,,,,False,,,,,,,104.28571027152387,40.0,20.0,6.849308916765538,0.04690484320215797,-10.872316604196076,2.127657595741337,False,-105.74018126888218,False,,,,-105.74018126888218,,,,,,,,,,,,,,,False,False
AMLX,high_tight_flag,35.474998474121094,31.3700008392334,32.630001068115234,,,,False,,,,,,,104.11281283262332,31.0,12.0,19.018062116700452,0.5244744719634764,-8.019725238554349,3.8614777432939134,False,,False,49.50641051465278,,,,,,,,,,-100.0,,-100.0,,,,,-100.0,False,False
RNG,high_tight_flag,76.43000030517578,67.97000122070312,73.54000091552734,,,,False,,,,,,,103.17463861885243,31.0,8.0,21.63677583325996,0.607353958490712,-3.7812369202002065,7.574108818984474,False,221.4285714285714,False,49.83857455502315,221.4285714285714,,,,28.57142857142858,34.61538461538463,36.842105263157876,35.7142857142857,5.901534176448031,5.251643640451209,4.803974535891897,4.909940617479647,1.9888264340677253,0.025775076742950986,0.8420821883489582,2.9427883390984455,4.803974535891897,True,False
SLN,high_tight_flag,15.279999732971191,12.100000381469727,12.5,,,,False,,,,,,,102.95857695996288,40.0,22.0,23.275860297127096,0.6510808920489051,-18.19371584786423,3.1999969482421875,False,-212.49999999999991,False,49.50519269230324,,,-212.49999999999991,,,,,,-100.0,197.1830985915493,-99.86563920173879,-89.38584779706275,-100.0,1141.1764705882354,-78.61635220125787,-29.01785714285714,-100.0,True,False
AAPL,rainbow_convergence,332.4100036621094,318.02261233075984,332.4100036621094,3.6183787056980754,14.0,True,True,,,,,,,,,,,,0.0,4.328206483813928,True,18.333333333333336,True,42.83974741583333,28.6624203821656,21.818181818181802,18.333333333333336,89.69072164948457,0.4975124378109541,-29.225352112676063,54.347826086956516,17.19745222929936,16.356501765281383,16.59518241592299,15.652453740949323,7.938480985989682,-1.5892574471146892,-22.65783689028632,40.29629340464154,8.964651835467263,7.938480985989682,True,False
ABBV,rainbow_convergence,262.510009765625,254.40709374309728,262.510009765625,2.2692835346194293,3.0,True,True,,,,,,,,,,,,0.0,3.0867074477511136,True,-88.63636363636364,False,42.5064142109375,290.38461538461536,-45.83333333333333,,-88.63636363636364,420.51282051282044,-61.764705882352935,919.9999999999998,-80.76923076923077,7.313606409096773,17.741243745532522,19.210829493087566,21.352095442031207,0.8377853326857698,-0.5073689296931638,4.335770103352665,2.51970538829307,7.313606409096773,True,False
AES,rainbow_convergence,14.8100004196167,14.723777412006866,14.8100004196167,0.5333500249735234,11.0,True,True,,,,,,,,,,,,0.0,0.5821944980881013,True,-31.818181818181813,False,48.83974625475695,,871.4285714285713,-31.818181818181813,25.35211267605635,-11.764705882352954,51.11111111111113,-49.43820224719102,,19.85989492119089,8.6807928913192,4.692775151924367,1.8850714502888444,7.61006289308177,2.5475653015156308,-7.460459564309163,17.37302977232924,1.8850714502888444,True,False
AMD,rainbow_convergence,512.5,489.2838751125723,512.5,3.08811173995124,6.0,True,True,,,,,,,,,,,,0.0,4.5299755877907755,True,59.5744680851064,True,47.83974560434028,155.55555555555554,90.90909090909089,206.6666666666666,59.5744680851064,64.28571428571428,-8.695652173913038,22.666666666666657,38.888888888888886,50.11060507482108,37.84619521376713,34.10812222512405,35.5917289925209,12.513410709060757,-0.16553067185978154,11.075059485182791,20.31229668184775,34.10812222512405,True,True
AMN,rainbow_convergence,34.91999816894531,33.666348357232586,34.91999816894531,1.626497600082678,1.0,True,True,,,,,,,,,,,,0.0,3.590062650196842,True,322.22222222222223,False,49.83974376966435,,,,322.22222222222223,-66.66666666666667,,-125.0,,2.288449120674585,99.89775688763265,1.83963991185625,-7.710880875741266,-51.15669987760826,84.21744796017241,17.92430527536817,-3.597675390283739,-7.710880875741266,True,False
ANET,rainbow_convergence,197.5399932861328,188.47780037735203,197.5399932861328,2.844744352384163,1.0,True,True,,,,,,,,,,,,0.0,4.5875231430500145,True,15.517241379310365,True,47.83971640081019,35.71428571428572,25.0,17.46031746031751,15.517241379310365,18.74999999999998,8.108108108108091,10.44776119402988,-4.2857142857142705,37.68595791001452,35.125698324022345,28.871773673026844,27.46700535645259,12.059800664451824,8.891389983117604,7.776285578131081,4.694303338171268,27.46700535645259,True,False
AUPH,rainbow_convergence,16.959999084472656,16.060092443877622,16.959999084472656,2.29597230481732,3.0,True,True,,,,,,,,,,,,0.0,5.306053591824328,True,56.25,False,53.50633599890047,75.00000000000003,56.25,,129.99999999999997,12.00000000000001,-83.55263157894737,560.8695652173913,43.75,18.87212889955434,24.397662691107016,28.808859638866146,8.406250461111675,7.097355382536508,0.7663978006587691,4.962704851091626,4.942292309450358,8.406250461111675,True,False
AVBC,rainbow_convergence,22.290000915527344,21.677145393358227,22.290000915527344,1.6956498820788817,1.0,True,True,,,,,,,,,,,,0.0,2.749463871677986,True,,False,55.839667392523154,,,,,21.875,,,,,,,,,,,,,False,False
BBY,rainbow_convergence,92.44999694824219,85.97108192662522,92.44999694824219,6.43846134002891,9.0,True,True,,,,,,,,,,,,0.0,7.008020806365378,True,-47.61904761904761,True,68.50628644306713,70.11494252873563,37.89473684210527,365.45454545454527,-47.61904761904761,12.977099236641209,-48.828125,287.8787878787879,-24.13793103448275,3.6130536130536184,1.9276833580472275,-0.9607112130771478,2.4033880359978887,9.433751119068944,-35.31200231649052,42.82464846980976,2.4793388429751984,-0.9607112130771478,True,False
BE,rainbow_convergence,270.0199890136719,237.04132984023602,270.0199890136719,9.785510623845893,8.0,True,True,,,,,,,,,,,,0.0,12.213414012014516,False,65.44129822818347,False,40.83960387175926,,65.44129822818347,,,-99.76979281353218,,,,133.78948951018285,36.28098998656175,59.520627975487585,21.377789349547417,-3.411645196146307,50.539320633275594,29.545293951384966,24.116243085616198,21.377789349547417,True,False
BFH,rainbow_convergence,107.8499984741211,106.20893379579185,107.8499984741211,1.4682911101417118,3.0,True,True,,,,,,,,,,,,0.0,1.5216177112167706,True,20.74829931972788,True,35.506251798344906,20.74829931972788,49.280575539568375,1412.4999999999995,7819.999999999999,-14.457831325301218,242.97520661157,-69.44444444444441,34.6938775510204,697.0246734397679,724.7145187601957,546.4477611940299,-34.02523402523403,8.624270596380178,-6.621721462874031,567.9827267119063,17.634252539912907,-34.02523402523403,True,False
BZH,rainbow_convergence,33.349998474121094,32.557650628271006,33.349998474121094,2.2279305988782703,0.0,False,False,,,,,,,,,,,,0.0,2.3758557184490834,False,-1230.0,False,56.50624729202546,,-107.14285714285714,-1230.0,-40.23668639053256,,,-211.8811881188119,,-5.328705257193778,-27.504382326356403,-22.48882084132099,-1.7690102548262976,25.97561035120508,12.752722900979663,-54.098644266418816,45.204238613630835,-27.504382326356403,True,False
CFFN,rainbow_convergence,8.859999656677246,8.667817534098097,8.859999656677246,2.04933226596898,9.0,True,True,,,,,,,,,,,,0.0,2.1690985330266157,True,33.33333333333335,True,41.50623596814815,35.7142857142857,33.33333333333335,33.33333333333335,55.55555555555563,18.75,0.0,14.28571428571428,0.0,,,,,-3.0961358840419284,,,,,False,False
CNO,rainbow_convergence,55.54999923706055,54.22833852403182,55.54999923706055,2.190055946428933,14.0,True,True,,,,,,,,,,,,0.0,2.3792272388493076,True,-40.50632911392407,True,46.8394808762963,46.15384615384617,85.71428571428572,-40.50632911392407,166.66666666666666,241.02564102564102,-58.51063829787233,291.6666666666666,-73.62637362637363,11.61094224924013,2.5395876904690695,4.183375865840322,5.231940509915023,24.825174825174834,-9.92914005773773,-3.836123496256416,3.2305688232739938,2.5395876904690695,True,False
CNXN,rainbow_convergence,87.12000274658203,81.01113116878204,87.12000274658203,5.131204841026285,10.0,True,True,,,,,,,,,,,,0.0,7.012019496337373,True,-4.90196078431373,True,41.83947604594908,35.05154639175259,33.33333333333335,5.128205128205066,-4.90196078431373,92.64705882352942,-17.0731707317073,-15.463917525773208,0.0,12.41330379508565,2.9698479129757427,-0.8404606028802442,-2.159325640215426,18.30395114882817,2.69255226982712,-0.8643740797779631,-6.663876065726548,-2.159325640215426,True,False
COKE,rainbow_convergence,198.6699981689453,190.66095872789606,198.6699981689453,3.030205048152169,4.0,True,True,,,,,,,,,,,,0.0,4.03132808922589,True,-48.698884758364315,False,41.839496048483795,,-48.698884758364315,,,-178.2608695652174,-15.85365853658537,,,10.611640193390626,16.87942292830844,9.032204501014895,6.947291991853444,11.141797009532839,-3.0234602534761845,0.8433435699620295,1.7675917088426418,6.947291991853444,True,False
CTKB,rainbow_convergence,4.929999828338623,4.614658378457215,4.929999828338623,4.0894234215913405,3.0,True,True,,,,,,,,,,,,0.0,6.396378516460836,True,,False,48.83946112253472,,,,,,,-100.0,,5.56554537081706,6.459705236751323,8.116431206068619,1.5398058252427127,9.074430723915249,-28.97603836436491,18.83234849788691,14.67260207885619,1.5398058252427127,True,False
CUE,rainbow_convergence,34.16999816894531,28.657164569582058,34.16999816894531,8.169652208128644,6.0,True,True,,,,,,,,,,,,0.0,16.13354958963234,False,,False,,,,,,,-114.5748987854251,,,166.65538253215976,1250.5938242280286,1292.258883248731,-35.58153477218225,38.53323953570171,-74.08622732658827,921.0330386226152,-27.251184834123222,-35.58153477218225,True,False
CVBF,rainbow_convergence,22.719999313354492,22.42746010508753,22.719999313354492,1.0168911819955677,3.0,True,True,,,,,,,,,,,,0.0,1.2875845823420078,True,-21.62162162162162,True,34.83944074422453,-21.62162162162162,5.555555555555558,13.888888888888973,2.7027027027026973,-23.684210526315795,-7.317073170731736,7.89473684210531,2.7027027027026973,,,,,,,,,,False,False
CYRX,rainbow_convergence,16.510000228881836,15.688315396584706,16.510000228881836,2.372797841876712,2.0,True,True,,,,,,,,,,,,0.0,4.976891707485942,True,-109.38967136150235,False,47.839433814849535,-109.38967136150235,,,,,,,-108.4507042253521,7.737492849914207,16.466861598440552,-59.80295043690522,15.439622099851235,2.454077576467628,5.166116611661176,2.75133949766011,-2.686232234786823,-59.80295043690522,True,False
DGX,rainbow_convergence,247.0800018310547,233.9132137107988,247.0800018310547,3.339364075842906,2.0,True,True,,,,,,,,,,,,0.0,5.328957431876219,True,8.5427135678392,True,33.50607157908565,14.979757085020218,15.463917525773208,11.794871794871774,8.5427135678392,26.785714285714256,2.7522935779816793,0.9259259259259078,-12.550607287449388,10.314875135722046,9.032743695897638,6.887366818873675,12.89547456948339,5.2122885743872915,3.132787468850129,-0.3547357218871894,2.0267824828085423,6.887366818873675,True,False
ECPG,rainbow_convergence,99.76000213623047,96.68531317868897,99.76000213623047,2.337100935346556,3.0,True,True,,,,,,,,,,,,0.0,3.082085897855893,True,12.851405622489942,False,48.83934889481482,12.851405622489942,100.0,,151.58730158730157,-27.2020725388601,16.265060240963834,4.731861198738185,27.30923694779115,-18.260089686098656,-8.466758327050162,4.097442143727159,-2.6216406112770096,-11.677488128694646,-3.407282598521011,-3.6482525366403618,-0.5605381165919243,-18.260089686098656,True,False
EFSI,rainbow_convergence,45.7599983215332,42.86082688590635,45.7599983215332,6.2533628390705465,7.0,True,True,,,,,,,,,,,,0.0,6.335602145908725,True,-36.7816091954023,False,35.839366794884256,-6.122448979591832,,-36.7816091954023,7.216494845360821,33.33333333333335,-37.27272727272728,5.769230769230771,6.1224489795918435,,,,,,,,,,False,False
EGBN,rainbow_convergence,28.260000228881836,27.789969113413992,28.260000228881836,0.8772005998555124,2.0,True,True,,,,,,,,,,,,0.0,1.6632381870523485,True,-408.33333333333337,False,34.83935173307871,,700.0,-117.64705882352939,-408.33333333333337,-52.08333333333333,,,,,,,,,,,,,False,False
EIG,rainbow_convergence,50.02000045776367,49.08081553149708,50.02000045776367,1.5024144067092076,13.0,True,True,,,,,,,,,,,,0.0,1.8776187878279382,True,-181.5789473684211,True,42.83935036048611,29.268292682926834,0.0,-181.5789473684211,-129.75206611570246,205.7692307692308,,,-129.26829268292684,-10.596833130328864,2.4679170779861703,-21.283471837488456,6.830357142857135,6.069364161849711,21.75953079178885,-28.75052235687422,-2.842062525375555,-21.283471837488456,True,False
EWTX,rainbow_convergence,45.439998626708984,42.74615592506781,45.439998626708984,3.511944253096099,4.0,True,True,,,,,,,,,,,,0.0,5.9283511951027466,True,,False,49.506002717083334,,,,,,,,,,,,,,,,,,False,False
FA,rainbow_convergence,21.559999465942383,20.690659527560832,21.559999465942383,3.6029109799993684,3.0,True,True,,,,,,,,,,,,0.0,4.032189053412631,True,,False,49.5059855556713,,,,,900.0,-66.66666666666663,199.9999999999997,,14.880975237627126,8.633399889449155,36.75811724254699,105.48064222901883,16.50099558412361,-8.289188294759498,2.6557432341604903,4.740510914336471,8.633399889449155,True,False
FBLA,rainbow_convergence,16.170000076293945,15.66510687487399,16.170000076293945,2.2733687555813265,9.0,True,True,,,,,,,,,,,,0.0,3.122406920456079,True,-100.0,False,42.83931901725695,-100.0,-75.0,,,-100.0,,-233.33333333333331,19.999999999999996,,,,,11.523502276359032,-1.5932826964158542,9.293728516765022,,,False,False
FFIV,rainbow_convergence,423.5899963378906,401.3974786749449,423.5899963378906,3.680391190965746,4.0,True,True,,,,,,,,,,,,0.0,5.239150559458232,True,4.0322580645161255,True,39.83926466001157,11.384615384615394,4.0322580645161255,9.929078014184412,16.487455197132572,40.31007751937985,-16.774193548387096,-4.61538461538461,0.0,10.854722759716552,11.020990996043079,7.302909761262066,8.493130871036092,6.575951706295435,-1.308870286273578,1.527608043550721,3.8084498378974097,7.302909761262066,True,False
FIRY,rainbow_convergence,10.300000190734863,9.677156202410758,10.300000190734863,4.742010302420311,3.0,True,True,,,,,,,,,,,,0.0,6.04702890087682,True,,False,56.83927216158564,,,,,,,,,22.91584040612358,32.91775129013106,68.87625907377188,11.439504966617807,6.483422092423985,-3.018893072540063,9.633228611090816,8.566669310700403,11.439504966617807,True,False
FLNG,rainbow_convergence,32.220001220703125,30.76727473553219,32.220001220703125,3.749612827500571,13.0,True,True,,,,,,,,,,,,0.0,4.508772284705805,True,,False,71.50593265260417,,,,,,,,,,,,,,,,,,False,False
FROG,rainbow_convergence,92.62000274658203,89.32370159280909,92.62000274658203,2.7597425138096368,2.0,True,True,,,,,,,,,,,,0.0,3.5589516908048116,True,,False,49.83925175452546,,,,,,,,,28.731331551642825,25.79100868414388,25.17962059994141,25.538255575117375,6.361339680601641,5.967406714106782,6.1348214481363295,7.614368809935534,25.17962059994141,True,False
FTNT,rainbow_convergence,171.77000427246094,158.88357487297566,171.77000427246094,4.973306172731036,3.0,True,True,,,,,,,,,,,,0.0,7.5021418635147,True,-11.428571428571422,True,48.83924164489583,43.85964912280702,28.57142857142856,-1.4705882352940902,-11.428571428571422,13.888888888888884,7.462686567164178,8.064516129032251,8.771929824561408,25.638036809815958,20.127297525491983,14.752123366062285,14.375704528877398,10.721237024221452,-2.9081364829396272,10.441184996231655,5.822085889570561,14.375704528877398,True,False
FTRE,rainbow_convergence,19.969999313354492,18.047274175886944,19.969999313354492,3.4657225313173194,1.0,True,True,,,,,,,,,,,,0.0,9.628068120071335,True,,False,49.5059043784838,,,,,,,,,-4.519217232155426,-2.2723783202825087,-5.236728837876614,3.9116906208327196,6.551453260015716,-3.6336109008327067,-5.8177670041351774,-1.2670702520061972,-5.236728837876614,True,False
GH,rainbow_convergence,174.89999389648438,160.3551767340827,174.89999389648438,5.266164057444699,3.0,True,True,,,,,,,,,,,,0.0,8.316076426514977,True,,False,41.83924707799768,,,,,,,,,44.332322222605214,48.259457121653696,39.3689238605845,38.500908730075835,11.043044436709604,7.252565187402671,6.059669074948348,14.265278687394446,38.500908730075835,True,False
GRDN,rainbow_convergence,46.52000045776367,40.93107894451454,46.52000045776367,10.28402365119856,8.0,True,True,,,,,,,,,,,,0.0,12.014018611894498,False,,False,53.839189206087966,,,,,,,,,2.158950321490183,2.2128220389422637,17.440167292339236,20.049428581425154,4.507791262496474,-15.346716429922335,5.349113868377198,9.610726794333413,2.158950321490183,True,False
HAFC,rainbow_convergence,32.08000183105469,31.6202063267356,32.08000183105469,1.1482611650937338,5.0,True,True,,,,,,,,,,,,0.0,1.4332776747973432,True,20.68965517241377,True,33.839163206261574,58.00000000000001,29.31034482758621,20.68965517241377,48.979591836734706,5.3333333333333455,7.142857142857184,-4.109589041095929,46.0,5.394402646763896,7.292302946166895,9.553372235376,10.873724088454818,0.9390778290222723,-1.3591241704010493,0.05959644691659882,5.7894958058879675,5.394402646763896,True,False
IGR,rainbow_convergence,12.300000190734863,6.572070019656414,12.300000190734863,42.104032919660064,6.0,True,True,,,,,,,,,,,,0.0,46.56853725411393,False,,False,,,,,,,,,,,,,,,,,,,False,False
LQDT,rainbow_convergence,43.16999816894531,41.16707364724198,43.16999816894531,3.7180988975044085,4.0,True,True,,,,,,,,,,,,0.0,4.639621511830767,True,4.545454545454541,True,63.5056233990162,39.13043478260869,4.545454545454541,27.77777777777779,19.999999999999996,39.13043478260869,0.0,-4.1666666666666625,4.347826086956519,8.094264859228373,3.7439312567132177,-0.9090091636625219,10.437962348144069,7.326972136633203,-0.40175220056262173,2.651412505927775,-1.490719499478621,-0.9090091636625219,True,False
LTC,rainbow_convergence,43.08000183105469,40.82500873071107,43.08000183105469,4.634920134337298,11.0,True,True,,,,,,,,,,,,0.0,5.2344313010638785,True,-166.66666666666666,True,47.8389376834375,75.00000000000003,6.666666666666665,476.31578947368433,-166.66666666666666,16.666666666666675,-78.08219178082192,,-237.5,64.10856573705179,94.59321653647692,60.30770986269065,24.21347005360055,3.613839075159042,13.189707330383316,21.652475104632707,15.023240371845947,24.21347005360055,True,False
LXP,rainbow_convergence,60.849998474121094,59.91943884382901,60.849998474121094,1.4836970327681434,0.0,False,False,,,,,,,,,,,,0.0,1.5292681242840758,False,-110.00000000000001,True,42.5056246569213,-106.38297872340425,-110.00000000000001,745.4545454545457,500.0,,-103.2258064516129,675.0000000000002,-74.46808510638299,-0.6153846153846176,0.20618556701030855,2.935420743639927,6.8560235063663155,-0.30864197530864335,-7.604562737642584,-3.574702108157657,11.897435897435905,-0.6153846153846176,True,False
LYB,rainbow_convergence,64.9000015258789,63.153035898875146,64.9000015258789,2.063650414836349,2.0,True,True,,,,,,,,,,,,0.0,2.6917805638373626,True,-258.2857142857143,False,43.505597470069446,402.94117647058823,-29.629629629629626,,-258.2857142857143,350.0,,,-914.7058823529411,19.835466179159056,-6.252442360296994,-51.8143517260125,-10.192933519293357,27.51146310962902,1.4948526300944787,-8.230878736896596,0.901018542700438,-51.8143517260125,True,False
MEDP,rainbow_convergence,616.4400024414062,584.3831662913117,616.4400024414062,3.4706159158200927,2.0,True,True,,,,,,,,,,,,0.0,5.2003173095733075,True,16.621253405994562,True,32.8389397853588,37.09677419354838,16.621253405994562,26.702997275204375,28.239202657807304,-0.7009345794392607,-7.95698924731183,20.46632124352332,24.51612903225806,17.241522199993042,26.502318420251726,32.02842398931025,23.735601902808277,0.10288648238616638,-0.26056884748394404,7.356687270704931,9.380236726994863,17.241522199993042,True,False
MFC,rainbow_convergence,43.70000076293945,43.0052455621566,43.70000076293945,1.4491893575920742,9.0,True,True,,,,,,,,,,,,0.0,1.5898288069872295,True,,False,48.838929924780096,,,,,,,,,,,,,,,,,,False,False
MRVL,rainbow_convergence,229.7100067138672,222.7341979594978,229.7100067138672,1.4725783459993043,6.0,True,True,,,,,,,,,,,,0.0,3.036789234462316,True,-80.0,False,75.83886696225694,50.0,-80.0,95.65217391304337,,725.0,-91.11111111111111,-79.54545454545456,900.0,36.54852699267235,27.568195008705754,22.080994827775946,36.83134357891959,13.297212341798325,8.973723351512142,6.951072547601833,3.409600717810668,22.080994827775946,True,False
NBN,rainbow_convergence,132.5399932861328,130.58255486544004,132.5399932861328,1.2913295744561084,4.0,True,True,,,,,,,,,,,,0.0,1.4768662440377287,True,,False,40.50552578297454,,,,,,,,,,,,,,,,,,False,False
NECB,rainbow_convergence,27.190000534057617,26.64671454067556,27.190000534057617,1.472605827733318,9.0,True,True,,,,,,,,,,,,0.0,1.9981095355314469,True,-12.195121951219512,True,35.79719908082176,-12.195121951219512,-5.128205128205132,5.405405405405417,-8.42105263157894,-2.7027027027027084,-5.128205128205154,-10.344827586206872,6.0975609756097615,,,,,,,,,,False,False
NET,rainbow_convergence,324.6499938964844,292.17431804944795,324.6499938964844,8.373655274290387,6.0,True,True,,,,,,,,,,,,0.0,10.003288605448548,False,,False,42.83885401458333,,,,,,,,,35.86555953747297,33.536288816018796,33.604162227739785,30.6790333006264,8.801181702370432,4.108659461975206,9.337629686829985,9.703190999305122,30.6790333006264,True,False
NRC,rainbow_convergence,22.049999237060547,21.183117516600294,22.049999237060547,2.786698815371013,3.0,True,True,,,,,,,,,,,,0.0,3.9314365099987882,True,-43.99999999999999,False,39.83882969017361,,-43.99999999999999,18262.962962962964,-25.0,-207.1428571428571,-99.71762807583703,27444.444444444445,,3.977907045067286,3.731632440165722,-4.644105454249869,-3.3808872386163813,1.6923828405597252,-1.1081749211490965,1.6903606102635305,1.674598977613262,-4.644105454249869,True,False
NTAP,rainbow_convergence,191.49000549316406,184.44408466148184,191.49000549316406,2.996255062907945,4.0,True,True,,,,,,,,,,,,0.0,3.6795240636899735,True,6.338028169014098,True,75.83882539468749,63.478260869565226,23.170731707317003,15.972222222222232,6.338028169014098,-6.930693069306915,20.958083832335305,10.596026490066212,31.304347826086975,29.890955740859514,12.471131639722866,4.387568555758681,2.834740651387224,3.952772073921973,13.718622300058382,0.46920821114369016,9.364977549711352,2.834740651387224,True,False
NUE,rainbow_convergence,260.67999267578125,254.49451919029627,260.67999267578125,1.553999132851632,2.0,True,True,,,,,,,,,,,,0.0,2.3728224870629453,True,27.55905511811012,True,39.83880769075231,93.84615384615384,382.08955223880594,27.55905511811012,150.47619047619048,56.03715170278638,99.38271604938281,-38.40304182509509,1.1538461538461497,22.95411542100283,21.27713920817369,8.634821933295655,14.468027941966689,9.488205560235885,23.53323793417459,-9.787583616946371,0.7686849574266796,8.634821933295655,True,False
NVA,rainbow_convergence,6.019999980926514,5.580541351249181,6.019999980926514,6.9646403346625725,10.0,True,True,,,,,,,,,,,,0.0,7.2999772602938995,True,,False,,,,,,,,,,,,,,,,,,,False,False
NVGS,rainbow_convergence,24.489999771118164,22.171595586933403,24.489999771118164,6.949916900538529,13.0,True,True,,,,,,,,,,,,0.0,9.466738284411619,True,,False,48.83880376055556,,,,,,,,,,,,,,,,,,False,False
PANW,rainbow_convergence,375.6499938964844,348.188322267076,375.6499938964844,4.081050253686859,2.0,True,True,,,,,,,,,,,,0.0,7.31044112221544,True,-227.77777777777771,True,63.83873397306713,-227.77777777777771,-159.45945945945948,60.52631578947367,-4.081632653061229,,-136.0655737704918,29.78723404255319,30.555555555555515,34.43721663709836,31.14897335080822,14.931324767390342,15.661524076671341,13.590939373750842,15.728604471858132,4.850444624090544,-2.464025231618372,14.931324767390342,True,False
PBI,rainbow_convergence,17.309999465942383,17.110955767951868,17.309999465942383,0.8295770268986464,3.0,True,True,,,,,,,,,,,,0.0,1.1498769736078587,True,105.26315789473686,False,49.83873166983796,111.7647058823529,105.26315789473686,,,-7.692307692307699,116.66666666666674,-40.000000000000014,76.47058823529409,-44.7415366374914,,,,-34.27589744424814,-28.711477114956885,14.799203075754441,2.7343434467896888,-44.7415366374914,False,False
PDEX,rainbow_convergence,71.8499984741211,64.01468359205535,71.8499984741211,4.570880335358212,2.0,True,True,,,,,,,,,,,,0.0,10.905100972114656,False,8.196721311475418,True,42.83872094493055,160.60606060606065,22.44897959183674,8.196721311475418,86.66666666666664,-28.3333333333333,81.81818181818181,-52.85714285714285,324.24242424242414,16.645707099577002,14.557252785115416,11.135592211040324,24.220687805859086,2.2908416461977943,6.89063923270643,0.7177549919050286,5.9220304104264265,11.135592211040324,True,False
PDLB,rainbow_convergence,20.520000457763672,20.24791484228583,20.520000457763672,0.8734567847403383,1.0,True,True,,,,,,,,,,,,0.0,1.3259532622227552,True,39.99999999999999,True,43.50539572313657,39.99999999999999,43.99999999999999,290.90909090909093,170.00000000000003,-2.777777777777779,-16.279069767441857,59.25925925925923,8.000000000000007,,,,,,,,,,False,False
PFG,rainbow_convergence,116.63999938964844,112.65157220099228,116.63999938964844,3.3823191499542755,12.0,True,True,,,,,,,,,,,,0.0,3.4194334786751766,True,-41.326530612244895,False,39.83872295966435,819.047619047619,-41.326530612244895,,20.134228187919454,-16.086956521739125,142.10526315789474,-46.92737430167598,752.3809523809524,-4.513109120917768,-3.6889730639730667,22.24731039978749,-14.834833441588568,-22.889855135796534,24.31279878313777,0.280554571949998,-0.6656024243080205,-14.834833441588568,True,False
PLMR,rainbow_convergence,140.77999877929688,132.51061224423546,140.77999877929688,3.6514500771997396,12.0,True,True,,,,,,,,,,,,0.0,5.873978268763497,True,0.0,True,49.83868869844907,15.476190476190489,0.0,58.91472868217047,62.60869565217393,23.566878980891715,-23.414634146341452,9.625668449197855,11.309523809523814,54.65124857976205,59.72811553371928,62.666606743881445,64.75088045359354,12.721464985050446,10.094212651413192,3.5571813945884045,20.33780759526047,54.65124857976205,True,False
PLUS,rainbow_convergence,92.37000274658203,88.70145119741265,92.37000274658203,3.2018675181360106,11.0,True,True,,,,,,,,,,,,0.0,3.9715832414058543,True,-27.95031055900622,True,53.83868437085648,-27.95031055900622,-18.94736842105256,46.15384615384617,12.820512820512842,50.649350649350545,-42.105263157894704,0.7575757575757569,-18.012422360248447,-11.969006112662894,-0.8352512112373311,-14.708669209793968,-4.694003060684504,-1.0406539716948715,-0.5412722675625425,-8.819987394390505,-1.9074010694399957,-14.708669209793968,True,False
PNTG,rainbow_convergence,42.47999954223633,38.873998515280704,42.47999954223633,3.957734334177987,6.0,True,True,,,,,,,,,,,,0.0,8.48870307394968,True,-15.000000000000002,True,48.83868358668981,25.0,9.090909090909083,56.25,-15.000000000000002,4.166666666666674,-3.999999999999959,47.05882352941168,-15.000000000000002,35.755190181365926,35.98993528464274,53.168477225081,26.759386345523772,4.4224218892362055,-1.3683668425946038,26.32040831474116,4.345310499724375,26.759386345523772,True,False
PPIH,rainbow_convergence,30.280000686645508,27.6737630286379,30.280000686645508,7.261951968890087,12.0,True,True,,,,,,,,,,,,0.0,8.607125491767395,True,-63.934426229508205,True,,209.99999999999997,-63.934426229508205,165.21739130434767,148.38709677419354,40.90909090909092,-63.93442622950819,-20.779220779220797,670.0,,,,,11.893800408459976,7.586027111574567,14.258967703501968,,,False,False
PRAA,rainbow_convergence,20.06999969482422,18.832967418573816,20.06999969482422,3.137642289649498,3.0,True,True,,,,,,,,,,,,0.0,6.163588914101563,True,-1611.5942028985507,True,53.8386594562963,39.81481481481482,711.1111111111111,212.76595744680847,-1611.5942028985507,106.84931506849318,-50.340136054421755,,-1065.7407407407406,-1.401191818328229,163.63636363636363,-16.093535075653364,31.96440793976729,-5.334776557909382,253.38797814207652,-52.54149377593361,-37.89660170719923,-16.093535075653364,True,False
PSTL,rainbow_convergence,24.010000228881836,23.359687507318256,24.010000228881836,1.4696507378605248,3.0,True,True,,,,,,,,,,,,0.0,2.7085077691141093,True,-5.882352941176472,True,47.83860999065972,25.0,83.33333333333334,-5.882352941176472,333.33333333333337,36.36363636363635,-31.24999999999999,23.076923076923062,8.333333333333348,22.40161020941287,20.306997742663647,21.658554848371402,23.689428992728946,7.257580306214351,2.5080781658716633,6.865082627641206,4.17541004667894,20.306997742663647,True,False
QRVO,rainbow_convergence,113.97000122070312,99.93966650895861,113.97000122070312,11.155321126972542,11.0,True,True,,,,,,,,,,,,0.0,12.31055063742146,False,-3.0303030303029277,False,53.83860335673611,-3.0303030303029277,306.9767441860465,,,-81.7142857142857,36.71875,374.074074074074,-18.181818181818166,-7.038393327460046,8.364135992238486,1.1460962113082562,-7.657067841397769,-18.59915666205755,-6.1921411654005665,29.27838803680607,-5.8306516353565545,-7.657067841397769,True,False
RLYB,rainbow_convergence,17.09000015258789,16.55466080474664,17.09000015258789,2.3549193317801054,2.0,True,True,,,,,,,,,,,,0.0,3.1324712876622556,True,,False,,,,,,,,-111.11111111111111,,-100.0,0.0,11000.0,-29.096989966555185,-100.0,-4.504504504504503,4.716981132075482,0.0,-100.0,True,False
RNR,rainbow_convergence,328.42999267578125,323.71251706172484,328.42999267578125,1.2908383831273245,3.0,True,True,,,,,,,,,,,,0.0,1.4363717441340378,True,-14.235190097259077,False,47.83857373733796,100.91743119266057,,-14.235190097259077,82.78427205100955,-59.344059405940605,-16.701030927835024,12.790697674418606,425.99388379204896,-13.659269525126149,-36.754831020882364,29.622774292456523,-19.517788500858757,26.136991119477916,-26.16683569894427,-7.047034846672262,-0.2624899465134223,-36.754831020882364,True,False
RUSHB,rainbow_convergence,53.900001525878906,51.16632481616147,53.900001525878906,2.508332474541268,2.0,True,True,,,,,,,,,,,,0.0,5.071756275192165,True,-14.432989690721653,False,41.83857376172453,1.1111111111111072,5.47945205479452,,-14.432989690721653,18.181818181818187,-4.938271604938271,-2.409638554216853,-7.777777777777784,-1.7822868409209325,-9.580325086605136,-12.52115958429525,-1.0815139313471334,13.375396065601786,-5.1882081143810765,-6.066817681616554,-2.7276046850672864,-12.52115958429525,True,False
S,rainbow_convergence,23.170000076293945,20.495381647439814,23.170000076293945,7.156746291473799,2.0,True,True,,,,,,,,,,,,0.0,11.543454553505285,False,,False,77.83857389932871,,,,,,,,,20.5621368964791,20.79561976867559,20.234035854754097,22.912631498993584,5.538988711653792,2.029850305915848,4.727456713258893,6.9079993228261305,20.234035854754097,True,False
SFL,rainbow_convergence,13.510000228881836,12.188977325766789,13.510000228881836,7.169664461172047,13.0,True,True,,,,,,,,,,,,0.0,9.778111626459848,True,,False,54.50520242930556,,,,,,,,,,,,,,,,,,False,False
SLF,rainbow_convergence,80.2699966430664,79.38797569292755,80.2699966430664,0.8842498370215937,4.0,True,True,,,,,,,,,,,,0.0,1.098817723963415,True,,False,48.83850251902778,,,,,,,,,,,,,,,,,,False,False
SMTC,rainbow_convergence,167.5500030517578,141.46831183672015,167.5500030517578,10.00763159500037,10.0,True,True,,,,,,,,,,,,0.0,15.566511930758233,False,-141.97530864197532,False,67.83849686472222,22.72727272727273,-141.97530864197532,,,,,,-240.9090909090909,16.098779377080596,9.287853154462633,12.81177323131888,19.61647542958831,6.074734091842338,2.7741157226033764,3.7358882371628432,2.660393192511612,9.287853154462633,True,False
STNG,rainbow_convergence,85.63999938964844,79.87365729667623,85.63999938964844,5.9101417080757495,13.0,True,True,,,,,,,,,,,,0.0,6.733234626422948,True,,False,42.50516113556713,,,,,,,,,,,,,,,,,,False,False
TECH,rainbow_convergence,72.33000183105469,71.08701176540995,72.33000183105469,1.6557669959519337,0.0,False,False,,,,,,,,,,,,0.0,1.718498595573184,False,9.090909090909083,False,53.505114607175926,,128.57142857142856,9.090909090909083,14.28571428571428,12.499999999999956,33.33333333333335,0.0,,1.3335857271307594,-1.5073644526394703,-0.38851163683252254,-1.0029088848814038,3.1395404845623975,5.251506538189865,3.253127671825662,-9.594119224520059,-1.5073644526394703,True,False
TEO,rainbow_convergence,13.800000190734863,13.396397621203334,13.800000190734863,1.9425744812084156,14.0,True,True,,,,,,,,,,,,0.0,2.92465626053036,True,,False,53.5050916521875,,,,,,,,,,,,,,,,,,False,False
TEVA,rainbow_convergence,38.529998779296875,36.211709198049824,38.529998779296875,5.1531865383639675,3.0,True,True,,,,,,,,,,,,0.0,6.016843121450409,True,-304.16666666666663,False,48.83842881447917,-304.16666666666663,72.22222222222223,,,-258.06451612903226,-26.190476190476176,13.513513513513487,54.16666666666667,-0.8141762452107293,2.338730403495237,11.397493497280674,3.416435826408115,4.018081366147674,-15.474421566546381,5.156249999999996,7.279693486590033,-0.8141762452107293,True,False
THG,rainbow_convergence,231.75999450683594,223.02018862788623,231.75999450683594,2.9565795623195705,3.0,True,True,,,,,,,,,,,,0.0,3.7710588911374536,True,18.695652173913068,True,41.83842129814815,25.116279069767455,48.57142857142858,18.695652173913068,75.00000000000003,3.4615384615384492,-4.761904761904779,11.428571428571432,13.953488372093027,4.339941972920691,6.125249500997998,5.522943886890119,6.36938606018016,1.4576231338897294,1.7705467161143629,0.40840840840841164,0.6407156673114089,4.339941972920691,True,False
TRMK,rainbow_convergence,47.16999816894531,46.48902770652572,47.16999816894531,1.2140906304732582,4.0,True,True,,,,,,,,,,,,0.0,1.4436516617630824,True,5.494505494505475,True,40.838421213912035,17.391304347826097,7.954545454545459,5.494505494505475,11.904761904761907,13.684210526315809,-1.041666666666663,2.127659574468077,2.1739130434782483,,,,,,,,,,False,False
TRV,rainbow_convergence,378.9200134277344,365.04687207632173,378.9200134277344,2.8417067099015294,4.0,True,True,,,,,,,,,,,,0.0,3.6612321492114734,True,22.321428571428605,True,29.505088036898147,57.1209800918836,357.64705882352945,22.321428571428605,52.02952029520296,31.87660668380463,-29.014598540145986,33.00970873786409,26.186830015313944,0.305381313965003,0.9652836579170154,3.530979347101937,4.754704301075274,1.9204964776920574,-4.086229086229087,-0.30473135525260764,2.921756355232752,0.305381313965003,True,False
TSAT,rainbow_convergence,48.790000915527344,46.20227903316393,48.790000915527344,4.402879838678504,5.0,True,True,,,,,,,,,,,,0.0,5.303795519175472,True,,False,54.505098160740744,,,,,,,,,,,,,,,,,,False,False
UGI,rainbow_convergence,38.18000030517578,36.86140786149483,38.18000030517578,2.561616550856003,1.0,True,True,,,,,,,,,,,,0.0,3.4536208306478113,True,-22.988505747126432,False,62.83838771644676,,6.392694063926951,-22.988505747126432,,-126.60944206008584,73.88059701492537,,,-4.485294117647054,1.253323205469048,3.8732394366197243,-3.4768211920529812,-51.27531882970743,29.1041162227603,77.10120068610635,-14.264705882352946,-4.485294117647054,True,False
UMC,rainbow_convergence,22.530000686645508,20.54065648173637,22.530000686645508,6.760696153211921,8.0,True,True,,,,,,,,,,,,0.0,8.829756521438133,True,,False,41.50504453130787,,,,,,,,,,,,,,,,,,False,False
UTMD,rainbow_convergence,74.05999755859375,70.82911683634228,74.05999755859375,2.210283003678216,2.0,True,True,,,,,,,,,,,,0.0,4.362517997243123,True,-19.60784313725491,True,35.50505738848379,-10.638297872340418,-10.869565217391308,-8.045977011494232,-19.60784313725491,2.4390243902439046,2.499999999999969,-2.43902439024386,-12.765957446808507,-14.307244047020994,-10.175077239958807,-1.2338938632889263,-1.9290354822588673,-2.212795230451736,-3.571033720287453,-7.816958825927434,-1.4166582939817096,-14.307244047020994,True,False
VBNK,rainbow_convergence,22.6200008392334,20.62851743647778,22.6200008392334,7.8384742023237655,8.0,True,True,,,,,,,,,,,,0.0,8.804081913655278,True,,False,83.5050003316551,,,,,,,,,,,,,,,,,,False,False
VTRS,rainbow_convergence,17.020000457763672,16.58664775764706,17.020000457763672,0.937525113670914,3.0,True,True,,,,,,,,,,,,0.0,2.5461380050606124,True,-237.5,False,49.504997636550925,,,,-237.5,-166.66666666666669,,,,4.9565704679181755,8.217192895905278,4.986630255447455,0.2541466024612138,6.729919936176887,-4.904218711897467,-1.5156771180787176,5.001400952647805,0.2541466024612138,True,False
WABC,rainbow_convergence,59.66999816894531,58.86163087795922,59.66999816894531,1.1868589246818595,4.0,True,True,,,,,,,,,,,,0.0,1.3547298739600062,True,-14.50381679389312,True,28.796663069236107,4.464285714285698,-2.5862068965517238,-5.882352941176572,-14.50381679389312,3.539823008849563,0.8928571428572063,-7.771561172376096e-14,0.0,,,,,,,,,,False,False
WAT,rainbow_convergence,418.6400146484375,401.6104379926816,418.6400146484375,2.8145675837606867,2.0,True,True,,,,,,,,,,,,0.0,4.067832997296461,True,-156.27530364372467,True,43.504981265057864,-156.27530364372467,-142.85714285714286,-3.0927835051546615,-7.749077490774903,,-123.13829787234043,50.4,1.2145748987854255,113.35927367055771,91.38972809667673,6.839010259947709,8.04830441507216,29.834254143646397,35.88603162380053,16.56633999552437,3.7466926070038875,6.839010259947709,True,False
WST,rainbow_convergence,362.010009765625,346.4338339960856,362.010009765625,2.624161224553479,3.0,True,True,,,,,,,,,,,,0.0,4.302692011092138,True,2.2471910112359605,True,35.50494411871528,18.13186813186811,56.09756097560976,2.2471910112359605,3.7837837837837673,11.979166666666675,5.494505494505475,-5.208333333333314,5.494505494505497,13.803000652315722,21.0458452722063,7.505341880341887,7.725264426295353,3.2429873357793904,4.956521739130437,0.0497141436738735,4.9706457925636105,7.505341880341887,True,False
WTBA,rainbow_convergence,29.459999084472656,28.36637108158515,29.459999084472656,3.570750796107324,9.0,True,True,,,,,,,,,,,,0.0,3.7122472398986575,True,7.317073170731714,True,42.5049482928125,36.170212765957466,32.6086956521739,7.317073170731714,57.14285714285716,4.918032786885251,38.63636363636365,-20.000000000000018,17.021276595744705,,,,,,,,,,False,False
ZD,rainbow_convergence,58.75,54.81167613700778,58.75,5.0207756740283145,4.0,True,True,,,,,,,,,,,,0.0,6.703529979561226,True,-97.38562091503267,False,49.83827591369213,2623.809523809524,3.5087719298245723,-97.38562091503267,,2808.4745762711864,1374.9999999999986,,-114.28571428571428,-2.7357252131084198,-1.896882880769457,25.94695547486452,2.8652638723909662,7.13530438161567,-48.52443945239625,42.95360877179959,23.374253314925554,-2.7357252131084198,True,False
ABBV,vcp,266.9700012207031,246.77000427246094,262.510009765625,,,,False,2.0,10%->8%,9.821663795030315,7.566392049997754,0.6741745065486073,34.0,,,,,,-1.670596484505788,5.9959639280868195,False,-88.63636363636364,False,42.5064142109375,290.38461538461536,-45.83333333333333,,-88.63636363636364,420.51282051282044,-61.764705882352935,919.9999999999998,-80.76923076923077,7.313606409096773,17.741243745532522,19.210829493087566,21.352095442031207,0.8377853326857698,-0.5073689296931638,4.335770103352665,2.51970538829307,7.313606409096773,True,False
ACHC,vcp,29.799999237060547,26.969999313354492,28.15999984741211,,,,False,2.0,18%->9%,18.314568743643864,9.496644282415103,0.7028363075412825,14.0,,,,,,-5.503353797435217,4.225854192136929,False,-3705.555555555557,True,48.83974464244213,-44.44444444444444,-3705.555555555557,-45.945945945945944,-61.1764705882353,,-3344.9999999999995,21.212121212121215,266.6666666666667,7.566076793791088,6.0990289807526965,4.406265555383904,9.194512838550818,0.893897321716608,-3.5362793324823616,-2.031563495131339,12.813284793739177,4.406265555383904,True,False
ACNT,vcp,15.880000114440918,14.75,14.90999984741211,,,,False,2.0,11%->7%,11.10433046125487,7.115869687011658,0.5133937987766294,29.0,,,,,,-6.108313980090667,1.073104286046523,False,-89.23076923076923,False,47.83974619827546,-89.23076923076923,,,,,,,-133.84615384615384,37.60990778468798,8.858985141575548,-82.5627010244111,-5.656672095028259,32.20190574298223,3.5025055976116937,-4.767223435040869,5.602616341411104,-82.5627010244111,True,False
AEM,vcp,208.63999938964844,192.6999969482422,195.57000732421875,,,,False,3.0,16%->14%->8%,16.300217963308075,7.639955180232379,0.6658598635588403,53.0,,,,,,-6.264375049685773,1.4675104916361834,False,,False,41.839746635937495,,,,,,,,,,,,,,,,,,False,False
AGCC,vcp,14.4399995803833,13.149999618530273,13.369999885559082,,,,False,2.0,15%->9%,14.967739966607862,8.933518000966487,0.5752475247524752,12.0,,,,,,-7.409970401092049,1.6454769552124722,False,,False,,,,,,,,,,,,,,,,,,,False,False
ALTO,vcp,4.230000019073486,3.880000114440918,4.019999980926514,,,,False,2.0,13%->8%,12.500004063952966,8.274229386628472,0.6691094202167036,17.0,,,,,,-4.964539886526284,3.482583759946414,False,,False,48.83974588825232,,,,,199.99999999999994,-82.14285714285714,47.36842105263159,,128.34768804274427,49.25046525372814,40.56885804011807,-29.75876995799669,26.16083467514956,2.4977357351313234,36.288825696965255,29.567937068322102,-29.75876995799669,True,False
AMAT,vcp,474.0400085449219,411.510009765625,415.3800048828125,,,,False,2.0,21%->13%,20.9748516895046,13.190869473493247,0.7906188757470394,21.0,,,,,,-12.374483715450047,0.9316758321766854,False,12.918660287081352,True,56.83974451734954,42.79279279279278,33.460076045627375,75.17241379310346,12.918660287081352,-9.686609686609682,38.188976377952756,7.627118644067776,6.3063063063063085,24.82881402355519,11.40845070422536,-2.149037119732067,-3.477643718949608,15.233881163084707,12.806617227609806,3.117647058823536,-6.874828814023559,-3.477643718949608,True,False
AMLX,vcp,35.474998474121094,31.3700008392334,32.630001068115234,,,,False,2.0,20%->12%,19.834710667169606,11.57152307668816,0.5322946526159493,17.0,,,,,,-8.019725238554349,3.8614777432939134,False,,False,49.50641051465278,,,,,,,,,,-100.0,,-100.0,,,,,-100.0,False,False
ANDE,vcp,71.19999694824219,63.369998931884766,71.43000030517578,,,,True,2.0,18%->11%,17.517775700530823,10.997188696580038,0.8234311620138391,30.0,,,,,,0.32303843650554,11.283776198873952,False,-78.0952380952381,True,47.83974703876157,16400.0,-25.954198473282418,-26.250000000000007,-78.0952380952381,70.10309278350515,64.40677966101696,156.52173913043475,2200.0,3.604358447284528,1.7215562847384902,-3.4684260682986134,23.992535137341807,46.52457393246119,14.999348920874201,10.941227062293812,-44.57838055232818,-3.4684260682986134,True,False
APEI,vcp,47.52000045776367,43.90999984741211,44.435001373291016,,,,False,2.0,19%->8%,19.437197791342882,7.59680255803064,0.5911925383625669,27.0,,,,,,-6.492001377850658,1.18150446641929,False,6.349206349206371,False,53.83967491166666,,129.2682926829268,6.349206349206371,650.0,-44.680851063829785,40.29850746268653,123.33333333333339,,5.507907056756323,6.190785835394497,-3.5220279081104144,6.5914760778986725,-1.7208620906728922,10.363165540327168,-2.9929847134148257,0.2758561370310719,-3.5220279081104144,True,False
APPS,vcp,12.1899995803833,10.619999885559082,10.84000015258789,,,,False,2.0,17%->13%,16.73783118498716,12.87940729178312,0.8272892495068779,12.0,,,,,,-11.074647040742235,2.0295227300000245,False,,False,47.83967005295139,,,,,,-199.99999999999991,,,26.776194186028746,19.636262924667648,12.44977235083966,18.234114951822654,16.439259482704195,-5.84548114584641,7.8517135998062315,7.218581488779918,12.44977235083966,True,False
AROW,vcp,40.803119951084696,36.95000076293945,38.2400016784668,,,,False,2.0,12%->9%,12.154575303603046,9.443197463244015,0.7864359799713878,43.0,,,,,,-6.281672273322722,3.3734332084345904,False,1.538461538461533,True,42.50632755299769,1.538461538461533,115.78947368421053,214.81481481481475,45.28301886792452,-19.512195121951216,-3.52941176470587,10.389610389610372,18.461538461538463,,,,,,,,,,False,False
ASTI,vcp,3.1500000953674316,2.7149999141693115,2.7799999713897705,,,,False,2.0,17%->14%,17.487680299467836,13.809529143756407,0.5728100499698457,8.0,,,,,,-11.746035326214885,2.338131578755532,False,-100.33497536945812,False,,,,-100.33497536945812,,,,,,461.3053475620541,232.46287762416796,,233.906432748538,83.28007084552596,232.1439989769167,-45.22049809100144,68.32144331112553,232.46287762416796,False,False
ATEN,vcp,27.219999313354492,24.09000015258789,26.540000915527344,,,,False,2.0,15%->11%,14.75467016719612,11.498895076132431,0.7246130897920028,26.0,,,,,,-2.4981572923608866,9.23135146354147,False,-45.83333333333337,True,47.83967944912037,-14.285714285714302,30.76923076923077,-45.83333333333337,0.0,-29.41176470588236,30.76923076923088,-23.529411764705955,21.42857142857142,15.499473934537278,13.400970712309302,8.289310549296536,11.931775602883654,6.8493333333333295,-6.664177711405639,7.596207921587528,7.6373174985227,8.289310549296536,True,False
AVBH,vcp,34.04999923706055,31.093399047851562,31.350000381469727,,,,False,2.0,12%->9%,11.702750041796492,8.683113819253702,0.4844962143273151,52.0,,,,,,-7.929512235207629,0.8185050414539556,False,-995.6521739130435,True,35.83965026417824,-5.333333333333334,18.309859154929576,-46.753246753246735,-995.6521739130435,-15.476190476190476,104.87804878048772,,-649.3333333333334,,,,,13.213386942813333,,,,,False,False
AWR,vcp,89.5570031331955,82.68940458916443,87.16999816894531,,,,False,2.0,9%->8%,9.04725651475876,7.668410402050961,0.7842970195193465,100.0,,,,,,-2.6653470758730715,5.140063868186609,False,-1.3333333333333086,True,48.83964228888888,25.287356321839095,8.571428571428585,-1.3333333333333086,11.578947368421066,43.42105263157896,2.702702702702675,-30.188679245283,21.839080459770123,11.175842910232658,14.308202657874647,14.801045437392556,12.939634817223178,7.151089596964377,2.9906621702236347,-10.091070294883863,12.050335446996918,11.175842910232658,True,False
B,vcp,45.810001373291016,41.880001068115234,42.54999923706055,,,,False,2.0,13%->9%,12.566737142781085,8.578913310112062,0.6434416582434472,15.0,,,,,,-7.116354591797011,1.5746138212894538,False,,False,53.50630702947917,,,,,,,,,,,,,,,,,,False,False
BALL,vcp,67.33545870591831,59.34000015258789,61.2599983215332,,,,False,2.0,20%->12%,20.20994007983195,11.874068591779977,0.6236441217551417,104.0,,,,,,-9.022676166682325,3.1341792712234264,False,9.210526315789469,True,47.506306243587964,9.210526315789469,22.222222222222232,217.3913043478255,81.53846153846152,7.792207792207795,5.47945205479452,-38.13559322033898,55.263157894736835,,,,,11.34649910233394,-2.4518388791593737,15.446825717751711,,,False,False
BBGI,vcp,18.5,16.329999923706055,16.899999618530273,,,,False,2.0,25%->12%,24.525477966122363,11.729730142129434,0.3136214573838336,10.0,,,,,,-8.648650710647171,3.3727793354458626,False,,False,53.839639515787034,,,,,2496.045197740113,,,,-16.74350450703401,-12.928667569708463,-21.15625014676269,-12.395696203802032,3.6088580700976536,-19.72024530255707,4.067240381092296,-3.8163698666205947,-21.15625014676269,True,False
BCX,vcp,13.27641773223877,12.300000190734863,12.380000114440918,,,,False,3.0,18%->14%->7%,18.00867571477594,7.354525604696044,0.5827021367422757,137.0,,,,,,-6.751953997508715,0.6462029318783047,False,,False,,,,,,,,,,,,,,,,,,,False,False
BDSX,vcp,27.899999618530273,25.600000381469727,28.559999465942383,,,,True,2.0,23%->8%,23.123602346252074,8.243724976730688,0.4599867285998673,14.0,,,,,,2.365590883283593,10.364142646439598,False,-133.33333333333331,False,47.83959588111111,,,-133.33333333333331,,,,,,34.18423418922969,42.30426550840851,40.75578834010476,19.927276734064247,5.110545881432205,-11.128499391410184,32.097574421168694,8.742132081126996,19.927276734064247,True,False
BELFA,vcp,210.4199981689453,188.00999450683594,192.44000244140625,,,,False,2.0,23%->11%,22.964141393069664,10.650130147856233,0.5561651629683817,21.0,,,,,,-8.544813175553305,2.30202030678063,False,,False,41.83959493079861,,,,,,,,,25.18493871027161,17.244708942576747,17.402358216723712,44.76131933547938,18.03676375839678,1.4510793575009284,-1.6996312437143835,6.3464429378665255,17.244708942576747,True,False
BFH,vcp,114.28087504517413,100.7699966430664,107.8499984741211,,,,False,2.0,17%->12%,17.086710585955725,11.822519206968796,0.6079775253687244,54.0,,,,,,-5.627255276537714,6.564674947819822,False,20.74829931972788,True,35.506251798344906,20.74829931972788,49.280575539568375,1412.4999999999995,7819.999999999999,-14.457831325301218,242.97520661157,-69.44444444444441,34.6938775510204,697.0246734397679,724.7145187601957,546.4477611940299,-34.02523402523403,8.624270596380178,-6.621721462874031,567.9827267119063,17.634252539912907,-34.02523402523403,True,False
BG,vcp,127.47000122070312,116.625,117.12999725341797,,,,False,4.0,23%->18%->10%->9%,22.799733122516365,8.507885084213623,0.8473282046007005,72.0,,,,,,-8.111715594465513,0.4311425469646141,False,-100.46838407494145,True,48.50624936302083,-76.35135135135135,-100.46838407494145,-46.15384615384615,443.75,,-102.38095238095232,-67.81609195402298,76.35135135135134,27.21812721812722,22.17499999999999,12.939049586776852,7.686127477236204,-4.644976468180884,11.753944660416193,8.75404128326287,9.77340977340977,7.686127477236204,True,False
BKD,vcp,12.789999961853027,11.510000228881836,11.670000076293945,,,,False,3.0,17%->13%->10%,16.72263712142285,10.007816550343005,0.6230846157347237,28.0,,,,,,-8.756840413600871,1.3710355301293256,False,,False,49.83958238233796,,,,,,,,,-11.607318585290006,-6.021644893987199,-3.4387692906569955,3.6979367915252803,-6.0498969740709345,1.4272775373859625,-7.264454323538272,0.027185144364194613,-11.607318585290006,True,False
BLZE,vcp,14.1899995803833,12.149999618530273,13.109999656677246,,,,False,2.0,35%->14%,34.59787553976422,14.37632150936204,0.6362720999536738,20.0,,,,,,-7.610993344912289,7.32265494498332,False,,False,49.83958033427083,,,,,,,,,17.673150035814643,11.709473319273101,11.768188006866742,14.032342201356297,10.466559768271866,2.393940998887767,1.6145524998654626,2.380296435065299,11.709473319273101,True,False
BPOP,vcp,178.26144933737996,158.05999755859375,160.9600067138672,,,,False,2.0,16%->11%,16.154306766705513,11.33248487201104,0.8498662388322638,149.0,,,,,,-9.705655758900418,1.801695473602135,False,39.84063745019923,True,35.50624262565972,40.77669902912622,47.65625,39.84063745019923,45.370370370370374,15.07936507936507,7.692307692307643,11.783439490445913,1.6181229773462924,,,,,3.1305828553258586,2.6266043927379634,,,,False,False
BSTZ,vcp,30.195972882416992,27.700000762939453,28.040000915527344,,,,False,2.0,11%->8%,10.912766821597518,8.26591058747087,0.8234379076126339,38.0,,,,,,-7.139932120369148,1.2125539995956747,False,,False,,,,,,,,,,,,,,,,,,,False,False
BWB,vcp,22.6200008392334,20.690000534057617,20.8700008392334,,,,False,2.0,12%->9%,12.350601578936791,8.532273357957973,0.6373268681872986,43.0,,,,,,-7.736516070170526,0.8624834592119405,False,18.421052631578938,True,33.83957876399305,18.421052631578938,87.09677419354837,61.5384615384615,40.74074074074075,-22.413793103448263,38.095238095238116,10.526315789473673,0.0,,,,,,,,,,False,False
BWMX,vcp,17.475358920304394,15.152000427246094,16.1299991607666,,,,False,2.0,18%->13%,18.20349711504087,13.295054503051269,0.7540751471253961,46.0,,,,,,-7.69861017260502,6.063228669591741,False,,False,35.83958143638889,,,,,,,,,,,,,,,,,,False,False
CAH,vcp,249.2899932861328,230.33999633789062,232.5399932861328,,,,False,2.0,12%->8%,11.854431499907726,7.601587491918117,0.7949389630557067,25.0,,,,,,-6.719082374387367,0.9460725087125825,False,-79.38144329896907,False,49.50624818907407,100.0,,,-79.38144329896907,10.588235294117654,,-112.5,-57.44680851063829,18.75180949623625,22.441991698069906,0.4877478410476588,0.018225559524687185,2.527769532409496,6.399707441945512,9.623164109479209,-0.6984655471916623,0.018225559524687185,True,False
CFR,vcp,169.7119796060328,157.5500030517578,159.44000244140625,,,,False,3.0,13%->9%->7%,13.036752045982421,7.166245177569457,0.7919458152725711,148.0,,,,,,-6.052594041075817,1.1853984951756424,False,8.474576271186486,True,42.50621976099537,12.970711297071125,15.217391304347828,8.474576271186486,19.19642857142856,1.8867924528301883,3.515624999999978,-4.119850187265895,11.715481171548102,-0.3436807271010256,-0.5888506170385388,2.756115952542304,2.513330532702085,3.08396325992748,-5.542886425246197,-0.8622581709628707,3.2381094232533547,-0.5888506170385388,True,False
CGAU,vcp,23.75,21.46500015258789,21.920000076293945,,,,False,2.0,11%->10%,11.337686112339721,9.621051989103618,0.7926428740555782,12.0,,,,,,-7.705262836657073,2.075729571726271,False,,False,40.83955130645833,,,,,,,,,,,,,,,,,,False,False
CHRN,vcp,19.530000686645508,17.780000686645508,18.649999618530273,,,,False,3.0,29%->19%->9%,29.011084771038732,8.960573161662195,0.38864898210980875,13.0,,,,,,-4.505893687535678,4.664873724824916,False,-142.23602484472048,False,,,-142.23602484472048,,,,,,,-36.56296296296296,-38.31041257367387,2.3734560426253326,-58.44444444444444,-31.81528662420382,-25.715637568015136,105.49343704423917,-39.05185185185185,-58.44444444444444,True,False
CIEN,vcp,355.19000244140625,318.42999267578125,340.5,,,,False,2.0,26%->10%,25.58272707415417,10.349393145345948,0.7387872875578854,13.0,,,,,,-4.135815293345589,6.481646791253672,False,-49.99999999999998,True,84.50620100069445,422.85714285714295,2383.3333333333335,232.25806451612905,-49.99999999999998,22.818791946308735,44.66019417475729,692.3076923076924,-62.857142857142854,37.04687198874843,39.51236279596901,33.08731091339787,20.271289693553673,6.391259146172601,10.069570482158197,5.551692919442841,10.874252184502842,20.271289693553673,True,False
CLDT,vcp,13.890000343322754,12.529999732971191,12.84000015258789,,,,False,2.0,12%->10%,12.17579625449225,9.791220854831343,0.6514018421736494,35.0,,,,,,-7.559396434713717,2.4143334574199278,False,-40.0,False,48.50619779643519,85.7142857142857,,,-40.0,,-360.0,66.66666666666667,-57.14285714285715,3.91820470959352,0.5026458076342166,2.37108764619538,1.2260774395835172,-13.841953726326894,0.8071323673955577,26.351854828105136,-5.305902210907886,0.5026458076342166,True,False
CLMT,vcp,51.5,45.72999954223633,58.0099983215332,,,,True,2.0,14%->11%,14.368070424558057,11.20388438400713,0.6228819237424574,31.0,,,,,,12.640773439870298,21.168762514407042,False,,False,50.506162130613426,,,,,,,-111.91135734072022,,40.76563413208649,3.601972029379219,9.383886255924168,-2.035623409669207,40.34184713994367,-0.8569227806662805,-3.6549165120593696,5.006818624586007,-2.035623409669207,True,False
CMDB,vcp,24.760000228881836,22.829999923706055,23.440000534057617,,,,False,2.0,16%->8%,16.186694774963158,7.794831532046961,0.7771186440677966,29.0,,,,,,-5.331178039669307,2.6023916230942485,False,,False,57.506188191944446,,,,,,,,,,,,,,,,,,False,False
COGT,vcp,37.665000915527344,32.220001220703125,32.540000915527344,,,,False,2.0,20%->14%,19.543672877440518,14.456390714116576,0.8326740985249507,30.0,,,,,,-13.60679643017671,0.9834040744341904,False,,False,47.50614479109954,,,,,,,,,-100.0,-69.41176470588235,-83.17399617590821,130.29806747461512,-100.0,-40.90909090909091,-92.49039965865452,-54.00968079539508,-100.0,True,False
CON,vcp,35.83495432698202,33.31999969482422,36.369998931884766,,,,True,2.0,8%->7%,8.323188023870019,7.018160562476735,0.7649576744928924,34.0,,,,,,1.4930801920957961,8.386030592887042,True,2.7027027027026973,True,49.83949785826389,45.71428571428573,30.000000000000004,124.99999999999983,2.7027027027026973,30.76923076923077,44.44444444444444,-28.947368421052634,8.571428571428585,10.030229581415618,13.739935137553116,15.920961807668576,16.98438438193115,6.404122516701638,5.653149810788749,-5.886871508379887,3.997022431620323,10.030229581415618,True,False
COP,vcp,121.56915137739175,112.45990685309664,132.5399932861328,,,,True,2.0,15%->7%,15.49538632995845,7.493055944774126,0.7408579287940267,66.0,,,,,,9.024363322800422,15.15020933318327,False,-38.54166666666667,True,49.50613984976852,107.05128205128203,-20.17937219730942,-38.54166666666667,-21.590909090909093,81.46067415730336,50.847457627118686,-14.492753623188415,-11.538461538461553,43.31669439822519,-6.7615166793286825,-10.67618449952934,13.962231906348798,33.98518518518519,18.556248353385428,-14.620979230711551,5.673084541636952,-10.67618449952934,True,False
CPIX,vcp,6.900000095367432,6.239999771118164,6.980000019073486,,,,True,2.0,31%->10%,31.441044602390683,9.565221958364653,0.27655579399141633,12.0,,,,,,1.1594191681209625,10.601722721106075,False,-375.0,False,47.839485601296296,,-375.0,,,,,,,-18.787983755826943,-22.041542535230985,31.077193778317213,-8.732986962330113,-3.614768822503922,-33.24402384416416,64.95482228103404,-23.48358175323646,-22.041542535230985,True,False
CRSR,vcp,13.630000114440918,12.670000076293945,13.15999984741211,,,,False,2.0,23%->7%,23.11111126303056,7.043287087942556,0.7349922836762416,23.0,,,,,,-3.4482777922418775,3.723402559267671,False,2199.9999999999723,False,47.83946425127315,,,2199.9999999999723,,-45.45454545454546,-52.17391304347826,,,-1.8046808616984045,-4.121162947937796,5.616708935431536,13.663424271611667,-11.333043733357407,-18.849046022135497,26.3452133397732,8.013132903483777,-4.121162947937796,True,False
CSTM,vcp,28.100000381469727,25.040000915527344,25.93000030517578,,,,False,2.0,17%->11%,16.52032495514164,10.889677666909463,0.8261185465854537,24.0,,,,,,-7.722420095499112,3.432315384395843,False,-50.98039215686274,False,41.50615322226852,446.1538461538461,,1139.9999999999998,-50.98039215686274,79.74683544303795,27.419354838709676,148.0,-3.8461538461538547,24.355735219807983,27.89076118535736,20.199778024417302,8.850931677018625,11.812812358019077,1.6158818097876226,2.9957203994293913,6.265790803436078,8.850931677018625,True,False
CVS,vcp,101.0,91.44000244140625,91.72000122070312,,,,False,2.0,15%->9%,15.0,9.465344117419553,0.7398729632297055,34.0,,,,,,-9.188117603264233,0.3052755948215943,False,-4571.428571428571,True,41.506106979722226,188.74999999999997,63.120567375886516,77.69230769230762,-4571.428571428571,0.43478260869567187,-0.43290043290041824,,-491.24999999999994,36.552497408449504,35.17598698295794,34.36850283413215,,2.231619626849124,2.835643435347013,13.176279747092124,14.766548900971044,34.36850283413215,False,False
CVU,vcp,5.349999904632568,4.940000057220459,5.0,,,,False,2.0,17%->8%,16.55518804009483,7.663548686367083,0.5504088914148589,22.0,,,,,,-6.5420544088141614,1.1999988555908203,False,-50.0,False,,,,-50.0,50.0,-44.44444444444444,124.99999999999996,-55.55555555555555,,15.827175088285816,12.722432776679993,-10.815211369165457,-0.776405455461382,1.2764560246175893,-10.577106238370737,0.7483690729334525,26.944890305807156,-10.815211369165457,True,False
CYTK,vcp,76.80999755859375,68.55000305175781,69.38999938964844,,,,False,2.0,13%->11%,13.232348595720488,10.753801288087377,0.7236324000272498,14.0,,,,,,-9.660198417901315,1.2105438035440237,False,,False,49.83941789107639,,,,,,,,,-57.129805748176544,1125.7758074730843,4.891593312459386,318.1425485961123,47.889434254714544,9.011546043368067,817.0971074380166,-97.10045080800971,-57.129805748176544,True,False
DAR,vcp,68.58999633789062,63.689998626708984,65.55999755859375,,,,False,2.0,16%->7%,15.747361737399915,7.143895571947674,0.4979892828077213,18.0,,,,,,-4.417552035387757,2.8523474702900473,False,-44.44444444444443,False,42.50608477335648,2912.5,,-44.44444444444443,9.090909090909083,190.36144578313255,137.1428571428571,191.66666666666669,50.0,16.372396420428224,12.329982601691736,20.604319835112396,9.991975474913328,11.17195343627666,-9.298051993245993,9.324563321709034,5.565102820215473,9.991975474913328,True,False
DGXX,vcp,3.9049999713897705,3.559999942779541,3.6600000858306885,,,,False,3.0,22%->12%->9%,21.779861145465595,8.83482794207155,0.5547126436781609,13.0,,,,,,-6.2740047977999795,2.732244281585885,False,,False,56.50607783530093,,,,,,,,,,,,,-2.3962701944504117,-16.27458515128798,-12.55996413336069,,,False,False
DINO,vcp,98.38999938964844,91.37999725341797,113.97000122070312,,,,True,2.0,15%->7%,14.561664743768898,7.124710010891603,0.5983510175682728,35.0,,,,,,15.834944534712388,19.821008796463527,False,348.18181818181813,False,42.50608349541667,348.18181818181813,,,,38.48314606741572,,-106.9767441860465,95.45454545454544,53.15448113207548,11.821036106750382,-0.5538461538461492,0.6105175523796413,45.86550610697739,10.194925742574256,-10.853675355123427,6.883844339622636,-0.5538461538461492,True,False
DOC,vcp,21.690462966136817,20.030000686645508,20.350000381469727,,,,False,2.0,11%->8%,10.806101321718998,7.65526435320272,0.6126096126859581,35.0,,,,,,-6.179962994611145,1.572480043369452,False,-241.66666666666669,True,35.83938162091435,59.999999999999986,366.6666666666667,699.9999999999994,-241.66666666666669,-71.42857142857143,74.99999999999997,,-440.00000000000006,44.676031361403126,30.208560953698992,4.6150917676243575,5.625978389523123,11.052322437487172,25.90962182975003,2.642375607728309,0.8052908703335859,4.6150917676243575,True,False
DRH,vcp,12.970000267028809,11.850000381469727,12.270000457763672,,,,False,2.0,13%->9%,13.052938330051953,8.635311198923002,0.767098774088747,31.0,,,,,,-5.397068580211325,3.422983379174987,False,-9.090909090909083,False,47.83937470840278,144.44444444444446,75.00000000000003,,-9.090909090909083,528.5714285714286,-41.666666666666664,19.999999999999996,-44.44444444444444,4.110297003794328,1.2983955456675078,-1.6187005242769281,0.08943320391823217,23.289252484873835,-5.9635600690624795,-3.801894990609145,-6.651838283396572,-1.6187005242769281,True,False
DVN,vcp,49.400064566227115,45.86297293030105,48.439998626708984,,,,False,3.0,15%->9%->7%,14.741791151511444,7.160095167859838,0.5093005325872794,66.0,,,,,,-1.9434507787556423,5.320036683458965,False,-75.32467532467533,True,48.83936605635417,43.97163120567376,-75.32467532467533,-8.163265306122414,-16.153846153846153,968.4210526315787,-78.88888888888889,-17.431192660550476,-22.695035460992898,72.99901185770752,-0.9230769230769265,-12.25763316246936,11.956808006320774,55.34605146406388,14.503429006858015,-7.38649729475418,5.014822134387353,-12.25763316246936,True,False
EGBN,vcp,29.1299991607666,26.520000457763672,28.260000228881836,,,,False,2.0,14%->9%,14.387457392229871,8.959831027108905,0.5534274967375451,43.0,,,,,,-2.98660815979876,6.157111666757445,False,-408.33333333333337,False,34.83935173307871,,700.0,-117.64705882352939,-408.33333333333337,-52.08333333333333,,,,,,,,,,,,,False,False
ELV,vcp,394.28389763807013,361.4070000897202,412.55999755859375,,,,True,2.0,16%->8%,16.24334785811254,8.338381999695308,0.4566243791788239,45.0,,,,,,4.635264090165818,12.39892325275878,False,-16.753381893860553,True,34.50601394310185,-13.082901554404147,-16.753381893860553,36.17021276595764,22.018348623853214,-16.125,212.49999999999974,-51.87969924812026,-31.088082901554404,1.402282224365159,2.638522427440626,9.473614717662082,12.426284751474315,0.5838863314800324,0.8724144169497627,-1.900968231744593,1.8784153005464432,1.402282224365159,True,False
ENTX,vcp,2.940000057220459,2.680000066757202,2.9600000381469727,,,,True,2.0,11%->9%,10.526313725600916,8.843536918467496,0.42724555607991194,5.0,,,,,,0.680271446845552,9.459458370988969,True,-12.49999999999999,True,57.839350551006945,133.33333333333334,16.666666666666675,0.0,-12.49999999999999,100.0,16.666666666666675,-14.285714285714302,16.666666666666675,,-100.0,-100.0,-100.0,,,,,-100.0,False,False
EOG,vcp,153.6699981689453,142.75999450683594,144.92999267578125,,,,False,2.0,10%->7%,10.249515934448679,7.099631542986602,0.7383988485937442,32.0,,,,,,-5.687515843889886,1.4972733585930371,False,-41.777777777777835,True,49.83936723291667,109.34959349593498,39.622641509433976,-41.777777777777835,-8.47457627118644,39.189189189189186,182.44274809160333,-51.48148148148153,9.756097560975618,57.35669952537423,22.08502381372377,0.9489704565801338,-1.9782062028499636,24.548475653807245,22.756296559063504,-3.574482640670429,6.736035049288058,-1.9782062028499636,True,False
EQBK,vcp,52.27000045776367,48.59000015258789,49.209999084472656,,,,False,3.0,12%->9%->7%,12.186608209156905,7.040367845700277,0.7466407295850067,154.0,,,,,,-5.854221056997357,1.259904375979546,False,-221.09375,True,26.83934765858796,47.67441860465116,-5.88235294117646,0.9433962264151052,-221.09375,58.74999999999999,-25.233644859813086,,-280.2325581395349,,,,,,,,,,False,False
ESTA,vcp,76.41999816894531,70.12999725341797,71.16000366210938,,,,False,3.0,24%->17%->8%,24.346752124644564,8.230831020987125,0.4035088121901964,31.0,,,,,,-6.883007894356943,1.4474513149018493,False,,False,48.50601799277778,,,,,,,,,31.6608187134503,44.710829687990916,45.16107292087883,33.69627364705296,12.801242547221815,-7.335530897441844,20.14614555055594,4.838206627680308,31.6608187134503,True,False
EXEL,vcp,59.720001220703125,54.54999923706055,56.779998779296875,,,,False,2.0,12%->9%,12.256364264666706,8.657069454061388,0.6340373032972816,29.0,,,,,,-4.922977865558114,3.9274385173981905,False,26.15384615384615,True,40.83933445840278,26.15384615384615,43.636363636363626,89.36170212765953,72.49999999999999,3.797468354430378,-11.235955056179737,28.985507246376784,6.153846153846132,10.63402204268813,9.96764767835636,5.62994592019479,10.789336140652628,2.926923505104684,2.0293554136467495,0.15190169885654914,5.190220690844516,5.62994592019479,True,False
FA,vcp,21.729999542236328,19.895000457763672,21.559999465942383,,,,False,3.0,20%->10%->8%,20.238569502154697,8.444542674315255,0.26909702790027834,27.0,,,,,,-0.7823289455828947,7.72263009935995,False,,False,49.5059855556713,,,,,900.0,-66.66666666666663,199.9999999999997,,14.880975237627126,8.633399889449155,36.75811724254699,105.48064222901883,16.50099558412361,-8.289188294759498,2.6557432341604903,4.740510914336471,8.633399889449155,True,False
FF,vcp,5.539528527530404,5.150000095367432,5.409999847412109,,,,False,2.0,28%->7%,27.610874479959328,7.031797565931651,0.4704764838775929,25.0,,,,,,-2.3382618118953937,4.805910524545568,False,-416.66666666666686,False,53.839288123090284,,,-416.66666666666686,,,,,,120.6879152300059,82.18725054168092,-67.74130615031946,-55.633554947203756,146.38833249874813,61.032154016732186,-12.547930715324608,-36.39727525018922,-67.74130615031946,True,False
FIRY,vcp,10.399999618530273,9.5,10.300000190734863,,,,False,2.0,15%->9%,15.284244730793638,8.653842803289075,0.6845867134400351,17.0,,,,,,-0.9615329948400716,7.766991999228172,False,,False,56.83927216158564,,,,,,,,,22.91584040612358,32.91775129013106,68.87625907377188,11.439504966617807,6.483422092423985,-3.018893072540063,9.633228611090816,8.566669310700403,11.439504966617807,True,False
FIX,vcp,1695.5699462890625,1545.2099609375,1587.3499755859375,,,,False,2.0,20%->9%,20.065295986655666,8.867813780295029,0.8340248504778089,21.0,,,,,,-6.382512909005969,2.6547399941139247,False,91.88361408882082,True,35.83925988332176,91.88361408882082,121.26315789473682,129.1666666666666,101.71149144254281,19.219790675547088,12.406417112299483,13.333333333333307,26.339969372128635,-4.337759647837336,-2.865961444390097,1.0158179590843641,14.326574422345306,-4.177629367017621,-2.1198741350989203,-3.9502708926275276,6.18984161535483,-4.337759647837336,True,False
FMAO,vcp,35.709999084472656,32.65999984741211,35.779998779296875,,,,True,2.0,13%->9%,12.548688074188115,8.541023005477312,0.654179780455976,34.0,,,,,,0.19602267325359823,8.719952594548628,True,18.032786885245965,True,39.839248156875,53.571428571428555,37.254901960784295,18.032786885245965,33.33333333333335,22.857142857142865,-2.7777777777778123,12.500000000000021,14.28571428571428,,,,,,,,,,False,False
FMX,vcp,125.0,115.5,121.0199966430664,,,,False,2.0,18%->8%,18.4703503621576,7.6,0.566756384384732,35.0,,,,,,-3.1840026855468753,4.561226901490468,False,,False,41.50590693846065,,,,,,,,,,,,,,,,,,False,False
FNRN,vcp,18.0,16.530000686645508,17.170000076293945,,,,False,2.0,17%->8%,17.246751661424515,8.166662851969402,0.7842652302556711,34.0,,,,,,-4.611110687255859,3.7274279953677087,False,-12.121212121212132,True,41.83927678898148,-12.121212121212132,63.636363636363626,-8.108108108108091,11.764705882352944,-19.444444444444443,5.882352941176472,-10.526315789473696,15.151515151515138,,,,,,,,,,False,False
FRST,vcp,16.8799991607666,15.520000457763672,15.779999732971191,,,,False,2.0,18%->8%,17.650563466325877,8.056864754850885,0.5676753709347682,56.0,,,,,,-6.516584611876568,1.6476506945958271,False,-67.3913043478261,False,35.839246397951385,280.0,-67.3913043478261,,460.00000000000006,26.666666666666682,-74.78991596638656,325.0,180.00000000000003,,,,,,,,,,False,False
FSTR,vcp,39.13999938964844,36.290000915527344,37.349998474121094,,,,False,2.0,15%->7%,15.450746711020201,7.281549613091838,0.41318219352901436,29.0,,,,,,-4.573328930609934,2.838012321013069,False,-87.76758409785933,False,46.50591378101851,7.407407407407396,,,-87.76758409785933,107.14285714285711,-36.36363636363633,-45.00000000000003,48.14814814814814,-3.488485490185156,23.87925392670156,25.11253442344148,0.5965111372994159,14.368024829954429,-24.461100060483997,15.971971132291053,-3.6723832875910745,-3.488485490185156,True,False
FTK,vcp,28.729999542236328,25.90999984741211,28.1299991607666,,,,False,3.0,41%->14%->10%,40.81169491805757,9.815522936846909,0.445122462674048,24.0,,,,,,-2.088410689278496,7.8919281179743646,False,-40.00000000000002,True,47.83923942077546,420.0,-29.41176470588236,-40.00000000000002,562.5,116.6666666666667,33.33333333333337,-83.01886792452831,960.0,70.29477292202229,26.532639716773243,33.02401639182773,12.643239113827342,41.849509642974404,3.7500555399220925,20.502935874783603,-3.974293059125966,12.643239113827342,True,False
GAIN,vcp,16.93667086750071,15.699999809265137,15.899999618530273,,,,False,2.0,14%->7%,13.75575862716572,7.301736379659976,0.7077824546085143,85.0,,,,,,-6.12086789121984,1.2578604658081358,False,-89.28571428571429,False,47.83923148368056,26.66666666666666,-89.28571428571429,,36.00000000000001,533.3333333333333,-85.0,-41.17647058823529,126.66666666666674,,,,,,,,,,False,False
GEV,vcp,983.3400268554688,868.25,925.0900268554688,,,,False,2.0,21%->12%,20.52089074493127,11.703990858940665,0.8266431702338861,21.0,,,,,,-5.923688491179621,6.144269768930191,False,32.79569892473118,False,41.50591364699074,32.79569892473118,1816.4835164835165,658.8571428571431,,-85.83715596330275,31.32530120481927,709.7560975609758,-11.827956989247323,21.8746570080123,16.272410358565747,3.7696533434362633,11.847862672500842,18.89923974729628,-14.759036144578308,9.900692145651524,9.417188014487987,3.7696533434362633,True,False
GHM,vcp,90.63999938964844,82.25,85.27999877929688,,,,False,2.0,30%->9%,29.717908641808783,9.256398329815765,0.6744562046837236,21.0,,,,,,-5.913504684956675,3.553000495624371,False,-57.49999999999997,True,50.505896899837964,-21.42857142857142,-57.49999999999997,78.57142857142856,-6.666666666666654,94.11764705882337,-31.99999999999994,-10.71428571428572,-33.33333333333333,28.574260637626825,13.030583873957369,20.545527988604718,23.269794447659777,6.356778675571717,18.30126452796248,-14.124524815605731,18.995440373420802,13.030583873957369,True,False
GHRS,vcp,28.6200008392334,26.520000457763672,27.75,,,,False,2.0,13%->7%,13.444555614593032,7.337527323168228,0.8079930495221547,19.0,,,,,,-3.039835128309178,4.432430782833615,False,,False,49.505890473645835,,,,,,,,,,,,,,,,,,False,False
GM,vcp,91.6604405793407,82.86000061035156,84.29000091552734,,,,False,2.0,13%->10%,13.101512300809715,9.601132084207617,0.5711788754325721,63.0,,,,,,-8.041025787382674,1.6965242491916455,False,-49.626865671641795,False,33.505865355462966,-26.178010471204193,-15.820895522388067,,-49.626865671641795,-50.0,,-347.40740740740745,-29.31937172774869,2.083090345004557,-1.284463510699685,-5.995550356659551,-1.0707499720576719,11.215024524130213,-3.991704282054409,-7.391088214027475,3.235438195432594,-5.995550356659551,True,False
GPRE,vcp,16.030000686645508,14.329999923706055,15.0600004196167,,,,False,2.0,19%->11%,18.998791514024134,10.60511971378587,0.7141501224555705,17.0,,,,,,-6.051155492693832,4.8472807142805125,False,-75.36231884057972,False,48.50584321641204,,,,-75.36231884057972,97.61904761904762,61.53846153846152,52.941176470588225,,-30.69845442596202,19.115103498298282,2.3666917238536422,14.537027553006254,7.428919387324928,1.1441430771052863,-5.62051465492186,-32.422305821208965,-30.69845442596202,True,False
GSAT,vcp,84.69999694824219,78.36000061035156,81.9000015258789,,,,False,3.0,20%->9%->7%,20.080376921720777,7.485237976767367,0.7496570129113497,120.0,,,,,,-3.305779838545072,4.322345359674711,False,-276.9230769230769,False,49.505840541111105,-276.9230769230769,,,-116.66666666666667,,,,-107.6923076923077,-3.538452373860723,16.711087420042638,17.62753976167515,2.127041641888061,-7.55309431377027,-2.6361501368797002,-2.551289863904127,9.973491392148691,-3.538452373860723,True,False
HCSG,vcp,23.649999618530273,21.25,21.889999389648438,,,,False,3.0,17%->14%->10%,16.920671738519573,10.147990094045596,0.5454025044722719,41.0,,,,,,-7.441861552939893,2.9237067496268954,False,60.86956521739128,False,34.505835327777774,,60.86956521739128,186.66666666666666,210.52631578947367,-13.513513513513509,-13.953488372093037,-27.118644067796595,,2.686421325609434,3.3739741143988145,6.594154568627619,8.45243127976476,1.7378113344541202,-0.8391152862120221,0.5048046896872549,1.2752703978922142,2.686421325609434,True,False
HLF,vcp,13.170000076293945,11.789999961853027,11.829999923706055,,,,False,2.0,20%->10%,19.923078096829926,10.478360717134116,0.6831540882713592,14.0,,,,,,-10.17464043147499,0.33812309476749614,False,-152.08333333333334,True,48.83916299318287,-152.08333333333334,16.326530612244895,-53.714285714285694,-8.695652173913048,-143.859649122807,-29.62962962962966,92.85714285714293,-12.5,5.376856484790715,7.816976344438076,6.261388106675492,2.6928968797871544,0.728818706346801,2.6656274356975818,0.7301562377325821,1.1595584147406912,2.6928968797871544,True,False
HMY,vcp,21.100000381469727,18.889999389648438,19.219999313354492,,,,False,2.0,20%->10%,19.712958932103785,10.473938160504199,0.637743957643099,16.0,,,,,,-8.909957507708265,1.7169611628277386,False,,False,168.5058300223727,,,,,,,,,,,,,,,,,,False,False
HPE,vcp,62.150001525878906,55.02000045776367,56.68000030517578,,,,False,2.0,18%->11%,18.078334878655564,11.47224600653685,0.8336745702699431,13.0,,,,,,-8.801288956405653,2.928722368515099,False,-87.25490196078431,False,77.8391617134838,404.7619047619048,,-29.54545454545454,-87.25490196078431,140.9090909090909,41.93548387096775,138.46153846153854,-38.095238095238116,32.95819935691318,39.10428662827896,18.10945273631841,14.328703703703694,14.110937356268982,14.479780960404387,-3.867179591010328,5.873526259378359,14.328703703703694,True,False
HPQ,vcp,36.22999954223633,32.650001525878906,32.70000076293945,,,,False,2.0,13%->10%,13.298736473151507,9.881308478030535,0.5666769679381645,14.0,,,,,,-9.74330340573607,0.15290286206113338,False,-11.250000000000004,True,68.83915607325231,-11.250000000000004,16.666666666666675,-1.6949152542372947,-9.677419354838745,44.89795918367348,-15.517241379310342,-30.952380952380942,4.999999999999982,12.525122021246048,8.986384266263236,6.916469194312791,4.155104944859489,8.807606885063857,-0.20778501177448616,-1.3730446068720537,5.074648291702566,4.155104944859489,True,False
HRTG,vcp,34.959999084472656,32.439998626708984,34.959999084472656,,,,True,2.0,13%->7%,12.520547109107449,7.208239484430994,0.33085990948321226,28.0,,,,,,0.0,7.208239484430994,True,20.2020202020202,True,48.839149494178244,32.258064516129025,20.2020202020202,225.75757575757595,503.70370370370364,72.2689075630252,-44.65116279069768,31.901840490797582,5.161290322580636,2.9610402095801236,0.5380105900151255,2.403180778358527,0.2879409390650789,0.7227567267631629,-1.234464693752435,1.3447300420316388,2.1265652414257152,0.2879409390650789,True,False
HSBC,vcp,107.43000030517578,99.87000274658203,100.83999633789062,,,,False,2.0,10%->7%,9.925738792982814,7.0371381710119225,0.6299502414937707,73.0,,,,,,-6.13423061394859,0.9619135526923048,False,,False,40.50582348966435,,,,,,,,,,,,,,,,,,False,False
HSHP,vcp,17.059999465942383,15.8100004196167,18.389999389648438,,,,True,2.0,10%->7%,9.869646563303391,7.327075530225607,0.7804625391471934,29.0,,,,,,7.7960138648374,14.029358649592973,False,,False,55.50581856109953,,,,,,,,,,,,,,,,,,False,False
HUM,vcp,419.9700012207031,382.9200134277344,384.7200012207031,,,,False,2.0,18%->9%,17.531710871424565,8.82205578619369,0.523572807166614,43.0,,,,,,-8.393456651080031,0.4678695641654844,False,-59.29648241206029,False,50.50575503670138,-4.563106796116512,,-59.29648241206029,-19.75088967971531,,-506.7901234567901,-64.07982261640798,-56.21359223300971,25.712143928035978,28.55917667238421,45.058930190389844,27.27272727272727,11.874583055370236,-6.312499999999998,14.28571428571428,4.94752623688155,25.712143928035978,True,False
IAG,vcp,21.0,19.145000457763672,19.479999542236328,,,,False,2.0,14%->9%,13.7544791075249,8.833331153506323,0.7727422867307975,15.0,,,,,,-7.238097417922247,1.7197078662466843,False,,False,47.83908885594907,,,,,,,,,,,,,,,,,,False,False
IBIO,vcp,1.350000023841858,1.1699999570846558,1.1799999475479126,,,,False,2.0,18%->13%,18.24324171938456,13.333338042836045,0.38491090839336717,15.0,,,,,,-12.592598021602667,0.847456856590309,False,,False,,,,,,,,,,-100.0,,300.0,,-100.0,-50.0,,-100.0,-100.0,False,False
IMMX,vcp,13.289999961853027,11.750100135803223,11.920000076293945,,,,False,2.0,21%->12%,21.125830817675286,11.586906173588101,0.77928830588892,15.0,,,,,,-10.308501802042613,1.4253350621080396,False,,False,50.83908939767362,,,,,,,,,,,,,,,,,,False,False
IMPP,vcp,5.510000228881836,5.059999942779541,5.800000190734863,,,,True,2.0,11%->8%,10.800743688389664,8.166974000173772,0.8302657537426018,17.0,,,,,,5.2631569837861525,12.758624545175469,False,,False,,,,,,,,,,,,,,,,,,,False,False
INBX,vcp,115.11000061035156,99.05500030517578,101.7699966430664,,,,False,3.0,28%->17%->14%,27.625503182869554,13.947528642209036,0.5364749396135265,10.0,,,,,,-11.588918335984722,2.6677767784672497,False,,False,57.83909001081019,,,,,,,,,,-100.0,,1200.0,,,-100.0,,-100.0,False,False
INCY,vcp,130.8000030517578,119.97000122070312,124.75,,,,False,2.0,13%->8%,12.692314242663528,8.279817720469957,0.4910910729527779,35.0,,,,,,-4.625384488228043,3.8316623481337673,False,62.22222222222222,False,40.50575524510417,83.74999999999999,62.22222222222222,290.7407407407407,,0.6849315068493178,-30.805687203791464,3.4313725490195957,154.99999999999997,20.8736268850354,27.83893753955635,20.04700005536655,16.456864084525268,-15.539790355281102,10.311644387179907,12.377409341940826,15.44603560838751,16.456864084525268,True,False
INNV,vcp,11.4399995803833,10.489999771118164,10.850000381469727,,,,False,2.0,15%->8%,14.770492409416768,8.30419444152905,0.3556803170409511,5.0,,,,,,-5.157335844008887,3.317977858935313,False,,False,47.83908919581019,,,,,,-375.0,33.33333333333335,,18.307168406980523,15.494952828891261,14.693371738620753,15.093447465657928,3.97232707398103,5.104126687469757,1.5260159674721052,6.634118582216275,14.693371738620753,True,False
INSW,vcp,97.4190883791096,88.64413617676314,109.37999725341797,,,,True,2.0,12%->9%,12.320708369762901,9.007425904252397,0.8194991347094379,31.0,,,,,,12.277787724477673,18.957635397094382,False,-22.826086956521753,True,49.505754686307874,372.79999999999995,475.0,260.5633802816898,-22.826086956521753,2.7826086956521667,124.60937499999996,80.28169014084511,13.59999999999999,138.849218722047,77.4736359968156,37.64702255245025,-12.79008836982104,43.57034005579521,21.501125508158523,36.402937042996506,0.38182180626760154,-12.79008836982104,True,False
INTT,vcp,11.829999923706055,10.5600004196167,10.8100004196167,,,,False,2.0,28%->11%,27.52809086587602,10.735414304985854,0.8061035350191977,21.0,,,,,,-8.622142947316386,2.312673360736692,False,-300.0,False,48.50574401505787,,-23.076923076923073,-300.0,-300.0,-40.0,,,,27.214025603483872,-10.329754391716527,-13.332452431289642,-17.242799564590626,3.2417281091950523,25.10291202927275,-6.733025239957335,5.6049855464203935,-17.242799564590626,True,False
INVX,vcp,31.559999465942383,28.65999984741211,29.329999923706055,,,,False,3.0,17%->12%->9%,17.472558735136428,9.18884558809887,0.6768622187687635,30.0,,,,,,-7.0659048795067525,2.2843507604390267,False,-214.28571428571428,False,47.83907178637732,63.636363636363626,-214.28571428571428,,-71.35678391959799,,-220.00000000000003,-64.91228070175438,159.0909090909091,9.214481300783994,-0.5756712351558724,9.14088085939837,58.08506293761568,2.4536566386786696,-12.635507050387062,14.000833333333329,7.031047923151701,-0.5756712351558724,True,False
IQV,vcp,271.79998779296875,252.52999877929688,268.82000732421875,,,,False,3.0,15%->10%->7%,14.925525775255025,7.0897681674474216,0.7302144848631205,68.0,,,,,,-1.0963872710030673,6.059819991476602,False,-21.82741116751269,True,47.5057094240162,15.000000000000014,23.23651452282156,24.51612903225806,-21.82741116751269,-45.791245791245785,53.88601036269429,25.324675324675326,10.000000000000009,8.40950639853748,10.257705912076798,5.236139630390135,5.322496067121141,-4.880843263061408,6.439024390243908,2.066218571072942,4.909898145729952,5.236139630390135,True,False
IRDM,vcp,50.80444194362045,45.81071216488614,47.279998779296875,,,,False,2.0,23%->10%,22.682756869318368,9.829317255912459,0.4380509307468205,52.0,,,,,,-6.9372736506677555,3.1076282833029816,False,-55.00000000000001,True,35.50571696072917,-55.00000000000001,-25.92592592592593,-19.999999999999986,66.66666666666666,-55.00000000000001,-16.666666666666664,-31.428571428571427,74.99999999999997,3.840834278443195,1.944824505067988,-0.023944673718612197,6.656922230943119,2.821183527575011,2.8726401803324864,-6.166964108665473,4.62366186274239,-0.023944673718612197,True,False
JLHL,vcp,6.449999809265137,5.489999771118164,5.510000228881836,,,,False,2.0,22%->15%,22.411533584521727,14.883721961789448,0.013493400987079242,9.0,,,,,,-14.573637336128806,0.36298469932605865,False,,False,,,,,,,,,,,,,,,,,,,False,False
JNJ,vcp,281.07000732421875,260.67999267578125,267.2799987792969,,,,False,2.0,9%->7%,8.897774329519706,7.254425629596718,0.7366176935866429,35.0,,,,,,-4.906254024113957,2.4693228575496584,False,-52.863436123348016,True,26.50568953271991,-0.8733624454148492,-52.863436123348016,47.51773049645389,90.990990990991,6.074766355140171,2.8846153846153966,-1.8867924528301883,-7.423580786026196,6.5998399528282015,9.907276298360213,9.07637655417406,6.7731743135597045,5.186601280026593,-2.0436411007979105,2.379860792731203,1.0529419197237155,6.5998399528282015,True,False
JWEL,vcp,2.4000000953674316,2.0850000381469727,2.25,,,,False,3.0,22%->16%->13%,21.75438267739221,13.125001862645075,0.3186306780776827,12.0,,,,,,-6.25000372529015,7.333331637912327,False,,False,,,,,,,,,,,,,,,,,,,False,False
KARO,vcp,68.80000305175781,63.029998779296875,67.54000091552734,,,,False,2.0,10%->8%,10.47065660292626,8.386633744943586,0.481624531835206,29.0,,,,,,-1.831398372588119,6.677527502362865,False,,False,26.83902480513889,,,,,,,,,,,,,,,,,,False,False
KEYS,vcp,339.17999267578125,311.43499755859375,322.0400085449219,,,,False,2.0,16%->8%,16.254472672896224,8.180021144026812,0.45685005797209854,21.0,,,,,,-5.0533594259621655,3.2930725080541707,False,35.570469798657726,False,68.83902382165509,109.09090909090904,35.570469798657726,68.04123711340206,,13.861386138613852,23.926380368098176,20.740740740740726,22.72727272727273,41.34762633996938,32.28043143297381,31.470829909613805,,7.513104251601632,7.312500000000011,18.343195266272193,3.522205206738138,31.470829909613805,False,False
KINS,vcp,20.469999313354492,19.020000457763672,19.399999618530273,,,,False,2.0,11%->7%,11.483251567724569,7.083531530188429,0.4115906717716672,28.0,,,,,,-5.2271603845446055,1.9587585991684155,False,-248.14814814814815,True,49.83902173351852,34.61538461538463,-248.14814814814815,147.72727272727272,34.545454545454525,,-136.69724770642202,47.29729729729728,-5.128205128205132,25.92757299920896,18.370665427032627,34.00742411191124,36.49774667387167,10.167687437591733,5.9454169906211,1.3813703573730463,6.420738483281485,18.370665427032627,True,False
KLIC,vcp,86.54000091552734,78.30999755859375,79.55000305175781,,,,False,2.0,27%->10%,26.878809439580785,9.510056933055724,0.7955071162543229,21.0,,,,,,-8.07718718490949,1.5587749158944402,False,-78.80794701986756,False,62.83901817844908,,,-78.80794701986756,-31.428571428571452,62.12121212121213,106.25,122.2222222222221,,122.6280716648811,49.778993246329925,20.166261346945657,-2.074244839206041,36.18318282424027,21.5383844708829,12.42805167888803,19.63776758100706,-2.074244839206041,True,False
KNSA,vcp,81.56600189208984,74.47000122070312,77.62000274658203,,,,False,2.0,14%->9%,13.89558860215956,8.699703929064198,0.48823097123521175,34.0,,,,,,-4.837798903921133,4.058234236557812,False,145.45454545454547,False,40.50568183123843,145.45454545454547,,,,50.000000000000064,-21.739130434782638,0.0,109.09090909090908,55.50749355880538,64.95315662335967,61.16972926729285,44.339092892452435,6.005630123635131,11.76190871139864,15.34340580495801,13.798308959610983,44.339092892452435,True,False
KOP,vcp,47.72708411901884,44.07419821889442,46.720001220703125,,,,False,2.0,17%->8%,16.79245794743866,7.653695941313064,0.6567218627077782,28.0,,,,,,-2.110086792237956,5.663105592206752,False,-1051.8518518518517,False,50.50569063324074,-1051.8518518518517,,,7.339449541284382,-2302.8571428571427,-75.69444444444446,23.07692307692313,44.44444444444442,3.030903328050716,-0.2628696604600189,-9.287211740041935,-12.448132780082988,14.232374258730518,5.223018257453194,-10.838656501133315,-3.8629160063391454,-12.448132780082988,True,False
KRNY,vcp,10.239999771118164,9.444999694824219,9.649999618530273,,,,False,2.0,10%->8%,10.34836105226032,7.763672793589669,0.804916287098854,43.0,,,,,,-5.761720368900606,2.1243516249721557,False,0.0,True,35.50569064564815,0.0,45.45454545454546,49.99999999999998,49.99999999999998,-31.25000000000001,6.666666666666665,0.0,36.363636363636374,41.4049766380528,29.261614555732194,12.747997855153681,8.90380724664337,6.704475572258284,12.260865563106949,10.085963756734383,7.231337607301969,8.90380724664337,True,False
KRYS,vcp,373.30999755859375,331.7950134277344,336.6700134277344,,,,False,2.0,20%->11%,19.506778045075375,11.120780156535533,0.4149592373722124,34.0,,,,,,-9.814894958742288,1.4480054075402264,False,10.457516339869244,True,46.50567775643518,38.759689922480625,52.500000000000014,10.457516339869244,192.30769230769232,-2.1857923497267784,8.284023668639096,-36.46616541353386,106.20155038759691,24.135274150892315,31.949468718460473,17.51700680272108,16.64937202561991,2.4622498001839244,8.638252182437789,9.51431492842536,1.8304491784844057,16.64937202561991,True,False
KYN,vcp,14.985251194892745,13.83937798914401,14.460000038146973,,,,False,2.0,10%->8%,9.863627786752144,7.64667332463049,0.7468474797578751,81.0,,,,,,-3.505120801210113,4.29199202880842,False,,False,,,,,,,,,,,,,,,,,,,False,False
LASR,vcp,42.435001373291016,37.33000183105469,38.560001373291016,,,,False,2.0,29%->12%,28.532108691854212,12.030162311835019,0.737017290107057,20.0,,,,,,-9.131612759741682,3.1898327241458557,False,,False,49.83899290686343,,,,,-300.0,,,,33.78310520774277,55.18502748316172,71.34505392456892,18.908229257603026,3.005699604644496,-1.236681653014715,21.640046747175703,8.110472179476801,18.908229257603026,True,False
LB,vcp,91.56579933648786,81.75,82.69999694824219,,,,False,2.0,16%->11%,15.909092911334705,10.71994064117385,0.5810789748533783,25.0,,,,,,-9.682438697078851,1.1487267029002954,False,14.999999999999991,False,53.83899807685185,66.66666666666667,14.999999999999991,,,73.91304347826086,-4.1666666666666625,-7.692307692307699,8.333333333333348,40.6180969011003,16.049691702122825,55.55616438356164,78.43577772317197,31.04597588471718,-10.167670576631792,11.699553422124298,6.938337575999842,16.049691702122825,True,False
LIND,vcp,26.610000610351562,24.309999465942383,27.420000076293945,,,,True,2.0,29%->9%,29.199998038155695,8.64337125762581,0.7351626674064142,22.0,,,,,,3.0439663561198294,11.34208826294032,False,-100.0,False,47.505642529513885,,,,-100.0,-122.22222222222223,,,,18.638244663431493,15.742178153916342,23.26373234460901,16.58551976893765,-4.214159691942331,13.555991068942742,-23.72924404177007,43.00634136175534,15.742178153916342,True,False
LIVN,vcp,83.5199966430664,77.1500015258789,78.51000213623047,,,,False,2.0,13%->8%,12.93144087108183,7.626910169082627,0.4357948696691468,30.0,,,,,,-5.998556882427573,1.7322641362201099,False,-45.19230769230775,False,48.50562526966436,286.0,,-45.19230769230775,-18.333333333333336,382.49999999999994,-29.8245614035087,16.32653061224478,-2.0000000000000018,10.797279050504361,14.329267330482388,12.146474846968891,12.45850622406639,7.8201171540725145,0.3704411768780336,0.8855271653906538,1.4833032644585797,10.797279050504361,True,False
LOCO,vcp,16.270000457763672,14.420000076293945,14.529999732971191,,,,False,2.0,14%->11%,14.052477556956603,11.370622799134273,0.5143332016850974,27.0,,,,,,-10.694533963348427,0.7570520213268622,False,4.761904761904812,True,49.83894091559028,79.16666666666667,42.10526315789473,4.761904761904812,19.047619047619047,59.25925925925925,22.727272727272684,-11.999999999999966,4.166666666666674,2.97058028831636,5.877811993925008,8.077246158692386,0.934424187050964,2.6865955524559837,2.159251912723148,1.6417050691244217,-3.428326207543275,0.934424187050964,True,False
LOMA,vcp,10.5600004196167,9.460000038146973,9.600000381469727,,,,False,2.0,27%->10%,26.758282106425273,10.416669865148108,0.7240160672723177,39.0,,,,,,-9.090909090909092,1.4583368516629198,False,,False,49.838957985057874,,,,,,,,,,,,,,,,,,False,False
LONA,vcp,7.800000190734863,6.699999809265137,6.789999961853027,,,,False,2.0,20%->14%,19.64285349359301,14.102568648348864,0.4600844673862037,11.0,,,,,,-12.948720566462967,1.3254808997573115,False,-398.5781990521327,False,,,,-398.5781990521327,,,,,,,,,,,,,,,False,False
LSTR,vcp,193.57854562417273,165.05999755859375,169.13999938964844,,,,False,2.0,23%->15%,22.574384680828512,14.732287596037082,0.6281122647001746,43.0,,,,,,-12.624615065540912,2.4122040001050093,False,-60.2836879432624,True,40.83895795033565,36.47058823529412,-46.15384615384613,-60.2836879432624,-18.918918918918926,65.71428571428567,25.00000000000002,-53.33333333333332,41.176470588235304,1.5712308623821558,-2.9359882356044364,-0.7464347271982308,-1.1025841995215946,-0.27761406464696936,-2.5783921389857967,-0.5277702796120831,5.104402733327573,-2.9359882356044364,True,False
LUNG,vcp,2.005000114440918,1.8300000429153442,1.9500000476837158,,,,False,2.0,25%->9%,25.462008218832032,8.728182620297327,0.6941745315914268,9.0,,,,,,-2.7431453176020684,6.1538462478968725,False,,False,55.83893891333333,,,,,,,,,-4.622993419673915,-8.660928210134,-4.910582789816953,5.469171530877515,10.541144467113561,-8.903442782547133,5.097200260440893,-9.878871704597847,-8.660928210134,True,False
MDGL,vcp,552.0800170898438,513.3599853515625,529.0900268554688,,,,False,3.0,21%->9%->7%,21.04807383725374,7.0134818395319805,0.3495218491358978,36.0,,,,,,-4.1642496599607375,2.973036856769787,False,,False,48.505596270868054,,,,,,,,,71.16944389620399,126.83934426229509,210.76558265582656,362.0313630880579,16.996052509017566,-3.0353522297972835,11.771238007714047,34.99309217018638,71.16944389620399,True,False
MEDP,vcp,629.6900024414062,577.6400146484375,616.4400024414062,,,,False,2.0,17%->8%,16.883022287239953,8.265970174397376,0.40329503043018006,38.0,,,,,,-2.1042099999408737,6.294203432499786,False,16.621253405994562,True,32.8389397853588,37.09677419354838,16.621253405994562,26.702997275204375,28.239202657807304,-0.7009345794392607,-7.95698924731183,20.46632124352332,24.51612903225806,17.241522199993042,26.502318420251726,32.02842398931025,23.735601902808277,0.10288648238616638,-0.26056884748394404,7.356687270704931,9.380236726994863,17.241522199993042,True,False
MEI,vcp,14.65999984741211,12.9399995803833,13.279999732971191,,,,False,2.0,20%->12%,20.059168438864454,11.7326076734744,0.6244607938583071,7.0,,,,,,-9.413370592118566,2.5602421643409246,False,,False,76.83893663616898,,,,,-3299.9999999999973,,,,10.353430353430348,15.94710229482692,-2.5844101709045386,-15.61859193438141,-10.969473331096946,27.556696619597766,-5.34629404617254,2.6611226611226613,-15.61859193438141,True,False
MFC,vcp,44.517941593801226,41.33454669996313,43.70000076293945,,,,False,2.0,9%->7%,8.51273738851591,7.150813312269949,0.6905932922803283,86.0,,,,,,-1.837328505268681,5.412938264711406,False,,False,48.838929924780096,,,,,,,,,,,,,,,,,,False,False
MGA,vcp,69.2300033569336,63.099998474121094,63.7400016784668,,,,False,2.0,14%->9%,14.01256755692245,8.854549451930023,0.7879933839467226,17.0,,,,,,-7.930090152042375,1.0040840719995063,False,,False,43.50557719622685,,,,,,,,,,,,,,,,,,False,False
MLI,vcp,64.48027897345447,57.81999969482422,60.540000915527344,,,,False,3.0,23%->16%->10%,23.185332562774917,10.329172554250562,0.6570228924631354,63.0,,,,,,-6.110826628943839,4.49289920642452,False,1.8018018018017834,True,33.505561493877316,1.8018018018017834,55.395683453237424,104.95867768595045,27.027027027027017,-47.6851851851852,-12.903225806451623,31.914893617021313,69.36936936936935,25.457465604965158,19.280818664920286,4.206549609327626,8.01668819669863,19.691283775005132,23.96338263792557,-10.710375719969123,-5.3022695143884135,4.206549609327626,True,False
MRVL,vcp,241.8800048828125,213.6300048828125,229.7100067138672,,,,False,2.0,21%->12%,21.201889117151417,11.679344894046423,0.5624418816799285,13.0,,,,,,-5.031419680531886,7.000131191970387,False,-80.0,False,75.83886696225694,50.0,-80.0,95.65217391304337,,725.0,-91.11111111111111,-79.54545454545456,900.0,36.54852699267235,27.568195008705754,22.080994827775946,36.83134357891959,13.297212341798325,8.973723351512142,6.951072547601833,3.409600717810668,22.080994827775946,True,False
MS,vcp,222.0,200.39999389648438,202.4199981689453,,,,False,2.0,13%->10%,12.620022320353403,9.729732479061093,0.6424960500229786,44.0,,,,,,-8.819820644619229,0.9979272259329763,False,20.179372197309455,True,27.505533416238425,62.44131455399062,31.92307692307692,20.179372197309455,48.93617021276595,0.8746355685131046,27.985074626865615,-4.285714285714226,31.45539906103285,,,,,,,,,,False,False
MTC,vcp,4.849999904632568,4.431000232696533,5.230000019073486,,,,True,2.0,12%->9%,11.899995803833008,8.639168663401824,0.20642570281124498,6.0,,,,,,7.835054060062016,15.277242513633851,False,,False,,,,,,,,,,,,,,,,,,,False,False
MUR,vcp,38.65999984741211,33.790000915527344,38.189998626708984,,,,False,2.0,18%->13%,18.220660999098623,12.596996769545415,0.6534844034950233,32.0,,,,,,-1.215730011790434,11.521335086156324,False,-102.15053763440861,True,48.838866412800925,893.75,-26.0,-77.14285714285715,-102.15053763440861,329.72972972972974,362.5000000000003,,-112.5,35.61403380351798,8.862991095982053,-8.436707518511765,-4.275667214131229,26.486917528954578,19.454104168433695,-14.963535034939234,5.5486666715466315,-8.436707518511765,True,False
NBN,vcp,137.63999938964844,124.0199966430664,132.5399932861328,,,,False,2.0,14%->10%,13.707140415500405,9.895381289580534,0.48505421970768503,36.0,,,,,,-3.70532267228358,6.428245868907723,False,,False,40.50552578297454,,,,,,,,,,,,,,,,,,False,False
NEM,vcp,130.7100067138672,120.0000991821289,121.76000213623047,,,,False,2.0,10%->8%,10.155955847293727,8.19364010529276,0.70634950237937,15.0,,,,,,-6.847222184931004,1.4453867634894628,False,-3.252032520325243,True,35.838843948032405,11.351351351351347,78.57142857142858,-3.252032520325243,108.74999999999999,-31.333333333333336,152.10084033613458,-28.742514970059908,-9.72972972972974,15.064886214030459,45.84830339321358,20.629865534324132,19.95656894679696,-16.27206788011496,7.172191258433558,23.425054308472127,3.8931728418281075,15.064886214030459,True,False
NEOG,vcp,12.260000228881836,11.369999885559082,12.550000190734863,,,,True,2.0,13%->7%,13.229577528969806,7.259382762702654,0.44049396646363304,31.0,,,,,,2.365415631639646,9.402392727029007,True,,False,19.838844968993055,,,,,,,-141.1764705882353,,-0.05278589773730635,-4.434389140271488,-2.8396855460135484,-3.583543813720247,6.685606060606064,-6.004245830941157,7.410523497889465,-7.20815830446373,-4.434389140271488,True,False
NKTX,vcp,3.0799999237060547,2.7850000858306885,2.869999885559082,,,,False,2.0,17%->10%,16.51514684092127,9.577917051387566,0.5073380116125815,6.0,,,,,,-6.818183225611482,2.9616656138589152,False,,False,54.838845257754635,,,,,,,,,,,,,,,,,,False,False
NPKI,vcp,13.649999618530273,12.640000343322754,12.90999984741211,,,,False,3.0,21%->12%->7%,21.385742766148514,7.399262296215863,0.5547575294274815,38.0,,,,,,-5.421243895960207,2.091398197370843,False,9.090909090909083,False,42.838829101863425,40.000000000000014,9.090909090909083,69.99999999999984,,16.666666666666675,-29.411764705882348,142.8571428571428,-29.999999999999993,19.568244104758705,15.889899192614653,30.71935192267574,55.71742031804918,8.678566671106957,-0.16623445707826257,9.234725006537081,0.8866677414154367,15.889899192614653,True,False
NUE,vcp,280.1099853515625,238.6199951171875,260.67999267578125,,,,False,2.0,21%->15%,20.58432061490983,14.812035416124647,0.6485489259457964,64.0,,,,,,-6.9365583848768955,8.462482038669803,False,27.55905511811012,True,39.83880769075231,93.84615384615384,382.08955223880594,27.55905511811012,150.47619047619048,56.03715170278638,99.38271604938281,-38.40304182509509,1.1538461538461497,22.95411542100283,21.27713920817369,8.634821933295655,14.468027941966689,9.488205560235885,23.53323793417459,-9.787583616946371,0.7686849574266796,8.634821933295655,True,False
NVGS,vcp,22.47609971783167,19.655373832494675,24.489999771118164,,,,True,2.0,21%->13%,20.98446157237198,12.549890420263349,0.6828281551762129,66.0,,,,,,8.96018472319174,19.7412249236732,False,,False,48.83880376055556,,,,,,,,,,,,,,,,,,False,False
NWE,vcp,73.43835485182716,67.3499984741211,68.5199966430664,,,,False,2.0,11%->8%,11.163867505147087,8.290431328411742,0.7052403860954156,90.0,,,,,,-6.697260877758322,1.7075280593489426,False,-45.03816793893128,True,41.83879578914352,14.285714285714302,-17.599999999999994,-45.03816793893128,-18.42105263157895,-61.165048543689316,43.055555555555515,16.129032258064548,77.14285714285715,3.280168522419502,-0.907441016333943,-14.53396524486572,25.447445493003574,4.761904761904767,-24.30683918669131,12.269779507133594,16.009629852542883,-14.53396524486572,True,False
NXG,vcp,62.09023689079536,53.70000076293945,53.79999923706055,,,,False,2.0,17%->14%,17.121853344731274,13.51297168122051,0.5733845531627244,53.0,,,,,,-13.351918222370013,0.18587077237764907,False,,False,,,,,,,,,,,,,,,,,,,False,False
ODC,vcp,95.06999969482422,84.33999633789062,87.73999786376953,,,,False,2.0,17%->11%,16.95541288758438,11.286424099481462,0.6411250171423801,35.0,,,,,,-7.710110291978623,3.8750873132661297,False,-17.567567567567565,True,21.838796823356482,-17.567567567567565,110.00000000000001,283.33333333333337,37.83783783783781,-3.1746031746031744,36.95652173913042,-9.80392156862745,-31.081081081081074,9.374810607700358,0.7039362266281213,-5.829848763140411,10.122952982357392,7.2976209687693805,-2.281592882160588,-3.7743986199405777,8.407719413684722,-5.829848763140411,True,False
OIS,vcp,9.079999923706055,8.265000343322754,8.4399995803833,,,,False,3.0,19%->13%->9%,19.00000042385525,8.975766379198976,0.7031993496102824,38.0,,,,,,-7.048461990091449,2.073450779159865,False,-929.1666666666667,False,42.505461116527776,100.0,-60.00000000000001,-929.1666666666667,,400.0,,-6733.333333333334,-40.0,-5.28819994437929,-9.112906251172326,8.426136881436253,-5.258448620001377,7.77089080440001,-18.547718307333692,8.042135851798049,-0.13663349576193973,-9.112906251172326,True,False
OKE,vcp,99.8499984741211,91.87999725341797,92.69999694824219,,,,False,2.0,12%->8%,11.894698548270824,7.981974303954319,0.7593850302136301,37.0,,,,,,-7.16074274926707,0.8845735941955366,False,-1.273885350318471,True,40.83879372081019,14.179104477611926,18.26923076923077,-1.273885350318471,26.271186440677962,24.390243902439025,-20.645161290322577,4.026845637583887,11.194029850746269,52.770381640674536,19.582245430809397,29.499999999999993,71.8893091777822,25.275525057184446,6.1003861003861015,4.99189251795229,9.471281856219104,19.582245430809397,True,False
OOMA,vcp,23.809999465942383,22.110000610351562,22.579999923706055,,,,False,2.0,18%->7%,17.831233222851797,7.1398525565802045,0.815164345043793,13.0,,,,,,-5.165894875368262,2.0814850086029195,False,150.0,False,81.8387784603588,150.0,,,,11.111111111111116,-40.000000000000014,200.00000000000006,25.0,25.4113676089446,24.78894031893464,14.573636265880152,3.8355827844058554,2.5619539365857813,8.802155958382496,10.290573012939008,1.9001265746489082,3.8355827844058554,True,False
PACS,vcp,45.849998474121094,41.470001220703125,42.720001220703125,,,,False,3.0,18%->16%->10%,18.479164441426597,9.55288418578716,0.6982415943847399,36.0,,,,,,-6.826602742821505,2.9260298789369426,False,51.61290322580645,True,53.83877734725694,51.61290322580645,194.1176470588235,90.90909090909089,219.99999999999997,-6.000000000000005,19.04761904761907,31.24999999999998,3.2258064516129004,9.062397574722226,11.196216087111432,12.420872908954061,31.244117796375193,0.5308603980819226,4.5843132258047925,0.997915646930525,2.7062047657502752,9.062397574722226,True,False
PANL,vcp,7.679248755376118,6.528595977521186,8.279999732971191,,,,True,2.0,19%->15%,19.158297599384255,14.983923747090222,0.5528960589775112,64.0,,,,,,7.823043591008781,21.15221995087592,False,-5.263157894736848,False,49.83876798386574,,,-5.263157894736848,72.72727272727273,-23.809523809523803,16.666666666666675,-5.263157894736848,,19.420635781707716,38.90653246689793,24.940001098150134,10.158875027476078,9.695743932465707,-7.233062784671807,9.017816535205903,7.646249577187936,10.158875027476078,True,False
PEB,vcp,18.790000915527344,17.40999984741211,17.84000015258789,,,,False,2.0,11%->7%,11.15070618517054,7.344337418178909,0.8028305473816463,31.0,,,,,,-5.055884601657516,2.4103155913561185,False,-254.16666666666669,False,48.8387242034838,183.33333333333334,,,-254.16666666666669,,,,-716.6666666666667,-0.09692371490196416,7.927785028694889,3.382109004739342,-1.435493041307201,17.78820561483092,-0.9632741004761969,-12.466047857785977,-2.1627484130275265,-1.435493041307201,True,False
PENG,vcp,53.237998962402344,46.189998626708984,48.2400016784668,,,,False,3.0,25%->16%->13%,25.36882175692134,13.238665000671396,0.6979875795927993,21.0,,,,,,-9.38802618683175,4.2495915846389485,False,-60.00000000000001,False,19.83873118063657,,544.4444444444445,-60.00000000000001,,17.24137931034484,1349.9999999999998,-60.00000000000001,,47.63655316406117,-6.161102432431697,0.5772466886737604,8.604908275161648,39.56687920372946,-0.02098690941525483,1.5237244097750402,4.2161782076231,-6.161102432431697,True,False
PESI,vcp,19.18000030517578,17.72010040283203,18.200000762939453,,,,False,3.0,25%->9%->8%,25.46904047479741,7.6115739265644935,0.4648692309185873,24.0,,,,,,-5.109486583125196,2.6368150548907665,False,,False,54.83872777387732,,,,,,,,,-11.661867544220483,-20.066096702349313,6.890219017820698,3.818700927908636,15.809814848103532,-29.201399936366524,-9.963332187464191,19.66269025092555,-20.066096702349313,True,False
PFAI,vcp,3.0199999809265137,2.640000104904175,2.809999942779541,,,,False,3.0,22%->16%->13%,21.824099428160405,12.582777431202425,0.75,12.0,,,,,,-6.953643691168045,6.049816417690353,False,,False,,,,,,,,,,,,,,,,,,,False,False
PFG,vcp,114.0329094812437,105.47795640271507,116.63999938964844,,,,True,2.0,12%->8%,12.16908120248647,7.502179079220786,0.8157241462823928,139.0,,,,,,2.286260975243773,9.569652816651146,True,-41.326530612244895,False,39.83872295966435,819.047619047619,-41.326530612244895,,20.134228187919454,-16.086956521739125,142.10526315789474,-46.92737430167598,752.3809523809524,-4.513109120917768,-3.6889730639730667,22.24731039978749,-14.834833441588568,-22.889855135796534,24.31279878313777,0.280554571949998,-0.6656024243080205,-14.834833441588568,True,False
PGC,vcp,47.99804207260118,44.22999954223633,45.029998779296875,,,,False,2.0,14%->8%,13.695561997560926,7.850408824312797,0.6215102019516777,52.0,,,,,,-6.18367576080475,1.7765917360592,False,25.581395348837212,True,41.83871350458333,91.1111111111111,86.046511627907,30.769230769230795,25.581395348837212,7.499999999999996,17.64705882352939,25.925925925925952,19.999999999999996,16.85780967677173,17.80841915277631,16.339644058864078,16.74772210381772,4.911513895303643,3.1111885472021372,5.480308014628865,2.413546476611117,16.339644058864078,True,True
PGEN,vcp,7.269999980926514,6.539999961853027,7.434999942779541,,,,True,2.0,15%->10%,14.507770932611358,10.041265763255925,0.5686624482234665,14.0,,,,,,2.269600581649509,12.037659553658612,False,,False,56.83869683900463,,,,,,,,,3011.375212224109,1156.185845488925,-51.44639818491208,-91.98062432723358,136.44417684500257,2616.355140186916,-36.16703952274422,-24.10865874363328,-91.98062432723358,True,False
PHVS,vcp,40.599998474121094,37.000301361083984,37.54999923706055,,,,False,2.0,14%->9%,14.450867052023122,8.866249380111672,0.41525572750302897,6.0,,,,,,-7.5123136741117165,1.4639091535161197,False,,False,56.50536260150462,,,,,,,,,,,,,,,,,,False,False
PKOH,vcp,47.34000015258789,44.0,45.06999969482422,,,,False,3.0,13%->9%->7%,13.17435828492821,7.055344617284091,0.6475000000000001,23.0,,,,,,-4.795100233305724,2.374084096004767,False,-47.945205479452056,False,48.83869446478009,30.303030303030297,-5.000000000000004,,-47.945205479452056,50.877192982456144,850.0000000000026,-84.21052631578951,-42.42424242424243,9.997500624843791,3.848051307350775,1.6992790937178093,-4.549808429118773,4.536817102137758,6.582278481012649,-0.9031610637230347,-0.37490627343164107,-4.549808429118773,True,False
PLPC,vcp,428.5,390.6453857421875,396.80999755859375,,,,False,3.0,17%->12%->9%,16.538139336997478,8.8342156961056,0.7917415953849215,21.0,,,,,,-7.395566497411027,1.553542464739934,False,-65.5844155844156,True,41.83869533083333,75.390625,-8.154506437768239,-19.248826291079823,-65.5844155844156,109.81308411214954,24.418604651162813,224.52830188679238,-79.296875,25.40079362739607,18.67295898102208,3.585511946719966,21.16987473889762,20.65090368622289,1.8306384994425384,-2.795262989437741,5.0035082340316395,3.585511946719966,True,False
PLXS,vcp,256.6700134277344,236.5800018310547,242.3300018310547,,,,False,2.0,22%->8%,21.805367693805056,7.8271751843485395,0.8174525426680598,28.0,,,,,,-5.586944655191335,2.3727974070700206,False,-3.658536585365846,True,41.83867988633102,-3.658536585365846,29.078014184397173,12.686567164179108,26.351351351351404,-13.186813186813184,20.529801324503303,-19.25133689839572,14.024390243902452,28.13196007494785,18.73011824479427,9.602283321142234,-1.1102991717681365,12.117735919096507,8.77738229213012,-99.97345274731852,395653.68159731635,-1.1102991717681365,True,False
PMTS,vcp,25.290000915527344,23.469999313354492,23.760000228881836,,,,False,2.0,26%->7%,25.92592855426331,7.1965264384605945,0.4764269093541548,6.0,,,,,,-6.049824560133293,1.220542562010705,False,-57.49999999999999,True,47.505361092199074,325.0,-57.49999999999999,10.714285714285744,72.72727272727273,0.0,-72.58064516129032,226.3157894736842,375.0,14.973064206607933,19.832845936413037,22.349235786915656,10.593101458104549,1.4091687739619774,-3.884903367438941,10.93602771697375,6.329718773361703,10.593101458104549,True,False
PNRG,vcp,223.5500030517578,205.51919555664062,207.9199981689453,,,,False,3.0,12%->10%->8%,12.296272412581882,8.065670878538334,0.44180726872246695,21.0,,,,,,-6.991726535201047,1.1546761415195455,False,-51.075268817204304,True,60.7970226615625,106.76691729323306,-51.075268817204304,47.42268041237128,-50.227272727272734,51.098901098901095,27.272727272727295,-67.351598173516,229.32330827067665,1.1695209965938647,-21.280166213840502,-15.667646961636317,-33.813260384421575,7.791087199269109,-22.802343122465373,11.03545790733087,9.496701045661338,-33.813260384421575,True,False
PNTG,vcp,40.547000885009766,36.4900016784668,42.47999954223633,,,,True,2.0,12%->10%,12.39165441790479,10.005670254252621,0.6866906647468203,35.0,,,,,,4.767303660037634,14.100748418826825,False,-15.000000000000002,True,48.83868358668981,25.0,9.090909090909083,56.25,-15.000000000000002,4.166666666666674,-3.999999999999959,47.05882352941168,-15.000000000000002,35.755190181365926,35.98993528464274,53.168477225081,26.759386345523772,4.4224218892362055,-1.3683668425946038,26.32040831474116,4.345310499724375,26.759386345523772,True,False
POWL,vcp,185.0,167.30999755859375,177.7100067138672,,,,False,2.0,16%->10%,15.695719721554847,9.562163481841218,0.7458726583216904,13.0,,,,,,-3.9405369114231417,5.852236093839445,False,-1.5748031496062964,True,61.83866589200231,7.575757575757569,-1.5748031496062964,18.881118881118873,149.60212201591517,13.59999999999999,-63.23529411764706,-63.8682252922423,612.8787878787879,8.896053766858913,6.4544146200530506,4.039663506343438,8.33263652326921,5.099202670127934,18.08674119370661,-15.705258353664476,4.09050102524513,4.039663506343438,True,False
POWW,vcp,2.3399999141693115,2.0999999046325684,2.109999895095825,,,,False,2.0,19%->10%,18.726591225196433,10.256411040166299,0.3693163739340715,26.0,,,,,,-9.82906100469389,0.4739332208735816,False,,False,60.50532807971065,,,,,,-200.00000000000009,0.0,,22.123596316756753,10.10391236614392,6.968593421412317,0.010790267329086056,4.258050636740962,3.6938989351198437,11.76663929199453,1.0705403961213777,0.010790267329086056,True,False
PRM,vcp,32.564998626708984,29.65999984741211,31.899999618530273,,,,False,2.0,21%->9%,21.08985516342336,8.920616925542472,0.626917320641473,27.0,,,,,,-2.042066747189406,7.021942940140284,False,-189.0,False,42.50529095697917,,22.222222222222232,-189.0,,-352.2727272727273,,,,31.46293324479368,73.63459669582117,19.156683791211982,9.370460132377767,70.95363359425598,21.72165450121655,-67.42676172874337,93.95286493399493,9.370460132377767,True,False
PSMT,vcp,181.8300018310547,166.35000610351562,167.0,,,,False,2.0,17%->9%,16.56009227232749,8.5134441905369,0.6948915215304983,31.0,,,,,,-8.155970786841776,0.3892179020864521,False,6.6115702479338845,True,39.83862554587963,12.28070175438598,11.724137931034484,6.6115702479338845,8.510638297872353,-20.98765432098766,25.581395348837212,26.470588235294066,-10.526315789473639,12.488072093519342,9.651979710914249,9.919757954249153,8.558413435069667,-0.9184047373235416,8.157708415748854,3.8884276564172815,1.038951968778301,8.558413435069667,True,False
PYXS,vcp,3.515000104904175,3.240000009536743,3.3399999141693115,,,,False,3.0,25%->11%->8%,24.530122951596663,7.82361556643335,0.20785554467906586,6.0,,,,,,-4.978668151124681,2.994009197675062,False,,False,46.505290255081015,,,,,,,,,,,,,-82.53437383872166,,,,,False,False
RBRK,vcp,94.61000061035156,85.77999877929688,104.9800033569336,,,,True,2.0,20%->9%,20.285428853830393,9.33305334963561,0.43072607393141815,13.0,,,,,,10.96078921856324,18.289201718118083,False,-107.73286467486818,False,77.83862438237269,,,-107.73286467486818,,,,,,37.888078487058664,38.992606317845734,46.3324292909725,48.263597794883516,10.383705188752357,2.484616769574566,7.858558512248481,13.007809978700058,37.888078487058664,True,False
RCMT,vcp,41.77000045776367,38.84000015258789,39.279998779296875,,,,False,2.0,9%->7%,9.445346206571744,7.014604436354968,0.5991814461118691,11.0,,,,,,-5.961220136888907,1.120159471442989,False,-14.28571428571428,True,48.83858483141204,36.00000000000001,-3.703703703703709,110.52631578947363,-14.28571428571428,30.76923076923077,-35.0,166.66666666666669,-40.0,20.021492720620216,-1.698767653569777,12.434990638651966,16.439990060465504,12.979599701341549,-3.9756695499329253,23.0292079841796,-10.077271447944113,-1.698767653569777,True,False
RGLD,vcp,271.42999267578125,240.75509643554688,245.50999450683594,,,,False,2.0,18%->11%,18.005051278148347,11.301218387046505,0.7889355762423236,62.0,,,,,,-9.549423007171626,1.9367431785579172,False,-36.19631901840484,True,48.83859821050926,38.3084577114428,91.86046511627906,-36.19631901840484,31.506849315068486,-15.75757575757576,217.30769230769204,-45.83333333333328,-4.477611940298498,114.90772408332259,142.52207448458404,85.29028436018957,30.041220200477724,-3.9618438582467386,24.992006906033183,48.89791643524764,20.236783484304265,30.041220200477724,True,False
RHP,vcp,133.27000427246094,118.97000122070312,119.93000030517578,,,,False,2.0,17%->11%,16.877639636617495,10.7300987418913,0.7370591426525045,34.0,,,,,,-10.009757289429118,0.8004661736261379,False,-43.617021276595736,True,46.83857539755787,26.785714285714256,3.0000000000000027,-4.440892098500626e-14,-43.617021276595736,37.8640776699029,-8.035714285714256,111.32075471698104,-52.67857142857143,13.564968196326088,13.161013485901108,13.923780906778994,7.72786285498166,12.700805932239101,-9.926159651291389,24.53338464498749,-10.167623177638108,7.72786285498166,True,False
RIO,vcp,106.83999633789062,94.9655990600586,95.79000091552734,,,,False,2.0,19%->11%,19.255126138315042,11.114187275220635,0.6415364151051972,64.0,,,,,,-10.342564396405187,0.8606345626781556,False,,False,154.83858791493057,,,,,,,,,,,,,,,,,,False,False
RLJ,vcp,11.779999732971191,10.59000015258789,10.829999923706055,,,,False,2.0,17%->10%,17.14507353982959,10.101864239033858,0.6311187708260448,28.0,,,,,,-8.064514692697065,2.216064384200249,False,-177.7777777777778,False,48.838575962800924,6.666666666666665,,,-177.7777777777778,,,,-146.66666666666669,5.476407520731041,3.613932750008386,-0.4230444045104531,-4.540642787727334,12.651149930730599,3.464468202304971,-0.4399400081807059,-9.104303737506992,-4.540642787727334,True,False
RLYB,vcp,17.09000015258789,15.850000381469727,17.09000015258789,,,,True,2.0,11%->7%,11.289400930361586,7.255703686640367,0.37120545534535854,74.0,,,,,,0.0,7.255703686640367,True,,False,,,,,,,,-111.11111111111111,,-100.0,0.0,11000.0,-29.096989966555185,-100.0,-4.504504504504503,4.716981132075482,0.0,-100.0,True,False
RMR,vcp,20.530000686645508,18.809999465942383,18.920000076293945,,,,False,2.0,14%->8%,13.597197580708755,8.377989104608082,0.48649672834702884,43.0,,,,,,-7.842184883115208,0.5813985724523816,False,-76.19047619047619,True,55.838573662523146,-28.000000000000004,-76.19047619047619,86.84210526315788,-44.117647058823486,259.99999999999994,-92.95774647887323,273.68421052631567,-23.99999999999998,3.308523191431423,-7.63212833754533,40.76426401080351,-5.675396989069914,8.312714122573283,-36.99389905712701,45.854650400104944,3.7895978941635544,-7.63212833754533,True,False
SCSC,vcp,59.310001373291016,55.0,56.720001220703125,,,,False,2.0,20%->7%,20.020963127105855,7.266904861735397,0.41314508276533596,18.0,,,,,,-4.366886010146413,3.0324421433110174,False,5.405405405405417,True,49.50520370815972,40.22988505747127,5.405405405405417,7.14285714285714,28.98550724637683,56.41025641025643,4.0000000000000036,-15.73033707865169,2.298850574712641,17.25014331652901,8.788148349925585,2.543822918352845,-4.632662007787724,24.298699774384126,0.03626818627757711,3.6317177043196036,-9.009381389272297,-4.632662007787724,True,False
SEPN,vcp,39.400001525878906,36.599998474121094,38.439998626708984,,,,False,3.0,24%->14%->7%,23.757338066842753,7.106606455125898,0.7099525147785638,24.0,,,,,,-2.4365554872868924,4.7866811090607495,False,-101.5840220385675,False,53.83855901842593,,,-101.5840220385675,,,,-227.77777777777777,,22375.63025210084,12010.95890410959,11276.415094339623,12113.068181818182,0.8407797006371842,9.97180529065429,12.20283786927192,17963.025210084033,11276.415094339623,True,False
SEZL,vcp,126.0,115.04000091552734,117.31999969482422,,,,False,2.0,15%->9%,14.776338996399666,8.698411971803695,0.6978516342269555,12.0,,,,,,-6.888889131091889,1.9434016239581198,False,-89.78540772532189,True,48.838554851527775,49.99999999999998,47.0,-89.78540772532189,70.45454545454545,-20.408163265306122,23.529411764705888,58.666666666666664,-3.8461538461538547,62.87488465087665,52.13826032800499,61.577561909022016,61.667838559977504,15.604830456437192,-6.298346779864728,36.06409074302812,10.50638265149184,52.13826032800499,True,False
SFST,vcp,65.08999633789062,60.290000915527344,61.279998779296875,,,,False,2.0,9%->7%,9.397435017945632,7.374398052576131,0.6625316381187828,43.0,,,,,,-5.853430285685619,1.6155317942075365,False,48.14814814814814,True,40.50519427219908,48.14814814814814,83.07692307692307,72.46376811594205,98.14814814814814,0.8403361344537785,0.0,11.214953271028016,32.09876543209877,10.330877577152187,9.854907873352792,7.790091264667542,7.537058152793619,5.971053757307865,-0.20455717817819963,-0.6485703177464441,5.008629168445089,7.537058152793619,True,False
SILC,vcp,43.2400016784668,40.099998474121094,42.47999954223633,,,,False,3.0,20%->13%->7%,19.63317686289884,7.261801763318158,0.5788967049241022,13.0,,,,,,-1.7576366945631832,5.602639109609418,False,,False,42.505173677615744,,,,,,,,,,,,,,,,,,False,False
SND,vcp,5.46999979019165,5.0,5.179999828338623,,,,False,2.0,12%->9%,11.567877951569573,8.592318248977175,0.7175722910708612,21.0,,,,,,-5.3016448441740565,3.4749002761329093,False,-70.00000000000004,False,55.83849559871528,-53.70370370370371,,-70.00000000000004,,,-433.3333333333338,-62.50000000000006,-85.18518518518519,13.533287366888835,-42.195923180592985,-46.84582625296326,-64.3644390318161,7.974499089253184,8.339582428858971,8.236148489897044,-10.330958400367729,-64.3644390318161,True,False
SNDR,vcp,35.266031248946696,32.595001220703125,32.75,,,,False,3.0,14%->10%->8%,14.148109045766857,7.57394561749374,0.6323901915334877,38.0,,,,,,-7.134432653296771,0.47327871541030536,False,-35.29411764705883,True,42.83849617633102,40.000000000000014,-19.999999999999996,-31.578947368421083,-35.29411764705883,133.33333333333334,-7.692307692307665,18.181818181818144,-45.00000000000001,10.432946145723342,-0.23541161363960228,4.517959823762219,10.389906513642932,12.170182338219515,-0.07859388396684874,-3.635362159184796,2.2456881379795846,-0.23541161363960228,True,False
STLD,vcp,251.8800048828125,233.8000030517578,238.22999572753906,,,,False,2.0,20%->7%,20.24436056649988,7.178021867780426,0.8088178472766042,29.0,,,,,,-5.419250790321415,1.8595444550348659,False,28.57142857142858,True,32.83849459989583,83.58208955223883,93.05555555555556,28.57142857142858,33.65853658536588,32.73381294964028,54.444444444444365,-34.306569343065675,36.318407960199025,33.43686468031639,19.126246368038057,13.995110711446745,11.207810918287308,17.035988301698147,17.915754427681808,-8.578056279598156,5.763086777727566,11.207810918287308,True,False
STM,vcp,52.869998931884766,47.53499984741211,48.060001373291016,,,,False,3.0,28%->15%->10%,28.032463630504733,10.090787199269702,0.48020989198664754,39.0,,,,,,-9.097782590823817,1.0923876630820737,False,,False,42.505161107118056,,,,,,,,,,,,,,,,,,False,False
SUNE,vcp,3.2799999713897705,2.859999895095825,2.9100000858306885,,,,False,2.0,40%->13%,40.24640340424532,12.804880486507653,0.011337746083027987,5.0,,,,,,-11.280484414221174,1.7182195622028729,False,-99.79591122766577,False,54.50516247744213,,,-99.79591122766577,,,-101.13647125674781,,,-37.52427807971278,-43.06674765867313,76.9849851217093,29.047002843925963,13.4483961176179,-73.56051132117567,43.26377003328905,45.38630372618291,-43.06674765867313,True,False
SYRE,vcp,92.0999984741211,85.26000213623047,91.16999816894531,,,,False,2.0,24%->7%,23.75766038278335,7.426706244531128,0.7877068107480345,19.0,,,,,,-1.0097723350528602,6.482391303510994,False,-103.37899543378994,False,47.83849396650463,-103.37899543378994,,,,,,,-105.47945205479452,,,-100.0,-100.0,,,,,-100.0,False,False
TCMD,vcp,24.899999618530273,21.288999557495117,22.170000076293945,,,,False,2.0,24%->15%,24.379420326572692,14.502008499421398,0.7255413759444705,30.0,,,,,,-10.963853751245425,3.97384084694194,False,12.5,False,46.83846104528935,142.85714285714283,,12.5,71.42857142857142,,-117.77777777777779,25.0,157.1428571428571,8.609086876623785,22.848795456029247,21.042238710054328,17.323136278439797,13.858663159153405,-27.34424773635539,20.80228558101569,8.681325644762694,8.609086876623785,True,False
TDAY,vcp,6.730000019073486,6.210000038146973,6.480000019073486,,,,False,3.0,28%->15%->8%,28.230183429572293,7.726597020100777,0.4451680262736197,29.0,,,,,,-3.714710242072441,4.166666360058413,False,-119.14893617021276,False,49.50512945115741,-85.71428571428572,,-119.14893617021276,,-50.0,,,-164.28571428571428,-8.296672200745137,-4.039379046945879,-5.839443080761342,-8.432349997305854,-2.2148281174507956,-6.241239256336795,4.315294688264548,-4.114652883334669,-8.432349997305854,True,False
TECX,vcp,30.729999542236328,27.68000030517578,27.90999984741211,,,,False,3.0,25%->13%->10%,25.456884885687707,9.925152237208879,0.5995954482519903,14.0,,,,,,-9.176699436484917,0.8240757559791041,False,-110.64049586776858,False,49.83845005765046,,,-110.64049586776858,,,,,,,,,,,,,,,False,False
THC,vcp,283.04998779296875,253.50999450683594,265.7799987792969,,,,False,2.0,14%->10%,14.495508516305605,10.43631674972523,0.6745650910368878,50.0,,,,,,-6.10139189488454,4.616601824372014,False,-21.06339468302658,True,40.838443037488425,213.37579617834393,87.58782201405153,11.345646437994649,-21.06339468302658,22.846441947565555,89.81042654028433,9.326424870466333,22.92993630573248,6.7729083665338585,2.7761822707256467,9.164526960300211,3.1798673429574764,4.843517138599096,-2.8767866835534672,4.499905464170917,0.34149117814457064,2.7761822707256467,True,False
THG,vcp,235.0688712762226,216.0797295150364,231.75999450683594,,,,False,2.0,10%->8%,9.734111500008298,8.078118407635785,0.7523917194729193,50.0,,,,,,-1.4076201376312845,6.765734105735419,False,18.695652173913068,True,41.83842129814815,25.116279069767455,48.57142857142858,18.695652173913068,75.00000000000003,3.4615384615384492,-4.761904761904779,11.428571428571432,13.953488372093027,4.339941972920691,6.125249500997998,5.522943886890119,6.36938606018016,1.4576231338897294,1.7705467161143629,0.40840840840841164,0.6407156673114089,4.339941972920691,True,False
THM,vcp,2.630000114440918,2.2699999809265137,2.3499999046325684,,,,False,2.0,19%->14%,19.243991913431937,13.688217408725576,0.6933968096945715,17.0,,,,,,-10.646395346939812,3.404252210749046,False,,False,50.83843115572917,,,,,-200.0,,,,,,,,,,,,,False,False
TLYS,vcp,4.960000038146973,4.329999923706055,4.380000114440918,,,,False,2.0,36%->13%,35.68000030517578,12.701615112815249,0.14260756464854898,8.0,,,,,,-11.693546758978238,1.1415568362660995,False,-94.11764705882352,True,76.83842608560185,19.999999999999996,-37.5,-94.11764705882352,-33.333333333333336,259.99999999999994,150.0,-90.9090909090909,46.66666666666668,51.943574541636075,-13.053359546018594,-14.2938716867137,30.555171937577686,31.102166487596005,-10.652138093088903,-7.7147352832284355,40.55812138164314,-14.2938716867137,True,False
TRGP,vcp,307.94000244140625,281.0899963378906,284.7699890136719,,,,False,2.0,12%->9%,11.945508622671156,8.719232931948993,0.7900663468459123,37.0,,,,,,-7.5241973254653995,1.2922684333862768,False,23.344947735191624,True,49.50508867969908,23.344947735191624,142.85714285714283,74.30555555555549,25.714285714285733,60.18099547511313,-11.95219123505975,14.090909090909065,-23.344947735191635,12.064274157964405,4.900310379294015,-10.933600822038459,-33.39744225240408,-23.5801509490735,9.548138991896726,8.377243904617316,23.51448742462128,-33.39744225240408,True,False
TRMK,vcp,48.73323203272407,44.88999938964844,47.16999816894531,,,,False,2.0,11%->8%,11.432768094253126,7.886266686549587,0.5924510306343241,146.0,,,,,,-3.207736894464651,4.833578265427891,False,5.494505494505475,True,40.838421213912035,17.391304347826097,7.954545454545459,5.494505494505475,11.904761904761907,13.684210526315809,-1.041666666666663,2.127659574468077,2.1739130434782483,,,,,,,,,,False,False
TSAT,vcp,46.560001373291016,42.279998779296875,48.790000915527344,,,,True,2.0,22%->9%,21.995883035432627,9.19244516270429,0.6013514280847198,21.0,,,,,,4.789517775907025,13.34290226290746,False,,False,54.505098160740744,,,,,,,,,,,,,,,,,,False,False
TWIN,vcp,24.209999084472656,22.15999984741211,24.31999969482422,,,,True,2.0,11%->8%,11.309524980892455,8.467572550943778,0.5837473167739957,17.0,,,,,,0.4543602416825888,8.881578431400229,True,20.000000000000128,False,48.50508436974537,20.000000000000128,,2114.285714285714,,-47.8260869565217,-85.16129032258064,,-140.0,18.33095430190943,19.01971886462668,0.2880306046418424,9.738398013635674,18.311374025275605,7.223331115546694,12.730636531826601,-17.255218353710255,0.2880306046418424,True,False
TYRA,vcp,26.360000610351562,24.149999618530273,24.350000381469727,,,,False,2.0,37%->8%,36.87415363822564,8.383918591236386,0.5293865293865294,7.0,,,,,,-7.6251903730704385,0.8213583564937152,False,,False,48.838398934039354,,,,,,,,,,,,,,,,,,False,False
UMC,vcp,19.770000457763672,17.8799991607666,22.530000686645508,,,,True,2.0,13%->10%,12.805755527308705,9.559945641047609,0.7988076979016541,30.0,,,,,,13.960547116719892,20.639153946564946,False,,False,41.50504453130787,,,,,,,,,,,,,,,,,,False,False
UNM,vcp,94.55000305175781,86.54000091552734,94.81999969482422,,,,True,2.0,11%->8%,11.38969443607741,8.471710076884605,0.7195958802496597,64.0,,,,,,0.2855596344281521,8.732333691147272,True,-93.35260115606935,True,47.83837414951389,-16.145833333333325,33.01886792452828,-44.50261780104717,-93.35260115606935,14.184397163120588,33.01886792452835,360.86956521739114,-88.02083333333334,0.25584577854464996,8.5263294087204,0.23172464932337267,5.0170966739198075,0.44110634239389324,3.4246786473906443,-3.975254558370822,0.5057416552626925,0.23172464932337267,True,False
UTMD,vcp,75.01000213623047,68.1500015258789,74.05999755859375,,,,False,2.0,12%->9%,12.12287624509749,9.145447826934701,0.6865530303030304,43.0,,,,,,-1.2665038669261128,7.980011109288865,False,-19.60784313725491,True,35.50505738848379,-10.638297872340418,-10.869565217391308,-8.045977011494232,-19.60784313725491,2.4390243902439046,2.499999999999969,-2.43902439024386,-12.765957446808507,-14.307244047020994,-10.175077239958807,-1.2338938632889263,-1.9290354822588673,-2.212795230451736,-3.571033720287453,-7.816958825927434,-1.4166582939817096,-14.307244047020994,True,False
UVE,vcp,45.11000061035156,41.720001220703125,44.150001525878906,,,,False,2.0,17%->8%,16.765237863569695,7.514961968035358,0.7178364134885874,52.0,,,,,,-2.128129176421163,5.503964260910423,False,30.555555555555557,False,35.83836626932871,68.59504132231406,30.555555555555557,895.652173913044,,8.510638297872353,-17.903930131004408,65.94202898550732,14.049586776859503,6.7206309775804,-0.32973127660705925,6.007395876915567,3.464549456333832,8.503804962331518,-3.520491461686681,1.7320022644464528,0.209926001084626,-0.32973127660705925,True,False
VAC,vcp,107.61000061035156,99.12000274658203,101.44999694824219,,,,False,2.0,18%->8%,18.158334096272785,7.889599308256889,0.8292699612350931,14.0,,,,,,-5.724378428743186,2.2966922343515437,False,-1030.2325581395348,True,48.505016763854165,19.774011299435035,-56.16438356164384,-1030.2325581395348,-103.30188679245282,231.25,,,-103.954802259887,6.228373702422152,4.766187050359716,-0.7258064516128981,-3.6945812807881784,5.407725321888401,-5.361494719740046,4.944586530264283,1.4705882352941124,-3.6945812807881784,True,False
VMD,vcp,9.390000343322754,8.595000267028809,8.9399995803833,,,,False,2.0,31%->8%,31.093117684024772,8.466454177067963,0.5744544828507704,35.0,,,,,,-4.792340218171019,3.859052903218373,False,-12.49999999999999,True,48.83833321466435,-12.49999999999999,0.0,39.99999999999997,-10.000000000000009,16.666666666666675,-57.14285714285715,55.55555555555558,12.5,23.85340015224562,27.541477109371026,25.51445753356949,23.981104751396455,3.5576948577187295,-1.0068127223323398,5.933476096448542,14.047830499873125,23.85340015224562,True,False
VMI,vcp,511.8699951171875,461.9700012207031,475.3500061035156,,,,False,2.0,22%->10%,22.196768592078282,9.748567873188243,0.6529621294015489,57.0,,,,,,-7.1346219473776715,2.814769056697724,False,21.16788321167884,False,33.50499909206019,,27.54629629629628,134.28571428571422,21.16788321167884,11.433756805807626,-38.91352549889135,81.12449799196784,,6.486233851285239,6.1778742492113015,0.09312692447849269,2.529467983434208,8.6953226641741,-0.8729027411245704,-0.7380638253121519,-0.43482068406203167,0.09312692447849269,True,False
VPG,vcp,66.80000305175781,59.470001220703125,61.040000915527344,,,,False,3.0,21%->14%->11%,20.840953927344813,10.973056132011362,0.40184041709713847,21.0,,,,,,-8.622757295037124,2.5720833408848174,False,-750.0,False,47.504999629548614,-750.0,,-333.33333333333337,,,,-123.72881355932202,2849.9999999999995,11.674937800188934,17.57990549337198,10.8997563761992,5.28345240138921,-0.4943511196993544,4.692697214913366,1.0585992374071873,6.0762895650669835,5.28345240138921,True,False
VSH,vcp,34.040000915527344,30.190000534057617,31.31999969482422,,,,False,2.0,20%->11%,19.928928337592886,11.310224083200742,0.791173140290836,21.0,,,,,,-7.990602666119191,3.6079156187007864,False,1800.0,False,48.50499877523148,1800.0,,,,280.0,400.0000000000003,,-700.0,16.5726467694326,17.337773825702296,12.061574107757478,7.518429924131675,5.878280638957545,4.78448588002327,1.3004654457148712,3.7244998360117965,7.518429924131675,True,False
VSXY,vcp,78.48999786376953,71.72000122070312,73.95999908447266,,,,False,2.0,22%->9%,22.3109708218574,8.625298544174623,0.8288882742634374,14.0,,,,,,-5.771434453545695,3.028661291911511,False,-8.298755186721984,False,77.50499804181713,990.0,,-8.298755186721984,,289.2857142857143,-74.6606334841629,,-330.0,10.418094585332426,15.299334811529942,7.68865685809208,9.279881217520414,3.26923076923078,-31.247245482591445,54.144021739130444,0.8910212474297463,7.68865685809208,True,False
VTR,vcp,94.5,87.4800033569336,88.20999908447266,,,,False,2.0,14%->7%,14.448819415007156,7.428567876260747,0.7612302968283713,35.0,,,,,,-6.65608562489666,0.8275657353085285,False,-6.666666666666654,True,41.83833090379629,-6.666666666666654,9.999999999999986,15.384615384615397,180.00000000000003,27.272727272727295,-26.66666666666667,7.14285714285714,-6.666666666666654,21.8172046631979,21.918338106779366,21.67425374322971,20.701407531602435,4.529344442216887,6.066089959432119,4.783944008778729,4.857404257946474,20.701407531602435,True,False
VZ,vcp,49.0099983215332,45.09000015258789,49.7599983215332,,,,True,2.0,15%->8%,15.453227966875415,7.998364217904917,0.7917085848745059,65.0,,,,,,1.530299991196852,9.38504486830823,True,-52.542372881355945,True,33.50499763962963,-22.033898305084744,4.347826086956519,-52.542372881355945,49.99999999999998,-23.33333333333333,114.28571428571442,-52.13675213675217,-0.8474576271186418,-0.7274518896359883,2.8520232940122403,1.9618284240912498,1.473147314731471,-0.5429732868757253,-5.335202440834497,7.569261701309826,-1.9794806399258014,-0.7274518896359883,True,False
WAT,vcp,426.2200012207031,392.95001220703125,418.6400146484375,,,,False,2.0,10%->8%,9.989048460581818,7.805825376187396,0.780756697115878,50.0,,,,,,-1.7784211324096435,6.1365377275223,False,-156.27530364372467,True,43.504981265057864,-156.27530364372467,-142.85714285714286,-3.0927835051546615,-7.749077490774903,,-123.13829787234043,50.4,1.2145748987854255,113.35927367055771,91.38972809667673,6.839010259947709,8.04830441507216,29.834254143646397,35.88603162380053,16.56633999552437,3.7466926070038875,6.839010259947709,True,False
WATT,vcp,11.770000457763672,10.5,10.949999809265137,,,,False,3.0,39%->21%->11%,39.004150362777104,10.79014790459044,0.44812599572124356,25.0,,,,,,-6.966870149589928,4.109587370808699,False,-94.70712773465067,False,,,,-94.70712773465067,,,-157.33333333333331,,,216.82051282051282,798.5422740524781,610.2803738317757,453.04347826086956,0.2271252433484694,1.3815789473684115,138.99371069182388,30.461538461538453,216.82051282051282,True,False
WHWK,vcp,4.300000190734863,3.9600000381469727,4.039999961853027,,,,False,2.0,17%->8%,17.047815862736723,7.9069799420121685,0.5477600888559793,9.0,,,,,,-6.046516682535364,1.9801961500356329,False,-117.4863387978142,False,49.50494922185185,,-117.4863387978142,,,,,,,,-100.0,-100.0,-100.0,,,,,-100.0,False,False
WSFS,vcp,82.73689545294805,76.33999633789062,79.5999984741211,,,,False,2.0,15%->8%,14.883394472984143,7.731616082567781,0.8172904635738246,151.0,,,,,,-3.791412478863058,4.095480149148916,False,23.148148148148096,True,35.8382772455787,28.346456692913378,46.428571428571395,23.148148148148096,26.851851851851862,-0.6097560975609762,23.308270676691766,-2.91970802919711,7.874015748031504,43.70771279639085,47.88475209833509,73.99897604761748,66.63709538649792,14.414229307240056,9.20635391044069,8.403532967247319,6.098365604906353,43.70771279639085,True,False
WST,vcp,360.2900085449219,331.989990234375,362.010009765625,,,,True,2.0,16%->8%,15.733165792242696,7.85478854238567,0.28477729826561354,38.0,,,,,,0.4773935385134809,8.292593774046681,True,2.2471910112359605,True,35.50494411871528,18.13186813186811,56.09756097560976,2.2471910112359605,3.7837837837837673,11.979166666666675,5.494505494505475,-5.208333333333314,5.494505494505497,13.803000652315722,21.0458452722063,7.505341880341887,7.725264426295353,3.2429873357793904,4.956521739130437,0.0497141436738735,4.9706457925636105,7.505341880341887,True,False
WTS,vcp,392.89207047582164,345.6000061035156,348.7799987792969,,,,False,2.0,15%->12%,15.314034693028706,12.036909860520167,0.7137475416193457,54.0,,,,,,-11.227529138753487,0.9117474301596935,False,17.27574750830565,True,41.83828089473379,17.27574750830565,34.389140271493225,23.762376237623783,18.93203883495147,18.855218855218837,18.80000000000002,2.0408163265306145,-18.604651162790688,18.564548702811877,21.37992831541218,15.673575129533667,12.527593818984538,12.682710763324966,8.35066389377699,2.190616315187177,-4.971259903681835,12.527593818984538,True,False
WYY,vcp,11.399999618530273,10.59000015258789,12.319999694824219,,,,True,3.0,28%->11%->7%,28.230448223803116,7.105258710936788,0.3312721576387171,26.0,,,,,,8.07017637788794,14.042204424429668,False,,False,56.83827759761574,,,,,0.0,,,,,,,,-39.31338028169014,62.10045662100456,-28.86723507917174,,,False,False
XOM,vcp,168.63999938964844,155.32000732421875,163.32000732421875,,,,False,2.0,13%->8%,12.884913649225721,7.898477296986579,0.7625333607264012,72.0,,,,,,-3.1546442627396276,4.898358830047443,False,,False,43.504944134062505,,,,,112.19512195121952,,,,,,,,42.34166809805413,,,,,False,False
ZIM,vcp,29.03499984741211,26.850000381469727,29.329999923706055,,,,True,2.0,10%->8%,10.317994899068283,7.525398579043325,0.24173282316625305,20.0,,,,,,1.0160154222292468,8.455504768794293,True,,False,63.504936424328704,,,,,,,,,,,,,,,,,,False,False
