ticker,pattern_type,entry_price,stop_price,last_close,ribbon_width_pct,squeeze_days_ago,expanding,breakout,pole_gain_pct,pole_len,flag_len,retracement_pct,volume_ratio,n_contractions,contraction_pcts,first_contraction_pct,final_contraction_pct,volume_dryup_ratio,base_len,extension_pct,risk_pct,is_lre,eps_yoy_q1_pct,eps_yoy_q2_pct,eps_yoy_q3_pct,eps_yoy_q4_pct,eps_qoq_q1_pct,eps_qoq_q2_pct,eps_qoq_q3_pct,eps_qoq_q4_pct,eps_min_yoy_pct,eps_full_history_available,days_to_earnings,revenue_yoy_q1_pct,revenue_yoy_q2_pct,revenue_yoy_q3_pct,revenue_yoy_q4_pct,revenue_qoq_q1_pct,revenue_qoq_q2_pct,revenue_qoq_q3_pct,revenue_qoq_q4_pct,revenue_min_yoy_pct,revenue_full_history_available,passes_growth
SWVL,bull_flag,8.47599983215332,5.309999942779541,5.510000228881836,,,,False,394.7735322469864,14.0,3.0,31.597528224298816,0.11201183170019398,,,,,,,-34.992917201580156,3.629769106976638,False,,,,,,,,,,False,,,,,,,,,,,False,False
RFAI,bull_flag,36.0,25.0,29.209999084472656,,,,False,220.00000000000003,15.0,3.0,31.818181818181817,0.07687507799825284,,,,,,,-18.861113654242622,14.412869621452993,False,,,,,,,,,,False,,,,,,,,,,,False,False
MRNA,bull_flag,156.4149932861328,130.3800048828125,146.69000244140625,,,,False,194.89417012841352,13.0,13.0,27.10297858187604,0.44591401666335384,,,,,,,-6.217428802964213,11.118683814262397,False,,,,-1800.0,,,,,-1800.0,False,50.43574741886574,2.1126760563380254,260.18518518518516,-29.81366459627329,-45.43501611170784,-62.724935732647815,-42.62536873156342,-33.26771653543307,615.4929577464789,-45.43501611170784,True,False
IGR,bull_flag,12.920000076293945,12.233699798583984,12.359999656677246,,,,False,183.15096486482395,6.0,4.0,8.438468717970512,0.8378681674446619,,,,,,,-4.334368547289771,1.0218435404650736,False,,,,,,,,,,False,,,,,,,,,,,False,False
TJGC,bull_flag,12.380000114440918,10.399999618530273,11.529999732971191,,,,False,162.09475384026314,15.0,4.0,1.6923170823317308,0.7721295425937792,,,,,,,-6.865915780390222,9.800521601137328,False,,,,,,,,,,False,,,,,,,,,,,False,False
CAPR,bull_flag,11.0,8.180000305175781,8.8100004196167,,,,False,161.29871867040458,13.0,11.0,30.27375134518362,0.2534125969190358,,,,,,,-19.909087094393644,7.150965771104103,False,,,,,,,,,,False,55.769919502557876,-7.921690517003965,-63.4382475774409,1.3777014586210834,64.29114312270147,392.14278829275366,-43.0523150556549,-19.06383632603793,-59.40733891022807,-63.4382475774409,True,False
OABI,bull_flag,5.429999828338623,3.890000104904175,4.480000019073486,,,,False,140.3061197182379,15.0,14.0,29.81817939064719,0.6648136638241802,,,,,,,-17.49539298891288,13.169640885209862,False,,,,,,,,,,False,49.768926886979166,244.23915832691816,247.30380356283098,-22.473158089596446,-46.332694151486095,-7.014625355236714,72.24212034383955,274.09557838320677,-42.54554785732615,-46.332694151486095,True,False
RCEL,bull_flag,11.390000343322754,9.600000381469727,10.1899995803833,,,,False,136.91276621142404,15.0,12.0,16.176465890445424,0.28619218569973265,,,,,,,-10.535563887343855,5.789982563388694,False,,,,,,,,,,False,50.768701598738424,17.90299572039944,4.0327421555252485,-4.288381287063469,-12.875116015262456,12.72031053294167,9.368366703000408,3.1603243179262552,-7.2917809722374605,-12.875116015262456,True,False
ABCL,bull_flag,12.579999923706055,10.319999694824219,11.170000076293945,,,,False,111.14864592747242,14.0,13.0,33.13070411022041,0.3223441239913671,,,,,,,-11.208265945654512,7.60967211874671,False,,,,,,,,,,False,50.77018034236111,-76.29360805431983,96.3400236127509,788.373935432759,37.6210235131397,-51.2928442573662,-81.46207696080617,400.88218872138464,-47.58253336455163,-76.29360805431983,True,False
QMCO,bull_flag,25.75,20.479999542236328,22.829999923706055,,,,False,110.70074920326203,14.0,15.0,15.141150738224713,0.32432117681714073,,,,,,,-11.339806121529884,10.293475205094284,False,,,,,,,,,,False,54.768717620879634,25.692996920013698,27.310121933303954,8.59297653019626,-12.709127856804836,3.601559094289297,4.569222106025261,18.92848600813202,-2.4437669165914833,-12.709127856804836,True,False
CYPH,bull_flag,2.609999895095825,2.174999952316284,2.5799999237060547,,,,False,105.8823470484783,13.0,3.0,21.825404559433682,0.8431100010589178,,,,,,,-1.1494242373779509,15.697673773881595,False,,,,,,-150.0,,,,False,56.43636277966435,0.0,0.0,0.0,0.0,0.0,0.0,0.0,0.0,0.0,True,False
IOVA,bull_flag,9.40999984741211,7.659999847412109,9.260000228881836,,,,False,103.68549415733916,15.0,15.0,14.928913406706748,0.5116595701083722,,,,,,,-1.5940448561380751,17.278621403046444,False,,,,,,,,,,False,50.43593019505787,65.6541900186816,44.81793852891087,17.744999592911228,15.19938519340791,39.03541929161416,-17.679870002650656,28.635386553998956,12.515012009607695,15.19938519340791,True,False
AMLX,bull_flag,39.380001068115234,31.3700008392334,33.63999938964844,,,,False,91.67079673365839,14.0,15.0,39.426712268357456,0.4378130762197252,,,,,,,-14.575930733314019,6.747914957196918,False,,,,,,,,,,False,50.43678905140046,,-100.0,,-100.0,,,,,-100.0,False,False
HTFL,bull_flag,51.77799987792969,45.40999984741211,49.540000915527344,,,,False,87.59342426596479,15.0,14.0,20.435157023855936,0.8122033321769622,,,,,,,-4.322297052181593,8.336699620085728,False,,,,,,-106.98689956331877,,,,False,56.76933634079861,47.57277081798084,41.34390538906061,49.17410578733224,49.01783989180137,21.859014585353798,7.038612632050323,6.165182816146597,6.567796610169485,41.34390538906061,True,False
PEPG,bull_flag,3.569999933242798,2.9100000858306885,2.9700000286102295,,,,False,78.40909783628365,15.0,15.0,16.666666666666664,0.6156157028572659,,,,,,,-16.806720331996207,2.020200074126503,False,,,,,,-1399.9999999999989,,,,False,56.4354921205787,,,,,,,,,,False,False
VREX,bull_flag,18.540000915527344,18.450000762939453,18.459999084472656,,,,False,65.41555784623003,15.0,15.0,0.8196647626621425,0.4168136980390161,,,,,,,-0.4315093155561042,0.054162091165069766,False,,-211.76470588235296,,,,-480.0,-82.75862068965517,,-211.76470588235296,False,62.76831758153935,3.6945812807881673,1.4560826679192118,4.904904904904894,11.278561011181342,-2.546296296296291,3.053435114503822,-8.43162953254697,12.758620689655164,1.4560826679192118,True,False
OMER,bull_flag,19.649999618530273,17.420000076293945,17.459999084472656,,,,False,62.753380147142934,15.0,15.0,24.899061984977383,0.5070829771037068,,,,,,,-11.14504110215051,0.2290894059340612,False,,,,,-75.80645161290323,-56.64335664335665,,,,False,57.76890934923611,-4.916011198506864,-65.6767165111196,-100.0,-100.0,188.37561912463357,,,-100.0,-100.0,True,False
HELP,bull_flag,14.350000381469727,11.255000114440918,13.609999656677246,,,,False,61.53845880795685,15.0,14.0,35.58468406750553,0.7455900643911543,,,,,,,-5.156799338821269,17.303450416186706,False,,,,,,,,,,False,57.43601597564815,,,,,,,,,,False,False
MTC,bull_flag,5.0,4.40500020980835,4.730000019073486,,,,False,61.03448009377579,15.0,4.0,14.971744030577923,0.8047028086218158,,,,,,,-5.399999618530273,6.871031880646752,False,,,,,,,,,,False,,,,,,,,,,,False,False
THM,bull_flag,2.880000114440918,2.299999952316284,2.3299999237060547,,,,False,60.571425301688066,15.0,15.0,48.1132092447034,0.41610211558917387,,,,,,,-19.097228086104867,1.2875524623216772,False,,,,,-200.0,,,,,False,51.768482181030095,,,,,,,,,,False,False
TWST,bull_flag,155.44000244140625,120.19000244140625,134.75,,,,False,59.02784433068919,15.0,15.0,47.002215122410576,0.8103846502980443,,,,,,,-13.310603523186016,10.805192993390538,False,-269.69696969696975,,,,,,,-233.33333333333331,-269.69696969696975,False,61.43507808901621,23.235162455625314,19.313956871746797,17.00427220362293,16.87994333608782,6.91956826084994,6.663904892194461,4.836934016099548,3.0731753021643327,16.87994333608782,True,False
JWEL,bull_flag,2.940000057220459,2.009999990463257,2.1500000953674316,,,,False,58.709684762945024,11.0,14.0,49.45055002637014,0.013046244132800724,,,,,,,-26.870746478825268,6.511632497404564,False,,,,,,,,,,False,,,,,,,,,,,False,False
IRD,bull_flag,6.579999923706055,5.400000095367432,5.96999979019165,,,,False,58.287298348589054,6.0,3.0,15.639805821073988,0.4599384886731067,,,,,,,-9.270518853909557,9.547733917188639,False,,,,,,,,,,False,56.43592960319444,-73.8029146426093,-50.64073226544623,-10.1580660158066,-20.37755365916731,-64.99768196569309,-44.191461836998705,25.527768756089642,6.835530881332419,-73.8029146426093,True,False
ETON,bull_flag,65.5,56.11000061035156,57.619998931884766,,,,False,57.916670367608724,7.0,14.0,35.20947659224053,0.4880784695367122,,,,,,,-12.03053598185532,2.620614976612966,False,,150.0,,,599.9999999999999,,,,150.0,False,57.76956797530093,98.58939137785292,40.411989353084145,82.71657937666352,117.5416505230531,54.90398087859556,14.026596494525624,-5.245113317600958,18.65490278951818,40.411989353084145,True,False
IBTA,bull_flag,43.43000030517578,35.994998931884766,42.400001525878906,,,,False,57.124996185302734,15.0,15.0,12.509119380833692,0.5186381891201168,,,,,,,-2.3716296846862437,15.106137649747106,False,-162.5,-2250.0,-100.98684210526316,-90.19607843137256,,,-160.0,-37.5,-2250.0,True,56.769299338020836,3.3430587360076203,-2.472391042164257,-10.016263468184594,-15.57579014611492,7.785846780548722,-6.826243137609289,6.3247657938986235,-3.2186820723244525,-15.57579014611492,True,False
SGHT,bull_flag,8.789999961853027,7.699999809265137,8.130000114440918,,,,False,57.034218050552,15.0,15.0,18.666680653889976,0.419489157833046,,,,,,,-7.508530719867879,5.289056569777815,False,,,,,,,,,,False,50.76860941747685,19.546105090983446,12.508567511994517,6.873230575652722,-1.2452249838765694,18.7328662808407,-3.3701250919793924,2.40630965538029,1.748108771212431,-1.2452249838765694,True,False
ARIS,bull_flag,21.46500015258789,18.149999618530273,18.68000030517578,,,,False,56.13773313179586,15.0,15.0,36.13334196302516,0.8213755421783685,,,,,,,-12.974609026855005,2.8372627301224256,False,,,,,,,,,,False,42.77008772939815,,,,,,,,,,False,False
IMMX,bull_flag,14.609999656677246,11.90999984741211,12.210000038146973,,,,False,55.09110809596929,15.0,13.0,49.80545230784531,0.7923419345457274,,,,,,,-16.42710249779777,2.457004011446279,False,,,,,,,,,,False,51.76928510152778,,,,,,,,,,False,False
AVAH,bull_flag,14.694999694824219,12.970000267028809,14.380000114440918,,,,False,54.41340770217229,12.0,11.0,17.45378742853562,0.6075724957914159,,,,,,,-2.1435834428376883,9.805283979074078,False,38.46153846153846,533.3333333333334,453.3333333333334,,-5.263157894736848,-77.10843373493977,1283.3333333333335,-53.846153846153854,38.46153846153846,False,50.43672248061342,13.727349364688157,15.859655522652826,27.43136772128525,22.18347697451786,3.48317294706868,-2.1985569375679304,6.517971129140654,5.493823286456001,13.727349364688157,True,False
AMR,bull_flag,242.5,197.07000732421875,197.85000610351562,,,,False,53.250970267486174,14.0,9.0,47.16726801329061,0.8069851124558926,,,,,,,-18.41236861710696,0.3942374299896547,False,,,,-244.82758620689654,,,,,-244.82758620689654,False,51.43678744672454,-10.419647332209415,-1.158086118259205,-15.652528587887549,-21.586095795205317,-6.117665935098648,0.8617500866951788,-1.1696429761444582,-4.277942315578443,-21.586095795205317,True,False
TRX,bull_flag,1.2999999523162842,1.0800000429153442,1.2899999618530273,,,,False,53.164557630560004,15.0,14.0,30.952378587117362,0.8121127501145923,,,,,,,-0.7692300638503318,16.279063964934355,False,,,,,,,,,,False,75.76841309688658,,,,,,,,,,False,False
FDMT,bull_flag,16.34000015258789,12.9399995803833,13.760000228881836,,,,False,52.52725580361379,15.0,14.0,46.22642782584036,0.7171116775135483,,,,,,,-15.789473069848414,5.959306939380553,False,,,,,,-334.88372093023247,,,,False,55.769533292002315,25106.666666666668,21664.285714285714,8508900.0,2900.0,24.089268132589424,-96.41908567399224,94444.44444444445,500.0,2900.0,True,False
HZO,bull_flag,52.279998779296875,52.08000183105469,52.209999084472656,,,,False,51.436028182057214,15.0,15.0,0.6768129440663813,0.6811983328344118,,,,,,,-0.13389383408313882,0.24898918923105315,False,,-185.7142857142857,-146.75324675324674,-52.941176470588246,,,-550.0000000000008,,-185.7142857142857,False,57.43598923567129,-6.984763200382249,-16.484644070212106,7.837792260188148,-1.947890510404493,15.897628419527798,4.401220955781926,-8.507605681758502,-15.978781390804963,-16.484644070212106,True,False
MTA,bull_flag,11.600000381469727,9.670000076293945,9.800000190734863,,,,False,51.35869757115612,15.0,15.0,38.8888937946207,0.5616256302563635,,,,,,,-15.517242513286902,1.326531754191423,False,,,,,,,,,,False,57.769052369953705,,,,,,,,,,False,False
AOUT,bull_flag,15.729999542236328,14.380000114440918,15.229999542236328,,,,False,50.0,5.0,3.0,12.39999771118164,0.12661742274931875,,,,,,,-3.178639634778497,5.581086364698596,False,,,-3300.0,-33.33333333333333,,,-300.0,,-3300.0,False,85.77012010965278,25.425897245976703,-24.027315876142197,-3.297154089394072,-5.035529286757868,-20.83554686669925,-16.821620475113118,-1.0891798807671438,92.57625749107805,-24.027315876142197,True,False
IAG,bull_flag,21.950000762939453,19.25,19.790000915527344,,,,False,49.79729588228565,15.0,13.0,39.62008306154046,0.5980698189042645,,,,,,,-9.840545659839199,2.728655333732987,False,,,,,,,,,,False,48.76931976474537,,,,,,,,,,False,False
SCZM,bull_flag,10.6899995803833,8.739999771118164,8.970000267028809,,,,False,49.76780392574271,15.0,15.0,29.082437799079962,0.752104865501896,,,,,,,-16.0897977630493,2.564108016318143,False,,,,,,,,,,False,71.76863016546297,,,,,,,,,,False,False
AMPL,bull_flag,14.760000228881836,11.949999809265137,13.649999618530273,,,,False,49.66215980380944,15.0,15.0,30.385492039738594,0.6912927526668866,,,,,,,-7.520329221808231,12.45421140493907,False,,,,,,,,,,False,49.770119318657414,21.15527801128858,16.93369854789688,17.017573050389736,17.74465878724225,7.908698070423137,2.2586325702472987,3.2326904837179926,6.357631800168129,16.93369854789688,True,False
AEM,bull_flag,221.6877455928643,192.92999267578125,197.5500030517578,,,,False,48.801529246711354,15.0,13.0,41.83892424467196,0.6771191939469507,,,,,,,-10.888171773570257,2.3386536596337724,False,,,,,,,,,,False,42.77018364347222,,,,,,,,,,False,False
HNST,bull_flag,6.010000228881836,5.21999979019165,5.550000190734863,,,,False,48.57142680208841,15.0,12.0,26.737969550758173,0.5641212788615647,,,,,,,-7.653910492987717,5.945952958598336,False,200.0,-100.0,,,,,-2200.0,-66.66666666666666,-100.0,False,49.76934668047454,-10.866797205191581,-19.692544987146533,-11.819265402606248,-6.717252637625082,6.663337558739557,-11.288435544146214,-4.897862181460722,-0.9501492633133268,-19.692544987146533,True,False
TITN,bull_flag,26.440000534057617,22.520000457763672,24.25,,,,False,48.135582955760945,13.0,5.0,43.42722400358367,0.6726508669644885,,,,,,,-8.282906542443737,7.134018730871457,False,,,,-28.57142857142857,,,-3279.9999999999995,,-28.57142857142857,False,69.43513030633102,-9.158056168630335,-12.1067880794702,-15.539246842763921,-5.194579773588459,-4.976635827107034,-18.61132534062493,-0.41504398690478395,17.95009754294268,-15.539246842763921,True,False
SSRM,bull_flag,39.439998626708984,34.36000061035156,34.810001373291016,,,,False,47.6561005111173,15.0,13.0,38.32460272149117,0.711317820769651,,,,,,,-11.739344357589578,1.2927341142960405,False,11.904761904761907,-285.71428571428567,2700.0000000000186,519.9999999999999,,-161.9047619047619,170.9677419354839,-26.190476190476186,-285.71428571428567,True,48.76855784047453,35.24840311119961,131.28904679313678,-5.8066292637593335,-11.487539598138675,7.519655413996218,28.025486170629787,-4.31894321295302,2.688517741214258,-11.487539598138675,True,False
PAYS,bull_flag,14.020000457763672,12.079999923706055,12.829999923706055,,,,False,47.4452567084374,14.0,13.0,45.274732599164835,0.8471946609631539,,,,,,,-8.487877997169724,5.845674235852654,False,450.0,79.99999999999999,0.0,33.33333333333335,22.222222222222232,349.9999999999999,-49.999999999999986,100.0,0.0,True,56.76884112688658,48.08443370347535,50.75921802755747,45.80637439089279,41.55655408529033,0.76197934662805,23.217677404316795,5.365310028792658,13.198859461296264,41.55655408529033,True,False
ACRV,bull_flag,2.255000114440918,1.940000057220459,1.9600000381469727,,,,False,47.333335876464844,15.0,15.0,38.02816428449581,0.499426792696352,,,,,,,-13.082042630719984,1.020407170268328,False,,,,,,,,,,False,,,,,,,,,,,False,False
RCMT,bull_flag,43.09000015258789,38.93000030517578,40.0,,,,False,47.265074775154226,9.0,13.0,22.774479221643258,0.625070652141578,,,,,,,-7.171037692378175,2.674999237060547,False,36.00000000000001,-3.703703703703709,110.52631578947363,-14.28571428571428,30.76923076923077,-35.0,166.66666666666669,-40.0,-14.28571428571428,True,49.76869844520833,20.021492720620216,-1.698767653569777,12.434990638651966,16.439990060465504,12.979599701341549,-3.9756695499329253,23.0292079841796,-10.077271447944113,-1.698767653569777,True,False
ANF,bull_flag,150.0,140.52000427246094,140.6199951171875,,,,False,47.10776346632819,15.0,3.0,23.737159080067432,0.5636986182271243,,,,,,,-6.253336588541666,0.07110713141700356,False,43.29896907216495,-7.547169811320764,1.4084507042253946,-5.600000000000005,183.6734693877551,-59.16666666666668,52.54237288135597,-18.900343642611695,-7.547169811320764,True,70.43678591851852,4.809773614880508,1.5045871225204177,5.355800966233559,6.753953378341482,13.724646958532837,-33.29622314501959,29.37993319484682,6.789815979347313,1.5045871225204177,True,False
ABOS,bull_flag,3.2899999618530273,2.7300000190734863,2.7899999618530273,,,,False,46.976741658732315,15.0,15.0,42.574264437366374,0.8330441367729615,,,,,,,-15.197568565270892,2.1505356128998296,False,,,,,,,,,,False,56.43684640923611,,,,,,,,,,False,False
PRE,bull_flag,27.239999771118164,22.5,24.1200008392334,,,,False,46.97647873979152,15.0,11.0,44.69606999765389,0.6852680134103939,,,,,,,-11.453740668503295,6.716421156164796,False,,,,,,,,,,False,55.43539416542824,,,,,,,,,,False,False
HL,bull_flag,21.690000534057617,18.59000015258789,18.81999969482422,,,,False,46.742207794576565,15.0,15.0,32.21885289187687,0.6949848114977726,,,,,,,-13.231907646691507,1.2221017320185263,False,88.8888888888889,-160.0,566.6666666666667,,,-114.99999999999999,33.33333333333335,66.66666666666667,-160.0,False,50.76934869581019,52.44894790677286,100.37256372544246,135.9860607638541,67.10202582777404,-18.856533141483546,-30.165101985738797,43.856063602756244,87.01231095199824,52.44894790677286,True,False
EOLS,bull_flag,9.3100004196167,7.75,7.929999828338623,,,,False,46.6503357728385,15.0,13.0,42.907186293815144,0.792678506136553,,,,,,,-14.822776896661965,2.269859170682151,False,,,,,,-1699.9999999999986,,,,False,49.76958902435185,21.18120108954127,6.735063191383794,14.38053377582429,12.903331423426367,14.967800155871846,-19.00664451827242,30.932184958023413,-0.6053007047429615,6.735063191383794,True,False
FRNM,bull_flag,17.174999237060547,14.25,14.960000038146973,,,,False,46.19376301969578,14.0,6.0,49.62546846578961,0.6067280534415466,,,,,,,-12.896648019255839,4.74598954770402,False,,,,,,,,,,False,,,,,,,,,,,False,False
GTE,bull_flag,11.069999694824219,9.40999984741211,10.569999694824219,,,,False,45.68081874686356,14.0,14.0,17.307691719875276,0.2372009436334563,,,,,,,-4.516711958300912,10.974454880827698,False,,,,-1524.9999999999998,,,,,-1524.9999999999998,False,50.43604192979167,25.450510667878735,2.2894696259742053,-12.396760970093501,-1.7138309975864296,8.82881629150285,32.511179751970865,-12.917277234678926,-0.10494091225068392,-12.396760970093501,True,False
PSNL,bull_flag,17.639999389648438,16.0,16.290000915527344,,,,False,45.18166968638426,15.0,15.0,41.60838193127075,0.7572064186111694,,,,,,,-7.653052839181528,1.7802387920734857,False,,,,,,,,,,False,48.768719443252316,29.95989071673546,-24.91142926474157,3.2440476190476186,-43.61896612081372,44.49974146845914,-10.79850100893629,19.6619523973784,-15.741440446433764,-43.61896612081372,True,False
SGMT,bull_flag,11.449000358581543,9.949999809265137,10.880000114440918,,,,False,44.16314778511157,15.0,15.0,9.554146607994433,0.6286325291465077,,,,,,,-4.969868340637562,8.547796832661803,False,,,,,,,,,,False,57.43527392996528,,,,,,,,,,False,False
CNH,bull_flag,14.3100004196167,13.279999732971191,13.75,,,,False,43.569292142588665,13.0,5.0,25.62928867023971,0.6202625960659819,,,,,,,-3.9133501271532394,3.418183760209517,False,-35.29411764705883,-90.0,-42.8571428571429,-75.0,1000.0,-87.5,33.33333333333328,-64.70588235294117,-90.0,True,54.4364677540162,3.0340711265854248,-0.06305170239596647,7.7984984257689405,-7.380535401551159,30.69400630914827,-28.780049427095033,20.232306861156136,-7.933349912956977,-7.380535401551159,True,False
KRO,bull_flag,9.028054572714085,7.909999847412109,8.050000190734863,,,,False,43.47825012491495,14.0,13.0,35.351397782844366,0.7362334728526346,,,,,,,-10.833500995167238,1.7391346584548792,False,,-125.0,,-151.61290322580646,,,,,-151.61290322580646,False,50.769209416215276,12.884304207119746,4.083299305839128,-1.1344835736232572,-5.735506498865273,9.474303648489602,21.87425292852021,-8.448238126504704,-7.584951456310685,-5.735506498865273,True,False
WPM,bull_flag,163.89999389648438,144.02999877929688,149.6699981689453,,,,False,43.39546305534485,15.0,14.0,33.334744495013695,0.8109587252384785,,,,,,,-8.682120962448854,3.7682898768276116,False,,,,,,,,,,False,50.76826191413195,,,,,,,,,,False,False
IAUX,bull_flag,1.940000057220459,1.6699999570846558,1.690000057220459,,,,False,43.283575317806175,15.0,14.0,43.10345394574579,0.5074523595916273,,,,,,,-12.886597558053078,1.183437837789033,False,,,,,,,,,,False,57.769317033599535,-12.53053599655123,272.9356492027335,-8.347324465108274,178.2083586758189,-53.52548196220652,146.07797087834666,-33.50822948874106,15.027302773386975,-12.53053599655123,True,False
TII,bull_flag,3.380000114440918,2.7899999618530273,2.8299999237060547,,,,False,43.21607492333766,15.0,14.0,6.97673838353847,0.6795682100481063,,,,,,,-16.27219444120753,1.4134262519924379,False,,,,,,,,,,False,49.435144004652784,,,,,,,,,,False,False
FSM,bull_flag,12.9399995803833,11.420000076293945,11.630000114440918,,,,False,43.179113379314835,15.0,15.0,17.857135371471927,0.7894799646786472,,,,,,,-10.123643805431861,1.8056752887406817,False,,,,,,,,,,False,49.76944882708333,,,,,,,,,,False,False
TXG,bull_flag,70.45999908447266,58.70000076293945,70.11000061035156,,,,False,42.80702834571131,11.0,15.0,32.8893472257073,0.7567021284282579,,,,,,,-0.49673357744653057,16.274425542833974,False,-150.0,,,,,,,-178.57142857142856,-150.0,False,50.7684022415625,-12.649501468989289,-2.6084205497052593,0.6114373322183342,-1.7487174753056278,0.12794760114820392,-9.147142082756133,11.428034523026543,-13.825849584750271,-12.649501468989289,True,False
GORO,bull_flag,3.950000047683716,3.4000000953674316,3.569999933242798,,,,False,42.75092314076498,14.0,4.0,38.2608585682154,0.8195372296510476,,,,,,,-9.620255945661329,4.761900309643631,False,,,,,,,,,,False,76.7694281383449,,,,,,,,,,False,False
CHYM,bull_flag,35.54999923706055,31.520000457763672,33.970001220703125,,,,False,42.583728167225445,15.0,15.0,12.870259950798582,0.6458776587656394,,,,,,,-4.444438959960056,7.212248086250559,False,,,,,-46.153846153846146,-95.89905362776025,,,,False,49.769859238773144,26.81421341326027,24.798937433493194,41.36027363815005,41.46257033840517,3.457128425501277,8.556772945110147,9.721647265320987,2.910163609133032,24.798937433493194,True,False
MTW,bull_flag,21.5,18.729999542236328,20.18000030517578,,,,False,42.093861105636954,15.0,15.0,16.29503902867206,0.8049331362997828,,,,,,,-6.139533464298692,7.18533568390262,False,875.0,,-87.5,,,-185.0,42.85714285714284,250.00000000000006,-87.5,False,49.76904451954861,10.268767377201105,5.032915693353157,13.60738255033558,5.449695121951215,20.279013344116457,-26.953182690887612,22.352728586917237,2.5764596848934174,5.032915693353157,True,False
KURA,bull_flag,13.40999984741211,11.25,11.5600004196167,,,,False,42.0258694442432,15.0,11.0,49.48718005148373,0.7064091278479075,,,,,,,-13.795670759477503,2.6816644322144243,False,,,,,,,,,,False,48.76920446241898,36.53846153846154,29.465551460164452,,,14.284150013687391,5.358790955237658,-16.45301204819277,35.72736787022501,29.465551460164452,False,False
CDE,bull_flag,22.450000762939453,19.540000915527344,19.8799991607666,,,,False,41.916930516567305,15.0,11.0,40.701194913310125,0.6906012505022345,,,,,,,-11.447668217523715,1.7102528148504559,False,9.090909090909083,483.3333333333333,236.36363636363637,241.66666666666666,-65.71428571428571,-5.405405405405405,-9.756097560975608,272.7272727272727,9.090909090909083,True,42.769891679479166,125.85914906896912,137.7901583616155,120.9396812509003,76.90891806709286,26.79305576319331,26.87201691642698,21.6889933948468,15.378549880370329,76.90891806709286,True,False
DCTH,bull_flag,17.139999389648438,15.680000305175781,16.440000534057617,,,,False,40.26185773411515,15.0,15.0,29.674783431572788,0.4524912196259222,,,,,,,-4.084007470931294,4.622872288278797,False,0.0,-200.0,,-66.66666666666666,,,-350.0,-71.42857142857143,-200.0,False,48.43635308700232,20.603576751117725,26.33441164577437,37.27152317880795,83.59821428571428,16.559974393854525,20.58085681204169,0.8024120994018391,-14.874151349561181,20.603576751117725,True,False
CBLL,bull_flag,25.06999969482422,22.969999313354492,24.329999923706055,,,,False,36.80045241575023,15.0,15.0,18.894030819354168,0.5852830804372655,,,,,,,-2.95173426456379,5.5898093490186955,False,,,-121.47239263803682,,,,,,-121.47239263803682,False,48.76990530447917,32.53927072031699,29.295788394905074,33.721808568037126,31.369584181448083,6.05042651166301,6.899612653324727,9.717118951702153,6.5569130619368865,29.295788394905074,True,False
SMTC,bull_flag,170.42999267578125,146.91000366210938,147.0500030517578,,,,False,35.58845213465291,11.0,3.0,39.57703756080644,0.665823236296879,,,,,,,-13.718236594952234,0.09520529530295985,False,22.72727272727273,-141.97530864197532,,,,,,-240.9090909090909,-141.97530864197532,False,68.76855876787037,16.098779377080596,9.287853154462633,12.81177323131888,19.61647542958831,6.074734091842338,2.7741157226033764,3.7358882371628432,2.660393192511612,9.287853154462633,True,False
OPRT,bull_flag,8.15999984741211,7.079999923706055,8.100000381469727,,,,False,35.379062304025524,15.0,15.0,21.428574904060852,0.5579379355658721,,,,,,,-0.7352875865728263,12.59259765094721,False,21.42857142857142,-76.19047619047619,-73.07692307692307,,240.0,-28.57142857142857,-36.36363636363635,-21.42857142857143,-76.19047619047619,False,48.768875342152775,6.650144568360172,-9.754163362410784,6.504809894640395,-22.329026158209896,13.444639718804918,-2.107526881720434,-5.660377358490565,1.7967781908302394,-22.329026158209896,True,False
AGRO,bull_flag,12.789999961853027,11.279999732971191,11.720000267028809,,,,False,34.904609019211776,12.0,8.0,23.794230854148573,0.7987896342570733,,,,,,,-8.36590850676747,3.7542706828722947,False,,,,,,,,,,False,56.770181960671295,,,,,,,,,,False,False
APPS,bull_flag,12.1899995803833,9.75,11.729999542236328,,,,False,34.86351513212471,15.0,15.0,39.85765474811115,0.5536025303035906,,,,,,,-3.773585348495217,16.879792152650335,False,,,,,,-199.99999999999991,,,,False,48.77010801320603,26.776194186028746,19.636262924667648,12.44977235083966,18.234114951822654,16.439259482704195,-5.84548114584641,7.8517135998062315,7.218581488779918,12.44977235083966,True,False
HCC,bull_flag,111.41999816894531,93.88700103759766,95.45999908447266,,,,False,34.52074134462324,15.0,15.0,46.89096561754079,0.805344601754767,,,,,,,-14.324178196693765,1.6478085710885586,False,1400.0,,2050.0000000000464,-12.50000000000001,20.43795620437954,218.6046511627906,-38.57142857142855,536.3636363636364,-12.50000000000001,False,49.76936702471065,71.31112552642989,52.891716092724295,29.087217276712487,0.26516538508483123,11.143335630238905,19.427690448659863,16.859663591903562,10.441545695626896,0.26516538508483123,True,False
NVCT,bull_flag,25.649999618530273,22.010000228881836,23.350000381469727,,,,False,33.775892916200334,15.0,11.0,50.0,0.7815297903953594,,,,,,,-8.966858757373872,5.738758589705626,False,,,,,,,,,,False,48.4356162284375,,,,,,,,,,False,False
CGAU,bull_flag,24.520000457763672,21.489999771118164,21.780000686645508,,,,False,33.64734129850346,15.0,14.0,33.663906548105146,0.8216474119106939,,,,,,,-11.174550244556006,1.3315009475879354,False,,,,,,,,,,False,41.769874895,,,,,,,,,,False,False
INFU,bull_flag,12.470000267028809,11.789999961853027,12.25,,,,False,33.588616843619846,15.0,15.0,13.680785604051781,0.5602719067233889,,,,,,,-1.7642362655797075,3.7551023522201845,False,25.0,,79.99999999999999,37.5,199.99999999999994,-44.44444444444444,-18.181818181818187,-8.333333333333325,25.0,False,48.435932638703704,6.225296442687744,28.155339805825253,8.743672342383801,-18.07707588398888,11.053719008264462,22.894625476089715,14.597478176527634,-32.081686429512516,-18.07707588398888,True,False
TDW,bull_flag,101.58000183105469,88.4000015258789,88.58000183105469,,,,False,33.25405082085899,14.0,15.0,28.817835260903184,0.8498036282027305,,,,,,,-12.797794610814512,0.20320648166059996,False,-70.54794520547945,-85.54216867469879,524.2857142857143,-102.29885057471265,258.33333333333337,-97.25400457665904,,-101.36986301369863,-102.29885057471265,True,54.76848122810185,0.2507095137816995,-2.16588092753206,-2.4014373270353717,0.2224141780958755,4.924560575313741,-3.1401611648525174,-1.2649767085980312,-0.09313741283011323,-2.4014373270353717,True,False
STLN,bull_flag,6.697000026702881,5.760000228881836,6.519999980926514,,,,False,33.024690843225656,15.0,15.0,43.92522836934469,0.6252775798653539,,,,,,,-2.6429751391759995,11.656437948895197,False,,,,,,,,,,False,54.76852237180555,34.623795929951086,41.21889546577784,41.578984112419846,36.69933233901563,9.387483807082164,3.8631416555717557,3.949064175038819,13.991419174972041,34.623795929951086,True,False
HBIO,bull_flag,8.369999885559082,7.849999904632568,8.09000015258789,,,,False,32.90112978718997,15.0,7.0,17.24137688039466,0.6952965235173824,,,,,,,-3.3452776200664016,2.966628472541489,False,,,106799.99999999991,,,-107.20299345182414,,,106799.99999999991,False,50.43603697135417,11.134474327628352,-4.679893450904748,-3.3433784003909395,-6.276741010468823,9.501324981932058,-12.555298082999789,15.268806760235055,0.6894865525672422,-6.276741010468823,True,False
VOXR,bull_flag,6.0,5.300000190734863,5.650000095367432,,,,False,32.413801268079936,15.0,15.0,32.62410867826519,0.7841368255750564,,,,,,,-5.833331743876139,6.194688473006249,False,,,,,,,,,,False,56.76832157049769,,,,,,,,,,False,False
HALO,bull_flag,111.1500015258789,103.47000122070312,107.94000244140625,,,,False,32.05300087830314,15.0,14.0,19.60560345264062,0.5499292072109445,,,,,,,-2.8879883404457503,4.141190586992625,False,42.85714285714284,31.182795698924725,-206.60377358490564,36.190476190476176,55.73770491803278,,-179.020979020979,7.5187969924811915,-206.60377358490564,True,47.76938541012731,47.6729942066628,42.22856517192037,51.59559474913424,22.124625970408562,27.684838123958077,-16.61453802513242,27.522694939367256,8.76368894660735,22.124625970408562,True,False
AII,bull_flag,26.719999313354492,25.170000076293945,26.489999771118164,,,,False,31.896971056764635,11.0,12.0,22.6707980715635,0.8275336726567639,,,,,,,-0.8607767520464559,4.983011348544457,False,7.407407407407396,-63.30935251798561,,103.03030303030303,70.58823529411764,75.86206896551721,-13.432835820895516,-58.64197530864197,-63.30935251798561,False,55.77018186605324,54.59402139626035,26.493336671952818,1.4213349225268068,33.26601207485551,26.657575524298636,33.57669594852661,9.750749685615713,-16.74250661082699,1.4213349225268068,True,False
SII,bull_flag,139.3300018310547,123.26000213623047,131.67999267578125,,,,False,31.878963016233563,15.0,13.0,43.30079721737344,0.5519749758118301,,,,,,,-5.4905684739382234,6.3942823571400424,False,,,,,,,,,,False,49.43527551265046,,,,,,,,,,False,False
XBIO,bull_flag,4.329999923706055,3.8369998931884766,4.329999923706055,,,,True,31.69231414794922,14.0,4.0,43.0097307166861,0.7929991356957649,,,,,,,0.0,11.38568219871049,False,,,,,,,,,,False,,11.985821253540863,36.014840011394654,18.10610030516939,67.1906720955713,-18.133328706704354,5.30173718771858,-25.38188064349335,74.09090061485311,11.985821253540863,True,False
BSIN,bull_flag,1.649999976158142,1.440000057220459,1.649999976158142,,,,True,31.666665010982165,14.0,12.0,36.842101960961465,0.6063259893385152,,,,,,,0.0,12.727267998309106,False,,,,,,,,,,False,,5.226824457593682,-26.85818513451892,-67.00591715976331,-64.93847084930403,33.04239401496258,15.064562410329984,-19.792865362485614,-14.299802761341219,-67.00591715976331,True,False
SNDK,bull_flag,1807.3800048828125,1416.56005859375,1551.989990234375,,,,False,31.38299299419296,15.0,15.0,47.08718621926229,0.7187100264828233,,,,,,,-14.130399470973265,8.726211669713987,False,,,615.2777777777778,-48.630136986301366,94.65914025184543,347.18446601941747,586.6666666666667,,-48.630136986301366,False,51.76857516134259,371.59389794844816,251.03244837758112,61.24733475479744,22.570366436537448,50.67226890756302,96.69421487603307,31.065857885615245,21.409784324039972,22.570366436537448,True,False
EZPW,bull_flag,35.91999816894531,31.450000762939453,32.29999923706055,,,,False,30.626623801179733,10.0,13.0,45.7626958178496,0.4950791086520244,,,,,,,-10.077948542365018,2.631574285444001,False,41.17647058823528,84.84848484848484,37.5,74.99999999999977,-21.311475409836067,10.90909090909089,57.14285714285721,2.9411764705881804,37.5,True,63.769554434467594,34.653885607159275,45.88888598701995,19.317550051535125,14.347939745578863,-6.295411977685339,16.97873665969494,13.4216909679852,8.306616802955812,14.347939745578863,True,False
OKTA,bull_flag,189.72000122070312,165.74000549316406,186.4499969482422,,,,False,30.617874057336646,8.0,5.0,12.153038116442211,0.7364917198391915,,,,,,,-1.723594903763947,11.107531131162817,False,75.67567567567568,19.999999999999996,133.3333333333334,,54.761904761904766,19.99999999999997,45.83333333333337,-35.13513513513513,19.999999999999996,False,76.76888871805556,10.576923076923084,11.191860465116289,11.58357771260996,11.578947368421044,5.228758169934644,0.5256241787122251,2.5606469002695365,1.9230769230769162,10.576923076923084,True,False
RGLD,bull_flag,271.42999267578125,244.52999877929688,248.33999633789062,,,,False,30.58230491329146,15.0,15.0,23.87077169824325,0.8057964890611584,,,,,,,-8.506796213000401,1.53418604122466,False,38.3084577114428,91.86046511627906,-36.19631901840484,31.506849315068486,-15.75757575757576,217.30769230769204,-45.83333333333328,-4.477611940298498,-36.19631901840484,True,49.76866351887731,114.90772408332259,142.52207448458404,85.29028436018957,30.041220200477724,-3.9618438582467386,24.992006906033183,48.89791643524764,20.236783484304265,30.041220200477724,True,False
PUBM,bull_flag,17.8799991607666,15.640000343322754,16.59000015258789,,,,False,30.23809008407321,15.0,15.0,20.209963570136622,0.5990147428496841,,,,,,,-7.214759892211328,5.726339967012872,False,,,-46.153846153846146,,,-292.8571428571429,,,-46.153846153846146,False,54.76871870871528,10.54645193051551,-1.97101449275362,-6.381137283338401,-5.32973003092525,25.614141640161737,-21.836194188341707,17.783990582695708,-4.409592798368378,-6.381137283338401,True,False
GRAL,bull_flag,85.48999786376953,73.45999908447266,75.52999877929688,,,,False,30.189272758669873,13.0,13.0,47.439927484874744,0.668477752800363,,,,,,,-11.650484657098911,2.7406325013626445,False,,,,,,,,,,False,56.76942717,25.723047490434393,28.105663222037247,13.973125588204539,26.322769789194478,9.56724285889421,-6.449985090717247,20.45366635353927,1.8287193337834795,13.973125588204539,True,False
HAE,bull_flag,109.48999786376953,100.52999877929688,106.30999755859375,,,,False,30.14354669568271,12.0,15.0,32.81747131030286,0.6452691941839923,,,,,,,-2.904375164142779,5.436928710407669,False,2.857142857142869,-135.04273504273505,28.37837837837838,22.72727272727273,,-143.15789473684214,17.28395061728394,15.714285714285726,-135.04273504273505,True,50.43604186599537,5.596246351829848,4.764684708665179,-2.7471581617136476,-5.266402516851853,-2.0126981010593292,2.1783831464419867,3.559873516337464,1.8422870370946587,-5.266402516851853,True,False
ATNI,bull_flag,31.670000076293945,29.25,30.260000228881836,,,,False,29.98740637189037,15.0,15.0,23.80953016989558,0.7467520472877286,,,,,,,-4.452162437686703,3.337740321356096,False,,,-293.7500000000003,,,,-272.2222222222222,,-293.7500000000003,False,54.77005501552083,2.4416760769803814,2.009851857700795,1.179384996499544,1.4124980255403985,1.5486936432705267,-0.6765547749154277,1.2969741264145407,0.26609163643354083,1.179384996499544,True,False
SM,bull_flag,39.959999084472656,34.2782545712314,39.029998779296875,,,,False,29.616731679820816,11.0,15.0,32.00001777182314,0.824709108282362,,,,,,,-2.327328144352119,12.174594815990607,False,153.4090909090909,-205.66037735849054,-42.331288343558306,-35.4066985645933,,-278.7234042553192,-30.370370370370413,-23.29545454545454,-205.66037735849054,True,47.76856222118055,174.6496815286624,75.83333333333333,-16.01551938247884,26.250661602166936,45.97156398104265,110.40155785473034,-13.442267595057512,3.31324840764331,-16.01551938247884,True,False
AAUC,bull_flag,24.440000534057617,21.469999313354492,21.59000015258789,,,,False,29.34723267038233,15.0,15.0,39.43926093276115,0.3821346020294992,,,,,,,-11.661212435319694,0.5558167595427946,False,,,,,,,,,,False,49.77018429619213,,,,,,,,,,False,False
OGC,bull_flag,31.780000686645508,28.030000686645508,29.3799991607666,,,,False,28.93388547987199,15.0,15.0,42.82276841694133,0.8098371984309262,,,,,,,-7.551924084405156,4.594957497220938,False,,,,,,,,,,False,49.76891961388889,,,,,,,,,,False,False
ATKR,bull_flag,94.38999938964844,93.44499969482422,94.06999969482422,,,,False,28.742839087336304,15.0,15.0,0.7417300169915904,0.4016340630336904,,,,,,,-0.3390186427518004,0.6643988540741835,False,-98.4,,-66.41221374045801,-174.51923076923077,,-929.5454545454545,,-224.00000000000003,-174.51923076923077,False,64.43672161916666,8.129434252324685,4.225586946453386,-0.9143028157624689,-4.603087415022511,8.67172470558959,11.567268910895923,-12.827338961797096,2.3081580039317373,-4.603087415022511,True,False
CRL,bull_flag,303.30999755859375,267.2699890136719,273.1099853515625,,,,False,27.859838300585782,14.0,15.0,43.40797613252371,0.8382092432975516,,,,,,,-9.956813969245172,2.1383313138013076,False,-102.8301886792453,-160.0,,-17.29323308270676,,,-606.3636363636364,3.7735849056603765,-160.0,False,49.43642895995371,-2.7183459528065557,1.184960291332371,-0.8300841155893579,-0.48635174788539404,0.8282538184228194,0.16123078532366275,-1.057369642494621,-2.643355762569821,-2.7183459528065557,True,False
EPRX,bull_flag,8.489999771118164,7.840000152587891,8.069999694824219,,,,False,27.708977574038563,5.0,4.0,22.905019896630225,0.36962688979064173,,,,,,,-4.9469974984302,2.8500563932343246,False,,,,,,,,,,False,48.76960718858796,,,,,,,,,,False,False
NTRA,bull_flag,343.0,316.0,341.7900085449219,,,,False,27.628308830801206,15.0,11.0,30.96018813344155,0.6397797914520076,,,,,,,-0.3527671880694242,7.5455712279934195,False,,,,,,-266.6666666666667,,,,False,50.76896976952547,37.71496523966338,38.820716178785645,39.7930097193427,34.66110906453095,8.053754859009764,4.6797896318557575,12.38080120503291,8.33937065495791,34.66110906453095,True,False
SKM,bull_flag,40.599998474121094,36.15999984741211,36.31999969482422,,,,False,27.379076776905144,15.0,15.0,47.69053384827331,0.8385339473554987,,,,,,,-10.541869310721761,0.440528217941891,False,,,,,,,,,,False,43.76858735125,,,,,,,,,,False,False
MLAB,bull_flag,132.6999969482422,119.06999969482422,121.4800033569336,,,,False,27.363611792448616,15.0,11.0,34.125308359804976,0.7709070031446951,,,,,,,-8.455157384581401,1.983868616654777,False,-42.352941176470594,,,-28.57142857142857,,-213.84615384615384,44.44444444444444,-47.05882352941176,-42.352941176470594,False,50.769093261724535,0.9992778328266949,2.5573348354389625,3.6378103119032446,5.021354589939997,-5.627393132885572,-2.152750053741981,7.226237713420147,2.0052734998236676,0.9992778328266949,True,False
HYLN,bull_flag,4.079999923706055,3.619999885559082,3.7899999618530273,,,,False,26.98412313963503,10.0,4.0,44.70590083244557,0.7557722542309282,,,,,,,-7.107842335193154,4.48549018482913,False,,,,,,,,,,False,55.76932350612268,226.3366336633663,479.14110429447857,-52.81643472498343,,74.57627118644068,297.75280898876406,-6.192358366271411,-49.9009900990099,-52.81643472498343,False,False
MRVI,bull_flag,7.159999847412109,6.485000133514404,6.684999942779541,,,,False,26.584511875302375,15.0,4.0,46.68872959232008,0.5088989882831426,,,,,,,-6.634077021722996,2.991769797711909,False,,,,,,,,,,False,50.769072105775464,8.534295419541316,40.52721451440768,-11.832101559461083,-39.688518652662076,-21.864605009341254,32.02783459671921,19.783809752582272,-12.167436757600692,-39.688518652662076,True,False
SLN,bull_flag,15.279999732971191,12.720000267028809,13.0600004196167,,,,False,26.50143705722101,15.0,15.0,19.784174636248807,0.3076833063935285,,,,,,,-14.528791571665911,2.6033701505644316,False,,,-212.49999999999991,,,,,,-212.49999999999991,False,50.435248869606475,-100.0,197.1830985915493,-99.86563920173879,-89.38584779706275,-100.0,1141.1764705882354,-78.61635220125787,-29.01785714285714,-100.0,True,False
DELL,bull_flag,567.75,506.25,534.280029296875,,,,False,25.941176470588246,5.0,3.0,26.303854875283445,0.6029898113088251,,,,,,,-5.895195192095993,5.246317990541996,False,272.94117647058823,282.4817518248175,55.60747663551404,39.02439024390243,20.992366412213737,57.357357357357365,46.05263157894739,34.11764705882352,39.02439024390243,True,72.76968498903936,57.747850617947336,87.53528958850201,39.48017216163136,10.830665681687602,7.13699192555084,31.346055903412328,23.603036474726903,-9.306152606125739,10.830665681687602,True,False
WYY,bull_flag,11.449999809265137,10.59000015258789,11.130000114440918,,,,False,25.856354732274124,8.0,6.0,34.1880401097459,0.6801200045284728,,,,,,,-2.794757206592097,4.851751628936552,False,,,,,0.0,,,,,False,57.768245492233795,,,,,-39.31338028169014,62.10045662100456,-28.86723507917174,,,False,False
FRD,bull_flag,46.4900016784668,41.099998474121094,41.380001068115234,,,,False,25.4436062690907,15.0,15.0,7.21040988610918,0.5767764298093587,,,,,,,-10.991612015188222,0.6766616403253131,False,132.46753246753244,,,91.89189189189189,316.2790697674419,34.375,-54.92957746478873,-7.792207792207795,91.89189189189189,False,49.769495900370366,85.71306958890538,78.55517996470864,42.735507076686744,17.656764236017143,42.86199054615596,10.231456264806438,13.06305972087225,4.303646607231304,17.656764236017143,True,False
NVA,bull_flag,6.78000020980835,5.864999771118164,5.900000095367432,,,,False,25.28957502301108,5.0,4.0,47.70992574807927,0.8111440582538849,,,,,,,-12.979352318719073,0.5932258251444634,False,,,,,,,,,,False,,,,,,,,,,,False,False
TBBB,bull_flag,52.220001220703125,48.099998474121094,51.45000076293945,,,,False,25.23984732202631,11.0,13.0,27.38793209540314,0.5006139872248596,,,,,,,-1.4745316732363418,6.511180251004851,False,,,,,,,,,,False,63.7685001400463,,,,,,,,,,False,False
APA,bull_flag,46.59000015258789,40.459999084472656,45.029998779296875,,,,False,25.18753485478782,12.0,15.0,33.562433663372396,0.7741632579848451,,,,,,,-3.348360953384465,10.148789293161906,False,26.347305389221564,31.25,-18.55670103092778,,67.46031746031744,59.49367088607585,38.59649122807027,-65.8682634730539,-18.55670103092778,False,49.77012004021991,,,,,,,,,,False,False
CERS,bull_flag,2.7899999618530273,2.450000047683716,2.549999952316284,,,,False,25.11627618140837,15.0,14.0,44.444449350176875,0.3714075688979144,,,,,,,-8.602150997068222,3.92156496088299,False,,,,,,,,,,False,50.76988640347222,273.01772842392364,247.99610894941634,385.73677873483376,353.9527559055118,7.044222060714489,2.3186195061492887,21.290964175859763,180.7909604519774,247.99610894941634,True,False
CACI,bull_flag,644.030029296875,604.8599853515625,637.1599731445312,,,,False,24.97152250558592,12.0,15.0,32.877268176315,0.8314146200659082,,,,,,,-1.0667291647633557,5.06936862866022,False,-0.7032348804500765,17.599999999999994,14.54918032786885,5.628517823639778,20.068027210884342,5.187835420393561,-0.7104795737122527,-20.815752461322077,-0.7032348804500765,True,35.76991878975694,17.573250630168946,8.491994857363828,5.728521022626354,11.217620396628103,15.229889213195058,5.896363987699638,-2.9517975645462546,-0.7170124783867693,5.728521022626354,True,False
TWLO,bull_flag,243.97999572753906,221.86000061035156,231.8800048828125,,,,False,24.91718434268144,15.0,11.0,40.46530115188961,0.5559808140134876,,,,,,,-4.959419237894832,4.321202372548184,False,4671.428571428571,375.0,,,1071.9298245614036,,-221.73913043478262,64.28571428571428,375.0,False,43.76841156277778,22.033416773510805,19.99585487985549,14.319550398172144,14.70940299863539,6.552103301781842,2.9999341108255972,5.039057153095738,5.859291369029451,14.319550398172144,True,False
VIR,bull_flag,11.645000457763672,10.380000114440918,10.765000343322754,,,,False,24.86427744156414,9.0,7.0,48.908292760529044,0.8404725089949427,,,,,,,-7.556892055373219,3.576407028362442,False,,,,,,,,,,False,49.768333678912036,417.77921448197833,-89.91596638655463,-60.520325203252035,-94.62182489002412,26595.833333333332,-80.23064250411862,-59.96042216358839,-75.49700985938259,-94.62182489002412,True,False
ZVRA,bull_flag,12.899999618530273,11.390000343322754,12.050000190734863,,,,False,24.815978968222694,15.0,15.0,20.33896661290798,0.7930763829630647,,,,,,,-6.589143045976714,5.477177070250814,False,-88.4297520661157,,,,-76.66666666666666,185.71428571428547,,-100.82644628099173,-88.4297520661157,False,49.768238431782414,53.25141996058884,77.54031665114456,183.35962799966788,605.3585926928282,9.505797901711755,6.1391941391941485,30.93273989947436,0.7032185773347299,53.25141996058884,True,False
RIGL,bull_flag,49.900001525878906,44.5099983215332,45.349998474121094,,,,False,24.667203688141615,15.0,15.0,15.198252969099684,0.6966569013948666,,,,,,,-9.118242309868691,1.8522605972461839,False,-73.17073170731707,-30.15873015873016,1620.7317073170732,108.57142857142858,100.0,-96.88164422395464,866.4383561643837,-55.487804878048784,-73.17073170731707,True,48.76866370420139,-22.601170280769047,10.284439277745495,21.19244391971664,25.593505342904145,33.80767792172463,-15.73593879831523,0.48947626040136694,-31.689039681368936,-22.601170280769047,True,False
MG,bull_flag,20.09000015258789,18.170000076293945,19.530000686645508,,,,False,24.65482601525717,15.0,15.0,21.066645575623976,0.8491761342261681,,,,,,,-2.787453766496097,6.963648553691666,False,129.99999999999997,,-29.41176470588229,104.99999999999999,228.57142857142856,-41.666666666666686,-70.73170731707316,309.99999999999994,-29.41176470588229,False,49.76909695388889,4.167633019605721,4.590539244500813,5.0506278548726025,7.036355873756106,14.256303465574982,-6.845223333608885,-7.20740070263719,5.471265607723641,4.167633019605721,True,False
CMDB,bull_flag,24.760000228881836,22.829999923706055,24.209999084472656,,,,False,24.423479381791125,13.0,4.0,19.527894360714836,0.8404032469232783,,,,,,,-2.221329318759937,5.700120664819351,False,,,,,,,,,,False,58.436491990219906,,,,,,,,,,False,False
FET,bull_flag,84.16000366210938,74.26000213623047,80.69000244140625,,,,False,23.535982816270497,15.0,15.0,21.423701916710804,0.7943227525427202,,,,,,,-4.123100130359658,7.968769501333182,False,333.33333333333337,,,,56.00000000000001,,-388.5245901639344,577.7777777777777,333.33333333333337,False,43.769524256516206,7.97862157813316,0.5880070441453,-5.570099034676579,-2.6533923950703864,3.214638971315531,3.0418231574012244,-1.7685869325804404,3.3552532866995444,-5.570099034676579,True,False
VERA,bull_flag,36.40999984741211,32.880001068115234,34.04999923706055,,,,False,23.433716167503384,14.0,7.0,41.06349470196623,0.7665177681628622,,,,,,,-6.481737490365035,3.436118047462005,False,,,,,,,,,,False,50.76834059537037,,,,,,,,,,False,False
CBIO,bull_flag,20.90999984741211,19.110000610351562,19.68000030517578,,,,False,23.25300370060097,5.0,4.0,34.97406548532898,0.5545705488905404,,,,,,,-5.882350794892793,2.8963398678114376,False,,,,,,,,,,False,,,,,,-100.0,,,,,False,False
GPRK,bull_flag,12.170000076293945,11.319999694824219,11.470000267028809,,,,False,23.06899858206013,8.0,4.0,28.125007982765744,0.6156483992784749,,,,,,,-5.751847205232749,1.3077643305360274,False,,,,,,,,,,False,49.76942406118055,,,,,,,,,,False,False
NESR,bull_flag,35.470001220703125,31.750999450683594,32.7400016784668,,,,False,22.514836427869824,15.0,15.0,21.07083019631552,0.6914192585824637,,,,,,,-7.696643496710348,3.020776350276344,False,,,,,86.95652173913042,43.75,45.45454545454546,,,False,57.43567957390046,,,,,28.71231332769795,23.587522299064045,8.005885807417968,,,False,False
PDS,bull_flag,94.58000183105469,85.55000305175781,86.5,,,,False,22.432905846811856,12.0,15.0,36.54760877561864,0.7051353310778153,,,,,,,-8.543034124156335,1.0982623679100434,False,,,,,,,,,,False,42.76883667512732,,,,,,,,,,False,False
TALO,bull_flag,18.204999923706055,15.979999542236328,17.65999984741211,,,,False,22.42465839480645,13.0,15.0,46.56250949949366,0.8404360234452419,,,,,,,-2.9936834857343837,9.513025592817137,False,,,,-212.24489795918367,,,,,-212.24489795918367,False,49.768482890532404,56.52934514657857,-7.942361404828679,-19.157228685965144,-11.630596560675144,40.757765027206716,20.4144433085099,-12.846486969312497,5.964386032242341,-19.157228685965144,True,False
MRK,bull_flag,155.19000244140625,143.67999267578125,144.85000610351562,,,,False,22.22656011581421,15.0,13.0,44.88578433134048,0.7163063059856687,,,,,,,-6.662797973596661,0.8077413727537135,False,-130.6818181818182,-185.5721393034826,-20.134228187919444,87.09677419354837,,-244.53781512605036,-48.70689655172412,31.818181818181813,-185.5721393034826,True,43.43575491682871,5.067695811717066,4.874750466868449,4.966717869943671,3.716155370114671,1.9710180523148768,-0.6951219512195128,-5.070618198657096,9.300265721877764,3.716155370114671,True,False
CSTL,bull_flag,35.20000076293945,31.440000534057617,33.439998626708984,,,,False,22.142859867640908,15.0,15.0,44.516127245979646,0.519980973038796,,,,,,,-5.000005960464348,5.980855785843069,False,-146.66666666666669,,-118.74999999999997,-125.0,,,,-113.33333333333333,-146.66666666666669,False,47.76972901375,20.139694621060933,-4.8972587170977855,0.8098620106359533,-3.1929775477372857,23.741918521970874,-3.8282955982070987,4.777043218573507,-3.648999860769475,-4.8972587170977855,True,False
DSX,bull_flag,3.0299999713897705,2.890000104904175,2.9600000381469727,,,,False,21.830700762799225,15.0,5.0,22.248636634687937,0.6704141394006702,,,,,,,-2.3102288417082386,2.3648625790768367,False,,,,,,,,,,False,64.43632006704861,,,,,,,,,,False,False
LB,bull_flag,90.80682782256604,84.1500015258789,86.44000244140625,,,,False,21.756243037988334,13.0,15.0,33.97288582134153,0.5431211428961097,,,,,,,-4.808917441420196,2.6492374489225994,False,66.66666666666667,14.999999999999991,,,73.91304347826086,-4.1666666666666625,-7.692307692307699,8.333333333333348,14.999999999999991,False,54.769191444837965,40.6180969011003,16.049691702122825,55.55616438356164,78.43577772317197,31.04597588471718,-10.167670576631792,11.699553422124298,6.938337575999842,16.049691702122825,True,False
BDSX,bull_flag,27.899999618530273,25.420000076293945,27.399999618530273,,,,False,21.57564754656398,11.0,7.0,36.099582599281064,0.33396844426366384,,,,,,,-1.7921147198436385,7.226275802198477,False,,,-133.33333333333331,,,,,,-133.33333333333331,False,48.77002809287037,34.18423418922969,42.30426550840851,40.75578834010476,19.927276734064247,5.110545881432205,-11.128499391410184,32.097574421168694,8.742132081126996,19.927276734064247,True,False
KRT,bull_flag,50.66999816894531,45.18000030517578,49.15999984741211,,,,False,21.521896755887184,15.0,13.0,48.652478994269224,0.7137298747763865,,,,,,,-2.9800638959932955,8.096012112672625,False,170.37037037037032,6.25,21.42857142857144,-20.000000000000007,329.4117647058823,-1.1102230246251565e-14,-5.555555555555525,-33.333333333333336,-20.000000000000007,True,50.769209465023145,9.93337957511331,12.857060140507981,13.741404244016175,10.41491163508348,16.55023215644693,1.1503498620445196,-7.14687269105978,0.42746761731162763,9.93337957511331,True,False
PANL,bull_flag,8.640000343322754,7.773078611337554,8.324999809265137,,,,False,21.418249538614063,10.0,13.0,35.13516584314941,0.8374001225951456,,,,,,,-3.645839369683114,6.629684211083507,False,,,-5.263157894736848,72.72727272727273,-23.809523809523803,16.666666666666675,-5.263157894736848,,-5.263157894736848,False,50.76883836990741,19.420635781707716,38.90653246689793,24.940001098150134,10.158875027476078,9.695743932465707,-7.233062784671807,9.017816535205903,7.646249577187936,10.158875027476078,True,False
TGTX,bull_flag,58.470001220703125,52.11000061035156,54.0,,,,False,21.31254178651112,15.0,14.0,39.63412246651188,0.6319577599638588,,,,,,,-7.644948054354378,3.4999988697193283,False,-70.58823529411764,300.0,-12.500000000000199,12050.0,-58.33333333333333,-14.285714285714091,-94.23868312757203,1329.4117647058824,-70.58823529411764,True,47.43514745165509,70.27162977867204,69.55550407096047,78.00434441003836,92.78842141656433,17.283498765359795,6.41000342725393,19.086754602403076,14.56697934083373,69.55550407096047,True,False
STI,bull_flag,7.869999885559082,7.019999980926514,7.03000020980835,,,,False,21.26983547907526,15.0,15.0,46.26865937200531,0.3788203628938698,,,,,,,-10.6734394913026,0.14225076221026972,False,,,,,,,,,,False,,9399.16349809886,28375.333333333332,,,46.22480275326013,813.6470588235294,133.75,204.1825095057034,9399.16349809886,False,False
INTG,bull_flag,39.5,36.86000061035156,37.540000915527344,,,,False,21.212125184523025,12.0,3.0,28.5714044938139,0.5824807498444973,,,,,,,-4.962022998664953,1.8114019408415054,False,,,,,,,,,,False,,21.08892058963385,19.80472266463542,5.95646516029813,20.71354089080888,17.750419050921916,-3.4165131468765653,10.526315789473696,-3.6673799334284385,5.95646516029813,True,False
DXPE,bull_flag,193.99000549316406,177.36000061035156,179.7899932861328,,,,False,21.18201095519221,15.0,15.0,38.845460922399916,0.5874062286883382,,,,,,,-7.319971031977541,1.3515728163546659,False,23.076923076923084,-2.400000000000002,7.8125,3.149606299212593,44.26229508196722,-11.594202898550721,5.343511450381677,-8.391608391608385,-2.400000000000002,True,50.76965272645834,15.596913463890827,9.46116931651031,11.992847951005924,8.62465243638133,10.5055419451058,-1.0868617152391957,2.660183289081286,3.016351101503556,8.62465243638133,True,False
JRSH,bull_flag,5.809999942779541,5.039999961853027,5.130000114440918,,,,False,21.142858826366616,15.0,15.0,46.964976749370955,0.6667472837538246,,,,,,,-11.703955852593465,1.754388900197892,False,333.33333333333337,,,-20.000000000000007,18.181818181818166,22.222222222222232,125.0,33.33333333333335,-20.000000000000007,False,56.43589518109954,,,,,82.23733648240479,-33.34507342225964,29.03641743541194,,,False,False
ROIV,bull_flag,41.83000183105469,40.21500015258789,41.02000045776367,,,,False,21.118194724379833,5.0,3.0,21.87930069125027,0.6586033886748042,,,,,,,-1.9364124739044808,1.9624580599521237,False,,,-265.21739130434787,,-176.47058823529412,,,,-265.21739130434787,False,54.43531729515046,-33.54838709677419,-66.7107001321004,-77.83322244400088,-64.89385474860335,-42.77777777777778,26.063031515757885,27.243793761935066,-27.6036866359447,-77.83322244400088,True,False
DDD,bull_flag,3.5899999141693115,3.0999999046325684,3.2100000381469727,,,,False,20.83333069928979,15.0,15.0,16.3636655255808,0.47080819086981024,,,,,,,-10.58495501692141,3.4267953958624795,False,-115.78947368421053,,,,,-174.99999999999983,,-124.56140350877195,-115.78947368421053,False,48.76968748158565,-0.27309728168033454,1.055637825259148,-4.277453523562469,-19.20577297680184,-1.003789068224159,-10.103034580098802,16.467029775668784,-3.784348046141839,-19.20577297680184,True,False
XNCR,bull_flag,28.979999542236328,23.860000610351562,24.530000686645508,,,,False,20.75996088079204,14.0,10.0,49.10712233003095,0.8460448680844707,,,,,,,-15.35541382292038,2.73134960268755,False,,,,,,,,,,False,49.76824473689815,17.457805907172986,-86.20310399608945,-46.51374235220579,17.99842661272195,1034.2116917626217,-84.00679958919149,34.46830801466736,-51.845991561181435,-86.20310399608945,True,False
DE,bull_flag,705.8800048828125,668.0,681.4600219726562,,,,False,20.277972072445394,10.0,7.0,25.79412063542092,0.714609985982583,,,,,,,-3.4595090867052343,1.975174117139382,False,7.36842105263158,-1.3554216867469826,-24.13793103448276,-14.22319474835887,-22.137404580152676,170.6611570247934,-38.26530612244898,-17.47368421052632,-24.13793103448276,True,70.43635880340278,4.909302712597774,4.748099976494546,12.964268923366241,11.225771715721455,-5.6922731692722,39.1010300697118,-22.460669624848727,3.1369612248294265,4.748099976494546,True,False
CNR,bull_flag,104.87000274658203,94.22657280455624,96.30000305175781,,,,False,19.88785042104151,15.0,14.0,11.842102965982724,0.7419142313155429,,,,,,,-8.172021999020625,2.153094684833163,False,,,-245.19230769230785,-81.05590062111801,512.1951219512196,,-347.5409836065574,,-245.19230769230785,False,50.43644422108796,3.506383117690115,6.572793948531852,81.75185026980375,81.15016840370632,5.232606397990192,4.010973989534428,3.9820735868685952,-9.05492846717183,3.506383117690115,True,False
TVTX,bull_flag,68.7300033569336,63.47999954223633,65.79000091552734,,,,False,19.617996409608594,15.0,13.0,32.120127887793075,0.6611072266363168,,,,,,,-4.277611374668525,3.5111739491491987,False,,,,,,-1100.0000000000005,-85.71428571428572,,,False,43.76841278261574,48.17429597462626,55.62937405177899,73.40981721422173,162.10531336449492,33.32180284436199,-1.919221516254399,-21.33398843860511,44.04581953533888,48.17429597462626,True,False
ACDC,bull_flag,5.679999828338623,4.5,4.880000114440918,,,,False,19.55445468595198,15.0,15.0,41.77214425833711,0.5856281861856282,,,,,,,-14.084502430904152,7.78688740839206,False,,,,,,,,,,False,54.43684732009259,-0.7571229328551476,-25.104114609361982,-4.002639102705086,-29.932209282113675,10.787366548042709,3.001145475372269,8.285785164971472,-19.685196254233915,-29.932209282113675,True,False
INBX,bull_flag,115.11000061035156,104.9000015258789,110.47000122070312,,,,False,19.277105616474334,15.0,3.0,43.64035096892067,0.6291298469636918,,,,,,,-4.030926387842599,5.0420925439261675,False,,,,,,,,,,False,58.769285011388895,,-100.0,,1200.0,,,-100.0,,-100.0,False,False
TSAT,bull_flag,50.279998779296875,41.7400016784668,49.11000061035156,,,,False,18.867425954582995,15.0,15.0,36.273090983480685,0.46423893248567927,,,,,,,-2.32696538852556,15.007124496616875,False,,,,,,,,,,False,55.43509974262731,,,,,,,,,,False,False
LBRX,bull_flag,50.15999984741211,44.400001525878906,44.84000015258789,,,,False,18.812367156600175,15.0,15.0,42.70555230918285,0.7007748815298455,,,,,,,-10.60606002991982,0.9812636601509698,False,,,,,,-102.59187620889749,,,,False,57.43584972763889,,,,,,,,,,False,False
NVRI,bull_flag,23.219999313354492,21.520000457763672,21.549999237060547,,,,False,18.61647953112209,14.0,4.0,49.18030907387276,0.8088102273412531,,,,,,,-7.192076337975944,0.13920547730361255,False,,,,,,,,,,False,61.435615440219905,,,,,-65.92561335605663,74.00370918942185,-42.33108903518298,,,False,False
NX,bull_flag,21.969999313354492,20.6299991607666,20.979999542236328,,,,False,18.171988382606497,5.0,3.0,36.30955354426184,0.6748011529875816,,,,,,,-4.506143841872546,1.668257336064836,False,,-84.09090909090908,,,728.5714285714284,,-118.36734693877551,,-84.09090909090908,False,85.76895542243055,10.91036470281428,15.579036306006344,-16.879029423298476,76.66553710606574,8.538239104434364,13.023571887779916,-17.401312003682822,9.457918396032516,-16.879029423298476,True,False
COP,bull_flag,139.82000732421875,128.0,136.6699981689453,,,,False,18.019432767428878,12.0,15.0,33.36210876222925,0.8188013585138247,,,,,,,-2.252903011204329,6.343746458698163,False,107.05128205128203,-20.17937219730942,-38.54166666666667,-21.590909090909093,81.46067415730336,50.847457627118686,-14.492753623188415,-11.538461538461553,-38.54166666666667,True,50.43644241328704,43.31669439822519,-6.7615166793286825,-10.67618449952934,13.962231906348798,33.98518518518519,18.556248353385428,-14.620979230711551,5.673084541636952,-10.67618449952934,True,False
DAVE,bull_flag,394.989990234375,345.0,365.7799987792969,,,,False,17.919606320446245,15.0,7.0,49.152849106044,0.7370033263388007,,,,,,,-7.39512194669688,5.681010128668911,False,-20.967741935483875,104.06091370558373,322.01834862385306,21033.333333333336,-87.81094527363183,-12.608695652173918,-27.444794952681395,922.5806451612904,-20.967741935483875,True,49.7696983249537,29.627268380427594,46.708156215560436,62.35719952399841,62.96532560628832,7.814334591639627,-3.2414900959559234,8.622325427102329,14.396199063427373,29.627268380427594,True,False
NKTX,bull_flag,3.0799999237060547,2.755000114440918,2.9200000762939453,,,,False,17.813767292465556,13.0,3.0,35.22726164376584,0.816348050371719,,,,,,,-5.194800369332063,5.650683477462259,False,,,,,,,,,,False,55.768965504120374,,,,,,,,,,False,False
TAYD,bull_flag,62.18000030517578,58.279998779296875,59.290000915527344,,,,False,17.738187365757963,13.0,11.0,27.510922486266466,0.8107828736194984,,,,,,,-4.647795714802976,1.7034948905962342,False,-51.69491525423725,23.4375,88.23529411764706,-17.647058823529417,-27.848101265822756,23.4375,-8.571428571428562,-40.677966101694906,-51.69491525423725,True,,-42.45510326547761,5.758415134587058,35.730886884494,-14.628396151579082,-19.85600187448521,-3.7081228790830867,16.98994288364497,-36.26211783521968,-42.45510326547761,True,False
MTDR,bull_flag,63.560001373291016,56.04999923706055,61.18000030517578,,,,False,17.50317278808382,15.0,11.0,8.163832704617114,0.7466953559261252,,,,,,,-3.744494991649498,8.38509487173252,False,160.3305785123967,-115.10416666666667,-9.941520467836252,-28.643216080402013,,-118.83116883116882,8.450704225352123,17.355371900826434,-115.10416666666667,True,41.769049207592595,26.76362622855897,-6.417286092948227,-17.24828091666726,6.392004994553191,24.619585303375935,16.312599901673288,-11.536339069211909,-1.1408934856397157,-17.24828091666726,True,False
TARS,bull_flag,83.33999633789062,78.4000015258789,79.94999694824219,,,,False,17.154982102509898,9.0,3.0,36.05607984932569,0.5271373559258853,,,,,,,-4.067674032410739,1.9387060431868597,False,,,,,,,,,,False,49.43514738278935,69.40580557179037,106.8730452543563,128.38814600650522,146.67899746456627,7.317313981759166,6.847851887016376,27.7774501461705,15.621468926553671,69.40580557179037,True,False
ROLR,bull_flag,6.639999866485596,6.050000190734863,6.360000133514404,,,,False,16.78832250167568,12.0,5.0,38.04346473996828,0.7797090637821709,,,,,,,-4.216863533152283,4.87421283446171,False,,,,,,-172.5,2.564102564102577,,,False,57.768665713680555,-51.57731425616273,-35.20692974013474,-60.5759682224429,-16.431612559872278,-16.547831253713607,5.982367758186391,-49.43480337525872,8.274435442165151,-60.5759682224429,True,False
SXC,bull_flag,10.680000305175781,9.5,9.539999961853027,,,,False,16.716336609665696,14.0,15.0,13.690503595639193,0.6631932302958249,,,,,,,-10.674160212994401,0.4192868135531716,False,650.0,-125.0,-457.14285714285694,-27.777777777777768,,,-484.6153846153846,1200.0,-457.14285714285694,True,49.435150332256946,9.490900714121175,4.380733944954129,-1.1934156378600846,-0.6325239746990396,4.438584926389799,-5.2269887546855465,-1.396303901437368,12.186132227597323,-1.1934156378600846,True,False
GFF,bull_flag,102.73115309605252,93.31999969482422,93.80999755859375,,,,False,16.687951500394437,15.0,15.0,48.83254361444348,0.769335145468006,,,,,,,-8.68398267574938,0.5223301103525543,False,,-65.28925619834712,-5.369127516778526,-19.379844961240334,171.4285714285714,-70.2127659574468,35.57692307692306,,-65.28925619834712,False,63.43611517244213,7.0443770402853545,-1.1305790702252683,2.6435431099781637,53.28488508700522,14.106575641207986,-35.00727174127392,-35.80879349749154,124.86034886099819,-1.1305790702252683,True,False
TRGP,bull_flag,299.4800109863281,284.0,287.25,,,,False,16.440227270243145,10.0,15.0,35.75657630873982,0.7317625250012195,,,,,,,-4.083748676931379,1.1314186248912097,False,23.344947735191624,142.85714285714283,74.30555555555549,25.714285714285733,60.18099547511313,-11.95219123505975,14.090909090909065,-23.344947735191635,23.344947735191624,True,50.43508492773149,12.064274157964405,4.900310379294015,-10.933600822038459,-33.39744225240408,-23.5801509490735,9.548138991896726,8.377243904617316,23.51448742462128,-33.39744225240408,True,False
VRTX,bull_flag,560.25,511.80999755859375,519.510009765625,,,,False,16.428022257760077,14.0,15.0,46.86408447841689,0.7028569992713017,,,,,,,-7.271751938308791,1.4821682089446326,False,8.020050125313261,61.44578313253008,28.176795580110504,4.738154613466339,7.213930348258701,-13.36206896551726,10.476190476190483,5.263157894736836,4.738154613466339,True,47.768325482268516,12.453199311903408,7.822539888816693,9.546703296703306,10.985244777950133,11.617395962369015,-6.366771159874607,3.6926277467169477,3.767666205686915,7.822539888816693,True,False
PESI,bull_flag,19.18000030517578,17.93000030517578,18.280000686645508,,,,False,16.380369332921752,10.0,4.0,38.95127260154488,0.8299489299610895,,,,,,,-4.692385840512244,1.9146628464047053,False,,,,,,,,,,False,55.768827924305555,-11.661867544220483,-20.066096702349313,6.890219017820698,3.818700927908636,15.809814848103532,-29.201399936366524,-9.963332187464191,19.66269025092555,-20.066096702349313,True,False
SSP,bull_flag,3.4200000762939453,3.059999942779541,3.1600000858306885,,,,False,16.370108452456368,15.0,15.0,45.65217842001058,0.7836252000581987,,,,,,,-7.6023387328401375,3.1645614030057794,False,,,-154.25531914893617,-248.64864864864867,,,,,-248.64864864864867,False,50.7685582084838,-9.198452081173158,-1.4349924579466156,-23.081527611312247,-18.63623704162154,-5.1206497597065415,-7.74464621656451,6.542500389842054,-2.6340542141904955,-23.081527611312247,True,False
HRTG,bull_flag,35.5,33.29499816894531,35.09000015258789,,,,False,16.0738289871172,14.0,14.0,27.035526850207457,0.7072571231277641,,,,,,,-1.1549291476397447,5.115423128632266,False,32.258064516129025,20.2020202020202,225.75757575757595,503.70370370370364,72.2689075630252,-44.65116279069768,31.901840490797582,5.161290322580636,20.2020202020202,True,49.76933192331018,2.9610402095801236,0.5380105900151255,2.403180778358527,0.2879409390650789,0.7227567267631629,-1.234464693752435,1.3447300420316388,2.1265652414257152,0.2879409390650789,True,False
FLXS,bull_flag,85.51000213623047,78.45999908447266,81.9000015258789,,,,False,15.918711095310156,8.0,11.0,32.624119711165164,0.6827343578216999,,,,,,,-4.221729061122325,4.200247102949408,False,28.42105263157899,,-27.160493827160504,77.02702702702705,114.03508771929829,-3.3898305084745783,-9.92366412213741,-31.052631578947356,-27.160493827160504,False,33.769522340798616,0.6578775161197425,1.0116519846979921,9.00233216264299,6.184199140442481,0.20846905537459381,-2.641882806619933,7.071777180162808,-3.6401392536492994,0.6578775161197425,True,False
CODI,bull_flag,11.789999961853027,10.899999618530273,11.3100004196167,,,,False,15.873019777578179,15.0,15.0,48.750031292431046,0.6327527186761229,,,,,,,-4.071242949867549,3.625117470157626,False,,,-142.9245283018868,,,,,,-142.9245283018868,False,54.769775774039346,-11.416156594037897,-5.932455512092993,-48.17701507163089,3.506493222035556,-0.6590059856391495,-8.900091130854948,-0.8475078402410685,-1.280160437861666,-48.17701507163089,True,False
SND,bull_flag,5.46999979019165,4.840000152587891,5.090000152587891,,,,False,15.789482089801666,15.0,12.0,0.0,0.7206431752293853,,,,,,,-6.946977187917695,4.911591208359658,False,-53.70370370370371,,-70.00000000000004,,,-433.3333333333338,-62.50000000000006,-85.18518518518519,-70.00000000000004,False,56.768559201539354,13.533287366888835,-42.195923180592985,-46.84582625296326,-64.3644390318161,7.974499089253184,8.339582428858971,8.236148489897044,-10.330958400367729,-64.3644390318161,True,False
HPE,bull_flag,62.150001525878906,55.130001068115234,55.40999984741211,,,,False,15.785340598780762,5.0,3.0,46.94893200387455,0.749878021364995,,,,,,,-10.844732925163806,0.5053217470996838,False,404.7619047619048,,-29.54545454545454,-87.25490196078431,140.9090909090909,41.93548387096775,138.46153846153854,-38.095238095238116,-87.25490196078431,False,78.76934240653935,32.95819935691318,39.10428662827896,18.10945273631841,14.328703703703694,14.110937356268982,14.479780960404387,-3.867179591010328,5.873526259378359,14.328703703703694,True,False
PBT,bull_flag,35.79999923706055,32.73160270408348,35.58000183105469,,,,False,15.737922342811018,15.0,15.0,32.6180090859474,0.5289793505965794,,,,,,,-0.6145179069672037,8.005618269769423,False,,,,,,,,,,False,57.7271795194213,,,,,,,,,,False,False
VBNK,bull_flag,23.09000015258789,21.530000686645508,22.940000534057617,,,,False,15.694366940972348,12.0,5.0,28.94735025896658,0.8382709662585502,,,,,,,-0.6496302188783732,6.146468241440399,False,,,,,,,,,,False,84.43500108394676,,,,,,,,,,False,False
BBCP,bull_flag,10.5,10.09000015258789,10.289999961853027,,,,False,15.590207612148067,12.0,4.0,20.714274523214126,0.7418620931046552,,,,,,,-2.0000003633045016,1.9436327503068391,False,28.57142857142856,,,-43.750000000000014,125.0,,-166.66666666666669,28.571428571428537,-43.750000000000014,False,119.77004311901621,13.135228708886038,14.391858581590245,4.644486594555808,-3.152305944124445,9.30891180544866,19.354088081124775,-17.411445795318915,4.998991068299374,-3.152305944124445,True,False
OVV,bull_flag,67.51000213623047,62.790000915527344,65.36000061035156,,,,False,15.286405711357464,12.0,15.0,45.485310402670116,0.8455408006318015,,,,,,,-3.184715535248175,3.9320680398175947,False,37.28813559322035,,,-70.3125,,-164.56043956043956,538.5964912280702,-51.69491525423729,-70.3125,False,49.76886283875,29.71996386630533,8.505263157894728,-5.9954233409611035,-7.254361799816344,11.44741948001553,25.462512171372943,1.6831683168316847,-8.762420957542904,-7.254361799816344,True,False
MRNA,high_tight_flag,156.4149932861328,130.3800048828125,146.69000244140625,,,,False,186.4277804014937,18.0,8.0,23.79244947549339,0.3654343407801709,,,,,,,-6.217428802964213,11.118683814262397,False,,,,-1800.0,,,,,-1800.0,False,50.43574741886574,2.1126760563380254,260.18518518518516,-29.81366459627329,-45.43501611170784,-62.724935732647815,-42.62536873156342,-33.26771653543307,615.4929577464789,-45.43501611170784,True,False
REPL,high_tight_flag,16.329999923706055,12.399999618530273,13.109999656677246,,,,False,174.95327664229626,19.0,14.0,24.679491310534438,0.2757404311721627,,,,,,,-19.71831158648308,5.41571362883562,False,,,,,,,,,,False,50.43535678538194,,,,,,,,,,False,False
HELP,high_tight_flag,14.350000381469727,11.109999656677246,13.609999656677246,,,,False,170.35293579101562,40.0,22.0,5.248620531133384,0.8327562049494827,,,,,,,-5.156799338821269,18.36884689981213,False,,,,,,,,,,False,57.43601597564815,,,,,,,,,,False,False
RCEL,high_tight_flag,11.390000343322754,9.600000381469727,10.1899995803833,,,,False,168.10126644929736,32.0,12.0,14.909634871646608,0.4695289278131634,,,,,,,-10.535563887343855,5.789982563388694,False,,,,,,,,,,False,50.768701598738424,17.90299572039944,4.0327421555252485,-4.288381287063469,-12.875116015262456,12.72031053294167,9.368366703000408,3.1603243179262552,-7.2917809722374605,-12.875116015262456,True,False
ENTX,high_tight_flag,3.559999942779541,2.7200000286102295,2.819999933242798,,,,False,162.06896976965373,40.0,24.0,17.021273088001884,0.09497837430665514,,,,,,,-20.786517455923704,3.546095992902228,False,133.33333333333334,16.666666666666675,0.0,-12.49999999999999,100.0,16.666666666666675,-14.285714285714302,16.666666666666675,-12.49999999999999,True,58.76958824523148,,-100.0,-100.0,-100.0,,,,,-100.0,False,False
AGEN,high_tight_flag,8.729999542236328,6.659999847412109,7.130000114440918,,,,False,161.4583302289249,37.0,18.0,18.709684829103104,0.16012224854502982,,,,,,,-18.32760036302986,6.591868996984758,False,,,,,-100.98039215686273,1033.3333333333294,-95.36082474226802,,,False,50.436850044548606,34.358335603907975,40.18116845341977,27.45090732943325,20.400605288308384,2.3179985771875744,-1.3682610221026792,13.127170497767482,17.687127787941304,20.400605288308384,True,False
QMCO,high_tight_flag,25.75,21.719999313354492,22.829999923706055,,,,False,153.4374891345704,32.0,9.0,17.718945631109698,0.5202740088529638,,,,,,,-11.339806121529884,4.862026342798923,False,,,,,,,,,,False,54.768717620879634,25.692996920013698,27.310121933303954,8.59297653019626,-12.709127856804836,3.601559094289297,4.569222106025261,18.92848600813202,-2.4437669165914833,-12.709127856804836,True,False
CAPR,high_tight_flag,11.0,8.180000305175781,8.8100004196167,,,,False,149.09091922440268,20.0,10.0,24.564456210857717,0.3160119432782067,,,,,,,-19.909087094393644,7.150965771104103,False,,,,,,,,,,False,55.769919502557876,-7.921690517003965,-63.4382475774409,1.3777014586210834,64.29114312270147,392.14278829275366,-43.0523150556549,-19.06383632603793,-59.40733891022807,-63.4382475774409,True,False
RYOJ,high_tight_flag,6.184999942779541,4.349999904632568,4.369999885559082,,,,False,136.45082676929454,40.0,15.0,20.386642055498484,0.16947922337143895,,,,,,,-29.345191172383377,0.4576654794112185,False,,,,,,,,,,False,,,,,,,,,,,False,False
OMER,high_tight_flag,19.649999618530273,17.420000076293945,17.459999084472656,,,,False,122.8373647613933,40.0,14.0,17.840372643999007,0.6116836355195396,,,,,,,-11.14504110215051,0.2290894059340612,False,,,,,-75.80645161290323,-56.64335664335665,,,,False,57.76890934923611,-4.916011198506864,-65.6767165111196,-100.0,-100.0,188.37561912463357,,,-100.0,-100.0,True,False
ABCL,high_tight_flag,12.579999923706055,10.319999694824219,11.170000076293945,,,,False,120.38094656808033,18.0,16.0,19.77848196770786,0.44403271950240913,,,,,,,-11.208265945654512,7.60967211874671,False,,,,,,,,,,False,50.77018034236111,-76.29360805431983,96.3400236127509,788.373935432759,37.6210235131397,-51.2928442573662,-81.46207696080617,400.88218872138464,-47.58253336455163,-76.29360805431983,True,False
IOVA,high_tight_flag,9.40999984741211,7.659999847412109,9.260000228881836,,,,False,114.75825539482693,30.0,13.0,17.294896166054382,0.5589165303705107,,,,,,,-1.5940448561380751,17.278621403046444,False,,,,,,,,,,False,50.43593019505787,65.6541900186816,44.81793852891087,17.744999592911228,15.19938519340791,39.03541929161416,-17.679870002650656,28.635386553998956,12.515012009607695,15.19938519340791,True,False
BOLD,high_tight_flag,3.1640000343322754,2.7119998931884766,2.8399999141693115,,,,False,109.42029818044294,40.0,25.0,11.788092634926945,0.0679880915154632,,,,,,,-10.24020596230304,4.507043128495109,False,,,-105.74018126888218,,,,,,-105.74018126888218,False,,,,,,,,,,,False,False
SLN,high_tight_flag,15.279999732971191,12.720000267028809,13.0600004196167,,,,False,108.19672410742265,40.0,21.0,17.21763031118418,0.6297075183529837,,,,,,,-14.528791571665911,2.6033701505644316,False,,,-212.49999999999991,,,,,,-212.49999999999991,False,50.435248869606475,-100.0,197.1830985915493,-99.86563920173879,-89.38584779706275,-100.0,1141.1764705882354,-78.61635220125787,-29.01785714285714,-100.0,True,False
JLHL,high_tight_flag,7.630000114440918,5.619999885559082,5.809999942779541,,,,False,106.20915231285504,35.0,12.0,21.230770991398735,0.24282321941120194,,,,,,,-23.853212901225966,3.2702247692202513,False,,,,,,,,,,False,,,,,,,,,,,False,False
AMPL,high_tight_flag,14.760000228881836,11.949999809265137,13.649999618530273,,,,False,105.88235467797178,37.0,21.0,19.736847242012978,0.7429596683000377,,,,,,,-7.520329221808231,12.45421140493907,False,,,,,,,,,,False,49.770119318657414,21.15527801128858,16.93369854789688,17.017573050389736,17.74465878724225,7.908698070423137,2.2586325702472987,3.2326904837179926,6.357631800168129,16.93369854789688,True,False
AMLX,high_tight_flag,35.474998474121094,31.3700008392334,33.63999938964844,,,,False,104.11281283262332,31.0,10.0,19.018062116700452,0.5288071701413312,,,,,,,-5.1726544422863965,6.747914957196918,False,,,,,,,,,,False,50.43678905140046,,-100.0,,-100.0,,,,,-100.0,False,False
PEPG,high_tight_flag,3.569999933242798,2.799999952316284,2.9700000286102295,,,,False,103.40135723422775,39.0,24.0,12.500003921358257,0.7275734149836558,,,,,,,-16.806720331996207,5.7239082375866,False,,,,,,-1399.9999999999989,,,,False,56.4354921205787,,,,,,,,,,False,False
TXG,high_tight_flag,70.45999908447266,55.25,70.11000061035156,,,,False,103.0859895455603,39.0,24.0,11.167170352988455,0.8447914984244311,,,,,,,-0.49673357744653057,21.195265270269477,False,-150.0,,,,,,,-178.57142857142856,-150.0,False,50.7684022415625,-12.649501468989289,-2.6084205497052593,0.6114373322183342,-1.7487174753056278,0.12794760114820392,-9.147142082756133,11.428034523026543,-13.825849584750271,-12.649501468989289,True,False
MNPR,high_tight_flag,124.2699966430664,104.4800033569336,108.31999969482422,,,,False,101.72602863524278,39.0,25.0,24.50302961154495,0.7235106989275167,,,,,,,-12.834954034845957,3.545048327833506,False,,,,,,,,,,False,57.72742475510417,,,,,,,,,,False,False
AAPL,rainbow_convergence,333.0799865722656,316.5639690023314,333.0799865722656,3.324149467388827,12.0,True,True,,,,,,,,,,,,0.0,4.958573986957592,True,28.6624203821656,21.818181818181802,18.333333333333336,89.69072164948457,0.4975124378109541,-29.225352112676063,54.347826086956516,17.19745222929936,18.333333333333336,True,43.77018342618055,16.356501765281383,16.59518241592299,15.652453740949323,7.938480985989682,-1.5892574471146892,-22.65783689028632,40.29629340464154,8.964651835467263,7.938480985989682,True,False
ABBV,rainbow_convergence,261.7699890136719,253.52742217899055,261.7699890136719,1.4858441659859332,1.0,True,True,,,,,,,,,,,,0.0,3.148782205988796,True,290.38461538461536,-45.83333333333333,,-88.63636363636364,420.51282051282044,-61.764705882352935,919.9999999999998,-80.76923076923077,-88.63636363636364,False,43.436848593969906,7.313606409096773,17.741243745532522,19.210829493087566,21.352095442031207,0.8377853326857698,-0.5073689296931638,4.335770103352665,2.51970538829307,7.313606409096773,True,False
ACT,rainbow_convergence,50.06999969482422,48.245824091302346,50.06999969482422,2.726366270986882,7.0,True,True,,,,,,,,,,,,0.0,3.64325067833072,True,12.612612612612594,9.259259259259256,17.14285714285706,-4.347826086956507,5.932203389830515,-4.065040650406471,11.818181818181772,-0.9009009009009028,-4.347826086956507,True,54.7701822174537,4.072944340581852,1.725363131405322,3.6218917342664803,0.6030595501117508,1.6787953946082457,-0.2037057171912271,0.4016631616124311,2.1532355931647373,0.6030595501117508,True,False
ADM,rainbow_convergence,86.44000244140625,82.00907565964212,86.44000244140625,4.751917835391146,12.0,True,True,,,,,,,,,,,,0.0,5.126014179335144,True,315.5555555555556,1.6393442622950838,-21.48760330578513,450.0,201.61290322580646,-34.73684210526316,331.8181818181818,-51.11111111111111,-21.48760330578513,True,48.43684977371528,0.7096672449140584,-0.1138952164009166,-3.5839439311882715,7.1476285905143655,4.023456589021013,1.4207830827688728,-5.657730673316708,1.1827787415234159,-3.5839439311882715,True,False
AES,rainbow_convergence,14.800000190734863,14.715212225513316,14.800000190734863,0.5642709963058865,9.0,True,True,,,,,,,,,,,,0.0,0.5728916495192123,True,,871.4285714285713,-31.818181818181813,25.35211267605635,-11.764705882352954,51.11111111111113,-49.43820224719102,,-31.818181818181813,False,49.770179583622685,19.85989492119089,8.6807928913192,4.692775151924367,1.8850714502888444,7.61006289308177,2.5475653015156308,-7.460459564309163,17.37302977232924,1.8850714502888444,True,False
AGM,rainbow_convergence,225.2100067138672,219.92847101180766,225.2100067138672,2.2860259356975816,0.0,False,False,,,,,,,,,,,,0.0,2.345160314643479,False,20.75892857142856,18.45386533665836,-20.12987012987012,15.025906735751304,13.89473684210527,28.726287262872585,-16.891891891891873,-0.8928571428571397,-20.12987012987012,True,48.770181572835654,,,,,,,,,,False,False
ALRS,rainbow_convergence,33.31999969482422,32.73735269612862,33.31999969482422,1.3866682547889146,1.0,True,True,,,,,,,,,,,,0.0,1.7486404682833991,True,3.8461538461538547,71.15384615384615,,150.0,-8.98876404494382,,-295.3846153846154,-16.666666666666664,3.8461538461538547,False,43.77012490990741,,,,,,,,,,False,False
AMTB,rainbow_convergence,29.540000915527344,28.341279200648298,29.540000915527344,3.319825204175939,8.0,True,True,,,,,,,,,,,,0.0,4.0579609943375194,True,-3.6363636363636376,57.14285714285714,-84.90566037735852,,20.45454545454546,450.0000000000011,-77.14285714285718,-36.363636363636374,-84.90566037735852,False,41.77011986578704,,,,,,,,,,False,False
APPS,rainbow_convergence,11.729999542236328,10.813706339658117,11.729999542236328,5.9734489102329515,3.0,True,True,,,,,,,,,,,,0.0,7.811536558709191,True,,,,,,-199.99999999999991,,,,False,48.77010801320603,26.776194186028746,19.636262924667648,12.44977235083966,18.234114951822654,16.439259482704195,-5.84548114584641,7.8517135998062315,7.218581488779918,12.44977235083966,True,False
ASND,rainbow_convergence,264.9200134277344,256.4685392478939,264.9200134277344,2.8944594176943803,11.0,True,True,,,,,,,,,,,,0.0,3.1901984566922517,True,,,,,,,,,,False,,,,,,,,,,,False,False
ATLO,rainbow_convergence,32.45000076293945,31.192644986022117,32.45000076293945,3.4094889153322545,8.0,True,True,,,,,,,,,,,,0.0,3.8747480658100297,True,2.7027027027026973,2.631578947368385,15.151515151515138,,-2.564102564102544,2.631578947368385,11.764705882352944,-8.108108108108103,2.631578947368385,False,30.770056324606482,,,,,,,,,,False,False
AUPH,rainbow_convergence,16.40999984741211,16.008040816138355,16.40999984741211,1.330355119446512,1.0,True,True,,,,,,,,,,,,0.0,2.449476142665197,True,75.00000000000003,56.25,,129.99999999999997,12.00000000000001,-83.55263157894737,560.8695652173913,43.75,56.25,False,54.43672238660879,18.87212889955434,24.397662691107016,28.808859638866146,8.406250461111675,7.097355382536508,0.7663978006587691,4.962704851091626,4.942292309450358,8.406250461111675,True,False
AVBC,rainbow_convergence,22.18000030517578,21.631687567140446,22.18000030517578,1.4192952246648127,1.0,True,True,,,,,,,,,,,,0.0,2.4721042853519912,True,,,,,21.875,,,,,False,56.77005687893518,,,,,,,,,,False,False
BBY,rainbow_convergence,94.83000183105469,85.24926061884373,94.83000183105469,5.9274289964100975,7.0,True,True,,,,,,,,,,,,0.0,10.10306973238239,False,70.11494252873563,37.89473684210527,365.45454545454527,-47.61904761904761,12.977099236641209,-48.828125,287.8787878787879,-24.13793103448275,-47.61904761904761,True,69.43670056333333,3.6130536130536184,1.9276833580472275,-0.9607112130771478,2.4033880359978887,9.433751119068944,-35.31200231649052,42.82464846980976,2.4793388429751984,-0.9607112130771478,True,False
BCAL,rainbow_convergence,22.030000686645508,21.317424725097112,22.030000686645508,2.281704944565192,8.0,True,True,,,,,,,,,,,,0.0,3.234570764132369,True,2.3255813953488413,-19.23076923076924,-7.407407407407396,,4.761904761904767,-16.000000000000004,4.166666666666674,11.627906976744185,-19.23076923076924,False,42.43669559642361,,,,,,,,,,False,False
BFH,rainbow_convergence,109.2300033569336,106.04675719051087,109.2300033569336,1.6239458406239484,1.0,True,True,,,,,,,,,,,,0.0,2.914259881527923,True,20.74829931972788,49.280575539568375,1412.4999999999995,7819.999999999999,-14.457831325301218,242.97520661157,-69.44444444444441,34.6938775510204,20.74829931972788,True,36.43666214369213,697.0246734397679,724.7145187601957,546.4477611940299,-34.02523402523403,8.624270596380178,-6.621721462874031,567.9827267119063,17.634252539912907,-34.02523402523403,True,False
BFST,rainbow_convergence,31.479999542236328,31.134143343930276,31.479999542236328,0.8862237036378043,3.0,True,True,,,,,,,,,,,,0.0,1.0986537590066383,True,0.0,4.615384615384621,39.21568627450986,12.307692307692308,2.941176470588225,-4.22535211267604,-2.73972602739726,4.285714285714293,0.0,True,36.76997419201389,9.672888843492245,7.793021200655503,1.1813140648630371,14.970985359933241,2.555796109395403,4.326308272300006,-0.6820449803303874,3.2089749155197023,1.1813140648630371,True,False
BGC,rainbow_convergence,12.15999984741211,11.61243980061511,12.15999984741211,4.404423375593428,14.0,True,True,,,,,,,,,,,,0.0,4.502960967664245,True,36.36363636363635,54.54545454545456,-25.000000000000032,100.0,-11.764705882352954,466.66666666666725,-50.00000000000004,-45.45454545454546,-25.000000000000032,True,50.43663694706019,7.332583378469515,49.22311681120597,34.39048104078892,38.305892837250745,-12.805235017957761,24.91583071560335,2.868621392879356,-4.205456770348704,7.332583378469515,True,False
BHB,rainbow_convergence,40.70000076293945,39.2928665469218,40.70000076293945,2.7136492298531505,7.0,True,True,,,,,,,,,,,,0.0,3.4573321612783827,True,127.49999999999999,22.72727272727273,0.0,-32.49999999999999,12.345679012345666,14.084507042253524,31.481481481481467,35.00000000000001,-32.49999999999999,True,34.76996779381944,33.82492020333372,11.490991239186732,5.934406121316549,-2.7369327972429636,11.890582915317903,11.567832823312107,7.104260784834793,0.09161839460929411,-2.7369327972429636,True,False
BMRN,rainbow_convergence,66.41000366210938,64.16124200475083,66.41000366210938,2.4221115101837802,1.0,True,True,,,,,,,,,,,,0.0,3.3861790895241093,True,-81.30081300813008,-43.157894736842096,-133.84615384615387,-129.0909090909091,-57.407407407407405,,,-113.00813008130082,-133.84615384615387,True,40.76996966211805,19.905016900691773,2.826698159418628,17.027938761937776,4.0755491189959026,29.16962495823587,-12.389816651706854,12.682362430150507,-5.970002786493989,2.826698159418628,True,False
BOW,rainbow_convergence,33.720001220703125,32.725482206259805,33.720001220703125,2.7976106570297956,0.0,False,False,,,,,,,,,,,,0.0,2.9493445386731283,False,33.33333333333333,41.17647058823528,2.220446049250313e-14,25.0,0.0,9.090909090909038,-2.222222222222192,25.0,2.220446049250313e-14,True,48.436637005624995,22.957610139348517,26.873431337396923,27.109084966772535,23.270612618939545,5.24297660796178,2.647714236738352,5.3817080287913655,8.005973150837065,22.957610139348517,True,False
BP,rainbow_convergence,45.93000030517578,43.28947961426436,45.93000030517578,5.016170975149845,9.0,True,True,,,,,,,,,,,,0.0,5.749010828144642,True,,,,,,,,,,False,44.436630464502315,,,,,,,,,,False,False
BSRR,rainbow_convergence,40.84000015258789,40.309808263470394,40.84000015258789,0.989245309118796,6.0,True,True,,,,,,,,,,,,0.0,1.2982171575332375,True,-1.2820512820512886,47.69230769230768,31.506849315068486,-2.7027027027027084,-19.791666666666664,0.0,33.33333333333333,-7.692307692307699,-2.7027027027027084,True,40.43662900975695,,,,,-3.3887836613686884,,,,,False,False
BWFG,rainbow_convergence,68.25,65.16330880880395,68.25,3.7240568169107724,6.0,True,True,,,,,,,,,,,,0.0,4.5226244559649125,True,33.33333333333335,62.06896551724137,216.2162162162163,429.1666666666667,7.801418439716312,20.51282051282046,-7.874015748031471,11.403508771929838,33.33333333333335,True,36.436600421886574,7.254222168156854,4.55795757859776,6.0889494549058565,5.339785916417172,3.0887052771065626,-0.12650590685272523,0.021413276231263545,4.150193621636955,4.55795757859776,True,False
CAC,rainbow_convergence,58.29999923706055,56.64701082705956,58.29999923706055,2.0488318159057965,7.0,True,True,,,,,,,,,,,,0.0,2.835314634018389,True,62.65060240963858,200.0,33.00000000000001,38.888888888888886,4.651162790697683,-3.007518796992481,6.400000000000006,50.60240963855422,33.00000000000001,True,41.436594486990735,0.5798329635039678,0.21043292308391415,28.113248977575278,25.620561286866227,2.385952167447991,-5.626077920964956,2.080964045140399,1.9703170125221714,0.21043292308391415,True,False
CACC,rainbow_convergence,605.3599853515625,593.5646948264382,605.3599853515625,1.5745947732359398,14.0,True,True,,,,,,,,,,,,0.0,1.9484754213270623,True,70.61994609164421,43.187066974595844,-11.482084690553707,48.50393700787401,2.0967741935483897,14.07543698252065,15.270413573701003,27.088948787061984,-11.482084690553707,True,43.76992126976852,0.6166495375128367,1.558396077744706,2.473935324262233,5.833181900781392,1.2758620689655276,0.017244352474565794,-0.4292582417582458,-0.23980815347721673,0.6166495375128367,True,False
CBC,rainbow_convergence,32.52000045776367,31.997717533737397,32.52000045776367,1.1712978800566127,1.0,True,True,,,,,,,,,,,,0.0,1.606036029134149,True,,,,,2.1739130434782483,12.195121951219523,-4.651162790697683,,,False,48.43658362436343,,,,,,,,,,False,False
CBIO,rainbow_convergence,19.68000030517578,17.8939830083515,19.68000030517578,8.844389484927904,13.0,True,True,,,,,,,,,,,,0.0,9.075291001670172,True,,,,,,,,,,False,,,,,,-100.0,,,,,False,False
CCNE,rainbow_convergence,34.619998931884766,34.03658742000674,34.619998931884766,1.2388782882508578,6.0,True,True,,,,,,,,,,,,0.0,1.6851863947942192,True,49.18032786885247,76.0,73.13432835820899,-63.934426229508205,3.409090909090917,-24.13793103448276,427.27272727272737,-63.934426229508205,-63.934426229508205,True,43.76989213912037,,,,,,,,,,False,False
CFFN,rainbow_convergence,8.90999984741211,8.647086993708252,8.90999984741211,2.0655123150058468,7.0,True,True,,,,,,,,,,,,0.0,2.950761596031007,True,35.7142857142857,33.33333333333335,33.33333333333335,55.55555555555563,18.75,0.0,14.28571428571428,0.0,33.33333333333335,True,42.43654705353009,,,,,-3.0961358840419284,,,,,False,False
CHCO,rainbow_convergence,145.0399932861328,142.30996625275873,145.0399932861328,1.433336125364298,1.0,True,True,,,,,,,,,,,,0.0,1.8822581079332563,True,2.6200873362445476,6.796116504854366,11.855670103092809,19.3069306930693,6.818181818181812,1.382488479262678,-9.958506224066399,5.240174672489095,2.6200873362445476,True,35.436535351631946,23.931976101736186,30.695180887906236,,,-0.9371678368789049,4.896433675151934,11.161735183730471,7.289345045230644,23.931976101736186,False,False
CHMG,rainbow_convergence,84.98999786376953,81.32631109713908,84.98999786376953,3.9071065825635216,8.0,True,True,,,,,,,,,,,,0.0,4.310726978135676,True,,51.58730158730158,29.838709677419352,36.13445378151261,-4.712041884816742,18.633540372670797,-0.6172839506172867,,29.838709677419352,False,35.76986280483796,,,,,,,,,,False,False
CLH,rainbow_convergence,322.989990234375,313.4047697516394,322.989990234375,2.2454005096269847,7.0,True,True,,,,,,,,,,,,0.0,2.9676524884812023,True,9.174311926605494,4.516129032258087,4.245283018867907,-4.0650406504065035,-26.543209876543216,-26.696832579185514,-6.355932203389825,116.51376146788989,-4.0650406504065035,True,49.43650673956019,1.9265337476867206,4.792064374935356,1.302125901157436,-0.18451503459415708,-2.6778093693655247,-3.2040156531471187,-0.03335798081626207,8.233807046335407,-0.18451503459415708,True,False
CLOV,rainbow_convergence,5.099999904632568,4.402863747591178,5.099999904632568,6.613613940951132,3.0,True,True,,,,,,,,,,,,0.0,13.669336668185988,False,,,,,0.0,,,,,False,49.76982439248843,55.597964909342146,62.04602330365041,44.73606894525513,50.051663816596474,-0.8038025117827363,53.61456776302165,-1.8006644518272386,3.9843390142791257,44.73606894525513,True,False
CNC,rainbow_convergence,69.41000366210938,65.18323359088514,69.41000366210938,2.5408134473834867,8.0,True,True,,,,,,,,,,,,0.0,6.089569007661086,True,,18.250950570342205,-441.26984126984155,-1092.6470588235293,-29.581993569131836,,,,-1092.6470588235293,False,41.4364711568287,4.492900369698827,5.09779001623949,23.228454926162655,21.67809425729694,-0.6270294479901461,-0.16097659132068287,-0.3808632901242781,5.724444863070155,4.492900369698827,True,False
CNO,rainbow_convergence,55.529998779296875,54.080650332551244,55.529998779296875,2.0671843545031603,12.0,True,True,,,,,,,,,,,,0.0,2.6100278743135656,True,46.15384615384617,85.71428571428572,-40.50632911392407,166.66666666666666,241.02564102564102,-58.51063829787233,291.6666666666666,-73.62637362637363,-40.50632911392407,True,47.769798743784726,11.61094224924013,2.5395876904690695,4.183375865840322,5.231940509915023,24.825174825174834,-9.92914005773773,-3.836123496256416,3.2305688232739938,2.5395876904690695,True,False
CNXN,rainbow_convergence,85.75,80.46708329356137,85.75,4.578599823462415,8.0,True,True,,,,,,,,,,,,0.0,6.160835809257874,True,35.05154639175259,33.33333333333335,5.128205128205066,-4.90196078431373,92.64705882352942,-17.0731707317073,-15.463917525773208,0.0,-4.90196078431373,True,42.76977976076389,12.41330379508565,2.9698479129757427,-0.8404606028802442,-2.159325640215426,18.30395114882817,2.69255226982712,-0.8643740797779631,-6.663876065726548,-2.159325640215426,True,False
COKE,rainbow_convergence,200.6699981689453,189.8213217752676,200.6699981689453,2.1894543480597948,2.0,True,True,,,,,,,,,,,,0.0,5.406227384595954,True,,-48.698884758364315,,,-178.2608695652174,-15.85365853658537,,,-48.698884758364315,False,42.769777715231484,10.611640193390626,16.87942292830844,9.032204501014895,6.947291991853444,11.141797009532839,-3.0234602534761845,0.8433435699620295,1.7675917088426418,6.947291991853444,True,False
CPAY,rainbow_convergence,412.55999755859375,397.934656607011,412.55999755859375,2.970729440166674,0.0,False,False,,,,,,,,,,,,0.0,3.5450215818623074,False,-7.0351758793969825,49.117647058823536,9.037900874635518,0.2564102564102555,-27.02169625246549,35.56149732620322,-4.347826086956519,-1.7587939698492372,-7.0351758793969825,True,49.76977159612269,,,,,12.502473901539691,,,,,False,False
CTBI,rainbow_convergence,77.83999633789062,76.25747283002005,77.83999633789062,1.5290062748080802,3.0,True,True,,,,,,,,,,,,0.0,2.0330467398804872,True,18.840579710144922,22.95081967213115,20.799999999999976,7.317073170731714,9.333333333333327,-0.6622516556291203,14.39393939393938,-4.347826086956507,7.317073170731714,True,35.43637127636574,,,,,,,,,,False,False
CTKB,rainbow_convergence,4.829999923706055,4.583544452185439,4.829999923706055,2.2889518392954438,1.0,True,True,,,,,,,,,,,,0.0,5.10259783464987,True,,,,,,,-100.0,,,False,49.76972837311343,5.56554537081706,6.459705236751323,8.116431206068619,1.5398058252427127,9.074430723915249,-28.97603836436491,18.83234849788691,14.67260207885619,1.5398058252427127,True,False
CUE,rainbow_convergence,30.549999237060547,28.207187383325177,30.549999237060547,3.6169136714609222,4.0,True,True,,,,,,,,,,,,0.0,7.668778763481206,True,,,,,,-114.5748987854251,,,,False,,166.65538253215976,1250.5938242280286,1292.258883248731,-35.58153477218225,38.53323953570171,-74.08622732658827,921.0330386226152,-27.251184834123222,-35.58153477218225,True,False
CWBC,rainbow_convergence,26.219999313354492,25.95708115017359,26.219999313354492,0.9969317285443627,8.0,True,True,,,,,,,,,,,,0.0,1.002739016270652,True,-75.60975609756098,36.36363636363635,100.0,216.66666666666666,-83.33333333333333,3.44827586206895,1.7543859649123084,39.02439024390243,-75.60975609756098,True,36.76969350387731,,,,,,,,,,False,False
DCOM,rainbow_convergence,41.0099983215332,40.335475353344876,41.0099983215332,1.012907562940183,7.0,True,True,,,,,,,,,,,,0.0,1.6447768734341894,True,17.1875,66.66666666666666,,103.44827586206895,0.0,10.294117647058831,15.254237288135597,-7.812500000000011,17.1875,False,36.436362100185185,5.54090782382457,7.580416556561853,9.722296001180464,7.267397006634768,1.4531345949868824,-3.6401878459577097,2.84644153315039,4.971194945177482,5.54090782382457,True,False
DE,rainbow_convergence,681.4600219726562,638.8263408106232,681.4600219726562,5.928463517918215,10.0,True,True,,,,,,,,,,,,0.0,6.2562263063677985,True,7.36842105263158,-1.3554216867469826,-24.13793103448276,-14.22319474835887,-22.137404580152676,170.6611570247934,-38.26530612244898,-17.47368421052632,-24.13793103448276,True,70.43635880340278,4.909302712597774,4.748099976494546,12.964268923366241,11.225771715721455,-5.6922731692722,39.1010300697118,-22.460669624848727,3.1369612248294265,4.748099976494546,True,False
DG,rainbow_convergence,129.1699981689453,124.19310722131065,129.1699981689453,2.0748927564815367,12.0,True,True,,,,,,,,,,,,0.0,3.8529774856272994,True,33.33333333333333,12.35955056179776,121.83908045977007,43.82022471910112,24.0,3.62694300518136,50.78124999999998,-31.182795698924735,12.35955056179776,True,78.43636208416666,5.244750127636433,3.3632302249745782,5.887768622983858,4.576278243436294,4.666882668109151,-1.138627885486132,2.4579015817718375,-0.7297624839236794,3.3632302249745782,True,False
ECPG,rainbow_convergence,99.73999786376953,96.41113380883321,99.73999786376953,2.1622966043401552,1.0,True,True,,,,,,,,,,,,0.0,3.3375417347442364,True,12.851405622489942,100.0,,151.58730158730157,-27.2020725388601,16.265060240963834,4.731861198738185,27.30923694779115,12.851405622489942,False,49.76964062547454,-18.260089686098656,-8.466758327050162,4.097442143727159,-2.6216406112770096,-11.677488128694646,-3.407282598521011,-3.6482525366403618,-0.5605381165919243,-18.260089686098656,True,False
EFSI,rainbow_convergence,46.58000183105469,42.71219694043543,46.58000183105469,6.421966950117768,6.0,True,True,,,,,,,,,,,,0.0,8.303573934255635,True,-6.122448979591832,,-36.7816091954023,7.216494845360821,33.33333333333335,-37.27272727272728,5.769230769230771,6.1224489795918435,-36.7816091954023,False,36.7696392112037,,,,,,,,,,False,False
EIG,rainbow_convergence,50.209999084472656,48.98759881387231,50.209999084472656,1.3246926640121377,11.0,True,True,,,,,,,,,,,,0.0,2.4345753692283396,True,29.268292682926834,0.0,-181.5789473684211,-129.75206611570246,205.7692307692308,,,-129.26829268292684,-181.5789473684211,True,43.76960502209491,-10.596833130328864,2.4679170779861703,-21.283471837488456,6.830357142857135,6.069364161849711,21.75953079178885,-28.75052235687422,-2.842062525375555,-21.283471837488456,True,False
ELV,rainbow_convergence,424.239990234375,398.33313304070526,424.239990234375,3.884627535078326,9.0,True,True,,,,,,,,,,,,0.0,6.106651374227421,True,-13.082901554404147,-16.753381893860553,36.17021276595764,22.018348623853214,-16.125,212.49999999999974,-51.87969924812026,-31.088082901554404,-16.753381893860553,True,35.43626783804398,1.402282224365159,2.638522427440626,9.473614717662082,12.426284751474315,0.5838863314800324,0.8724144169497627,-1.900968231744593,1.8784153005464432,1.402282224365159,True,False
EOG,rainbow_convergence,148.5399932861328,144.30184427676122,148.5399932861328,2.123835077165278,3.0,True,True,,,,,,,,,,,,0.0,2.853203986085851,True,109.34959349593498,39.622641509433976,-41.777777777777835,-8.47457627118644,39.189189189189186,182.44274809160333,-51.48148148148153,9.756097560975618,-41.777777777777835,True,50.769592286597224,57.35669952537423,22.08502381372377,0.9489704565801338,-1.9782062028499636,24.548475653807245,22.756296559063504,-3.574482640670429,6.736035049288058,-1.9782062028499636,True,False
ESP,rainbow_convergence,63.619998931884766,62.320108958610675,63.619998931884766,1.4534186279520613,3.0,True,True,,,,,,,,,,,,0.0,2.0432096747845407,True,57.14285714285714,39.43661971830987,24.590163934426236,46.57534246575344,0.0,30.263157894736835,-28.971962616822434,69.84126984126986,24.590163934426236,True,0.7695980830439814,,,,,,,,,,False,False
EWTX,rainbow_convergence,44.619998931884766,42.55583587011905,44.619998931884766,2.955237975368067,2.0,True,True,,,,,,,,,,,,0.0,4.626093929129835,True,,,,,,,,,,False,50.43625300332176,,,,,,,,,,False,False
FA,rainbow_convergence,22.280000686645508,20.594619336361422,22.280000686645508,3.1963071951762596,1.0,True,True,,,,,,,,,,,,0.0,7.564548017695047,True,,,,,900.0,-66.66666666666663,199.9999999999997,,,False,50.43622556310185,14.880975237627126,8.633399889449155,36.75811724254699,105.48064222901883,16.50099558412361,-8.289188294759498,2.6557432341604903,4.740510914336471,8.633399889449155,True,False
FANG,rainbow_convergence,205.72000122070312,199.6951882657832,205.72000122070312,2.201478967835712,3.0,True,True,,,,,,,,,,,,0.0,2.928647151064474,True,179.41176470588238,-98.34368530020704,-246.76470588235296,10.03134796238243,8212.5,,-242.16524216524215,47.47899159663864,-246.76470588235296,True,47.76954985085648,-31.1046511627907,-20.385098367517784,-0.1491795126802531,27.411702688455453,-0.3154574132492094,-5.27888446215139,-16.92180388911875,-12.172965116279066,-31.1046511627907,True,False
FBIZ,rainbow_convergence,72.62000274658203,69.45220834824504,72.62000274658203,3.9851229693122137,8.0,True,True,,,,,,,,,,,,0.0,4.362151306151102,True,36.29629629629629,9.090909090909083,-7.100591715976334,37.09677419354838,27.77777777777779,-8.280254777070084,-7.647058823529395,25.92592592592591,-7.100591715976334,True,43.769534003564814,,,,,,,,,,False,False
FBLA,rainbow_convergence,15.970000267028809,15.620729453094087,15.970000267028809,2.0373784853688806,7.0,True,True,,,,,,,,,,,,0.0,2.187043256698094,True,-100.0,-75.0,,,-100.0,,-233.33333333333331,19.999999999999996,-100.0,False,43.76956507815972,,,,,11.523502276359032,-1.5932826964158542,9.293728516765022,,,False,False
FBNC,rainbow_convergence,64.61000061035156,64.03938400405603,64.61000061035156,0.6530121767521919,6.0,True,True,,,,,,,,,,,,0.0,0.8831707180081786,True,31.182795698924725,28.409090909090896,375.0,8.888888888888879,7.964601769911517,197.36842105263128,-22.44897959183666,-47.31182795698925,8.888888888888879,True,35.76956389545139,,,,,,,,,,False,False
FCCO,rainbow_convergence,34.22999954223633,33.611046367927216,34.22999954223633,1.4582997015168198,7.0,True,True,,,,,,,,,,,,0.0,1.8082184708924323,True,19.402985074626855,15.68627450980391,12.727272727272743,34.00000000000001,35.593220338983066,-4.838709677419373,-7.462686567164168,0.0,12.727272727272743,True,35.436196350115736,20.4574332909784,21.28052182122473,7.839855818743557,7.507802813288289,3.984148326374637,12.458716326449416,-0.05567707297673419,3.0659507316473267,7.507802813288289,True,False
FCF,rainbow_convergence,21.3799991607666,20.958228420652123,21.3799991607666,1.3682892240833555,6.0,True,True,,,,,,,,,,,,0.0,1.9727350639398038,True,37.5,15.625,25.714285714285758,25.806451612903224,18.918918918918926,-15.909090909090896,12.820512820512796,21.875,15.625,True,41.769527899988425,,,,,,,,,,False,False
FFIV,rainbow_convergence,411.489990234375,398.6896185277893,411.489990234375,1.5551262479530075,2.0,True,True,,,,,,,,,,,,0.0,3.1107370799700105,True,11.384615384615394,4.0322580645161255,9.929078014184412,16.487455197132572,40.31007751937985,-16.774193548387096,-4.61538461538461,0.0,4.0322580645161255,True,40.769523140833336,10.854722759716552,11.020990996043079,7.302909761262066,8.493130871036092,6.575951706295435,-1.308870286273578,1.527608043550721,3.8084498378974097,7.302909761262066,True,False
FIRY,rainbow_convergence,10.300000190734863,9.611159345392887,10.300000190734863,3.702938427625581,1.0,True,True,,,,,,,,,,,,0.0,6.687775073651049,True,,,,,,,,,,False,57.769522174375005,22.91584040612358,32.91775129013106,68.87625907377188,11.439504966617807,6.483422092423985,-3.018893072540063,9.633228611090816,8.566669310700403,11.439504966617807,True,False
FLNG,rainbow_convergence,31.920000076293945,30.605711090971507,31.920000076293945,3.0668495412508157,11.0,True,True,,,,,,,,,,,,0.0,4.117446686030939,True,,,,,,,,,,False,72.43618510376157,,,,,,,,,,False,False
FMBH,rainbow_convergence,51.02000045776367,50.225379287227454,51.02000045776367,1.3239357425059068,6.0,True,True,,,,,,,,,,,,0.0,1.5574699400366245,True,6.1224489795918435,13.978494623655923,20.9876543209877,16.049382716049365,-1.8867924528301883,8.163265306122458,4.255319148936176,-4.081632653061229,6.1224489795918435,True,43.43618050403935,,,,,,,,,,False,False
FRAF,rainbow_convergence,63.2599983215332,62.48831594531794,63.2599983215332,1.2030826782675186,7.0,True,True,,,,,,,,,,,,0.0,1.2198583570821648,True,11.363636363636353,68.18181818181819,938.4615384615394,25.263157894736832,-0.6756756756756799,9.62962962962961,13.445378151260524,-9.848484848484862,11.363636363636353,True,41.436175269664346,,,,,,,,,,False,False
FTNT,rainbow_convergence,170.17999267578125,157.4973324248925,170.17999267578125,2.4674867576673973,1.0,True,True,,,,,,,,,,,,0.0,7.45249782390762,True,43.85964912280702,28.57142857142856,-1.4705882352940902,-11.428571428571422,13.888888888888884,7.462686567164178,8.064516129032251,8.771929824561408,-11.428571428571422,True,49.769443577743054,25.638036809815958,20.127297525491983,14.752123366062285,14.375704528877398,10.721237024221452,-2.9081364829396272,10.441184996231655,5.822085889570561,14.375704528877398,True,False
FVCB,rainbow_convergence,18.510000228881836,18.244265956122465,18.510000228881836,1.161126616765196,1.0,True,True,,,,,,,,,,,,0.0,1.4356254428605344,True,45.16129032258065,24.99999999999998,14.814814814814836,24.0,28.57142857142858,12.903225806451623,-2.220446049250313e-14,0.0,14.814814814814836,True,34.76944951969907,6.06263832070284,4.630429524171542,5.111605637602001,2.0172035756451434,4.461838237722504,-2.8709822287803943,3.0783983070462595,1.4117094762255977,2.0172035756451434,True,False
FXNC,rainbow_convergence,31.549999237060547,30.766544828214794,31.549999237060547,1.5890831223331583,3.0,True,True,,,,,,,,,,,,0.0,2.483215302032272,True,12.5,200.00000000000006,,72.22222222222223,16.66666666666665,-9.999999999999975,-3.2258064516129226,10.714285714285698,12.5,False,43.4361155503588,,,,,-0.5975013579576305,,,,,False,False
GFR,rainbow_convergence,6.619999885559082,6.269426474467459,6.619999885559082,2.5354680309504984,2.0,True,True,,,,,,,,,,,,0.0,5.2956709539582665,True,,,,,,,,,,False,48.727777809317125,,,,,,,,,,False,False
GM,rainbow_convergence,87.16000366210938,84.9720286174904,87.16000366210938,1.366275664711463,1.0,True,True,,,,,,,,,,,,0.0,2.5102971003776444,True,-26.178010471204193,-15.820895522388067,,-49.626865671641795,-50.0,,-347.40740740740745,-29.31937172774869,-49.626865671641795,False,34.43610928980324,2.083090345004557,-1.284463510699685,-5.995550356659551,-1.0707499720576719,11.215024524130213,-3.991704282054409,-7.391088214027475,3.235438195432594,-5.995550356659551,True,False
GNW,rainbow_convergence,10.600000381469727,10.003034999682999,10.600000381469727,4.517820155115966,11.0,True,True,,,,,,,,,,,,0.0,5.63174868210671,True,0.0,-7.692307692307699,0.0,47.36842105263159,0.0,1099.9999999999989,-96.42857142857143,133.33333333333334,-7.692307692307699,True,54.769443118865745,5.846325167037869,-0.5039193729003411,0.11223344556678949,2.92553191489362,6.978052898142928,-0.39237668161434813,-7.803617571059429,7.7394209354120225,-0.5039193729003411,True,False
GOLD,rainbow_convergence,47.31999969482422,44.40505663257622,47.31999969482422,5.740885215722403,6.0,True,True,,,,,,,,,,,,0.0,6.160065682686028,True,18.604651162790773,,70.37037037037037,-110.8108108108108,-75.5980861244019,354.34782608695645,,-109.30232558139534,-110.8108108108108,False,50.76944259123842,,,,,20.324105334233632,335.5882352941176,,,,False,False
GRDN,rainbow_convergence,46.4900016784668,40.26722812168914,46.4900016784668,7.962974162447079,6.0,True,True,,,,,,,,,,,,0.0,13.385186775891025,False,,,,,,,,,,False,54.769426968587965,2.158950321490183,2.2128220389422637,17.440167292339236,20.049428581425154,4.507791262496474,-15.346716429922335,5.349113868377198,9.610726794333413,2.158950321490183,True,False
GSBC,rainbow_convergence,80.5199966430664,79.08310682118564,80.5199966430664,1.2766217965303492,4.0,True,True,,,,,,,,,,,,0.0,1.7845130176175925,True,-16.860465116279077,7.48299319727892,13.385826771653564,10.63829787234043,-9.493670886075956,9.722222222222188,-7.692307692307665,-9.302325581395344,-16.860465116279077,True,28.769385413680553,,,,,,,,,,False,False
HAFC,rainbow_convergence,32.04999923706055,31.567767926157043,32.04999923706055,0.8315443825794716,3.0,True,True,,,,,,,,,,,,0.0,1.504621910710947,True,58.00000000000001,29.31034482758621,20.68965517241377,48.979591836734706,5.3333333333333455,7.142857142857184,-4.109589041095929,46.0,20.68965517241377,True,34.769367040196755,5.394402646763896,7.292302946166895,9.553372235376,10.873724088454818,0.9390778290222723,-1.3591241704010493,0.05959644691659882,5.7894958058879675,5.394402646763896,True,False
HBT,rainbow_convergence,36.68000030517578,35.217746896542245,36.68000030517578,3.373874709768347,7.0,True,True,,,,,,,,,,,,0.0,3.9865141670328805,True,24.590163934426236,-43.33333333333332,-6.249999999999966,10.526315789473696,123.52941176470588,-43.333333333333336,-4.761904761904745,3.2786885245901676,-43.33333333333332,True,40.43603430491898,,,,,,,,,,False,False
HUM,rainbow_convergence,407.0199890136719,387.129639070242,407.0199890136719,4.312984506015544,14.0,True,True,,,,,,,,,,,,0.0,4.886823861312074,True,-4.563106796116512,,-59.29648241206029,-19.75088967971531,,-506.7901234567901,-64.07982261640798,-56.21359223300971,-59.29648241206029,False,51.43599018386574,25.712143928035978,28.55917667238421,45.058930190389844,27.27272727272727,11.874583055370236,-6.312499999999998,14.28571428571428,4.94752623688155,25.712143928035978,True,False
HVT,rainbow_convergence,27.829999923706055,26.9507375670255,27.829999923706055,2.6204173838397384,1.0,True,True,,,,,,,,,,,,0.0,3.159404811681604,True,6.896551724137945,0.0,54.54545454545456,3800.0,6.896551724137945,70.58823529411762,-56.41025641025641,34.48275862068968,0.0,True,42.43599076320602,7.68733600331446,4.1213436362334654,9.528458989004784,10.556923024449594,3.1161068500396683,-6.373347728544609,3.822936591184889,7.43488468443585,4.1213436362334654,True,False
IBRX,rainbow_convergence,8.369999885559082,7.867272901072512,8.369999885559082,2.7179455375672146,14.0,True,True,,,,,,,,,,,,0.0,6.006296193073239,True,,,,,,,,,,False,48.43596699626158,93.90728476821192,167.6394018284192,406.9518008474576,425.0736980019653,15.911867167352845,15.465587044534423,19.412993980225203,21.328287606433307,93.90728476821192,True,False
IGR,rainbow_convergence,12.359999656677246,6.2783330085425,12.359999656677246,42.05474323702324,5.0,True,True,,,,,,,,,,,,0.0,49.20442408628422,False,,,,,,,,,,False,,,,,,,,,,,False,False
INBK,rainbow_convergence,28.68000030517578,28.103127092435273,28.68000030517578,1.7130328688977914,7.0,True,True,,,,,,,,,,,,0.0,2.0114128542613803,True,1250.0,163.63636363636363,-26.82926829268295,-694.9999999999999,-6.896551724137923,-51.666666666666636,,-23899.999999999996,-694.9999999999999,True,35.76928482989583,,,,,,,,,,False,False
IRD,rainbow_convergence,5.96999979019165,4.295942402551732,5.96999979019165,22.805100704027247,8.0,True,True,,,,,,,,,,,,0.0,28.041163257497832,False,,,,,,,,,,False,56.43592960319444,-73.8029146426093,-50.64073226544623,-10.1580660158066,-20.37755365916731,-64.99768196569309,-44.191461836998705,25.527768756089642,6.835530881332419,-73.8029146426093,True,False
ISTR,rainbow_convergence,30.799999237060547,30.238985684591196,30.799999237060547,1.5942827028027091,8.0,True,True,,,,,,,,,,,,0.0,1.8214726180717025,True,32.6086956521739,22.222222222222232,-18.032786885245955,0.0,-20.779220779220786,54.00000000000007,-7.407407407407451,17.391304347826097,-18.032786885245955,True,33.435921194340274,,,,,,,,,,False,False
ITIC,rainbow_convergence,302.5400085449219,289.93513806712156,302.5400085449219,3.1561247287522893,4.0,True,True,,,,,,,,,,,,0.0,4.16634829172642,True,19.29012345679013,91.61676646706589,-9.977324263038579,31.09756097560976,141.5625,-19.39546599496219,-38.449612403100794,-0.462962962962965,-9.977324263038579,True,50.435900979166675,-0.8772715065795356,10.681096341606878,11.306917688266193,24.66493974546684,17.68519502603889,-7.473694561903821,-8.13081579185112,-0.9130785068480862,-0.8772715065795356,True,False
KB,rainbow_convergence,132.8800048828125,121.78884264926306,132.8800048828125,6.3340427306748355,14.0,True,True,,,,,,,,,,,,0.0,8.346750320584944,True,,,,,,,,,,False,43.43587811355324,,,,,,,,,,False,False
LQDT,rainbow_convergence,43.040000915527344,40.94553657084001,43.040000915527344,2.8447077302074133,2.0,True,True,,,,,,,,,,,,0.0,4.866320399941538,True,39.13043478260869,4.545454545454541,27.77777777777779,19.999999999999996,39.13043478260869,0.0,-4.1666666666666625,4.347826086956519,4.545454545454541,True,64.4358284987963,8.094264859228373,3.7439312567132177,-0.9090091636625219,10.437962348144069,7.326972136633203,-0.40175220056262173,2.651412505927775,-1.490719499478621,-0.9090091636625219,True,False
LTC,rainbow_convergence,42.63999938964844,40.568259050558694,42.63999938964844,4.082171623113117,14.0,True,True,,,,,,,,,,,,0.0,4.85867816309747,True,75.00000000000003,6.666666666666665,476.31578947368433,-166.66666666666666,16.666666666666675,-78.08219178082192,,-237.5,-166.66666666666666,True,48.76914415769676,64.10856573705179,94.59321653647692,60.30770986269065,24.21347005360055,3.613839075159042,13.189707330383316,21.652475104632707,15.023240371845947,24.21347005360055,True,False
LXP,rainbow_convergence,60.810001373291016,59.82368036523575,60.810001373291016,1.618030123290421,0.0,False,False,,,,,,,,,,,,0.0,1.6219716917955465,False,-106.38297872340425,-110.00000000000001,745.4545454545457,500.0,,-103.2258064516129,675.0000000000002,-74.46808510638299,-110.00000000000001,True,43.435810069016206,-0.6153846153846176,0.20618556701030855,2.935420743639927,6.8560235063663155,-0.30864197530864335,-7.604562737642584,-3.574702108157657,11.897435897435905,-0.6153846153846176,True,False
MBWM,rainbow_convergence,61.77000045776367,59.7070262179316,61.77000045776367,2.745397515060277,9.0,True,True,,,,,,,,,,,,0.0,3.3397672406408154,True,7.913669064748219,9.090909090909104,17.50000000000005,19.672131147540984,13.636363636363624,-6.382978723404264,-3.424657534246567,5.035971223021596,7.913669064748219,True,34.43580916125,,,,,,,,,,False,False
MCK,rainbow_convergence,910.9500122070312,869.7147685272478,910.9500122070312,2.9249072464068275,14.0,True,True,,,,,,,,,,,,0.0,4.526619806489663,True,-17.599999999999994,37.57575757575764,37.98561151079136,377.0053475935828,-62.187958883994135,42.0229405630866,7.5112107623318325,42.72,-17.599999999999994,True,49.769140089687504,7.720772383902186,6.024905585589546,11.400507901861602,10.142977651066198,9.434550080481863,-9.290868328340773,2.9161415414445058,5.441238103999924,6.024905585589546,True,False
MD,rainbow_convergence,26.90999984741211,26.33371670289483,26.90999984741211,1.957010876101139,8.0,True,True,,,,,,,,,,,,0.0,2.1415204302674873,True,6.521739130434767,50.0,8.108108108108048,265.2173913043478,36.111111111111114,-9.999999999999986,-52.380952380952394,82.6086956521739,6.521739130434767,True,47.43579632958333,4.039509943605979,3.8914911674037267,-1.710512695973443,-3.5767805649133955,2.4332417743954116,-3.5593422862014945,0.18179051483642183,5.125585482591233,-3.5767805649133955,True,False
MDGL,rainbow_convergence,540.0599975585938,529.4144879546672,540.0599975585938,1.6167745815036334,14.0,True,True,,,,,,,,,,,,0.0,1.9711716572326974,True,,,,,,,,,,False,49.43579196414352,71.16944389620399,126.83934426229509,210.76558265582656,362.0313630880579,16.996052509017566,-3.0353522297972835,11.771238007714047,34.99309217018638,71.16944389620399,True,False
MET,rainbow_convergence,97.75,94.9761345638383,97.75,2.1091587595312475,3.0,True,True,,,,,,,,,,,,0.0,2.8377140011884396,True,5.825242718446599,35.9375,-32.571428571428584,-32.59668508287293,-37.35632183908045,47.4576271186441,-3.27868852459019,18.446601941747566,-32.59668508287293,True,54.76911062662037,19.86754966887416,20.130932896890343,7.913669064748197,12.09386281588447,-1.3623978201634857,22.33333333333334,-3.3816425120772986,2.81456953642385,7.913669064748197,True,False
MFC,rainbow_convergence,43.54999923706055,42.923433068114456,43.54999923706055,1.2704589644388828,7.0,True,True,,,,,,,,,,,,0.0,1.4387283121072725,True,,,,,,,,,,False,49.76910400579861,,,,,,,,,,False,False
MFG,rainbow_convergence,11.329999923706055,10.629054357879049,11.329999923706055,5.282055652904936,11.0,True,True,,,,,,,,,,,,0.0,6.186633455843181,True,,,,,,,,,,False,58.76910439679398,,,,,,,,,,False,False
MSBI,rainbow_convergence,33.59000015258789,32.52381775090722,33.59000015258789,2.578433497342264,8.0,True,True,,,,,,,,,,,,0.0,3.1741065699236923,True,86.36363636363636,,,-71.08433734939759,10.81081081081081,,-191.66666666666657,-45.45454545454546,-71.08433734939759,False,43.76905650388888,,,,,,,,,,False,False
MUFG,rainbow_convergence,23.889999389648438,22.577215805032722,23.889999389648438,4.560499826074332,11.0,True,True,,,,,,,,,,,,0.0,5.495117698431361,True,,,,,,,,,,False,57.76904309267361,,,,,,,,,,False,False
MUR,rainbow_convergence,38.20000076293945,36.61075469981689,38.20000076293945,4.066605546243288,13.0,True,True,,,,,,,,,,,,0.0,4.160329925083161,True,893.75,-26.0,-77.14285714285715,-102.15053763440861,329.72972972972974,362.5000000000003,,-112.5,-102.15053763440861,True,49.769030591759254,35.61403380351798,8.862991095982053,-8.436707518511765,-4.275667214131229,26.486917528954578,19.454104168433695,-14.963535034939234,5.5486666715466315,-8.436707518511765,True,False
MVBF,rainbow_convergence,31.3799991607666,30.105527497534197,31.3799991607666,3.3479947903304734,8.0,True,True,,,,,,,,,,,,0.0,4.061413949385425,True,520.0,44.44444444444444,-55.55555555555555,725.0,138.46153846153845,21.87499999999998,-75.75757575757575,780.0000000000001,-55.55555555555555,True,42.769026991874995,-5.720749838396899,9.797471923311885,11.524366085578453,11.941036802532645,-12.612342720191727,3.761268262356232,-0.49049933716305283,4.487949025764149,-5.720749838396899,True,False
NBBK,rainbow_convergence,22.889999389648438,22.35556728222579,22.889999389648438,2.17677786612982,7.0,True,True,,,,,,,,,,,,0.0,2.334784279917176,True,35.897435897435905,9.090909090909083,-52.49999999999997,104.76190476190474,47.22222222222223,89.47368421052614,-55.81395348837206,10.256410256410241,-52.49999999999997,True,35.769029330370365,,,,,,,,,,False,False
NBN,rainbow_convergence,132.22999572753906,130.3228128450476,132.22999572753906,0.8612877568170305,2.0,True,True,,,,,,,,,,,,0.0,1.4423224261620897,True,,,,,,,,,,False,41.43569591680556,,,,,,,,,,False,False
NECB,rainbow_convergence,26.90999984741211,26.588033698220233,26.90999984741211,0.9865381291024575,7.0,True,True,,,,,,,,,,,,0.0,1.1964554106931342,True,-12.195121951219512,-5.128205128205132,5.405405405405417,-8.42105263157894,-2.7027027027027084,-5.128205128205154,-10.344827586206872,6.0975609756097615,-12.195121951219512,True,36.72735968108796,,,,,,,,,,False,False
NET,rainbow_convergence,330.3599853515625,288.6259948861717,330.3599853515625,6.9106826885466415,4.0,True,True,,,,,,,,,,,,0.0,12.632883011233426,False,,,,,,,,,,False,43.76899636267361,35.86555953747297,33.536288816018796,33.604162227739785,30.6790333006264,8.801181702370432,4.108659461975206,9.337629686829985,9.703190999305122,30.6790333006264,True,False
NHC,rainbow_convergence,227.75999450683594,220.91212572926855,227.75999450683594,1.8229005799231854,4.0,True,True,,,,,,,,,,,,0.0,3.006616149774211,True,67.10526315789474,9.661835748792269,315.78947368421063,-8.424908424908429,11.894273127753308,43.670886075949355,-36.8,64.4736842105263,-8.424908424908429,True,51.43566199521991,4.131014534235677,2.2671021302131944,4.5731843825557394,12.874459190565734,2.313110963886378,-1.038572491343004,0.7269757324341208,2.1026616283517985,2.2671021302131944,True,False
NKSH,rainbow_convergence,42.849998474121094,40.652656074145746,42.849998474121094,4.236885228146995,7.0,True,True,,,,,,,,,,,,0.0,5.127987113704134,True,119.44444444444446,52.941176470588246,86.00000000000003,64.28571428571428,1.2820512820512775,-16.129032258064523,34.782608695652215,91.66666666666666,52.941176470588246,True,36.76898584993055,5.743755193821176,4.028529267092962,6.873022151898733,2.7379908408847298,2.2837959241571726,-2.1513833626353285,2.4943095599393006,3.0845187466392865,2.7379908408847298,True,False
NRC,rainbow_convergence,22.309999465942383,21.09650070465354,22.309999465942383,1.9299222317855986,1.0,True,True,,,,,,,,,,,,0.0,5.439259481567111,True,,-43.99999999999999,18262.962962962964,-25.0,-207.1428571428571,-99.71762807583703,27444.444444444445,,-43.99999999999999,False,40.768957469074074,3.977907045067286,3.731632440165722,-4.644105454249869,-3.3808872386163813,1.6923828405597252,-1.1081749211490965,1.6903606102635305,1.674598977613262,-4.644105454249869,True,False
NVGS,rainbow_convergence,23.479999542236328,21.92360014796067,23.479999542236328,4.853356871524418,11.0,True,True,,,,,,,,,,,,0.0,6.628617651699581,True,,,,,,,,,,False,49.7689493778125,,,,,,,,,,False,False
NWBI,rainbow_convergence,15.550000190734863,15.332618929748747,15.550000190734863,1.0389897625721591,6.0,True,True,,,,,,,,,,,,0.0,1.397950214274839,True,38.46153846153846,0.0,15.384615384615397,-92.3076923076923,5.88235294117645,13.33333333333333,1400.0000000000002,-92.3076923076923,-92.3076923076923,True,40.76894849641204,,,,,,,,,,False,False
OBK,rainbow_convergence,54.40999984741211,53.12451843025082,54.40999984741211,1.9893259410268336,8.0,True,True,,,,,,,,,,,,0.0,2.3625830192359887,True,131.9148936170213,25.35211267605635,111.11111111111103,-54.99999999999999,22.47191011235956,-6.315789473684208,251.85185185185182,-42.553191489361694,-54.99999999999999,True,42.7689164940162,,,,,,,,,,False,False
OBT,rainbow_convergence,38.380001068115234,37.80117349814437,38.380001068115234,1.1652590687630775,6.0,True,True,,,,,,,,,,,,0.0,1.5081489157428185,True,17.24137931034484,10.389610389610393,46.87499999999996,167.85714285714283,19.999999999999996,-9.57446808510638,25.333333333333318,-13.793103448275856,10.389610389610393,True,42.76892570361111,,,,,,,,,,False,False
OFG,rainbow_convergence,52.900001525878906,51.91499941415141,52.900001525878906,1.4456903358533038,2.0,True,True,,,,,,,,,,,,0.0,1.8620077189329172,True,20.869565217391294,26.0,15.454545454545432,15.999999999999993,10.317460317460302,-0.7874015748031815,9.482758620689701,0.8695652173912993,15.454545454545432,True,35.4355601415625,14.074154536896222,18.77990733473429,23.11709232473067,20.91033233374735,0.7311172452013848,2.3071974529238037,4.101612381455055,6.331016004055323,14.074154536896222,True,False
OKE,rainbow_convergence,96.97000122070312,93.28226612262566,96.97000122070312,3.2521032108533015,13.0,True,True,,,,,,,,,,,,0.0,3.802964887753487,True,14.179104477611926,18.26923076923077,-1.273885350318471,26.271186440677962,24.390243902439025,-20.645161290322577,4.026845637583887,11.194029850746269,-1.273885350318471,True,41.768892258506945,52.770381640674536,19.582245430809397,29.499999999999993,71.8893091777822,25.275525057184446,6.1003861003861015,4.99189251795229,9.471281856219104,19.582245430809397,True,False
OOMA,rainbow_convergence,22.809999465942383,21.492601635157175,22.809999465942383,5.67595338532541,12.0,True,True,,,,,,,,,,,,0.0,5.775527670450911,True,150.0,,,,11.111111111111116,-40.000000000000014,200.00000000000006,25.0,150.0,False,82.7688828387037,25.4113676089446,24.78894031893464,14.573636265880152,3.8355827844058554,2.5619539365857813,8.802155958382496,10.290573012939008,1.9001265746489082,3.8355827844058554,True,False
ORRF,rainbow_convergence,42.58000183105469,41.973142550602105,42.58000183105469,1.1082050905977376,4.0,True,True,,,,,,,,,,,,0.0,1.4252213582808821,True,7.920792079207928,20.430107526881724,217.14285714285722,,-2.67857142857143,0.9009009009009139,-1.7699115044247815,11.88118811881187,7.920792079207928,False,34.76887704078704,,,,,,,,,,False,False
OSBC,rainbow_convergence,25.510000228881836,24.955934461294873,25.510000228881836,2.156103766738726,0.0,False,False,,,,,,,,,,,,0.0,2.171955165095067,False,12.500000000000021,11.627906976744185,26.190476190476208,-64.0,12.500000000000021,-9.433962264150985,194.4444444444446,-62.5,-64.0,True,35.768887630694444,,,,,,,,,,False,False
OSCR,rainbow_convergence,33.810001373291016,30.69617916550504,33.810001373291016,6.286220268454347,7.0,True,True,,,,,,,,,,,,0.0,9.209766581807392,True,,124.99999999999996,,,-46.859903381642496,,,,124.99999999999996,False,54.435558338738424,-6.187471140526402,32.05542725173209,86.3050706566916,79.64890794039601,6.593214410633097,-36.218627997769104,1.8634246108396813,35.46252116361397,-6.187471140526402,True,False
PAM,rainbow_convergence,86.6500015258789,83.52041682708204,86.6500015258789,3.40015095174685,8.0,True,True,,,,,,,,,,,,0.0,3.6117537722860615,True,,,,,,,,,,False,47.76884688030093,,,,,,,,,,False,False
PBR,rainbow_convergence,21.149999618530273,18.960064170659823,21.149999618530273,9.671302348247005,12.0,True,True,,,,,,,,,,,,0.0,10.354304904817914,False,,,,,,,,,,False,55.76882874371528,,,,,,,,,,False,False
PFG,rainbow_convergence,116.9000015258789,112.14334083295192,116.9000015258789,3.02331393354334,10.0,True,True,,,,,,,,,,,,0.0,4.06899968420785,True,819.047619047619,-41.326530612244895,,20.134228187919454,-16.086956521739125,142.10526315789474,-46.92737430167598,752.3809523809524,-41.326530612244895,False,40.768810731701386,-4.513109120917768,-3.6889730639730667,22.24731039978749,-14.834833441588568,-22.889855135796534,24.31279878313777,0.280554571949998,-0.6656024243080205,-14.834833441588568,True,False
PFIS,rainbow_convergence,71.9000015258789,69.34388816468355,71.9000015258789,3.0756694191940985,8.0,True,True,,,,,,,,,,,,0.0,3.5550950027105883,True,-11.904761904761907,-1.342281879194629,155.31914893617028,,0.6802721088435382,22.499999999999986,-20.529801324503303,-10.119047619047617,-11.904761904761907,False,43.7688351171875,,,,,,,,,,False,False
PHVS,rainbow_convergence,38.86000061035156,35.553376814933046,38.86000061035156,5.8844257020303905,5.0,True,True,,,,,,,,,,,,0.0,8.509067790744439,True,,,,,,,,,,False,57.43547014775463,,,,,,,,,,False,False
PKBK,rainbow_convergence,34.619998931884766,33.87620578581103,34.619998931884766,1.738128952944993,6.0,True,True,,,,,,,,,,,,0.0,2.1484493617032046,True,49.2753623188406,52.3076923076923,52.45901639344268,43.5483870967742,4.040404040404044,6.4516129032257785,4.494382022471921,28.98550724637683,43.5483870967742,True,42.435468031064815,,,,,,,,,,False,False
PLBC,rainbow_convergence,62.88999938964844,61.26244156092178,62.88999938964844,2.2016223722668684,9.0,True,True,,,,,,,,,,,,0.0,2.5879437820356395,True,34.28571428571428,14.999999999999991,20.000000000000018,-44.27480916030535,2.1739130434782705,-11.538461538461553,113.69863013698631,-30.476190476190478,-44.27480916030535,True,35.435468125104165,39.76624206729671,3.2447808688105706,7.664694878406397,19.617275466511597,42.9578780237228,0.5588166236205616,-5.890931589181547,3.310048851755476,3.2447808688105706,True,False
PLMR,rainbow_convergence,137.55999755859375,131.76064121156088,137.55999755859375,2.28946400147727,10.0,True,True,,,,,,,,,,,,0.0,4.215874127623934,True,15.476190476190489,0.0,58.91472868217047,62.60869565217393,23.566878980891715,-23.414634146341452,9.625668449197855,11.309523809523814,0.0,True,50.76877734626157,54.65124857976205,59.72811553371928,62.666606743881445,64.75088045359354,12.721464985050446,10.094212651413192,3.5571813945884045,20.33780759526047,54.65124857976205,True,False
PLUS,rainbow_convergence,92.87000274658203,88.32227341622465,92.87000274658203,2.7059461820941406,9.0,True,True,,,,,,,,,,,,0.0,4.896876489566765,True,-27.95031055900622,-18.94736842105256,46.15384615384617,12.820512820512842,50.649350649350545,-42.105263157894704,0.7575757575757569,-18.012422360248447,-27.95031055900622,True,54.768772751365745,-11.969006112662894,-0.8352512112373311,-14.708669209793968,-4.694003060684504,-1.0406539716948715,-0.5412722675625425,-8.819987394390505,-1.9074010694399957,-14.708669209793968,True,False
PLX,rainbow_convergence,2.7699999809265137,2.4832225716911083,2.7699999809265137,7.695227863687165,14.0,True,True,,,,,,,,,,,,0.0,10.35297513393786,False,,,-160.0,0.0,-77.27272727272727,,-300.0,,-160.0,False,57.435434244675925,27.066036530846848,233.72886383862354,-49.92864200241519,-0.6013697867364498,-41.04888888888889,269.98465248848936,-48.899221332138254,14.005620130284836,-49.92864200241519,True,False
PM,rainbow_convergence,194.86000061035156,188.0449841846983,194.86000061035156,1.2801259011602248,1.0,True,True,,,,,,,,,,,,0.0,3.497391154832635,True,-7.692307692307687,-9.302325581395344,,13.197969543147202,15.384615384615374,14.705882352941234,-39.01345291479823,14.358974358974352,-9.302325581395344,False,35.43543143313657,10.374753451676533,9.085044618858195,6.758705955079325,9.423872464937944,10.309481569091261,-2.084539664157503,-4.453665283540797,6.952662721893499,6.758705955079325,True,False
PNTG,rainbow_convergence,40.11000061035156,38.623362376780115,40.11000061035156,1.94698688489926,4.0,True,True,,,,,,,,,,,,0.0,3.7064029193451997,True,25.0,9.090909090909083,56.25,-15.000000000000002,4.166666666666674,-3.999999999999959,47.05882352941168,-15.000000000000002,-15.000000000000002,True,49.76876379253472,35.755190181365926,35.98993528464274,53.168477225081,26.759386345523772,4.4224218892362055,-1.3683668425946038,26.32040831474116,4.345310499724375,26.759386345523772,True,False
PPIH,rainbow_convergence,29.829999923706055,27.42790988026715,29.829999923706055,7.410743018163895,10.0,True,True,,,,,,,,,,,,0.0,8.052598221865734,True,209.99999999999997,-63.934426229508205,165.21739130434767,148.38709677419354,40.90909090909092,-63.93442622950819,-20.779220779220797,670.0,-63.934426229508205,True,85.43543257515046,,,,,11.893800408459976,7.586027111574567,14.258967703501968,,,False,False
QCRH,rainbow_convergence,102.63999938964844,101.11213617626004,102.63999938964844,1.0900705887253046,3.0,True,True,,,,,,,,,,,,0.0,1.4885651037352696,True,28.07017543859649,30.921052631578938,18.64406779661012,31.70731707317074,10.050251256281406,-5.2380952380952195,-2.777777777777801,26.315789473684227,18.64406779661012,True,35.768718602905096,14.059877979231029,17.929202613466867,19.918236293378634,30.068850845465445,2.816765970981683,5.224629897725674,-5.608963173845161,11.691673949345383,14.059877979231029,True,False
RBCAA,rainbow_convergence,96.51000213623047,94.72204595557882,96.51000213623047,1.7709152300148852,6.0,True,True,,,,,,,,,,,,0.0,1.8526123107196966,True,,,,,20.3125,,,,,False,30.43538450806713,3.9546235890007164,-11.849593495934963,2.534523933132582,3.750316348911764,-12.978761560730668,18.58006501199987,0.3684373681883457,0.3713357374941939,-11.849593495934963,True,False
RGA,rainbow_convergence,249.0500030517578,241.83291152369088,249.0500030517578,2.701464318815019,0.0,False,False,,,,,,,,,,,,0.0,2.897848399771779,False,159.62962962962962,16.627634660421563,212.6696832579185,63.519313304721024,40.76305220883532,-27.930535455861083,81.3648293963255,41.1111111111111,16.627634660421563,True,43.768675014178235,18.53902482586176,23.46007604562739,26.597977485212752,9.78587860555653,2.2020326455189476,-2.125094197437827,6.9471308833011,10.805500982318271,9.78587860555653,True,False
ROIV,rainbow_convergence,41.02000045776367,36.362091708693136,41.02000045776367,9.48815728345414,5.0,True,True,,,,,,,,,,,,0.0,11.355213791054346,False,,,-265.21739130434787,,-176.47058823529412,,,,-265.21739130434787,False,54.43531729515046,-33.54838709677419,-66.7107001321004,-77.83322244400088,-64.89385474860335,-42.77777777777778,26.063031515757885,27.243793761935066,-27.6036866359447,-77.83322244400088,True,False
SCSC,rainbow_convergence,58.59000015258789,55.21283278138373,58.59000015258789,4.2105095098666885,14.0,True,True,,,,,,,,,,,,0.0,5.764067865521231,True,40.22988505747127,5.405405405405417,7.14285714285714,28.98550724637683,56.41025641025643,4.0000000000000036,-15.73033707865169,2.298850574712641,5.405405405405417,True,50.435279465520836,17.25014331652901,8.788148349925585,2.543822918352845,-4.632662007787724,24.298699774384126,0.03626818627757711,3.6317177043196036,-9.009381389272297,-4.632662007787724,True,False
SFL,rainbow_convergence,13.039999961853027,12.062326538383878,13.039999961853027,5.941494155077319,11.0,True,True,,,,,,,,,,,,0.0,7.497495600684176,True,,,,,,,,,,False,55.43527450240741,,,,,,,,,,False,False
SFST,rainbow_convergence,63.099998474121094,62.37764804708029,63.099998474121094,0.9766427109950468,3.0,True,True,,,,,,,,,,,,0.0,1.1447709104732477,True,48.14814814814814,83.07692307692307,72.46376811594205,98.14814814814814,0.8403361344537785,0.0,11.214953271028016,32.09876543209877,48.14814814814814,True,41.43526320383102,10.330877577152187,9.854907873352792,7.790091264667542,7.537058152793619,5.971053757307865,-0.20455717817819963,-0.6485703177464441,5.008629168445089,7.537058152793619,True,False
SHBI,rainbow_convergence,23.520000457763672,23.146430176466573,23.520000457763672,1.0263074422678895,3.0,True,True,,,,,,,,,,,,0.0,1.5883089882074697,True,21.739130434782616,24.390243902439025,23.076923076923062,26.470588235294112,9.80392156862746,6.25,11.627906976744185,-6.521739130434789,21.739130434782616,True,36.768608827013885,1.3616266640753993,3.813984610237542,3.5321317468195,3.6384695766030095,-0.3962712309473537,-2.046041786019104,3.9018938519661317,-0.010931882227194212,1.3616266640753993,True,False
SMBK,rainbow_convergence,52.08000183105469,50.56088186485464,52.08000183105469,2.3069545400922946,3.0,True,True,,,,,,,,,,,,0.0,2.9168969139594214,True,39.13043478260869,20.895522388059696,42.10526315789473,50.0,18.518518518518512,0.0,0.0,17.391304347826097,20.895522388059696,True,34.76855984107639,,,,,,,,,,False,False
SPNT,rainbow_convergence,24.6200008392334,24.03085424429746,24.6200008392334,1.4952920145730406,13.0,True,True,,,,,,,,,,,,0.0,2.392959280476956,True,15.999999999999993,67.3469387755102,,2333.333333333333,-29.268292682926834,-57.29166666666667,163.01369863013701,46.0,15.999999999999993,False,43.76855861325232,-0.5479818230419653,6.503506118520552,58.893603133159274,34.45393098541445,-3.937516137361219,-20.44777652254288,28.813335097235093,1.0291365944934405,-0.5479818230419653,True,False
SRCE,rainbow_convergence,87.37000274658203,85.7429254832244,87.37000274658203,1.3289798572796105,2.0,True,True,,,,,,,,,,,,0.0,1.862283635353653,True,29.13907284768211,7.2368421052631415,31.49606299212593,21.27659574468086,19.631901840490794,-2.395209580838331,-2.3391812865497075,13.245033112582782,7.2368421052631415,True,36.76855775122685,,,,,,,,,,False,False
STNG,rainbow_convergence,85.45999908447266,79.2624333198555,85.45999908447266,5.554114678141825,11.0,True,True,,,,,,,,,,,,0.0,7.252007759198767,True,,,,,,,,,,False,43.43520943849537,,,,,,,,,,False,False
SU,rainbow_convergence,68.72000122070312,65.54322463530559,68.72000122070312,4.40779069141727,10.0,True,True,,,,,,,,,,,,0.0,4.622783074748364,True,,,,,,,,,,False,48.76854198899306,,,,,,,,,,False,False
SUNE,rainbow_convergence,3.240000009536743,2.569428537756072,3.240000009536743,19.364255848930668,4.0,True,True,,,,,,,,,,,,0.0,20.69665030268163,False,,,-99.79591122766577,,,-101.13647125674781,,,-99.79591122766577,False,55.43518306137732,-37.52427807971278,-43.06674765867313,76.9849851217093,29.047002843925963,13.4483961176179,-73.56051132117567,43.26377003328905,45.38630372618291,-43.06674765867313,True,False
TD,rainbow_convergence,120.93000030517578,120.03332511165004,120.93000030517578,0.5481171164767009,2.0,True,True,,,,,,,,,,,,0.0,0.7414828340882426,True,,,,,,,,,,False,78.43514876990741,,,,,,,,,,False,False
TEVA,rainbow_convergence,38.720001220703125,35.93096094203522,38.720001220703125,3.8489455587673307,1.0,True,True,,,,,,,,,,,,0.0,7.203099666165914,True,-304.16666666666663,72.22222222222223,,,-258.06451612903226,-26.190476190476176,13.513513513513487,54.16666666666667,-304.16666666666663,False,49.768483209363424,-0.8141762452107293,2.338730403495237,11.397493497280674,3.416435826408115,4.018081366147674,-15.474421566546381,5.156249999999996,7.279693486590033,-0.8141762452107293,True,False
THG,rainbow_convergence,231.19000244140625,222.04583836329377,231.19000244140625,2.13329669188247,1.0,True,True,,,,,,,,,,,,0.0,3.955259302542728,True,25.116279069767455,48.57142857142858,18.695652173913068,75.00000000000003,3.4615384615384492,-4.761904761904779,11.428571428571432,13.953488372093027,18.695652173913068,True,42.768480625069444,4.339941972920691,6.125249500997998,5.522943886890119,6.36938606018016,1.4576231338897294,1.7705467161143629,0.40840840840841164,0.6407156673114089,4.339941972920691,True,False
TITN,rainbow_convergence,24.25,20.691791749495405,24.25,12.815241560639205,12.0,True,True,,,,,,,,,,,,0.0,14.673023713421014,False,,,,-28.57142857142857,,,-3279.9999999999995,,-28.57142857142857,False,69.43513030633102,-9.158056168630335,-12.1067880794702,-15.539246842763921,-5.194579773588459,-4.976635827107034,-18.61132534062493,-0.41504398690478395,17.95009754294268,-15.539246842763921,True,False
TLYS,rainbow_convergence,4.920000076293945,4.1127965353609035,4.920000076293945,8.324690284170416,6.0,True,True,,,,,,,,,,,,0.0,16.406575780809305,False,19.999999999999996,-37.5,-94.11764705882352,-33.333333333333336,259.99999999999994,150.0,-90.9090909090909,46.66666666666668,-94.11764705882352,True,77.76844612854167,51.943574541636075,-13.053359546018594,-14.2938716867137,30.555171937577686,31.102166487596005,-10.652138093088903,-7.7147352832284355,40.55812138164314,-14.2938716867137,True,False
TMP,rainbow_convergence,98.87999725341797,97.1079563361932,98.87999725341797,1.3921219413374355,2.0,True,True,,,,,,,,,,,,0.0,1.7921126278788577,True,36.00000000000001,32.84671532846715,383.4532374100721,26.923076923076916,12.08791208791209,-72.91666666666667,307.2727272727273,9.999999999999986,26.923076923076916,True,37.43508230375,7.283871840980716,10.784513915831173,14.879540631631505,15.788948954271543,2.266171469647671,-1.7449020247020885,5.655106433867485,1.0547788928205515,7.283871840980716,True,False
TRST,rainbow_convergence,58.619998931884766,56.338528884312566,58.619998931884766,3.112427877956325,8.0,True,True,,,,,,,,,,,,0.0,3.891965351659628,True,24.0506329113924,21.333333333333336,44.06779661016955,26.470588235294112,7.692307692307687,7.058823529411762,-1.1627906976744096,8.860759493670889,21.333333333333336,True,34.76841206024306,,,,,,,,,,False,False
TRV,rainbow_convergence,378.04998779296875,363.6362456646127,378.04998779296875,2.3202607761801475,2.0,True,True,,,,,,,,,,,,0.0,3.8126550968834896,True,57.1209800918836,357.64705882352945,22.321428571428605,52.02952029520296,31.87660668380463,-29.014598540145986,33.00970873786409,26.186830015313944,22.321428571428605,True,30.435080651446757,0.305381313965003,0.9652836579170154,3.530979347101937,4.754704301075274,1.9204964776920574,-4.086229086229087,-0.30473135525260764,2.921756355232752,0.305381313965003,True,False
TSAT,rainbow_convergence,49.11000061035156,45.9402765064291,49.11000061035156,3.9925107645769495,3.0,True,True,,,,,,,,,,,,0.0,6.4543352973494725,True,,,,,,,,,,False,55.43509974262731,,,,,,,,,,False,False
TSBK,rainbow_convergence,46.810001373291016,45.39505294584599,46.810001373291016,2.384882798777168,6.0,True,True,,,,,,,,,,,,0.0,3.0227481006919414,True,8.888888888888879,5.882352941176472,20.93023255813955,32.50000000000004,8.888888888888879,-13.461538461538458,-1.8867924528301883,17.777777777777782,5.882352941176472,True,43.768414151631944,,,,,,,,,,False,False
TTE,rainbow_convergence,91.13999938964844,87.91980906984035,91.13999938964844,3.3961036085387004,9.0,True,True,,,,,,,,,,,,0.0,3.533234958715424,True,,,,,,,,,,False,43.76841229946759,,,,,,,,,,False,False
UFCS,rainbow_convergence,55.43000030517578,53.20993845130569,55.43000030517578,3.361751827544897,9.0,True,True,,,,,,,,,,,,0.0,4.005162983307423,True,48.27586206896552,71.6417910447761,18.852459016393432,96.05263157894737,12.17391304347828,-20.68965517241381,-2.6845637583892468,71.26436781609196,18.852459016393432,True,48.76839950214121,14.383571852280209,11.575132506832976,9.793952127260441,9.615313161838479,3.8663714466682153,0.9939694810910726,3.3297741922727164,5.528015667430752,9.615313161838479,True,False
UNM,rainbow_convergence,94.91999816894531,91.13102785376539,94.91999816894531,3.4566554537725627,13.0,True,True,,,,,,,,,,,,0.0,3.9917513572177348,True,-16.145833333333325,33.01886792452828,-44.50261780104717,-93.35260115606935,14.184397163120588,33.01886792452835,360.86956521739114,-88.02083333333334,-93.35260115606935,True,48.768374843194444,0.25584577854464996,8.5263294087204,0.23172464932337267,5.0170966739198075,0.44110634239389324,3.4246786473906443,-3.975254558370822,0.5057416552626925,0.23172464932337267,True,False
UTMD,rainbow_convergence,74.62999725341797,70.66337933466825,74.62999725341797,1.3475820519950201,1.0,True,True,,,,,,,,,,,,0.0,5.315044974851654,True,-10.638297872340418,-10.869565217391308,-8.045977011494232,-19.60784313725491,2.4390243902439046,2.499999999999969,-2.43902439024386,-12.765957446808507,-19.60784313725491,True,36.43504193398148,-14.307244047020994,-10.175077239958807,-1.2338938632889263,-1.9290354822588673,-2.212795230451736,-3.571033720287453,-7.816958825927434,-1.4166582939817096,-14.307244047020994,True,False
UVE,rainbow_convergence,44.70000076293945,42.901208512522125,44.70000076293945,3.1141419149934815,14.0,True,True,,,,,,,,,,,,0.0,4.024143668267446,True,68.59504132231406,30.555555555555557,895.652173913044,,8.510638297872353,-17.903930131004408,65.94202898550732,14.049586776859503,30.555555555555557,False,36.76834037277778,6.7206309775804,-0.32973127660705925,6.007395876915567,3.464549456333832,8.503804962331518,-3.520491461686681,1.7320022644464528,0.209926001084626,-0.32973127660705925,True,False
VBNK,rainbow_convergence,22.940000534057617,20.435944425049705,22.940000534057617,8.097690801547005,6.0,True,True,,,,,,,,,,,,0.0,10.915675896738945,False,,,,,,,,,,False,84.43500108394676,,,,,,,,,,False,False
VOYA,rainbow_convergence,103.13999938964844,99.62878334373829,103.13999938964844,3.2775213385460056,13.0,True,True,,,,,,,,,,,,0.0,3.4043204059418937,True,-41.56626506024096,23.239436619718322,42.42424242424241,83.6734693877551,-44.57142857142857,24.113475177304956,-21.666666666666657,8.433734939759052,-41.56626506024096,True,48.768325853807866,-1.8484288354898348,-3.3457249070631967,7.664884135472372,5.535055350553497,2.115384615384608,-13.907284768211925,5.594405594405605,5.73012939001849,-3.3457249070631967,True,False
WABC,rainbow_convergence,59.95000076293945,58.754562802438635,59.95000076293945,0.7924201418883229,2.0,True,True,,,,,,,,,,,,0.0,1.994058290721203,True,4.464285714285698,-2.5862068965517238,-5.882352941176572,-14.50381679389312,3.539823008849563,0.8928571428572063,-7.771561172376096e-14,0.0,-14.50381679389312,True,29.726626372291665,,,,,,,,,,False,False
WASH,rainbow_convergence,39.86000061035156,38.86919379132607,39.86000061035156,2.365791980675599,3.0,True,True,,,,,,,,,,,,0.0,2.485717019201909,True,22.058823529411754,4.761904761904767,,-12.49999999999999,25.757575757575736,-21.42857142857141,49.99999999999996,-17.647058823529406,-12.49999999999999,False,33.76827373467593,-2.7379857186664913,-10.928033176553885,-2.311856490818387,-6.363445441180882,0.8482756271221081,-4.314803546592493,-1.706717932286661,2.543041135497437,-10.928033176553885,True,False
WTBA,rainbow_convergence,29.510000228881836,28.238499583352727,29.510000228881836,3.3978603134208343,7.0,True,True,,,,,,,,,,,,0.0,4.308711066307191,True,36.170212765957466,32.6086956521739,7.317073170731714,57.14285714285716,4.918032786885251,38.63636363636365,-20.000000000000018,17.021276595744705,7.317073170731714,True,43.434917849560186,,,,,,,,,,False,False
XOM,rainbow_convergence,165.0800018310547,158.2719633180288,165.0800018310547,3.729156971579492,4.0,True,True,,,,,,,,,,,,0.0,4.1240843454759135,True,,,,,112.19512195121952,,,,,False,44.43491125960649,,,,,42.34166809805413,,,,,False,False
ZD,rainbow_convergence,57.349998474121094,54.37381084380952,57.349998474121094,3.3510005535484493,2.0,True,True,,,,,,,,,,,,0.0,5.18951649432835,True,2623.809523809524,3.5087719298245723,-97.38562091503267,,2808.4745762711864,1374.9999999999986,,-114.28571428571428,-97.38562091503267,False,50.768239058449076,-2.7357252131084198,-1.896882880769457,25.94695547486452,2.8652638723909662,7.13530438161567,-48.52443945239625,42.95360877179959,23.374253314925554,-2.7357252131084198,True,False
ABBV,vcp,266.9700012207031,246.77000427246094,261.7699890136719,,,,False,,,,,,2.0,10%->8%,9.821663795030315,7.566392049997754,0.6741745065486073,32.0,-1.9477889587798365,5.730215597949049,False,290.38461538461536,-45.83333333333333,,-88.63636363636364,420.51282051282044,-61.764705882352935,919.9999999999998,-80.76923076923077,-88.63636363636364,False,43.436848593969906,7.313606409096773,17.741243745532522,19.210829493087566,21.352095442031207,0.8377853326857698,-0.5073689296931638,4.335770103352665,2.51970538829307,7.313606409096773,True,False
AEM,vcp,208.63999938964844,192.92999267578125,197.5500030517578,,,,False,,,,,,3.0,16%->14%->8%,16.300217963308075,7.529719497615485,0.6934757610212414,51.0,-5.315374027191858,2.3386536596337724,False,,,,,,,,,,False,42.77018364347222,,,,,,,,,,False,False
AHR,vcp,57.459999084472656,53.38999938964844,53.400001525878906,,,,False,,,,,,2.0,9%->7%,8.832751846771988,7.083187886656353,0.49874246498614666,25.0,-7.0657807575407325,0.01873059165667154,False,166.66666666666669,,,,23.076923076923084,85.71428571428585,-78.78787878787881,450.0000000000001,166.66666666666669,False,50.77018279956019,26.578493272290203,22.646105202181932,13.516412959686663,11.581388911025648,4.059255420513086,8.117208375370355,6.001037480876148,6.138823224313517,11.581388911025648,True,False
AIR,vcp,130.9199981689453,119.94000244140625,120.08000183105469,,,,False,,,,,,2.0,21%->8%,20.6632027165803,8.386797953793094,0.7943769968051119,19.0,-8.279862885349406,0.11658843064093902,False,34.020618556701066,,,89.99999999999999,-23.976608187134484,89.99999999999999,-5.263157894736836,-2.0618556701030966,34.020618556701066,False,13.770143786412035,,,,,,,,,,False,False
ALTO,vcp,4.230000019073486,3.880000114440918,3.9600000381469727,,,,False,,,,,,2.0,13%->8%,12.500004063952966,8.274229386628472,0.6691094202167036,15.0,-6.3829782437129365,2.020200074126503,False,,,,,199.99999999999994,-82.14285714285714,47.36842105263159,,,False,49.77012197875,128.34768804274427,49.25046525372814,40.56885804011807,-29.75876995799669,26.16083467514956,2.4977357351313234,36.288825696965255,29.567937068322102,-29.75876995799669,True,False
AM,vcp,23.19499969482422,21.565000534057617,21.6200008392334,,,,False,,,,,,2.0,9%->7%,8.734681280228598,7.027373064076061,0.8296156787594827,35.0,-6.790251676279474,0.2543954812248354,False,-7.692307692307699,0.0,-52.17391304347827,14.28571428571428,-4.0000000000000036,127.2727272727273,-54.16666666666667,-7.692307692307699,-52.17391304347827,True,42.77012173438658,7.12733081919128,7.928444091794362,3.314004250774838,9.245562678326591,4.147849693358929,5.793524666334471,0.7404492895689341,-3.4867352817934183,3.314004250774838,True,False
AMAT,vcp,474.0400085449219,419.6000061035156,424.2099914550781,,,,False,,,,,,2.0,21%->11%,20.9748516895046,11.484263239406998,0.7771304865588039,19.0,-10.51177457421754,1.0867224828321083,False,42.79279279279278,33.460076045627375,75.17241379310346,12.918660287081352,-9.686609686609682,38.188976377952756,7.627118644067776,6.3063063063063085,12.918660287081352,True,57.77012177844907,24.82881402355519,11.40845070422536,-2.149037119732067,-3.477643718949608,15.233881163084707,12.806617227609806,3.117647058823536,-6.874828814023559,-3.477643718949608,True,False
AMG,vcp,376.75,342.54998779296875,349.9800109863281,,,,False,,,,,,3.0,14%->11%->9%,14.275637847373263,9.0776409308643,0.838686002651207,42.0,-7.105504714975945,2.122985016321297,False,148.21428571428572,74.54545454545452,119.59595959595947,81.74603174603176,80.98958333333334,-64.67341306347745,58.22416302765643,145.35714285714286,74.54545454545452,True,47.436788461041665,29.90673154906731,9.72613773660893,6.160595079153164,2.2463206816421444,17.581207561020374,-2.1020481494789744,5.41666666666667,7.055961070559613,2.2463206816421444,True,False
AMKR,vcp,52.150001525878906,46.79999923706055,47.119998931884766,,,,False,,,,,,3.0,24%->14%->10%,24.409444060219716,10.258872736875139,0.8413607706917593,19.0,-9.64525876667147,0.6791165154455978,False,266.6666666666667,58.13953488372094,4.081632653061229,-18.518518518518523,-51.470588235294116,33.33333333333333,131.81818181818184,144.44444444444446,-18.518518518518523,True,40.7701200222338,27.476760683275646,15.893753552535795,6.735052688858811,3.415592750880281,-10.770129541335328,-4.978540167732948,31.46609218521734,14.362938160906502,3.415592750880281,True,False
AMLX,vcp,35.474998474121094,31.3700008392334,33.63999938964844,,,,False,,,,,,2.0,20%->12%,19.834710667169606,11.57152307668816,0.5322946526159493,15.0,-5.1726544422863965,6.747914957196918,False,,,,,,,,,,False,50.43678905140046,,-100.0,,-100.0,,,,,-100.0,False,False
ANDE,vcp,71.19999694824219,63.369998931884766,71.68000030517578,,,,True,,,,,,2.0,18%->11%,17.517775700530823,10.997188696580038,0.8234311620138391,28.0,0.6741620470609363,11.593193830791568,False,16400.0,-25.954198473282418,-26.250000000000007,-78.0952380952381,70.10309278350515,64.40677966101696,156.52173913043475,2200.0,-78.0952380952381,True,48.770118367986115,3.604358447284528,1.7215562847384902,-3.4684260682986134,23.992535137341807,46.52457393246119,14.999348920874201,10.941227062293812,-44.57838055232818,-3.4684260682986134,True,False
APEI,vcp,47.52000045776367,43.91999816894531,44.43000030517578,,,,False,,,,,,2.0,19%->8%,19.437197791342882,7.57576231931665,0.5795183149656145,25.0,-6.5025255109884075,1.1478778589408587,False,,129.2682926829268,6.349206349206371,650.0,-44.680851063829785,40.29850746268653,123.33333333333339,,6.349206349206371,False,54.7701097147338,5.507907056756323,6.190785835394497,-3.5220279081104144,6.5914760778986725,-1.7208620906728922,10.363165540327168,-2.9929847134148257,0.2758561370310719,-3.5220279081104144,True,False
ARCO,vcp,8.34000015258789,7.699999809265137,7.940000057220459,,,,False,,,,,,2.0,9%->8%,9.112426015468484,7.673864887450424,0.6243059339550844,21.0,-4.796164125288561,3.0226731262687005,False,,,,,,,,,,False,63.43676601131945,,,,,,,,,,False,False
AROW,vcp,40.803119951084696,36.95000076293945,38.93000030517578,,,,False,,,,,,2.0,12%->9%,12.154575303603046,9.443197463244015,0.7864359799713878,41.0,-4.5906284817299134,5.086050672270571,False,1.538461538461533,115.78947368421053,214.81481481481475,45.28301886792452,-19.512195121951216,-3.52941176470587,10.389610389610372,18.461538461538463,1.538461538461533,True,43.4367352953125,,,,,,,,,,False,False
ASB,vcp,32.205493194622505,29.770000457763672,29.940000534057617,,,,False,,,,,,2.0,18%->8%,18.39801448397647,7.562351932140256,0.6400570427386165,150.0,-7.034491435588906,0.5678025159036497,False,-3.076923076923077,18.644067796610166,,30.35714285714284,-9.999999999999998,-12.50000000000001,9.589041095890426,12.307692307692308,-3.076923076923077,False,36.77005949866898,,,,,8.90721809864865,18.273333946655157,4.028416829241355,,,False,False
ATEN,vcp,27.219999313354492,24.09000015258789,25.610000610351562,,,,False,,,,,,2.0,15%->11%,14.75467016719612,11.498895076132431,0.7246130897920028,24.0,-5.914763936871383,5.93518321568992,False,-14.285714285714302,30.76923076923077,-45.83333333333337,0.0,-29.41176470588236,30.76923076923088,-23.529411764705955,21.42857142857142,-45.83333333333337,True,48.77005500043982,15.499473934537278,13.400970712309302,8.289310549296536,11.931775602883654,6.8493333333333295,-6.664177711405639,7.596207921587528,7.6373174985227,8.289310549296536,True,False
ATRO,vcp,77.70999908447266,69.8499984741211,70.97000122070312,,,,False,,,,,,2.0,23%->10%,23.47025024753533,10.114529279311341,0.8429229292599248,21.0,-8.673269776316674,1.5781354478197582,False,2400.0,157.6923076923077,,,11.940298507462677,-19.277108433734945,,-1133.3333333333335,157.6923076923077,False,50.770055643553235,27.007787842367037,11.985762567011115,15.11796298072312,3.804161061964284,12.721414974481714,-3.9355679872702165,13.535306719887252,3.307145858372662,3.804161061964284,True,False
AVBH,vcp,34.04999923706055,31.1200008392334,31.81999969482422,,,,False,,,,,,2.0,12%->9%,11.702750041796492,8.604988145309832,0.47787556533431125,51.0,-6.549191166527728,2.1998707174867786,False,-5.333333333333334,18.309859154929576,-46.753246753246735,-995.6521739130435,-15.476190476190476,104.87804878048772,,-649.3333333333334,-995.6521739130435,True,36.77005571087963,,,,,13.213386942813333,,,,,False,False
AWR,vcp,89.5570031331955,82.68940458916443,87.12000274658203,,,,False,,,,,,2.0,9%->8%,9.04725651475876,7.668410402050961,0.7842970195193465,98.0,-2.7211723275163457,5.0856267421220105,False,25.287356321839095,8.571428571428585,-1.3333333333333086,11.578947368421066,43.42105263157896,2.702702702702675,-30.188679245283,21.839080459770123,-1.3333333333333086,True,49.77005555701389,11.175842910232658,14.308202657874647,14.801045437392556,12.939634817223178,7.151089596964377,2.9906621702236347,-10.091070294883863,12.050335446996918,11.175842910232658,True,False
B,vcp,45.810001373291016,41.880001068115234,42.43000030517578,,,,False,,,,,,2.0,13%->9%,12.566737142781085,8.578913310112062,0.6434416582434472,13.0,-7.37830379128935,1.296250843989402,False,,,,,,,,,,False,54.43671765928241,,,,,,,,,,False,False
BALL,vcp,67.33545870591831,59.34000015258789,60.709999084472656,,,,False,,,,,,2.0,20%->12%,20.20994007983195,11.874068591779977,0.6236441217551417,102.0,-9.839480934379267,2.256628154414122,False,9.210526315789469,22.222222222222232,217.3913043478255,81.53846153846152,7.792207792207795,5.47945205479452,-38.13559322033898,55.263157894736835,9.210526315789469,True,48.43670693271991,,,,,11.34649910233394,-2.4518388791593737,15.446825717751711,,,False,False
BCAX,vcp,24.229999542236328,22.510000228881836,23.200000762939453,,,,False,,,,,,4.0,15%->10%->9%->7%,14.87940673603329,7.098635352247074,0.7856830314168198,17.0,-4.250923643235902,2.974140135201417,False,,,-101.88732394366198,,,,,,-101.88732394366198,False,55.4366968052199,,,,,,,,,,False,False
BDSX,vcp,27.899999618530273,25.600000381469727,27.399999618530273,,,,False,,,,,,2.0,23%->8%,23.123602346252074,8.243724976730688,0.4599867285998673,12.0,-1.7921147198436385,6.569340372702889,False,,,-133.33333333333331,,,,,,-133.33333333333331,False,48.77002809287037,34.18423418922969,42.30426550840851,40.75578834010476,19.927276734064247,5.110545881432205,-11.128499391410184,32.097574421168694,8.742132081126996,19.927276734064247,True,False
BELFA,vcp,210.4199981689453,188.5500030517578,189.33999633789062,,,,False,,,,,,2.0,23%->10%,22.964141393069664,10.393496486787427,0.5745427944403805,19.0,-10.018060077222149,0.41723529175685287,False,,,,,,,,,,False,42.7700057653125,25.18493871027161,17.244708942576747,17.402358216723712,44.76131933547938,18.03676375839678,1.4510793575009284,-1.6996312437143835,6.3464429378665255,17.244708942576747,True,False
BELFB,vcp,252.8800048828125,229.0800018310547,230.38999938964844,,,,False,,,,,,2.0,24%->9%,24.340562494981317,9.411579639436898,0.8337828246983677,27.0,-8.893548346610554,0.5686000095768953,False,,,,,,,,,,False,42.76999688689815,25.18493871027161,17.244708942576747,17.402358216723712,44.76131933547938,18.03676375839678,1.4510793575009284,-1.6996312437143835,6.3464429378665255,17.244708942576747,True,False
BFH,vcp,114.28087504517413,100.7699966430664,109.2300033569336,,,,False,,,,,,2.0,17%->12%,17.086710585955725,11.822519206968796,0.6079775253687244,52.0,-4.419699872129937,7.745130874181348,False,20.74829931972788,49.280575539568375,1412.4999999999995,7819.999999999999,-14.457831325301218,242.97520661157,-69.44444444444441,34.6938775510204,20.74829931972788,True,36.43666214369213,697.0246734397679,724.7145187601957,546.4477611940299,-34.02523402523403,8.624270596380178,-6.621721462874031,567.9827267119063,17.634252539912907,-34.02523402523403,True,False
BFLY,vcp,7.795000076293945,7.059999942779541,7.409999847412109,,,,False,,,,,,2.0,21%->9%,21.35076742730675,9.429122852091783,0.8254572544620727,11.0,-4.939066390168407,4.723345638863993,False,,,,,,,,,,False,44.43665290805556,39.468844887311306,24.994110718492337,40.98514674302076,4.513399153737652,22.924990576705607,-15.812521816393232,46.647121783237935,-8.099901637942096,4.513399153737652,True,False
BKD,vcp,13.319999694824219,11.59000015258789,11.90999984741211,,,,False,,,,,,2.0,17%->13%,16.72263712142285,12.987984848892737,0.544174333714692,26.0,-10.585584682558185,2.6868152722415912,False,,,,,,,,,,False,50.76996817872685,-11.607318585290006,-6.021644893987199,-3.4387692906569955,3.6979367915252803,-6.0498969740709345,1.4272775373859625,-7.264454323538272,0.027185144364194613,-11.607318585290006,True,False
BKH,vcp,76.01381782291242,69.85267149902351,70.62000274658203,,,,False,,,,,,2.0,13%->8%,13.441148769329,8.105297826564081,0.7078580751711462,104.0,-7.095834982129469,1.0865636048076404,False,31.578947368421062,-7.4866310160427885,2.2058823529411686,-2.857142857142847,-71.09826589595376,24.460431654676285,308.8235294117646,-10.526315789473683,-7.4866310160427885,True,49.76996932427083,1.1246270369520417,-4.797601199400303,6.426251922748238,7.225288509784256,-42.178477690288716,22.37032278785933,45.694899391670575,-1.9049804911636437,-4.797601199400303,True,False
BKU,vcp,48.400001525878906,44.11000061035156,44.470001220703125,,,,False,,,,,,2.0,13%->9%,12.558572495598582,8.863637975782979,0.5459821923940784,55.0,-8.119835085282915,0.8095358679323879,False,6.593406593406592,6.41025641025641,-2.1978021978022455,17.28395061728394,16.867469879518083,-6.741573033707837,-6.315789473684241,4.39560439560438,-2.1978021978022455,True,35.436636377442134,-5.724653780641342,-4.570706845702166,-5.240435032644363,-7.853879993244495,1.0305668701345638,-4.41442245476249,-2.2078990375488994,-0.17272850042038268,-7.853879993244495,True,False
BLZE,vcp,14.1899995803833,12.149999618530273,12.84000015258789,,,,False,,,,,,2.0,35%->14%,34.59787553976422,14.37632150936204,0.6362720999536738,18.0,-9.513738320765643,5.373835871166623,False,,,,,,,,,,False,50.76996951483796,17.673150035814643,11.709473319273101,11.768188006866742,14.032342201356297,10.466559768271866,2.393940998887767,1.6145524998654626,2.380296435065299,11.709473319273101,True,False
BNY,vcp,163.1207417987554,151.67999267578125,157.66000366210938,,,,False,,,,,,3.0,12%->9%->7%,12.371848836642856,7.013669136625668,0.7460211646678858,148.0,-3.347666321541761,3.7929790989630106,False,26.943005181347157,41.77215189873418,30.519480519480567,25.333333333333318,9.375,11.442786069651723,6.914893617021312,-2.590673575129532,25.333333333333318,True,29.436633613715276,,,,,1.9486474094452033,,,,,False,False
BOW,vcp,33.20000076293945,30.049999237060547,33.720001220703125,,,,True,,,,,,3.0,17%->13%->9%,17.278206565235365,9.487956185215497,0.6628332462101412,81.0,1.5662664030542395,10.883754005884498,False,33.33333333333333,41.17647058823528,2.220446049250313e-14,25.0,0.0,9.090909090909038,-2.222222222222192,25.0,2.220446049250313e-14,True,48.436637005624995,22.957610139348517,26.873431337396923,27.109084966772535,23.270612618939545,5.24297660796178,2.647714236738352,5.3817080287913655,8.005973150837065,22.957610139348517,True,False
BPOP,vcp,178.26144933737996,162.07000732421875,165.67999267578125,,,,False,,,,,,2.0,16%->9%,16.154306766705513,9.082974514875099,0.8157278814249668,147.0,-7.057867367490589,2.1788903374874424,False,40.77669902912622,47.65625,39.84063745019923,45.370370370370374,15.07936507936507,7.692307692307643,11.783439490445913,1.6181229773462924,39.84063745019923,True,36.43662949539352,,,,,3.1305828553258586,2.6266043927379634,,,,False,False
BTE,vcp,4.900000095367432,4.510000228881836,5.03000020980835,,,,True,,,,,,2.0,12%->8%,12.446350701666924,7.959180793778151,0.6714244298769785,30.0,2.653063508382846,10.337971356592178,False,,,,,,,,,,False,50.76995919186343,,,,,,,,,,False,False
BTG,vcp,5.669458389282227,5.119999885559082,5.21999979019165,,,,False,,,,,,2.0,12%->10%,12.033895493995246,9.691551926051051,0.7043610668190583,13.0,-7.9277166923078735,1.9157070622965848,False,,,,,,,,,,False,49.769946273252316,,,,,,,,,,False,False
BTX,vcp,9.373000144958496,8.59000015258789,8.670000076293945,,,,False,,,,,,3.0,12%->10%->8%,12.499807464595385,8.353781929596595,0.3901786509680485,46.0,-7.5002673401501765,0.9227211418924374,False,,,,,,,,,,False,,,,,,,,,,,False,False
BWB,vcp,22.6200008392334,20.81999969482422,21.389999389648438,,,,False,,,,,,2.0,12%->8%,12.350601578936791,7.957564445741119,0.7472872222632317,41.0,-5.437671989169768,2.6647952832577766,False,18.421052631578938,87.09677419354837,61.5384615384615,40.74074074074075,-22.413793103448263,38.095238095238116,10.526315789473673,0.0,18.421052631578938,True,34.76993481738426,,,,,,,,,,False,False
BWMX,vcp,17.475358920304394,15.152000427246094,15.520000457763672,,,,False,,,,,,2.0,18%->13%,18.20349711504087,13.295054503051269,0.7540751471253961,44.0,-11.189232057882466,2.37113414731564,False,,,,,,,,,,False,36.769933225879626,,,,,,,,,,False,False
C,vcp,140.8800048828125,129.61000061035156,136.17999267578125,,,,False,,,,,,2.0,14%->8%,14.314680074998243,7.999718825844454,0.6111194252645281,59.0,-3.3361811784013193,4.824491422224991,False,-9.022556390977455,23.178807947019877,28.947368421052634,24.0506329113924,-34.946236559139784,-5.102040816326525,0.0,47.36842105263157,-9.022556390977455,True,27.436597395381945,2.8964663474667196,3.732462719491747,2.6919438047805277,-3.4539387480563954,-3.844845185437229,2.178107671180496,4.09865730520067,0.606237142493038,-3.4539387480563954,True,False
CCBG,vcp,53.32083305843875,49.48093846017508,50.59000015258789,,,,False,,,,,,2.0,9%->7%,8.579655240058127,7.201490258142081,0.7658824681045453,48.0,-5.121512079261614,2.1922547718278182,False,-7.07070707070706,2.564102564102555,20.779220779220786,6.024096385542177,14.999999999999968,-13.978494623655891,5.681818181818188,-11.111111111111105,-7.07070707070706,True,34.436566734340275,,,,,,,,,,False,False
CCEP,vcp,110.56999969482422,102.44999694824219,104.66999816894531,,,,False,,,,,,2.0,10%->7%,9.747516503507562,7.343766635609504,0.5038081718614165,33.0,-5.335987647791488,2.1209527653949842,False,,,,,,,,,,False,156.4365650246065,,,,,,,,,,False,False
CFR,vcp,169.7119796060328,157.63999938964844,163.38999938964844,,,,False,,,,,,3.0,13%->9%->7%,13.036752045982421,7.113216311781938,0.7508405200898758,146.0,-3.7251231357150654,3.519187233906245,False,12.970711297071125,15.217391304347828,8.474576271186486,19.19642857142856,1.8867924528301883,3.515624999999978,-4.119850187265895,11.715481171548102,8.474576271186486,True,43.436549391342595,-0.3436807271010256,-0.5888506170385388,2.756115952542304,2.513330532702085,3.08396325992748,-5.542886425246197,-0.8622581709628707,3.2381094232533547,-0.5888506170385388,True,False
CGAU,vcp,23.75,21.489999771118164,21.780000686645508,,,,False,,,,,,2.0,11%->10%,11.337686112339721,9.515790437397204,0.768129668295413,10.0,-8.294733950966284,1.3315009475879354,False,,,,,,,,,,False,41.769874895,,,,,,,,,,False,False
CIEN,vcp,355.19000244140625,318.42999267578125,319.6400146484375,,,,False,,,,,,2.0,26%->10%,25.58272707415417,10.349393145345948,0.7387872875578854,11.0,-10.008724217634262,0.3785577265684702,False,422.85714285714295,2383.3333333333335,232.25806451612905,-49.99999999999998,22.818791946308735,44.66019417475729,692.3076923076924,-62.857142857142854,-49.99999999999998,True,85.43652552310185,37.04687198874843,39.51236279596901,33.08731091339787,20.271289693553673,6.391259146172601,10.069570482158197,5.551692919442841,10.874252184502842,20.271289693553673,True,False
CIFR,vcp,17.510000228881836,15.399999618530273,15.635000228881836,,,,False,,,,,,2.0,22%->12%,21.600821383208462,12.050260324218764,0.8020702138322624,4.0,-10.70816662187865,1.5030419373928527,False,,,-4875.000000000002,,,,,,-4875.000000000002,False,47.43651801060185,-42.988637667852636,-28.842500868073284,41.418184401866284,197.51472906812714,-28.70715884953212,-41.65564133911674,-16.729189618865657,64.59772753357053,-42.988637667852636,True,False
CLDT,vcp,13.890000343322754,12.529999732971191,13.010000228881836,,,,False,,,,,,2.0,12%->10%,12.17579625449225,9.791220854831343,0.6514018421736494,33.0,-6.335493827859799,3.6894733855965423,False,85.7142857142857,,,-40.0,,-360.0,66.66666666666667,-57.14285714285715,-40.0,False,49.43651438123843,3.91820470959352,0.5026458076342166,2.37108764619538,1.2260774395835172,-13.841953726326894,0.8071323673955577,26.351854828105136,-5.305902210907886,0.5026458076342166,True,False
CLMT,vcp,51.5,45.72999954223633,56.54999923706055,,,,True,,,,,,2.0,14%->11%,14.368070424558057,11.20388438400713,0.6228819237424574,29.0,9.805823761282616,19.133509886474474,False,,,,,,,-111.91135734072022,,,False,51.436499634375,40.76563413208649,3.601972029379219,9.383886255924168,-2.035623409669207,40.34184713994367,-0.8569227806662805,-3.6549165120593696,5.006818624586007,-2.035623409669207,True,False
CMBT,vcp,16.020000457763672,14.829999923706055,19.420000076293945,,,,True,,,,,,2.0,14%->7%,13.534531912661235,7.428217853020815,0.5840117109397315,57.0,21.22346767401341,23.635428087309425,False,,,,,,,,,,False,71.43648834973379,,,,,,,,,,False,False
CMDB,vcp,24.760000228881836,22.829999923706055,24.209999084472656,,,,False,,,,,,2.0,16%->8%,16.186694774963158,7.794831532046961,0.7771186440677966,27.0,-2.221329318759937,5.700120664819351,False,,,,,,,,,,False,58.436491990219906,,,,,,,,,,False,False
COGT,vcp,37.665000915527344,32.849998474121094,33.40999984741211,,,,False,,,,,,2.0,20%->13%,19.543672877440518,12.783757664589016,0.8169885980193669,28.0,-11.29696260371287,1.6761489848806224,False,,,,,,,,,,False,48.43644052119213,-100.0,-69.41176470588235,-83.17399617590821,130.29806747461512,-100.0,-40.90909090909091,-92.49039965865452,-54.00968079539508,-100.0,True,False
CON,vcp,35.83495432698202,33.31999969482422,35.810001373291016,,,,True,,,,,,2.0,8%->7%,8.323188023870019,7.018160562476735,0.7649576744928924,32.0,-0.06963299984511949,6.953369402336776,True,45.71428571428573,30.000000000000004,124.99999999999983,2.7027027027026973,30.76923076923077,44.44444444444444,-28.947368421052634,8.571428571428585,2.7027027027026973,True,50.769783369027785,10.030229581415618,13.739935137553116,15.920961807668576,16.98438438193115,6.404122516701638,5.653149810788749,-5.886871508379887,3.997022431620323,10.030229581415618,True,False
COP,vcp,121.56915137739175,112.45990685309664,136.6699981689453,,,,True,,,,,,2.0,15%->7%,15.49538632995845,7.493055944774126,0.7408579287940267,64.0,12.421610762647697,17.714269144806195,False,107.05128205128203,-20.17937219730942,-38.54166666666667,-21.590909090909093,81.46067415730336,50.847457627118686,-14.492753623188415,-11.538461538461553,-38.54166666666667,True,50.43644241328704,43.31669439822519,-6.7615166793286825,-10.67618449952934,13.962231906348798,33.98518518518519,18.556248353385428,-14.620979230711551,5.673084541636952,-10.67618449952934,True,False
CPIX,vcp,6.900000095367432,6.239999771118164,6.699999809265137,,,,False,,,,,,2.0,31%->10%,31.441044602390683,9.565221958364653,0.27655579399141633,10.0,-2.8985548309857627,6.865672406600052,False,,-375.0,,,,,,,-375.0,False,48.769773190347216,-18.787983755826943,-22.041542535230985,31.077193778317213,-8.732986962330113,-3.614768822503922,-33.24402384416416,64.95482228103404,-23.48358175323646,-22.041542535230985,True,False
CRGY,vcp,14.119999885559082,13.071000099182129,14.59000015258789,,,,True,,,,,,3.0,24%->12%->7%,23.83333369972054,7.429177017556456,0.6779664207552035,64.0,3.3286138161338865,10.411240832895606,False,,,,,,,,,,False,47.76977005497685,55.343029879184805,24.485882556000394,-1.1700135612352058,16.339004986078187,17.933599925602152,36.735764951771465,-0.1766717171775456,-3.497170881854106,-1.1700135612352058,True,False
CRSR,vcp,13.630000114440918,12.670000076293945,13.029999732971191,,,,False,,,,,,2.0,23%->7%,23.11111126303056,7.043287087942556,0.7349922836762416,21.0,-4.402057053792899,2.762852371871511,False,,,2199.9999999999723,,-45.45454545454546,-52.17391304347826,,,2199.9999999999723,False,48.7697610934375,-1.8046808616984045,-4.121162947937796,5.616708935431536,13.663424271611667,-11.333043733357407,-18.849046022135497,26.3452133397732,8.013132903483777,-4.121162947937796,True,False
CSTM,vcp,28.100000381469727,25.100000381469727,25.290000915527344,,,,False,,,,,,2.0,17%->11%,16.52032495514164,10.676156438696424,0.7993766424249833,22.0,-9.999997963684763,0.7512871774589863,False,446.1538461538461,,1139.9999999999998,-50.98039215686274,79.74683544303795,27.419354838709676,148.0,-3.8461538461538547,-50.98039215686274,False,42.43639645584491,24.355735219807983,27.89076118535736,20.199778024417302,8.850931677018625,11.812812358019077,1.6158818097876226,2.9957203994293913,6.265790803436078,8.850931677018625,True,False
CSX,vcp,53.453661916968564,47.83000183105469,48.90999984741211,,,,False,,,,,,2.0,13%->11%,12.618219971003281,10.520626434629126,0.8161910644997972,135.0,-8.500188586919046,2.2081333464051647,False,22.72727272727273,26.470588235294112,0.0,-19.56521739130436,25.581395348837212,10.25641025641022,5.405405405405439,-15.909090909090907,-19.56521739130436,True,36.76970956678241,10.10072747621713,1.7236342389716608,-0.87595365922577,-0.8842221608179046,13.009764503159094,-0.7411630558722959,-2.2023975466963996,0.36373810856182853,-0.8842221608179046,True,False
CURR,vcp,3.799999952316284,3.319999933242798,3.4000000953674316,,,,False,,,,,,2.0,42%->13%,41.73228183854894,12.631579607807705,0.03868494861566455,6.0,-10.526312157057612,2.352945878843816,False,,,,,,,,,,False,50.436397850520834,,,,,-10.69429282230564,-14.075012879534176,2.885994139541892,,,False,False
CVGI,vcp,3.309999942779541,3.0,3.130000114440918,,,,False,,,,,,3.0,37%->13%->9%,37.090166777700674,9.365557345575708,0.27073076993466444,28.0,-5.438061373121049,4.153358136989674,False,-116.66666666666667,-65.38461538461539,,100.0,-155.55555555555557,-86.95652173913044,213.63636363636363,-26.66666666666666,-116.66666666666667,False,54.76969259865741,13.53951010723673,1.0012073382608344,-5.22377091345565,-11.225927392124447,13.84471850491269,10.812085654101145,1.4905993219183067,-11.32091930493847,-11.225927392124447,True,False
DAR,vcp,68.58999633789062,63.689998626708984,64.91999816894531,,,,False,,,,,,2.0,16%->7%,15.747361737399915,7.143895571947674,0.4979892828077213,16.0,-5.350631819348742,1.8946389046953214,False,2912.5,,-44.44444444444443,9.090909090909083,190.36144578313255,137.1428571428571,191.66666666666669,50.0,-44.44444444444443,False,43.436359932106484,16.372396420428224,12.329982601691736,20.604319835112396,9.991975474913328,11.17195343627666,-9.298051993245993,9.324563321709034,5.565102820215473,9.991975474913328,True,False
DGXX,vcp,3.9049999713897705,3.559999942779541,3.7300000190734863,,,,False,,,,,,3.0,22%->12%->9%,21.779861145465595,8.83482794207155,0.5547126436781609,11.0,-4.481432870638474,4.5576427727786575,False,,,,,,,,,,False,57.43636212256944,,,,,-2.3962701944504117,-16.27458515128798,-12.55996413336069,,,False,False
DINO,vcp,98.38999938964844,91.37999725341797,106.91000366210938,,,,True,,,,,,2.0,15%->7%,14.561664743768898,7.124710010891603,0.5983510175682728,33.0,8.659421003469712,14.526242518683489,False,348.18181818181813,,,,38.48314606741572,,-106.9767441860465,95.45454545454544,348.18181818181813,False,43.43635254907407,53.15448113207548,11.821036106750382,-0.5538461538461492,0.6105175523796413,45.86550610697739,10.194925742574256,-10.853675355123427,6.883844339622636,-0.5538461538461492,True,False
DOC,vcp,21.690462966136817,20.06999969482422,20.3700008392334,,,,False,,,,,,2.0,11%->7%,10.806101321718998,7.470856080123638,0.6101939724248547,33.0,-6.08775446132674,1.4727596075075562,False,59.999999999999986,366.6666666666667,699.9999999999994,-241.66666666666669,-71.42857142857143,74.99999999999997,,-440.00000000000006,-241.66666666666669,True,36.769672469050924,44.676031361403126,30.208560953698992,4.6150917676243575,5.625978389523123,11.052322437487172,25.90962182975003,2.642375607728309,0.8052908703335859,4.6150917676243575,True,False
DRH,vcp,12.970000267028809,11.850000381469727,12.319999694824219,,,,False,,,,,,2.0,13%->9%,13.052938330051953,8.635311198923002,0.767098774088747,29.0,-5.011569458922557,3.814929586012446,False,144.44444444444446,75.00000000000003,,-9.090909090909083,528.5714285714286,-41.666666666666664,19.999999999999996,-44.44444444444444,-9.090909090909083,False,48.7696614737963,4.110297003794328,1.2983955456675078,-1.6187005242769281,0.08943320391823217,23.289252484873835,-5.9635600690624795,-3.801894990609145,-6.651838283396572,-1.6187005242769281,True,False
DVN,vcp,49.720001220703125,46.15999984741211,49.72999954223633,,,,True,,,,,,3.0,15%->9%->7%,14.741783551860047,7.160099126885483,0.5093005325872794,64.0,0.020109254400098205,7.178764785212137,True,43.97163120567376,-75.32467532467533,-8.163265306122414,-16.153846153846153,968.4210526315787,-78.88888888888889,-17.431192660550476,-22.695035460992898,-75.32467532467533,True,49.76965182754629,72.99901185770752,-0.9230769230769265,-12.25763316246936,11.956808006320774,55.34605146406388,14.503429006858015,-7.38649729475418,5.014822134387353,-12.25763316246936,True,False
EE,vcp,40.779998779296875,37.220001220703125,37.779998779296875,,,,False,,,,,,2.0,12%->9%,12.173578289452625,8.72976376939247,0.7761047368573163,27.0,-7.356547547331059,1.4822593348007835,False,146.66666666666669,-19.56521739130436,-42.85714285714286,22.857142857142865,0.0,54.16666666666667,-44.18604651162791,186.66666666666666,-42.85714285714286,True,49.7696520062963,60.96570132384287,37.56037957408995,15.661101641828012,102.17455368914119,-24.034293176202414,36.48483970614631,-18.788422786182622,91.16721093490293,15.661101641828012,True,False
EGBN,vcp,29.1299991607666,26.520000457763672,27.979999542236328,,,,False,,,,,,2.0,14%->9%,14.387457392229871,8.959831027108905,0.5534274967375451,41.0,-3.947818920912078,5.218009679624049,False,,700.0,-117.64705882352939,-408.33333333333337,-52.08333333333333,,,,-408.33333333333337,False,35.769631475462965,,,,,,,,,,False,False
ELA,vcp,14.90999984741211,13.180000305175781,13.220000267028809,,,,False,,,,,,2.0,26%->12%,26.19175320482074,11.602948088135626,0.6187471573289228,25.0,-11.334672016623996,0.30257156615033354,False,45.45454545454546,240.0,214.28571428571428,116.6666666666667,-52.94117647058824,54.54545454545454,69.23076923076925,18.181818181818187,45.45454545454546,True,49.76960737611111,-19.979613540637164,-25.5908416508283,-19.76077934609307,17.973404514542057,12.92832777037316,-2.6788334538171865,-27.90511289596056,0.9917680013536323,-25.5908416508283,True,False
ELV,vcp,394.28389763807013,361.4070000897202,424.239990234375,,,,True,,,,,,2.0,16%->8%,16.24334785811254,8.338381999695308,0.4566243791788239,43.0,7.597594721913508,14.810718364843956,False,-13.082901554404147,-16.753381893860553,36.17021276595764,22.018348623853214,-16.125,212.49999999999974,-51.87969924812026,-31.088082901554404,-16.753381893860553,True,35.43626783804398,1.402282224365159,2.638522427440626,9.473614717662082,12.426284751474315,0.5838863314800324,0.8724144169497627,-1.900968231744593,1.8784153005464432,1.402282224365159,True,False
EOG,vcp,153.6699981689453,142.75999450683594,148.5399932861328,,,,False,,,,,,2.0,10%->7%,10.249515934448679,7.099631542986602,0.7383988485937442,30.0,-3.338325596368236,3.891207109564664,False,109.34959349593498,39.622641509433976,-41.777777777777835,-8.47457627118644,39.189189189189186,182.44274809160333,-51.48148148148153,9.756097560975618,-41.777777777777835,True,50.769592286597224,57.35669952537423,22.08502381372377,0.9489704565801338,-1.9782062028499636,24.548475653807245,22.756296559063504,-3.574482640670429,6.736035049288058,-1.9782062028499636,True,False
EQBK,vcp,52.27000045776367,48.59000015258789,50.22999954223633,,,,False,,,,,,3.0,12%->9%->7%,12.186608209156905,7.040367845700277,0.7466407295850067,152.0,-3.9028140379982377,3.2649799016411096,False,47.67441860465116,-5.88235294117646,0.9433962264151052,-221.09375,58.74999999999999,-25.233644859813086,,-280.2325581395349,-221.09375,True,27.769577506828703,,,,,,,,,,False,False
ESTA,vcp,76.41999816894531,70.18000030517578,71.91999816894531,,,,False,,,,,,3.0,24%->17%->8%,24.346752124644564,8.165399127561443,0.4305336270730066,29.0,-5.888511002122294,2.4193519300183373,False,,,,,,,,,,False,49.436234665,31.6608187134503,44.710829687990916,45.16107292087883,33.69627364705296,12.801242547221815,-7.335530897441844,20.14614555055594,4.838206627680308,31.6608187134503,True,False
EXEL,vcp,59.720001220703125,54.54999923706055,56.209999084472656,,,,False,,,,,,2.0,12%->9%,12.256364264666706,8.657069454061388,0.6340373032972816,27.0,-5.877431454260682,2.9532109490296445,False,26.15384615384615,43.636363636363626,89.36170212765953,72.49999999999999,3.797468354430378,-11.235955056179737,28.985507246376784,6.153846153846132,26.15384615384615,True,41.76956674869213,10.63402204268813,9.96764767835636,5.62994592019479,10.789336140652628,2.926923505104684,2.0293554136467495,0.15190169885654914,5.190220690844516,5.62994592019479,True,False
EZPW,vcp,35.91999816894531,31.450000762939453,32.29999923706055,,,,False,,,,,,2.0,16%->12%,16.2264150038045,12.444314125467864,0.577466824333202,27.0,-10.077948542365018,2.631574285444001,False,41.17647058823528,84.84848484848484,37.5,74.99999999999977,-21.311475409836067,10.90909090909089,57.14285714285721,2.9411764705881804,37.5,True,63.769554434467594,34.653885607159275,45.88888598701995,19.317550051535125,14.347939745578863,-6.295411977685339,16.97873665969494,13.4216909679852,8.306616802955812,14.347939745578863,True,False
FA,vcp,21.729999542236328,19.895000457763672,22.280000686645508,,,,True,,,,,,3.0,20%->10%->8%,20.238569502154697,8.444542674315255,0.26909702790027834,25.0,2.531068366293103,10.704668560945736,False,,,,,900.0,-66.66666666666663,199.9999999999997,,,False,50.43622556310185,14.880975237627126,8.633399889449155,36.75811724254699,105.48064222901883,16.50099558412361,-8.289188294759498,2.6557432341604903,4.740510914336471,8.633399889449155,True,False
FBNC,vcp,66.77999877929688,61.84000015258789,64.61000061035156,,,,False,,,,,,2.0,9%->7%,9.182447439560784,7.397422457336855,0.42457952149296857,41.0,-3.2494732084632125,4.287262701743224,False,31.182795698924725,28.409090909090896,375.0,8.888888888888879,7.964601769911517,197.36842105263128,-22.44897959183666,-47.31182795698925,8.888888888888879,True,35.76956389545139,,,,,,,,,,False,False
FF,vcp,5.539528527530404,5.150000095367432,5.480000019073486,,,,False,,,,,,2.0,28%->7%,27.610874479959328,7.031797565931651,0.4704764838775929,23.0,-1.074613266473353,6.021896397034108,False,,,-416.66666666666686,,,,,,-416.66666666666686,False,54.769521448078706,120.6879152300059,82.18725054168092,-67.74130615031946,-55.633554947203756,146.38833249874813,61.032154016732186,-12.547930715324608,-36.39727525018922,-67.74130615031946,True,False
FIRY,vcp,10.399999618530273,9.5,10.300000190734863,,,,False,,,,,,2.0,15%->9%,15.284244730793638,8.653842803289075,0.6845867134400351,15.0,-0.9615329948400716,7.766991999228172,False,,,,,,,,,,False,57.769522174375005,22.91584040612358,32.91775129013106,68.87625907377188,11.439504966617807,6.483422092423985,-3.018893072540063,9.633228611090816,8.566669310700403,11.439504966617807,True,False
FIVE,vcp,263.8800048828125,236.9499969482422,249.58999633789062,,,,False,,,,,,3.0,21%->15%->10%,20.567745085685484,10.205399210345538,0.5961478572321073,72.0,-5.415343444179479,5.064305290720316,False,418.1818181818182,194.66666666666669,26.17647058823529,2100.0000000000005,80.54298642533936,-48.48484848484848,549.9999999999998,-14.28571428571428,26.17647058823529,True,77.7695213877199,22.85111608642767,32.46432093079328,24.271956344341916,23.062782235602274,-1.8753082213624483,-25.622396556512083,66.47324021254116,1.1146743380464619,22.85111608642767,True,False
FIX,vcp,1695.5699462890625,1545.2099609375,1582.800048828125,,,,False,,,,,,2.0,20%->9%,20.065295986655666,8.867813780295029,0.8340248504778089,19.0,-6.650854935695609,2.3749107108289502,False,91.88361408882082,121.26315789473682,129.1666666666666,101.71149144254281,19.219790675547088,12.406417112299483,13.333333333333307,26.339969372128635,91.88361408882082,True,36.769521438078705,-4.337759647837336,-2.865961444390097,1.0158179590843641,14.326574422345306,-4.177629367017621,-2.1198741350989203,-3.9502708926275276,6.18984161535483,-4.337759647837336,True,False
FMAO,vcp,35.709999084472656,32.65999984741211,35.810001373291016,,,,True,,,,,,2.0,13%->9%,12.548688074188115,8.541023005477312,0.654179780455976,32.0,0.28004002067264727,8.79642950315088,True,53.571428571428555,37.254901960784295,18.032786885245965,33.33333333333335,22.857142857142865,-2.7777777777778123,12.500000000000021,14.28571428571428,18.032786885245965,True,40.769523044780094,,,,,,,,,,False,False
FMX,vcp,125.0,115.5,121.26000213623047,,,,False,,,,,,2.0,18%->8%,18.4703503621576,7.6,0.566756384384732,33.0,-2.991998291015625,4.750125379149631,False,,,,,,,,,,False,42.43616950637732,,,,,,,,,,False,False
FNRN,vcp,18.0,16.530000686645508,17.260000228881836,,,,False,,,,,,2.0,17%->8%,17.246751661424515,8.166662851969402,0.7842652302556711,32.0,-4.111109839545356,4.229429504959051,False,-12.121212121212132,63.636363636363626,-8.108108108108091,11.764705882352944,-19.444444444444443,5.882352941176472,-10.526315789473696,15.151515151515138,-12.121212121212132,True,42.76951184967593,,,,,,,,,,False,False
FRST,vcp,16.8799991607666,15.569999694824219,16.149999618530273,,,,False,,,,,,2.0,18%->8%,17.650563466325877,7.7606607291021295,0.5849418670278812,54.0,-4.324642052903842,3.5913308817702467,False,280.0,-67.3913043478261,,460.00000000000006,26.666666666666682,-74.78991596638656,325.0,180.00000000000003,-67.3913043478261,False,36.769452034155094,,,,,,,,,,False,False
FSTR,vcp,39.13999938964844,36.290000915527344,36.970001220703125,,,,False,,,,,,2.0,15%->7%,15.450746711020201,7.281549613091838,0.41318219352901436,27.0,-5.544195714829836,1.8393299505626806,False,7.407407407407396,,,-87.76758409785933,107.14285714285711,-36.36363636363633,-45.00000000000003,48.14814814814814,-87.76758409785933,False,47.43610991431713,-3.488485490185156,23.87925392670156,25.11253442344148,0.5965111372994159,14.368024829954429,-24.461100060483997,15.971971132291053,-3.6723832875910745,-3.488485490185156,True,False
FTK,vcp,28.729999542236328,25.90999984741211,26.34000015258789,,,,False,,,,,,3.0,41%->14%->10%,40.81169491805757,9.815522936846909,0.445122462674048,22.0,-8.318828498882743,1.6324992508913634,False,420.0,-29.41176470588236,-40.00000000000002,562.5,116.6666666666667,33.33333333333337,-83.01886792452831,960.0,-40.00000000000002,True,48.76944945664352,70.29477292202229,26.532639716773243,33.02401639182773,12.643239113827342,41.849509642974404,3.7500555399220925,20.502935874783603,-3.974293059125966,12.643239113827342,True,False
GEV,vcp,983.3400268554688,868.25,874.760009765625,,,,False,,,,,,2.0,21%->12%,20.52089074493127,11.703990858940665,0.8266431702338861,19.0,-11.041960473943245,0.7442052326293735,False,32.79569892473118,1816.4835164835165,658.8571428571431,,-85.83715596330275,31.32530120481927,709.7560975609758,-11.827956989247323,32.79569892473118,False,42.43611641099537,21.8746570080123,16.272410358565747,3.7696533434362633,11.847862672500842,18.89923974729628,-14.759036144578308,9.900692145651524,9.417188014487987,3.7696533434362633,True,False
GHM,vcp,90.63999938964844,82.8499984741211,83.69000244140625,,,,False,,,,,,2.0,30%->9%,29.717908641808783,8.594440608984605,0.6439286607217268,19.0,-7.6676930660217035,1.0037088574268676,False,-21.42857142857142,-57.49999999999997,78.57142857142856,-6.666666666666654,94.11764705882337,-31.99999999999994,-10.71428571428572,-33.33333333333333,-57.49999999999997,True,51.43611054824075,28.574260637626825,13.030583873957369,20.545527988604718,23.269794447659777,6.356778675571717,18.30126452796248,-14.124524815605731,18.995440373420802,13.030583873957369,True,False
GM,vcp,91.6604405793407,82.86000061035156,87.16000366210938,,,,False,,,,,,2.0,13%->10%,13.101512300809715,9.601132084207617,0.5711788754325721,61.0,-4.9099010312259805,4.9334590076745615,False,-26.178010471204193,-15.820895522388067,,-49.626865671641795,-50.0,,-347.40740740740745,-29.31937172774869,-49.626865671641795,False,34.43610928980324,2.083090345004557,-1.284463510699685,-5.995550356659551,-1.0707499720576719,11.215024524130213,-3.991704282054409,-7.391088214027475,3.235438195432594,-5.995550356659551,True,False
GPRE,vcp,16.030000686645508,14.329999923706055,14.609999656677246,,,,False,,,,,,2.0,19%->11%,18.998791514024134,10.60511971378587,0.7141501224555705,15.0,-8.858396563583778,1.9164937683158836,False,,,,-75.36231884057972,97.61904761904762,61.53846153846152,52.941176470588225,,-75.36231884057972,False,49.43609164552083,-30.69845442596202,19.115103498298282,2.3666917238536422,14.537027553006254,7.428919387324928,1.1441430771052863,-5.62051465492186,-32.422305821208965,-30.69845442596202,True,False
GS,vcp,1071.9598441067083,978.9299926757812,988.4500122070312,,,,False,,,,,,2.0,15%->9%,15.276560828971993,8.678482868773054,0.8214716427145831,42.0,-7.790388078320966,0.9631260472134051,False,92.3006416131989,24.291784702549577,17.587939698492484,45.83333333333333,19.544159544159534,25.00000000000002,14.612244897959181,12.282309807516034,17.587939698492484,True,27.436076761944445,,,,,,,,,,False,False
GSAT,vcp,84.69999694824219,78.36000061035156,81.98999786376953,,,,False,,,,,,3.0,20%->9%->7%,20.080376921720777,7.485237976767367,0.7496570129113497,118.0,-3.1995267793559203,4.4273659568199895,False,-276.9230769230769,,,-116.66666666666667,,,,-107.6923076923077,-276.9230769230769,False,50.436052746793976,-3.538452373860723,16.711087420042638,17.62753976167515,2.127041641888061,-7.55309431377027,-2.6361501368797002,-2.551289863904127,9.973491392148691,-3.538452373860723,True,False
HCSG,vcp,23.649999618530273,21.25,22.040000915527344,,,,False,,,,,,3.0,17%->14%->10%,16.920671738519573,10.147990094045596,0.5454025044722719,39.0,-6.807605619331435,3.584396019560881,False,,60.86956521739128,186.66666666666666,210.52631578947367,-13.513513513513509,-13.953488372093037,-27.118644067796595,,60.86956521739128,False,35.436018585196756,2.686421325609434,3.3739741143988145,6.594154568627619,8.45243127976476,1.7378113344541202,-0.8391152862120221,0.5048046896872549,1.2752703978922142,2.686421325609434,True,False
HLF,vcp,13.170000076293945,11.9399995803833,12.050000190734863,,,,False,,,,,,2.0,20%->9%,19.923078096829926,9.339411456228088,0.7343424166451885,12.0,-8.504175239718384,0.9128681212481721,False,-152.08333333333334,16.326530612244895,-53.714285714285694,-8.695652173913048,-143.859649122807,-29.62962962962966,92.85714285714293,-12.5,-152.08333333333334,True,49.76935983626158,5.376856484790715,7.816976344438076,6.261388106675492,2.6928968797871544,0.728818706346801,2.6656274356975818,0.7301562377325821,1.1595584147406912,2.6928968797871544,True,False
HMY,vcp,21.100000381469727,19.299999237060547,19.6299991607666,,,,False,,,,,,2.0,20%->9%,19.712958932103785,8.530810956714307,0.6508888228547307,14.0,-6.966830303918373,1.6811000398084956,False,,,,,,,,,,False,169.43601527988426,,,,,,,,,,False,False
HPQ,vcp,36.22999954223633,33.56999969482422,34.02000045776367,,,,False,,,,,,2.0,13%->7%,13.298736473151507,7.341981454653694,0.7150059063723712,12.0,-6.099914745779326,1.3227535475730978,False,-11.250000000000004,16.666666666666675,-1.6949152542372947,-9.677419354838745,44.89795918367348,-15.517241379310342,-30.952380952380942,4.999999999999982,-11.250000000000004,True,69.76933060097222,12.525122021246048,8.986384266263236,6.916469194312791,4.155104944859489,8.807606885063857,-0.20778501177448616,-1.3730446068720537,5.074648291702566,4.155104944859489,True,False
HRTG,vcp,34.959999084472656,32.439998626708984,35.09000015258789,,,,True,,,,,,2.0,13%->7%,12.520547109107449,7.208239484430994,0.33085990948321226,26.0,0.37185661189840774,7.5520134350397505,True,32.258064516129025,20.2020202020202,225.75757575757595,503.70370370370364,72.2689075630252,-44.65116279069768,31.901840490797582,5.161290322580636,20.2020202020202,True,49.76933192331018,2.9610402095801236,0.5380105900151255,2.403180778358527,0.2879409390650789,0.7227567267631629,-1.234464693752435,1.3447300420316388,2.1265652414257152,0.2879409390650789,True,False
HSHP,vcp,17.059999465942383,15.8100004196167,18.110000610351562,,,,True,,,,,,2.0,10%->7%,9.869646563303391,7.327075530225607,0.7804625391471934,27.0,6.154754849232806,12.700166279509665,False,,,,,,,,,,False,56.43600610267361,,,,,,,,,,False,False
IAG,vcp,21.0,19.469999313354492,19.790000915527344,,,,False,,,,,,2.0,14%->7%,13.7544791075249,7.285717555454799,0.6974384872749875,13.0,-5.7619004022507445,1.6169862929201613,False,,,,,,,,,,False,48.76931976474537,,,,,,,,,,False,False
IAUX,vcp,1.8300000429153442,1.6699999570846558,1.690000057220459,,,,False,,,,,,2.0,13%->9%,12.886597558053078,8.743173884072421,0.5104073454176831,11.0,-7.650272262936862,1.183437837789033,False,,,,,,,,,,False,57.769317033599535,-12.53053599655123,272.9356492027335,-8.347324465108274,178.2083586758189,-53.52548196220652,146.07797087834666,-33.50822948874106,15.027302773386975,-12.53053599655123,True,False
IBIO,vcp,1.350000023841858,1.2000000476837158,1.2000000476837158,,,,False,,,,,,2.0,18%->11%,18.24324171938456,11.111109148818315,0.3640607016496867,13.0,-11.111109148818315,0.0,False,,,,,,,,,,False,,-100.0,,300.0,,-100.0,-50.0,,-100.0,-100.0,False,False
IMMX,vcp,13.289999961853027,11.979999542236328,12.210000038146973,,,,False,,,,,,2.0,21%->10%,21.125830817675286,9.85703855061596,0.7453169378273218,13.0,-8.126410284469783,1.8837059393289741,False,,,,,,,,,,False,51.76928510152778,,,,,,,,,,False,False
IMPP,vcp,5.510000228881836,5.059999942779541,5.949999809265137,,,,True,,,,,,2.0,11%->8%,10.800743688389664,8.166974000173772,0.8302657537426018,15.0,7.985472996479194,14.957981428834977,False,,,,,,,,,,False,,,,,,,,,,,False,False
INBX,vcp,115.11000061035156,104.9000015258789,110.47000122070312,,,,False,,,,,,3.0,28%->17%->9%,27.625503182869554,8.869775892916202,0.4539049919484702,8.0,-4.030926387842599,5.0420925439261675,False,,,,,,,,,,False,58.769285011388895,,-100.0,,1200.0,,,-100.0,,-100.0,False,False
INCY,vcp,130.8000030517578,121.27999877929688,122.19000244140625,,,,False,,,,,,2.0,13%->7%,12.692314242663528,7.278290558367842,0.4835525352236445,33.0,-6.582569120387993,0.7447447777454206,False,83.74999999999999,62.22222222222222,290.7407407407407,,0.6849315068493178,-30.805687203791464,3.4313725490195957,154.99999999999997,62.22222222222222,False,41.43595142824074,20.8736268850354,27.83893753955635,20.04700005536655,16.456864084525268,-15.539790355281102,10.311644387179907,12.377409341940826,15.44603560838751,16.456864084525268,True,False
INDP,vcp,1.2400000095367432,1.090000033378601,3.140000104904175,,,,True,,,,,,2.0,33%->12%,32.911397848845795,12.096772177782581,0.40619718309859154,15.0,153.22581296408703,65.28662430054712,False,,,-101.90114068441063,,,,,,-101.90114068441063,False,,,,,,,,,,,False,False
INSW,vcp,97.4190883791096,88.64413617676314,105.83999633789062,,,,True,,,,,,2.0,12%->9%,12.320708369762901,9.007425904252397,0.8194991347094379,29.0,8.64400201119804,16.247033972138738,False,372.79999999999995,475.0,260.5633802816898,-22.826086956521753,2.7826086956521667,124.60937499999996,80.28169014084511,13.59999999999999,-22.826086956521753,True,50.43593275460648,138.849218722047,77.4736359968156,37.64702255245025,-12.79008836982104,43.57034005579521,21.501125508158523,36.402937042996506,0.38182180626760154,-12.79008836982104,True,False
INTT,vcp,11.829999923706055,10.5600004196167,10.720000267028809,,,,False,,,,,,2.0,28%->11%,27.52809086587602,10.735414304985854,0.8061035350191977,19.0,-9.38292192591587,1.4925358528601556,False,,-23.076923076923073,-300.0,-300.0,-40.0,,,,-300.0,False,49.43593176167824,27.214025603483872,-10.329754391716527,-13.332452431289642,-17.242799564590626,3.2417281091950523,25.10291202927275,-6.733025239957335,5.6049855464203935,-17.242799564590626,True,False
INVX,vcp,31.559999465942383,28.65999984741211,29.079999923706055,,,,False,,,,,,3.0,17%->12%->9%,17.472558735136428,9.18884558809887,0.6768622187687635,28.0,-7.858046844749131,1.4442918755015564,False,63.636363636363626,-214.28571428571428,,-71.35678391959799,,-220.00000000000003,-64.91228070175438,159.0909090909091,-214.28571428571428,False,48.76926515804398,9.214481300783994,-0.5756712351558724,9.14088085939837,58.08506293761568,2.4536566386786696,-12.635507050387062,14.000833333333329,7.031047923151701,-0.5756712351558724,True,False
IQV,vcp,271.79998779296875,252.52999877929688,265.6700134277344,,,,False,,,,,,3.0,15%->10%->7%,14.925525775255025,7.0897681674474216,0.7302144848631205,66.0,-2.2553254748133407,4.945990885046479,False,15.000000000000014,23.23651452282156,24.51612903225806,-21.82741116751269,-45.791245791245785,53.88601036269429,25.324675324675326,10.000000000000009,-21.82741116751269,True,48.43593020149306,8.40950639853748,10.257705912076798,5.236139630390135,5.322496067121141,-4.880843263061408,6.439024390243908,2.066218571072942,4.909898145729952,5.236139630390135,True,False
IRD,vcp,6.579999923706055,5.800000190734863,5.96999979019165,,,,False,,,,,,2.0,24%->12%,23.62093402752369,11.854099422722667,0.1183454218605706,3.0,-9.270518853909557,2.8475645800873592,False,,,,,,,,,,False,56.43592960319444,-73.8029146426093,-50.64073226544623,-10.1580660158066,-20.37755365916731,-64.99768196569309,-44.191461836998705,25.527768756089642,6.835530881332419,-73.8029146426093,True,False
IRDM,vcp,50.970001220703125,45.959999084472656,46.18000030517578,,,,False,,,,,,2.0,23%->10%,22.68275822224701,9.829315315369255,0.4380509307468205,50.0,-9.39768648383263,0.4763993487424633,False,-55.00000000000001,-25.92592592592593,-19.999999999999986,66.66666666666666,-55.00000000000001,-16.666666666666664,-31.428571428571427,74.99999999999997,-55.00000000000001,True,36.4359223540625,3.840834278443195,1.944824505067988,-0.023944673718612197,6.656922230943119,2.821183527575011,2.8726401803324864,-6.166964108665473,4.62366186274239,-0.023944673718612197,True,False
IVZ,vcp,33.65999984741211,31.110000610351562,31.510000228881836,,,,False,,,,,,3.0,14%->10%->8%,14.1851089217463,7.57575534349445,0.4944731818726558,62.0,-6.387402341879608,1.2694370537123534,False,,34.210526315789465,-667.3913043478261,450.0000000000001,49.01960784313726,,-495.4545454545455,,-667.3913043478261,False,41.43590111913195,20.46189376443417,14.079257127910028,6.214689265536721,8.24864722185561,4.6488965319575914,3.1028368794326244,3.145574250182892,8.24150445397558,6.214689265536721,True,False
JLHL,vcp,6.449999809265137,5.800000190734863,5.809999942779541,,,,False,,,,,,2.0,22%->10%,22.411533584521727,10.077513763590783,0.014186491432373981,7.0,-9.92247884358484,0.1721127735483899,False,,,,,,,,,,False,,,,,,,,,,,False,False
JWEL,vcp,2.4000000953674316,2.119999885559082,2.1500000953674316,,,,False,,,,,,3.0,22%->16%->12%,21.75438267739221,11.666674945089223,0.30118499012508226,10.0,-10.41666625274554,1.3953585338433494,False,,,,,,,,,,False,,,,,,,,,,,False,False
KARO,vcp,68.80000305175781,63.029998779296875,67.2300033569336,,,,False,,,,,,2.0,10%->8%,10.47065660292626,8.386633744943586,0.481624531835206,27.0,-2.281976199395104,6.247217563471328,False,,,,,,,,,,False,27.769221497905093,,,,,,,,,,False,False
KEYS,vcp,339.17999267578125,314.0799865722656,314.9599914550781,,,,False,,,,,,2.0,16%->7%,16.254472672896224,7.400202442809905,0.3731458278789692,19.0,-7.140751737634118,0.279402116677417,False,109.09090909090904,35.570469798657726,68.04123711340206,,13.861386138613852,23.926380368098176,20.740740740740726,22.72727272727273,35.570469798657726,False,69.7692115391551,41.34762633996938,32.28043143297381,31.470829909613805,,7.513104251601632,7.312500000000011,18.343195266272193,3.522205206738138,31.470829909613805,False,False
KINS,vcp,20.469999313354492,19.020000457763672,19.729999542236328,,,,False,,,,,,2.0,11%->7%,11.483251567724569,7.083531530188429,0.4115906717716672,26.0,-3.61504541250958,3.598576284569849,False,34.61538461538463,-248.14814814814815,147.72727272727272,34.545454545454525,,-136.69724770642202,47.29729729729728,-5.128205128205132,-248.14814814814815,True,50.769210275150456,25.92757299920896,18.370665427032627,34.00742411191124,36.49774667387167,10.167687437591733,5.9454169906211,1.3813703573730463,6.420738483281485,18.370665427032627,True,False
KLIC,vcp,86.54000091552734,79.41000366210938,79.44999694824219,,,,False,,,,,,2.0,27%->8%,26.878809439580785,8.238961379694967,0.8408486299547752,19.0,-8.192747737784043,0.05033768114411154,False,,,-78.80794701986756,-31.428571428571452,62.12121212121213,106.25,122.2222222222221,,-78.80794701986756,False,63.76921036791666,122.6280716648811,49.778993246329925,20.166261346945657,-2.074244839206041,36.18318282424027,21.5383844708829,12.42805167888803,19.63776758100706,-2.074244839206041,True,False
KNSA,vcp,81.56600189208984,75.0,76.58000183105469,,,,False,,,,,,2.0,14%->8%,13.89558860215956,8.049924894904779,0.47246519607674264,32.0,-6.112841067815893,2.063204222089697,False,145.45454545454547,,,,50.000000000000064,-21.739130434782638,0.0,109.09090909090908,145.45454545454547,False,41.43587686310185,55.50749355880538,64.95315662335967,61.16972926729285,44.339092892452435,6.005630123635131,11.76190871139864,15.34340580495801,13.798308959610983,44.339092892452435,True,False
KOP,vcp,47.72708411901884,44.07419821889442,46.0,,,,False,,,,,,2.0,17%->8%,16.79245794743866,7.653695941313064,0.6567218627077782,26.0,-3.6186667400672237,4.186525611099079,False,-1051.8518518518517,,,7.339449541284382,-2302.8571428571427,-75.69444444444446,23.07692307692313,44.44444444444442,-1051.8518518518517,False,51.43587653150463,3.030903328050716,-0.2628696604600189,-9.287211740041935,-12.448132780082988,14.232374258730518,5.223018257453194,-10.838656501133315,-3.8629160063391454,-12.448132780082988,True,False
KRYS,vcp,373.30999755859375,339.25,340.0299987792969,,,,False,,,,,,2.0,20%->9%,19.506778045075375,9.12378392792649,0.41858258206444376,32.0,-8.914842623274062,0.22939116610212634,False,38.759689922480625,52.500000000000014,10.457516339869244,192.30769230769232,-2.1857923497267784,8.284023668639096,-36.46616541353386,106.20155038759691,10.457516339869244,True,47.43587283855324,24.135274150892315,31.949468718460473,17.51700680272108,16.64937202561991,2.4622498001839244,8.638252182437789,9.51431492842536,1.8304491784844057,16.64937202561991,True,False
KYN,vcp,15.077122532727284,13.924224461826922,14.600000381469727,,,,False,,,,,,2.0,10%->8%,9.86362323965206,7.646671759799084,0.7468474797578751,80.0,-3.1645438326967756,4.628602068397868,False,,,,,,,,,,False,,,,,,,,,,,False,False
LASR,vcp,42.435001373291016,38.13999938964844,38.45000076293945,,,,False,,,,,,2.0,29%->10%,28.532108691854212,10.121366430179716,0.7653931577896259,18.0,-9.390834173177991,0.8062454281920706,False,,,,,-300.0,,,,,False,50.76919127753472,33.78310520774277,55.18502748316172,71.34505392456892,18.908229257603026,3.005699604644496,-1.236681653014715,21.640046747175703,8.110472179476801,18.908229257603026,True,False
LB,vcp,91.56579933648786,84.1500015258789,86.44000244140625,,,,False,,,,,,2.0,16%->8%,15.909092911334705,8.098873011917066,0.6564834899975898,23.0,-5.597938239194772,2.6492374489225994,False,66.66666666666667,14.999999999999991,,,73.91304347826086,-4.1666666666666625,-7.692307692307699,8.333333333333348,14.999999999999991,False,54.769191444837965,40.6180969011003,16.049691702122825,55.55616438356164,78.43577772317197,31.04597588471718,-10.167670576631792,11.699553422124298,6.938337575999842,16.049691702122825,True,False
LBRT,vcp,22.270000457763672,19.344999313354492,19.530000686645508,,,,False,,,,,,3.0,39%->20%->13%,39.03846243205598,13.134266206938843,0.2693961006552574,36.0,-12.30354609248765,0.9472676230754994,False,-39.534883720930225,16.666666666666675,-74.1935483870968,-40.90909090909091,85.7142857142857,75.00000000000011,-69.23076923076925,-39.534883720930225,-74.1935483870968,True,28.76918729409722,59.941646841388696,74.54742430635986,73.56250212613304,61.945541624805614,5.644693932837019,3.9220350428926576,19.236113324197703,22.179521623505316,59.941646841388696,True,False
LEA,vcp,134.92999267578125,125.01000213623047,128.8699951171875,,,,False,,,,,,2.0,21%->7%,20.806667262976354,7.3519536633987626,0.4217529032723426,32.0,-4.4912161028238655,2.9952612145650814,False,23.8562091503268,124.16107382550337,-3.658536585365879,-16.182572614107894,13.473053892215582,111.39240506329111,-21.78217821782178,-33.98692810457516,-16.182572614107894,True,36.435842229803235,2.968293977182279,4.72096829307771,4.794736289504087,1.7083303488288903,6.63941746238923,-2.7685936612897866,5.436811155322374,-5.813876359777126,1.7083303488288903,True,False
LIND,vcp,26.610000610351562,24.309999465942383,26.0,,,,False,,,,,,2.0,29%->9%,29.199998038155695,8.64337125762581,0.7351626674064142,20.0,-2.2923735301015586,6.500002054067758,False,,,,-100.0,-122.22222222222223,,,,-100.0,False,48.43584276353009,18.638244663431493,15.742178153916342,23.26373234460901,16.58551976893765,-4.214159691942331,13.555991068942742,-23.72924404177007,43.00634136175534,15.742178153916342,True,False
LIVN,vcp,83.5199966430664,77.1500015258789,80.62999725341797,,,,False,,,,,,2.0,13%->8%,12.93144087108183,7.626910169082627,0.4357948696691468,28.0,-3.460248450439033,4.31600625831789,False,286.0,,-45.19230769230775,-18.333333333333336,382.49999999999994,-29.8245614035087,16.32653061224478,-2.0000000000000018,-45.19230769230775,False,49.43584165221065,10.797279050504361,14.329267330482388,12.146474846968891,12.45850622406639,7.8201171540725145,0.3704411768780336,0.8855271653906538,1.4833032644585797,10.797279050504361,True,False
LOCO,vcp,16.270000457763672,14.869999885559082,15.300000190734863,,,,False,,,,,,2.0,14%->9%,14.052477556956603,8.604797374400452,0.5084913112164297,25.0,-5.961894528195582,2.8104594759167005,False,79.16666666666667,42.10526315789473,4.761904761904812,19.047619047619047,59.25925925925925,22.727272727272684,-11.999999999999966,4.166666666666674,4.761904761904812,True,50.76917186755787,2.97058028831636,5.877811993925008,8.077246158692386,0.934424187050964,2.6865955524559837,2.159251912723148,1.6417050691244217,-3.428326207543275,0.934424187050964,True,False
LOMA,vcp,10.5600004196167,9.550000190734863,9.609999656677246,,,,False,,,,,,2.0,27%->10%,26.758282106425273,9.564395726780628,0.716881361749595,37.0,-8.996218988539924,0.6243441007897833,False,,,,,,,,,,False,50.76917026611111,,,,,,,,,,False,False
LQDA,vcp,70.75,65.12999725341797,65.30999755859375,,,,False,,,,,,4.0,24%->14%->10%->8%,23.587225389477286,7.943466779621246,0.3131985720580169,23.0,-7.689049387146643,0.27560911331269233,False,,,,,42.30769230769229,188.88888888888903,,,,False,48.435827890266204,1842.72943306552,4158.49358974359,3054.6451834076106,1121.7176258992806,29.21311105257216,44.38552069636279,69.33679290419934,514.9371958809551,1121.7176258992806,True,False
LSTR,vcp,193.57854562417273,170.39999389648438,172.08999633789062,,,,False,,,,,,2.0,23%->12%,22.574384680828512,11.973719325636871,0.6411152079694675,41.0,-11.100687432584353,0.9820457187342893,False,36.47058823529412,-46.15384615384613,-60.2836879432624,-18.918918918918926,65.71428571428567,25.00000000000002,-53.33333333333332,41.176470588235304,-60.2836879432624,True,41.769158832152776,1.5712308623821558,-2.9359882356044364,-0.7464347271982308,-1.1025841995215946,-0.27761406464696936,-2.5783921389857967,-0.5277702796120831,5.104402733327573,-2.9359882356044364,True,False
LUNG,vcp,2.005000114440918,1.8300000429153442,1.9700000286102295,,,,False,,,,,,2.0,25%->9%,25.462008218832032,8.728182620297327,0.6941745315914268,7.0,-1.7456400914195476,7.106598155414782,False,,,,,,,,,,False,56.76914339739584,-4.622993419673915,-8.660928210134,-4.910582789816953,5.469171530877515,10.541144467113561,-8.903442782547133,5.097200260440893,-9.878871704597847,-8.660928210134,True,False
MDGL,vcp,544.489990234375,494.8999938964844,540.0599975585938,,,,False,,,,,,2.0,21%->9%,21.04807383725374,9.107604772779144,0.45633746444244316,34.0,-0.8136040616420451,8.362034563985596,False,,,,,,,,,,False,49.43579196414352,71.16944389620399,126.83934426229509,210.76558265582656,362.0313630880579,16.996052509017566,-3.0353522297972835,11.771238007714047,34.99309217018638,71.16944389620399,True,False
MEC,vcp,20.459999084472656,18.040000915527344,18.09000015258789,,,,False,,,,,,2.0,25%->12%,25.42846165529885,11.827948569078279,0.7091260731031988,19.0,-11.583573010437654,0.27639157898732336,False,,,-128.94736842105263,-192.85714285714283,,,,,-192.85714285714283,False,48.76912506917824,23.164409648751594,6.7864492288628675,10.68611044704757,6.586799810919408,12.571487774554502,7.827511730096082,-6.957244820178787,9.054772988332015,6.586799810919408,True,False
MEDP,vcp,629.6900024414062,577.6400146484375,595.4099731445312,,,,False,,,,,,2.0,17%->8%,16.883022287239953,8.265970174397376,0.40329503043018006,36.0,-5.443953241113244,2.9844912409252218,False,37.09677419354838,16.621253405994562,26.702997275204375,28.239202657807304,-0.7009345794392607,-7.95698924731183,20.46632124352332,24.51612903225806,16.621253405994562,True,33.76911285006945,17.241522199993042,26.502318420251726,32.02842398931025,23.735601902808277,0.10288648238616638,-0.26056884748394404,7.356687270704931,9.380236726994863,17.241522199993042,True,False
MEI,vcp,14.65999984741211,13.5600004196167,13.619999885559082,,,,False,,,,,,2.0,20%->8%,20.059168438864454,7.503406816130289,0.6603432449723234,5.0,-7.094133510762729,0.4405247169348263,False,,,,,-3299.9999999999973,,,,,False,77.76911255123842,10.353430353430348,15.94710229482692,-2.5844101709045386,-15.61859193438141,-10.969473331096946,27.556696619597766,-5.34629404617254,2.6611226611226613,-15.61859193438141,True,False
MFC,vcp,44.517941593801226,41.33454669996313,43.54999923706055,,,,False,,,,,,2.0,9%->7%,8.51273738851591,7.150813312269949,0.6905932922803283,84.0,-2.174274735279892,5.0871471318238175,False,,,,,,,,,,False,49.76910400579861,,,,,,,,,,False,False
MIRM,vcp,104.66000366210938,95.0,96.75,,,,False,,,,,,2.0,32%->9%,31.63077134352464,9.2298904300599,0.6998871331828442,46.0,-7.557809464297846,1.8087855297157622,False,,,,,,,-299.99999999999994,,,False,49.769093811944444,37.921508784286104,43.28269928753865,49.80988593155893,47.172400057536755,10.233171964323695,7.352348722907109,11.97052853168934,4.0888993230817405,37.921508784286104,True,False
MLI,vcp,64.48027897345447,57.81999969482422,60.0,,,,False,,,,,,3.0,23%->16%->10%,23.185332562774917,10.329172554250562,0.6570228924631354,61.0,-6.948293408127058,3.6333338419596357,False,1.8018018018017834,55.395683453237424,104.95867768595045,27.027027027027017,-47.6851851851852,-12.903225806451623,31.914893617021313,69.36936936936935,1.8018018018017834,True,34.435759138483796,25.457465604965158,19.280818664920286,4.206549609327626,8.01668819669863,19.691283775005132,23.96338263792557,-10.710375719969123,-5.3022695143884135,4.206549609327626,True,False
MRVL,vcp,241.8800048828125,213.6300048828125,218.82000732421875,,,,False,,,,,,2.0,21%->12%,21.201889117151417,11.679344894046423,0.5624418816799285,11.0,-9.53365184929858,2.3718134849142865,False,50.0,-80.0,95.65217391304337,,725.0,-91.11111111111111,-79.54545454545456,900.0,-80.0,False,76.76906438912037,36.54852699267235,27.568195008705754,22.080994827775946,36.83134357891959,13.297212341798325,8.973723351512142,6.951072547601833,3.409600717810668,22.080994827775946,True,False
MS,vcp,222.0,204.82000732421875,206.5800018310547,,,,False,,,,,,2.0,13%->8%,12.620022320353403,7.738735439541104,0.6161821127718821,42.0,-6.945945121146538,0.8519675143943976,False,62.44131455399062,31.92307692307692,20.179372197309455,48.93617021276595,0.8746355685131046,27.985074626865615,-4.285714285714226,31.45539906103285,20.179372197309455,True,28.435731107627312,,,,,,,,,,False,False
MTA,vcp,10.960000038146973,9.670000076293945,9.800000190734863,,,,False,,,,,,2.0,15%->12%,15.344833000944961,11.770072603677928,0.5261264532821907,13.0,-10.583940176776064,1.326531754191423,False,,,,,,,,,,False,57.769052369953705,,,,,,,,,,False,False
MTC,vcp,4.849999904632568,4.431000232696533,4.730000019073486,,,,False,,,,,,2.0,12%->9%,11.899995803833008,8.639168663401824,0.20642570281124498,4.0,-2.4742244931687916,6.321348523705107,False,,,,,,,,,,False,,,,,,,,,,,False,False
MTDR,vcp,60.380001068115234,54.27000045776367,61.18000030517578,,,,True,,,,,,2.0,19%->10%,19.145910828941812,10.119245614883004,0.668691057879474,36.0,1.3249407467847845,11.294540393827896,False,160.3305785123967,-115.10416666666667,-9.941520467836252,-28.643216080402013,,-118.83116883116882,8.450704225352123,17.355371900826434,-115.10416666666667,True,41.769049207592595,26.76362622855897,-6.417286092948227,-17.24828091666726,6.392004994553191,24.619585303375935,16.312599901673288,-11.536339069211909,-1.1408934856397157,-17.24828091666726,True,False
MUR,vcp,38.65999984741211,33.790000915527344,38.20000076293945,,,,False,,,,,,2.0,18%->13%,18.220660999098623,12.596996769545415,0.6534844034950233,30.0,-1.1898579572897967,11.544501987786777,False,893.75,-26.0,-77.14285714285715,-102.15053763440861,329.72972972972974,362.5000000000003,,-112.5,-102.15053763440861,True,49.769030591759254,35.61403380351798,8.862991095982053,-8.436707518511765,-4.275667214131229,26.486917528954578,19.454104168433695,-14.963535034939234,5.5486666715466315,-8.436707518511765,True,False
MYE,vcp,32.45000076293945,29.299999237060547,29.770000457763672,,,,False,,,,,,3.0,14%->12%->10%,14.33911568087048,9.707246384648672,0.8230352890235982,28.0,-8.258860530556783,1.578774650574633,False,103.84615384615384,-127.77777777777777,172.7272727272729,,,-116.66666666666667,57.89473684210529,-26.923076923076927,-127.77777777777777,False,50.43569599280093,9.783620858655162,1.8018519549444223,44.895917126096265,0.17945354445132455,8.884433102442578,-44.287223094838325,43.796334607053325,25.854611840815522,0.17945354445132455,True,False
NBN,vcp,137.63999938964844,124.0199966430664,132.22999572753906,,,,False,,,,,,2.0,14%->10%,13.707140415500405,9.895381289580534,0.48505421970768503,34.0,-3.9305461247453684,6.208877977572822,False,,,,,,,,,,False,41.43569591680556,,,,,,,,,,False,False
NEOG,vcp,12.260000228881836,11.369999885559082,11.949999809265137,,,,False,,,,,,2.0,13%->7%,13.229577528969806,7.259382762702654,0.44049396646363304,29.0,-2.5285514994233615,4.853555924380569,False,,,,,,,-141.1764705882353,,,False,20.769017509375,-0.05278589773730635,-4.434389140271488,-2.8396855460135484,-3.583543813720247,6.685606060606064,-6.004245830941157,7.410523497889465,-7.20815830446373,-4.434389140271488,True,False
NESR,vcp,35.470001220703125,31.750999450683594,32.7400016784668,,,,False,,,,,,2.0,13%->10%,13.237681568598617,10.484921460472982,0.7599752997478516,19.0,-7.696643496710348,3.020776350276344,False,,,,,86.95652173913042,43.75,45.45454545454546,,,False,57.43567957390046,,,,,28.71231332769795,23.587522299064045,8.005885807417968,,,False,False
NNBR,vcp,3.819999933242798,3.4100000858306885,3.4700000286102295,,,,False,,,,,,2.0,16%->11%,16.497464109835203,10.732980486312744,0.8365722901658569,14.0,-9.162301328509539,1.729104964980983,False,,,,,,,,,,False,42.76895828486111,19.291889437644194,12.077056997956248,-1.6871180043750544,-8.544111562062561,8.686218890352215,13.117384162878643,0.8028339847134358,-3.7425524226054274,-8.544111562062561,True,False
NOVT,vcp,153.16000366210938,139.11000061035156,140.0500030517578,,,,False,,,,,,2.0,22%->9%,21.51037611469266,9.173415197060143,0.6448378324839272,26.0,-8.559676349495202,0.6711905897344796,False,150.0,-13.559322033898303,2.2222222222222143,-43.39622641509434,-41.17647058823529,10.869565217391308,53.33333333333332,150.0,-43.39622641509434,True,48.435622865659724,10.27094076308137,10.430396887292925,8.522641350919935,1.4038174341768794,3.143104378227979,-0.24850105864547833,4.241918042576542,2.8156101041696857,1.4038174341768794,True,False
NUE,vcp,280.1099853515625,238.6199951171875,254.6300048828125,,,,False,,,,,,2.0,21%->15%,20.58432061490983,14.812035416124647,0.6485489259457964,62.0,-9.096419906905638,6.287558205480627,False,93.84615384615384,382.08955223880594,27.55905511811012,150.47619047619048,56.03715170278638,99.38271604938281,-38.40304182509509,1.1538461538461497,27.55905511811012,True,40.76896909635416,22.95411542100283,21.27713920817369,8.634821933295655,14.468027941966689,9.488205560235885,23.53323793417459,-9.787583616946371,0.7686849574266796,8.634821933295655,True,False
NVGS,vcp,22.47609971783167,19.655373832494675,23.479999542236328,,,,True,,,,,,2.0,21%->13%,20.98446157237198,12.549890420263349,0.6828281551762129,64.0,4.46652149175243,16.288866202326087,False,,,,,,,,,,False,49.7689493778125,,,,,,,,,,False,False
NWE,vcp,73.43835485182716,67.66275595037939,68.6500015258789,,,,False,,,,,,2.0,11%->8%,11.163867505147087,7.864553764992283,0.6502525040509793,88.0,-6.520235012902274,1.4380852928711934,False,14.285714285714302,-17.599999999999994,-45.03816793893128,-18.42105263157895,-61.165048543689316,43.055555555555515,16.129032258064548,77.14285714285715,-45.03816793893128,True,42.76894863600695,3.280168522419502,-0.907441016333943,-14.53396524486572,25.447445493003574,4.761904761904767,-24.30683918669131,12.269779507133594,16.009629852542883,-14.53396524486572,True,False
NXG,vcp,62.76512868001769,54.400001525878906,54.790000915527344,,,,False,,,,,,2.0,17%->13%,17.121859582652156,13.327666699744947,0.6447659430599969,52.0,-12.706303535436483,0.7118075983421142,False,,,,,,,,,,False,,,,,,,,,,,False,False
ODC,vcp,95.06999969482422,84.8499984741211,86.26000213623047,,,,False,,,,,,2.0,17%->11%,16.95541288758438,10.749975022098921,0.6699860277179865,33.0,-9.26685346257909,1.6345972956070134,False,-17.567567567567565,110.00000000000001,283.33333333333337,37.83783783783781,-3.1746031746031744,36.95652173913042,-9.80392156862745,-31.081081081081074,-17.567567567567565,True,22.768915577222224,9.374810607700358,0.7039362266281213,-5.829848763140411,10.122952982357392,7.2976209687693805,-2.281592882160588,-3.7743986199405777,8.407719413684722,-5.829848763140411,True,False
OIS,vcp,9.079999923706055,8.300000190734863,8.390000343322754,,,,False,,,,,,3.0,19%->13%->9%,19.00000042385525,8.590305501377472,0.7052857069116812,36.0,-7.599114385252919,1.0727073766989526,False,100.0,-60.00000000000001,-929.1666666666667,,400.0,,-6733.333333333334,-40.0,-929.1666666666667,False,43.43558171295139,-5.28819994437929,-9.112906251172326,8.426136881436253,-5.258448620001377,7.77089080440001,-18.547718307333692,8.042135851798049,-0.13663349576193973,-9.112906251172326,True,False
OOMA,vcp,23.809999465942383,22.110000610351562,22.809999465942383,,,,False,,,,,,2.0,18%->7%,17.831233222851797,7.1398525565802045,0.815164345043793,11.0,-4.199916095883964,3.0688245154761566,False,150.0,,,,11.111111111111116,-40.000000000000014,200.00000000000006,25.0,150.0,False,82.7688828387037,25.4113676089446,24.78894031893464,14.573636265880152,3.8355827844058554,2.5619539365857813,8.802155958382496,10.290573012939008,1.9001265746489082,3.8355827844058554,True,False
OPRT,vcp,7.730000019073486,7.079999923706055,8.100000381469727,,,,True,,,,,,2.0,14%->8%,13.734943579824435,8.408798108196388,0.36575433319674383,26.0,4.78655060133607,12.59259765094721,False,21.42857142857142,-76.19047619047619,-73.07692307692307,,240.0,-28.57142857142857,-36.36363636363635,-21.42857142857143,-76.19047619047619,False,48.768875342152775,6.650144568360172,-9.754163362410784,6.504809894640395,-22.329026158209896,13.444639718804918,-2.107526881720434,-5.660377358490565,1.7967781908302394,-22.329026158209896,True,False
ORKA,vcp,94.8499984741211,88.06999969482422,95.93000030517578,,,,True,,,,,,3.0,26%->9%->7%,25.554014457148288,7.148127452154607,0.5824202172297216,17.0,1.1386419066199094,8.193475018604254,True,,,,,,,,,,False,56.435563119548604,,,,,,,,,,False,False
OXY,vcp,61.8661218546249,57.27717658544619,61.779998779296875,,,,False,,,,,,3.0,21%->9%->7%,20.67661559289141,7.417541509975309,0.726132400604597,70.0,-0.13920878300792838,7.288478929785325,False,957.6923076923076,306.49350649350646,,-33.6734693877551,-12.140575079872207,,-110.76923076923077,150.0,-33.6734693877551,False,54.768864497685186,36.60662405578152,-4.19748838809565,-42.98833819241983,-4.814814814814817,26.64751301849524,42.39324980823318,-41.46961987428913,29.420879333720706,-42.98833819241983,True,False
PANL,vcp,7.679248755376118,6.528595977521186,8.324999809265137,,,,True,,,,,,2.0,19%->15%,19.158297599384255,14.983923747090222,0.5528960589775112,62.0,8.409039405540007,21.57842489971808,False,,,-5.263157894736848,72.72727272727273,-23.809523809523803,16.666666666666675,-5.263157894736848,,-5.263157894736848,False,50.76883836990741,19.420635781707716,38.90653246689793,24.940001098150134,10.158875027476078,9.695743932465707,-7.233062784671807,9.017816535205903,7.646249577187936,10.158875027476078,True,False
PAYS,vcp,13.699999809265137,12.739999771118164,12.829999923706055,,,,False,,,,,,2.0,16%->7%,16.285518584686542,7.007299646075446,0.844246999448662,13.0,-6.350364216579858,0.7014820976077865,False,450.0,79.99999999999999,0.0,33.33333333333335,22.222222222222232,349.9999999999999,-49.999999999999986,100.0,0.0,True,56.76884112688658,48.08443370347535,50.75921802755747,45.80637439089279,41.55655408529033,0.76197934662805,23.217677404316795,5.365310028792658,13.198859461296264,41.55655408529033,True,False
PEB,vcp,18.790000915527344,17.40999984741211,17.950000762939453,,,,False,,,,,,2.0,11%->7%,11.15070618517054,7.344337418178909,0.8028305473816463,29.0,-4.470463606490547,3.008361518525721,False,183.33333333333334,,,-254.16666666666669,,,,-716.6666666666667,-254.16666666666669,False,43.76883476451389,-0.09692371490196416,7.927785028694889,3.382109004739342,-1.435493041307201,17.78820561483092,-0.9632741004761969,-12.466047857785977,-2.1627484130275265,-1.435493041307201,True,False
PENG,vcp,53.237998962402344,46.45000076293945,46.59000015258789,,,,False,,,,,,3.0,25%->16%->13%,25.36882175692134,12.750288011870431,0.7223488719440296,19.0,-12.487319094223267,0.30049235713655836,False,,544.4444444444445,-60.00000000000001,,17.24137931034484,1349.9999999999998,-60.00000000000001,,-60.00000000000001,False,20.76882105396991,47.63655316406117,-6.161102432431697,0.5772466886737604,8.604908275161648,39.56687920372946,-0.02098690941525483,1.5237244097750402,4.2161782076231,-6.161102432431697,True,False
PESI,vcp,19.489999771118164,17.639999389648438,18.280000686645508,,,,False,,,,,,2.0,25%->9%,25.46904047479741,9.49204927242331,0.37826922703531835,22.0,-6.20830733033527,3.501101055563004,False,,,,,,,,,,False,55.768827924305555,-11.661867544220483,-20.066096702349313,6.890219017820698,3.818700927908636,15.809814848103532,-29.201399936366524,-9.963332187464191,19.66269025092555,-20.066096702349313,True,False
PFG,vcp,114.0329094812437,105.47795640271507,116.9000015258789,,,,True,,,,,,2.0,12%->8%,12.16908120248647,7.502179079220786,0.8157241462823928,137.0,2.514267203808198,9.770782698095406,True,819.047619047619,-41.326530612244895,,20.134228187919454,-16.086956521739125,142.10526315789474,-46.92737430167598,752.3809523809524,-41.326530612244895,False,40.768810731701386,-4.513109120917768,-3.6889730639730667,22.24731039978749,-14.834833441588568,-22.889855135796534,24.31279878313777,0.280554571949998,-0.6656024243080205,-14.834833441588568,True,False
PGC,vcp,47.99804207260118,44.22999954223633,45.81999969482422,,,,False,,,,,,2.0,14%->8%,13.695561997560926,7.850408824312797,0.6215102019516777,50.0,-4.537773383511111,3.470100748969441,False,91.1111111111111,86.046511627907,30.769230769230795,25.581395348837212,7.499999999999996,17.64705882352939,25.925925925925952,19.999999999999996,25.581395348837212,True,42.768808044594905,16.85780967677173,17.80841915277631,16.339644058864078,16.74772210381772,4.911513895303643,3.1111885472021372,5.480308014628865,2.413546476611117,16.339644058864078,True,True
PGEN,vcp,7.269999980926514,6.539999961853027,6.849999904632568,,,,False,,,,,,2.0,15%->10%,14.507770932611358,10.041265763255925,0.5686624482234665,12.0,-5.777167502006225,4.525546672926112,False,,,,,,,,,,False,57.76883376673611,3011.375212224109,1156.185845488925,-51.44639818491208,-91.98062432723358,136.44417684500257,2616.355140186916,-36.16703952274422,-24.10865874363328,-91.98062432723358,True,False
PKOH,vcp,47.689998626708984,43.619998931884766,44.90999984741211,,,,False,,,,,,2.0,13%->9%,13.17435828492821,8.534283522803035,0.7602368421052632,21.0,-5.829311929860122,2.872413537987751,False,30.303030303030297,-5.000000000000004,,-47.945205479452056,50.877192982456144,850.0000000000026,-84.21052631578951,-42.42424242424243,-47.945205479452056,False,49.76878308939814,9.997500624843791,3.848051307350775,1.6992790937178093,-4.549808429118773,4.536817102137758,6.582278481012649,-0.9031610637230347,-0.37490627343164107,-4.549808429118773,True,False
PLOW,vcp,45.9900016784668,39.13999938964844,40.11000061035156,,,,False,,,,,,2.0,23%->15%,22.516022187600583,14.89454672498008,0.5801308496234239,39.0,-12.785389983728438,2.4183525453569494,False,-1.834862385321101,,54.285714285714384,-75.73529411764706,311.5384615384616,-51.85185185185184,63.63636363636358,-69.72477064220183,-75.73529411764706,False,47.435443830324076,10.457116098123276,19.75370870883919,28.55401291545048,25.28864433762501,55.77117063506463,-25.328658596061516,13.827326503044013,-16.57309586418768,10.457116098123276,True,False
PLPC,vcp,428.5,391.0,398.239990234375,,,,False,,,,,,3.0,17%->12%->9%,16.538139336997478,8.751458576429405,0.7209071016510842,19.0,-7.061845919632439,1.8179967888493747,False,75.390625,-8.154506437768239,-19.248826291079823,-65.5844155844156,109.81308411214954,24.418604651162813,224.52830188679238,-79.296875,-65.5844155844156,True,42.76879988040509,25.40079362739607,18.67295898102208,3.585511946719966,21.16987473889762,20.65090368622289,1.8306384994425384,-2.795262989437741,5.0035082340316395,3.585511946719966,True,False
PMN,vcp,14.279999732971191,13.010000228881836,13.260000228881836,,,,False,,,,,,2.0,14%->9%,14.14565505505833,8.893554116510554,0.5866054464851171,7.0,-7.1428538036612945,1.8853694998848542,False,,,-8299.999999999998,-177.41935483870967,,,,,-8299.999999999998,False,58.768774176388895,,,,,,,,,,False,False
PNTG,vcp,40.547000885009766,36.4900016784668,40.11000061035156,,,,False,,,,,,2.0,12%->10%,12.39165441790479,10.005670254252621,0.6866906647468203,33.0,-1.077762263841719,9.025177952628898,False,25.0,9.090909090909083,56.25,-15.000000000000002,4.166666666666674,-3.999999999999959,47.05882352941168,-15.000000000000002,-15.000000000000002,True,49.76876379253472,35.755190181365926,35.98993528464274,53.168477225081,26.759386345523772,4.4224218892362055,-1.3683668425946038,26.32040831474116,4.345310499724375,26.759386345523772,True,False
POWL,vcp,185.0,167.30999755859375,170.6999969482422,,,,False,,,,,,2.0,16%->10%,15.695719721554847,9.562163481841218,0.7458726583216904,11.0,-7.729731379328547,1.9859399239920996,False,7.575757575757569,-1.5748031496062964,18.881118881118873,149.60212201591517,13.59999999999999,-63.23529411764706,-63.8682252922423,612.8787878787879,-1.5748031496062964,True,62.76876750568287,8.896053766858913,6.4544146200530506,4.039663506343438,8.33263652326921,5.099202670127934,18.08674119370661,-15.705258353664476,4.09050102524513,4.039663506343438,True,False
POWW,vcp,2.3399999141693115,2.0999999046325684,2.1500000953674316,,,,False,,,,,,2.0,19%->10%,18.726591225196433,10.256411040166299,0.3693163739340715,24.0,-8.119650673975725,2.325590163581752,False,,,,,,-200.00000000000009,0.0,,,False,61.4354316758912,22.123596316756753,10.10391236614392,6.968593421412317,0.010790267329086056,4.258050636740962,3.6938989351198437,11.76663929199453,1.0705403961213777,0.010790267329086056,True,False
PRAX,vcp,365.7099914550781,328.95001220703125,330.54998779296875,,,,False,,,,,,2.0,15%->10%,15.085311665516784,10.0516748535601,0.7248503098847999,16.0,-9.614176392123058,0.4840343805850032,False,,,,,,,,,,False,54.43542090090277,-100.0,-100.0,-100.0,-100.0,,,,-100.0,-100.0,True,False
PRM,vcp,32.564998626708984,29.65999984741211,31.209999084472656,,,,False,,,,,,2.0,21%->9%,21.08985516342336,8.920616925542472,0.626917320641473,25.0,-4.16090772110456,4.966354638029098,False,,22.222222222222232,-189.0,,-352.2727272727273,,,,-189.0,False,43.43538769700231,31.46293324479368,73.63459669582117,19.156683791211982,9.370460132377767,70.95363359425598,21.72165450121655,-67.42676172874337,93.95286493399493,9.370460132377767,True,False
PRU,vcp,126.26236789364616,116.61000061035156,119.5,,,,False,,,,,,3.0,13%->10%->8%,12.907756893945107,7.6446905315644145,0.7284417140440727,146.0,-5.355806331259575,2.4184095310865588,False,89.1891891891892,-14.28571428571429,,223.38709677419354,66.66666666666666,-33.858267716535465,-36.65835411471319,170.9459459459459,-14.28571428571429,False,42.768718595625,,,,,2.6732673267326756,0.4975124378109541,3.288797533401855,,,False,False
PSMT,vcp,181.8300018310547,167.64999389648438,168.75999450683594,,,,False,,,,,,2.0,17%->8%,16.56009227232749,7.798497383146653,0.7311228583565393,29.0,-7.1880367335433455,0.657739183741559,False,12.28070175438598,11.724137931034484,6.6115702479338845,8.510638297872353,-20.98765432098766,25.581395348837212,26.470588235294066,-10.526315789473639,6.6115702479338845,True,40.76872903167824,12.488072093519342,9.651979710914249,9.919757954249153,8.558413435069667,-0.9184047373235416,8.157708415748854,3.8884276564172815,1.038951968778301,8.558413435069667,True,False
PYXS,vcp,3.437000036239624,3.069999933242798,3.430000066757202,,,,False,,,,,,2.0,25%->11%,24.530122951596663,10.677919672015951,0.32651027828275764,4.0,-0.20366509771936017,10.495630510431925,False,,,,,,,,,,False,47.43538704408565,,,,,-82.53437383872166,,,,,False,False
PZG,vcp,1.399999976158142,1.274999976158142,1.3200000524520874,,,,False,,,,,,3.0,18%->13%->9%,17.901232160458648,8.928571580624096,0.3717732984855537,15.0,-5.714280362031807,3.409096553469925,False,,,,,,,,,,False,,,-70.29339041410807,-39.27576055597124,119.866704933193,81.14687142623754,-37.423864149968786,169.55386668213728,,-70.29339041410807,False,False
Q,vcp,127.16000366210938,116.3499984741211,117.2300033569336,,,,False,,,,,,2.0,15%->9%,15.476300321410216,8.501104810214317,0.7206376700967367,15.0,-7.809059467756748,0.7506652372371974,False,-34.44444444444444,-21.739130434782616,-50.526315789473706,,-18.055555555555557,53.191489361702196,-53.46534653465349,12.222222222222223,-50.526315789473706,False,61.43538569825231,22.136752136752147,17.620751341681572,3.658536585365857,,8.669201520912551,10.504201680672276,-6.739811912225702,9.059829059829049,3.658536585365857,False,False
QUAD,vcp,10.869999885559082,10.029999732971191,10.220000267028809,,,,False,,,,,,2.0,13%->8%,13.363231553823471,7.727692377475003,0.7901005891281419,29.0,-5.979757363142251,1.8591049813431633,False,18.181818181818187,100.00000000000027,,,-40.90909090909092,4.761904761904789,,-100.0,18.181818181818187,False,41.76872037231481,-7.689863361932003,-10.98249576510446,-12.863070539419086,-9.823399558498892,-7.865524896923571,7.244897959183683,2.8151774785801775,-9.13568477915475,-12.863070539419086,True,False
QUIK,vcp,11.229999542236328,10.229999542236328,10.329999923706055,,,,False,,,,,,3.0,18%->12%->9%,17.960430355322057,8.904719864314984,0.8435650623885917,20.0,-8.014244481002434,0.9680579110193236,False,,,,,,,,,,False,56.76871842965278,48.68456739896936,16.78612716763006,-39.18214402085369,-51.79377524352577,8.532963769550594,35.306723814626295,83.98225726959092,-44.96880933007865,-51.79377524352577,True,False
RBRK,vcp,94.61000061035156,85.77999877929688,100.19999694824219,,,,True,,,,,,2.0,20%->9%,20.285428853830393,9.33305334963561,0.43072607393141815,11.0,5.908462426623224,14.391216175778817,False,,,-107.73286467486818,,,,,,-107.73286467486818,False,78.76871810846065,37.888078487058664,38.992606317845734,46.3324292909725,48.263597794883516,10.383705188752357,2.484616769574566,7.858558512248481,13.007809978700058,37.888078487058664,True,False
RGLD,vcp,271.42999267578125,244.52999877929688,248.33999633789062,,,,False,,,,,,2.0,18%->10%,18.005051278148347,9.910472174169781,0.7523306937643902,60.0,-8.506796213000401,1.53418604122466,False,38.3084577114428,91.86046511627906,-36.19631901840484,31.506849315068486,-15.75757575757576,217.30769230769204,-45.83333333333328,-4.477611940298498,-36.19631901840484,True,49.76866351887731,114.90772408332259,142.52207448458404,85.29028436018957,30.041220200477724,-3.9618438582467386,24.992006906033183,48.89791643524764,20.236783484304265,30.041220200477724,True,False
RHP,vcp,133.27000427246094,120.43000030517578,122.19999694824219,,,,False,,,,,,2.0,17%->10%,16.877639636617495,9.634579091807256,0.7665686289450023,32.0,-8.306450791122447,1.4484424609405582,False,26.785714285714256,3.0000000000000027,-4.440892098500626e-14,-43.617021276595736,37.8640776699029,-8.035714285714256,111.32075471698104,-52.67857142857143,-43.617021276595736,True,47.76865792146991,13.564968196326088,13.161013485901108,13.923780906778994,7.72786285498166,12.700805932239101,-9.926159651291389,24.53338464498749,-10.167623177638108,7.72786285498166,True,False
RIO,vcp,106.83999633789062,96.44000244140625,97.63999938964844,,,,False,,,,,,2.0,19%->10%,19.255126138315042,9.734176575215807,0.6325707633225262,62.0,-8.61100455221508,1.229001388512307,False,,,,,,,,,,False,155.76866752409722,,,,,,,,,,False,False
RLJ,vcp,11.779999732971191,10.59000015258789,10.920000076293945,,,,False,,,,,,2.0,17%->10%,17.14507353982959,10.101864239033858,0.6311187708260448,26.0,-7.300506588893904,3.021977302202097,False,6.666666666666665,,,-177.7777777777778,,,,-146.66666666666669,-177.7777777777778,False,49.7686527375463,5.476407520731041,3.613932750008386,-0.4230444045104531,-4.540642787727334,12.651149930730599,3.464468202304971,-0.4399400081807059,-9.104303737506992,-4.540642787727334,True,False
RLYB,vcp,17.09000015258789,15.850000381469727,16.510000228881836,,,,False,,,,,,2.0,11%->7%,11.289400930361586,7.255703686640367,0.37120545534535854,72.0,-3.3937970656964964,3.9975762462894213,False,,,,,,,-111.11111111111111,,,False,,-100.0,0.0,11000.0,-29.096989966555185,-100.0,-4.504504504504503,4.716981132075482,0.0,-100.0,True,False
RMR,vcp,20.530000686645508,18.809999465942383,19.149999618530273,,,,False,,,,,,2.0,14%->8%,13.597197580708755,8.377989104608082,0.48649672834702884,41.0,-6.721875411396877,1.7754577512309373,False,-28.000000000000004,-76.19047619047619,86.84210526315788,-44.117647058823486,259.99999999999994,-92.95774647887323,273.68421052631567,-23.99999999999998,-76.19047619047619,True,56.76864947377315,3.308523191431423,-7.63212833754533,40.76426401080351,-5.675396989069914,8.312714122573283,-36.99389905712701,45.854650400104944,3.7895978941635544,-7.63212833754533,True,False
RTX,vcp,226.41000366210938,194.00999450683594,195.33999633789062,,,,False,,,,,,2.0,17%->14%,16.8387233710488,14.310325794449739,0.6869798808454302,108.0,-13.722895111378172,0.6808650844623281,False,28.688524590163933,32.456140350877206,8.181818181818246,29.357798165137595,3.9735099337748325,26.890756302520956,-15.60283687943259,15.573770491803284,8.181818181818246,True,34.43531752927083,14.489597330985582,8.716635477198853,12.09360403274291,11.892080242919011,11.922449719152016,-8.919877877712679,7.8298781030340825,4.156433900189982,8.716635477198853,True,False
RYAM,vcp,8.859999656677246,8.220000267028809,8.319999694824219,,,,False,,,,,,2.0,18%->7%,18.080808392180177,7.223469689032195,0.6250486966609241,27.0,-6.094807932030358,1.2019162435500894,False,,,,,,,,,,False,48.76864943938657,10.614383851691533,-9.506670750799806,-0.37301421998371387,-12.033318125269565,17.888831429332576,-24.1996255891744,19.298146169477693,3.7609396320519517,-12.033318125269565,True,False
SA,vcp,33.150001525878906,29.149999618530273,29.610000610351562,,,,False,,,,,,2.0,15%->12%,14.863324237220738,12.066370205823333,0.6208935611038108,13.0,-10.678735301908821,1.5535325306966532,False,,,,,,,,,,False,56.76862108641204,,,,,,,,,,False,False
SBUX,vcp,109.87880450451249,98.19999694824219,99.06999969482422,,,,False,,,,,,3.0,16%->13%->11%,16.438891364313115,10.628808357475965,0.653964677699423,127.0,-9.837024400137494,0.8781697277298806,False,85.71428571428572,32.35294117647059,-62.318840579710134,-86.25000000000001,102.22222222222221,73.07692307692308,136.36363636363663,-77.55102040816328,-86.25000000000001,True,42.7686101984838,-1.4096869712351912,8.787207815924036,5.5044797718615035,5.455146572625091,-2.190631065414672,-3.8688465068430933,3.6168878670707505,1.1950084602368793,-1.4096869712351912,True,False
SCSC,vcp,59.310001373291016,55.0,58.59000015258789,,,,False,,,,,,2.0,20%->7%,20.020963127105855,7.266904861735397,0.41314508276533596,16.0,-1.2139625763478097,6.127325726639928,False,40.22988505747127,5.405405405405417,7.14285714285714,28.98550724637683,56.41025641025643,4.0000000000000036,-15.73033707865169,2.298850574712641,5.405405405405417,True,50.435279465520836,17.25014331652901,8.788148349925585,2.543822918352845,-4.632662007787724,24.298699774384126,0.03626818627757711,3.6317177043196036,-9.009381389272297,-4.632662007787724,True,False
SEPN,vcp,39.400001525878906,36.599998474121094,39.54999923706055,,,,True,,,,,,3.0,24%->14%->7%,23.757338066842753,7.106606455125898,0.7099525147785638,22.0,0.3807048359709285,7.458914841583962,True,,,-101.5840220385675,,,,-227.77777777777777,,-101.5840220385675,False,54.76863327518518,22375.63025210084,12010.95890410959,11276.415094339623,12113.068181818182,0.8407797006371842,9.97180529065429,12.20283786927192,17963.025210084033,11276.415094339623,True,False
SEZL,vcp,126.0,115.04000091552734,121.56999969482422,,,,False,,,,,,2.0,15%->9%,14.776338996399666,8.698411971803695,0.6978516342269555,10.0,-3.5158732580760166,5.3713899775347995,False,49.99999999999998,47.0,-89.78540772532189,70.45454545454545,-20.408163265306122,23.529411764705888,58.666666666666664,-3.8461538461538547,-89.78540772532189,True,49.76862323481482,62.87488465087665,52.13826032800499,61.577561909022016,61.667838559977504,15.604830456437192,-6.298346779864728,36.06409074302812,10.50638265149184,52.13826032800499,True,False
SFST,vcp,65.08999633789062,60.47999954223633,63.099998474121094,,,,False,,,,,,2.0,9%->7%,9.397435017945632,7.082496627781641,0.6919098912741858,41.0,-3.057302159673191,4.152137868845264,False,48.14814814814814,83.07692307692307,72.46376811594205,98.14814814814814,0.8403361344537785,0.0,11.214953271028016,32.09876543209877,48.14814814814814,True,41.43526320383102,10.330877577152187,9.854907873352792,7.790091264667542,7.537058152793619,5.971053757307865,-0.20455717817819963,-0.6485703177464441,5.008629168445089,7.537058152793619,True,False
SGMT,vcp,10.949999809265137,10.149999618530273,10.880000114440918,,,,False,,,,,,2.0,11%->7%,10.762330496145017,7.305937942190265,0.51742700023236,19.0,-0.6392666305344574,6.709563310957341,False,,,,,,,,,,False,57.43527392996528,,,,,,,,,,False,False
SILC,vcp,43.2400016784668,40.099998474121094,41.02000045776367,,,,False,,,,,,3.0,20%->13%->7%,19.63317686289884,7.261801763318158,0.5788967049241022,11.0,-5.134137683923054,2.2428131969180742,False,,,,,,,,,,False,43.43527551846064,,,,,,,,,,False,False
SKE,vcp,33.67499923706055,29.700000762939453,30.59000015258789,,,,False,,,,,,2.0,16%->12%,15.689556057413432,11.804004644925026,0.5222773637079495,15.0,-9.161096226774383,2.9094455220953774,False,,,,,,,,,,False,57.768610073078705,,,,,,,,,,False,False
SLGL,vcp,72.98999786376953,64.0199966430664,65.18000030517578,,,,False,,,,,,2.0,20%->12%,19.515756708928627,12.289356738227303,0.536566423609613,13.0,-10.70009287186244,1.779692630681473,False,,,,,,,,,,False,64.43524076413193,,,,,,,,,,False,False
SM,vcp,38.026196932229325,34.2782545712314,39.029998779296875,,,,True,,,,,,2.0,13%->10%,13.364053383394726,9.85621141045881,0.7400743955904658,30.0,2.6397639733905955,12.174594815990607,False,153.4090909090909,-205.66037735849054,-42.331288343558306,-35.4066985645933,,-278.7234042553192,-30.370370370370413,-23.29545454545454,-205.66037735849054,True,47.76856222118055,174.6496815286624,75.83333333333333,-16.01551938247884,26.250661602166936,45.97156398104265,110.40155785473034,-13.442267595057512,3.31324840764331,-16.01551938247884,True,False
SND,vcp,5.46999979019165,5.0,5.090000152587891,,,,False,,,,,,2.0,12%->9%,11.567877951569573,8.592318248977175,0.7175722910708612,19.0,-6.946977187917695,1.7681758328068453,False,-53.70370370370371,,-70.00000000000004,,,-433.3333333333338,-62.50000000000006,-85.18518518518519,-70.00000000000004,False,56.768559201539354,13.533287366888835,-42.195923180592985,-46.84582625296326,-64.3644390318161,7.974499089253184,8.339582428858971,8.236148489897044,-10.330958400367729,-64.3644390318161,True,False
SNDR,vcp,36.77159232323042,32.912965379021266,34.130001068115234,,,,False,,,,,,2.0,14%->10%,14.148109045766857,10.493499738306062,0.5875211551898144,36.0,-7.183782611030322,3.5658823645069906,False,40.000000000000014,-19.999999999999996,-31.578947368421083,-35.29411764705883,133.33333333333334,-7.692307692307665,18.181818181818144,-45.00000000000001,-35.29411764705883,True,43.7685590305787,10.432946145723342,-0.23541161363960228,4.517959823762219,10.389906513642932,12.170182338219515,-0.07859388396684874,-3.635362159184796,2.2456881379795846,-0.23541161363960228,True,False
SOLV,vcp,94.16000366210938,86.6500015258789,89.81999969482422,,,,False,,,,,,2.0,10%->8%,9.75555419921875,7.975787854872976,0.4836383083282745,26.0,-4.60917990494047,3.529278757198638,False,3.9215686274509887,-91.02564102564102,105.55555555555642,931.4285714285714,657.1428571428571,-81.08108108108112,-94.8753462603878,1315.6862745098038,-91.02564102564102,True,50.768565006099536,2.2211938917167995,-3.04347826086957,-3.710843373493977,0.672430355427478,10.06477329347284,0.45045045045044585,-4.67557251908397,-3.007866728366493,-3.710843373493977,True,False
STGW,vcp,9.550000190734863,8.4399995803833,8.800000190734863,,,,False,,,,,,3.0,17%->14%->12%,16.97860932738103,11.62304280819233,0.7306314778502542,72.0,-7.853402984511231,4.090915938054087,False,,-704.1666666666667,-328.57142857142856,,,,-1700.0,,-704.1666666666667,False,50.43523106905093,11.246035047211578,8.040476263540675,2.375530614625432,4.459137809107783,11.668652532227108,-12.793580731295295,8.67377839509662,5.1187151430778455,2.375530614625432,True,False
STLD,vcp,251.8800048828125,233.8000030517578,234.52999877929688,,,,False,,,,,,2.0,20%->7%,20.24436056649988,7.178021867780426,0.8088178472766042,27.0,-6.888203020159437,0.3112589994195245,False,83.58208955223883,93.05555555555556,28.57142857142858,33.65853658536588,32.73381294964028,54.444444444444365,-34.306569343065675,36.318407960199025,28.57142857142858,True,33.76855952703704,33.43686468031639,19.126246368038057,13.995110711446745,11.207810918287308,17.035988301698147,17.915754427681808,-8.578056279598156,5.763086777727566,11.207810918287308,True,False
STM,vcp,52.869998931884766,47.650001525878906,47.779998779296875,,,,False,,,,,,3.0,28%->15%->10%,28.032463630504733,9.873269361573204,0.4893965270442363,37.0,-9.627388415773583,0.27207462691333656,False,,,,,,,,,,False,43.4352250944676,,,,,,,,,,False,False
STRZ,vcp,27.781999588012695,24.940000534057617,28.260000228881836,,,,True,,,,,,2.0,14%->10%,13.728782388469781,10.229641840399912,0.6120485993925076,13.0,1.7205408104439939,11.748052611235174,False,,,,-1076.923076923077,,,,,-1076.923076923077,False,57.435215422881946,-6.866303690260134,-68.37712519319939,-7.494955318535601,-8.026467203682397,0.325839035516462,-4.3627298223745665,0.3753518923991228,-3.2970356926799727,-68.37712519319939,True,False
SYRE,vcp,92.0999984741211,85.26000213623047,90.80000305175781,,,,False,,,,,,2.0,24%->7%,23.75766038278335,7.426706244531128,0.7877068107480345,17.0,-1.4115042821944923,6.1013223891296935,False,-103.37899543378994,,,,,,,-105.47945205479452,-103.37899543378994,False,48.76848117341435,,,-100.0,-100.0,,,,,-100.0,False,False
TCMD,vcp,24.899999618530273,21.288999557495117,22.56999969482422,,,,False,,,,,,2.0,24%->15%,24.379420326572692,14.502008499421398,0.7255413759444705,28.0,-9.357429555830585,5.675676360876788,False,142.85714285714283,,12.5,71.42857142857142,,-117.77777777777779,25.0,157.1428571428571,12.5,False,47.76848203703704,8.609086876623785,22.848795456029247,21.042238710054328,17.323136278439797,13.858663159153405,-27.34424773635539,20.80228558101569,8.681325644762694,8.609086876623785,True,False
TDAY,vcp,6.730000019073486,6.210000038146973,6.590000152587891,,,,False,,,,,,3.0,28%->15%->8%,28.230183429572293,7.726597020100777,0.4451680262736197,27.0,-2.080235751691266,5.766314197909268,False,-85.71428571428572,,-119.14893617021276,,-50.0,,,-164.28571428571428,-119.14893617021276,False,50.43514663696759,-8.296672200745137,-4.039379046945879,-5.839443080761342,-8.432349997305854,-2.2148281174507956,-6.241239256336795,4.315294688264548,-4.114652883334669,-8.432349997305854,True,False
TECX,vcp,32.52000045776367,28.399999618530273,29.709999084472656,,,,False,,,,,,2.0,25%->13%,25.456884885687707,12.669129093600024,0.5205737279335411,12.0,-8.640840509644486,4.409288139719358,False,,,-110.64049586776858,,,,,,-110.64049586776858,False,50.76848249988426,,,,,,,,,,False,False
THC,vcp,283.04998779296875,253.50999450683594,264.510009765625,,,,False,,,,,,2.0,14%->10%,14.495508516305605,10.43631674972523,0.6745650910368878,48.0,-6.550072010921423,4.1586385590987165,False,213.37579617834393,87.58782201405153,11.345646437994649,-21.06339468302658,22.846441947565555,89.81042654028433,9.326424870466333,22.92993630573248,-21.06339468302658,True,41.76848214239583,6.7729083665338585,2.7761822707256467,9.164526960300211,3.1798673429574764,4.843517138599096,-2.8767866835534672,4.499905464170917,0.34149117814457064,2.7761822707256467,True,False
THG,vcp,235.0688712762226,216.0797295150364,231.19000244140625,,,,False,,,,,,2.0,10%->8%,9.734111500008298,8.078118407635785,0.7523917194729193,48.0,-1.650098889639204,6.535867799992542,False,25.116279069767455,48.57142857142858,18.695652173913068,75.00000000000003,3.4615384615384492,-4.761904761904779,11.428571428571432,13.953488372093027,18.695652173913068,True,42.768480625069444,4.339941972920691,6.125249500997998,5.522943886890119,6.36938606018016,1.4576231338897294,1.7705467161143629,0.40840840840841164,0.6407156673114089,4.339941972920691,True,False
THM,vcp,2.630000114440918,2.299999952316284,2.3299999237060547,,,,False,,,,,,2.0,19%->13%,19.243991913431937,12.547534135555912,0.6626154851702026,15.0,-11.406850862386253,1.2875524623216772,False,,,,,-200.0,,,,,False,51.768482181030095,,,,,,,,,,False,False
TORO,vcp,6.485000133514404,6.0,6.480000019073486,,,,True,,,,,,2.0,11%->7%,10.710900181183057,7.478799129207868,0.6526315789473685,17.0,-0.07710276542751998,7.4074076799480775,True,,,,,,,,,,False,15.435117567557871,,,,,,,,,,False,False
TRMK,vcp,48.73323203272407,44.88999938964844,47.130001068115234,,,,False,,,,,,2.0,11%->8%,11.432767414920916,7.886266686549587,0.5924510306343241,144.0,-3.289810459384827,4.752814826440182,False,17.391304347826097,7.954545454545459,5.494505494505475,11.904761904761907,13.684210526315809,-1.041666666666663,2.127659574468077,2.1739130434782483,5.494505494505475,True,41.76841795612268,,,,,,,,,,False,False
TRVI,vcp,17.315000534057617,15.710000038146973,15.890000343322754,,,,False,,,,,,2.0,14%->9%,13.501883853037096,9.269422156549751,0.6754983793025658,13.0,-8.229859351906859,1.1327898130060168,False,,,,,,,,,,False,57.76841227605325,,,,,,,,,,False,False
TRX,vcp,1.2200000286102295,1.090000033378601,1.2899999618530273,,,,True,,,,,,2.0,15%->11%,14.96062526493561,10.65573706418013,0.8202026614984921,10.0,5.73769931157614,15.503870882843696,False,,,,,,,,,,False,75.76841309688658,,,,,,,,,,False,False
TSAT,vcp,46.560001373291016,42.279998779296875,49.11000061035156,,,,True,,,,,,2.0,22%->9%,21.995883035432627,9.19244516270429,0.6013514280847198,19.0,5.476802323556943,13.907558025187722,False,,,,,,,,,,False,55.43509974262731,,,,,,,,,,False,False
TSM,vcp,436.0400085449219,405.1499938964844,418.010009765625,,,,False,,,,,,3.0,16%->12%->7%,16.088083377608577,7.084215678170995,0.6305206079617429,49.0,-4.13494138748036,3.0764851483702835,False,,,,,,,,,,False,29.43507949416667,,,,,,,,,,False,False
TWIN,vcp,24.209999084472656,22.15999984741211,24.100000381469727,,,,False,,,,,,2.0,11%->8%,11.309524980892455,8.467572550943778,0.5837473167739957,15.0,-0.45435236333188683,8.049794619709907,False,20.000000000000128,,2114.285714285714,,-47.8260869565217,-85.16129032258064,,-140.0,20.000000000000128,False,49.4350809166088,18.33095430190943,19.01971886462668,0.2880306046418424,9.738398013635674,18.311374025275605,7.223331115546694,12.730636531826601,-17.255218353710255,0.2880306046418424,True,False
TWN,vcp,108.83000183105469,96.13999938964844,96.80000305175781,,,,False,,,,,,3.0,17%->14%->12%,16.863573820151835,11.660389807863766,0.7807783955520254,51.0,-11.053936025813895,0.6818219434936162,False,,,,,,,,,,False,,,,,,,,,,,False,False
UMC,vcp,19.770000457763672,17.8799991607666,21.899999618530273,,,,True,,,,,,2.0,13%->10%,12.805755527308705,9.559945641047609,0.7988076979016541,28.0,10.773895353806893,18.356166793547448,False,,,,,,,,,,False,42.43505813925926,,,,,,,,,,False,False
UNM,vcp,94.55000305175781,86.54000091552734,94.91999816894531,,,,True,,,,,,2.0,11%->8%,11.38969443607741,8.471710076884605,0.7195958802496597,62.0,0.3913221631362192,8.828484423801461,True,-16.145833333333325,33.01886792452828,-44.50261780104717,-93.35260115606935,14.184397163120588,33.01886792452835,360.86956521739114,-88.02083333333334,-93.35260115606935,True,48.768374843194444,0.25584577854464996,8.5263294087204,0.23172464932337267,5.0170966739198075,0.44110634239389324,3.4246786473906443,-3.975254558370822,0.5057416552626925,0.23172464932337267,True,False
USB,vcp,66.08000183105469,60.79999923706055,62.68000030517578,,,,False,,,,,,3.0,18%->10%->8%,17.764335073647665,7.990318474102663,0.6407411681580101,147.0,-5.145280616927972,2.9993635273801904,False,21.62162162162162,14.563106796116498,24.752475247524753,18.446601941747566,14.406779661016955,-6.349206349206337,3.2786885245901454,9.909909909909898,14.563106796116498,True,29.435032361655097,4.805585980284777,4.504628989912951,3.018867924528301,2.0468227424749186,1.216448499272782,-1.0596546310832067,0.20975353959098442,4.435925520262862,2.0468227424749186,True,False
UTMD,vcp,75.01000213623047,68.1500015258789,74.62999725341797,,,,False,,,,,,2.0,12%->9%,12.12287624509749,9.145447826934701,0.6865530303030304,42.0,-0.5066056152382836,8.68282991561049,False,-10.638297872340418,-10.869565217391308,-8.045977011494232,-19.60784313725491,2.4390243902439046,2.499999999999969,-2.43902439024386,-12.765957446808507,-19.60784313725491,True,36.43504193398148,-14.307244047020994,-10.175077239958807,-1.2338938632889263,-1.9290354822588673,-2.212795230451736,-3.571033720287453,-7.816958825927434,-1.4166582939817096,-14.307244047020994,True,False
UVE,vcp,45.11000061035156,41.720001220703125,44.70000076293945,,,,False,,,,,,2.0,17%->8%,16.765237863569695,7.514961968035358,0.7178364134885874,50.0,-0.908889030956974,6.666665528800239,False,68.59504132231406,30.555555555555557,895.652173913044,,8.510638297872353,-17.903930131004408,65.94202898550732,14.049586776859503,30.555555555555557,False,36.76834037277778,6.7206309775804,-0.32973127660705925,6.007395876915567,3.464549456333832,8.503804962331518,-3.520491461686681,1.7320022644464528,0.209926001084626,-0.32973127660705925,True,False
VET,vcp,13.010000228881836,11.880000114440918,13.289999961853027,,,,True,,,,,,2.0,12%->9%,11.577182094028766,8.685627168033013,0.6944242338452827,30.0,2.15218853224614,10.609479694953382,False,,,,,,,,,,False,49.768326414074075,,,,,,,,,,False,False
VMD,vcp,9.390000343322754,8.595000267028809,8.84000015258789,,,,False,,,,,,2.0,31%->8%,31.093117684024772,8.466454177067963,0.5744544828507704,33.0,-5.857296811772423,2.7714918702502382,False,-12.49999999999999,0.0,39.99999999999997,-10.000000000000009,16.666666666666675,-57.14285714285715,55.55555555555558,12.5,-12.49999999999999,True,49.76832145506944,23.85340015224562,27.541477109371026,25.51445753356949,23.981104751396455,3.5576948577187295,-1.0068127223323398,5.933476096448542,14.047830499873125,23.85340015224562,True,False
VMI,vcp,511.8699951171875,461.9700012207031,472.20001220703125,,,,False,,,,,,2.0,22%->10%,22.196768592078282,9.748567873188243,0.6529621294015489,55.0,-7.750011387378588,2.166457162614998,False,,27.54629629629628,134.28571428571422,21.16788321167884,11.433756805807626,-38.91352549889135,81.12449799196784,,21.16788321167884,False,34.43500032696759,6.486233851285239,6.1778742492113015,0.09312692447849269,2.529467983434208,8.6953226641741,-0.8729027411245704,-0.7380638253121519,-0.43482068406203167,0.09312692447849269,True,False
VPG,vcp,66.80000305175781,60.119998931884766,60.4900016784668,,,,False,,,,,,3.0,21%->14%->10%,20.840953927344813,10.000005710624388,0.43860070637418613,19.0,-9.446109408710528,0.6116758742193004,False,-750.0,,-333.33333333333337,,,,-123.72881355932202,2849.9999999999995,-750.0,False,48.43498022070602,11.674937800188934,17.57990549337198,10.8997563761992,5.28345240138921,-0.4943511196993544,4.692697214913366,1.0585992374071873,6.0762895650669835,5.28345240138921,True,False
VREX,vcp,11.0,10.015000343322754,18.459999084472656,,,,True,,,,,,2.0,11%->9%,10.863752120078386,8.95454233342951,0.60802693847834,44.0,67.81817349520597,45.74755774637759,False,,-211.76470588235296,,,,-480.0,-82.75862068965517,,-211.76470588235296,False,62.76831758153935,3.6945812807881673,1.4560826679192118,4.904904904904894,11.278561011181342,-2.546296296296291,3.053435114503822,-8.43162953254697,12.758620689655164,1.4560826679192118,True,False
VSH,vcp,34.040000915527344,30.190000534057617,30.799999237060547,,,,False,,,,,,2.0,20%->11%,19.928928337592886,11.310224083200742,0.791173140290836,19.0,-9.518218540907473,1.980515318548904,False,1800.0,,,,280.0,400.0000000000003,,-700.0,1800.0,False,49.43498678703704,16.5726467694326,17.337773825702296,12.061574107757478,7.518429924131675,5.878280638957545,4.78448588002327,1.3004654457148712,3.7244998360117965,7.518429924131675,True,False
VSXY,vcp,78.48999786376953,71.72000122070312,74.54000091552734,,,,False,,,,,,2.0,22%->9%,22.3109708218574,8.625298544174623,0.8288882742634374,12.0,-5.032484463941462,3.7832031931687133,False,990.0,,-8.298755186721984,,289.2857142857143,-74.6606334841629,,-330.0,-8.298755186721984,False,78.43498154987269,10.418094585332426,15.299334811529942,7.68865685809208,9.279881217520414,3.26923076923078,-31.247245482591445,54.144021739130444,0.8910212474297463,7.68865685809208,True,False
VZ,vcp,49.0099983215332,45.09000015258789,51.290000915527344,,,,True,,,,,,2.0,15%->8%,15.453227966875415,7.998364217904917,0.7917085848745059,63.0,4.652117266024044,12.08812761214533,False,-22.033898305084744,4.347826086956519,-52.542372881355945,49.99999999999998,-23.33333333333333,114.28571428571442,-52.13675213675217,-0.8474576271186418,-52.542372881355945,True,34.434964691643515,-0.7274518896359883,2.8520232940122403,1.9618284240912498,1.473147314731471,-0.5429732868757253,-5.335202440834497,7.569261701309826,-1.9794806399258014,-0.7274518896359883,True,False
W,vcp,107.91999816894531,93.0,104.79000091552734,,,,False,,,,,,2.0,16%->14%,16.295169120663353,13.825054134627143,0.496433225632111,28.0,-2.9002940201296687,11.251074351102854,False,-109.09090909090908,,,,,,,-790.9090909090909,-109.09090909090908,False,41.43498603418981,7.5160403299725065,7.362637362637359,6.920858699134902,8.07905686546464,20.061412487205722,-12.166616721606239,7.058068655758731,-4.766269477543538,6.920858699134902,True,False
WAT,vcp,426.2200012207031,392.95001220703125,410.010009765625,,,,False,,,,,,2.0,10%->8%,9.989048460581818,7.805825376187396,0.780756697115878,48.0,-3.803198209528498,4.160873430467173,False,-156.27530364372467,-142.85714285714286,-3.0927835051546615,-7.749077490774903,,-123.13829787234043,50.4,1.2145748987854255,-156.27530364372467,True,44.434941969652776,113.35927367055771,91.38972809667673,6.839010259947709,8.04830441507216,29.834254143646397,35.88603162380053,16.56633999552437,3.7466926070038875,6.839010259947709,True,False
WATT,vcp,11.770000457763672,10.800000190734863,10.989999771118164,,,,False,,,,,,3.0,39%->21%->8%,39.004150362777104,8.241293367061694,0.4255693628901331,23.0,-6.627023418091777,1.7288406218407908,False,,,-94.70712773465067,,,-157.33333333333331,,,-94.70712773465067,False,,216.82051282051282,798.5422740524781,610.2803738317757,453.04347826086956,0.2271252433484694,1.3815789473684115,138.99371069182388,30.461538461538453,216.82051282051282,True,False
WPM,vcp,160.99000549316406,147.38999938964844,149.6699981689453,,,,False,,,,,,2.0,12%->8%,12.123243353954576,8.447733175643073,0.6073200862664628,13.0,-7.031496948858368,1.5233505760608386,False,,,,,,,,,,False,50.76826191413195,,,,,,,,,,False,False
WSFS,vcp,82.73689545294805,76.33999633789062,80.63999938964844,,,,False,,,,,,2.0,15%->8%,14.883385184493699,7.731616082567781,0.8172904635738246,149.0,-2.534414727335402,5.3323450946228474,False,28.346456692913378,46.428571428571395,23.148148148148096,26.851851851851862,-0.6097560975609762,23.308270676691766,-2.91970802919711,7.874015748031504,23.148148148148096,True,36.768257880034724,43.70771279639085,47.88475209833509,73.99897604761748,66.63709538649792,14.414229307240056,9.20635391044069,8.403532967247319,6.098365604906353,43.70771279639085,True,False
WST,vcp,360.2900085449219,331.989990234375,355.20001220703125,,,,False,,,,,,2.0,16%->8%,15.733165792242696,7.85478854238567,0.28477729826561354,36.0,-1.4127497896617334,6.534352808278649,False,18.13186813186811,56.09756097560976,2.2471910112359605,3.7837837837837673,11.979166666666675,5.494505494505475,-5.208333333333314,5.494505494505497,2.2471910112359605,True,36.43492325621528,13.803000652315722,21.0458452722063,7.505341880341887,7.725264426295353,3.2429873357793904,4.956521739130437,0.0497141436738735,4.9706457925636105,7.505341880341887,True,False
WTS,vcp,392.89207047582164,345.6000061035156,351.92999267578125,,,,False,,,,,,2.0,15%->12%,15.314034693028706,12.036909860520167,0.7137475416193457,52.0,-10.425783791063091,1.7986493632263914,False,17.27574750830565,34.389140271493225,23.762376237623783,18.93203883495147,18.855218855218837,18.80000000000002,2.0408163265306145,-18.604651162790688,17.27574750830565,True,42.76824703335648,18.564548702811877,21.37992831541218,15.673575129533667,12.527593818984538,12.682710763324966,8.35066389377699,2.190616315187177,-4.971259903681835,12.527593818984538,True,False
WWD,vcp,355.0299987792969,321.510009765625,324.6700134277344,,,,False,,,,,,3.0,20%->13%->9%,19.818476865436292,9.4414525896189,0.5616001916397173,34.0,-8.551385926808871,0.9732970497482467,False,36.36363636363635,23.03370786516854,52.816901408450704,63.97058823529422,9.589041095890405,0.9216589861751112,-2.6905829596412745,26.70454545454548,23.03370786516854,True,68.76824474644675,21.220148430382558,23.419217793893132,28.953249862499586,16.474894907827853,1.7547736592307794,9.44489158556241,0.11956626583500274,8.71902875756736,16.474894907827853,True,True
WYY,vcp,11.399999618530273,10.59000015258789,11.130000114440918,,,,False,,,,,,3.0,28%->11%->7%,28.230448223803116,7.105258710936788,0.3312721576387171,24.0,-2.368416781790776,4.851751628936552,False,,,,,0.0,,,,,False,57.768245492233795,,,,,-39.31338028169014,62.10045662100456,-28.86723507917174,,,False,False
XBIO,vcp,4.300000190734863,3.8369998931884766,4.329999923706055,,,,True,,,,,,2.0,19%->11%,19.01194786477559,10.767448302537415,0.26289845547157414,6.0,0.6976681776859294,11.38568219871049,False,,,,,,,,,,False,,11.985821253540863,36.014840011394654,18.10610030516939,67.1906720955713,-18.133328706704354,5.30173718771858,-25.38188064349335,74.09090061485311,11.985821253540863,True,False
XENE,vcp,63.775001525878906,58.0,58.189998626708984,,,,False,,,,,,3.0,16%->11%->9%,15.827144556963832,9.05527461812055,0.6157749729195121,46.0,-8.757354395207054,0.3265142312991493,False,,,,,,,,,,False,47.76825726436343,,,,,,,,,,False,False
XOM,vcp,168.63999938964844,155.32000732421875,165.0800018310547,,,,False,,,,,,2.0,13%->8%,12.884913649225721,7.898477296986579,0.7625333607264012,70.0,-2.111004252536941,5.912281559594638,False,,,,,112.19512195121952,,,,,False,44.43491125960649,,,,,42.34166809805413,,,,,False,False
ZIM,vcp,29.03499984741211,26.850000381469727,29.719999313354492,,,,True,,,,,,2.0,10%->8%,10.317994899068283,7.525398579043325,0.24173282316625305,18.0,2.359219802108719,9.656793399033322,True,,,,,,,,,,False,64.43490404010416,,,,,,,,,,False,False
ZVRA,vcp,12.899999618530273,11.880000114440918,12.050000190734863,,,,False,,,,,,3.0,39%->12%->8%,39.47455621001513,7.906973133736932,0.5470064583160424,47.0,-6.589143045976714,1.410788992556671,False,-88.4297520661157,,,,-76.66666666666666,185.71428571428547,,-100.82644628099173,-88.4297520661157,False,49.768238431782414,53.25141996058884,77.54031665114456,183.35962799966788,605.3585926928282,9.505797901711755,6.1391941391941485,30.93273989947436,0.7032185773347299,53.25141996058884,True,False
