ticker,pattern_type,entry_price,stop_price,last_close,pole_gain_pct,pole_len,flag_len,retracement_pct,volume_ratio,breakout,ribbon_width_pct,squeeze_days_ago,expanding,n_contractions,contraction_pcts,first_contraction_pct,final_contraction_pct,volume_dryup_ratio,base_len,extension_pct,risk_pct,is_lre,eps_min_yoy_pct,eps_full_history_available,days_to_earnings,eps_yoy_q1_pct,eps_yoy_q2_pct,eps_yoy_q3_pct,eps_yoy_q4_pct,eps_qoq_q1_pct,eps_qoq_q2_pct,eps_qoq_q3_pct,eps_qoq_q4_pct,revenue_yoy_q1_pct,revenue_yoy_q2_pct,revenue_yoy_q3_pct,revenue_yoy_q4_pct,revenue_qoq_q1_pct,revenue_qoq_q2_pct,revenue_qoq_q3_pct,revenue_qoq_q4_pct,revenue_min_yoy_pct,revenue_full_history_available,passes_growth
GTBP,bull_flag,10.479999542236328,6.329999923706055,6.46999979019165,4515.079336264447,5.0,12.0,46.58112268689564,0.13609894071321613,False,,,,,,,,,,-38.26335808397358,2.1638310823105718,False,,False,,,,,,,-102.03703703703704,,,,,,,,,,,,False,False
NFE,bull_flag,10.680000305175781,5.730000019073486,6.269999980926514,4093.7985522308254,7.0,7.0,48.19162863350442,0.7574985297000588,False,,,,,,,,,,-41.29213668759988,8.612439609182134,False,-3666.666666666667,False,38.798091385960646,,,,-3666.666666666667,,,,,19.44337273333099,-51.87759333404352,-7.211284110884197,-46.12283879761819,47.092552398846735,-43.224378565451026,35.74555380787123,5.361965557153381,-51.87759333404352,True,False
OPTT,bull_flag,2.309999942779541,1.2699999809265137,1.340000033378601,1990.9090588900667,6.0,7.0,47.031963175160996,0.040373464637903436,False,,,,,,,,,,-41.9913391094622,5.223884381225961,False,,False,73.79800167248843,,,,,-211.30434782608694,,,,-38.01652892561983,22.672064777327925,162.5,25.581395348837212,-0.990099009900991,-57.56302521008403,-5.555555555555558,56.19834710743801,-38.01652892561983,True,False
SWVL,bull_flag,5.989999771118164,3.700000047683716,4.070000171661377,277.39726609015094,15.0,12.0,44.691360393978144,0.043858548556806376,False,,,,,,,,,,-32.05341690853483,9.090911753613682,False,,False,,,,,,,,,,,,,,,,,,,False,False
RFAI,bull_flag,54.70000076293945,25.0,37.54999923706055,220.00000000000003,15.0,15.0,31.818181818181817,0.06833894920753775,False,,,,,,,,,,-31.352835990266453,33.42210250879082,False,,False,,,,,,,,,,,,,,,,,,,False,False
TJGC,bull_flag,36.7599983215332,24.989999771118164,30.200000762939453,186.00407449144544,14.0,4.0,17.502730633561587,0.0757366203373903,False,,,,,,,,,,-17.84547839533237,17.251658477488675,False,,False,,,,,,,,,,,,,,,,,,,False,False
IGR,bull_flag,12.514898492644603,11.5600004196167,11.5600004196167,182.16640277412722,15.0,15.0,9.993091740703228,0.7146906805677619,False,,,,,,,,,,-7.630090436523535,0.0,False,,False,,,,,,,,,,,,,,,,,,,False,False
VNCE,bull_flag,11.640000343322754,9.609999656677246,10.069999694824219,128.62822107989865,11.0,3.0,29.21175277606569,0.33201053153737553,False,,,,,,,,,,-13.487977682055316,4.5680243504218145,False,-38.235294117647065,False,67.46427565074075,-13.978494623655912,,,-38.235294117647065,,,-233.33333333333334,-77.41935483870968,11.66969320462583,10.532856920925893,4.699186991869908,6.192460267957389,27.723900991645188,-23.501021419952927,-1.6669407701524808,16.22724976447618,4.699186991869908,True,False
SRZN,bull_flag,37.83000183105469,28.549999237060547,32.18000030517578,98.93679679898912,6.0,4.0,30.62687204844916,0.6406643241374319,False,,,,,,,,,,-14.935239895338345,11.280301534153157,False,-116.07843137254903,False,,-116.07843137254903,,,,,,,-427.84313725490193,408.64699898270607,408.64699898270607,-19.389312977099237,-90.16999999999999,0.0,846.9696969696969,-46.28687690742625,0.0,-90.16999999999999,True,False
AOUT,bull_flag,17.68000030517578,15.944999694824219,16.200000762939453,75.32466369404833,15.0,3.0,21.28646887745435,0.2580585751711627,False,,,,,,,,,,-8.371037990327759,1.5740805932466204,False,-3300.0,False,69.7988312350463,,,-3300.0,-33.33333333333333,,,-300.0,,25.425897245976703,-24.027315876142197,-3.297154089394072,-5.035529286757868,-20.83554686669925,-16.821620475113118,-1.0891798807671438,92.57625749107805,-24.027315876142197,True,False
GRAL,bull_flag,151.45700073242188,126.73999786376953,140.1199951171875,68.93888744311982,7.0,3.0,0.28969009157041764,0.5965083139875055,False,,,,,,,,,,-7.48529652667782,9.548956408560953,False,,False,40.79839826230324,,,,,,,,,25.723047490434393,28.105663222037247,13.973125588204539,26.322769789194478,9.56724285889421,-6.449985090717247,20.45366635353927,1.8287193337834795,13.973125588204539,True,False
PURR,bull_flag,14.760000228881836,10.545000076293945,12.270000457763672,67.08333405079668,15.0,15.0,30.745334992423917,0.7817605491750528,False,,,,,,,,,,-16.86991688689694,14.058682291069163,False,,False,45.46457130103009,,,,,1306192.0792079207,,,,,,,,425.2,,,,,False,False
SDGR,bull_flag,32.45000076293945,27.690000534057617,31.049999237060547,63.29788302555015,8.0,6.0,25.29411632709454,0.7357538461538462,False,,,,,,,,,,-4.314334338869483,10.82125212741556,False,,False,33.797798725798614,,,,,,-280.0,,,7.542139191731034,-1.6187805410488476,-1.2251321942547855,53.935959195239434,0.5154727157901995,-32.84002980455093,60.5827994993005,-0.7943899632937068,-1.6187805410488476,True,False
VICR,bull_flag,297.0,266.0,288.94000244140625,60.89550248528634,15.0,5.0,16.01194733161975,0.7488101084374129,False,,,,,,,,,,-2.7138038917824074,7.9393653518287834,False,142.3076923076923,False,18.464276792800927,633.3333333333334,320.8333333333332,142.3076923076923,,-56.43564356435642,60.31746031746028,-30.76923076923077,1416.6666666666667,20.220713434360626,11.540461285693482,18.522851684090757,11.871316420900602,5.31865304295942,-2.860817039928276,14.968869083564119,2.2113911118678775,11.540461285693482,True,False
IRD,bull_flag,5.619999885559082,4.599999904632568,4.840000152587891,49.44751432158056,11.0,10.0,45.251394415730616,0.29395529020349564,False,,,,,,,,,,-13.87899908993675,4.958682652664732,False,,False,40.46496319196759,,,,,,,,,-73.8029146426093,-50.64073226544623,-10.1580660158066,-20.37755365916731,-64.99768196569309,-44.191461836998705,25.527768756089642,6.835530881332419,-73.8029146426093,True,False
ANF,bull_flag,150.0,130.80999755859375,134.69000244140625,47.10776346632819,15.0,15.0,43.67556934938817,0.4651067005060024,False,,,,,,,,,,-10.2066650390625,2.88069256253849,False,-7.547169811320764,True,54.4655185855787,43.29896907216495,-7.547169811320764,1.4084507042253946,-5.600000000000005,183.6734693877551,-59.16666666666668,52.54237288135597,-18.900343642611695,4.809773614880508,1.5045871225204177,5.355800966233559,6.753953378341482,13.724646958532837,-33.29622314501959,29.37993319484682,6.789815979347313,1.5045871225204177,True,False
FEIM,bull_flag,89.58999633789062,81.58000183105469,84.52999877929688,46.69524095281044,10.0,7.0,26.191308469354503,0.8423497534962119,False,,,,,,,,,,-5.6479492861121,3.4898816879726513,False,-251.51515151515147,True,69.79851045949074,485.7142857142856,-251.51515151515147,-90.0,-35.71428571428572,,-412.5,-11.111111111111105,157.1428571428571,,,-100.0,-100.0,,,,,-100.0,False,False
COHU,bull_flag,68.48999786376953,61.7599983215332,68.13999938964844,46.15036489704507,14.0,6.0,13.640836350806133,0.713872306899791,False,,,,,,,,,,-0.5110212951345983,9.36307767135739,False,,False,27.798626947708335,,,,,,,,,38.37481426448737,29.259171255307503,29.863368819192115,32.41698307146903,19.088228006937392,2.3635768632905174,-3.1833915516162548,17.244613670133724,29.259171255307503,True,False
MXL,bull_flag,94.95999908447266,86.0199966430664,90.30999755859375,44.83715853043191,9.0,3.0,26.91910818273046,0.820879217568138,False,,,,,,,,,,-4.8968003061399035,4.750305648877868,False,,False,20.79808935994213,,,,,,,,,55.171716614742714,43.00397152179125,48.03129102607224,55.92587112524969,23.077091290783457,0.5511741769034462,7.889513597292397,16.21681232940917,43.00397152179125,True,False
ALAB,bull_flag,367.67999267578125,342.0,355.9700012207031,44.38109004939499,8.0,3.0,20.182008161709398,0.766649513163191,False,,,,,,,,,,-3.1848323782479913,3.924488348118317,False,-79.67479674796748,False,32.798908540613425,186.20689655172416,144.44444444444446,-79.67479674796748,,88.63636363636363,76.0,-50.0,72.41379310344828,104.45486518171161,93.40010787621831,91.77226852639338,103.8934969845958,27.253446447507955,13.961704911247196,17.351404098449528,20.13807476878988,91.77226852639338,True,False
FOSL,bull_flag,6.71999979019165,5.71999979019165,6.570000171661377,42.76169652934747,8.0,6.0,35.93750155220423,0.7821368745599768,False,,,,,,,,,,-2.232137250200651,12.937600597577829,False,,False,41.798458571898145,,,,,,,,,-4.85507377897163,-3.657203602336978,-18.0463692242971,-6.121208120381216,-6.70623462255463,-19.8781565926623,3.820489191379761,22.602410294571396,-18.0463692242971,True,False
AXTI,bull_flag,83.9800033569336,69.5999984741211,77.41000366210938,42.452324782954534,13.0,7.0,43.366926798488855,0.7765920789744922,False,,,,,,,,,,-7.823290583712252,10.089141995236876,False,,False,27.79880921162037,,,,,,,,,164.76577278290864,39.098987394089676,-8.221469826727745,18.227955170226263,76.75308275144852,16.852567162883545,-17.578250760150237,55.53021030377212,-8.221469826727745,True,False
BAND,bull_flag,65.12999725341797,59.15999984741211,60.709999084472656,41.74691275808129,12.0,4.0,14.662282034915473,0.7770438225004603,False,,,,,,,,,,-6.78642462051287,2.5531201786115303,False,-500.0,False,27.465455210752314,,-137.037037037037,-500.0,,,,,,19.824840307390335,-1.0958760578942628,-1.0253606556531514,3.6929298049561687,0.5373962285956324,8.21959926001199,6.60063439862677,3.3126531642954316,-1.0958760578942628,True,False
OKTA,bull_flag,212.5,180.5500030517578,209.11000061035156,41.68278495947884,13.0,11.0,17.66909532780934,0.845785239548886,False,,,,,,,,,,-1.5952938304227942,13.657882203257929,False,19.999999999999996,False,60.79800959931713,75.67567567567568,19.999999999999996,133.3333333333334,,54.761904761904766,19.99999999999997,45.83333333333337,-35.13513513513513,10.576923076923084,11.191860465116289,11.58357771260996,11.578947368421044,5.228758169934644,0.5256241787122251,2.5606469002695365,1.9230769230769162,10.576923076923084,True,False
VRA,bull_flag,4.690000057220459,4.0,4.619999885559082,41.11842156859977,6.0,6.0,23.199996948242188,0.12745098039215685,False,,,,,,,,,,-1.4925409553803448,13.419911275258695,False,,False,69.46426551833333,,,,,,-269.99999999999983,,,1.1163171413248962,7.832584791698927,-39.162778697512415,-11.67657449314019,28.629133603820335,-34.381773631137506,36.359693508746574,-12.144006322504165,-39.162778697512415,True,False
SEI,bull_flag,72.16899871826172,64.2300033569336,71.18000030517578,40.60649366399034,12.0,8.0,26.99145207414106,0.6977764919722743,False,,,,,,,,,,-1.3703923161617597,9.76397431644409,False,,False,31.79778396695602,,,,,,,,,46.068253070874235,26.08044174979536,-2.171723952738991,0.5939269527510893,25.097111416781303,3.9343512323440244,0.23960745649234116,12.075345633962066,-2.171723952738991,True,False
CRDO,bull_flag,208.10499572753906,186.80999755859375,194.7899932861328,40.56233351205911,9.0,3.0,39.68462832520267,0.7961336450414674,False,,,,,,,,,,-6.398213745353274,4.096717491959153,False,97.05882352941175,False,59.798630480520835,97.05882352941175,313.63636363636357,412.5,,-26.373626373626347,10.975609756097526,86.36363636363636,29.411764705882337,114.14189837008628,151.11506967389744,192.38947716268444,248.83905562641536,11.418685912911354,7.368578813401072,51.85485044417166,17.879352960320883,114.14189837008628,True,False
TTRX,bull_flag,14.630000114440918,12.0649995803833,14.390000343322754,39.71044593889581,14.0,5.0,37.63022372602528,0.5774900398406374,False,,,,,,,,,,-1.6404632210581198,16.157058425772032,False,,False,41.797659755196754,,,,,,-399.9999999999997,,,,,,,,,,,,False,False
RXT,bull_flag,4.275000095367432,3.7200000286102295,3.7249999046325684,39.534877826319594,15.0,4.0,40.33612216329431,0.5760304631494935,False,,,,,,,,,,-12.865501250651818,0.1342248630965281,False,,False,34.79779980217593,,,,,-1000.0000000000002,,,,0.5703136725198954,1.908626390141266,-0.40840140023337135,-0.6806747558449233,-1.1797669960182833,-0.6883421206795526,1.728247914183556,0.7354044724598552,-0.6806747558449233,True,False
BFLY,bull_flag,10.050000190734863,8.84000015258789,8.960000038146973,39.46629866267266,8.0,6.0,38.79003522485499,0.8349276462924384,False,,,,,,,,,,-10.845772456728572,1.3392844313413568,False,,False,28.4654272172338,,,,,,,,,39.468844887311306,24.994110718492337,40.98514674302076,4.513399153737652,22.924990576705607,-15.812521816393232,46.647121783237935,-8.099901637942096,4.513399153737652,True,False
DOCN,bull_flag,151.8300018310547,133.0,133.38999938964844,39.37255634035262,12.0,7.0,31.872132163505185,0.6047434349130056,False,,,,,,,,,,-12.145163814148493,0.2923752840789824,False,-61.53846153846154,True,33.46521886841435,-25.64102564102565,-61.53846153846154,9.523809523809534,357.5757575757575,93.33333333333333,-34.78260869565217,-84.76821192052981,287.1794871794872,28.57064471879287,22.40214899645472,18.282298401854334,15.693960218455905,9.026191814815544,6.400841618878661,5.554926535269167,4.999542752629171,15.693960218455905,True,False
QMCO,bull_flag,34.68000030517578,31.06999969482422,31.719999313354492,38.764784980485814,9.0,3.0,6.892661966758687,0.7649326895625684,False,,,,,,,,,,-8.535181562208715,2.049179169611823,False,,False,38.797867192858796,,,,,,,,,25.692996920013698,27.310121933303954,8.59297653019626,-12.709127856804836,3.601559094289297,4.569222106025261,18.92848600813202,-2.4437669165914833,-12.709127856804836,True,False
DELL,bull_flag,595.510009765625,530.4500122070312,537.9500122070312,38.447064568014696,11.0,9.0,35.465118450768095,0.5979695702345933,False,,,,,,,,,,-9.665664155880041,1.394181583755334,False,39.02439024390243,True,56.79857099017361,272.94117647058823,282.4817518248175,55.60747663551404,39.02439024390243,20.992366412213737,57.357357357357365,46.05263157894739,34.11764705882352,57.747850617947336,87.53528958850201,39.48017216163136,10.830665681687602,7.13699192555084,31.346055903412328,23.603036474726903,-9.306152606125739,10.830665681687602,True,False
AMD,bull_flag,629.75,596.0700073242188,611.760009765625,38.24754468169858,15.0,3.0,19.808561538826172,0.7844694811991971,False,,,,,,,,,,-2.856687611651449,2.5647316253014543,False,59.5744680851064,True,32.79890641581019,155.55555555555554,90.90909090909089,206.6666666666666,59.5744680851064,64.28571428571428,-8.695652173913038,22.666666666666657,38.888888888888886,50.11060507482108,37.84619521376713,34.10812222512405,35.5917289925209,12.513410709060757,-0.16553067185978154,11.075059485182791,20.31229668184775,34.10812222512405,True,True
TITN,bull_flag,24.59000015258789,22.520000457763672,23.079999923706055,37.62711616011296,15.0,15.0,27.627630551716354,0.5216754759874964,False,,,,,,,,,,-6.140708497404873,2.426340848325537,False,-28.57142857142857,False,53.46434545393519,,,,-28.57142857142857,,,-3279.9999999999995,,-9.158056168630335,-12.1067880794702,-15.539246842763921,-5.194579773588459,-4.976635827107034,-18.61132534062493,-0.41504398690478395,17.95009754294268,-15.539246842763921,True,False
FIRY,bull_flag,13.258999824523926,11.614999771118164,12.390000343322754,36.88611075457664,9.0,5.0,42.06799777602112,0.7104760972745511,False,,,,,,,,,,-6.554034940055321,6.255048835589862,False,,False,41.79848214194444,,,,,,,,,22.91584040612358,32.91775129013106,68.87625907377188,11.439504966617807,6.483422092423985,-3.018893072540063,9.633228611090816,8.566669310700403,11.439504966617807,True,False
AEHR,bull_flag,108.4000015258789,94.23999786376953,99.62000274658203,36.869023186378215,15.0,3.0,36.09530773290068,0.6827308893478666,False,,,,,,,,,,-8.099629756186653,5.400526736079706,False,-650.0,False,31.79890742324074,,,-650.0,-450.0,,,,,33.68585421250621,-43.666357131152026,-26.5293986471419,-16.388444241176913,82.63356928148937,4.340348037231889,-9.89151244416082,-22.144935765490803,-43.666357131152026,True,False
NRXS,bull_flag,8.050000190734863,7.28000020980835,7.369999885559082,36.20386506262783,10.0,4.0,22.81552442945622,0.42257148452800625,False,,,,,,,,,,-8.44720855980136,1.2211625121878156,False,,False,,,,,,,,,,115.71694445500769,79.5203510280186,27.190162448352197,21.71970748171761,19.952446788727784,66.08182604141813,19.3135686591555,-9.246537805088106,21.71970748171761,True,False
ILMN,bull_flag,280.1700134277344,262.8900146484375,273.67999267578125,36.0858489006159,10.0,4.0,15.158998789675115,0.6024742089812256,False,,,,,,,,,,-2.3164580222383893,3.942552731695753,False,-77.82805429864254,True,27.798319051585647,-9.395973154362414,6.0975609756097615,86.20689655172397,-77.82805429864254,55.17241379310347,-59.72222222222223,120.40816326530614,-34.228187919463096,9.442870632672328,4.8030739673391,4.98188405797102,0.37037037037037646,6.232813932172321,-5.867126833477132,6.918819188191883,2.3607176581680767,0.37037037037037646,True,False
NRGV,bull_flag,4.494999885559082,3.875,3.9700000286102295,35.47400165682686,15.0,5.0,47.84481908138132,0.7786618257985687,False,,,,,,,,,,-11.67964116385186,2.3929478066902177,False,,False,38.79805983666667,,,,,,,,,-10.96504955659885,-72.16294214023736,-99.3114102593554,-86.85884455032758,-74.50330136536105,2691.576313594662,-78.26323422770123,-42.45174752217006,-99.3114102593554,True,False
PRE,bull_flag,25.010000228881836,21.549999237060547,23.1299991607666,35.058438425911916,13.0,15.0,43.17461470807732,0.48439523652727473,False,,,,,,,,,,-7.516997404678899,6.830955387089121,False,,False,39.46457462071759,,,,,,,,,,,,,,,,,,False,False
SMTC,bull_flag,184.4499969482422,167.11000061035156,178.35000610351562,34.638117628815635,15.0,3.0,32.38805858462884,0.7447864009510125,False,,,,,,,,,,-3.3071243944982323,6.3022176106011925,False,-141.97530864197532,False,52.79775326997685,22.72727272727273,-141.97530864197532,,,,,,-240.9090909090909,16.098779377080596,9.287853154462633,12.81177323131888,19.61647542958831,6.074734091842338,2.7741157226033764,3.7358882371628432,2.660393192511612,9.287853154462633,True,False
P,bull_flag,133.31500244140625,124.5999984741211,130.77999877929688,34.35700750703794,9.0,3.0,4.345131821346202,0.3436228313672983,False,,,,,,,,,,-1.9015141699626366,4.725493472136433,False,-15.789473684210531,False,60.797980901307874,49.99999999999998,,123.07692307692308,-15.789473684210531,199.99999999999994,-75.86206896551724,81.25000000000003,14.28571428571428,37.73463940850312,35.24936254391542,20.351494927498347,16.049271302606762,12.632016837370452,-0.5672851998719475,9.793115890561799,12.015186956592427,16.049271302606762,True,False
NUAI,bull_flag,7.329999923706055,6.630000114440918,6.71999979019165,33.9658438013567,15.0,3.0,24.02233729063785,0.8345130620412798,False,,,,,,,,,,-8.321966437429207,1.3392809309621376,False,,False,41.798081549340274,,,,,,,,,,,,,-0.8371530720419407,,,,,False,False
MRNA,bull_flag,208.9029998779297,184.5800018310547,192.57000732421875,33.786577294854055,6.0,4.0,20.81301413112383,0.8396344836556648,False,,,,,,,,,,-7.81845763979213,4.1491432670051065,False,-1800.0,False,34.46480293012731,,,,-1800.0,,,,,2.1126760563380254,260.18518518518516,-29.81366459627329,-45.43501611170784,-62.724935732647815,-42.62536873156342,-33.26771653543307,615.4929577464789,-45.43501611170784,True,False
RBRK,bull_flag,116.75,105.9000015258789,114.47000122070312,33.37564646240434,8.0,5.0,33.43706355876982,0.637149293108133,False,,,,,,,,,,-1.952889746721092,7.486677385720375,False,-107.73286467486818,False,62.797875433090276,,,-107.73286467486818,,,,,,37.888078487058664,38.992606317845734,46.3324292909725,48.263597794883516,10.383705188752357,2.484616769574566,7.858558512248481,13.007809978700058,37.888078487058664,True,False
MTC,bull_flag,5.671999931335449,4.801000118255615,5.190000057220459,33.08270501473145,15.0,3.0,38.56059471711363,0.37136987062024546,False,,,,,,,,,,-8.497882227609713,7.495181785666018,False,,False,,,,,,,,,,,,,,,,,,,False,False
INTC,bull_flag,126.93000030517578,113.97000122070312,120.2300033569336,32.974942934838445,13.0,4.0,42.481797165796735,0.8355256067434896,False,,,,,,,,,,-5.278497543633098,5.206688814310391,False,,False,20.79831048738426,,,,,,,-111.11111111111111,,25.421883505715837,7.184021473119118,-4.109396914446006,2.777777777777768,18.789128673491938,-0.7093754570718147,0.1538123489343013,6.174663659693591,-4.109396914446006,True,False
OBIO,bull_flag,6.480000019073486,5.75,6.21999979019165,31.856546451385736,11.0,7.0,33.11257776233935,0.5576810747663552,False,,,,,,,,,,-4.012349199329337,7.55626697822073,False,,False,34.79803539908565,,,,,,-217.8571428571429,,,-89.47368421052632,-87.32718894009217,12120.158102766798,-12.765957446808507,-19.999999999999996,-99.64420868777695,3490.8246225319394,2.9904306220095656,-89.47368421052632,True,False
SILC,bull_flag,54.25,50.540000915527344,52.29999923706055,31.719488847698663,15.0,3.0,17.623902636673318,0.7740667976424361,False,,,,,,,,,,-3.594471452422955,3.365197604603486,False,,False,27.464467350104165,,,,,,,,,,,,,,,,,,False,False
NET,bull_flag,364.0,338.6700134277344,347.2799987792969,31.561201207007517,15.0,4.0,23.408445511172875,0.8225188975729522,False,,,,,,,,,,-4.593406928764595,2.4792632405629305,False,,False,27.79807234042824,,,,,,,,,35.86555953747297,33.536288816018796,33.604162227739785,30.6790333006264,8.801181702370432,4.108659461975206,9.337629686829985,9.703190999305122,30.6790333006264,True,False
FSLY,bull_flag,28.280000686645508,24.139999389648438,25.670000076293945,30.59226581810972,15.0,4.0,40.6400146484375,0.7057718838052123,False,,,,,,,,,,-9.229139133592975,5.960267557842558,False,,False,33.7984405009838,,,,,,,,,23.27229690200323,19.75926464277309,22.78647593168255,15.317843243006868,5.950722744637926,0.2369476050332553,9.094126644040369,6.39772979443074,15.317843243006868,True,False
VGZ,bull_flag,2.799999952316284,2.5999999046325684,2.7100000381469727,30.555547277132987,5.0,6.0,33.333345374678494,0.6480933245478084,False,,,,,,,,,,-3.2142827036428914,4.059045460000049,False,,False,27.797604180127312,,,,,,,,,,,,,,,,,,False,False
ABSI,bull_flag,10.989999771118164,9.25,10.770000457763672,30.289674968217373,7.0,4.0,45.53015266123687,0.7228085747266989,False,,,,,,,,,,-2.0018136299934484,14.113281273520867,False,,False,45.79890804260417,,,,,,,,,-46.37436762225969,-81.76420695504665,-2.2556390977443663,-77.77777777777779,47.906976744186046,-66.92307692307693,71.95767195767195,-36.25632377740303,-81.76420695504665,True,False
CRWD,bull_flag,268.95001220703125,230.85000610351562,264.75,30.19742920113022,15.0,10.0,18.774553963864633,0.8368092573161342,False,,,,,,,,,,-1.5616330233880715,12.804530272515343,False,,False,60.798626749861114,,,,,-90.9090909090909,,,,25.83040193267132,25.574252741894842,23.318671601775275,22.180843376117878,6.153739565208283,6.147965144115686,5.763123012953675,5.585515915110295,22.180843376117878,True,False
JWEL,bull_flag,2.700000047683716,2.440000057220459,2.5299999713897705,29.850741665639656,12.0,3.0,28.33331081601951,0.23070296347346658,False,,,,,,,,,,-6.2962990108013335,3.557308900674536,False,,False,,,,,,,,,,,,,,,,,,,False,False
UMC,bull_flag,25.3799991607666,23.420000076293945,24.489999771118164,29.758306474228704,12.0,6.0,39.763120848450654,0.6634773016892987,False,,,,,,,,,,-3.5066958986516967,4.369129051957376,False,,False,26.464278086828703,,,,,,,,,,,,,,,,,,False,False
MOVE,bull_flag,12.039999961853027,10.010000228881836,11.75,29.56926561971953,13.0,13.0,44.09448434566114,0.30935205744955385,False,,,,,,,,,,-2.4086375645502462,14.808508690367352,False,-195.37444933920702,False,,,,-195.37444933920702,,,,,,,,,,,,,,,False,False
LTRX,bull_flag,7.539999961853027,6.889999866485596,7.210000038146973,29.52029302786665,7.0,3.0,8.125007636845567,0.8457149264647792,False,,,,,,,,,,-4.376656835220381,4.438282523832268,False,,False,33.798204068657405,,,,,,,,,8.027324109712541,5.884210526315781,-4.451076666345754,-13.447404351741564,3.237565032972123,1.3535299254383126,-0.06712760958582642,3.311487915669753,-13.447404351741564,True,False
GCTS,bull_flag,2.2699999809265137,2.069999933242798,2.119999885559082,29.479767909851873,15.0,4.0,33.33334891624729,0.8466399039452779,False,,,,,,,,,,-6.607933772149559,2.358488444120755,False,,False,40.79844095482639,,,,,,,,,-17.85109983079526,287.0967741935484,-57.535014005602235,-83.52490421455938,-49.427083333333336,153.2981530343008,76.27906976744185,-63.62098138747885,-83.52490421455938,True,False
MRAM,bull_flag,19.299999237060547,17.829999923706055,18.440000534057617,28.531659432479483,7.0,3.0,15.60974338946599,0.7812844846612227,False,,,,,,,,,,-4.45595200517692,3.3080292444944703,False,-100.0,False,40.798136218773145,,,-28.57142857142856,-100.0,,-120.0,,,41.9286417695629,13.19835591414218,11.779808200558794,16.265608203092707,25.98171059709522,0.4661217320813371,5.284495021337121,6.507082796757824,11.779808200558794,True,False
CPIX,bull_flag,8.34000015258789,7.480000019073486,7.829999923706055,28.325508303570814,7.0,6.0,39.77899519079414,0.8150400884711086,False,,,,,,,,,,-6.1151105461740745,4.469986054187702,False,-375.0,False,32.798627598171294,,-375.0,,,,,,,-18.787983755826943,-22.041542535230985,31.077193778317213,-8.732986962330113,-3.614768822503922,-33.24402384416416,64.95482228103404,-23.48358175323646,-22.041542535230985,True,False
JILL,bull_flag,25.0,22.860000610351562,24.3700008392334,28.064674234123533,13.0,6.0,29.849184863830843,0.6992598363848851,False,,,,,,,,,,-2.5199966430664062,6.196143524340296,False,-309.0909090909091,True,68.46494637185185,60.86956521739133,-59.210526315789465,-309.0909090909091,-25.00000000000001,258.0645161290323,,-138.3333333333333,-13.043478260869556,0.9411917014596982,-5.998233903851647,-3.084981725860003,-0.4342554397248177,7.712020114108897,4.192185622062761,-8.038651179721368,-2.194387804641229,-5.998233903851647,True,False
BE,bull_flag,302.35400390625,251.3000030517578,276.9800109863281,27.739553625967606,13.0,7.0,36.432683156936335,0.8424900963046987,False,,,,,,,,,,-8.392147149402234,9.271430036818755,False,65.44129822818347,False,25.798760642534724,,65.44129822818347,,,-99.76979281353218,,,,133.78948951018285,36.28098998656175,59.520627975487585,21.377789349547417,-3.411645196146307,50.539320633275594,29.545293951384966,24.116243085616198,21.377789349547417,True,False
SVCO,bull_flag,9.0,7.84499979019165,8.760000228881836,27.272735287920025,5.0,5.0,23.446346404594877,0.8373099415204678,False,,,,,,,,,,-2.6666641235351562,10.44521021441777,False,-222.22222222222223,False,40.79771756309028,,,-222.22222222222223,,,,,,47.79216467463478,25.993471473176278,2.2005711406013706,70.17863652934744,0.28724303013236696,-2.7229892614508033,-2.249357326478152,54.980079681274894,2.2005711406013706,True,False
MRVL,bull_flag,267.4800109863281,248.13999938964844,264.2099914550781,27.063149351165205,13.0,6.0,25.44736686171597,0.7463354987445202,False,,,,,,,,,,-1.222528561738822,6.082280226015587,False,-80.0,False,60.79813630061343,50.0,-80.0,95.65217391304337,,725.0,-91.11111111111111,-79.54545454545456,900.0,36.54852699267235,27.568195008705754,22.080994827775946,36.83134357891959,13.297212341798325,8.973723351512142,6.951072547601833,3.409600717810668,22.080994827775946,True,False
DBI,bull_flag,6.586623836064718,5.800000190734863,6.050000190734863,26.79611003448541,6.0,12.0,49.49263359928661,0.712950079509314,False,,,,,,,,,,-8.147173099389704,4.132231274684204,False,45.83333333333333,False,67.46529553482638,47.61904761904763,,,45.83333333333333,1450.0,,-202.85714285714283,66.66666666666666,-1.2292390232036432,1.3744178632104198,0.002382380474563739,-3.1887791207858007,4.957851655058509,-2.4158163873041816,-5.159680015310785,1.6812843763936325,-3.1887791207858007,True,False
CTKB,bull_flag,5.985000133514404,5.53000020980835,5.960000038146973,26.490060787787574,10.0,4.0,16.666653421187945,0.6781125410564152,False,,,,,,,,,,-0.4177125281491269,7.2147621742686185,False,,False,33.79862697083333,,,,,,,-100.0,,5.56554537081706,6.459705236751323,8.116431206068619,1.5398058252427127,9.074430723915249,-28.97603836436491,18.83234849788691,14.67260207885619,1.5398058252427127,True,False
GLSI,bull_flag,20.308000564575195,17.1200008392334,18.049999237060547,26.347306111123547,7.0,8.0,47.2221947947204,0.779183490354419,False,,,,,,,,,,-11.118777155509113,5.152345912113175,False,,False,41.798409503784725,,,,,,,,,,,,,,,,,,False,False
ACMR,bull_flag,82.46499633789062,73.47000122070312,80.91999816894531,26.165154678698844,6.0,5.0,43.03644438282962,0.7736071257771402,False,,,,,,,,,,-1.8735199630821109,9.206620263001037,False,-76.59574468085104,True,33.4655739341088,179.54545454545453,-19.999999999999996,-76.59574468085104,15.555555555555568,412.5,118.18181818181799,-78.84615384615384,18.181818181818187,36.006073212859604,34.18452308424285,9.378845577278483,31.956700788328043,26.660555298512946,-5.38681831199116,-9.187843661762518,24.974462789963404,9.378845577278483,True,False
VCYT,bull_flag,49.0,44.470001220703125,46.040000915527344,26.07792445591517,6.0,4.0,40.53784186941426,0.8278547834644168,False,,,,,,,,,,-6.040814458107461,3.410077462215524,False,26.315789473684205,False,32.797611130636575,,288.88888888888886,614.2857142857144,26.315789473684205,-11.428571428571422,-29.999999999999993,108.3333333333333,,15.48584862173874,21.488036480218042,18.548115179715417,13.820127740376309,8.08939318765236,-1.1128018430558329,6.645838388740599,1.312190774714983,13.820127740376309,True,False
BRUN,bull_flag,17.200000762939453,15.800999641418457,16.5,25.939576543293864,5.0,6.0,36.61932794146174,0.4575399115214464,False,,,,,,,,,,-4.069771697032321,4.236365809585109,False,,False,45.465428888796296,,,,,,,,,,,,,269.6782619019352,,,,,False,False
KEEL,bull_flag,4.0,3.515000104904175,3.5299999713897705,25.401936556890625,15.0,4.0,48.73416365348916,0.5640440158379284,False,,,,,,,,,,-11.750000715255737,0.42492539963648257,False,,False,38.464934520474536,,,,,,,,,,,,,-50.039403690812364,,,,,False,False
RSKD,bull_flag,8.03499984741211,7.573999881744385,7.909999847412109,25.28180615164466,5.0,3.0,13.121038569440088,0.7805478082969936,False,,,,,,,,,,-1.5556938689956497,4.2477872585250775,False,,False,40.46446770805556,,,,,,,,,,,,,,,,,,False,False
CRSR,bull_flag,13.960000038146973,12.670000076293945,13.5,24.10632585906738,15.0,13.0,33.07984211795464,0.8402667590009401,False,,,,,,,,,,-3.2951292040829556,6.1481475830078125,False,2199.9999999999723,False,32.79862659010417,,,2199.9999999999723,,-45.45454545454546,-52.17391304347826,,,-1.8046808616984045,-4.121162947937796,5.616708935431536,13.663424271611667,-11.333043733357407,-18.849046022135497,26.3452133397732,8.013132903483777,-4.121162947937796,True,False
S,bull_flag,24.398000717163086,21.790000915527344,23.760000228881836,23.97119197218176,10.0,5.0,49.570805613335395,0.8384315296159518,False,,,,,,,,,,-2.614970364487449,8.291242821453466,False,,False,62.797824767685185,,,,,,,,,20.5621368964791,20.79561976867559,20.234035854754097,22.912631498993584,5.538988711653792,2.029850305915848,4.727456713258893,6.9079993228261305,20.234035854754097,True,False
TSEM,bull_flag,237.5500030517578,217.19000244140625,227.42999267578125,23.801803398577583,6.0,6.0,42.69069207270951,0.5176780271543363,False,,,,,,,,,,-4.260160069866047,4.502480131973132,False,,False,38.46432136219907,,,,,,,,,,,,,,,,,,False,False
AMBQ,bull_flag,70.77999877929688,63.314998626708984,68.16999816894531,23.675350944710473,15.0,3.0,48.465583779999335,0.8104340817021395,False,,,,,,,,,,-3.6874832655620033,7.1219006493211445,False,,False,34.465575105381944,,,,,,-101.47058823529412,,,89.67716667599173,59.2931604373252,2.358630218099278,-10.305155046415171,35.27932960893854,20.80601619745468,14.197632810349582,1.633749230683157,-10.305155046415171,True,False
OSUR,bull_flag,4.119999885559082,3.759999990463257,3.9200000762939453,23.529411330507056,8.0,6.0,30.263160784158714,0.7931155208873079,False,,,,,,,,,,-4.854364437391164,4.081634763179803,False,,False,33.79798160335648,,,,,,,,,-1.9300941040906516,-6.702081454010889,-28.527173187341436,-32.14330452210948,9.718889883616821,4.3418151926166715,-1.1888499169281919,-13.305806286409316,-32.14330452210948,True,False
XMTR,bull_flag,107.93000030517578,96.16000366210938,102.8499984741211,23.497593371480008,7.0,5.0,44.29427921517294,0.8080998393238396,False,,,,,,,,,,-4.7067560610495764,6.504613428550552,False,,False,32.46423124039352,,,,,,,,,41.054587288599606,35.87907611395566,29.52082183296756,27.535321599457994,11.768663046339544,6.621690454162721,6.464875632902634,11.177074938325537,27.535321599457994,True,False
ASTC,bull_flag,7.769999980926514,6.789999961853027,7.510000228881836,23.460895070122834,5.0,5.0,44.680864015496866,0.736986301369863,False,,,,,,,,,,-3.3462001632292764,9.58722030739551,False,327.27272727272714,False,,327.27272727272714,,,,,,-316.6666666666667,-45.45454545454546,,,,,-2.985074626865669,13.559322033898313,-42.43902439024391,,,False,False
DSP,bull_flag,12.729999542236328,12.0,12.3100004196167,23.153688511327776,5.0,4.0,14.655180918618685,0.3783803149944826,False,,,,,,,,,,-3.2992862350554812,2.5182811458129244,False,-250.0,False,38.798542373055554,-250.0,,218.18181818181813,-33.333333333333336,,-108.57142857142857,483.3333333333333,200.0,33.91134574133303,25.333371082358937,22.286628023186083,7.08190485723581,17.75057037656147,-19.601540082089286,28.67659087191232,9.927684225399158,7.08190485723581,True,False
CMDB,bull_flag,24.68000030517578,21.59000015258789,21.81999969482422,23.06079473859677,14.0,15.0,42.95453530697696,0.7054744227788203,False,,,,,,,,,,-11.588332961858901,1.0540767435981442,False,,False,42.46534438013889,,,,,,,,,,,,,,,,,,False,False
QLYS,bull_flag,190.27000427246094,168.05999755859375,187.1999969482422,22.963797436222876,8.0,5.0,48.478697161847094,0.6078875096122157,False,,,,,,,,,,-1.6135004232314998,10.224358814995249,False,10.077519379844958,True,32.797882631111115,16.279069767441868,10.077519379844958,23.529411764705888,12.096774193548377,5.633802816901423,-3.4013605442177353,5.7553956834532904,7.751937984496116,11.040338408650396,9.843088449583792,10.107983491529037,10.408339669974719,3.721859734226074,0.2031012882098615,3.1786769640103074,3.5474393826724127,9.843088449583792,True,False
HPE,bull_flag,67.10099792480469,60.68000030517578,63.88999938964844,22.864481435173722,15.0,4.0,24.025523906152884,0.6247233884453351,False,,,,,,,,,,-4.785321581587486,5.024259062667554,False,-87.25490196078431,False,62.79838726978009,404.7619047619048,,-29.54545454545454,-87.25490196078431,140.9090909090909,41.93548387096775,138.46153846153854,-38.095238095238116,32.95819935691318,39.10428662827896,18.10945273631841,14.328703703703694,14.110937356268982,14.479780960404387,-3.867179591010328,5.873526259378359,14.328703703703694,True,False
PBR,bull_flag,21.43000030517578,20.200000762939453,20.8700008392334,22.57882982659345,13.0,11.0,39.15210985566461,0.8029455216156284,False,,,,,,,,,,-2.6131565934095278,3.210350020851058,False,,False,39.797966953368054,,,,,,,,,,,,,,,,,,False,False
ATRC,bull_flag,61.70000076293945,56.150001525878906,56.20000076293945,22.56745978894088,15.0,5.0,34.510844589108075,0.7273974250992661,False,,,,,,,,,,-8.914100375998075,0.08896661277897773,False,,False,25.798824055520832,,,,,,-100.0,,,12.82879997649462,14.260637437307878,13.053903779460407,15.839013027348802,8.746964580280213,0.533096085409257,4.640684000029793,-1.3735961039819555,12.82879997649462,True,False
ADPT,bull_flag,29.959999084472656,28.06999969482422,28.899999618530273,22.190077531355,9.0,4.0,27.932966449837433,0.7307610078543665,False,,,,,,,,,,-3.538049059860445,2.8719720922552208,False,,False,33.79890822251158,,,,,,,-233.33333333333331,,21.525501452130634,35.14482390404821,51.03773783686971,102.37536341121998,0.9580382086519679,-1.1258213473584355,-23.721707298905002,59.60359381103619,21.525501452130634,True,False
BRKR,bull_flag,66.9800033569336,62.369998931884766,64.75,21.97553007773361,9.0,3.0,15.653539161147844,0.8123877692911772,False,,,,,,,,,,-3.3293568903692052,3.6756773252744934,False,-919.9999999999999,True,32.465428316863424,-919.9999999999999,-81.81818181818181,11.111111111111116,-251.85185185185182,-2150.0,-80.0,,-919.9999999999999,5.1542513167795345,2.7451959071624676,-0.24499795835034588,-0.45118000925497004,1.8338596065095913,-15.738845681539093,13.561882626380006,7.913217958364682,-0.45118000925497004,True,False
FTRE,bull_flag,20.969999313354492,19.25,19.950000762939453,21.679566355962354,9.0,6.0,32.417596237282595,0.6741165117239667,False,,,,,,,,,,-4.864084805980252,3.508775619897843,False,,False,34.46510217505787,,,,,,,,,-4.519217232155426,-2.2723783202825087,-5.236728837876614,3.9116906208327196,6.551453260015716,-3.6336109008327067,-5.8177670041351774,-1.2670702520061972,-5.236728837876614,True,False
PDEX,bull_flag,74.19999694824219,68.0999984741211,69.0,21.239978052741115,6.0,8.0,35.01182976069458,0.7961254612546126,False,,,,,,,,,,-7.008082428722225,1.3043500375056611,False,8.196721311475418,True,27.797986045891207,160.60606060606065,22.44897959183674,8.196721311475418,86.66666666666664,-28.3333333333333,81.81818181818181,-52.85714285714285,324.24242424242414,16.645707099577002,14.557252785115416,11.135592211040324,24.220687805859086,2.2908416461977943,6.89063923270643,0.7177549919050286,5.9220304104264265,11.135592211040324,True,False
TNK,bull_flag,103.16000366210938,92.54000091552734,97.05999755859375,21.189910492160145,11.0,13.0,47.022113553747616,0.7670149917905753,False,,,,,,,,,,-5.91315033634121,4.656909908057383,False,,False,33.79764958114583,,,,,,,,,,,,,,,,,,False,False
TER,bull_flag,415.6099853515625,376.0199890136719,400.9100036621094,21.108744731963537,6.0,6.0,32.62342295814581,0.5683415654889254,False,,,,,,,,,,-3.53696547425791,6.20837954181234,False,-15.73033707865169,True,19.79767900578704,385.71428571428567,314.75409836065575,82.02247191011234,-15.73033707865169,-5.928853754940711,56.17283950617282,116.00000000000001,53.06122448979591,,,,,7.575783454696938,4.6785914362566405,-27.769080543721415,,,False,False
MRVI,bull_flag,7.760000228881836,6.485000133514404,7.659999847412109,21.080140877971875,15.0,15.0,38.42972405710381,0.46148881234293865,False,,,,,,,,,,-1.2886646716521546,15.33942215801313,False,,False,34.79811942376158,,,,,,,,,8.534295419541316,40.52721451440768,-11.832101559461083,-39.688518652662076,-21.864605009341254,32.02783459671921,19.783809752582272,-12.167436757600692,-39.688518652662076,True,False
CDNA,bull_flag,65.62999725341797,62.29999923706055,65.0,20.97264635929752,8.0,3.0,12.500008638353599,0.8116544338649468,False,,,,,,,,,,-0.9599227179384942,4.153847327599158,False,-105.0,False,32.7987177777662,,,-105.0,,4039.999999999999,,-366.66666666666674,,52.2260293727431,38.98565271299521,25.18740110188382,20.718362028401472,12.105352591333896,8.593360766150603,8.32642046874219,15.43165011133032,20.718362028401472,True,False
MPWR,bull_flag,1375.1088475597753,1300.179544021109,1347.219970703125,20.84625436639962,5.0,6.0,32.96942069467002,0.5504621615442402,False,,,,,,,,,,-2.028121403344981,3.491666372601738,False,-88.11447811447812,True,27.79813423550926,85.76512455516013,39.5017793594306,-88.11447811447812,25.762711864406775,33.16326530612243,11.048158640226657,-4.85175202156336,32.02846975088966,47.55948923671405,26.135982206997376,20.829546459910087,18.876538212826887,21.942339138382327,7.059794583008827,1.8962907094099535,10.924592295214675,18.876538212826887,True,False
OMER,bull_flag,20.6200008392334,19.0,19.040000915527344,20.79207733815447,6.0,5.0,48.73949355348163,0.47963888701744933,False,,,,,,,,,,-7.662462945684319,0.21008883195337735,False,,False,41.79802766207176,,,,,-75.80645161290323,-56.64335664335665,,,-4.916011198506864,-65.6767165111196,-100.0,-100.0,188.37561912463357,,,-100.0,-100.0,True,False
A,bull_flag,177.0500030517578,169.5,172.30999755859375,20.730854654272,11.0,3.0,11.088619781501533,0.8483743203719384,False,,,,,,,,,,-2.6772128841920413,1.6307803368392566,False,-3.603603603603611,True,54.79890734981481,8.47457627118644,59.999999999999986,-3.603603603603611,24.39024390243909,6.666666666666665,12.149532710280365,-30.065359477124186,29.661016949152575,8.055235903337167,10.011990407673865,6.960142772159439,9.406231628453842,2.3433242506812,2.057842046718572,-3.3852767329392797,7.077100115074808,6.960142772159439,True,False
SITM,bull_flag,672.8099975585938,634.8800048828125,652.030029296875,20.654033535197456,7.0,3.0,24.15984460449626,0.6147600649532449,False,,,,,,,,,,-3.0885344060169175,2.630250700655068,False,,False,33.7977913105787,,,,,,-145.45454545454544,,,126.5404207557487,88.29293364724609,66.32408862004668,44.835176262608755,38.624776563614425,0.24892969060335002,35.561884475929496,20.250669122514164,44.835176262608755,True,False
CVI,bull_flag,55.189998626708984,49.7599983215332,50.9900016784668,20.651682307211196,9.0,8.0,42.763883486924385,0.8477357376453488,False,,,,,,,,,,-7.61006894863305,2.4122441977738296,False,-489.2857142857145,False,26.798628824050926,,,-489.2857142857145,,,,-129.30107526881721,,,,,,,,,,,False,False
LSCC,bull_flag,128.19000244140625,122.25,125.62000274658203,20.43830268934006,7.0,3.0,26.691220228952023,0.83729207345708,False,,,,,,,,,,-2.004836294467603,2.6826959663266883,False,-150.0,True,31.798205849155092,600.0000000000001,300.0,-150.0,-60.00000000000001,-12.49999999999999,,-400.0,0.0,62.198417371804695,42.23637120266335,24.16389170406834,4.9240308125673815,17.66093026793918,17.219737708516234,9.331153589453244,7.564672383057336,4.9240308125673815,True,False
RCEL,bull_flag,12.119999885559082,11.34000015258789,11.729999542236328,20.081141631376997,11.0,3.0,25.25251892778134,0.7599156005448573,False,,,,,,,,,,-3.217824645257937,3.3248031105556546,False,,False,34.797860209062506,,,,,,,,,17.90299572039944,4.0327421555252485,-4.288381287063469,-12.875116015262456,12.72031053294167,9.368366703000408,3.1603243179262552,-7.2917809722374605,-12.875116015262456,True,False
CBRL,bull_flag,55.619998931884766,50.189998626708984,52.619998931884766,19.94446711805191,6.0,4.0,19.14155139597138,0.6434302754549927,False,,,,,,,,,,-5.393743361401285,4.618016637213076,False,-600.0,True,68.46538451373843,86.20689655172413,239.28571428571422,-93.93939393939394,-600.0,-71.57894736842105,3066.666666666667,,-479.3103448275862,-2.1505537384981066,-2.8959492027615052,-7.859588662357453,-5.668160394940647,6.51832844850615,-8.853280171738776,9.737853555246701,-8.159016784388184,-7.859588662357453,True,False
PANW,bull_flag,404.69000244140625,367.2699890136719,397.30999755859375,19.733309376118633,14.0,5.0,40.15737132542475,0.7157490197658057,False,,,,,,,,,,-1.8236192735897958,7.560848891171355,False,-227.77777777777771,True,48.797967734293984,-227.77777777777771,-159.45945945945948,60.52631578947367,-4.081632653061229,,-136.0655737704918,29.78723404255319,30.555555555555515,34.43721663709836,31.14897335080822,14.931324767390342,15.661524076671341,13.590939373750842,15.728604471858132,4.850444624090544,-2.464025231618372,14.931324767390342,True,False
STX,bull_flag,944.4299926757812,870.3800048828125,922.3400268554688,19.700437040722797,6.0,5.0,34.71376844926725,0.6451377493738665,False,,,,,,,,,,-2.3389733481172796,5.6334996270088595,False,67.74193548387098,True,25.797714998703704,150.00000000000006,108.28025477707004,67.74193548387098,72.3404255319149,71.25382262996939,25.769230769230766,6.995884773662553,8.482142857142904,48.48608837970541,44.07407407407406,21.505376344086024,21.26383763837638,16.613110539845756,10.159292035398227,7.455306200076084,7.569558101472995,21.26383763837638,True,True
AGCC,bull_flag,15.5,13.880000114440918,14.550000190734863,19.61722524426117,6.0,3.0,45.52844992647792,0.5770221535291087,False,,,,,,,,,,-6.129031027517011,4.604811460556457,False,,False,,,,,,,,,,,,,,,,,,,False,False
AMKR,bull_flag,55.130001068115234,51.54999923706055,52.380001068115234,19.594269513384987,14.0,6.0,33.98927585583311,0.7350308943709772,False,,,,,,,,,,-4.988209589552282,1.5845777283878797,False,-18.518518518518523,True,24.798844750891202,266.6666666666667,58.13953488372094,4.081632653061229,-18.518518518518523,-51.470588235294116,33.33333333333333,131.81818181818184,144.44444444444446,27.476760683275646,15.893753552535795,6.735052688858811,3.415592750880281,-10.770129541335328,-4.978540167732948,31.46609218521734,14.362938160906502,3.415592750880281,True,False
GSIT,bull_flag,5.829999923706055,5.389999866485596,5.449999809265137,19.591837131892675,5.0,6.0,48.95835920340382,0.4473549175320708,False,,,,,,,,,,-6.518012339858778,1.100916419804999,False,,False,27.7983672228125,,,,,,,,,0.46156294763648464,7.4111847696753275,12.22755818248984,41.62637362637363,-0.11077702168064141,3.999341672152723,-5.710738671632532,2.562470157568031,0.46156294763648464,True,False
BBY,bull_flag,96.52999877929688,87.41999816894531,88.23999786376953,19.54452594005982,15.0,6.0,47.7349435064673,0.7746437362755965,False,,,,,,,,,,-8.588004786451245,0.9292834481820658,False,-47.61904761904761,True,53.46542302398148,70.11494252873563,37.89473684210527,365.45454545454527,-47.61904761904761,12.977099236641209,-48.828125,287.8787878787879,-24.13793103448275,3.6130536130536184,1.9276833580472275,-0.9607112130771478,2.4033880359978887,9.433751119068944,-35.31200231649052,42.82464846980976,2.4793388429751984,-0.9607112130771478,True,False
NEWP,bull_flag,6.769999980926514,6.150000095367432,6.28000020980835,19.459457416037562,6.0,4.0,44.444449350176875,0.5645846472387163,False,,,,,,,,,,-7.23781052435254,2.0700654474163667,False,,False,42.79806285946759,,,,,,,,,,,,,,,,,,False,False
NBIS,bull_flag,250.47999572753906,228.3800048828125,235.8800048828125,19.300308734600847,15.0,4.0,38.33458004240231,0.8023184982595724,False,,,,,,,,,,-5.828805131651223,3.1795827729128945,False,,False,39.464760984097225,,,,,,,,,,,,,,,,,,False,False
VBNK,bull_flag,24.040000915527344,21.90999984741211,22.219999313354492,19.272347256726817,7.0,13.0,19.42546808309672,0.8082023524513376,False,,,,,,,,,,-7.570721850502592,1.3951371535644888,False,,False,68.4642725155324,,,,,,,,,,,,,,,,,,False,False
MTSI,bull_flag,287.3800048828125,274.4800109863281,284.82000732421875,19.17620112819014,9.0,3.0,24.13491488951909,0.6467931709147436,False,,,,,,,,,,-0.8908057328614991,3.6303616571852384,False,42.85714285714286,False,34.4647614921875,166.66666666666669,42.85714285714286,,67.49999999999999,113.33333333333333,-6.25,-4.477611940298498,39.58333333333333,35.7657718413672,22.49721264842912,24.522973381868862,30.123063125903048,18.43954941080792,6.385211257234591,3.9981621166290227,3.6064091019085254,22.49721264842912,True,False
GNRC,bull_flag,214.0,200.7100067138672,206.9499969482422,18.916757607992363,8.0,3.0,22.4403278127948,0.46618672093614855,False,,,,,,,,,,-3.2943939494195384,3.0152163935211895,False,-119.1588785046729,True,26.46508019216435,92.0,69.86301369863016,-119.1588785046729,-40.74074074074073,93.54838709677418,,-136.60714285714286,-10.399999999999988,10.586532399646043,12.444685979826374,-11.604865885272197,-5.0453192542709635,10.77485097204458,-2.9444692827511387,-2.0504274677772716,5.011831291716962,-11.604865885272197,True,False
WATT,bull_flag,14.15999984741211,12.529999732971191,13.140000343322754,18.53881066969101,5.0,5.0,22.167481204861954,0.8451266876271499,False,,,,,,,,,,-7.203386405938213,4.6423180701174145,False,-94.70712773465067,False,,,,-94.70712773465067,,,-157.33333333333331,,,216.82051282051282,798.5422740524781,610.2803738317757,453.04347826086956,0.2271252433484694,1.3815789473684115,138.99371069182388,30.461538461538453,216.82051282051282,True,False
AIP,bull_flag,24.979999542236328,22.540000915527344,23.639999389648438,18.520336672735425,6.0,5.0,43.6507756297403,0.80911951362594,False,,,,,,,,,,-5.364292142288516,4.653123953136669,False,,False,32.79890775189815,,,,,,,,,46.248939522482125,38.736994918945065,30.008393053134476,18.317134506898668,5.223229856993372,13.89978646273029,15.676700367647056,5.490243606835543,18.317134506898668,True,False
AMRX,bull_flag,20.780000686645508,18.735000610351562,20.139999389648438,18.518516026718125,6.0,7.0,45.23807649619408,0.8232603149467758,False,,,,,,,,,,-3.0798906441248297,6.976160982502395,False,157.1428571428571,False,27.465500883958335,157.1428571428571,375.0,,,-5.263157894736848,90.00000000000001,899.9999999999998,-85.71428571428572,9.894852782854024,3.8967818009260524,11.471449026581148,11.679535580268418,10.197378892458197,-11.27322339279816,3.7992996929305134,8.282172177532887,3.8967818009260524,True,False
NNBR,bull_flag,4.010000228881836,3.5799999237060547,3.6700000762939453,18.404905103920143,5.0,5.0,46.66666931576241,0.7985431467376193,False,,,,,,,,,,-8.478806313751699,2.4523201830223105,False,,False,26.798050941284725,,,,,,,,,19.291889437644194,12.077056997956248,-1.6871180043750544,-8.544111562062561,8.686218890352215,13.117384162878643,0.8028339847134358,-3.7425524226054274,-8.544111562062561,True,False
NTRA,bull_flag,427.4679870605469,406.2950134277344,413.30999755859375,18.373201158243457,6.0,4.0,3.932221650401851,0.8410680602264871,False,,,,,,,,,,-3.312058430225274,1.6972694036671305,False,,False,34.79804164186343,,,,,,-266.6666666666667,,,37.71496523966338,38.820716178785645,39.7930097193427,34.66110906453095,8.053754859009764,4.6797896318557575,12.38080120503291,8.33937065495791,34.66110906453095,True,False
FIVN,bull_flag,35.3650016784668,33.34000015258789,34.0099983215332,18.24793539756586,11.0,3.0,44.02174100833774,0.7774904979932613,False,,,,,,,,,,-3.831481104548157,1.9700035342874673,False,37.50000000000002,False,38.79848202056713,300.0,2000.0,37.50000000000002,,-80.95238095238095,-4.545454545454564,4.761904761904789,2000.0,10.299397392584432,9.157505228723117,7.75927653771622,8.195107918026201,2.3336248317333608,1.6774232221711483,5.055417168126741,0.9047936766818809,7.75927653771622,True,False
ENTG,bull_flag,156.64999389648438,145.3000030517578,154.05999755859375,18.18393583900244,9.0,3.0,28.198535364879053,0.8357471182665765,False,,,,,,,,,,-1.6533651061627976,5.686092850614412,False,-50.74626865671641,True,33.46520704832176,74.28571428571429,46.34146341463414,-50.74626865671641,-9.80392156862745,1.6666666666666607,81.81818181818177,-28.260869565217384,31.428571428571452,11.45885916203937,5.005173305742372,-3.0486886449645145,-0.07428500680946026,8.78186968838528,-1.4564874377958503,2.0815264527320076,1.8551236749116518,-3.0486886449645145,True,False
PSNL,bull_flag,16.770000457763672,15.914999961853027,16.280000686645508,17.9007893489044,15.0,15.0,19.47789964894058,0.4624606552354637,False,,,,,,,,,,-2.921882872646665,2.242019099494822,False,,False,32.797911581192125,,,,,,,,,29.95989071673546,-24.91142926474157,3.2440476190476186,-43.61896612081372,44.49974146845914,-10.79850100893629,19.6619523973784,-15.741440446433764,-43.61896612081372,True,False
PRLB,bull_flag,98.5,92.38999938964844,94.8499984741211,17.549633993550763,7.0,4.0,4.178686073611539,0.8467147403617613,False,,,,,,,,,,-3.7055853054608185,2.5935678693171966,False,3.4482758620689724,False,28.464575639479165,105.55555555555559,120.00000000000001,,3.4482758620689724,12.12121212121211,32.00000000000001,-16.666666666666664,66.66666666666667,10.571362993565959,10.40450061408027,12.10924024640656,7.7591765576863425,7.180484584027091,2.082890697691453,0.8325576584962358,0.22433975255991,7.7591765576863425,True,False
BBCP,bull_flag,10.360713919298393,9.529999732971191,9.6899995803833,17.454957026338192,6.0,13.0,49.79887549860232,0.5197331652734343,False,,,,,,,,,,-6.473630525265109,1.65118528731433,False,-43.750000000000014,False,103.7987608288773,28.57142857142856,,,-43.750000000000014,125.0,,-166.66666666666669,28.571428571428537,13.135228708886038,14.391858581590245,4.644486594555808,-3.152305944124445,9.30891180544866,19.354088081124775,-17.411445795318915,4.998991068299374,-3.152305944124445,True,False
SWBI,bull_flag,14.3100004196167,13.850000381469727,14.0600004196167,17.386890631379792,15.0,3.0,19.411622609476982,0.5427067071771887,False,,,,,,,,,,-1.747029997688123,1.49359908875947,False,-60.00000000000001,False,62.79771763216435,,94.73684210526318,59.999999999999986,-60.00000000000001,-83.78378378378379,362.5,100.0,,32.335413801615,26.7300355917393,17.106614315916644,-3.862614609921422,-36.88680355851538,31.449645933578463,8.854576080853448,46.53784219001611,-3.862614609921422,True,False
LRCX,bull_flag,330.5,305.5,328.510009765625,17.202701489781823,7.0,3.0,20.987458064924667,0.7811378586754061,False,,,,,,,,,,-0.6021150482223904,7.004355752216336,False,35.074626865671576,True,19.798205126458335,35.074626865671576,40.77669902912619,36.95652173913042,44.18604651162792,24.827586206896534,15.07936507936507,1.6129032258064502,-7.462686567164201,29.988921747003182,23.75575058128141,22.137422198618985,27.740010978949982,15.07749395359539,9.293104257958817,0.3872526305963353,2.9543297134833946,22.137422198618985,True,True
FFIV,bull_flag,457.70001220703125,428.92999267578125,445.17999267578125,17.034545441443562,11.0,5.0,40.77143219735775,0.8443367890708264,False,,,,,,,,,,-2.7354204057977665,3.6502089643176445,False,4.0322580645161255,True,24.7984914634375,11.384615384615394,4.0322580645161255,9.929078014184412,16.487455197132572,40.31007751937985,-16.774193548387096,-4.61538461538461,0.0,10.854722759716552,11.020990996043079,7.302909761262066,8.493130871036092,6.575951706295435,-1.308870286273578,1.527608043550721,3.8084498378974097,7.302909761262066,True,False
SNDK,bull_flag,1762.0,1659.02001953125,1739.8900146484375,16.962840259648694,7.0,3.0,46.069112712012064,0.6197713552852833,False,,,,,,,,,,-1.2548232322112656,4.647994668417481,False,-48.630136986301366,False,27.797762445775465,,,615.2777777777778,-48.630136986301366,94.65914025184543,347.18446601941747,586.6666666666667,,371.59389794844816,251.03244837758112,61.24733475479744,22.570366436537448,50.67226890756302,96.69421487603307,31.065857885615245,21.409784324039972,22.570366436537448,True,False
LVLU,bull_flag,12.789999961853027,10.970000267028809,12.760000228881836,16.8016176941719,9.0,3.0,34.337334169809196,0.19539501478664978,False,,,,,,,,,,-0.234556161537666,14.028212615556402,False,-102.30326295585412,False,40.79820587773148,,,-102.30326295585412,,,,,,-16.82163886162905,-10.324994154781386,-4.7303732595582515,-8.599639818667326,17.861674575446273,-8.70703608492811,-14.367245994754796,-9.72644749754662,-16.82163886162905,True,False
COCO,bull_flag,61.29999923706055,55.79499816894531,57.255001068115234,16.63405137732972,8.0,6.0,44.76470947265625,0.428543921238133,False,,,,,,,,,,-6.598692037992395,2.5500006496078536,False,25.0,True,26.4653186578588,115.78947368421053,61.290322580645174,66.6666666666666,25.0,63.99999999999999,400.0000000000007,-75.00000000000003,5.263157894736836,28.083835528771807,37.30799489768639,0.3880810413769753,37.17439393255384,20.24198258837928,40.67549907267563,-29.907905634814846,8.031571649512026,0.3880810413769753,True,False
DDOG,bull_flag,277.5,255.5,273.8500061035156,16.618826991199988,5.0,3.0,33.054181270868014,0.816451528797246,False,,,,,,,,,,-1.3153131158502251,6.7007506644273365,False,-28.57142857142857,True,34.465237539513886,1100.0,114.28571428571428,-7.1428571428571725,-28.57142857142857,-19.999999999999996,15.384615384615397,29.99999999999996,900.0,35.64444336929702,32.154426546806334,29.20687462977498,28.35224110745258,11.429354964994953,5.584592433439584,7.626367496903397,7.123107068556767,28.35224110745258,True,False
PENG,bull_flag,56.900001525878906,53.40999984741211,54.689998626708984,16.54228703271048,7.0,3.0,35.21305181057111,0.8372053872053872,False,,,,,,,,,,-3.8840120209219715,2.3404622626407625,False,-60.00000000000001,False,4.797966347222222,,544.4444444444445,-60.00000000000001,,17.24137931034484,1349.9999999999998,-60.00000000000001,,47.63655316406117,-6.161102432431697,0.5772466886737604,8.604908275161648,39.56687920372946,-0.02098690941525483,1.5237244097750402,4.2161782076231,-6.161102432431697,True,False
RKLB,bull_flag,74.58000183105469,69.4000015258789,69.68000030517578,16.365063471340946,8.0,3.0,43.749965612697366,0.8402551696816606,False,,,,,,,,,,-6.570127923808354,0.40183521537108385,False,,False,38.79782131460648,,,,,,,,,61.98563301914213,63.45731791888652,35.70112094751789,47.965804137088774,16.829716293649042,11.520049874201232,15.844725303069374,7.323284751346049,35.70112094751789,True,False
PPIH,bull_flag,32.189998626708984,29.25,30.760000228881836,16.334212278644912,13.0,13.0,38.24884306564531,0.7652903770069037,False,,,,,,,,,,-4.4423686201733386,4.908973399369596,False,-63.934426229508205,True,69.4645817018287,209.99999999999997,-63.934426229508205,165.21739130434767,148.38709677419354,40.90909090909092,-63.93442622950819,-20.779220779220797,670.0,,,,,11.893800408459976,7.586027111574567,14.258967703501968,,,False,False
ECO,bull_flag,83.69999694824219,75.61000061035156,80.87999725341797,16.182204671032373,15.0,6.0,17.870368146439123,0.7680691080999222,False,,,,,,,,,,-3.369175385475856,6.515821985693375,False,,False,40.79856635420139,,,,,,,,,,,,,,,,,,False,False
KLIC,bull_flag,95.0999984741211,88.44999694824219,94.25,16.024338506196266,8.0,3.0,21.67866738963828,0.7731955032326547,False,,,,,,,,,,-0.8937944140476489,6.153849391785478,False,-78.80794701986756,False,47.79825786842593,,,-78.80794701986756,-31.428571428571452,62.12121212121213,106.25,122.2222222222221,,122.6280716648811,49.778993246329925,20.166261346945657,-2.074244839206041,36.18318282424027,21.5383844708829,12.42805167888803,19.63776758100706,-2.074244839206041,True,False
ON,bull_flag,77.44999694824219,74.11000061035156,76.87000274658203,15.915913989457465,7.0,3.0,29.15091304432319,0.6409136456669134,False,,,,,,,,,,-0.7488627818123108,3.590480080154791,False,-54.545454545454554,False,31.464694578541664,36.585365853658544,,-54.545454545454554,-32.25806451612904,,-120.0,-36.50793650793652,53.65853658536586,9.178184789269416,4.6759355329598185,-11.169811320754718,-11.975708042454169,5.960483711094966,-1.09796745310764,-1.3411567476948827,5.596786273575272,-11.975708042454169,True,False
KRT,bull_flag,54.279998779296875,52.0,52.54999923706055,15.800725502070678,10.0,4.0,29.228687764680135,0.7764650485852489,False,,,,,,,,,,-3.187176825980647,1.0466208278698956,False,-20.000000000000007,True,34.7982317324537,170.37037037037032,6.25,21.42857142857144,-20.000000000000007,329.4117647058823,-1.1102230246251565e-14,-5.555555555555525,-33.333333333333336,9.93337957511331,12.857060140507981,13.741404244016175,10.41491163508348,16.55023215644693,1.1503498620445196,-7.14687269105978,0.42746761731162763,9.93337957511331,True,False
FTNT,bull_flag,181.3699951171875,169.55999755859375,178.75999450683594,15.659384792533682,14.0,5.0,37.933897950279075,0.6604834976502261,False,,,,,,,,,,-1.4390476267395709,5.146563678088708,False,-11.428571428571422,True,33.79843512547453,43.85964912280702,28.57142857142856,-1.4705882352940902,-11.428571428571422,13.888888888888884,7.462686567164178,8.064516129032251,8.771929824561408,25.638036809815958,20.127297525491983,14.752123366062285,14.375704528877398,10.721237024221452,-2.9081364829396272,10.441184996231655,5.822085889570561,14.375704528877398,True,False
KEYS,bull_flag,366.7699890136719,355.32501220703125,364.0400085449219,15.569954948199193,8.0,3.0,13.988482258963403,0.7304610298609364,False,,,,,,,,,,-0.7443303843074893,2.3939666337018037,False,35.570469798657726,False,53.79826040350694,109.09090909090904,35.570469798657726,68.04123711340206,,13.861386138613852,23.926380368098176,20.740740740740726,22.72727272727273,41.34762633996938,32.28043143297381,31.470829909613805,,7.513104251601632,7.312500000000011,18.343195266272193,3.522205206738138,31.470829909613805,False,False
VPG,bull_flag,73.18000030517578,68.08999633789062,72.73999786376953,15.420553767898614,6.0,3.0,36.99062110234036,0.8473739055120242,False,,,,,,,,,,-0.6012605077498613,6.392633574979781,False,-750.0,False,32.46425566773148,-750.0,,-333.33333333333337,,,,-123.72881355932202,2849.9999999999995,11.674937800188934,17.57990549337198,10.8997563761992,5.28345240138921,-0.4943511196993544,4.692697214913366,1.0585992374071873,6.0762895650669835,5.28345240138921,True,False
ARQT,bull_flag,27.635000228881836,26.40999984741211,26.43000030517578,15.141150738224706,11.0,3.0,14.406782400672421,0.658979527348879,False,,,,,,,,,,-4.360412208163066,0.07567331643108301,False,,False,25.79882592219907,,,,,,-164.28571428571428,133.33333333333334,,59.330830388692576,65.08160260627133,83.82785467128026,121.69366551223328,23.210117839048184,-17.336846976149577,28.50663683367096,21.735129564193166,59.330830388692576,True,False
SYNA,bull_flag,102.55999755859375,98.27999877929688,101.4000015258789,15.105338054256423,7.0,3.0,32.93769536876624,0.7809731421704256,False,,,,,,,,,,-1.1310414004759743,3.076925739281924,False,-860.0,False,34.797712670462964,,,-860.0,,,,,,8.910891089108919,10.352588147036768,13.211077844311369,13.50407450523865,4.690686607749828,-2.7438016528925635,3.418803418803429,3.4299858557284235,8.910891089108919,True,False
GTBP,high_tight_flag,7.820000171661377,6.329999923706055,6.46999979019165,2739.99991763722,19.0,10.0,19.641672614243884,0.13066299010715235,False,,,,,,,,,,-17.263431609144273,2.1638310823105718,False,,False,,,,,,,-102.03703703703704,,,,,,,,,,,,False,False
RFAI,high_tight_flag,46.0,31.0,37.54999923706055,256.8353246716984,20.0,11.0,9.010902703042985,0.06491030418580467,False,,,,,,,,,,-18.369566875955332,17.443407110900615,False,,False,,,,,,,,,,,,,,,,,,,False,False
SWVL,high_tight_flag,5.0,3.700000047683716,4.070000171661377,228.14812963718606,31.0,9.0,23.701293084146165,0.06645363807945563,False,,,,,,,,,,-18.59999656677246,9.090911753613682,False,,False,,,,,,,,,,,,,,,,,,,False,False
IGR,high_tight_flag,12.73169280374991,11.5600004196167,11.5600004196167,203.9258720545333,40.0,16.0,13.92500083459228,0.77983191974531,False,,,,,,,,,,-9.202958335502002,0.0,False,,False,,,,,,,,,,,,,,,,,,,False,False
MRNA,high_tight_flag,208.9029998779297,150.25999450683594,192.57000732421875,193.48311461741545,29.0,9.0,7.494494112093303,0.6949336286454862,False,,,,,,,,,,-7.81845763979213,21.971237060892843,False,-1800.0,False,34.46480293012731,,,,-1800.0,,,,,2.1126760563380254,260.18518518518516,-29.81366459627329,-45.43501611170784,-62.724935732647815,-42.62536873156342,-33.26771653543307,615.4929577464789,-45.43501611170784,True,False
RCEL,high_tight_flag,12.229999542236328,9.600000381469727,11.729999542236328,183.54429554584,39.0,17.0,22.068958350509064,0.5571176629062894,False,,,,,,,,,,-4.0883075937431475,18.158561328984643,False,,False,34.797860209062506,,,,,,,,,17.90299572039944,4.0327421555252485,-4.288381287063469,-12.875116015262456,12.72031053294167,9.368366703000408,3.1603243179262552,-7.2917809722374605,-12.875116015262456,True,False
REPL,high_tight_flag,13.739999771118164,12.069999694824219,13.239999771118164,147.47663564729487,31.0,14.0,14.828898556307488,0.41408231837277515,False,,,,,,,,,,-3.6390102498474053,8.836858735044636,False,,False,34.46448677424768,,,,,,,,,,,,,,,,,,False,False
ABCL,high_tight_flag,15.015000343322754,11.779999732971191,14.59000015258789,142.47618175688243,37.0,9.0,12.700532986678647,0.7059377116370705,False,,,,,,,,,,-2.830504036077915,19.259769638304476,False,,False,38.7989081515625,,,,,,,,,-76.29360805431983,96.3400236127509,788.373935432759,37.6210235131397,-51.2928442573662,-81.46207696080617,400.88218872138464,-47.58253336455163,-76.29360805431983,True,False
OABI,high_tight_flag,5.050000190734863,4.239999771118164,4.960000038146973,129.74358510375427,32.0,12.0,9.48617591578415,0.6112202492802057,False,,,,,,,,,,-1.7821811720524712,14.516134304260945,False,,False,33.79804026826389,,,,,,,,,244.23915832691816,247.30380356283098,-22.473158089596446,-46.332694151486095,-7.014625355236714,72.24212034383955,274.09557838320677,-42.54554785732615,-46.332694151486095,True,False
HTFL,high_tight_flag,51.400001525878906,46.779998779296875,49.75,110.40629450331716,39.0,8.0,14.908003551693842,0.7397274333700598,False,,,,,,,,,,-3.2101196048567475,5.969851699905779,False,,False,40.79837653872685,,,,,,-106.98689956331877,,,47.57277081798084,41.34390538906061,49.17410578733224,49.01783989180137,21.859014585353798,7.038612632050323,6.165182816146597,6.567796610169485,41.34390538906061,True,False
OMER,high_tight_flag,21.239999771118164,16.5,19.040000915527344,104.55531522917508,34.0,19.0,24.481333260389782,0.7270974554058643,False,,,,,,,,,,-10.357810166186281,13.340340301433196,False,,False,41.79802766207176,,,,,-75.80645161290323,-56.64335664335665,,,-4.916011198506864,-65.6767165111196,-100.0,-100.0,188.37561912463357,,,-100.0,-100.0,True,False
RNG,high_tight_flag,81.9000015258789,67.97000122070312,74.69999694824219,103.17463861885243,31.0,18.0,21.63677583325996,0.7249362640940089,False,,,,,,,,,,-8.791214216719702,9.009365465171456,False,221.4285714285714,False,34.7978274584375,221.4285714285714,,,,28.57142857142858,34.61538461538463,36.842105263157876,35.7142857142857,5.901534176448031,5.251643640451209,4.803974535891897,4.909940617479647,1.9888264340677253,0.025775076742950986,0.8420821883489582,2.9427883390984455,4.803974535891897,True,False
FGI,high_tight_flag,10.300000190734863,7.349999904632568,7.900000095367432,100.72465429016972,31.0,13.0,23.021592029845202,0.016889246261246882,False,,,,,,,,,,-23.30097136819763,6.962027646776662,False,-1241.6666666666672,False,41.79849361403935,,,-1241.6666666666672,,,,,,2.8623929214091293,-8.162842549749572,-14.399566381545249,-0.6934174320141762,4.537789338608711,0.10659036437152825,-15.007109988794342,15.647978305879096,-14.399566381545249,True,False
A,rainbow_convergence,172.30999755859375,155.06910036965562,172.30999755859375,,,,,,True,9.846101074604507,11.0,True,,,,,,,0.0,10.005743969136436,False,-3.603603603603611,True,54.79890734981481,8.47457627118644,59.999999999999986,-3.603603603603611,24.39024390243909,6.666666666666665,12.149532710280365,-30.065359477124186,29.661016949152575,8.055235903337167,10.011990407673865,6.960142772159439,9.406231628453842,2.3433242506812,2.057842046718572,-3.3852767329392797,7.077100115074808,6.960142772159439,True,False
ABSI,rainbow_convergence,10.770000457763672,9.177801170455032,10.770000457763672,,,,,,True,9.235569695701566,8.0,True,,,,,,,0.0,14.783651064386778,False,,False,45.79890804260417,,,,,,,,,-46.37436762225969,-81.76420695504665,-2.2556390977443663,-77.77777777777779,47.906976744186046,-66.92307692307693,71.95767195767195,-36.25632377740303,-81.76420695504665,True,False
ADI,rainbow_convergence,396.7099914550781,377.7691475933511,396.7099914550781,,,,,,True,3.9696611899047767,7.0,True,,,,,,,0.0,4.774481175090805,True,68.42105263157896,True,53.465574330787035,163.46153846153845,110.52631578947367,116.66666666666666,68.42105263157896,14.166666666666682,42.01183431952662,5.625000000000013,53.84615384615381,39.63239858517096,37.24892692157928,30.418327367328967,25.904989552657277,10.995938970019026,14.657071262739851,2.735461622558577,6.7967134526800255,25.904989552657277,True,True
AEHR,rainbow_convergence,99.62000274658203,94.71839102486568,99.62000274658203,,,,,,True,4.815748797370823,7.0,True,,,,,,,0.0,4.920308759863515,True,-650.0,False,31.79890742324074,,,-650.0,-450.0,,,,,33.68585421250621,-43.666357131152026,-26.5293986471419,-16.388444241176913,82.63356928148937,4.340348037231889,-9.89151244416082,-22.144935765490803,-43.666357131152026,True,False
AMD,rainbow_convergence,611.760009765625,535.5081725354211,611.760009765625,,,,,,True,12.293582847943824,14.0,True,,,,,,,0.0,12.46433830472463,False,59.5744680851064,True,32.79890641581019,155.55555555555554,90.90909090909089,206.6666666666666,59.5744680851064,64.28571428571428,-8.695652173913038,22.666666666666657,38.888888888888886,50.11060507482108,37.84619521376713,34.10812222512405,35.5917289925209,12.513410709060757,-0.16553067185978154,11.075059485182791,20.31229668184775,34.10812222512405,True,True
AMGN,rainbow_convergence,421.510009765625,403.8949351007452,421.510009765625,,,,,,True,3.0412586942320288,4.0,True,,,,,,,0.0,4.179040653073556,True,4.374999999999996,True,32.79885306305555,64.9056603773585,4.374999999999996,109.4017094017095,13.601532567049812,30.83832335329342,36.326530612244824,-58.68465430016862,123.7735849056604,9.532628826669566,5.755307399680953,8.584635703279764,12.395625073503469,16.662798793223477,-12.649503344820602,3.23323218583238,4.118095653121245,5.755307399680953,True,False
AMN,rainbow_convergence,35.869998931884766,34.04074218131878,35.869998931884766,,,,,,True,2.6572338135401163,11.0,True,,,,,,,0.0,5.099684429987442,True,322.22222222222223,False,34.798830426446756,,,,322.22222222222223,-66.66666666666667,,-125.0,,2.288449120674585,99.89775688763265,1.83963991185625,-7.710880875741266,-51.15669987760826,84.21744796017241,17.92430527536817,-3.597675390283739,-7.710880875741266,True,False
AMRX,rainbow_convergence,20.139999389648438,18.345865401870682,20.139999389648438,,,,,,True,8.26904268303737,9.0,True,,,,,,,0.0,8.908312026562944,True,157.1428571428571,False,27.465500883958335,157.1428571428571,375.0,,,-5.263157894736848,90.00000000000001,899.9999999999998,-85.71428571428572,9.894852782854024,3.8967818009260524,11.471449026581148,11.679535580268418,10.197378892458197,-11.27322339279816,3.7992996929305134,8.282172177532887,3.8967818009260524,True,False
APH,rainbow_convergence,84.30000305175781,80.92518586628216,84.30000305175781,,,,,,True,3.4230862944131295,6.0,True,,,,,,,0.0,4.003341712103625,True,24.13793103448276,True,26.465494224421295,59.302325581395365,24.13793103448276,57.62711864406778,102.08333333333334,90.27777777777779,-22.580645161290303,-4.123711340206215,12.790697674418606,55.002389253667936,58.38910829349408,49.123416475601566,53.37228879865306,14.934187215390882,18.342910389812083,3.948727883249381,9.629577190591654,49.123416475601566,True,False
ASML,rainbow_convergence,1811.6700439453125,1723.7225126560252,1811.6700439453125,,,,,,True,3.3781011573634103,5.0,True,,,,,,,0.0,4.854500497108298,True,,False,12.465483448171295,,,,,,,,,,,,,,,,,,False,False
AXTI,rainbow_convergence,77.41000366210938,69.75487897802645,77.41000366210938,,,,,,True,8.708403387125596,8.0,True,,,,,,,0.0,9.889063844380038,True,,False,27.79880921162037,,,,,,,,,164.76577278290864,39.098987394089676,-8.221469826727745,18.227955170226263,76.75308275144852,16.852567162883545,-17.578250760150237,55.53021030377212,-8.221469826727745,True,False
BAND,rainbow_convergence,60.709999084472656,53.96612575812516,60.709999084472656,,,,,,True,10.945451649760448,7.0,True,,,,,,,0.0,11.108340352573531,False,-500.0,False,27.465455210752314,,-137.037037037037,-500.0,,,,,,19.824840307390335,-1.0958760578942628,-1.0253606556531514,3.6929298049561687,0.5373962285956324,8.21959926001199,6.60063439862677,3.3126531642954316,-1.0958760578942628,True,False
BRKR,rainbow_convergence,64.75,59.33068713000568,64.75,,,,,,True,6.8798924303914655,10.0,True,,,,,,,0.0,8.369595166014395,True,-919.9999999999999,True,32.465428316863424,-919.9999999999999,-81.81818181818181,11.111111111111116,-251.85185185185182,-2150.0,-80.0,,-919.9999999999999,5.1542513167795345,2.7451959071624676,-0.24499795835034588,-0.45118000925497004,1.8338596065095913,-15.738845681539093,13.561882626380006,7.913217958364682,-0.45118000925497004,True,False
BST,rainbow_convergence,51.130001068115234,47.767898680844254,51.130001068115234,,,,,,True,4.274001312726188,11.0,True,,,,,,,0.0,6.575596160837151,True,,False,,,,,,,,,,,,,,,,,,,False,False
BSTZ,rainbow_convergence,30.889999389648438,29.00436989178778,30.889999389648438,,,,,,True,3.0975750595449445,9.0,True,,,,,,,0.0,6.104336468496511,True,,False,,,,,,,,,,,,,,,,,,,False,False
BTX,rainbow_convergence,8.979999542236328,8.773420605500492,8.979999542236328,,,,,,True,1.9971286795393326,8.0,True,,,,,,,0.0,2.3004337112069684,True,,False,,,,,,,,,,,,,,,,,,,False,False
CAAP,rainbow_convergence,25.440000534057617,24.202723476980296,25.440000534057617,,,,,,True,3.8164703761260044,6.0,True,,,,,,,0.0,4.863510342387476,True,,False,52.46538531862268,,,,,,,,,,,,,,,,,,False,False
CBNK,rainbow_convergence,39.310001373291016,36.31252462318886,39.310001373291016,,,,,,True,1.8365986250663002,9.0,True,,,,,,,0.0,7.625226775338602,True,-10.97560975609756,True,24.798706109108796,11.538461538461542,-10.97560975609756,109.090909090909,43.5483870967742,19.17808219178083,-20.65217391304347,3.3707865168539186,14.102564102564097,,,,,,,,,,False,False
CHEF,rainbow_convergence,112.16999816894531,108.81843198857433,112.16999816894531,,,,,,True,2.2055129229467143,3.0,True,,,,,,,0.0,2.98793459488428,True,-10.71428571428572,True,26.4653404584375,60.00000000000001,-10.71428571428572,29.411764705882337,32.432432432432435,-19.999999999999996,13.636363636363647,-10.204081632653061,96.0,11.387034208854496,10.545605127093726,9.648054864877631,8.400718966297415,-7.312850746216403,11.871413339025327,-1.3128728599505646,8.851767240109897,8.400718966297415,True,False
CLDT,rainbow_convergence,13.380000114440918,13.005734865370536,13.380000114440918,,,,,,True,2.105023706542017,7.0,True,,,,,,,0.0,2.7971991470047914,True,-40.0,False,33.465347473900465,85.7142857142857,,,-40.0,,-360.0,66.66666666666667,-57.14285714285715,3.91820470959352,0.5026458076342166,2.37108764619538,1.2260774395835172,-13.841953726326894,0.8071323673955577,26.351854828105136,-5.305902210907886,0.5026458076342166,True,False
CLS,rainbow_convergence,361.42999267578125,336.28360141268774,361.42999267578125,,,,,,True,6.902577673549599,10.0,True,,,,,,,0.0,6.957472200059206,True,74.17582417582416,True,24.79867157866898,74.17582417582416,147.29729729729732,77.51937984496129,208.0,73.22404371584699,-20.087336244541486,-0.8658008658008698,26.923076923076916,62.39026750535701,52.79770444763272,43.57151274698512,27.78555711142228,16.100815418828752,10.72806369531314,14.43018159048215,10.38916154005669,27.78555711142228,True,False
COHU,rainbow_convergence,68.13999938964844,56.78449957925943,68.13999938964844,,,,,,True,13.5213122445452,11.0,True,,,,,,,0.0,16.664954376436476,False,,False,27.798626947708335,,,,,,,,,38.37481426448737,29.259171255307503,29.863368819192115,32.41698307146903,19.088228006937392,2.3635768632905174,-3.1833915516162548,17.244613670133724,29.259171255307503,True,False
CPIX,rainbow_convergence,7.829999923706055,7.139724254141657,7.829999923706055,,,,,,True,7.711176182001764,9.0,True,,,,,,,0.0,8.815781306389589,True,-375.0,False,32.798627598171294,,-375.0,,,,,,,-18.787983755826943,-22.041542535230985,31.077193778317213,-8.732986962330113,-3.614768822503922,-33.24402384416416,64.95482228103404,-23.48358175323646,-22.041542535230985,True,False
CTKB,rainbow_convergence,5.960000038146973,5.015002667342649,5.960000038146973,,,,,,True,12.657798072262391,13.0,True,,,,,,,0.0,15.855660482481031,False,,False,33.79862697083333,,,,,,,-100.0,,5.56554537081706,6.459705236751323,8.116431206068619,1.5398058252427127,9.074430723915249,-28.97603836436491,18.83234849788691,14.67260207885619,1.5398058252427127,True,False
CYRX,rainbow_convergence,17.399999618530273,16.343299362865114,17.399999618530273,,,,,,True,5.844579344087543,12.0,True,,,,,,,0.0,6.072990108228611,True,-109.38967136150235,False,32.798626012407404,-109.38967136150235,,,,,,,-108.4507042253521,7.737492849914207,16.466861598440552,-59.80295043690522,15.439622099851235,2.454077576467628,5.166116611661176,2.75133949766011,-2.686232234786823,-59.80295043690522,True,False
DDD,rainbow_convergence,3.5999999046325684,3.3558348573578223,3.5999999046325684,,,,,,True,5.190561777355595,11.0,True,,,,,,,0.0,6.782362603969753,True,-115.78947368421053,False,32.798627539629635,-115.78947368421053,,,,,-174.99999999999983,,-124.56140350877195,-0.27309728168033454,1.055637825259148,-4.277453523562469,-19.20577297680184,-1.003789068224159,-10.103034580098802,16.467029775668784,-3.784348046141839,-19.20577297680184,True,False
DDI,rainbow_convergence,13.289999961853027,12.648113729490506,13.289999961853027,,,,,,True,3.53565082972606,8.0,True,,,,,,,0.0,4.829843748720548,True,,False,38.798605031099534,,,,,,,,,,,,,,,,,,False,False
DDOG,rainbow_convergence,273.8500061035156,242.82824731056826,273.8500061035156,,,,,,True,8.53904136537491,7.0,True,,,,,,,0.0,11.328010991981174,False,-28.57142857142857,True,34.465237539513886,1100.0,114.28571428571428,-7.1428571428571725,-28.57142857142857,-19.999999999999996,15.384615384615397,29.99999999999996,900.0,35.64444336929702,32.154426546806334,29.20687462977498,28.35224110745258,11.429354964994953,5.584592433439584,7.626367496903397,7.123107068556767,28.35224110745258,True,False
DHY,rainbow_convergence,16.049999237060547,2.372467513570119,16.049999237060547,,,,,,True,25.29879610621816,14.0,True,,,,,,,0.0,85.21827024083635,False,,False,,,,,,,,,,,,,,,,,,,False,False
EBF,rainbow_convergence,22.510000228881836,21.70614374003596,22.510000228881836,,,,,,True,2.803250159999727,7.0,True,,,,,,,0.0,3.5711083104054153,True,2.6315789473684292,True,80.46520221537037,2.6315789473684292,2.9411764705881804,7.692307692307687,27.499999999999993,11.428571428571477,-16.666666666666696,-17.647058823529417,34.210526315789465,1.4588927641799643,3.9503349478430705,0.3969089214300725,-0.3655162664835676,2.3369965650716473,-3.7976579112881437,1.5110057156755508,1.5216519028365072,-0.3655162664835676,True,False
ENTG,rainbow_convergence,154.05999755859375,143.1370082745949,154.05999755859375,,,,,,True,5.756071292758237,7.0,True,,,,,,,0.0,7.090087924897244,True,-50.74626865671641,True,33.46520704832176,74.28571428571429,46.34146341463414,-50.74626865671641,-9.80392156862745,1.6666666666666607,81.81818181818177,-28.260869565217384,31.428571428571452,11.45885916203937,5.005173305742372,-3.0486886449645145,-0.07428500680946026,8.78186968838528,-1.4564874377958503,2.0815264527320076,1.8551236749116518,-3.0486886449645145,True,False
EXEL,rainbow_convergence,58.40999984741211,56.48147133849139,58.40999984741211,,,,,,True,3.0638253506361983,10.0,True,,,,,,,0.0,3.301709491454767,True,26.15384615384615,True,25.798510763645837,26.15384615384615,43.636363636363626,89.36170212765953,72.49999999999999,3.797468354430378,-11.235955056179737,28.985507246376784,6.153846153846132,10.63402204268813,9.96764767835636,5.62994592019479,10.789336140652628,2.926923505104684,2.0293554136467495,0.15190169885654914,5.190220690844516,5.62994592019479,True,False
FBLA,rainbow_convergence,16.479999542236328,15.934495894271288,16.479999542236328,,,,,,True,3.2518505540875875,11.0,True,,,,,,,0.0,3.3100950431884253,True,-100.0,False,27.798548820682868,-100.0,-75.0,,,-100.0,,-233.33333333333331,19.999999999999996,,,,,11.523502276359032,-1.5932826964158542,9.293728516765022,,,False,False
FFIV,rainbow_convergence,445.17999267578125,417.95507698950314,445.17999267578125,,,,,,True,5.426581908220147,14.0,True,,,,,,,0.0,6.115485002513502,True,4.0322580645161255,True,24.7984914634375,11.384615384615394,4.0322580645161255,9.929078014184412,16.487455197132572,40.31007751937985,-16.774193548387096,-4.61538461538461,0.0,10.854722759716552,11.020990996043079,7.302909761262066,8.493130871036092,6.575951706295435,-1.308870286273578,1.527608043550721,3.8084498378974097,7.302909761262066,True,False
FORM,rainbow_convergence,149.30999755859375,118.41163200910609,149.30999755859375,,,,,,True,12.36362852449722,8.0,True,,,,,,,0.0,20.694103579609404,False,-16.666666666666664,True,26.798461150902778,491.6666666666667,225.0,141.6666666666666,-16.666666666666664,173.07692307692304,-10.344827586206872,44.99999999999995,66.66666666666667,31.892052012788685,31.97320198884195,13.552666993872808,-2.52071740165547,14.19361115041744,5.103572640277365,6.161064950956208,3.5128040122983872,-2.52071740165547,True,False
FOSL,rainbow_convergence,6.570000171661377,5.436975380093069,6.570000171661377,,,,,,True,12.049710482524985,10.0,True,,,,,,,0.0,17.24543016688835,False,,False,41.798458571898145,,,,,,,,,-4.85507377897163,-3.657203602336978,-18.0463692242971,-6.121208120381216,-6.70623462255463,-19.8781565926623,3.820489191379761,22.602410294571396,-18.0463692242971,True,False
FROG,rainbow_convergence,97.04000091552734,90.4013611228771,97.04000091552734,,,,,,True,2.360134804401253,1.0,True,,,,,,,0.0,6.8411373969680085,True,,False,34.79845886847222,,,,,,,,,28.731331551642825,25.79100868414388,25.17962059994141,25.538255575117375,6.361339680601641,5.967406714106782,6.1348214481363295,7.614368809935534,25.17962059994141,True,False
FSLY,rainbow_convergence,25.670000076293945,24.118236309174787,25.670000076293945,,,,,,True,6.024030442776842,12.0,True,,,,,,,0.0,6.045047769798026,True,,False,33.7984405009838,,,,,,,,,23.27229690200323,19.75926464277309,22.78647593168255,15.317843243006868,5.950722744637926,0.2369476050332553,9.094126644040369,6.39772979443074,15.317843243006868,True,False
FTK,rainbow_convergence,29.31999969482422,27.684249031792916,29.31999969482422,,,,,,True,4.906471573571962,12.0,True,,,,,,,0.0,5.578958663222829,True,-40.00000000000002,True,32.79844917996528,420.0,-29.41176470588236,-40.00000000000002,562.5,116.6666666666667,33.33333333333337,-83.01886792452831,960.0,70.29477292202229,26.532639716773243,33.02401639182773,12.643239113827342,41.849509642974404,3.7500555399220925,20.502935874783603,-3.974293059125966,12.643239113827342,True,False
FTNT,rainbow_convergence,178.75999450683594,165.47328276302298,178.75999450683594,,,,,,True,6.269599004748214,13.0,True,,,,,,,0.0,7.432709863562264,True,-11.428571428571422,True,33.79843512547453,43.85964912280702,28.57142857142856,-1.4705882352940902,-11.428571428571422,13.888888888888884,7.462686567164178,8.064516129032251,8.771929824561408,25.638036809815958,20.127297525491983,14.752123366062285,14.375704528877398,10.721237024221452,-2.9081364829396272,10.441184996231655,5.822085889570561,14.375704528877398,True,False
FTRE,rainbow_convergence,19.950000762939453,18.80440162720822,19.950000762939453,,,,,,True,5.473962665311722,11.0,True,,,,,,,0.0,5.742351337947707,True,,False,34.46510217505787,,,,,,,,,-4.519217232155426,-2.2723783202825087,-5.236728837876614,3.9116906208327196,6.551453260015716,-3.6336109008327067,-5.8177670041351774,-1.2670702520061972,-5.236728837876614,True,False
GH,rainbow_convergence,178.36000061035156,167.14895202048103,178.36000061035156,,,,,,True,5.8153305116472325,13.0,True,,,,,,,0.0,6.285629374022254,True,,False,26.798414241712965,,,,,,,,,44.332322222605214,48.259457121653696,39.3689238605845,38.500908730075835,11.043044436709604,7.252565187402671,6.059669074948348,14.265278687394446,38.500908730075835,True,False
GSAT,rainbow_convergence,82.88999938964844,82.12080867560124,82.88999938964844,,,,,,True,0.6596181745620857,10.0,True,,,,,,,0.0,0.9279656408626507,True,-276.9230769230769,False,34.46504253940972,-276.9230769230769,,,-116.66666666666667,,,,-107.6923076923077,-3.538452373860723,16.711087420042638,17.62753976167515,2.127041641888061,-7.55309431377027,-2.6361501368797002,-2.551289863904127,9.973491392148691,-3.538452373860723,True,False
IBRX,rainbow_convergence,9.4399995803833,8.220307347884432,9.4399995803833,,,,,,True,7.329827648583902,13.0,True,,,,,,,0.0,12.920469138933417,False,,False,32.465015416944446,,,,,,,,,93.90728476821192,167.6394018284192,406.9518008474576,425.0736980019653,15.911867167352845,15.465587044534423,19.412993980225203,21.328287606433307,93.90728476821192,True,False
IDT,rainbow_convergence,79.97000122070312,68.42335907542169,79.97000122070312,,,,,,True,6.894060572996459,2.0,True,,,,,,,0.0,14.43871698015202,False,1.1627906976744207,True,62.798343905138886,28.358208955223873,1.1627906976744207,4.999999999999982,30.88235294117647,-1.1494252873563315,3.571428571428581,-5.61797752808989,32.835820895522396,,,,,4.545921155024257,,,,,False,False
INTC,rainbow_convergence,120.2300033569336,106.33143988498823,120.2300033569336,,,,,,True,10.56095894823569,11.0,True,,,,,,,0.0,11.55997927629089,False,,False,20.79831048738426,,,,,,,-111.11111111111111,,25.421883505715837,7.184021473119118,-4.109396914446006,2.777777777777768,18.789128673491938,-0.7093754570718147,0.1538123489343013,6.174663659693591,-4.109396914446006,True,False
JAKK,rainbow_convergence,25.1299991607666,24.617724225950553,25.1299991607666,,,,,,True,1.8147508774887313,4.0,True,,,,,,,0.0,2.038499609724703,True,-62.5,False,27.798300677800924,,,,-62.5,,,-126.4367816091954,,16.91437016138513,-5.807351681633155,-2.774187133339967,-34.3264740085695,30.524204132138433,-16.07848073382948,-39.81629657686663,77.34730548978118,-34.3264740085695,True,False
JCI,rainbow_convergence,148.64999389648438,144.6629634563578,148.64999389648438,,,,,,True,2.4143947194089344,13.0,True,,,,,,,0.0,2.6821598411252063,True,-26.206896551724135,True,25.46495671584491,38.888888888888886,34.92063492063491,180.64516129032265,-26.206896551724135,17.647058823529417,-67.43295019157088,143.92523364485982,48.611111111111114,8.21000704721635,6.837449318098043,3.1049935979513554,2.611054594777884,5.951354148697607,-10.01241850357032,6.444150693985451,6.624383368569409,2.611054594777884,True,False
JWEL,rainbow_convergence,2.5299999713897705,2.3585374778582775,2.5299999713897705,,,,,,True,5.768453611718766,5.0,True,,,,,,,0.0,6.777173734010196,True,,False,,,,,,,,,,,,,,,,,,,False,False
KEYS,rainbow_convergence,364.0400085449219,337.188743333817,364.0400085449219,,,,,,True,6.061173708562729,8.0,True,,,,,,,0.0,7.375910499076772,True,35.570469798657726,False,53.79826040350694,109.09090909090904,35.570469798657726,68.04123711340206,,13.861386138613852,23.926380368098176,20.740740740740726,22.72727272727273,41.34762633996938,32.28043143297381,31.470829909613805,,7.513104251601632,7.312500000000011,18.343195266272193,3.522205206738138,31.470829909613805,False,False
KF,rainbow_convergence,66.66000366210938,65.03901811599415,66.66000366210938,,,,,,True,1.9053585940012674,11.0,True,,,,,,,0.0,2.4317213577301615,True,,False,,,,,,,,,,,,,,,,,,,False,False
LAUR,rainbow_convergence,38.15999984741211,37.05710926382978,38.15999984741211,,,,,,True,1.9697841786760923,4.0,True,,,,,,,0.0,2.8901744968353924,True,-58.92857142857143,False,27.46487444122685,50.76923076923077,,90.00000000000003,-58.92857142857143,,-113.1578947368421,395.6521739130434,-64.61538461538461,17.4961271071971,15.434320508803289,27.868604656655506,8.570358976863046,125.91191877100054,-49.64572543166823,35.271248101063414,-23.64410595318951,8.570358976863046,True,False
LGND,rainbow_convergence,312.3699951171875,291.79983945418826,312.3699951171875,,,,,,True,5.0572416375630365,14.0,True,,,,,,,0.0,6.585189353824532,True,825.0000000000002,False,34.4648732275463,825.0000000000002,,,,,-127.68595041322315,-57.3943661971831,2266.666666666667,33.7329665945787,14.093485981514565,39.36746706530878,122.84605882807074,23.14488998878621,-13.314115241511082,-48.32367639289457,142.42761458836375,14.093485981514565,True,False
LITE,rainbow_convergence,971.260009765625,898.6055970894828,971.260009765625,,,,,,True,5.653910673742526,9.0,True,,,,,,,0.0,7.4804287158568865,True,-3177.4193548387093,False,34.798206686076384,-3177.4193548387093,,,,-6459.999999999999,68.53932584269661,1680.0,-98.38709677419355,55.91955887122933,16.016371077762614,9.651035986913858,6.0768261964735615,13.052681091251173,5.718547986076583,19.382606114574052,9.27667855984431,6.0768261964735615,True,False
LTRX,rainbow_convergence,7.210000038146973,6.002000403997775,7.210000038146973,,,,,,True,13.94937874610398,8.0,True,,,,,,,0.0,16.754502465434985,False,,False,33.798204068657405,,,,,,,,,8.027324109712541,5.884210526315781,-4.451076666345754,-13.447404351741564,3.237565032972123,1.3535299254383126,-0.06712760958582642,3.311487915669753,-13.447404351741564,True,False
LXFR,rainbow_convergence,17.270000457763672,17.180787539273787,17.270000457763672,,,,,,True,0.49577675772450436,8.0,True,,,,,,,0.0,0.5165773950502677,True,-192.30769230769224,True,25.79820560633102,79.99999999999999,-35.0,-192.30769230769224,-78.72340425531914,38.46153846153846,,-220.00000000000003,0.0,-10.22514071294559,-13.505154639175254,-14.79690522243714,-6.539235412474853,14.06436233611441,-4.76730987514189,-5.166846071044128,-12.851782363977481,-14.79690522243714,True,False
LXP,rainbow_convergence,60.91999816894531,60.29960836338574,60.91999816894531,,,,,,False,0.9865431960590769,0.0,False,,,,,,,0.0,1.0183680633723768,False,-110.00000000000001,True,27.464863729814812,-106.38297872340425,-110.00000000000001,745.4545454545457,500.0,,-103.2258064516129,675.0000000000002,-74.46808510638299,-0.6153846153846176,0.20618556701030855,2.935420743639927,6.8560235063663155,-0.30864197530864335,-7.604562737642584,-3.574702108157657,11.897435897435905,-0.6153846153846176,True,False
MFG,rainbow_convergence,11.050000190734863,10.777459036213095,11.050000190734863,,,,,,True,1.9262410647382069,3.0,True,,,,,,,0.0,2.4664357449539853,True,,False,42.79815696511574,,,,,,,,,,,,,,,,,,False,False
MRVI,rainbow_convergence,7.659999847412109,7.121417243316371,7.659999847412109,,,,,,True,6.143799587119227,7.0,True,,,,,,,0.0,7.031104632171709,True,,False,34.79811942376158,,,,,,,,,8.534295419541316,40.52721451440768,-11.832101559461083,-39.688518652662076,-21.864605009341254,32.02783459671921,19.783809752582272,-12.167436757600692,-39.688518652662076,True,False
MRVL,rainbow_convergence,264.2099914550781,236.3541099129832,264.2099914550781,,,,,,True,9.006680665492206,11.0,True,,,,,,,0.0,10.543084078192807,False,-80.0,False,60.79813630061343,50.0,-80.0,95.65217391304337,,725.0,-91.11111111111111,-79.54545454545456,900.0,36.54852699267235,27.568195008705754,22.080994827775946,36.83134357891959,13.297212341798325,8.973723351512142,6.951072547601833,3.409600717810668,22.080994827775946,True,False
MSGM,rainbow_convergence,4.869999885559082,4.348136668666061,4.869999885559082,,,,,,True,4.22941073493303,2.0,True,,,,,,,0.0,10.71587739540799,False,-90.2439024390244,False,34.79813586197917,-90.2439024390244,-81.81818181818183,,,33.33333333333335,-57.14285714285712,-7.771561172376096e-14,-82.92682926829268,36.58103895302178,129.25201867778097,94.93030544216894,71.94181079189283,-12.187838678894025,4.774472935894636,24.11498900974123,19.60684301500093,36.58103895302178,True,False
MSM,rainbow_convergence,123.72000122070312,121.04134389458825,123.72000122070312,,,,,,True,1.6094265750304149,9.0,True,,,,,,,0.0,2.1650964271625233,True,3.0303030303030054,True,20.464803242256945,41.17647058823528,8.571428571428585,12.048192771084354,3.0303030303030054,89.4736842105263,-18.279569892473123,-8.823529411764708,0.0,7.819429642329423,2.9221154245124836,4.006531076464426,2.7188317770749038,14.089416348687145,-4.961250264061534,-1.2769698673550267,0.7238877819481182,2.7188317770749038,True,False
MTRN,rainbow_convergence,269.5899963378906,251.8963532848548,269.5899963378906,,,,,,True,4.736621544795057,9.0,True,,,,,,,0.0,6.563167511178531,True,8.235294117647074,False,26.464763426446762,52.066115702479344,8.235294117647074,,14.018691588785037,100.0,206.66666666666643,-75.40983606557374,0.8264462809917328,42.22046156911259,30.807698712916043,12.104946311382548,1.8531536585645103,11.655002328017684,12.265341375466043,10.104584449919972,3.046393209438958,1.8531536585645103,True,False
MU,rainbow_convergence,1065.1099853515625,986.6724988487836,1065.1099853515625,,,,,,True,7.208844280658422,10.0,True,,,,,,,0.0,7.36426168015775,True,175.44910179640718,True,82.79810953442129,1368.452380952381,756.0283687943263,175.44910179640718,249.3827160493827,104.39105219552611,162.3913043478261,62.544169611307396,68.45238095238095,345.7155144608107,196.28709797590963,56.65403605465611,46.0,73.74685666387259,74.888221065748,20.574458683163943,21.65358563595312,46.0,True,True
NBIS,rainbow_convergence,235.8800048828125,223.56481081268066,235.8800048828125,,,,,,True,4.897259903744852,8.0,True,,,,,,,0.0,5.220957188062696,True,,False,39.464760984097225,,,,,,,,,,,,,,,,,,False,False
NDSN,rainbow_convergence,327.8500061035156,315.1267141359666,327.8500061035156,,,,,,True,3.557245748542987,7.0,True,,,,,,,0.0,3.88082712541776,True,6.091370558375631,True,68.79809378289352,22.97297297297296,6.091370558375631,44.242424242424235,25.94339622641513,30.622009569377994,-12.184873949579833,-10.861423220973787,20.270270270270263,10.270677766554414,8.47939344420723,8.781157583438958,0.9856517686122723,10.369212536461635,10.663205175506874,-10.954616796573646,1.3905427985364982,0.9856517686122723,True,False
NMAI,rainbow_convergence,14.460000038146973,14.171414744702965,14.460000038146973,,,,,,True,0.9684398425828689,2.0,True,,,,,,,0.0,1.9957489120518,True,,False,,,,,,,,,,,,,,,,,,,False,False
NTAP,rainbow_convergence,210.0800018310547,190.98894234314088,210.0800018310547,,,,,,True,6.838279019351995,14.0,True,,,,,,,0.0,9.087518717401167,True,6.338028169014098,True,60.79805703690972,63.478260869565226,23.170731707317003,15.972222222222232,6.338028169014098,-6.930693069306915,20.958083832335305,10.596026490066212,31.304347826086975,29.890955740859514,12.471131639722866,4.387568555758681,2.834740651387224,3.952772073921973,13.718622300058382,0.46920821114369016,9.364977549711352,2.834740651387224,True,False
NVDA,rainbow_convergence,228.3800048828125,219.7123262914198,228.3800048828125,,,,,,True,3.233458319694147,9.0,True,,,,,,,0.0,3.7952878562378096,True,66.66666666666667,True,46.79802969726852,127.77777777777777,214.47368421052633,97.75280898876404,66.66666666666667,2.9288702928870203,35.79545454545454,35.384615384615394,20.370370370370374,105.85114348672526,85.22763378875223,73.21451272533118,62.49358645459211,17.896220057587463,19.79831784754944,19.50847279233765,21.95622874013221,62.49358645459211,True,True
NVEC,rainbow_convergence,110.08000183105469,105.4910586832999,110.08000183105469,,,,,,True,3.4478654332957026,5.0,True,,,,,,,0.0,4.168734621568841,True,-18.072289156626496,True,19.798027794479164,78.3783783783784,27.500000000000036,11.111111111111093,-18.072289156626496,29.41176470588236,45.71428571428573,2.941176470588225,-8.108108108108103,52.65767006334343,-18.68414192523077,334.9795723353842,-68.17458582789332,15.611191793097046,-41.9630488094651,114.24550955719911,6.194599997959949,-68.17458582789332,True,False
PACB,rainbow_convergence,2.369999885559082,1.4628171569547967,2.369999885559082,,,,,,True,18.375959206931107,9.0,True,,,,,,,0.0,38.27775411011386,False,,False,34.797979360497685,,,,,,,,,4.99017575969638,-6.97825706207621,6.7420098297836795,2.4632826591084678,4.919576093388556,-3.2855544860955765,-3.331992154101493,7.033079428309952,-6.97825706207621,True,False
PANW,rainbow_convergence,397.30999755859375,361.9866169294315,397.30999755859375,,,,,,True,6.870956112741541,12.0,True,,,,,,,0.0,8.890634730114717,True,-227.77777777777771,True,48.797967734293984,-227.77777777777771,-159.45945945945948,60.52631578947367,-4.081632653061229,,-136.0655737704918,29.78723404255319,30.555555555555515,34.43721663709836,31.14897335080822,14.931324767390342,15.661524076671341,13.590939373750842,15.728604471858132,4.850444624090544,-2.464025231618372,14.931324767390342,True,False
PEB,rainbow_convergence,18.760000228881836,18.249229938170174,18.760000228881836,,,,,,True,1.9498725604721663,5.0,True,,,,,,,0.0,2.7226561006396404,True,-254.16666666666669,False,27.797979643645835,183.33333333333334,,,-254.16666666666669,,,,-716.6666666666667,-0.09692371490196416,7.927785028694889,3.382109004739342,-1.435493041307201,17.78820561483092,-0.9632741004761969,-12.466047857785977,-2.1627484130275265,-1.435493041307201,True,False
PK,rainbow_convergence,15.420000076293945,14.933590402462373,15.420000076293945,,,,,,True,2.237187427401473,4.0,True,,,,,,,0.0,3.1544077264912445,True,-425.0,False,33.79792541064815,,,-425.0,-130.76923076923077,380.0,,,,1.1904761904761862,-1.2698412698412653,0.6399999999999961,-6.009244992295837,9.324758842443725,-1.112877583465821,3.1147540983606614,-9.226190476190476,-6.009244992295837,True,False
PRLB,rainbow_convergence,94.8499984741211,85.19253442229436,94.8499984741211,,,,,,True,9.651537292471088,10.0,True,,,,,,,0.0,10.181828368148768,False,3.4482758620689724,False,28.464575639479165,105.55555555555559,120.00000000000001,,3.4482758620689724,12.12121212121211,32.00000000000001,-16.666666666666664,66.66666666666667,10.571362993565959,10.40450061408027,12.10924024640656,7.7591765576863425,7.180484584027091,2.082890697691453,0.8325576584962358,0.22433975255991,7.7591765576863425,True,False
QQQX,rainbow_convergence,30.860000610351562,30.00099580347107,30.860000610351562,,,,,,True,1.7602366714398572,11.0,True,,,,,,,0.0,2.7835540826021585,True,,False,,,,,,,,,,,,,,,,,,,False,False
RLYB,rainbow_convergence,17.200000762939453,16.721111550513218,17.200000762939453,,,,,,True,1.9296764079438644,3.0,True,,,,,,,0.0,2.784239483628918,True,,False,,,,,,,,-111.11111111111111,,-100.0,0.0,11000.0,-29.096989966555185,-100.0,-4.504504504504503,4.716981132075482,0.0,-100.0,True,False
ROG,rainbow_convergence,152.99000549316406,133.89292252337884,152.99000549316406,,,,,,True,5.493166954365452,7.0,True,,,,,,,0.0,12.4825689810427,False,-1009.0909090909091,False,27.797806101597224,,,-17.24137931034483,-1009.0909090909091,24.99999999999989,-58.33333333333329,,,5.249343832021003,4.8387096774193505,2.710413694721825,-5.3221288515406195,-0.496277915632759,-6.7129629629629655,6.5088757396449815,6.45669291338582,-5.3221288515406195,True,False
S,rainbow_convergence,23.760000228881836,21.623901750539673,23.760000228881836,,,,,,True,7.291487640050798,12.0,True,,,,,,,0.0,8.990313374431686,True,,False,62.797824767685185,,,,,,,,,20.5621368964791,20.79561976867559,20.234035854754097,22.912631498993584,5.538988711653792,2.029850305915848,4.727456713258893,6.9079993228261305,20.234035854754097,True,False
SAFT,rainbow_convergence,103.58000183105469,100.47036293445267,103.58000183105469,,,,,,False,2.995368196304022,0.0,False,,,,,,,0.0,3.002161461315701,False,-166.89189189189187,True,31.797802873541663,21.02564102564102,-166.89189189189187,142.85714285714272,10.404624277456653,,-172.7941176470588,-28.795811518324587,-2.051282051282055,2.8867760407857546,4.749619380689385,11.695791040283599,11.173978236794913,3.5819189111939487,-1.5276546817735381,-1.8635511492192558,2.785294899364543,2.8867760407857546,True,False
SCCO,rainbow_convergence,202.63999938964844,197.38752836549813,202.63999938964844,,,,,,True,2.439794211994566,7.0,True,,,,,,,0.0,2.5920208448335718,True,20.535714285714278,True,20.79780059189815,71.79487179487178,66.95652173913045,48.1132075471699,20.535714285714278,4.6875,22.29299363057322,16.29629629629632,15.384615384615397,40.57686004588659,36.17989045132772,38.98146817985921,15.230816472755816,0.8844145457966857,9.860974727376082,14.582654783406856,10.694854146181587,15.230816472755816,True,True
SCSC,rainbow_convergence,58.72999954223633,56.394463850123024,58.72999954223633,,,,,,True,3.0455105425075257,7.0,True,,,,,,,0.0,3.976733714144979,True,5.405405405405417,True,34.464466444502314,40.22988505747127,5.405405405405417,7.14285714285714,28.98550724637683,56.41025641025643,4.0000000000000036,-15.73033707865169,2.298850574712641,17.25014331652901,8.788148349925585,2.543822918352845,-4.632662007787724,24.298699774384126,0.03626818627757711,3.6317177043196036,-9.009381389272297,-4.632662007787724,True,False
SIBN,rainbow_convergence,18.799999237060547,18.478634200205605,18.799999237060547,,,,,,True,1.6942251343670685,3.0,True,,,,,,,0.0,1.7093885632794792,True,,False,38.79778961273148,,,,,,,,,15.175817396668734,11.203214210192435,14.993265580996695,20.614774417451653,6.5071879516239495,-6.674475145965319,15.810999671160797,0.05346493933786611,11.203214210192435,True,False
SILC,rainbow_convergence,52.29999923706055,45.490767125863066,52.29999923706055,,,,,,True,11.081844130230294,10.0,True,,,,,,,0.0,13.019564456078156,False,,False,27.464467350104165,,,,,,,,,,,,,,,,,,False,False
SITM,rainbow_convergence,652.030029296875,616.2440901732505,652.030029296875,,,,,,True,4.856185181947963,13.0,True,,,,,,,0.0,5.488388190067681,True,,False,33.7977913105787,,,,,,-145.45454545454544,,,126.5404207557487,88.29293364724609,66.32408862004668,44.835176262608755,38.624776563614425,0.24892969060335002,35.561884475929496,20.250669122514164,44.835176262608755,True,False
SLAB,rainbow_convergence,221.5800018310547,219.77281447961002,221.5800018310547,,,,,,True,0.6810373618097277,9.0,True,,,,,,,0.0,0.8155913604615688,True,,False,32.79775625582176,,,,,,,,,18.327672483082267,20.136849094612685,25.237445037263374,23.801195949397513,6.880093676814991,2.5426740823991656,1.0713644240991416,6.8210220643522,18.327672483082267,True,False
SN,rainbow_convergence,180.1199951171875,171.9769306206412,180.1199951171875,,,,,,True,3.8325136579112926,4.0,True,,,,,,,0.0,4.52091090233949,True,,False,34.464426699050925,,,,,8.235294117647074,-13.265306122448983,18.07228915662651,,,,,,24.96237983134273,-2.219567630717101,18.17692563129889,,,False,False
STK,rainbow_convergence,54.060001373291016,52.22774937784632,54.060001373291016,,,,,,True,2.306415689422437,11.0,True,,,,,,,0.0,3.3892932832035387,True,,False,,,,,,,,,,,,,,,,,,,False,False
STX,rainbow_convergence,922.3400268554688,864.3013376750857,922.3400268554688,,,,,,True,5.3593023253240935,13.0,True,,,,,,,0.0,6.292548028979525,True,67.74193548387098,True,25.797714998703704,150.00000000000006,108.28025477707004,67.74193548387098,72.3404255319149,71.25382262996939,25.769230769230766,6.995884773662553,8.482142857142904,48.48608837970541,44.07407407407406,21.505376344086024,21.26383763837638,16.613110539845756,10.159292035398227,7.455306200076084,7.569558101472995,21.26383763837638,True,True
TENB,rainbow_convergence,36.38999938964844,34.98601912421024,36.38999938964844,,,,,,True,1.1835689889254883,1.0,True,,,,,,,0.0,3.8581486369510047,True,-200.0,False,26.797679342037036,,,-200.0,,200.0,,-150.00000000000006,,8.578014112699407,9.584882305958509,10.521314549210746,11.163954061861482,2.461287195964257,0.5853385175774273,3.2059103153224466,2.080511130431262,8.578014112699407,True,False
TER,rainbow_convergence,400.9100036621094,375.4986917221586,400.9100036621094,,,,,,True,5.516950402231849,13.0,True,,,,,,,0.0,6.338408048647167,True,-15.73033707865169,True,19.79767900578704,385.71428571428567,314.75409836065575,82.02247191011234,-15.73033707865169,-5.928853754940711,56.17283950617282,116.00000000000001,53.06122448979591,,,,,7.575783454696938,4.6785914362566405,-27.769080543721415,,,False,False
TEVA,rainbow_convergence,39.599998474121094,37.48822832838904,39.599998474121094,,,,,,True,5.042652750207001,13.0,True,,,,,,,0.0,5.332753098745976,True,-304.16666666666663,False,32.79766596657407,-304.16666666666663,72.22222222222223,,,-258.06451612903226,-26.190476190476176,13.513513513513487,54.16666666666667,-0.8141762452107293,2.338730403495237,11.397493497280674,3.416435826408115,4.018081366147674,-15.474421566546381,5.156249999999996,7.279693486590033,-0.8141762452107293,True,False
TGB,rainbow_convergence,8.90999984741211,8.469762195924211,8.90999984741211,,,,,,True,4.309821224184382,8.0,True,,,,,,,0.0,4.940938934087234,True,,False,40.79765716668982,,,,,,,,,,,,,,,,,,False,False
TLYS,rainbow_convergence,4.630000114440918,4.232810245404069,4.630000114440918,,,,,,True,6.324981045940188,3.0,True,,,,,,,0.0,8.578614669965514,True,-94.11764705882352,True,61.797644660393516,19.999999999999996,-37.5,-94.11764705882352,-33.333333333333336,259.99999999999994,150.0,-90.9090909090909,46.66666666666668,51.943574541636075,-13.053359546018594,-14.2938716867137,30.555171937577686,31.102166487596005,-10.652138093088903,-7.7147352832284355,40.55812138164314,-14.2938716867137,True,False
TSM,rainbow_convergence,456.19000244140625,430.8588772168852,456.19000244140625,,,,,,True,4.872986521347996,10.0,True,,,,,,,0.0,5.552757642419969,True,,False,13.464304984756945,,,,,,,,,,,,,,,,,,False,False
UFPT,rainbow_convergence,296.82000732421875,286.83082609769815,296.82000732421875,,,,,,True,2.880831181193541,5.0,True,,,,,,,0.0,3.3654002358437185,True,0.0,True,31.797613786886576,21.26696832579187,1.3574660633484337,6.730769230769251,0.0,19.64285714285714,0.9009009009008917,5.2132701421801375,-4.52488687782806,15.0738212414669,4.086454086454094,2.5832673165019138,,12.815657384469725,3.550347513682306,-3.6510565612909107,2.2371275863893647,2.5832673165019138,False,False
VGZ,rainbow_convergence,2.7100000381469727,2.352822032112183,2.7100000381469727,,,,,,True,12.457497282596176,9.0,True,,,,,,,0.0,13.180000037159365,False,,False,27.797604180127312,,,,,,,,,,,,,,,,,,False,False
VSXY,rainbow_convergence,88.45999908447266,82.64275729278836,88.45999908447266,,,,,,True,4.679324025666845,3.0,True,,,,,,,0.0,6.576126895648356,True,-8.298755186721984,False,62.46424349873843,990.0,,-8.298755186721984,,289.2857142857143,-74.6606334841629,,-330.0,10.418094585332426,15.299334811529942,7.68865685809208,9.279881217520414,3.26923076923078,-31.247245482591445,54.144021739130444,0.8910212474297463,7.68865685809208,True,False
WAT,rainbow_convergence,439.3900146484375,413.5848599192246,439.3900146484375,,,,,,True,5.3987898133670855,12.0,True,,,,,,,0.0,5.872949741440985,True,-156.27530364372467,True,32.46422977627315,-156.27530364372467,-142.85714285714286,-3.0927835051546615,-7.749077490774903,,-123.13829787234043,50.4,1.2145748987854255,113.35927367055771,91.38972809667673,6.839010259947709,8.04830441507216,29.834254143646397,35.88603162380053,16.56633999552437,3.7466926070038875,6.839010259947709,True,False
WBD,rainbow_convergence,30.950000762939453,28.791596245922165,30.950000762939453,,,,,,True,6.409366304419763,8.0,True,,,,,,,0.0,6.973843178711106,True,-220.00000000000003,False,34.46423138803241,-90.47619047619048,,,-220.00000000000003,,,,-109.52380952380953,-11.159804321239298,-0.9577903998218118,-5.654732222997905,-6.006442897225394,-1.9790846733385825,-5.993657505285411,4.588170259812041,-7.816958825927434,-11.159804321239298,True,False
XMTR,rainbow_convergence,102.8499984741211,94.03701148738743,102.8499984741211,,,,,,True,8.065595552157012,10.0,True,,,,,,,0.0,8.568776973731476,True,,False,32.46423124039352,,,,,,,,,41.054587288599606,35.87907611395566,29.52082183296756,27.535321599457994,11.768663046339544,6.621690454162721,6.464875632902634,11.177074938325537,27.535321599457994,True,False
XRPN,rainbow_convergence,16.399999618530273,10.922606167152303,16.399999618530273,,,,,,True,12.860580487103517,9.0,True,,,,,,,0.0,33.398741334049134,False,,False,,,,,,,,,,,,,,,,,,,False,False
ABSI,vcp,10.5,9.25,10.770000457763672,,,,,,True,,,,2.0,17%->12%,17.37005689762419,11.904761904761903,0.5884802536859178,6.0,2.5714329310825894,14.113281273520867,False,,False,45.79890804260417,,,,,,,,,-46.37436762225969,-81.76420695504665,-2.2556390977443663,-77.77777777777779,47.906976744186046,-66.92307692307693,71.95767195767195,-36.25632377740303,-81.76420695504665,True,False
ACHV,vcp,8.420000076293945,7.349999904632568,8.09000015258789,,,,,,False,,,,2.0,19%->13%,18.865741315631197,12.707840403397435,0.6724629167278602,18.0,-3.919238963371884,9.14709807166821,False,,False,34.46557384232639,,,,,,,,,,,,,,,,,,False,False
ACRS,vcp,5.538000106811523,5.019999980926514,5.260000228881836,,,,,,False,,,,2.0,13%->9%,12.662619878229103,9.353559333592102,0.8060798810458056,6.0,-5.019860465292489,4.562742158023465,False,,False,34.46557416026621,,,,,,,,,-8.328643781654478,37.18213058419244,-85.93919652551574,-24.091118269673263,-18.386773547094194,54.13127413127412,-60.745680509245226,85.64997186268992,-85.93919652551574,True,False
AGCC,vcp,15.5,14.180000305175781,14.550000190734863,,,,,,False,,,,3.0,23%->10%->9%,22.50692586179238,8.516127063382056,0.2394678492239468,12.0,-6.129031027517011,2.542954506589562,False,,False,,,,,,,,,,,,,,,,,,,False,False
AGEN,vcp,8.819999694824219,8.199999809265137,9.930000305175781,,,,,,True,,,,2.0,21%->7%,20.525062572073253,7.029477403756741,0.6586068949288152,17.0,12.585041369139011,17.421958134371074,False,,False,34.46557374908564,,,,,-100.98039215686273,1033.3333333333294,-95.36082474226802,,34.358335603907975,40.18116845341977,27.45090732943325,20.400605288308384,2.3179985771875744,-1.3682610221026792,13.127170497767482,17.687127787941304,20.400605288308384,True,False
ALAB,vcp,377.8699951171875,342.0,355.9700012207031,,,,,,False,,,,2.0,22%->9%,21.770556575549104,9.492681499112747,0.8224076418460122,17.0,-5.795642464200579,3.924488348118317,False,-79.67479674796748,False,32.798908540613425,186.20689655172416,144.44444444444446,-79.67479674796748,,88.63636363636363,76.0,-50.0,72.41379310344828,104.45486518171161,93.40010787621831,91.77226852639338,103.8934969845958,27.253446447507955,13.961704911247196,17.351404098449528,20.13807476878988,91.77226852639338,True,False
ALGT,vcp,85.0,74.33000183105469,75.79000091552734,,,,,,False,,,,3.0,32%->16%->13%,31.87552025783012,12.552939022288603,0.8161424212368359,39.0,-10.835293040556067,1.9263742800318946,False,32.94797687861271,False,33.798907596342595,,32.94797687861271,,,-109.13043478260869,26.373626373626323,,,33.10897415149181,8.925658694770977,7.570150008579657,1.0542159435079412,22.431114068344836,12.80388080853536,20.52073889392565,-20.029518957514714,1.0542159435079412,True,False
AMAT,vcp,474.0400085449219,411.510009765625,511.3800048828125,,,,,,True,,,,2.0,21%->13%,20.9748516895046,13.190869473493247,0.7910911492216578,31.0,7.876971492871817,19.529507247760623,False,12.918660287081352,True,41.798907844675924,42.79279279279278,33.460076045627375,75.17241379310346,12.918660287081352,-9.686609686609682,38.188976377952756,7.627118644067776,6.3063063063063085,24.82881402355519,11.40845070422536,-2.149037119732067,-3.477643718949608,15.233881163084707,12.806617227609806,3.117647058823536,-6.874828814023559,-3.477643718949608,True,False
ARCB,vcp,134.8699951171875,124.05999755859375,127.44000244140625,,,,,,False,,,,2.0,12%->8%,11.543070909897278,8.015124156563532,0.66387372418704,16.0,-5.509003443890827,2.6522322803364213,False,-155.35714285714283,True,33.465491393854165,-155.35714285714283,-138.46153846153845,-128.92561983471077,-59.33806146572105,,,-120.34883720930235,53.571428571428555,15.874399367673075,3.2788495642022353,-2.8909443964678094,-1.409713260165324,18.597277094392584,2.683080288849049,-7.198391050024943,2.5317532985866587,-2.8909443964678094,True,False
ARWR,vcp,72.48999786376953,63.9900016784668,65.44999694824219,,,,,,False,,,,2.0,25%->12%,24.982557011265115,11.725750359762431,0.6081190107682681,13.0,-9.711685919425214,2.2307033427823595,False,-133.8181818181818,False,53.79882163125,,-133.8181818181818,,,,-522.7272727272727,,,171.0159541902258,-86.41316064410209,10461.32,,2.0559556260764555,-72.0728090806831,2.9480801023113568,823.6575791407066,-86.41316064410209,False,False
ASA,vcp,59.77000045776367,53.349998474121094,55.58000183105469,,,,,,False,,,,2.0,18%->11%,18.21561338289963,10.741177738787632,0.6313699536730641,19.0,-7.010203437541944,4.012240524410355,False,,False,,,,,,,,,,,,,,,,,,,False,False
ASTH,vcp,35.52000045776367,32.220001220703125,35.56999969482422,,,,,,True,,,,2.0,19%->9%,19.349184967744083,9.290538272893688,0.6121130147279832,12.0,0.1407636160365489,9.418044708638417,True,-96.96969696969697,False,34.79881304658564,110.52631578947367,107.14285714285711,,-96.96969696969697,37.93103448275863,141.66666666666666,1100.0,-94.73684210526316,48.519871473775524,55.56343590322217,42.89088091111215,99.7133964195442,0.7688322453631713,1.5335767782578724,-0.5778998544006209,46.00432493188844,42.89088091111215,True,False
ATEX,vcp,86.43000030517578,77.69000244140625,78.5,,,,,,False,,,,2.0,20%->10%,20.23021885293896,10.112227042588758,0.8374220544798162,19.0,-9.17505527846319,1.0318440236863058,False,-185.36585365853657,False,40.79882931607639,-99.25925925925925,90.19607843137263,-185.36585365853657,,-98.96907216494846,,-112.23776223776223,111.85185185185182,38.0818053596615,40.964722822174224,0.4469987228607808,0.06447453255964408,0.0,24.47552447552448,1.3530927835051498,9.44992947813823,0.06447453255964408,True,False
ATI,vcp,193.1699981689453,178.25999450683594,189.39999389648438,,,,,,False,,,,2.0,18%->8%,17.558759017178186,7.7185918121038535,0.6819494306713302,24.0,-1.951651037012339,5.881731651869508,False,-25.531914893617003,True,25.465477714398148,55.71428571428574,26.86567164179103,-25.531914893617003,36.84210526315792,28.23529411764707,21.428571428571395,-10.256410256410241,11.428571428571432,10.584005612065939,0.6204124432016789,0.3752025240897128,7.068112633181123,9.518019973947034,-2.1748364624925687,4.584629053753897,-1.306559102069449,0.3752025240897128,True,False
AVIR,vcp,5.65500020980835,5.039999961853027,5.210000038146973,,,,,,False,,,,2.0,13%->11%,13.220342325431334,10.875335546206195,0.822269935706746,17.0,-7.869145095512882,3.2629572946108616,False,,False,40.79880683284723,,,,,,,,,,,,,485.71820426076624,-45.669056647513706,-8.477684322194435,,,False,False
BB,vcp,8.979999542236328,8.329999923706055,9.039999961853027,,,,,,True,,,,2.0,14%->7%,13.991327563224623,7.2383034706525295,0.7595650315271989,6.0,0.6681561545130887,7.85398275600696,True,,False,76.79876591388889,,,,,149.99999999999994,0.0,,,26.003086419753085,25.636811832374697,10.091743119266061,-1.253481894150421,6.801831262262925,-1.9871794871794912,10.014104372355437,9.41358024691359,-1.253481894150421,True,False
BBY,vcp,96.52999877929688,87.41999816894531,88.23999786376953,,,,,,False,,,,2.0,15%->9%,15.023270865734997,9.437481327623736,0.7217745726151765,29.0,-8.588004786451245,0.9292834481820658,False,-47.61904761904761,True,53.46542302398148,70.11494252873563,37.89473684210527,365.45454545454527,-47.61904761904761,12.977099236641209,-48.828125,287.8787878787879,-24.13793103448275,3.6130536130536184,1.9276833580472275,-0.9607112130771478,2.4033880359978887,9.433751119068944,-35.31200231649052,42.82464846980976,2.4793388429751984,-0.9607112130771478,True,False
BELFA,vcp,209.25,194.25,197.72999572753906,,,,,,False,,,,3.0,23%->11%->7%,22.964141393069664,7.168458781362006,0.7469824433065106,31.0,-5.505378385883363,1.7599736017464458,False,,False,26.798754315405095,,,,,,,,,25.18493871027161,17.244708942576747,17.402358216723712,44.76131933547938,18.03676375839678,1.4510793575009284,-1.6996312437143835,6.3464429378665255,17.244708942576747,True,False
BFC,vcp,158.46710571694658,146.7100067138672,149.5,,,,,,False,,,,2.0,11%->7%,10.577481551960325,7.419267834726457,0.7026976878638826,64.0,-5.658654315908055,1.8662162449048911,False,-2.197802197802201,True,18.798761947766202,29.239766081871355,-2.197802197802201,6.857142857142873,10.909090909090914,24.157303370786522,-4.812834224598939,2.1857923497267784,7.017543859649122,,,,,,,,,,False,False
BGC,vcp,12.510000228881836,11.260000228881836,11.529999732971191,,,,,,False,,,,3.0,20%->16%->10%,19.937939610047543,9.992006212071244,0.6623022207183682,68.0,-7.833736834377649,2.341713012510007,False,-25.000000000000032,True,34.46542187327547,36.36363636363635,54.54545454545456,-25.000000000000032,100.0,-11.764705882352954,466.66666666666725,-50.00000000000004,-45.45454545454546,7.332583378469515,49.22311681120597,34.39048104078892,38.305892837250745,-12.805235017957761,24.91583071560335,2.868621392879356,-4.205456770348704,7.332583378469515,True,False
BJRI,vcp,63.400001525878906,56.86000061035156,57.290000915527344,,,,,,False,,,,2.0,14%->10%,14.462081158412085,10.315458609031445,0.6638374244578035,26.0,-9.637224705519216,0.7505678099216752,False,-29.31034482758621,False,27.798755610891202,-11.340206185567014,-29.31034482758621,,,109.75609756097562,-30.508474576271226,2850.0000000000014,-97.9381443298969,6.370675908172108,2.915456084236423,3.211951013390868,1.3678147509072813,8.592140020886973,0.7650556135498476,7.64545352665551,-9.693733810726012,1.3678147509072813,True,False
BRUN,vcp,17.200000762939453,15.920000076293945,16.5,,,,,,False,,,,3.0,30%->12%->7%,30.407852564812675,7.441864127142966,0.797097983619578,16.0,-4.069771697032321,3.5151510527639678,False,,False,45.465428888796296,,,,,,,,,,,,,269.6782619019352,,,,,False,False
BSRR,vcp,42.13999938964844,38.63999938964844,39.04999923706055,,,,,,False,,,,3.0,14%->11%->8%,14.459003802890416,8.305647960829738,0.787341091523601,74.0,-7.3327009903729135,1.0499356092765235,False,-2.7027027027027084,True,24.465418520405095,-1.2820512820512886,47.69230769230768,31.506849315068486,-2.7027027027027084,-19.791666666666664,0.0,33.33333333333333,-7.692307692307699,,,,,-3.3887836613686884,,,,,False,False
BSTZ,vcp,30.195972882416992,27.700000762939453,30.889999389648438,,,,,,True,,,,2.0,11%->8%,10.912766821597518,8.26591058747087,0.8234379076126339,49.0,2.2984075059743296,10.32696241417857,False,,False,,,,,,,,,,,,,,,,,,,False,False
BWEN,vcp,4.420000076293945,4.0,4.179999828338623,,,,,,False,,,,3.0,25%->21%->10%,24.9122745083014,9.502264005526996,0.3181923710909387,34.0,-5.429869769517204,4.30621616580701,False,-300.0,False,45.46538008744213,,,,-300.0,,-109.375,,,67.37603305785125,-7.549269775775014,81.856564656553,24.60637129256682,-28.640220806295325,-45.469538067408536,41.17633762065147,204.67630853994493,-7.549269775775014,True,False
BWMX,vcp,17.475358920304394,15.152000427246094,16.610000610351562,,,,,,False,,,,2.0,18%->13%,18.20349711504087,13.295054503051269,0.7540751471253961,56.0,-4.951877176882377,8.77784545171434,False,,False,20.798719214606482,,,,,,,,,,,,,,,,,,False,False
CADL,vcp,12.005999565124512,10.369999885559082,10.4399995803833,,,,,,False,,,,2.0,30%->14%,29.60714612688337,13.626517897916173,0.8145660015739783,23.0,-13.043478606231071,0.670495188100848,False,-207.6923076923077,False,41.46537462363426,,-207.6923076923077,,,,,,,0.0,0.0,0.0,0.0,3.2258064516129004,0.0,0.0,-3.125,0.0,True,False
CBIO,vcp,15.619999885559082,14.229999542236328,14.59000015258789,,,,,,False,,,,2.0,40%->9%,39.81191389922451,8.89884989440896,0.7846701608918867,18.0,-6.594108454017604,2.4674476119707762,False,,False,,,,,,,,,,,,,,-100.0,,,,,False,False
CCSI,vcp,38.56999969482422,33.61000061035156,34.900001525878906,,,,,,False,,,,2.0,19%->13%,18.74085014876668,12.859733273833154,0.5805599456393107,23.0,-9.515162556347638,3.69627753331411,False,5.504587155963292,True,33.79870243240741,33.644859813084096,21.495327102803728,15.217391304347782,5.504587155963292,9.999999999999986,22.641509433962305,-7.826086956521761,7.47663551401867,4.445326228671842,1.7570699517062582,0.6147400233532441,0.12894177261004724,3.3637016425814625,1.4074251060973264,-0.7173033910941373,0.36392494756534166,0.12894177261004724,True,False
CECO,vcp,75.08000183105469,69.37999725341797,69.63999938964844,,,,,,False,,,,2.0,17%->8%,16.930113788014957,7.5919078830910145,0.714385688667279,16.0,-7.245607763366022,0.3733517210069311,False,-407.6923076923077,True,25.46535151863426,-407.6923076923077,-101.0204081632653,-35.71428571428565,-33.33333333333333,,-111.1111111111111,125.00000000000017,-84.61538461538461,53.708108807870936,16.537915188146933,35.397247833709635,45.81553061329908,38.38499604213308,-4.087212497787551,8.651359571657746,6.585001429411341,16.537915188146933,True,False
CEVA,vcp,29.309999465942383,26.8799991607666,35.33000183105469,,,,,,True,,,,3.0,22%->12%->8%,21.936051532970822,8.290686965038644,0.4389853197761867,31.0,20.53907360901669,23.91735701202434,False,-600.0,False,38.46534863685185,,-55.555555555555515,,-600.0,-362.4999999999998,,,,35.58585905758185,54.47582028123927,6.795874230577281,17.83718104495746,7.434132622853751,5.241841264896019,5.910497009692728,13.225610610376881,6.795874230577281,True,False
CLDT,vcp,13.786958810576014,12.437047138481304,13.380000114440918,,,,,,False,,,,2.0,12%->10%,12.175790293770362,9.791221477061267,0.6514018421736494,45.0,-2.9517655178814097,7.047481075444033,False,-40.0,False,33.465347473900465,85.7142857142857,,,-40.0,,-360.0,66.66666666666667,-57.14285714285715,3.91820470959352,0.5026458076342166,2.37108764619538,1.2260774395835172,-13.841953726326894,0.8071323673955577,26.351854828105136,-5.305902210907886,0.5026458076342166,True,False
CLDX,vcp,33.59000015258789,30.3799991607666,32.40999984741211,,,,,,False,,,,2.0,25%->10%,25.258240276204347,9.556418509197236,0.6179460926710796,9.0,-3.512951175395782,6.26350106819763,False,,False,38.79868019266204,,,,,,,,,-98.12765957446808,-99.52992792228142,-70.77662129703764,345.51282051282055,46.66666666666666,-97.94520547945206,5.035971223021574,-40.851063829787236,-99.52992792228142,True,False
CLMT,vcp,55.58000183105469,51.33000183105469,52.380001068115234,,,,,,False,,,,2.0,13%->8%,13.278772181012263,7.64663522847414,0.7109359161029913,7.0,-5.7574678976557525,2.004580404065136,False,,False,35.465349971493055,,,,,,,-111.91135734072022,,40.76563413208649,3.601972029379219,9.383886255924168,-2.035623409669207,40.34184713994367,-0.8569227806662805,-3.6549165120593696,5.006818624586007,-2.035623409669207,True,False
CLOV,vcp,4.690000057220459,4.215000152587891,4.309999942779541,,,,,,False,,,,3.0,22%->16%->10%,22.254339057308567,10.127929612736047,0.7424600145837816,38.0,-8.102347757030222,2.2041714954266225,False,,False,33.79868410003472,,,,,0.0,,,,55.597964909342146,62.04602330365041,44.73606894525513,50.051663816596474,-0.8038025117827363,53.61456776302165,-1.8006644518272386,3.9843390142791257,44.73606894525513,True,False
CNQ,vcp,51.84456626668263,46.58000183105469,47.06999969482422,,,,,,False,,,,2.0,19%->10%,18.696747057297653,10.154515342162592,0.7411103536718056,82.0,-9.209386664165677,1.0409982301814442,False,,False,34.46530995560185,,,,,,,,,,,,,,,,,,False,False
COCO,vcp,61.29999923706055,55.79499816894531,57.255001068115234,,,,,,False,,,,2.0,26%->9%,25.831503396505838,8.98042599776582,0.8120065799312098,29.0,-6.598692037992395,2.5500006496078536,False,25.0,True,26.4653186578588,115.78947368421053,61.290322580645174,66.6666666666666,25.0,63.99999999999999,400.0000000000007,-75.00000000000003,5.263157894736836,28.083835528771807,37.30799489768639,0.3880810413769753,37.17439393255384,20.24198258837928,40.67549907267563,-29.907905634814846,8.031571649512026,0.3880810413769753,True,False
CON,vcp,35.83495432698202,33.31999969482422,34.41999816894531,,,,,,False,,,,2.0,8%->7%,8.323188023870019,7.018160562476735,0.7649576744928924,44.0,-3.948536239576882,3.1958121227140075,False,2.7027027027026973,True,34.79865051274305,45.71428571428573,30.000000000000004,124.99999999999983,2.7027027027026973,30.76923076923077,44.44444444444444,-28.947368421052634,8.571428571428585,10.030229581415618,13.739935137553116,15.920961807668576,16.98438438193115,6.404122516701638,5.653149810788749,-5.886871508379887,3.997022431620323,10.030229581415618,True,False
CPAY,vcp,427.4599914550781,386.2300109863281,388.6000061035156,,,,,,False,,,,2.0,12%->10%,11.831234755976244,9.645342556715713,0.38389098681388545,72.0,-9.090905845780494,0.6098803602581979,False,-7.0351758793969825,True,33.79862901956019,-7.0351758793969825,49.117647058823536,9.037900874635518,0.2564102564102555,-27.02169625246549,35.56149732620322,-4.347826086956519,-1.7587939698492372,,,,,12.502473901539691,,,,,False,False
CRDO,vcp,214.8699951171875,186.80999755859375,194.7899932861328,,,,,,False,,,,3.0,34%->16%->13%,34.24282271735643,13.059058126422057,0.7810295594635578,23.0,-9.345186525509668,4.096717491959153,False,97.05882352941175,False,59.798630480520835,97.05882352941175,313.63636363636357,412.5,,-26.373626373626347,10.975609756097526,86.36363636363636,29.411764705882337,114.14189837008628,151.11506967389744,192.38947716268444,248.83905562641536,11.418685912911354,7.368578813401072,51.85485044417166,17.879352960320883,114.14189837008628,True,False
CRSR,vcp,13.630000114440918,12.670000076293945,13.5,,,,,,False,,,,2.0,23%->7%,23.11111126303056,7.043287087942556,0.7349922836762416,33.0,-0.9537792615510216,6.1481475830078125,False,2199.9999999999723,False,32.79862659010417,,,2199.9999999999723,,-45.45454545454546,-52.17391304347826,,,-1.8046808616984045,-4.121162947937796,5.616708935431536,13.663424271611667,-11.333043733357407,-18.849046022135497,26.3452133397732,8.013132903483777,-4.121162947937796,True,False
CRVS,vcp,12.420000076293945,11.5,11.520000457763672,,,,,,False,,,,2.0,16%->7%,16.419019553370088,7.407407976187935,0.8446913627712951,6.0,-7.246373695666096,0.17361507785525276,False,,False,32.798630560104165,,,,,,,,,,,,,,,,,,False,False
CURR,vcp,3.200000047683716,2.9010000228881836,3.0799999237060547,,,,,,False,,,,4.0,42%->20%->13%->9%,41.73228183854894,9.343750635627647,0.042098009765446254,18.0,-3.750003818422499,5.81168523544919,False,,False,34.46529707791667,,,,,,,,,,,,,-10.69429282230564,-14.075012879534176,2.885994139541892,,,False,False
CV,vcp,6.980000019073486,6.369999885559082,6.460000038146973,,,,,,False,,,,2.0,15%->9%,14.905929894585174,8.739256903259648,0.7261678004535147,7.0,-7.449856439907827,1.3931912083038753,False,,False,41.79862991376157,,,,,,-104.10958904109589,,,9.894419306184021,0.3233920229967602,32.097100472016194,24.44600773830461,30.479942693409747,-28.739152628892295,10.740531373657426,6.726998491704372,0.3233920229967602,True,False
CVU,vcp,5.349999904632568,4.940000057220459,5.179999828338623,,,,,,False,,,,2.0,17%->8%,16.55518804009483,7.663548686367083,0.5504088914148589,32.0,-3.177571576155396,4.633200368177213,False,-50.0,False,,,,-50.0,50.0,-44.44444444444444,124.99999999999996,-55.55555555555555,,15.827175088285816,12.722432776679993,-10.815211369165457,-0.776405455461382,1.2764560246175893,-10.577106238370737,0.7483690729334525,26.944890305807156,-10.815211369165457,True,False
DAVE,vcp,339.6300048828125,310.8800048828125,321.510009765625,,,,,,False,,,,2.0,12%->8%,12.360577887100078,8.465094245698355,0.508792965627498,6.0,-5.335216222559519,3.3062749401057787,False,-20.967741935483875,True,33.79862986777778,-20.967741935483875,104.06091370558373,322.01834862385306,21033.333333333336,-87.81094527363183,-12.608695652173918,-27.444794952681395,922.5806451612904,29.627268380427594,46.708156215560436,62.35719952399841,62.96532560628832,7.814334591639627,-3.2414900959559234,8.622325427102329,14.396199063427373,29.627268380427594,True,False
DFTX,vcp,40.38999938964844,35.5099983215332,38.060001373291016,,,,,,False,,,,2.0,16%->12%,16.15261508083942,12.082201391084773,0.5382788462231317,12.0,-5.768749818190336,6.699955227924144,False,-430.76923076923117,False,34.79856665175926,,,-430.76923076923117,,,,,,,,,,,,,,,False,False
DIBS,vcp,4.275000095367432,3.8299999237060547,4.0,,,,,,False,,,,2.0,16%->10%,16.07929570941081,10.409360508403209,0.5321737014961684,11.0,-6.432750625325909,4.250001907348633,False,,False,35.465220964155094,,,,,,,,,5.339959340411116,-0.6963850077622569,0.8695652173912993,3.690420009438422,4.149544398785054,-2.5252525252525304,4.533042053522673,-0.736390332053305,-0.6963850077622569,True,False
DRH,vcp,12.855589454258215,11.74546902647557,12.359999656677246,,,,,,False,,,,2.0,13%->9%,13.05293895184913,8.635313314357086,0.767098774088747,41.0,-3.855053082897048,4.971930803167036,False,-9.090909090909083,False,32.798561550416665,144.44444444444446,75.00000000000003,,-9.090909090909083,528.5714285714286,-41.666666666666664,19.999999999999996,-44.44444444444444,4.110297003794328,1.2983955456675078,-1.6187005242769281,0.08943320391823217,23.289252484873835,-5.9635600690624795,-3.801894990609145,-6.651838283396572,-1.6187005242769281,True,False
DSGN,vcp,13.295000076293945,11.831999778747559,12.569999694824219,,,,,,False,,,,2.0,23%->11%,22.888885982452877,11.004139068453515,0.6267217630853994,19.0,-5.453180724402255,5.871121193268896,False,,False,34.46523058234954,,,,,,,,,,,,,64.99999999999999,-35.483870967741936,-78.16901408450705,,,False,False
DVA,vcp,195.75,174.0800018310547,174.9199981689453,,,,,,False,,,,2.0,31%->11%,30.744680555910925,11.07024172104486,0.719599774066005,41.0,-10.641124817907887,0.4802174403634055,False,-18.399999999999995,True,26.798570044722222,55.81395348837208,43.50000000000001,4.545454545454541,-18.399999999999995,40.06968641114981,-10.869565217391298,57.843137254901954,-20.93023255813954,1.4005406250927166,4.13629230677639,0.5761470981307859,1.7011478637815935,-0.47224746140921425,1.7228558940625138,3.7535975154374457,-3.467319802930835,0.5761470981307859,True,False
EGBN,vcp,29.1299991607666,26.520000457763672,27.790000915527344,,,,,,False,,,,2.0,14%->9%,14.387457392229871,8.959831027108905,0.5534274967375451,53.0,-4.6000627663732265,4.569990701418343,False,-408.33333333333337,False,19.798570362974537,,700.0,-117.64705882352939,-408.33333333333337,-52.08333333333333,,,,,,,,,,,,,False,False
EOLS,vcp,8.510000228881836,7.711999893188477,8.0,,,,,,False,,,,2.0,18%->9%,18.474760359888602,9.377206982733677,0.4310463875462934,17.0,-5.992951999589393,3.600001335144043,False,,False,33.79855158960648,,,,,,-1699.9999999999986,,,21.18120108954127,6.735063191383794,14.38053377582429,12.903331423426367,14.967800155871846,-19.00664451827242,30.932184958023413,-0.6053007047429615,6.735063191383794,True,False
ERAS,vcp,14.890000343322754,13.819999694824219,14.65999984741211,,,,,,False,,,,2.0,14%->7%,14.199681935249775,7.186035082788727,0.6482184796744285,6.0,-1.5446641410843591,5.72987831740103,False,,False,40.79855155981482,,,,,,,,,,,,,,,,,,False,False
ESP,vcp,66.9000015258789,61.459999084472656,61.459999084472656,,,,,,False,,,,2.0,10%->8%,9.927254802222585,8.131543075229821,0.523931623931624,6.0,-8.131543075229821,0.0,False,7.47663551401867,True,45.46520813894676,7.47663551401867,57.14285714285714,39.43661971830987,24.590163934426236,16.161616161616156,0.0,30.263157894736835,-28.971962616822434,,,,,,,,,,False,False
EXEL,vcp,59.720001220703125,54.54999923706055,58.40999984741211,,,,,,False,,,,2.0,12%->9%,12.256364264666706,8.657069454061388,0.6340373032972816,39.0,-2.1935722480140836,6.608458518122359,False,26.15384615384615,True,25.798510763645837,26.15384615384615,43.636363636363626,89.36170212765953,72.49999999999999,3.797468354430378,-11.235955056179737,28.985507246376784,6.153846153846132,10.63402204268813,9.96764767835636,5.62994592019479,10.789336140652628,2.926923505104684,2.0293554136467495,0.15190169885654914,5.190220690844516,5.62994592019479,True,False
FCEL,vcp,16.979999542236328,15.75,16.420000076293945,,,,,,False,,,,4.0,30%->20%->16%->7%,30.292339630339686,7.243813753803745,0.4717863447962107,23.0,-3.297994587982355,4.080390214256118,False,,False,76.46518098707176,,,,,,,,,-29.399054403867964,-4.85750949045608,60.714849713112606,11.535498520050268,-7.271909859788139,16.566768202810266,-44.50523484077359,17.698906788182178,-29.399054403867964,True,False
FCX,vcp,74.9000015258789,69.45999908447266,70.0,,,,,,False,,,,2.0,15%->7%,14.788908117602112,7.263020468065891,0.6039792528899169,16.0,-6.5420579787116475,0.7714298793247767,False,9.523809523809534,True,20.46517281732639,183.33333333333334,69.44444444444444,9.523809523809534,65.625,11.475409836065587,32.6086956521739,-13.207547169811317,120.83333333333334,-8.09194791389849,12.199497667743087,-10.425170068027212,2.0808383233532846,10.601215222257764,18.73932029618379,-22.759935474409744,-9.394100451767207,-10.425170068027212,True,False
FISI,vcp,42.63478810807591,38.72999954223633,38.97999954223633,,,,,,False,,,,2.0,17%->9%,16.943903245546522,9.158691151322817,0.8478877548182551,162.0,-8.572315538604235,0.6413545483219295,False,17.85714285714286,False,27.79849041724537,22.352941176470598,28.395061728395056,,17.85714285714286,0.0,8.333333333333348,-3.0303030303030276,16.470588235294127,,,,,,,,,,False,False
FIX,vcp,1695.5699462890625,1545.2099609375,1654.0899658203125,,,,,,False,,,,2.0,20%->9%,20.065295986655666,8.867813780295029,0.8340248504778089,31.0,-2.446373890946428,6.582471759860756,False,91.88361408882082,True,20.798482342488427,91.88361408882082,121.26315789473682,129.1666666666666,101.71149144254281,19.219790675547088,12.406417112299483,13.333333333333307,26.339969372128635,-4.337759647837336,-2.865961444390097,1.0158179590843641,14.326574422345306,-4.177629367017621,-2.1198741350989203,-3.9502708926275276,6.18984161535483,-4.337759647837336,True,False
FLNG,vcp,32.974998474121094,30.56999969482422,30.760000228881836,,,,,,False,,,,2.0,9%->7%,8.65905074493331,7.293400729599206,0.742583667096599,29.0,-6.717204996923948,0.6176870372036533,False,,False,56.46515898925926,,,,,,,,,,,,,,,,,,False,False
FMAO,vcp,35.709999084472656,32.65999984741211,34.619998931884766,,,,,,False,,,,2.0,13%->9%,12.548688074188115,8.541023005477312,0.654179780455976,44.0,-3.0523667895075417,5.6614648900740185,False,18.032786885245965,True,24.798505737245375,53.571428571428555,37.254901960784295,18.032786885245965,33.33333333333335,22.857142857142865,-2.7777777777778123,12.500000000000021,14.28571428571428,,,,,,,,,,False,False
FMX,vcp,125.0,115.5,118.55999755859375,,,,,,False,,,,2.0,18%->8%,18.4703503621576,7.6,0.566756384384732,45.0,-5.1520019531250005,2.5809696538509654,False,,False,26.465146542280095,,,,,,,,,,,,,,,,,,False,False
FNKO,vcp,5.679999828338623,5.28000020980835,5.409999847412109,,,,,,False,,,,2.0,29%->7%,29.047616050974735,7.042247017941754,0.6760249892505754,22.0,-4.753520934621006,2.4029508552748946,False,-75.0,False,34.79849209696759,,,,-75.0,,,-100.0,,7.365521091234251,5.337136086484673,-7.024502177176917,-14.298157225078134,3.384448459329392,-26.42916776518147,8.844383332336946,29.687443466395138,-14.298157225078134,True,False
FNRN,vcp,18.0,16.530000686645508,17.280000686645508,,,,,,False,,,,2.0,17%->8%,17.246751661424515,8.166662851969402,0.7842652302556711,44.0,-3.9999961853027344,4.340277605310641,False,-12.121212121212132,True,26.798493696122687,-12.121212121212132,63.636363636363626,-8.108108108108091,11.764705882352944,-19.444444444444443,5.882352941176472,-10.526315789473696,15.151515151515138,,,,,,,,,,False,False
FRST,vcp,16.8799991607666,15.170000076293945,15.279999732971191,,,,,,False,,,,2.0,18%->10%,17.650563466325877,10.130326833470038,0.5798246604206645,66.0,-9.478670067201273,0.7198930536620939,False,-67.3913043478261,False,20.798479423171297,280.0,-67.3913043478261,,460.00000000000006,26.666666666666682,-74.78991596638656,325.0,180.00000000000003,,,,,,,,,,False,False
GEO,vcp,32.0,29.600000381469727,30.469999313354492,,,,,,False,,,,2.0,10%->7%,9.879589119762416,7.4999988079071045,0.7509358668824009,8.0,-4.781252145767212,2.855264035084699,False,64.28571428571428,True,34.46508134049769,71.42857142857142,107.14285714285711,64.28571428571428,552.6315789473684,24.13793103448276,26.086956521739136,-81.45161290322581,490.4761904761905,15.07508225015679,16.632183736957273,16.56552359639307,13.134259067357522,3.8086365395986643,-0.44876283187839094,3.8178857785183595,7.257819856044545,13.134259067357522,True,False
GEV,vcp,983.3400268554688,868.25,950.489990234375,,,,,,False,,,,2.0,21%->12%,20.52089074493127,11.703990858940665,0.8266431702338861,31.0,-3.340658950509908,8.652378360564954,False,32.79569892473118,False,26.46509861204861,32.79569892473118,1816.4835164835165,658.8571428571431,,-85.83715596330275,31.32530120481927,709.7560975609758,-11.827956989247323,21.8746570080123,16.272410358565747,3.7696533434362633,11.847862672500842,18.89923974729628,-14.759036144578308,9.900692145651524,9.417188014487987,3.7696533434362633,True,False
GLW,vcp,160.7100067138672,149.25999450683594,153.75999450683594,,,,,,False,,,,2.0,17%->7%,16.90017304873896,7.1246417327436165,0.6929735454920666,15.0,-4.324567181062506,2.92663902234982,False,18.518518518518512,False,25.465064496203706,18.518518518518512,138.88888888888889,69.44444444444449,,48.837209302325576,-29.508196721311485,22.00000000000002,-7.407407407407418,20.464557468962763,15.663157894736845,,,9.501274117218795,9.879999999999999,-4.104334484081318,4.405286343612325,15.663157894736845,False,False
GPRE,vcp,16.030000686645508,14.329999923706055,15.0600004196167,,,,,,False,,,,2.0,19%->11%,18.998791514024134,10.60511971378587,0.7141501224555705,27.0,-6.051155492693832,4.8472807142805125,False,-75.36231884057972,False,33.46504783304398,,,,-75.36231884057972,97.61904761904762,61.53846153846152,52.941176470588225,,-30.69845442596202,19.115103498298282,2.3666917238536422,14.537027553006254,7.428919387324928,1.1441430771052863,-5.62051465492186,-32.422305821208965,-30.69845442596202,True,False
GPRK,vcp,11.510000228881836,10.399999618530273,10.449999809265137,,,,,,False,,,,2.0,20%->10%,19.801982930755184,9.643793121448061,0.7241455897980871,18.0,-9.209386607628897,0.4784707334686486,False,,False,33.79838755204862,,,,,,,,,,,,,,,,,,False,False
GSBC,vcp,82.4582055478518,76.5,77.20999908447266,,,,,,False,,,,2.0,9%->7%,8.737863853312636,7.22572788028253,0.8219719323497661,62.0,-6.364686726457479,0.9195688290267586,False,-16.860465116279077,True,19.798372101145834,-16.860465116279077,7.48299319727892,13.385826771653564,10.63829787234043,-9.493670886075956,9.722222222222188,-7.692307692307665,-9.302325581395344,,,,,,,,,,False,False
GSIT,vcp,5.869999885559082,5.389999866485596,5.449999809265137,,,,,,False,,,,2.0,19%->8%,18.664385686785927,8.177172545681731,0.5865440824786098,15.0,-7.15502699288286,1.100916419804999,False,,False,27.7983672228125,,,,,,,,,0.46156294763648464,7.4111847696753275,12.22755818248984,41.62637362637363,-0.11077702168064141,3.999341672152723,-5.710738671632532,2.562470157568031,0.46156294763648464,True,False
GSL,vcp,46.56999969482422,43.25,44.13999938964844,,,,,,False,,,,2.0,10%->7%,10.22599781246303,7.129052429848315,0.7664940777709242,42.0,-5.217952160403065,2.0163103805052547,False,,False,38.46503251163195,,,,,,,,,,,,,,,,,,False,False
HLF,vcp,13.170000076293945,11.510000228881836,12.130000114440918,,,,,,False,,,,2.0,20%->13%,19.923078096829926,12.604402716748012,0.7472371267680437,24.0,-7.896734668400128,5.111293319947824,False,-152.08333333333334,True,31.7983758115625,-152.08333333333334,16.326530612244895,-53.714285714285694,-8.695652173913048,-143.859649122807,-29.62962962962966,92.85714285714293,-12.5,5.376856484790715,7.816976344438076,6.261388106675492,2.6928968797871544,0.728818706346801,2.6656274356975818,0.7301562377325821,1.1595584147406912,2.6928968797871544,True,False
HLT,vcp,335.6471570705618,300.0,318.1199951171875,,,,,,False,,,,2.0,13%->11%,13.282120819718783,10.620425741627185,0.6804611043139083,72.0,-5.221900911167142,5.695962339780794,False,-38.04878048780485,True,25.46502773292824,14.130434782608692,34.959349593495936,-38.04878048780485,28.98550724637683,26.50602409638556,30.70866141732278,-28.651685393258397,-3.2608695652173947,6.503028371055142,8.979591836734691,10.923463887890762,8.824555284269264,13.75553285665645,-4.85908649173955,-1.057692307692304,-0.5419190309212674,6.503028371055142,True,False
HPE,vcp,65.6500015258789,60.68000030517578,63.88999938964844,,,,,,False,,,,3.0,18%->11%->8%,18.078335798204662,7.570451036081051,0.4054215591332768,23.0,-2.68088666462054,5.024259062667554,False,-87.25490196078431,False,62.79838726978009,404.7619047619048,,-29.54545454545454,-87.25490196078431,140.9090909090909,41.93548387096775,138.46153846153854,-38.095238095238116,32.95819935691318,39.10428662827896,18.10945273631841,14.328703703703694,14.110937356268982,14.479780960404387,-3.867179591010328,5.873526259378359,14.328703703703694,True,False
HSBC,vcp,107.43000030517578,99.23999786376953,99.30999755859375,,,,,,False,,,,2.0,10%->8%,9.925738792982814,7.623571086419954,0.6340877501412151,83.0,-7.558412662678568,0.07048605029208496,False,,False,25.465040935115738,,,,,,,,,,,,,,,,,,False,False
HYLN,vcp,4.355000019073486,3.9200000762939453,4.170000076293945,,,,,,False,,,,2.0,14%->10%,14.102561359417956,9.988517586093742,0.6031829414463072,6.0,-4.247989482647562,5.995203727242747,False,,False,39.79837570557871,,,,,,,,,226.3366336633663,479.14110429447857,-52.81643472498343,,74.57627118644068,297.75280898876406,-6.192358366271411,-49.9009900990099,-52.81643472498343,False,False
INCY,vcp,130.8000030517578,119.97000122070312,121.3499984741211,,,,,,False,,,,2.0,13%->8%,12.692314242663528,8.279817720469957,0.4910910729527779,45.0,-7.224773973359415,1.137204178632326,False,62.22222222222222,False,25.46498827144676,83.74999999999999,62.22222222222222,290.7407407407407,,0.6849315068493178,-30.805687203791464,3.4313725490195957,154.99999999999997,20.8736268850354,27.83893753955635,20.04700005536655,16.456864084525268,-15.539790355281102,10.311644387179907,12.377409341940826,15.44603560838751,16.456864084525268,True,False
INGM,vcp,28.0049991607666,25.989999771118164,26.809999465942383,,,,,,False,,,,2.0,13%->7%,13.228582865390035,7.195141760515873,0.4845666926377916,16.0,-4.267094199732542,3.0585591613528047,False,19.999999999999996,True,39.798346611550926,200.0,44.827586206896555,44.44444444444442,19.999999999999996,14.28571428571428,-19.23076923076922,23.809523809523792,162.5,13.57760648856381,13.697251890607177,11.488024806907937,7.150842481799136,4.068529492377015,-6.148312216618834,18.041877202468637,-1.4866472887666626,7.150842481799136,True,False
INVX,vcp,29.049999237060547,27.0,27.020000457763672,,,,,,False,,,,2.0,14%->7%,14.448667753823175,7.056796182098552,0.512844561028151,18.0,-6.98794778867706,0.07402093791573246,False,-214.28571428571428,False,32.79832290040509,63.636363636363626,-214.28571428571428,,-71.35678391959799,,-220.00000000000003,-64.91228070175438,159.0909090909091,9.214481300783994,-0.5756712351558724,9.14088085939837,58.08506293761568,2.4536566386786696,-12.635507050387062,14.000833333333329,7.031047923151701,-0.5756712351558724,True,False
IQV,vcp,271.79998779296875,252.52999877929688,268.8500061035156,,,,,,False,,,,3.0,15%->10%->7%,14.925525775255025,7.0897681674474216,0.7302144848631205,78.0,-1.0853501920317006,6.070302009937481,False,-21.82741116751269,True,25.464968345578704,15.000000000000014,23.23651452282156,24.51612903225806,-21.82741116751269,-45.791245791245785,53.88601036269429,25.324675324675326,10.000000000000009,8.40950639853748,10.257705912076798,5.236139630390135,5.322496067121141,-4.880843263061408,6.439024390243908,2.066218571072942,4.909898145729952,5.236139630390135,True,False
IRDM,vcp,50.80444194362045,45.81071216488614,47.900001525878906,,,,,,False,,,,2.0,23%->10%,22.682756869318368,9.829317255912459,0.4380509307468205,62.0,-5.716902512116383,4.361773057280565,False,-55.00000000000001,True,20.46498860755787,-55.00000000000001,-25.92592592592593,-19.999999999999986,66.66666666666666,-55.00000000000001,-16.666666666666664,-31.428571428571427,74.99999999999997,3.840834278443195,1.944824505067988,-0.023944673718612197,6.656922230943119,2.821183527575011,2.8726401803324864,-6.166964108665473,4.62366186274239,-0.023944673718612197,True,False
ISTR,vcp,31.14136232629932,28.57699966430664,28.8799991607666,,,,,,False,,,,2.0,12%->8%,12.068405987196847,8.234587283379822,0.32748347073708267,113.0,-7.261606418621463,1.0491672619976558,False,-18.032786885245955,True,17.464976427094907,32.6086956521739,22.222222222222232,-18.032786885245955,0.0,-20.779220779220786,54.00000000000007,-7.407407407407451,17.391304347826097,,,,,,,,,,False,False
JHX,vcp,27.440000534057617,24.6200008392334,25.309999465942383,,,,,,False,,,,2.0,19%->10%,19.40820974304986,10.276966617854576,0.6269944023456837,16.0,-7.762394412024692,2.726189811412125,False,,False,34.798302504814814,,,,,19.999999999999996,,,,,,,,63.862651405711745,,,,,False,False
JNJ,vcp,281.07000732421875,260.67999267578125,264.739990234375,,,,,,False,,,,2.0,9%->7%,8.897774329519706,7.254425629596718,0.7366176935866429,45.0,-5.809946513078791,1.533579250720461,False,-52.863436123348016,True,11.464947921296297,-0.8733624454148492,-52.863436123348016,47.51773049645389,90.990990990991,6.074766355140171,2.8846153846153966,-1.8867924528301883,-7.423580786026196,6.5998399528282015,9.907276298360213,9.07637655417406,6.7731743135597045,5.186601280026593,-2.0436411007979105,2.379860792731203,1.0529419197237155,6.5998399528282015,True,False
KB,vcp,133.2899932861328,122.63999938964844,123.0999984741211,,,,,,False,,,,2.0,10%->8%,10.313549527434127,7.990092604792993,0.7064810835760555,37.0,-7.644981112825866,0.3736791959175859,False,,False,27.46493636326389,,,,,,,,,,,,,,,,,,False,False
KDP,vcp,32.93121622142098,30.059999465942383,30.34000015258789,,,,,,False,,,,2.0,14%->9%,13.518407456227296,8.718829988462256,0.7331826077488058,38.0,-7.868570815637129,0.9228763521335208,False,-90.0,False,32.46492881493055,-90.0,-47.36842105263158,,8.888888888888879,-80.0,-23.076923076923073,-46.93877551020408,22.499999999999986,75.57050204179679,9.381017881705645,10.540540540540544,10.665638653302501,83.82796780684106,-11.624805512336078,4.482117974918709,3.435022820081679,9.381017881705645,True,False
KEN,vcp,66.70999908447266,59.720001220703125,60.20000076293945,,,,,,False,,,,2.0,12%->10%,12.420337603676458,10.478186118573213,0.8344640434192673,15.0,-9.758654490895449,0.7973414221812223,False,,False,62.7982818996875,,,,,,,,,,,,,,,,,,False,False
KEX,vcp,143.57000732421875,127.62000274658203,131.25,,,,,,False,,,,3.0,18%->15%->11%,18.460270251545037,11.109565900917886,0.7340461051053947,105.0,-8.581184575965745,2.765712193080357,False,0.0,True,26.464933323425928,0.0,12.781954887218049,127.02702702702693,6.451612903225801,11.333333333333329,-10.714285714285698,1.8181818181818077,-1.19760479041916,7.825543132017465,7.43834157057961,6.164661012195949,4.81405861042965,9.276163104090873,-0.9011769540078096,-2.2253062292733494,1.835982021263538,4.81405861042965,True,False
KEYS,vcp,339.17999267578125,311.43499755859375,364.0400085449219,,,,,,True,,,,2.0,16%->8%,16.254472672896224,8.180021144026812,0.45685005797209854,31.0,7.329446431383134,14.450337806713012,False,35.570469798657726,False,53.79826040350694,109.09090909090904,35.570469798657726,68.04123711340206,,13.861386138613852,23.926380368098176,20.740740740740726,22.72727272727273,41.34762633996938,32.28043143297381,31.470829909613805,,7.513104251601632,7.312500000000011,18.343195266272193,3.522205206738138,31.470829909613805,False,False
KFRC,vcp,53.41999816894531,49.65999984741211,52.459999084472656,,,,,,False,,,,2.0,17%->7%,17.33555565998106,7.038559435441924,0.7350171020671195,29.0,-1.7970780931825887,5.3373985625731795,False,-51.66666666666666,True,24.798261156967595,23.728813559322038,2.2222222222222143,-51.66666666666666,-16.000000000000004,58.69565217391304,58.6206896551724,-53.96825396825397,6.779661016949157,4.49125976620921,0.10180954343268489,-3.4219359943219785,-5.8513694423453,5.741242992577877,-0.49816576209723573,-0.18848923026049125,-0.4998265114442568,-5.8513694423453,True,False
KLIC,vcp,86.3169900030361,78.10819124465867,94.25,,,,,,True,,,,2.0,27%->10%,26.878808402826003,9.510061412114453,0.7954908220271348,31.0,9.190554486069162,17.126587538823692,False,-78.80794701986756,False,47.79825786842593,,,-78.80794701986756,-31.428571428571452,62.12121212121213,106.25,122.2222222222221,,122.6280716648811,49.778993246329925,20.166261346945657,-2.074244839206041,36.18318282424027,21.5383844708829,12.42805167888803,19.63776758100706,-2.074244839206041,True,False
KOP,vcp,47.72708411901884,44.07419821889442,45.59000015258789,,,,,,False,,,,2.0,17%->8%,16.79245794743866,7.653695941313064,0.6567218627077782,38.0,-4.47771743419653,3.3248561715730185,False,-1051.8518518518517,False,35.46488183648148,-1051.8518518518517,,,7.339449541284382,-2302.8571428571427,-75.69444444444446,23.07692307692313,44.44444444444442,3.030903328050716,-0.2628696604600189,-9.287211740041935,-12.448132780082988,14.232374258730518,5.223018257453194,-10.838656501133315,-3.8629160063391454,-12.448132780082988,True,False
KRYS,vcp,373.30999755859375,331.7799987792969,332.55999755859375,,,,,,False,,,,2.0,20%->11%,19.506778045075375,11.124802188770321,0.48967873968952347,44.0,-10.915860884117894,0.23454377706971416,False,10.457516339869244,True,31.464888138553242,38.759689922480625,52.500000000000014,10.457516339869244,192.30769230769232,-2.1857923497267784,8.284023668639096,-36.46616541353386,106.20155038759691,24.135274150892315,31.949468718460473,17.51700680272108,16.64937202561991,2.4622498001839244,8.638252182437789,9.51431492842536,1.8304491784844057,16.64937202561991,True,False
KVHI,vcp,7.539999961853027,7.0,7.03000020980835,,,,,,False,,,,2.0,12%->7%,11.651726684753916,7.161803243833402,0.6624577090381827,21.0,-6.763922475131425,0.42674550374113673,False,-80.0,False,34.46487451924769,-80.0,,,,-66.66666666666666,50.00000000000029,,-819.9999999999999,26.66866994703827,27.166128905327767,13.381877623806515,-1.7879948914431676,4.347422489015407,5.894688554670857,7.26109724809334,6.873755775081691,-1.7879948914431676,True,False
LAR,vcp,6.110000133514404,5.300000190734863,5.5,,,,,,False,,,,2.0,23%->13%,22.90185043334865,13.256954583954125,0.5292241074584659,18.0,-9.983635354906923,3.6363601684570312,False,,False,38.46488196851852,,,,,,,,,,,,,,,,,,False,False
LASR,vcp,41.650001525878906,38.45000076293945,38.94499969482422,,,,,,False,,,,3.0,29%->12%->8%,28.532108691854212,7.683074779603927,0.5368405763772475,30.0,-6.494601997490817,1.2710205052345933,False,,False,34.79820819576389,,,,,-300.0,,,,33.78310520774277,55.18502748316172,71.34505392456892,18.908229257603026,3.005699604644496,-1.236681653014715,21.640046747175703,8.110472179476801,18.908229257603026,True,False
LOMA,vcp,10.5600004196167,9.020000457763672,9.199999809265137,,,,,,False,,,,2.0,27%->15%,26.758282106425273,14.583332392603499,0.796105813749781,49.0,-12.878793146874958,1.9565147307958755,False,,False,34.798203208912035,,,,,,,,,,,,,,,,,,False,False
LPTH,vcp,10.380000114440918,9.550000190734863,10.3100004196167,,,,,,False,,,,3.0,36%->21%->8%,36.22775860134466,7.99614561228509,0.45458180965950307,23.0,-0.67437084828962,7.371485916099418,False,,False,41.79820517940972,,,,,,,,,,,,,17.112411638897406,78.36297222825492,23.472567516369747,,,False,False
LVLU,vcp,12.055000305175781,10.970000267028809,12.760000228881836,,,,,,True,,,,3.0,31%->20%->9%,30.907028644830913,9.000414854250405,0.12960609911054638,16.0,5.848194988459394,14.028212615556402,False,-102.30326295585412,False,40.79820587773148,,,-102.30326295585412,,,,,,-16.82163886162905,-10.324994154781386,-4.7303732595582515,-8.599639818667326,17.861674575446273,-8.70703608492811,-14.367245994754796,-9.72644749754662,-16.82163886162905,True,False
MATX,vcp,240.8699951171875,218.10000610351562,219.63999938964844,,,,,,False,,,,2.0,11%->9%,11.41075213947984,9.453227664406217,0.7085436364873138,40.0,-8.813881412340418,0.7011442771864221,False,-28.01358234295416,True,33.798180359560185,46.23287671232876,-15.13761467889908,21.138211382113848,-28.01358234295416,130.81081081081075,-58.61297539149888,5.4245283018868,45.205479452054796,16.72486453943407,-3.0946291560102313,-4.3131528698191595,-8.513513513513516,27.922934811295864,-11.045897405798799,-3.2041813430292,5.972305839855507,-8.513513513513516,True,False
MFC,vcp,44.517941593801226,41.33454669996313,42.59000015258789,,,,,,False,,,,2.0,9%->7%,8.51273738851591,7.150813312269949,0.6905932922803283,96.0,-4.330706614435618,2.947765785693426,False,,False,33.7981891822338,,,,,,,,,,,,,,,,,,False,False
MGA,vcp,69.2300033569336,61.720001220703125,63.66999816894531,,,,,,False,,,,2.0,14%->11%,14.01256755692245,10.847900869671587,0.7922113048756624,27.0,-8.03120745108476,3.062662171071473,False,,False,28.464807716932867,,,,,,,,,,,,,,,,,,False,False
MLI,vcp,64.48027897345447,57.81999969482422,60.61000061035156,,,,,,False,,,,3.0,23%->16%->10%,23.185332562774917,10.329172554250562,0.6570228924631354,73.0,-6.002266777872108,4.603202256115537,False,1.8018018018017834,True,18.464799529814815,1.8018018018017834,55.395683453237424,104.95867768595045,27.027027027027017,-47.6851851851852,-12.903225806451623,31.914893617021313,69.36936936936935,25.457465604965158,19.280818664920286,4.206549609327626,8.01668819669863,19.691283775005132,23.96338263792557,-10.710375719969123,-5.3022695143884135,4.206549609327626,True,False
MPTI,vcp,81.25,72.48999786376953,78.26000213623047,,,,,,False,,,,2.0,20%->11%,20.38576607503126,10.781541090745192,0.8279432155827006,32.0,-3.679997370793269,7.372864956503386,False,-22.222222222222232,True,40.79813684517361,-18.867924528301895,19.64285714285714,32.35294117647063,-22.222222222222232,-35.820895522388064,-25.555555555555543,42.85714285714284,18.867924528301884,13.755458515283836,15.34715677034244,11.15189379148771,7.234751021643704,2.880294157701213,3.1827443265650235,0.4446012702893354,6.685740099382631,7.234751021643704,True,False
MRVL,vcp,267.4800109863281,248.13999938964844,264.2099914550781,,,,,,False,,,,3.0,21%->12%->7%,21.201889117151417,7.230451174786376,0.43175732143697915,23.0,-1.222528561738822,6.082280226015587,False,-80.0,False,60.79813630061343,50.0,-80.0,95.65217391304337,,725.0,-91.11111111111111,-79.54545454545456,900.0,36.54852699267235,27.568195008705754,22.080994827775946,36.83134357891959,13.297212341798325,8.973723351512142,6.951072547601833,3.409600717810668,22.080994827775946,True,False
MXL,vcp,94.95999908447266,88.25,90.30999755859375,,,,,,False,,,,2.0,11%->7%,10.600711336763151,7.066132212684319,0.6488012565064448,3.0,-4.8968003061399035,2.2810293591882886,False,,False,20.79808935994213,,,,,,,,,55.171716614742714,43.00397152179125,48.03129102607224,55.92587112524969,23.077091290783457,0.5511741769034462,7.889513597292397,16.21681232940917,43.00397152179125,True,False
NEWP,vcp,6.940000057220459,6.150000095367432,6.28000020980835,,,,,,False,,,,2.0,15%->11%,15.156253946479351,11.383284659070023,0.8200886034319321,15.0,-9.510084178247775,2.0700654474163667,False,,False,42.79806285946759,,,,,,,,,,,,,,,,,,False,False
NEXA,vcp,13.354999542236328,11.800000190734863,12.1899995803833,,,,,,False,,,,2.0,19%->12%,19.194857540218376,11.643574727079896,0.6150912674607936,15.0,-8.723324610896581,3.1993388275094135,False,,False,27.798073623101853,,,,,,,,,,,,,,,,,,False,False
NUVB,vcp,6.260000228881836,5.480000019073486,5.599999904632568,,,,,,False,,,,2.0,21%->12%,21.037867825022033,12.4600667937623,0.8094170805121812,18.0,-10.543135784631707,2.1428551357619274,False,,False,31.46469495206019,,,,,-1900.0,,,,555.6383198841299,2598.702983138781,633.0590089301348,1704.6767537826686,-61.92747633008122,98.80090767944584,219.09298780487805,171.46699772398097,555.6383198841299,True,False
NXG,vcp,62.09023689079536,53.54999923706055,54.439998626708984,,,,,,False,,,,2.0,17%->14%,17.12185930577694,13.754558013291895,0.5040117143968962,64.0,-12.321161340617296,1.634826252937839,False,,False,,,,,,,,,,,,,,,,,,,False,False
OABI,vcp,4.994999885559082,4.550000190734863,4.960000038146973,,,,,,False,,,,2.0,28%->9%,28.36095344602673,8.908903003396379,0.44494411768914843,19.0,-0.700697661941826,8.266125892315173,False,,False,33.79804026826389,,,,,,,,,244.23915832691816,247.30380356283098,-22.473158089596446,-46.332694151486095,-7.014625355236714,72.24212034383955,274.09557838320677,-42.54554785732615,-46.332694151486095,True,False
OCC,vcp,15.199999809265137,13.649999618530273,16.56999969482422,,,,,,True,,,,2.0,23%->10%,23.13527128960401,10.197369803847387,0.34425299581649293,14.0,9.013157254936283,17.622209596093306,False,,False,76.4647078792824,,,,,-280.0,-44.44444444444444,800.0,,21.99187032893992,26.57529897295392,4.372449637820708,1.762145465117393,9.378811564747181,35.19388252234883,-17.136447460172967,-0.44178519780092573,1.762145465117393,True,False
ODC,vcp,95.06999969482422,84.33999633789062,90.58999633789062,,,,,,False,,,,2.0,17%->11%,16.95541288758438,11.286424099481462,0.6411250171423801,45.0,-4.712320786067588,6.899216527935595,False,-17.567567567567565,True,6.798026617233797,-17.567567567567565,110.00000000000001,283.33333333333337,37.83783783783781,-3.1746031746031744,36.95652173913042,-9.80392156862745,-31.081081081081074,9.374810607700358,0.7039362266281213,-5.829848763140411,10.122952982357392,7.2976209687693805,-2.281592882160588,-3.7743986199405777,8.407719413684722,-5.829848763140411,True,False
OFG,vcp,54.09226217658783,49.84193811610348,50.08000183105469,,,,,,False,,,,2.0,13%->8%,13.049512560683743,7.857545403830374,0.7095382055017948,152.0,-7.4174386207676966,0.4753668255730494,False,15.454545454545432,True,19.46469330892361,20.869565217391294,26.0,15.454545454545432,15.999999999999993,10.317460317460302,-0.7874015748031815,9.482758620689701,0.8695652173912993,14.074154536896222,18.77990733473429,23.11709232473067,20.91033233374735,0.7311172452013848,2.3071974529238037,4.101612381455055,6.331016004055323,14.074154536896222,True,False
OOMA,vcp,23.809999465942383,20.420000076293945,20.43000030517578,,,,,,False,,,,2.0,18%->14%,17.831233222851797,14.237713001621286,0.6882920540526953,23.0,-14.19571287937794,0.048948745631210086,False,150.0,False,66.79800471291666,150.0,,,,11.111111111111116,-40.000000000000014,200.00000000000006,25.0,25.4113676089446,24.78894031893464,14.573636265880152,3.8355827844058554,2.5619539365857813,8.802155958382496,10.290573012939008,1.9001265746489082,3.8355827844058554,True,False
OSS,vcp,9.520000457763672,8.371999740600586,8.729999542236328,,,,,,False,,,,2.0,43%->12%,42.649095603270425,12.058830482795596,0.7384986067830567,31.0,-8.298328545594646,4.100799775575187,False,,False,33.464653614583334,,,,,,-105.12820512820514,3800.0,,62.281201053133884,54.981841088881666,-83.54190134902935,36.89560040338375,15.848857627568114,223.84921622294104,-86.71489889822558,225.5882650596428,-83.54190134902935,True,False
P,vcp,103.5,92.2699966430664,130.77999877929688,,,,,,True,,,,2.0,20%->11%,20.45696621958549,10.850244789307819,0.5512092357964917,23.0,26.357486743282006,29.446400440192384,False,-15.789473684210531,False,60.797980901307874,49.99999999999998,,123.07692307692308,-15.789473684210531,199.99999999999994,-75.86206896551724,81.25000000000003,14.28571428571428,37.73463940850312,35.24936254391542,20.351494927498347,16.049271302606762,12.632016837370452,-0.5672851998719475,9.793115890561799,12.015186956592427,16.049271302606762,True,False
PACS,vcp,45.849998474121094,40.61000061035156,41.54999923706055,,,,,,False,,,,3.0,18%->16%->11%,18.479164441426597,11.428567149739644,0.7010114014510938,46.0,-9.378406499811721,2.2623312730907394,False,51.61290322580645,True,38.79799322469908,51.61290322580645,194.1176470588235,90.90909090909089,219.99999999999997,-6.000000000000005,19.04761904761907,31.24999999999998,3.2258064516129004,9.062397574722226,11.196216087111432,12.420872908954061,31.244117796375193,0.5308603980819226,4.5843132258047925,0.997915646930525,2.7062047657502752,9.062397574722226,True,False
PANL,vcp,8.65999984741211,7.889999866485596,8.020000457763672,,,,,,False,,,,3.0,19%->15%->9%,19.158297599384255,8.891454901775948,0.5627174282650205,74.0,-7.390293313223212,1.620954910946801,False,-5.263157894736848,False,34.797981034618054,,,-5.263157894736848,72.72727272727273,-23.809523809523803,16.666666666666675,-5.263157894736848,,19.420635781707716,38.90653246689793,24.940001098150134,10.158875027476078,9.695743932465707,-7.233062784671807,9.017816535205903,7.646249577187936,10.158875027476078,True,False
PDEX,vcp,74.19999694824219,68.0999984741211,69.0,,,,,,False,,,,2.0,25%->8%,24.623375434380073,8.221022540440421,0.5535489290214196,17.0,-7.008082428722225,1.3043500375056611,False,8.196721311475418,True,27.797986045891207,160.60606060606065,22.44897959183674,8.196721311475418,86.66666666666664,-28.3333333333333,81.81818181818181,-52.85714285714285,324.24242424242414,16.645707099577002,14.557252785115416,11.135592211040324,24.220687805859086,2.2908416461977943,6.89063923270643,0.7177549919050286,5.9220304104264265,11.135592211040324,True,False
PEB,vcp,18.77995899052324,17.40069479115968,18.760000228881836,,,,,,False,,,,2.0,11%->7%,11.150712063797407,7.344340847919673,0.8028305473816463,41.0,-0.10627691813105973,7.245764504999561,False,-254.16666666666669,False,27.797979643645835,183.33333333333334,,,-254.16666666666669,,,,-716.6666666666667,-0.09692371490196416,7.927785028694889,3.382109004739342,-1.435493041307201,17.78820561483092,-0.9632741004761969,-12.466047857785977,-2.1627484130275265,-1.435493041307201,True,False
PEBK,vcp,45.47133841915521,41.90999984741211,43.150001525878906,,,,,,False,,,,2.0,10%->8%,9.579127002545775,7.832051343891945,0.642786679155985,67.0,-5.1050551269861435,2.87370019610107,False,-6.94444444444443,True,17.464619374305556,1.0526315789473717,1.2658227848101333,86.15384615384617,-6.94444444444443,19.999999999999996,-33.88429752066116,80.59701492537312,-29.473684210526308,,,,,,,,,,False,False
PEO,vcp,29.75,27.25,27.709999084472656,,,,,,False,,,,2.0,13%->8%,12.673482833521286,8.403361344537815,0.6866198925303256,92.0,-6.857145934545692,1.660047274163995,False,,False,,,,,,,,,,,,,,,,,,,False,False
PESI,vcp,16.31999969482422,15.010000228881836,15.649999618530273,,,,,,False,,,,2.0,21%->8%,20.563672295203418,8.026957662001921,0.7741236586612161,9.0,-4.105392701118931,4.089453068680275,False,,False,39.79794215275463,,,,,,,,,-11.661867544220483,-20.066096702349313,6.890219017820698,3.818700927908636,15.809814848103532,-29.201399936366524,-9.963332187464191,19.66269025092555,-20.066096702349313,True,False
PFAI,vcp,3.0,2.7699999809265137,2.7699999809265137,,,,,,False,,,,4.0,22%->16%->13%->8%,21.824099428160405,7.666667302449544,0.375,23.0,-7.666667302449544,0.0,False,,False,,,,,,,,,,,,,,,,,,,False,False
PGC,vcp,47.99804207260118,43.02000045776367,43.619998931884766,,,,,,False,,,,2.0,14%->10%,13.695561997560926,10.371343079594354,0.5779192541181791,62.0,-9.121295268865856,1.375512353996219,False,25.581395348837212,True,25.79792256413194,91.1111111111111,86.046511627907,30.769230769230795,25.581395348837212,7.499999999999996,17.64705882352939,25.925925925925952,19.999999999999996,16.85780967677173,17.80841915277631,16.339644058864078,16.74772210381772,4.911513895303643,3.1111885472021372,5.480308014628865,2.413546476611117,16.339644058864078,True,True
PKOH,vcp,47.34000015258789,44.0,46.20000076293945,,,,,,False,,,,3.0,13%->9%->7%,13.17435828492821,7.055344617284091,0.6475000000000001,33.0,-2.4081102365313747,4.761906334651496,False,-47.945205479452056,False,33.797912276180554,30.303030303030297,-5.000000000000004,,-47.945205479452056,50.877192982456144,850.0000000000026,-84.21052631578951,-42.42424242424243,9.997500624843791,3.848051307350775,1.6992790937178093,-4.549808429118773,4.536817102137758,6.582278481012649,-0.9031610637230347,-0.37490627343164107,-4.549808429118773,True,False
PLAB,vcp,29.979999542236328,26.93000030517578,30.780000686645508,,,,,,True,,,,2.0,29%->10%,28.62041789802432,10.17344657648729,0.2304300739800401,24.0,2.6684494884068446,12.508123117554454,False,8.823529411764696,True,68.4645810057986,25.64102564102564,260.00000000000006,8.823529411764696,96.29629629629632,-9.259259259259267,-27.027027027027017,-30.188679245283012,171.79487179487177,2.686863693831576,-0.49859710320770967,6.094146263281441,-3.0804750525540325,2.908926359912356,-6.720695262722931,4.308291236038375,2.5552059469376553,-3.0804750525540325,True,False
PLGO,vcp,25.72595284569501,23.440000534057617,23.65999984741211,,,,,,False,,,,2.0,20%->9%,20.176110691110434,8.885782872061524,0.7560496959295602,38.0,-8.030617993722307,0.9298364952379969,False,,False,40.79793143310185,,,,,,,,,,,,,,,,,,False,False
PLXS,vcp,256.6700134277344,236.5800018310547,260.95001220703125,,,,,,True,,,,2.0,22%->8%,21.805367693805056,7.8271751843485395,0.8174525426680598,38.0,1.6675102487193783,9.338957361934133,True,-3.658536585365846,True,26.797912014305556,-3.658536585365846,29.078014184397173,12.686567164179108,26.351351351351404,-13.186813186813184,20.529801324503303,-19.25133689839572,14.024390243902452,28.13196007494785,18.73011824479427,9.602283321142234,-1.1102991717681365,12.117735919096507,8.77738229213012,-99.97345274731852,395653.68159731635,-1.1102991717681365,True,False
PMTS,vcp,25.290000915527344,23.469999313354492,24.510000228881836,,,,,,False,,,,2.0,26%->7%,25.92592855426331,7.1965264384605945,0.4764465587672579,16.0,-3.0842256164831117,4.2431697503692325,False,-57.49999999999999,True,32.46457675548611,325.0,-57.49999999999999,10.714285714285744,72.72727272727273,0.0,-72.58064516129032,226.3157894736842,375.0,14.973064206607933,19.832845936413037,22.349235786915656,10.593101458104549,1.4091687739619774,-3.884903367438941,10.93602771697375,6.329718773361703,10.593101458104549,True,False
PNRG,vcp,214.25999450683594,197.5,197.5,,,,,,False,,,,2.0,14%->8%,13.706105556417485,7.8222696427359475,0.7871551785586998,19.0,-7.8222696427359475,0.0,False,-51.075268817204304,True,45.756260046840275,106.76691729323306,-51.075268817204304,47.42268041237128,-50.227272727272734,51.098901098901095,27.272727272727295,-67.351598173516,229.32330827067665,1.1695209965938647,-21.280166213840502,-15.667646961636317,-33.813260384421575,7.791087199269109,-22.802343122465373,11.03545790733087,9.496701045661338,-33.813260384421575,True,False
POWL,vcp,194.0399932861328,180.2899932861328,184.47000122070312,,,,,,False,,,,3.0,16%->10%->7%,15.695719721554847,7.086168045637967,0.7378318268655014,23.0,-4.931968870622309,2.265955389445289,False,-1.5748031496062964,True,46.79791000931713,7.575757575757569,-1.5748031496062964,18.881118881118873,149.60212201591517,13.59999999999999,-63.23529411764706,-63.8682252922423,612.8787878787879,8.896053766858913,6.4544146200530506,4.039663506343438,8.33263652326921,5.099202670127934,18.08674119370661,-15.705258353664476,4.09050102524513,4.039663506343438,True,False
POWW,vcp,2.3399999141693115,2.0999999046325684,2.25,,,,,,False,,,,2.0,19%->10%,18.726591225196433,10.256411040166299,0.3693163739340715,36.0,-3.8461503192516595,6.666670905219184,False,,False,45.46457719276621,,,,,,-200.00000000000009,0.0,,22.123596316756753,10.10391236614392,6.968593421412317,0.010790267329086056,4.258050636740962,3.6938989351198437,11.76663929199453,1.0705403961213777,0.010790267329086056,True,False
PSMT,vcp,181.8300018310547,166.35000610351562,169.11000061035156,,,,,,False,,,,2.0,17%->9%,16.56009227232749,8.5134441905369,0.6948915215304983,41.0,-6.995545890453091,1.6320705439504284,False,6.6115702479338845,True,24.7979020659838,12.28070175438598,11.724137931034484,6.6115702479338845,8.510638297872353,-20.98765432098766,25.581395348837212,26.470588235294066,-10.526315789473639,12.488072093519342,9.651979710914249,9.919757954249153,8.558413435069667,-0.9184047373235416,8.157708415748854,3.8884276564172815,1.038951968778301,8.558413435069667,True,False
PWR,vcp,653.8699951171875,607.4500122070312,642.510009765625,,,,,,False,,,,2.0,18%->7%,18.087745280617305,7.099267936562343,0.7014115386176936,31.0,-1.7373461752938437,5.456723946041393,False,2.4630541871920597,True,27.464554186099537,94.73684210526316,51.04166666666667,2.4630541871920597,14.871794871794886,104.13793103448276,-30.288461538461508,-7.142857142857184,47.36842105263159,41.10419493143886,26.33346777182164,19.661880464892988,17.52982789446198,21.36197461594833,0.41876074669202623,2.7588617985042863,12.673853725531359,17.52982789446198,True,False
RCMT,vcp,41.77000045776367,38.84000015258789,40.68000030517578,,,,,,False,,,,2.0,9%->7%,9.445346206571744,7.014604436354968,0.5991814461118691,21.0,-2.609528706350051,4.523107519135845,False,-14.28571428571428,True,33.79785414065972,36.00000000000001,-3.703703703703709,110.52631578947363,-14.28571428571428,30.76923076923077,-35.0,166.66666666666669,-40.0,20.021492720620216,-1.698767653569777,12.434990638651966,16.439990060465504,12.979599701341549,-3.9756695499329253,23.0292079841796,-10.077271447944113,-1.698767653569777,True,False
RHLD,vcp,129.88999938964844,116.05000305175781,118.25,,,,,,False,,,,2.0,18%->11%,17.735877914118127,10.65516698970252,0.8427961245963121,16.0,-8.961428473588926,1.8604625355113635,False,,False,31.46452530165509,,,,,-121.27955493741307,,,,295.65217391304344,292.492781520693,16.68765306021278,12.815606477808373,16.03727317312409,246.5035262129323,-2.6268977785132153,1.057692307692304,12.815606477808373,True,False
RHP,vcp,131.9600022293497,117.46390968315575,119.52999877929688,,,,,,False,,,,2.0,17%->11%,16.877633098852083,10.985216960666147,0.8478365516060586,44.0,-9.419523522323965,1.7285109321853207,False,-43.617021276595736,True,31.79782931324074,26.785714285714256,3.0000000000000027,-4.440892098500626e-14,-43.617021276595736,37.8640776699029,-8.035714285714256,111.32075471698104,-52.67857142857143,13.564968196326088,13.161013485901108,13.923780906778994,7.72786285498166,12.700805932239101,-9.926159651291389,24.53338464498749,-10.167623177638108,7.72786285498166,True,False
RIO,vcp,106.83999633789062,92.83999633789062,94.16999816894531,,,,,,False,,,,2.0,19%->13%,19.255126138315042,13.103706926125122,0.6319166862173117,74.0,-11.858853054314379,1.4123413580922057,False,,False,139.7978353510301,,,,,,,,,,,,,,,,,,False,False
RLJ,vcp,11.62023482060311,10.446374817664605,11.050000190734863,,,,,,False,,,,2.0,17%->10%,17.145071009941233,10.101861288183335,0.6311187708260448,38.0,-4.907255650782549,5.462672965167751,False,-177.7777777777778,False,33.79780352991899,6.666666666666665,,,-177.7777777777778,,,,-146.66666666666669,5.476407520731041,3.613932750008386,-0.4230444045104531,-4.540642787727334,12.651149930730599,3.464468202304971,-0.4399400081807059,-9.104303737506992,-4.540642787727334,True,False
RLYB,vcp,17.09000015258789,15.850000381469727,17.200000762939453,,,,,,True,,,,2.0,11%->7%,11.289400930361586,7.255703686640367,0.37120545534535854,84.0,0.6436548236946938,7.84883907899905,True,,False,,,,,,,,-111.11111111111111,,-100.0,0.0,11000.0,-29.096989966555185,-100.0,-4.504504504504503,4.716981132075482,0.0,-100.0,True,False
SCSC,vcp,59.310001373291016,55.0,58.72999954223633,,,,,,False,,,,2.0,20%->7%,20.020963127105855,7.266904861735397,0.41314508276533596,28.0,-0.9779157269011275,6.351097516276767,False,5.405405405405417,True,34.464466444502314,40.22988505747127,5.405405405405417,7.14285714285714,28.98550724637683,56.41025641025643,4.0000000000000036,-15.73033707865169,2.298850574712641,17.25014331652901,8.788148349925585,2.543822918352845,-4.632662007787724,24.298699774384126,0.03626818627757711,3.6317177043196036,-9.009381389272297,-4.632662007787724,True,False
SEI,vcp,71.4000015258789,64.2300033569336,71.18000030517578,,,,,,False,,,,2.0,14%->10%,13.848995388971957,10.04201402761392,0.6627236600984207,13.0,-0.3081249523830691,9.76397431644409,False,,False,31.79778396695602,,,,,,,,,46.068253070874235,26.08044174979536,-2.171723952738991,0.5939269527510893,25.097111416781303,3.9343512323440244,0.23960745649234116,12.075345633962066,-2.171723952738991,True,False
SGMT,vcp,9.949999809265137,9.25,9.880000114440918,,,,,,False,,,,2.0,24%->7%,23.815783243540153,7.035174097323281,0.6618389423076924,8.0,-0.703514534332324,6.376519303072578,False,,False,41.464462671527784,,,,,,,,,,,,,,,,,,False,False
SILC,vcp,43.2400016784668,40.099998474121094,52.29999923706055,,,,,,True,,,,3.0,20%->13%->7%,19.63317686289884,7.261801763318158,0.5788967049241022,23.0,20.952815002099232,23.326961646099516,False,,False,27.464467350104165,,,,,,,,,,,,,,,,,,False,False
SLS,vcp,12.140000343322754,11.100000381469727,12.3100004196167,,,,,,True,,,,2.0,25%->9%,24.77320453339371,8.566721025053745,0.48023186515388333,15.0,1.4003300781408035,9.82940696101657,True,,False,40.797752233680555,,,,,,,,,,,,-100.0,,,,,-100.0,False,False
SMTC,vcp,185.0,167.11000061035156,178.35000610351562,,,,,,False,,,,2.0,15%->10%,14.729333781449542,9.670269940350506,0.6819170808631255,7.0,-3.5945912953969597,6.3022176106011925,False,-141.97530864197532,False,52.79775326997685,22.72727272727273,-141.97530864197532,,,,,,-240.9090909090909,16.098779377080596,9.287853154462633,12.81177323131888,19.61647542958831,6.074734091842338,2.7741157226033764,3.7358882371628432,2.660393192511612,9.287853154462633,True,False
SNDA,vcp,41.0099983215332,37.13999938964844,37.58000183105469,,,,,,False,,,,2.0,11%->9%,11.489559267486598,9.436720532253076,0.7111601085481682,24.0,-8.363805488569163,1.1708419903339353,False,,False,38.46440314487268,,,,,,,,,-28.179041206907296,-39.6957929476435,-43.29552509435636,-41.9122011891189,-0.5524480353566785,0.6638629175211186,-6.660394497793931,-23.136961536063836,-43.29552509435636,True,False
SNOW,vcp,348.6099853515625,316.6300048828125,339.55999755859375,,,,,,False,,,,2.0,17%->9%,17.451109261913608,9.173569838081134,0.5363691521158561,18.0,-2.596020817889687,6.752854529581183,False,,False,61.79773488657408,,,,,,,,,35.094749290155455,33.47910033260595,30.120899500390163,28.746069925081798,11.203989213135479,8.330023349018756,5.8607034822892645,5.933785106845679,28.746069925081798,True,False
SNX,vcp,280.6099853515625,254.24000549316406,256.8500061035156,,,,,,False,,,,2.0,19%->9%,18.6564890330482,9.397377582754505,0.3824964466789707,5.0,-8.467260784850247,1.016157503729893,False,32.45614035087716,True,97.46439616390047,89.05109489051092,87.78280542986427,104.04040404040403,32.45614035087716,24.819277108433724,2.722772277227725,33.77483443708611,10.218978102189746,37.74526027984035,30.967485965604236,18.094852862089784,9.685196114275918,10.133394377764926,14.064373594430869,-1.2540436408245759,11.042261785949513,9.685196114275918,True,False
SOPH,vcp,8.510000228881836,7.889999866485596,8.380000114440918,,,,,,False,,,,2.0,9%->7%,8.96551436863854,7.2855504785069165,0.7457222062900296,8.0,-1.5276158747882809,5.847258248969765,False,,False,32.46439659443287,,,,,,,,,,,,,,,,,,False,False
SPHR,vcp,151.36000061035156,133.2100067138672,134.44000244140625,,,,,,False,,,,2.0,27%->12%,26.884325562045632,11.991274988963688,0.8069687396859824,33.0,-11.178645679648701,0.9149030833104443,False,-131.56342182890856,False,34.46439146606482,-131.56342182890856,,,,,-101.65289256198346,,-182.59587020648965,10.971237041078808,37.81304673831543,73.38836426071451,-3.855367762243145,-18.85365038487148,-1.9982581891769047,50.280457278915726,-7.14503362410448,-3.855367762243145,True,False
STI,vcp,7.079999923706055,6.230000019073486,6.454999923706055,,,,,,False,,,,2.0,23%->12%,23.396677543688362,12.005648499889142,0.05979121275295077,7.0,-8.827683710946161,3.485668587016614,False,,False,,,,,,,,,,9399.16349809886,28375.333333333332,,,46.22480275326013,813.6470588235294,133.75,204.1825095057034,9399.16349809886,False,False
STLN,vcp,6.860000133514404,6.315000057220459,6.320000171661377,,,,,,False,,,,2.0,11%->8%,10.58906174365636,7.94460737152697,0.5543783336501582,8.0,-7.87171940733452,0.07911573267574071,False,,False,38.79773527769676,,,,,,,,,34.623795929951086,41.21889546577784,41.578984112419846,36.69933233901563,9.387483807082164,3.8631416555717557,3.949064175038819,13.991419174972041,34.623795929951086,True,False
STM,vcp,52.777834790784475,47.447144300532784,53.36000061035156,,,,,,True,,,,3.0,28%->15%->10%,28.032467062946232,10.100244754986578,0.4801961417557141,49.0,1.103049834982506,11.081064921636667,False,,False,27.464385882916662,,,,,,,,,,,,,,,,,,False,False
STRL,vcp,531.0,485.0,491.7799987792969,,,,,,False,,,,3.0,27%->11%->9%,26.661388405817533,8.662900188323917,0.7569993343872203,31.0,-7.38606426001942,1.3786650120229131,False,-22.314049586776854,True,31.797732725370373,116.45021645021644,141.40625,-22.314049586776854,50.76142131979697,61.81229773462784,9.574468085106357,-5.05050505050505,28.57142857142858,90.1122597108393,91.59459704048507,51.47614532318432,16.04706429234295,41.48169679353258,9.272206804276784,9.665045521241078,12.132609021136975,16.04706429234295,True,False
STRO,vcp,16.549999237060547,14.949999809265137,16.110000610351562,,,,,,False,,,,2.0,30%->10%,30.404135612124893,9.667670704253077,0.7005810200129116,19.0,-2.6586020966314723,7.200501285773145,False,,False,,,,,,,,,,-84.56506392658247,-16.529685614115753,-21.35188061314066,13.767605633802816,-32.252289471872196,24.69305400532327,20.158877540493148,-84.79410149815672,-84.56506392658247,True,False
SU,vcp,72.05999755859375,65.86000061035156,67.87000274658203,,,,,,False,,,,3.0,19%->11%->9%,19.15058657138912,8.603937216623992,0.7073859763325897,82.0,-5.814591942783139,2.961547156164943,False,,False,32.79772924787037,,,,,,,,,,,,,,,,,,False,False
SUNE,vcp,2.6500000953674316,2.299999952316284,2.369999885559082,,,,,,False,,,,3.0,40%->29%->13%,40.24640340424532,13.207552092658274,0.0022922877568084614,15.0,-10.566045272897496,2.95358382375132,False,-99.79591122766577,False,39.46440064045139,,,-99.79591122766577,,,-101.13647125674781,,,-37.52427807971278,-43.06674765867313,76.9849851217093,29.047002843925963,13.4483961176179,-73.56051132117567,43.26377003328905,45.38630372618291,-43.06674765867313,True,False
SWVL,vcp,4.300000190734863,3.9200000762939453,4.070000171661377,,,,,,False,,,,2.0,26%->9%,25.999999046325684,8.83721157175057,0.568060379374833,7.0,-5.348837415613688,3.685505873239349,False,,False,,,,,,,,,,,,,,,,,,,False,False
TCMD,vcp,24.899999618530273,21.288999557495117,22.290000915527344,,,,,,False,,,,2.0,24%->15%,24.379420326572692,14.502008499421398,0.7255413759444705,40.0,-10.48192266260358,4.490808958805037,False,12.5,False,31.7976631828588,142.85714285714283,,12.5,71.42857142857142,,-117.77777777777779,25.0,157.1428571428571,8.609086876623785,22.848795456029247,21.042238710054328,17.323136278439797,13.858663159153405,-27.34424773635539,20.80228558101569,8.681325644762694,8.609086876623785,True,False
THC,vcp,283.04998779296875,248.86000061035156,255.55999755859375,,,,,,False,,,,2.0,14%->12%,14.495508516305605,12.079133954114413,0.6718177640204918,60.0,-9.712061974891165,2.6216923666647163,False,-21.06339468302658,True,25.797654884502318,213.37579617834393,87.58782201405153,11.345646437994649,-21.06339468302658,22.846441947565555,89.81042654028433,9.326424870466333,22.92993630573248,6.7729083665338585,2.7761822707256467,9.164526960300211,3.1798673429574764,4.843517138599096,-2.8767866835534672,4.499905464170917,0.34149117814457064,2.7761822707256467,True,False
TIGO,vcp,97.19999694824219,87.12999725341797,87.13999938964844,,,,,,False,,,,2.0,20%->10%,19.621018558735905,10.360082315832141,0.5354795468987604,38.0,-10.349792051897467,0.011478237664133983,False,,False,34.46431684133102,,,,,,,,,,,,,,,,,,False,False
TLYS,vcp,4.429999828338623,4.110000133514404,4.630000114440918,,,,,,True,,,,3.0,36%->21%->7%,35.68000030517578,7.223469689032195,0.10444746893796374,18.0,4.514679319464009,11.231100822322652,False,-94.11764705882352,True,61.797644660393516,19.999999999999996,-37.5,-94.11764705882352,-33.333333333333336,259.99999999999994,150.0,-90.9090909090909,46.66666666666668,51.943574541636075,-13.053359546018594,-14.2938716867137,30.555171937577686,31.102166487596005,-10.652138093088903,-7.7147352832284355,40.55812138164314,-14.2938716867137,True,False
TNK,vcp,103.16000366210938,92.54000091552734,97.05999755859375,,,,,,False,,,,2.0,12%->10%,12.272346111464772,10.29469016050719,0.8119171986844651,27.0,-5.91315033634121,4.656909908057383,False,,False,33.79764958114583,,,,,,,,,,,,,,,,,,False,False
TRV,vcp,383.989990234375,356.45001220703125,356.510009765625,,,,,,False,,,,2.0,10%->7%,9.987456387691163,7.172056232646648,0.7424479320678736,45.0,-7.1564314611370765,0.0168291371771562,False,22.321428571428605,True,14.464308268576389,57.1209800918836,357.64705882352945,22.321428571428605,52.02952029520296,31.87660668380463,-29.014598540145986,33.00970873786409,26.186830015313944,0.305381313965003,0.9652836579170154,3.530979347101937,4.754704301075274,1.9204964776920574,-4.086229086229087,-0.30473135525260764,2.921756355232752,0.305381313965003,True,False
TTRX,vcp,13.680000305175781,12.28499984741211,14.390000343322754,,,,,,True,,,,2.0,23%->10%,22.90734904493019,10.197371539793593,0.4810966810966811,5.0,5.190058642603587,14.628217134736946,False,,False,41.797659755196754,,,,,,-399.9999999999997,,,,,,,,,,,,False,False
TWIN,vcp,24.209999084472656,22.15999984741211,26.200000762939453,,,,,,True,,,,2.0,11%->8%,11.309524980892455,8.467572550943778,0.5837473167739957,27.0,8.219751151263388,15.419850373600083,False,20.000000000000128,False,33.464292584768515,20.000000000000128,,2114.285714285714,,-47.8260869565217,-85.16129032258064,,-140.0,18.33095430190943,19.01971886462668,0.2880306046418424,9.738398013635674,18.311374025275605,7.223331115546694,12.730636531826601,-17.255218353710255,0.2880306046418424,True,False
VIR,vcp,11.720000267028809,10.329999923706055,11.180000305175781,,,,,,False,,,,2.0,14%->12%,14.32160886300532,11.860070918540512,0.796176101999673,19.0,-4.6075081019595,7.602865458565497,False,,False,33.79761059430555,,,,,,,,,417.77921448197833,-89.91596638655463,-60.520325203252035,-94.62182489002412,26595.833333333332,-80.23064250411862,-59.96042216358839,-75.49700985938259,-94.62182489002412,True,False
VMD,vcp,9.390000343322754,8.595000267028809,9.100000381469727,,,,,,False,,,,2.0,31%->8%,31.093117684024772,8.466454177067963,0.5744544828507704,45.0,-3.088391387112641,5.549451574411432,False,-12.49999999999999,True,33.79759359407407,-12.49999999999999,0.0,39.99999999999997,-10.000000000000009,16.666666666666675,-57.14285714285715,55.55555555555558,12.5,23.85340015224562,27.541477109371026,25.51445753356949,23.981104751396455,3.5576948577187295,-1.0068127223323398,5.933476096448542,14.047830499873125,23.85340015224562,True,False
VPG,vcp,73.30000305175781,68.08999633789062,72.73999786376953,,,,,,False,,,,4.0,21%->14%->11%->7%,20.840953927344813,7.107785125449931,0.4589630234737272,31.0,-0.7639906748610316,6.392633574979781,False,-750.0,False,32.46425566773148,-750.0,,-333.33333333333337,,,,-123.72881355932202,2849.9999999999995,11.674937800188934,17.57990549337198,10.8997563761992,5.28345240138921,-0.4943511196993544,4.692697214913366,1.0585992374071873,6.0762895650669835,5.28345240138921,True,False
VSH,vcp,33.54999923706055,31.100000381469727,32.54999923706055,,,,,,False,,,,3.0,20%->11%->7%,19.928928337592886,7.302530287048301,0.6700593291858034,31.0,-2.9806259992261452,4.454681688409661,False,1800.0,False,33.464275697025464,1800.0,,,,280.0,400.0000000000003,,-700.0,16.5726467694326,17.337773825702296,12.061574107757478,7.518429924131675,5.878280638957545,4.78448588002327,1.3004654457148712,3.7244998360117965,7.518429924131675,True,False
VSXY,vcp,78.48999786376953,71.72000122070312,88.45999908447266,,,,,,True,,,,2.0,22%->9%,22.3109708218574,8.625298544174623,0.8288882742634374,24.0,12.702256965285525,18.923805151505928,False,-8.298755186721984,False,62.46424349873843,990.0,,-8.298755186721984,,289.2857142857143,-74.6606334841629,,-330.0,10.418094585332426,15.299334811529942,7.68865685809208,9.279881217520414,3.26923076923078,-31.247245482591445,54.144021739130444,0.8910212474297463,7.68865685809208,True,False
WASH,vcp,40.540000915527344,37.540000915527344,37.9900016784668,,,,,,False,,,,2.0,18%->7%,18.23899478404295,7.400098500863529,0.34499551454568755,114.0,-6.290081843791633,1.1845241986249218,False,-12.49999999999999,False,17.797565353622684,22.058823529411754,4.761904761904767,,-12.49999999999999,25.757575757575736,-21.42857142857141,49.99999999999996,-17.647058823529406,-2.7379857186664913,-10.928033176553885,-2.311856490818387,-6.363445441180882,0.8482756271221081,-4.314803546592493,-1.706717932286661,2.543041135497437,-10.928033176553885,True,False
WAT,vcp,426.2200012207031,392.95001220703125,439.3900146484375,,,,,,True,,,,2.0,10%->8%,9.989048460581818,7.805825376187396,0.780756697115878,60.0,3.089956686691187,10.569198409882754,False,-156.27530364372467,True,32.46422977627315,-156.27530364372467,-142.85714285714286,-3.0927835051546615,-7.749077490774903,,-123.13829787234043,50.4,1.2145748987854255,113.35927367055771,91.38972809667673,6.839010259947709,8.04830441507216,29.834254143646397,35.88603162380053,16.56633999552437,3.7466926070038875,6.839010259947709,True,False
WLY,vcp,50.0,45.9900016784668,48.900001525878906,,,,,,False,,,,2.0,15%->8%,15.143227228237974,8.019996643066406,0.4364748026207485,20.0,-2.1999969482421875,5.9509197476651945,False,-204.54545454545453,False,62.46422911263889,-204.54545454545453,103.2,,13.513513513513509,-109.05511811023622,353.57142857142856,-33.33333333333333,281.8181818181818,-2.6307963709677473,1.2115351157646392,1.3370371651846291,-1.1355032290580103,-13.747346190681364,9.244310255684862,-2.7777053284995135,6.288054435483881,-2.6307963709677473,True,False
WST,vcp,360.2900085449219,331.989990234375,370.760009765625,,,,,,True,,,,2.0,16%->8%,15.733165792242696,7.85478854238567,0.28477729826561354,48.0,2.9059926649055825,10.456904334358597,False,2.2471910112359605,True,20.464229503993057,18.13186813186811,56.09756097560976,2.2471910112359605,3.7837837837837673,11.979166666666675,5.494505494505475,-5.208333333333314,5.494505494505497,13.803000652315722,21.0458452722063,7.505341880341887,7.725264426295353,3.2429873357793904,4.956521739130437,0.0497141436738735,4.9706457925636105,7.505341880341887,True,False
WTS,vcp,392.89207047582164,345.6000061035156,354.17999267578125,,,,,,False,,,,2.0,15%->12%,15.314034693028706,12.036909860520167,0.7137475416193457,64.0,-9.853107433081348,2.422493294283792,False,17.27574750830565,True,26.797562405185186,17.27574750830565,34.389140271493225,23.762376237623783,18.93203883495147,18.855218855218837,18.80000000000002,2.0408163265306145,-18.604651162790688,18.564548702811877,21.37992831541218,15.673575129533667,12.527593818984538,12.682710763324966,8.35066389377699,2.190616315187177,-4.971259903681835,12.527593818984538,True,False
